tree
version=v4
num_class=1
num_tree_per_iteration=1
label_index=0
max_feature_idx=9
objective=quantile
feature_names=hour_cos doy_sin doy_cos wind_ms pressure_hpa local_hour_sin local_hour_cos diurnal_amplitude_12h temp_range_24h hi_residual_lag1h
feature_infos=[-2.531313193793939:2.1596403658067511] [-2.361069160470568:2.3824002082003783] [-2.3467050539219212:2.0694603098663045] [-0.69875029804029387:9.7699999999999996] [996.47198965505663:1017.7] [-2.5703814420202837:1.9127288010063896] [-2.5008639209446692:1] [0.14000000000000057:12.243157448966956] [0.76999999999999957:11.89818503586104] [-13.067418171516817:8.5447572545482622]
tree_sizes=2976 2257 3203 3022 2575 2808 2885 2706 2895 3030 2379 2604 3010 2713 2795 3135 2809 2933 2925 3003 3034 2698 2937 3269 2700 3358 2403 3351 3264 3252 2829 3036 2825 2612 2376 2816 2802 2811 3056 3370 2508 2622 2397 2827 2839 2712 2816 2624 1756 2501 3146 2304 1766 1234 2819 2178 2196 1952 1663 2506 3160 2585 1749 2742 1754 1128 1330 2931 1534 1962 906 1237 2358 1214 2606 3249 1998 1978 1106 1654 1234 2935 1343 1212 1862 1863 1982 1125 1752 1969 2169 1550 1541 1974 1114 1117 903 901 1218 1227 1340 807 1008 1225 1744 908 2930 2168 1230 1769 809 908 804 906 799 3054 1761 1972 2714 2691 2292 1983 1542 1228 1546 1647 795 791 795 2829 1004 2623 902 1232 907 909 903 2925 1221 1734 2395 1531 1004 908 1542 796 1650 908 803 1759 1218 1752 2610 1867 1017 1665 1109 807 910 802 913 798 1422 1546 1125 1114 1112 1117 1007 1015 1226 916 1124 806 919 804 2408 1439 1120 2075 1553 914 897 796 1240 796 1224 803 805 894 1339 1648 1976 1654 2399 1984 1980 2496 2416 1751 1345 2291 2711 914 1224 1124 1220 1229 2952 909 1228 913 1666 1228 2829 1319 906 1843 1748 1340 910 1121 1334 1655 2081 1215 1426 907 2303 1441 915 2925 1869 2204 1240 1867 801 1982 1216 1122 2072 2207 1971 3379 1664 1651 1666 805 2637 1234 2383 1223 1119 905 918 900 1883 792 2842 1122 1647 799 3149 2408 804 904 1991 2820 905 1118 2721 1456 797 794 1646 1774 1646 911 916 1337 2410 2518 1443 796 917 1657 1124 1991 1662 1451 2277 2809 915 911 2290 1446 801 803 1551 1125 1653 1232 908 1331 1008 1765 912 1773 895 905 916 798 911 799 1229 798 800 1012 1230 1233 904 1230 1231 1116 1559 1444 1127 1341 1667 911 1227 2406 1234 1331 906 806 1225 1550 1016 1226 1439 1870 1230 1326 1454 1348 1450 1013 1330 1006 1117 1242 1655 803 1772 805 1659 914 811 1453 2946 909 913 1123 913 804 802 906 1852 803 795 1550 1236 1546 1020 1539 1543 1333 1432 1011 807 1233 1663 2746 1220 800 1233 1234 1667 1013 1432 1556 1229 1650 1446 1120 802 1121 803 1223 1122 1233 1230 2504 1340 1977 807 1242 1008 801 1959 1005 1132 1024 1009 1122 1013 1330 798 1118 1564 798 909 805 801 1126 1328 1237 1224 1014 1673 1237 1018 915 908 911 907 900 1217 1228 912 803 1020 909 909 1232 914 1026 1452 1648 1428 1882 1655 805 1564 1652 799 806 807 914 1443 1026 910 1231 1129

Tree=0
num_leaves=28
num_cat=0
split_feature=7 2 2 0 1 5 0 5 5 4 0 4 5 0 7 5 1 0 4 5 0 0 5 4 1 5 0
split_gain=1140.9 373.394 219.632 159.871 138.759 113.449 88.8095 77.8757 74.0617 57.6583 53.4839 40.9124 61.5064 39.67 45.2671 34.0998 24.1391 21.3227 15.9477 41.2219 42.068 14.5626 33.0769 10.2423 7.1795 6.70987 1.44787
threshold=4.7700000000000022 0.27851253630751921 0.073263060487541096 -0.70710678118654757 0.26465722158109045 0.49961646868648285 -1.0030109275060868 -0.49899866845762536 0.85598551460090733 1009.8946513766133 -0.70710678118654757 1006.7026438013824 0.63170666773819828 -0.86239343330004636 6.2200000000000015 1.0684996828053899 -0.71011294284286863 0.2557978824054537 1007.404126935617 0.49961646868648285 -0.4785541519496071 -0.5087000812765573 0.25769857076554387 1001.5002757846888 0.99166813670569354 -0.8662922847128679 0.70594853813046121
decision_type=2 2 2 2 2 2 2 2 2 2 2 2 2 2 2 2 2 2 2 2 2 2 2 2 2 2 2
left_child=2 3 4 6 11 16 -2 -8 10 13 -6 23 -13 25 -15 -10 -5 -7 24 20 -20 -11 -23 -1 -4 -3 -21
right_child=1 9 18 5 8 17 7 -9 15 21 -12 12 -14 14 -16 -17 -18 -19 19 26 -22 22 -24 -25 -26 -27 -28
leaf_value=30.708725698766518 31.02410520893206 30.546015928015237 30.447057798690413 31.005427685192377 30.711580323012107 31.079133606962351 30.651634484270502 31.059307266204588 30.482264105100814 30.541258220939255 30.962366170733059 30.942600349965147 30.357614902029585 30.706822615936126 31.002777331916672 30.955193840552123 31.058884772600287 30.53364607110565 30.456573031354409 30.304329853194357 30.887123788573913 30.880950702181799 30.19109896561752 30.525082379856851 30.714434765769731 30.67758677260418 30.21488695653353
leaf_weight=236.95702743530273 249.05396199226379 186.39975452423096 2357.8058641850948 810.37635183334351 289.94107535481453 70.344666123390198 770.43694111704826 142.0581306219101 297.56106129288673 355.68704223632812 1575.8175118267536 412.65026599168777 307.74175211787224 354.77711495757103 485.96844577789307 44.545998334884644 6020.885571628809 614.29595303535461 359.11898005008698 103.45446681976318 442.84974762797356 302.40597325563431 366.67785173654556 1032.727235853672 37.155585378408432 40.973279982805252 1098.9530684649944
leaf_count=690 74 493 6677 1129 712 21 2221 40 1016 588 1567 633 1083 770 517 11 3199 1416 1020 266 774 688 637 3629 80 67 1971
internal_value=30.8799 30.9005 30.8541 30.9092 30.8696 30.9143 30.8764 30.8626 30.8861 30.8645 30.8935 30.8514 30.8696 30.88 30.8895 30.8455 30.918 30.8774 30.8392 30.8456 30.8623 30.8484 30.8568 30.8412 30.8339 30.8448 30.8344
internal_weight=19367.6 10770.3 8597.28 8677.45 4197.94 7515.9 1161.55 912.495 2207.87 2092.89 1865.76 1990.08 720.392 1068.12 840.746 342.107 6831.26 684.641 4399.34 2004.38 801.969 1024.77 669.084 1269.68 2394.96 227.373 1202.41
internal_count=31989 11860 20129 8100 9341 5765 2335 2261 3306 3760 2279 6035 1716 1847 1287 1027 4328 1437 10788 4031 1794 1913 1325 4319 6757 560 2237
is_linear=0
shrinkage=1


Tree=1
num_leaves=20
num_cat=0
split_feature=6 2 5 2 8 8 6 5 4 4 4 5 5 9 6 4 6 2 5
split_gain=2026.55 442.774 176.034 107.314 93.9002 85.3461 63.1748 60.6436 46.1065 45.6263 28.5682 41.3709 20.9833 20.7988 18.9937 11.7368 7.35298 5.28216 2.99796
threshold=-0.25990157396951935 0.4464934733847305 0.70685347305239377 -1.0601077511134196 5.200000000000002 6.8118741607821738 -0.70710678118654757 -1.0184301878543502 1011.332492598527 999.20175613718004 1007.2988215150846 0.25881904510252091 0.25881904510252091 -0.11398565097123912 0.25690109035029329 1002.2050660130377 -0.97012145854046394 0.5456398434046178 0.49961646868648285
decision_type=2 2 2 2 2 2 2 2 2 2 2 2 2 2 2 2 2 2 2
left_child=1 2 4 -2 13 10 -4 -5 16 -9 17 -12 -6 -1 -11 -8 -7 -3 -10
right_child=3 5 6 7 12 8 15 9 18 14 11 -13 -14 -15 -16 -17 -18 -19 -20
leaf_value=0.0083384583429613936 0.13464436690695528 -0.087259785003144838 0.12520289390511333 0.14970179311824286 0.16567046025725449 0.13836377256718199 0.036908515413959682 0.078365976380429567 -0.053375589869394287 -0.35744522798555456 0.034557012213971443 -0.27164804187686614 0.10001573600040475 0.094306487509225628 -0.45852637056220696 -0.16408337595208228 0.086324003829619453 -0.2632909540792096 -0.30114528128405488
leaf_weight=801.32024458050728 127.82059526443481 80.357729345560074 139.52950346469879 85.182008743286133 6674.7372412085533 160.94245734810829 72.763980120420456 106.12151724100113 60.614259362220764 2174.3429253697395 358.77445632219315 282.05694627761841 1284.4888461232185 616.88634994626045 4698.3589053452015 568.25608593225479 290.55492961406708 703.71529629826546 80.796401649713516
leaf_count=1572 37 239 43 23 3230 77 68 132 191 5181 645 730 1077 526 14157 1574 459 1822 206
internal_value=-6.42809e-05 0.0235897 0.0316767 -0.0401092 0.0352906 -0.0171094 -0.01171 -0.0416757 0.0131912 -0.0426521 -0.029727 -0.014748 0.0393105 0.0127053 -0.0436091 -0.0243601 0.0280453 -0.0419069 -0.0339622
internal_weight=19367.6 12175.8 10158 7191.83 9377.43 2017.81 780.55 7064.01 592.908 6978.82 1424.9 640.831 7959.23 1418.21 6872.7 641.02 451.497 784.073 141.411
internal_count=31989 12459 8090 19530 6405 4369 1685 19493 933 19470 3436 1375 4307 2098 19338 1642 536 2061 397
is_linear=0
shrinkage=0.095152


Tree=2
num_leaves=29
num_cat=0
split_feature=7 2 2 0 5 5 0 0 5 5 0 5 7 5 9 9 2 9 2 5 7 5 0 9 2 8 7 7
split_gain=1021.92 381.283 194.593 132.765 108.611 97.955 82.6958 69.7561 58.985 52.8379 51.5953 89.0499 33.2924 31.163 28.7753 26.7523 16.056 20.7623 14.7538 13.9577 9.45856 7.65955 2.36522 2.16551 1.76721 2.36986 1.13806 0.21869
threshold=4.5900000000000025 0.27851253630751921 0.073263060487541096 -0.70710678118654757 0.49961646868648285 0.85598551460090733 -0.5 -1.0342182019546236 -0.49899866845762536 0.25769857076554387 -0.86239343330004636 0.25769857076554387 6.2200000000000015 1.0684996828053899 1.250842250293124 -0.017360157442679377 0.74179350200165228 -2.0696443052197551 -0.99981480381338828 -0.5 6.9300000000000024 0.70685347305239377 -0.97304659216442857 5.6684857776554667 0.99962961997441069 4.080000000000001 7.0424135073779324 4.3600000000000021
decision_type=2 2 2 2 2 2 2 2 2 2 2 2 2 2 2 2 2 2 2 2 2 2 2 2 2 2 2 2
left_child=2 3 5 7 15 6 18 -2 -9 -8 22 12 -12 23 -6 -5 17 19 -1 -4 -13 -19 26 -7 27 -26 -3 -18
right_child=1 10 16 4 14 13 9 8 -10 -11 11 20 -14 -15 -16 -17 24 21 -20 -21 -22 -23 -24 -25 25 -27 -28 -29
leaf_value=0.089600674477618797 0.10990443149341912 -0.26366269250912749 -0.26824548097476553 0.11660354855061258 -0.3953677915063214 -0.40131638442776929 0.084476520757770512 -0.17044390508448298 0.14354537234467163 -0.030774214958806032 -0.086924266159289554 -0.56789504214036801 0.082719351461951876 0.055982181008454271 0.098609621333418676 0.15103925022069109 -0.42614103793895319 -0.2672372513604902 -0.24326130272292701 0.030618423797231821 -0.45427931044068853 -0.45288648964212819 -0.26914399839423858 -0.050351835737781847 -0.34441330914127399 -0.25231259164808478 -0.24194584152024565 -0.58409328310221964
leaf_weight=47.553421348333359 243.75418162345886 76.200209587812424 79.834883779287338 1851.287423312664 404.72856551408768 718.43248212337494 1052.3788837492466 819.53899404406548 143.94606709480286 1157.2964045405388 532.08442223072052 516.69577279686928 592.10749197006226 49.927512407302856 351.07350543141365 5232.9192182719707 2250.7153806388378 740.77198567986488 791.04580172896385 196.90442249178886 84.558480143547058 673.31500801444054 396.82548528909683 37.950247049331665 42.547259479761124 39.905941635370255 74.396613568067551 168.92461401224136
leaf_count=44 71 133 270 1848 1136 2698 1234 2339 41 2401 1167 1020 798 14 483 2752 5110 2326 2365 314 107 1894 806 77 153 77 87 224
internal_value=-0.000588556 0.0178386 -0.0265096 0.0265913 0.0311138 -0.0110673 -0.0032548 -0.00277036 -0.0142926 0.00639741 -0.0169911 -0.0088912 0.00691165 -0.040532 -0.00315339 0.0347714 -0.0406946 -0.0334388 -0.0286725 -0.00948671 -0.0384089 -0.0381037 -0.0424134 -0.0453484 -0.0455721 -0.0303674 -0.0313913 -0.0460677
internal_weight=19367.6 11320.1 8047.5 9047.25 7840.01 3854.58 3048.27 1207.24 963.485 2209.68 2272.87 1725.45 1124.19 806.31 755.802 7084.21 4192.92 1690.83 838.599 276.739 601.254 1414.09 547.422 756.383 2502.09 82.4532 150.597 2419.64
internal_count=31989 12788 19201 8670 6219 8833 6044 2451 2380 3635 4118 3092 1965 2789 1619 4600 10368 4804 2409 584 1127 4220 1026 2775 5564 230 220 5334
is_linear=0
shrinkage=0.095152


Tree=3
num_leaves=27
num_cat=0
split_feature=7 2 2 5 0 0 5 0 0 5 5 5 5 0 5 0 0 2 5 0 9 9 9 0 2 0
split_gain=974.878 275.612 274.959 124.148 104.337 87.2073 71.17 61.4078 59.0331 56.0454 53.3742 40.4303 36.5712 30.9076 27.471 26.3429 23.9753 20.5741 23.9193 37.8748 8.57609 2.98466 2.86368 2.60763 0.912957 0.378417
threshold=5.080000000000001 0.1430905115099233 0.3090169943749474 0.85598551460090733 -0.70710678118654757 -0.70710678118654757 0.70685347305239377 -0.86239343330004636 -1.0030109275060868 0.25769857076554387 -0.49899866845762536 0.25769857076554387 1.0004273050037098 -0.23040837285147078 0.25172154743438346 -1.0342182019546236 0.4990415606769007 0.74179350200165228 0.70685347305239377 -0.49997890172714615 0.9660893178308162 4.7840193821654884 -5.0183634104341506 -0.97304659216442857 0.99962961997441069 0.70594853813046121
decision_type=2 2 2 2 2 2 2 2 2 2 2 2 2 2 2 2 2 2 2 2 2 2 2 2 2 2
left_child=1 3 4 5 8 15 14 23 -2 13 -10 -7 21 -9 -6 -1 -8 18 19 -3 -11 -5 -19 -4 -24 -20
right_child=2 17 7 12 6 11 16 9 10 20 -12 -13 -14 -15 -16 -17 -18 22 25 -21 -22 -23 24 -25 -26 -27
leaf_value=0.086506781746113925 0.11683709183550592 -0.27331207942054903 -0.22603771467643965 -0.37132311984318278 0.13931446710885506 0.073157650863815399 0.15085606944898142 -0.030621834037981036 -0.14964201503951971 -0.50760505193384331 0.14960916495819246 -0.018404359341245756 0.016108333094862991 0.097204946846762785 0.076293276806999683 -0.22582357908857964 -0.40912991726778619 -0.19388416205305326 -0.40778753146379754 -0.046339712475801265 0.021688995200386727 -0.068210977485746727 -0.40362565695153141 -0.24117881192539281 -0.29436533908277768 -0.42681799679179239
leaf_weight=47.752273440361023 232.45329487323761 464.59305211901665 142.86056026816368 775.09467980265617 5828.1067205071449 1815.4207192957401 44.946363568305969 543.57346102595329 706.65086191892624 339.95818424224854 140.08759999275208 1436.1929901540279 57.804134130477905 378.99019744992256 938.75555518269539 718.25535434484482 221.19844162464142 50.147607922554016 71.949222922325134 627.61417579650879 58.666117966175079 72.16498589515686 2601.5482001900673 347.15644770860672 81.628911852836609 624.05056536197662
leaf_count=11 70 1594 198 2884 3285 2301 12 1116 2048 655 39 2880 16 437 1177 2275 677 124 217 1494 115 181 5612 662 237 1672
internal_value=-0.000785309 -0.022667 0.0200388 -0.00708203 0.0275225 9.11629e-05 0.0317489 -0.0134689 -1.39686e-05 -0.00277478 -0.0116959 0.00690079 -0.0388909 0.010099 0.033648 -0.0287595 -0.0164143 -0.0396248 -0.0316117 -0.0227558 -0.0325349 -0.0438975 -0.0448443 -0.0421895 -0.0452744 -0.0454195
internal_weight=19367.6 9444.22 9923.4 4922.69 8112.2 4017.62 7033.01 1811.2 1079.19 1321.19 846.738 3251.61 905.064 922.564 6766.86 766.008 266.145 4521.53 1788.21 1092.21 398.624 847.26 2733.32 490.017 2683.18 696
internal_count=31989 21498 10491 10548 7308 7467 5151 3183 2157 2323 2087 5181 3081 1553 4462 2286 689 10950 4977 3088 770 3065 5973 860 5849 1889
is_linear=0
shrinkage=0.095152


Tree=4
num_leaves=23
num_cat=0
split_feature=6 7 1 1 6 6 6 7 5 5 1 3 9 7 5 5 9 9 6 3 1 9
split_gain=1807.24 415.488 92.1711 83.5763 54.0503 127.133 48.1201 40.649 34.7807 30.0711 23.0216 22.133 16.4585 14.8644 13.7339 12.8456 12.1039 11.6153 11.3698 10.8154 5.89106 4.18973
threshold=-0.25990157396951935 4.46 0.60198183946171657 1.0003384133968634 -0.00058450420491038837 -0.25846488450670752 -1.0122207178162168 5.6800000000000024 0.70685347305239377 0.49961646868648285 0.58834825398873847 3.4103956478355557 0.46207901661819056 7.7400243980812595 0.96516422923311385 -0.70453509935217817 -0.036056100305520637 1.250842250293124 -0.97012145854046394 2.6901962835631612 -0.6453421371357726 3.4378585949867717
decision_type=2 2 2 2 2 2 2 2 2 2 2 2 2 2 2 2 2 2 2 2 2 2
left_child=1 2 6 4 5 14 -1 10 11 -8 18 -4 -12 21 -2 16 -9 -15 -3 -10 -17 -6
right_child=3 7 8 -5 13 -7 9 15 19 -11 12 -13 -14 17 -16 20 -18 -19 -20 -21 -22 -23
leaf_value=0.1510892892362494 -0.15352681004691074 0.095393185710711023 0.096814916719406119 0.11243724573331181 -0.3714704030096202 0.17221930873930544 -0.047985872264958172 0.068464455907600447 0.00052259601275722579 -0.15902993226732923 0.049107167847924682 -0.002048282679466469 0.11420693852563737 -0.24221308254421087 -0.40365163946506544 0.099472277925523059 0.10865062179695445 -0.036445335625009206 0.025727789042006913 -0.12846413010296967 0.13697362292207194 -0.23992325781996268
leaf_weight=100.61477965116501 494.57943883538246 414.54651319980621 696.09851923584938 107.36807036399841 5337.5258363485336 215.6496856212616 1228.8489412665367 372.61926129460335 225.92095357179642 958.88990992307663 363.97714725136757 237.17332169413567 746.91494080424309 185.13040348887444 509.48386958241463 529.71649873256683 1424.7122169435024 138.22072497010231 864.97571924328804 127.38586130738258 3883.4001434743404 203.86792275309563
leaf_count=28 1291 301 374 30 15459 65 2659 428 356 2617 458 416 294 443 1302 431 872 288 1271 317 1637 652
internal_value=-0.00117791 0.0211596 -0.0060997 -0.038994 -0.0402596 -0.0219772 -0.0175547 0.0324905 0.0142616 -0.0205259 0.0219114 0.0238824 0.0319377 -0.0440538 -0.0362199 0.0365547 0.0296874 -0.0239807 0.0131719 -0.0111102 0.0393387 -0.0452167
internal_weight=19367.6 12175.8 3574.93 7191.83 7084.46 1219.71 2288.35 8600.86 1286.58 2187.74 2390.41 933.272 1110.89 5864.74 1004.06 6210.45 1797.33 323.351 1279.52 353.307 4413.12 5541.39
internal_count=31989 12459 6767 19530 19500 2658 5304 5692 1463 5276 2324 790 752 16842 2593 3368 1300 731 1572 673 2068 16111
is_linear=0
shrinkage=0.095152


Tree=5
num_leaves=25
num_cat=0
split_feature=2 7 1 7 0 0 0 1 1 0 0 0 1 4 4 2 7 0 2 4 1 1 4 4
split_gain=871.901 400.113 127.775 96.9421 76.5419 73.9366 51.1513 39.1975 37.5572 36.9219 35.8638 29.4547 28.4925 27.8226 27.7169 21.341 20.9232 19.7297 17.875 16.967 9.01132 7.65157 7.13148 2.65733
threshold=0.26601248138546307 4.9600000000000035 -0.22115533777225982 5.9418623021861086 -0.70710678118654757 -0.86239343330004636 -1.0030109275060868 -0.66134742624507004 -0.96460524310950169 0.864707149699531 -0.70710678118654757 1.0031448503598595 0.96144464637270111 1006.7026438013824 1009.8946513766133 -0.99981480381338828 6.5699999999999994 0.70594853813046121 0.74179350200165228 1004.1230505342079 -0.54431890495325541 -0.63209755774300591 1008.0997025591265 1001.5002757846888
decision_type=2 2 2 2 2 2 2 2 2 2 2 2 2 2 2 2 2 2 2 2 2 2 2 2
left_child=1 2 13 8 6 22 -3 19 -2 10 -4 -11 18 23 21 -8 -9 -15 -10 -6 -16 -7 -5 -1
right_child=3 4 9 5 7 14 15 16 12 11 -12 -13 -14 17 20 -17 -18 -19 -20 -21 -22 -23 -24 -25
leaf_value=-0.17381527728230961 0.14987911293238232 0.089808782531838105 -0.10304866498838719 -0.13148120463861909 -0.11772007327597699 -0.045016604436012408 0.1876550914385775 0.083025832067718824 -0.22584164011823213 -0.15034714948002514 0.059195561516206217 0.093127710860949453 0.096247831338763593 0.012567792383643668 -0.01183833775621943 -0.092352226048377797 0.12760843686688905 -0.31447513336385963 -0.32525633133632276 0.063807599539130788 -0.28289176301904445 0.090532940529102698 -0.18381233148861506 -0.21108469851922484
leaf_weight=177.00419417023659 47.502877354621887 238.68765163421631 461.61879530549049 72.448307067155838 63.291987359523773 88.429884731769562 72.573677510023117 2752.7364471256733 1756.9497903883457 682.79696202278137 2053.885658711195 64.689533591270447 43.094019412994385 309.14597997069359 57.191975384950638 775.29215025901794 3534.1394770443439 321.86758804321289 2977.9394146203995 812.15384721755981 277.52663153409958 468.39751464128494 353.59206888079643 883.50323036313057
leaf_count=567 16 71 1240 165 199 153 34 2082 4890 1852 2550 20 16 590 71 2070 1793 1025 6538 1167 591 478 506 3163
internal_value=-0.00126918 0.0125085 -0.00886102 -0.0308801 0.0253446 -0.00798273 0.00179679 0.0289141 -0.0371256 0.00213934 0.00766066 -0.0164047 -0.0379674 -0.0300733 0.00759291 -0.00915582 0.0315418 -0.0141787 -0.0386723 0.0100099 -0.0139883 0.0205911 -0.0405276 -0.0394887
internal_weight=19346.5 13203.4 4954.51 6143.07 8248.88 1317.59 1086.55 7162.32 4825.49 3262.99 2515.5 747.486 4777.98 1691.52 891.546 847.866 6286.88 631.014 4734.89 875.446 334.719 556.827 426.04 1060.51
internal_count=31847 18423 11007 13424 7416 1964 2175 5241 11460 5662 3790 1872 11444 5345 1293 2104 3875 1615 11428 1366 662 631 671 3730
is_linear=0
shrinkage=0.095152


Tree=6
num_leaves=26
num_cat=0
split_feature=6 7 6 5 5 1 8 6 9 8 5 6 5 6 1 1 6 1 5 9 6 1 9 9 8
split_gain=1729.26 326.208 81.4049 100.394 121.129 73.527 47.9464 41.3493 33.4957 31.9527 28.4901 24.2595 16.5772 14.9485 15.121 9.91289 7.37723 3.69663 3.05983 6.80666 1.96471 1.3445 1.31658 1.10063 0.268097
threshold=-0.25990157396951935 4.4400000000000004 0.25690109035029329 0.96516422923311385 -0.94952335133380361 0.60198183946171657 6.0547036924438968 -0.87107047384582625 1.2767915924971869 4.3449999999999998 -1.0013879852237297 -0.5 0.49961646868648285 -0.97012145854046394 -0.63209755774300591 1.0003384133968634 -0.50248067388556295 0.83185008752150391 -0.50057056995518712 3.5197272437580271 -1.1796330669773798 0.5753852131181455 4.2414197678489964 2.786083430642361 3.8400000000000021
decision_type=2 2 2 2 2 2 2 2 2 2 2 2 2 2 2 2 2 2 2 2 2 2 2 2 2
left_child=1 5 3 4 10 7 8 9 16 -1 -2 15 -9 20 -15 -7 -3 -10 19 21 -8 -4 -13 -5 -25
right_child=2 6 18 23 -6 11 13 12 17 -11 -12 22 -14 14 -16 -17 -18 -19 -20 -21 -22 -23 -24 24 -26
leaf_value=-0.062872445117955769 0.095875071006462739 0.025617011417733045 -0.20091837828752798 -0.3865640634837002 0.14277976533053086 0.054152155152299312 0.12569705840405382 -0.048469400832356881 0.072480388746186827 0.052321285342788904 -0.14107478511822333 -0.17791101817731197 -0.12367035750353174 0.068059193981396426 0.098491041376673985 0.11234847087683592 -0.052967564298564335 0.14481388941774023 -0.35797863457990636 0.015129469909747817 0.11581571827070425 -0.16392346367977176 -0.0076612933310993567 -0.17897497148970162 -0.17746045698932589
leaf_weight=344.94573876261711 75.770781874656677 846.38503515720367 870.84235626459122 945.55143484473228 310.16642928123474 997.4146403670311 851.2670419216156 488.13139894604683 256.66165620088577 474.8624372780323 962.96647745370865 104.27031981945038 929.51603662967682 686.12592306733131 4239.7178599834442 137.24572515487671 174.03614196181297 309.68961110711098 3391.102090805769 34.40603432059288 1333.0289933085442 426.2198129594326 54.704980939626694 35.284943222999573 66.145762711763382
leaf_count=849 21 1161 2784 2239 89 1083 210 1085 203 693 2573 232 2630 781 2479 40 295 71 10224 86 583 1017 96 111 212
internal_value=-0.00103127 0.0206726 -0.0383126 -0.0239937 -0.00680893 -0.00371359 0.0305743 -0.0141538 0.0155849 0.00284073 -0.0223999 0.0143298 -0.0239839 0.0339141 0.0309747 0.0192138 0.00525536 0.0341169 -0.0455653 -0.0414192 0.0405136 -0.0425262 -0.0203171 -0.0460846 -0.0349263
internal_weight=19346.5 12228 7118.46 2395.89 1348.9 3531.09 8696.91 2237.46 1586.77 819.808 1038.74 1293.64 1417.65 7110.14 4925.84 1134.66 1020.42 566.351 4722.57 1331.47 2184.3 1297.06 158.975 1046.98 101.431
internal_count=31847 12491 19356 5245 2683 6708 5783 5257 1730 1542 2594 1451 3715 4053 3260 1123 1456 274 14111 3887 793 3801 328 2562 323
is_linear=0
shrinkage=0.095152


Tree=7
num_leaves=24
num_cat=0
split_feature=2 7 1 1 5 1 5 8 5 5 9 1 9 5 1 2 1 8 5 9 1 5 5
split_gain=791.751 336.158 99.3948 81.5052 78.2165 69.8958 61.6751 52.6656 47.7645 44.8966 38.8856 30.6163 26.7209 23.6887 19.8434 19.608 13.0314 11.991 11.236 10.0978 0.709293 0.617466 0.0797962
threshold=0.3090169943749474 4.5300000000000002 0.28194525648649987 0.97962036741475156 0.70685347305239377 -0.66134742624507004 0.70685347305239377 5.9621134703127163 0.85598551460090733 -0.70710678118654735 -2.7012238978308907 -0.99995369919546395 -1.0000000180025095e-35 1.0684996828053899 -0.7216644950252844 -1.0601077511134196 1.0003384133968634 5.5600000000000014 0.7424560607094628 0.44403711428897991 -0.89873049811785466 0.85598551460090733 0.96516422923311385
decision_type=2 2 2 2 2 2 2 2 2 2 2 2 2 2 2 2 2 2 2 2 2 2 2
left_child=1 2 10 6 5 11 7 14 16 -9 17 -3 -7 -10 -2 -12 -4 -1 -6 -20 22 -22 -8
right_child=3 4 8 -5 18 12 20 9 13 -11 15 -13 -14 -15 -16 -17 -18 -19 19 -21 21 -23 -24
leaf_value=-0.055923784048301645 -0.09628101683568778 0.142166565734719 0.028788467935985603 0.10045103169649031 -0.31614530473532865 0.063195536172762579 -0.18933698054096432 -0.14683883155338137 -0.20440489277540647 0.0024388464157020706 0.076683960298053661 -0.018266231995508826 0.093281540659561069 0.031319402591318872 -0.17766079393236126 -0.18411157720499713 0.075740014780229181 0.075854540623228994 -0.30707927156038589 -0.0013195175573813304 -0.27061781151281489 -0.41239421559367606 -0.2049132043400346
leaf_weight=145.4079567193985 438.87992891669273 176.99135535955429 1577.5557079613209 128.45431077480316 109.99430042505264 1908.3513501882553 30.163726776838303 599.63651725649834 355.86879822611809 999.49894592165947 38.865772128105164 1103.3920777440071 5728.9027913510799 40.325805425643921 1831.1294258236885 1710.4602608084679 129.87742257118225 124.19018587470055 106.28643441200256 151.94470930099487 427.43733340501785 1453.4216090738773 29.422937899827957
leaf_count=408 1224 94 2273 40 379 2075 114 1061 1150 2039 15 2227 3629 11 4853 5828 40 132 347 266 1014 2538 90
internal_value=-0.00151485 0.0112943 -0.0113126 -0.0304368 0.0213325 0.0231082 -0.0320983 -0.0251324 0.00315671 -0.0118794 -0.0263872 0.00252024 0.0265571 -0.0265438 -0.0344504 -0.0315695 0.0100715 0.00718134 -0.0215656 -0.010544 -0.0459543 -0.0463329 -0.0330307
internal_weight=19346.5 13408.4 4122.55 5938.04 9285.86 8917.64 5809.59 3869.14 2103.63 1599.14 2018.92 1280.38 7637.25 396.195 2270.01 1749.33 1707.43 269.598 368.225 258.231 1940.45 1880.86 59.5867
internal_count=31847 18874 9857 12973 9017 8025 12933 9177 3474 3100 6383 2321 5704 1161 6077 5843 2313 540 992 613 3756 3552 204
is_linear=0
shrinkage=0.095152


Tree=8
num_leaves=26
num_cat=0
split_feature=6 2 8 6 2 5 0 8 5 6 6 4 0 0 4 5 6 2 0 5 2 0 8 6 4
split_gain=1628.07 225.34 98.1733 80.0809 99.6975 86.3196 48.5713 42.1281 39.476 29.83 29.3252 22.1665 21.8733 15.2627 15.1947 12.4192 11.9577 9.41996 6.39983 3.47802 6.06118 2.31347 4.14993 1.77546 1.45369
threshold=-0.25990157396951935 0.74179350200165228 5.8317682219001243 0.25690109035029329 0.1924878455382508 0.96516422923311385 0.4990415606769007 6.6500000000000012 -0.94952335133380361 -0.5 -0.87107047384582625 1007.3029165242169 0.864707149699531 0.864707149699531 1007.8012391742524 0.25881904510252091 -1.0329584178428288 -0.99981480381338828 -0.46107431279710082 -0.72003975811059051 -0.38604159279334443 0.96316368718897982 7.8037320861465895 -0.70782544737876185 1003.6323952135571
decision_type=2 2 2 2 2 2 2 2 2 2 2 2 2 2 2 2 2 2 2 2 2 2 2 2 2
left_child=1 2 10 4 5 8 11 14 -2 -8 16 -4 -12 18 23 -16 -1 -5 -9 20 -19 22 -6 -3 -7
right_child=3 7 6 17 21 24 9 13 -10 -11 12 -13 -14 -15 15 -17 -18 19 -20 -21 -22 -23 -24 -25 -26
leaf_value=0.1016439381372463 -0.0059349316735634759 -0.090909976749387195 0.072035761982610039 -0.037404091314202581 -0.14491786864332171 -0.13793090111913064 0.042572248172004619 -0.030955207481027959 0.12682804672508755 -0.25672854340917484 0.02090890343095304 0.10734981542239182 -0.067931250317130695 -0.36883359768437857 0.028588904403007272 -0.10798448250784362 0.045196349234359348 -0.11583038992945317 0.070732099507499813 -0.29948944917578962 -0.14938769419694065 -0.38099278183545615 -0.098013869854284216 -0.12992288014336134 -0.26638887196316213
leaf_weight=284.54167050123215 571.62241050601006 321.80177766084671 2252.8893631100655 50.205886334180832 425.93548694252968 134.70876249670982 1469.827592164278 62.103417754173279 270.38377416133881 170.36073145270348 1265.8364302814007 4029.9543766975403 362.68802088499069 60.46986249089241 154.81918397545815 169.47937631607056 1130.3536969125271 277.39707055687904 233.93050643801689 3738.6476566493511 656.31968080997467 665.63353049755096 80.962016999721527 258.94753396511078 246.63984778523445
leaf_count=67 1438 759 1143 86 1054 485 1498 163 79 467 2030 1854 1044 126 357 427 1523 948 400 11446 1631 1163 112 633 914
internal_value=-0.00174361 0.0193157 0.0236973 -0.0379176 -0.0237157 -0.00469035 0.0292773 -0.018747 0.0123109 0.0146649 0.00915982 0.033086 0.000443135 0.00890634 -0.0296509 -0.013018 0.0191736 -0.0451111 0.0178472 -0.0455518 -0.0400284 -0.0435266 -0.0382233 -0.0388653 -0.0421729
internal_weight=19346.5 12228 10966.5 7118.46 2395.89 1223.35 7923.03 1261.55 842.006 1640.19 3043.42 6282.84 1628.52 356.504 905.048 324.299 1414.9 4722.57 296.034 4672.36 933.717 1172.53 506.898 580.749 381.349
internal_count=31847 12491 9626 19356 5245 2916 4962 2865 1517 1965 4664 2997 3074 689 2176 784 1590 14111 563 14025 2579 2329 1166 1392 1399
is_linear=0
shrinkage=0.095152


Tree=9
num_leaves=27
num_cat=0
split_feature=6 7 6 2 5 2 2 5 7 1 3 6 6 3 5 5 2 7 1 5 5 2 5 5 1 5
split_gain=1541.99 215.93 77.9398 97.966 82.3008 67.693 49.7594 35.2956 33.8898 30.3726 27.7588 19.8559 17.9933 14.2084 14.0005 11.9181 9.24691 5.86157 5.53727 4.97676 4.57227 7.17621 4.54839 4.17414 1.6393 0.0620389
threshold=-0.25990157396951935 3.7145758842726342 0.25690109035029329 0.1924878455382508 0.96516422923311385 -0.13290646411738921 0.74982640120456845 -0.94952335133380361 5.8700000000000037 -0.44766222671863404 3.5750000000000006 -0.57014138982933338 -0.50248067388556295 2.5611309959359168 -0.70453509935217817 0.49961646868648285 -0.99981480381338828 6.4900000000000011 0.5753852131181455 0.25881904510252091 -0.72003975811059051 -0.38139462512108607 -0.62602635537794626 -0.9666783414850374 0.26465722158109045 -0.37581674575781987
decision_type=2 2 2 2 2 2 2 2 2 2 2 2 2 2 2 2 2 2 2 2 2 2 2 2 2 2
left_child=1 5 3 4 7 9 8 -2 12 19 18 13 -3 -7 -10 -11 -4 -5 -8 -1 21 -18 -12 -19 -6 -13
right_child=2 6 16 17 24 11 10 -9 14 15 22 25 -14 -15 -16 -17 20 23 -20 -21 -22 -23 -24 -25 -26 -27
leaf_value=0.0054500159416433595 -0.0053702112706118825 0.054395020900247913 -0.033845018576587338 -0.2576699656751214 -0.2220690351184092 0.00077159894755131526 0.047521869133176714 0.11476010903152103 0.060394358506989931 0.087601721268736527 -0.12698524464490482 -0.12033909387508546 -0.0014807950312899923 -0.067624422223795486 0.090243122241874488 0.01155911456773581 -0.10480890087569446 -0.12991823304016129 0.096520787179139506 -0.10110191083521422 -0.27099243999005185 -0.13517316174685903 -0.042242551312701909 -0.087578578539498714 -0.17610940507771106 -0.16605322472917336
leaf_weight=59.610945284366608 571.62241050601006 3266.7096430361271 50.205886334180832 972.88947227597237 228.41908726096153 265.03979188203812 199.77982488274574 270.38377416133881 1611.7592408359051 507.51209637522697 109.47839906811714 62.782714039087296 330.77949625253677 640.07749885320663 4024.2148225605488 474.59288769960403 280.74707072973251 86.679641395807266 80.882594227790833 168.98047384619713 3738.6476566493511 652.9696806371212 184.64933678507805 112.96192076802254 152.92952302098274 241.15377497673035
leaf_count=128 1438 2943 86 2006 876 648 366 79 1031 391 284 182 535 1656 1620 896 961 154 54 608 11446 1618 503 169 523 646
internal_value=-0.00243163 0.0180634 -0.0376363 -0.023625 -0.0047653 -0.00738627 0.0243434 0.0118354 0.0260343 0.00850635 -0.00279404 -0.0233028 0.0187968 -0.0161716 0.0306462 0.0157851 -0.0447331 -0.0432632 0.0185415 -0.0226191 -0.0451697 -0.0389281 -0.0231877 -0.0279105 -0.0413648 -0.0443318
internal_weight=19346.5 12228 7118.46 2395.89 1223.35 2419.75 9808.25 842.006 9233.46 1210.7 574.79 1209.05 3597.49 905.117 5635.97 982.105 4722.57 1172.53 280.662 228.591 4672.36 933.717 294.128 199.642 381.349 303.936
internal_count=31847 12491 19356 5245 2916 5155 7336 1517 6129 2023 1207 3132 3478 2304 2651 1287 14111 2329 420 736 14025 2579 787 323 1399 828
is_linear=0
shrinkage=0.095152


Tree=10
num_leaves=21
num_cat=0
split_feature=6 2 0 2 6 5 2 6 6 2 5 9 3 5 5 6 6 6 6 9
split_gain=1450.52 188.869 74.3964 71.7851 50.7333 48.4369 47.4901 29.3647 28.9829 27.4842 20.6666 16.8251 14.6386 18.0902 11.8654 42.0027 10.2664 5.73944 2.66167 1.16756
threshold=-0.25990157396951935 0.74982640120456845 0.4990415606769007 -0.99981480381338828 1.0000000180025095e-35 0.22191403059368323 0.1924878455382508 -0.5 -0.72905947264096316 1.003250149981874 0.63170666773819828 -0.075516190449709683 2.3402782917751739 0.25881904510252091 -0.26249920084584166 0.25690109035029329 -1.0491380783292703 -0.70782544737876185 -0.24925234334969376 2.5288825257804342
decision_type=2 2 2 2 2 2 2 2 2 2 2 2 2 2 2 2 2 2 2 2
left_child=1 2 8 -2 6 -4 10 -7 16 12 -5 -10 13 -3 15 -6 -1 -14 -8 -16
right_child=3 9 5 4 14 7 18 -9 11 -11 -12 -13 17 -15 19 -17 -18 -19 -20 -21
leaf_value=0.096872457203704521 0.10401586132525489 0.077291158310409905 0.082057616461847976 0.0046450981420578519 0.10994577936723654 0.01193802696692539 -0.16276905884851342 -0.11526769032821231 0.021094934245983892 0.14402411851889607 -0.13228695698843279 0.062800364758730215 -0.060106500647682352 -0.21356492231400248 -0.28137283453716172 -0.13414313997118987 0.075327246433515571 -0.093979117808765375 -0.10994410821702338 -0.16695699122550445
leaf_weight=1194.2598093152046 184.65800723433495 117.08447808027267 376.25530201196671 614.47083353996277 64.868452906608582 1931.2874128818512 547.56481969356537 332.6232136785984 809.67411243915558 55.128226637840271 192.3573440015316 1715.9252442121506 549.84966993331909 96.693270623683929 3303.8427452147007 1657.6914775073528 4586.4127119481564 410.66432029008865 277.36015903949738 331.55712479352951
leaf_count=302 152 130 95 1443 16 3001 1183 980 1142 17 686 1018 1394 252 9077 5096 3073 1028 598 1155
internal_value=-0.00329022 0.0167063 0.0206785 -0.0372255 -0.0387736 0.00675374 -0.0240336 0.00148475 0.0251011 -0.0186347 -0.00757954 0.0165707 -0.0217394 0.000720067 -0.043253 -0.0366288 0.0288212 -0.0267454 -0.0400726 -0.0463735
internal_weight=19350.2 12175.9 10946.4 7174.37 6989.71 2640.17 1631.75 2263.91 8306.27 1229.42 806.828 2525.6 1174.29 213.778 5357.96 1722.56 5780.67 960.514 824.925 3635.4
internal_count=31838 12432 9611 19406 19254 4076 3910 3981 5535 2821 2129 2160 2804 382 15344 5112 3375 2422 1781 10232
is_linear=0
shrinkage=0.095152


Tree=11
num_leaves=23
num_cat=0
split_feature=6 5 4 9 6 6 6 1 1 4 9 5 4 4 5 4 5 1 1 1 4 1
split_gain=1361.22 97.7121 103.666 83.422 76.4589 68.2038 93.5634 47.9956 37.2703 29.1976 26.8437 20.9398 23.0391 20.0969 15.7131 12.6068 12.3251 10.3746 10.0975 6.70582 5.75745 1.45854
threshold=-0.25990157396951935 0.25881904510252091 1005.8008285559062 1.2283956407804182 -0.97012145854046394 -0.00058450420491038837 -0.25846488450670752 0.48641731991927689 1.0003384133968634 1001.8005079983276 -1.1500781138827951 -0.26249920084584166 1001.5002757846888 1003.3035312562519 -0.70453509935217817 1007.00295032772 -0.8662922847128679 0.68719664214447729 0.5599895493230127 -0.6453421371357726 1008.4998427700576 -0.99906486341235834
decision_type=2 2 2 2 2 2 2 2 2 2 2 2 2 2 2 2 2 2 2 2 2 2
left_child=1 2 3 10 -3 6 9 15 11 18 -1 12 -7 -9 16 -6 -4 -5 -2 -16 -11 -13
right_child=5 4 14 17 7 8 -8 13 -10 20 -12 21 -14 -15 19 -17 -18 -19 -20 -21 -22 -23
leaf_value=-0.05927597579017533 -0.053571245118914208 0.10089613117447453 0.099445407995671309 0.028552499386505288 -0.067376156931202719 0.0042031079324290213 0.10318295473774737 0.065932720004911335 0.10423229418484602 -0.074881707718676915 0.010044477483204825 -0.19984595206294303 -0.11793067882134774 0.00068911839126833052 0.070177467517851935 -0.035409859940320788 0.040242518743429635 0.080826618737709313 0.092890069010082107 0.078018895764773916 -0.25250338894751079 -0.24472642813365317
leaf_weight=724.40502500534058 68.649314969778061 413.3066623210907 383.27482563257217 281.49922516942024 567.02912974357605 150.62927401065826 263.5445282459259 422.26049479842186 54.434771656990051 437.86034342646599 1201.9002529084682 46.11953741312027 2057.6174789369106 882.30484858155251 803.82167455554008 875.38184428215027 1196.2897733747959 790.38959932327271 82.902198702096939 3633.9944163560867 400.31506532430649 3612.2984512448311
leaf_count=1437 230 102 102 247 1715 360 78 245 17 1460 1636 150 6084 1383 600 1872 1194 211 128 1688 755 10144
internal_value=-0.00393618 0.015435 0.0204812 0.0060173 0.00103293 -0.0368102 -0.0166032 -0.00470975 -0.0410803 -0.0300216 -0.00581801 -0.0418103 -0.0344183 0.00850461 0.0276828 -0.0166669 0.0194788 0.0272791 0.00828199 0.0305932 -0.0369647 -0.0462544
internal_weight=19350.2 12175.9 9015.57 2998.19 3160.28 7174.37 1253.27 2746.98 5921.1 989.727 1926.31 5866.66 2208.25 1304.57 6017.38 1442.41 1579.56 1071.89 151.552 4437.82 838.175 3658.42
internal_count=31838 12432 7115 3531 5317 19406 2651 5215 16755 2573 3073 16738 6444 1628 3584 3587 1296 458 358 2288 2215 10294
is_linear=0
shrinkage=0.095152


Tree=12
num_leaves=27
num_cat=0
split_feature=2 5 8 5 0 0 5 5 5 0 9 5 5 0 7 0 2 9 7 0 9 2 5 0 2 7
split_gain=596.774 206.204 113.945 59.0636 79.2265 55.7236 44.2736 41.2088 40.8747 42.3967 32.5269 30.7052 27.7589 26.8551 26.7149 21.5671 20.9786 17.7847 12.9882 23.3455 3.68089 3.0963 2.51271 7.19032 2.50113 0.883843
threshold=0.3090169943749474 0.70685347305239377 5.7400000000000011 0.70685347305239377 -0.5 -0.69817869566460977 0.25769857076554387 1.0004273050037098 -0.036478073183834274 0.25881904510252057 1.4559228390579853 -0.4833538702244064 0.85598551460090733 0.01098508492840976 4.4100000000000028 0.63963308668527008 -0.53462719153602467 3.3579843376407568 6.9300000000000024 -0.82846348649305956 2.2645479252125917 0.82873938879806197 0.85598551460090733 0.864707149699531 0.99962961997441069 2.4149999999999996
decision_type=2 2 2 2 2 2 2 2 2 2 2 2 2 2 2 2 2 2 2 2 2 2 2 2 2 2
left_child=1 2 10 4 18 11 -7 12 13 -10 16 -4 15 -6 -12 -3 -1 -14 24 -20 22 25 23 -5 -2 -22
right_child=3 7 5 20 8 6 -8 -9 9 -11 14 -13 17 -15 -16 -17 -18 -19 19 -21 21 -23 -24 -25 -26 -27
leaf_value=-0.0089886201635206442 -0.12106860096746871 -0.18174331398976509 -0.016025043969860618 -0.26919892440169574 -0.012215276579206093 0.06639682956774122 0.013138423631926422 0.13045532564227214 -0.21776145209629494 -0.018303957496511154 -0.015335753343180899 0.097297123344561351 -0.16490751321605504 0.077958928020914267 0.07619420323296569 0.0048546949445942636 -0.066230996936918543 -0.033857126027406474 -0.081804985317569079 0.061122457159341725 -0.049381677672942381 -0.078625846569706989 -0.28570452700009641 -0.065120768245422428 -0.089735619524184698 -0.014307365155351835
leaf_weight=1489.7507232427597 1322.06406468153 244.75810530781746 1424.5537402927876 271.09633892774582 801.26737701892853 5458.0557476878166 1299.7990884780884 102.67435324192047 634.54848051071167 693.79319041967392 459.36897701025009 215.45695149898529 905.32716071605682 153.95295226573944 446.7880667746067 370.47752085328102 796.06293299794197 159.96046158671379 263.39001622796059 90.406326532363892 103.35027703642845 117.51865461468697 1334.8850876390934 126.01699948310852 37.116075873374939 27.789065062999725
leaf_count=2867 3776 760 2782 508 1639 2840 1615 30 1646 1629 906 62 3269 41 313 763 2129 472 341 118 354 345 2141 324 82 86
internal_value=-0.00442941 0.00674162 0.0113774 -0.0294208 -0.0227417 0.0171935 0.0210113 -0.023367 -0.0111201 -0.0219084 -0.00392138 0.00144982 -0.0269518 0.00387885 0.0113165 -0.0107977 -0.00997077 -0.0362438 -0.0382062 -0.021763 -0.0428667 -0.0314736 -0.0444692 -0.0372626 -0.0424511 -0.0208777
internal_weight=19350.2 13373 11589.8 5977.19 3996.54 8397.87 6757.85 1783.2 2283.56 1328.34 3191.97 1640.01 1680.52 955.22 906.157 615.236 2285.81 1065.29 1712.98 353.796 1980.66 248.658 1732 397.113 1359.18 131.139
internal_count=31838 18808 13514 13030 9272 7299 4455 5294 4955 3275 6215 2844 5264 1680 1219 1523 4996 3741 4317 459 3758 785 2973 832 3858 440
is_linear=0
shrinkage=0.095152


Tree=13
num_leaves=24
num_cat=0
split_feature=6 2 6 6 0 8 5 2 8 0 5 0 2 5 0 6 3 5 0 0 6 2 2
split_gain=1214.92 143.04 76.4383 80.5923 55.2873 37.5316 32.0766 29.156 27.2641 25.4399 20.513 33.7906 20.0725 16.0167 12.8621 10.2505 9.38256 11.4228 6.71502 4.61856 4.42701 2.31034 0.777491
threshold=-0.25990157396951935 0.74982640120456845 -0.00058450420491038837 -0.25846488450670752 0.4990415606769007 5.7113508725722433 0.087756590410196927 -0.99981480381338828 6.780175009937329 0.96316368718897982 -0.26249920084584166 -0.7062455685407496 -0.080499103070757708 -0.70453509935217817 0.99835284629221144 -1.0329584178428288 2.7107180597601839 0.25881904510252091 0.864707149699531 0.11775246362430609 -0.70782544737876185 0.70252747416915695 0.1924878455382508
decision_type=2 2 2 2 2 2 2 2 2 2 2 2 2 2 2 2 2 2 2 2 2 2 2
left_child=1 4 3 12 5 15 -6 -4 16 -8 11 -9 14 -7 -2 -1 17 -3 19 -10 -18 -14 -12
right_child=2 8 7 -5 6 13 9 10 18 -11 22 -13 21 -15 -16 -17 20 -19 -20 -21 -22 -23 -24
leaf_value=0.061997511137518564 0.024434620624066827 0.11306454537926079 -0.0085555354217075955 0.089369091689708524 0.071705869651459725 0.042025496799724116 0.014180882836729847 -0.099507753610350108 0.0082900625804638584 -0.077455281714354812 -0.18161912526946147 0.15628485877785428 -0.088401075295903811 0.066006872956172608 -0.099123600377919452 0.019273501625280076 -0.065514461594450721 -0.096143446094013124 -0.24302358433610299 0.072455067377558482 -0.079477995523305381 -0.13220627211537439 -0.23379800085691224
leaf_weight=182.67950445413589 225.94296395778656 76.522646248340607 101.02520659565926 263.5445282459259 310.79801338911057 1849.6924678087234 1948.8131730556488 2125.8487816751003 140.25775468349457 380.55474212765694 1510.450213342905 58.825654983520508 258.63294729590416 4617.5260643362999 153.57943934202194 1656.3738413155079 449.19431096315384 79.804226040840149 55.251674443483353 107.99072068929672 320.39863249659538 351.57157182693481 2124.9496566653252
leaf_count=44 589 106 115 78 79 1185 3000 6392 299 997 5538 16 716 1929 580 2377 1099 198 119 193 807 688 4694
internal_value=-0.00450102 0.0137997 -0.0355582 -0.0141744 0.0172566 0.0210692 0.00525236 -0.0400779 -0.0169553 0.00140744 -0.0409581 -0.0335973 -0.0266297 0.0244811 -0.00935633 0.00905503 -0.025062 -0.00367896 0.00773649 0.0144477 -0.0293749 -0.0373078 -0.0453639
internal_weight=19350.2 12175.9 7174.37 1253.27 10946.4 8306.27 2640.17 5921.1 1229.42 2329.37 5820.07 2184.67 989.727 6467.22 379.522 1839.05 925.92 156.327 303.5 248.248 769.593 610.205 3635.4
internal_count=31838 12432 19406 2651 9611 5535 4076 16755 2821 3997 16640 6408 2573 3114 1169 2421 2210 304 611 492 1906 1404 10232
is_linear=0
shrinkage=0.095152


Tree=14
num_leaves=25
num_cat=0
split_feature=6 7 6 6 6 8 1 1 5 8 6 3 3 1 6 3 6 5 5 5 8 5 7 1
split_gain=1098.33 126.232 76.3628 73.7879 34.0164 31.1081 31.0889 28.9172 22.7531 17.5827 17.3741 22.4235 13.63 11.4605 11.391 11.146 10.228 9.58618 6.65876 2.75328 2.62029 2.41329 2.13825 0.980543
threshold=-0.25990157396951935 3.7145758842726342 -0.00058450420491038837 -0.25846488450670752 -1.0122207178162168 5.2800000000000038 0.53372120176115423 1.0003384133968634 -0.26249920084584166 9.2712207556456381 -0.5 2.2813356340340714 4.0144981190245792 0.5599895493230127 0.48809721101169207 3.7708690727194165 -0.57014138982933338 0.96516422923311385 -0.72003975811059051 0.1342360586408457 6.2500000000000027 1.0000000180025095e-35 7.8500000000000005 0.32966511230580003
decision_type=2 2 2 2 2 2 2 2 2 2 2 2 2 2 2 2 2 2 2 2 2 2 2 2
left_child=1 6 3 13 18 12 10 8 14 -7 11 -1 -6 20 -4 16 -8 -15 -3 -20 -2 -17 -10 -12
right_child=2 4 7 -5 5 9 15 -9 22 -11 23 -13 -14 17 -16 21 -18 -19 19 -21 -22 -23 -24 -25
leaf_value=0.035244566217203829 -0.051269114499739712 0.070568876364092439 -0.064109705155433655 0.080865447124561313 0.020741417962665615 0.041136103485977571 0.048716067291076581 0.10783957895162366 -0.18717120110078572 0.13255212184850662 -0.13096542336319308 -0.049657438816551339 -0.044269818424604999 0.014434332530144476 -0.10641864871784756 0.0014903140683688967 -0.028611799903910225 -0.18376169238820278 0.059341225342255437 0.087310141122023829 -0.17483601630412537 -0.058047719992013691 -0.21103294683729709 -0.082322956393598323
leaf_weight=383.90846684575081 370.53972965478897 334.69162714481354 1010.7350616753101 263.5445282459259 746.73011216521263 6544.7158322930336 583.54103800654411 54.434771656990051 3588.0062155723572 547.44576010107994 240.45496273040771 894.73216864466667 364.75152921676636 178.82910197973251 1197.5116912722588 52.011643409729004 139.36101096868515 159.44394144415855 765.90287309885025 434.75072902441025 280.91414934396744 109.36394280195236 70.411773085594177 33.496075600385666
leaf_count=817 1222 82 2597 78 1011 4804 494 17 10091 276 752 2357 825 364 3847 69 259 358 199 102 629 299 203 86
internal_value=-0.00467605 0.0127243 -0.0342054 -0.0128349 0.0175705 0.0151301 -0.00663734 -0.0387227 -0.0393655 0.0174493 -0.0147464 -0.0100514 0.000316849 -0.0247538 -0.0316726 0.0075867 0.0126426 -0.0104318 0.0305774 0.0339082 -0.0321341 -0.0149003 -0.043992 -0.0364565
internal_weight=19350.2 12175.9 7174.37 1253.27 9738.99 8203.64 2436.87 5921.1 5866.66 7092.16 1552.59 1278.64 1111.48 989.727 2208.25 884.278 722.902 338.273 1535.35 1200.65 651.454 161.376 3658.42 273.951
internal_count=31838 12432 19406 2651 7299 6916 5133 16755 16738 5080 4012 3174 1836 2573 6444 1121 753 722 383 301 1851 368 10294 838
is_linear=0
shrinkage=0.095152


Tree=15
num_leaves=28
num_cat=0
split_feature=2 5 1 5 2 1 8 1 3 3 5 1 5 8 2 1 8 9 9 5 5 2 1 3 3 5 1
split_gain=457.422 146.466 93.4032 59.7499 36.4916 41.7825 33.0355 37.5795 35.81 31.3355 30.8217 27.3236 22.4483 21.8051 18.329 15.8088 15.3714 13.1262 11.6546 10.2249 7.63404 4.81943 3.82398 3.21966 2.44616 2.34693 0.649653
threshold=0.1924878455382508 0.70685347305239377 -0.68507245709219633 0.70685347305239377 0.78298010367706283 0.62911391882717715 5.7400000000000011 0.5753852131181455 2.8497509145189208 3.550568536794501 1.0004273050037098 0.28194525648649987 -0.70710678118654735 5.1500000000000012 -0.84698965068926968 -0.60505046667002438 9.9774315447996607 2.2645479252125917 1.6054931956519047 -1.0013879852237297 0.85598551460090733 0.81565951575077722 -0.79877197597864613 1.5607142587218934 2.6202031495010663 0.85598551460090733 -0.041702234477760107
decision_type=2 2 2 2 2 2 2 2 2 2 2 2 2 2 2 2 2 2 2 2 2 2 2 2 2 2 2
left_child=1 2 9 4 12 15 7 -4 -8 14 11 20 19 -11 -1 -6 -14 -13 22 -2 -3 24 23 -5 -20 -24 -23
right_child=3 10 6 18 5 -7 8 -9 -10 13 -12 17 16 -15 -16 -17 -18 -19 21 -21 -22 26 25 -25 -26 -27 -28
leaf_value=0.013870584617830348 0.065193012880596174 -0.094355530473165014 -0.030883190675444733 -0.10182562442521627 0.055571391544328476 0.098744404959019955 0.029379683448881543 0.035640155830405681 0.07521625118110857 -0.070263014102256674 0.088607861335251017 -0.092927186395413752 -0.017000630288416647 0.088897573788172216 -0.074993937757406287 -0.085403048162991477 0.21913439524320741 0.0061447333586856423 -0.0026535332770527371 -0.062990470024096579 -0.11503798917133139 -0.048518369613514786 -0.15383141553088153 -0.014275812277696559 -0.034349701092800715 -0.23047723531535275 -0.077332398656031642
leaf_weight=84.983823657035828 56.227166175842285 271.57460242509842 1095.4940363764763 64.871724486351013 55.171326518058777 71.641512632369995 4737.0651053190231 1421.2130654454231 2116.0808134675026 115.41633394360542 100.33387076854706 385.80291640758514 1562.245495557785 279.96844524145126 1200.7968567013741 1957.5711947977543 56.631248116493225 345.81895756721497 79.708598852157593 724.41719096899033 570.20352786779404 77.195157527923584 338.1739918589592 56.181895822286606 128.60945409536362 1218.2465099394321 101.80413201451302
leaf_count=23 16 902 2522 258 74 24 3887 1394 1115 385 29 1142 3349 283 3100 4829 12 719 270 1786 2184 281 678 192 417 1741 262
internal_value=-0.0052357 0.00527964 0.00925375 -0.0256668 -0.0194833 -0.0286955 0.0129597 0.00362739 0.0163836 -0.0113873 -0.0209385 -0.0242081 -0.0114641 0.0119895 -0.0185907 -0.0312473 -0.0050547 -0.0107042 -0.0390672 -0.0247076 -0.0358937 -0.0239744 -0.0425224 -0.0254823 -0.0138945 -0.0438162 -0.0354425
internal_weight=19273.4 12724.8 11051 6548.7 4483.91 2084.38 9369.85 2516.71 6853.15 1681.17 1673.73 1573.4 2399.52 395.385 1285.78 2012.74 1618.88 731.622 2064.79 780.644 841.778 387.317 1677.47 121.054 208.318 1556.42 178.999
internal_count=31874 17685 12709 14189 10090 4927 8918 3916 5002 3791 4976 4947 5163 668 3123 4903 3361 1861 4099 1802 3086 1230 2869 450 687 2419 543
is_linear=0
shrinkage=0.095152


Tree=16
num_leaves=25
num_cat=0
split_feature=6 0 4 9 1 9 6 4 6 0 3 6 0 0 1 1 0 4 3 4 0 9 9 4
split_gain=933.358 129.259 77.1353 73.1815 40.5487 37.7875 37.0343 35.8707 21.5725 23.5944 20.4809 16.3853 21.2041 15.0948 10.4566 7.42525 5.66578 4.61722 4.55825 4.05874 5.39792 2.94332 2.03349 1.24682
threshold=-0.00058450420491038837 0.96316368718897982 1007.1054746646166 -0.093891314762650238 0.61823679538819187 1.2283956407804182 -0.5 1006.6994313181624 -1.0122207178162168 0.4990415606769007 4.1609652594954696 0.69971674903203429 0.65833632544955878 -0.84513083389116106 0.73582899864551854 0.99984258031731443 -0.70913320677698455 1003.3035312562519 1.7205320049587269 1006.7026438013824 -0.26529599416890731 -0.48846353667763326 2.4085136452124325 1001.6030310425998
decision_type=2 2 2 2 2 2 2 2 2 2 2 2 2 2 2 2 2 2 2 2 2 2 2 2
left_child=1 2 3 10 -5 15 -3 14 18 -10 -1 12 13 -7 -8 16 21 -14 -4 20 -13 -2 -9 -18
right_child=5 6 8 4 -6 11 7 22 9 -11 -12 19 17 -15 -16 -17 23 -19 -20 -21 -22 -23 -24 -25
leaf_value=-0.011847891616342754 -0.092155238822575619 0.033734180812918756 0.049596416453141987 -0.00046903988976871534 0.044323661178331704 -0.028577588060349074 -0.027630051595648859 -0.20925611537923949 0.047372570614615174 0.0092615150428536214 -0.059268544440406842 -0.033529286044913585 -0.035869483551219626 0.14373927601784905 0.044436253021931903 -0.073542434242588745 -0.10988330506436662 -0.11825227068864703 0.076809809133975296 -0.18293398643518674 -0.092399285392614425 -0.06534420973580557 -0.048633316048911031 -0.17485107121013693
leaf_weight=1247.5653274953365 743.82292732596397 158.65287935733795 395.49203729629517 1570.3229875862598 2054.4404454529285 400.98765325546265 270.31008747220039 535.21636372804642 4492.9231944680214 1328.6025278866291 667.9222232401371 151.4534952044487 189.64144811034203 90.32054078578949 94.115630358457565 40.942203909158707 126.21308758854866 218.99539223313332 536.26538646221161 245.88423201441765 277.02037075161934 547.1631988286972 42.779162436723709 2846.396151304245
leaf_count=2136 2093 45 100 2244 1021 1100 945 1287 3272 2096 1524 545 703 23 250 69 424 650 134 903 1041 1661 90 7518
internal_value=-0.00503066 0.008841 0.0116396 0.00331407 0.0112643 -0.0366334 -0.0223697 -0.0295315 0.0184657 0.0163027 -0.0117212 -0.0239643 -0.0154986 -0.00213242 -0.0060772 -0.041255 -0.0416422 -0.0314777 0.0319237 -0.0351895 -0.0293213 -0.036194 -0.0442488 -0.0439864
internal_weight=19273.4 13394.6 12293.5 5540.25 3624.76 5878.84 1101.07 942.421 6753.28 5821.53 1915.49 1574.3 899.945 491.308 364.426 4304.54 4263.6 408.637 931.757 674.358 428.474 1290.99 577.996 2972.61
internal_count=31874 15144 12527 6925 3265 16730 2617 2572 5602 5368 3660 4965 2476 1123 1195 11765 11696 1353 234 2489 1586 3754 1377 7942
is_linear=0
shrinkage=0.095152


Tree=17
num_leaves=26
num_cat=0
split_feature=6 2 0 4 9 6 9 6 4 4 0 6 2 0 2 6 4 8 2 0 2 4 0 8 8
split_gain=836.198 133.341 53.3798 40.2463 36.0911 34.4503 30.4028 24.5963 24.2707 23.4023 21.7434 15.5804 19.7047 16.5294 15.0455 10.602 10.5996 13.3897 9.40862 8.24677 6.28408 4.59765 4.52733 3.74154 0.95592
threshold=-0.00058450420491038837 0.57402163285499952 0.96316368718897982 1007.404126935617 1.2283956407804182 -0.52534743500114223 1.2767915924971869 -0.58169145343016837 1006.9015245317891 1006.5026953460016 0.47645422358308026 0.69971674903203429 0.073263060487541096 0.65833632544955878 -0.99981480381338828 -1.0035543346528775 1010.404070438391 7.0499999999999998 0.98927755889796032 -0.86902122408030602 0.12590087053897756 1007.1990777435881 -0.26529599416890731 2.8600000000000017 5.6387489884501312
decision_type=2 2 2 2 2 2 2 2 2 2 2 2 2 2 2 2 2 2 2 2 2 2 2 2 2
left_child=1 2 3 6 14 8 -1 -4 18 -9 -5 12 13 -6 -2 -10 17 -7 -3 20 -16 22 -13 -21 -14
right_child=4 5 7 10 11 16 -8 9 15 -11 -12 21 24 -15 19 -17 -18 -19 -20 23 -22 -23 -24 -25 -26
leaf_value=0.002741108587789485 -0.066534749898047363 -0.058177784343278645 0.052396227463322911 0.0495717705489538 0.030060224420966286 -0.05167099173620926 0.035138248650972786 -0.0037388555418528618 0.072319609406345089 -0.16073947312063611 0.014932637043753217 -0.031365760674128038 -0.044641192914029341 -0.059709950794441129 -0.072404381329359377 0.0071141797377458054 -0.20752758907085542 0.045146681666501265 0.024685233790953519 -0.04977976112654238 -0.062211261770510749 -0.16462160988129476 -0.084466446018064661 -0.15536078862433197 -0.10673757985165132
leaf_weight=2832.4257019758224 56.500810831785202 468.194718927145 153.36731946468353 4212.9569728672504 349.86635264754295 421.13594773411751 2317.8144688606262 262.68109023571014 99.936911463737488 280.8124792277813 1230.0375080704689 152.86210492253304 197.80199405550957 194.51424169540405 355.25322824716568 685.20843604207039 265.31800982356071 103.83536458015442 60.883323967456818 127.88166004419327 641.43854504823685 241.97562229633331 279.52037075161934 3123.4633247852325 157.7624459862709
leaf_count=3948 77 1152 42 2095 736 1140 1333 858 24 897 1399 550 682 728 1278 1548 351 160 197 478 1470 888 1051 8462 330
internal_value=-0.00497794 0.00815186 0.0122513 0.0139302 -0.0348906 -0.0138281 0.00789353 -0.0132294 -0.00436624 -0.0227275 0.0196364 -0.022511 -0.0142581 -0.00283296 -0.0394068 0.00623475 -0.0295124 -0.0215373 -0.0200978 -0.0400562 -0.0323144 -0.0334552 -0.0273324 -0.0424111 -0.0316376
internal_weight=19273.4 13394.6 11290.1 10593.2 5878.84 2104.51 5150.24 696.861 1314.22 543.494 5442.99 1574.3 899.945 544.381 4304.54 785.145 790.289 524.971 529.078 4248.04 996.692 674.358 432.382 3251.34 355.564
internal_count=31874 15144 10572 8775 16730 4572 5281 1797 2921 1755 3494 4965 2476 1464 11765 1572 1651 1300 1349 11688 2748 2489 1601 8940 1012
is_linear=0
shrinkage=0.095152


Tree=18
num_leaves=26
num_cat=0
split_feature=6 0 2 6 4 9 4 9 0 4 0 6 0 0 2 0 3 6 4 4 9 4 9 0 2
split_gain=744.086 115.389 67.9281 38.6321 34.8725 34.5493 33.1948 27.2329 25.9238 24.6247 21.3885 15.7458 16.202 15.3838 13.8647 10.1504 7.88842 7.16647 6.13676 5.81828 4.97626 4.51335 4.41414 4.20844 0.131
threshold=-0.00058450420491038837 0.96316368718897982 0.1924878455382508 -1.0035543346528775 1007.3029165242169 1.2283956407804182 1005.2084028299724 1.2767915924971869 1.0213340577825283 1006.6068227866607 0.47645422358308026 0.69971674903203429 0.65833632544955878 -0.93277975297637239 -0.99981480381338828 -0.86902122408030602 2.6901962835631612 -0.86587573991668021 1007.2988215150846 1003.6323952135571 4.7840193821654884 1006.2208530435228 0.033852122984750828 -0.26529599416890731 0.91663625000846582
decision_type=2 2 2 2 2 2 2 2 2 2 2 2 2 2 2 2 2 2 2 2 2 2 2 2 2
left_child=1 2 4 -4 7 14 17 -1 18 -5 -6 12 13 -7 -2 16 -16 -3 -8 -14 -19 23 -17 -13 -23
right_child=5 6 3 9 10 11 8 -9 -10 -11 -12 21 19 -15 15 22 -18 20 -20 -21 -22 24 -24 -25 -26
leaf_value=0.0031032352947566321 -0.060203837793352546 0.055100429097238952 0.095097961885515822 -0.040579934526904164 0.047147758257420493 -0.026717474030936123 -0.022519495097761764 0.03661527707424448 0.01672599088548549 0.0035186756647311809 0.013511767306357775 -0.025806322714918679 -0.029438158184141826 0.12719307705646701 -0.047860345756902622 -0.1548558130252472 -0.063675809793544494 -0.011153369417389298 -0.17027672275657135 -0.108986385923542 0.051388652119235059 -0.15709258618435692 -0.097008971418722723 -0.074870081344576747 -0.092153595263557014
leaf_weight=2477.0542029440403 56.500810831785202 43.836793899536133 255.53065228462219 1024.5787095725536 3797.8781742751598 397.0587671995163 112.85964912176132 2106.7249785363674 95.283951997756958 1525.1395970284939 1106.627815246582 145.57795459032059 211.13481733202934 94.24942684173584 422.74315366148949 2230.6487384736538 573.94861963391304 223.40923842787743 565.06711953878403 197.502023011446 60.617370367050171 224.54398021101952 1020.696246355772 275.02037075161934 29.215792417526245
leaf_count=3175 77 11 69 2555 1671 1098 339 1137 28 2813 1107 523 787 25 1311 5470 1437 789 1319 566 131 825 3470 1033 108
internal_value=-0.00482095 0.00756456 0.0102089 -0.00279438 0.0140545 -0.033038 -0.0219239 0.00807924 -0.0326681 -0.0063389 0.0196327 -0.020928 -0.0126371 -0.000953493 -0.0374561 -0.0380796 -0.0295376 0.00340567 -0.0391961 -0.0266039 -0.00214162 -0.0319261 -0.0406808 -0.0256433 -0.0420986
internal_weight=19273.4 13394.6 12293.5 2805.25 9488.29 5878.84 1101.07 4583.78 773.211 2549.72 4904.51 1574.3 899.945 491.308 4304.54 4248.04 996.692 327.863 677.927 408.637 284.027 674.358 3251.34 420.598 253.76
internal_count=31874 15144 12527 5437 7090 16730 2617 4312 1686 5368 2778 4965 2476 1123 11765 11688 2748 931 1658 1353 920 2489 8940 1556 933
is_linear=0
shrinkage=0.095152


Tree=19
num_leaves=27
num_cat=0
split_feature=7 1 9 0 0 1 3 0 8 0 0 1 9 7 7 0 7 7 3 0 3 8 1 9 1 3
split_gain=188.1 88.4464 72.9975 47.4757 39.3718 29.9037 29.4074 29.1013 26.5872 22.4677 20.5494 20.2081 20.0251 16.5737 13.2061 12.5819 14.1916 11.769 9.14959 8.50045 8.00334 6.95767 6.74572 5.69781 6.34506 2.59551
threshold=6.3900823229977997 0.71195411389789098 1.318729794503444 -0.86239343330004636 0.864707149699531 1.0457574278135011 2.0450000000000004 -1.0030109275060868 6.8118741607821738 -0.7062455685407496 -0.50382030568244862 0.80220646209254287 -0.69306777693040533 7.4200000000000008 3.8800000000000012 1.0397779820998518 3.0499999999999994 4.9900000000000011 2.8632657537260253 -0.4785541519496071 4.7976393295685638 9.9774315447996607 0.36219763472910244 0.64875796883891657 0.61823679538819187 2.7523533641311317
decision_type=2 2 2 2 2 2 2 2 2 2 2 2 2 2 2 2 2 2 2 2 2 2 2 2 2 2
left_child=1 4 5 7 9 11 12 -2 14 20 -11 -3 22 18 -4 16 -6 -10 -8 -14 -1 -15 -5 25 -25 -9
right_child=3 2 8 6 15 -7 13 23 17 10 -12 -13 19 21 -16 -17 -18 -19 -20 -21 -22 -23 -24 24 -26 -27
leaf_value=-0.048633749117855923 0.045436789395747058 0.006509677865772414 0.01647904257570906 -0.12784017015820975 -0.054481495298188423 0.039998102026920196 -0.0046970032236941257 -0.047405711649482533 -0.056160381388931854 0.068956556294679644 -0.02991573573357318 -0.047658463549909789 -0.013244253861570148 0.067360649476823714 0.053795327525540608 0.062510544076858438 -0.14571200979287582 0.0091472876885535497 0.0434070774592933 0.022911221392460168 -0.11792238788931658 0.15999264794643472 -0.057930820535637743 -0.048520511916611372 0.022698537636181897 -0.032722457664246217
leaf_weight=1627.8929110169411 220.67130434513092 476.79308852553368 445.02994114160538 113.26325193047523 1303.9815562963486 189.43515753746033 417.46890968084335 188.59104350209236 110.49472317099571 89.804278135299683 5258.229079246521 1579.3349991440773 500.74832454323769 1305.5027363598347 919.33168762922287 49.563966155052185 666.19066289067268 281.51634687185287 811.45793238282204 1643.535813242197 185.360287129879 193.54696393013 138.30108970403671 211.51124468445778 134.2424418926239 211.64921346306801
leaf_count=4993 64 713 846 270 3842 62 345 554 177 24 10368 3063 399 724 527 19 1179 217 597 1088 413 63 191 607 282 247
internal_value=-0.00473578 -0.0111252 0.000676713 0.00909142 -0.0162702 -0.0106826 0.0127412 -0.0102319 0.0152042 -0.0129534 -0.00984139 -0.0140228 0.00503779 0.0194962 0.0214769 -0.0280077 -0.0292032 -0.00659375 0.011268 0.00802446 -0.0221108 0.026217 -0.0202764 -0.0192148 -0.0101495 -0.0269537
internal_weight=19273.4 13183 4001.94 6090.49 9181.02 2245.56 5123.83 966.665 1756.37 7161.29 5348.03 2056.13 2395.85 2727.98 1364.36 2019.74 1970.17 392.011 1228.93 2144.28 1813.25 1499.05 251.564 745.994 345.754 400.24
internal_count=31874 26443 5605 5431 20838 3838 3677 1754 1767 15798 10392 3776 1948 1729 1373 5040 5021 394 942 1487 5406 787 461 1690 889 801
is_linear=0
shrinkage=0.095152


Tree=20
num_leaves=27
num_cat=0
split_feature=6 0 4 9 5 9 4 8 5 5 9 0 4 4 0 5 8 4 4 6 4 8 9 4 9 6
split_gain=635.253 97.475 50.5309 52.2659 40.2413 34.0341 33.9132 17.3544 17.1629 16.8851 15.24 13.9771 13.4322 9.31572 8.74138 5.42106 4.97643 3.7966 3.76312 3.65726 5.23767 2.81716 2.67696 2.0566 1.49991 1.47348
threshold=-0.00058450420491038837 0.96316368718897982 1006.7026438013824 -0.093891314762650238 0.85598551460090733 0.82625911627300408 1007.8969132516236 10.210112045152519 -0.54232512042897041 -0.50057056995518712 3.0820891437077607 0.77791474093887569 1006.6994313181624 1000.2050770016402 -0.84513083389116106 -0.68997398374011842 2.8600000000000017 1003.5171357744233 1005.7023375754328 0.48809721101169207 1006.0153375279965 4.1750000000000016 -0.13320629209160548 1009.3952836766802 -1.0773815401463158 0.2085574501983822
decision_type=2 2 2 2 2 2 2 2 2 2 2 2 2 2 2 2 2 2 2 2 2 2 2 2 2 2
left_child=1 2 3 15 -3 9 17 10 13 19 -4 -5 21 -7 -15 -1 18 -6 -11 20 -2 -10 -18 -8 -21 -14
right_child=5 4 7 11 6 8 23 -9 12 16 -12 -13 25 14 -16 -17 22 -19 -20 24 -22 -23 -24 -25 -26 -27
leaf_value=-0.038990318644361074 -0.076985035143885036 0.044862375506123181 0.031628066314821332 0.026799921207571811 0.020008044839608819 0.043407123146210466 -0.079625128453953961 0.13590857697970787 -0.024846109011431267 -0.0012806659430725745 -0.0048958968790097975 -0.019094650081296512 -0.097508313969901256 -0.03350768489991892 0.10303509021373122 -0.018047228132698687 -0.14457310125356065 -0.020306924599475546 -0.082159689867131042 -0.07985061244021624 -0.029608851561579868 -0.050712593867319689 -0.09804734174990791 -0.16404795916129533 -0.042739785267368227 -0.14114945131509557
leaf_weight=669.64013597369194 215.54358896613121 164.68108427524567 6432.7374914586544 2974.255419999361 131.68607240915298 68.320635914802551 84.280126243829727 318.30651566386223 362.1021081507206 53.075335383415222 564.43245229125023 276.33561739325523 78.765894949436188 533.11769279837608 33.663915276527405 1122.4458561241627 1762.386309415102 279.2466479241848 41.358261287212372 318.67059734463692 386.92264503240585 521.13320699334145 836.88176280260086 461.32692119479179 295.29328861832619 390.2220818400383
leaf_count=1533 766 46 5520 2417 409 71 258 119 1292 202 344 582 158 1684 10 2033 4008 920 146 947 826 1846 2646 1004 895 1320
internal_value=-0.00412735 0.007268 0.00970639 0.00237399 -0.019576 -0.0301707 -0.0270599 0.0147576 -0.0199936 -0.0353313 0.0137608 0.00956751 -0.0260534 -0.00704352 -0.0110729 -0.0106643 -0.0395529 -0.00634522 -0.0175032 -0.0259387 -0.0205154 -0.019065 -0.0403396 -0.042584 -0.0311831 -0.0390948
internal_weight=19376.8 13479.4 12358.2 5042.68 1121.22 5897.46 956.54 7315.48 1987.33 3910.13 6997.17 3250.59 1352.22 635.102 566.782 1792.09 2693.7 410.933 94.4336 1216.43 602.466 883.235 2599.27 545.607 613.964 468.988
internal_count=32002 15185 12548 6565 2637 16817 2591 5983 6381 10436 5864 2999 4616 1765 1694 3566 7002 1329 348 3434 1592 3138 6654 1262 1842 1478
is_linear=0
shrinkage=0.095152


Tree=21
num_leaves=24
num_cat=0
split_feature=6 0 6 3 5 0 5 0 8 6 6 5 8 8 3 6 7 0 7 3 7 3 8
split_gain=546.045 84.6014 41.9046 41.2741 31.913 31.2285 21.448 31.9522 16.6538 16.4742 10.9152 13.43 8.94944 4.69048 5.86514 5.58724 3.7761 3.20886 3.53065 1.68322 1.65325 0.561228 0.729605
threshold=-0.00058450420491038837 0.96316368718897982 -0.58169145343016837 5.4250000000000007 -1.0000000180025095e-35 -0.41863906036433413 -0.70453509935217817 0.4990415606769007 6.2350000000000003 -0.72028644173488399 0.41403559149128255 -0.94952335133380361 3.0550000000000002 6.8500000000000041 2.8632657537260253 0.69971674903203429 3.0200000000000018 -0.5 3.7950000000000004 1.6414575045034718 4.5900000000000025 1.9202681996729585 2.8600000000000017
decision_type=2 2 2 2 2 2 2 2 2 2 2 2 2 2 2 2 2 2 2 2 2 2 2
left_child=1 3 -3 6 5 10 9 -8 19 -1 11 -2 21 15 -15 -14 -12 -5 -19 -4 -10 -6 -23
right_child=4 2 8 17 12 -7 7 -9 20 -11 16 -13 13 14 -16 -17 -18 18 -20 -21 -22 22 -24
leaf_value=0.04300844166394089 -0.035447933066874479 0.029407061137477635 -0.073613355257963656 -0.047675057376399987 -0.057490835074931468 0.15049309740638078 0.03482188502336462 0.0065856435156348408 -0.14147434674322054 0.00013522385099383566 -0.037387600269290271 0.046750192944762584 -0.070624790689496481 -0.13903864675331631 -0.024822586543849733 -0.11572309269765167 -0.064667063527297744 -0.047524288054902115 -0.0082850410809054368 -0.017724092924389912 -0.094227795614897539 -0.013993996032395485 -0.052317538121733391
leaf_weight=530.10438796877861 914.3499031662941 161.20873653888702 101.53213477134705 86.27611231803894 34.62140080332756 79.518676400184631 6171.8215584456921 2489.2682559490204 413.77287033200264 2629.0596701800823 363.55845531821251 52.071459650993347 932.54566678404808 1057.0282471776009 41.771763980388641 1028.2569344341755 1233.241899818182 260.23300415277481 191.39049988985062 396.60484436154366 48.102266043424606 125.31258445978165 35.180332779884338
leaf_count=139 2576 44 306 212 127 23 3861 3661 925 3600 1319 16 2384 2636 104 3168 3860 632 443 1275 87 482 122
internal_value=-0.00412383 0.00644111 -0.0185673 0.00871286 -0.0282694 -0.020471 0.00988708 0.0123353 -0.0261114 0.00316875 -0.0223013 -0.0142597 -0.0345865 -0.0358511 -0.0409572 -0.032957 -0.0271441 -0.0170269 -0.013691 -0.0139463 -0.039125 -0.0145809 -0.0118783
internal_weight=19376.8 13479.4 1121.22 12358.2 5897.46 2642.74 11820.3 8661.09 960.012 3159.16 2563.22 966.421 3254.72 3059.6 1098.8 1960.8 1596.8 537.9 451.624 498.137 461.875 195.114 160.493
internal_count=32002 15185 2637 12548 16817 7794 11261 7522 2593 3739 7771 2592 9023 8292 2740 5552 5179 1287 1075 1581 1012 731 604
is_linear=0
shrinkage=0.095152


Tree=22
num_leaves=26
num_cat=0
split_feature=2 5 0 9 5 0 0 5 5 5 8 2 2 2 5 0 5 2 5 9 8 0 7 2 7
split_gain=236.996 81.7773 47.6852 40.2721 33.7132 26.1388 29.4329 25.9573 19.1225 21.7651 17.3559 15.0204 14.4745 12.1093 6.25892 13.3456 8.62349 6.778 6.12571 6.11463 5.54139 4.91309 2.67402 2.32733 2.74027
threshold=0.1924878455382508 0.25769857076554387 -0.49997890172714615 0.38985690848052462 0.85598551460090733 -0.00016043804030838906 0.25956736790250973 0.70685347305239377 -0.24239523212413375 -0.26249920084584166 9.3550000000000004 -1.0601077511134196 -0.99981480381338828 0.68009448147922502 0.70685347305239377 -0.26529599416890731 -0.29080967457060375 0.70252747416915695 -0.39912012088131527 -1.7714965610602567 4.8019559340046643 0.5491398449919197 1.5308708360455785 0.80392796183282111 3.1006818897148589
decision_type=2 2 2 2 2 2 2 2 2 2 2 2 2 2 2 2 2 2 2 2 2 2 2 2 2
left_child=1 2 8 4 13 -3 11 -8 9 -1 12 -7 -4 19 15 18 -17 20 -5 -2 -16 -15 -19 24 -6
right_child=3 5 10 14 23 6 7 -9 -10 -11 -12 -13 -14 21 17 16 -18 22 -20 -21 -22 -23 -24 -25 -26
leaf_value=0.00053529730199071597 -0.0070150454493260106 0.0418758623606372 0.041606397956452927 -0.032524349554502972 -0.042172912565097267 0.0019010851707621332 0.0051076792998712428 -0.032951352869939131 0.048508979151093319 -0.084590010572469482 0.089868330741767477 -0.11925238706948484 0.025207146580994929 -0.067695519218093164 0.013594616149296112 0.024776246452320985 -0.010648881871080958 -0.022303300261524682 0.013366385926627545 -0.033517862904242676 -0.04659363985824308 -0.021800951606262105 -0.059377350090704266 -0.14857000698894976 -0.13881724191991981
leaf_weight=3360.4332491457462 431.39694708585739 196.40008008480072 416.0599912405014 618.09553301334381 130.48365831375122 34.653661370277405 1338.1824427843094 1586.2072799503803 196.15928024053574 216.58653330802917 404.08368477225304 407.93298009037971 4664.802069067955 1687.6110601425171 142.50083863735199 285.97201880812645 689.61548691987991 179.8782499730587 102.69939950108528 773.06710708141327 143.74508145451546 170.02678391337395 299.33486950397491 627.7016167640686 273.20176255702972
leaf_count=5820 938 50 137 1550 373 13 1455 4938 52 709 134 1425 3009 3805 515 224 1617 591 227 1994 404 332 714 599 377
internal_value=-0.00408143 0.00344236 0.0081573 -0.0187968 -0.0245817 -0.00880255 -0.0107762 -0.0073012 -7.31503e-05 -0.00166736 0.0138201 -0.033616 0.0123 -0.0195465 -0.00916437 -0.00592171 0.00132272 -0.0163109 -0.0157287 -0.0120732 -0.00463918 -0.024373 -0.0232235 -0.0394731 -0.033383
internal_weight=19376.8 12821.5 9258.12 6555.33 4093.49 3563.38 3366.98 2924.39 3773.18 3577.02 5484.95 442.587 5080.86 3062.1 2461.84 1696.38 975.588 765.459 720.795 1204.46 286.246 1857.64 479.213 1031.39 403.685
internal_count=32002 17742 9861 14260 8418 7881 7831 6393 6581 6529 3280 1438 3146 7069 5842 3618 1841 2224 1777 2932 919 4137 1305 1349 750
is_linear=0
shrinkage=0.095152


Tree=23
num_leaves=29
num_cat=0
split_feature=6 2 1 5 6 5 2 2 2 1 5 1 2 2 6 3 3 8 8 3 2 3 3 1 5 1 6 8
split_gain=420.152 72.4741 33.3729 30.0895 27.6578 24.7161 19.3634 34.3299 16.4679 18.2181 16.4206 13.5271 18.4051 15.8598 17.0709 13.2828 13.2111 11.6213 8.70296 6.54906 4.70103 3.16446 3.07482 3.06247 2.1169 1.43494 1.17495 0.333641
threshold=-0.00058450420491038837 0.17633854830889059 -0.67125374152323936 -0.50057056995518712 -1.0035543346528775 0.85598551460090733 -0.99981480381338828 -0.79839570859512754 -0.23190591045675793 0.5599895493230127 0.25881904510252091 -0.22115533777225982 0.058942987644181481 -0.04732138832243208 0.69971674903203429 4.0625425128155035 2.4417182159241064 6.2500000000000027 4.6599999999999993 3.9303377095862069 -0.72066714955386113 1.6249114060378975 2.4611415547610744 -0.59272503732544235 -0.72003975811059051 0.096152520198803867 -0.91096325319767579 6.035000000000001
decision_type=2 2 2 2 2 2 2 2 2 2 2 2 2 2 2 2 2 2 2 2 2 2 2 2 2 2 2 2
left_child=1 2 10 8 -3 15 26 -8 9 23 16 12 22 14 -13 -6 -1 -7 -14 24 -12 -11 -5 -2 -10 -15 -4 -21
right_child=3 4 6 11 5 17 7 -9 19 21 20 13 18 25 -16 -17 -18 -19 -20 27 -22 -23 -24 -25 -26 -27 -28 -29
leaf_value=-0.018572888041414534 -0.059920475642121274 0.075754520974230188 0.050990749636114066 -0.093668305969771201 0.0018016051572138662 -0.02018109744545209 0.0046615158824494076 0.032768043531701194 -0.023432240072683522 -0.0032626441406979696 0.0097835488624258161 -0.0075482672561919114 -0.0029787772964163695 -0.092761623965348802 -0.088920373781498044 -0.030857739154458122 0.031666202606253566 -0.14803605745671747 -0.046381437677513022 -0.10763034327296526 -0.056721664511276887 0.0758800670896881 -0.05199473353369384 -0.022874787052852997 -0.052361128372274426 -0.12283687153355326 0.033815956229576546 -0.033587649713008483
leaf_weight=448.07508662343025 175.69816011190414 271.50447285175323 327.7051597237587 459.92891439795494 1611.4588397145271 274.35957288742065 2902.1333889961243 5121.9971016347408 758.66520845890045 56.616719216108322 30.686142116785049 298.86210885643959 406.28557696938515 293.73733377456665 517.24296340346336 1004.8002889156342 526.17782279849052 286.4006250500679 265.04743260145187 148.63829281926155 312.42009642720222 181.48169815540314 261.61615172028542 312.96043941378593 182.28683158755302 1541.2461236715317 361.6557432115078 37.143369615077972
leaf_count=572 598 76 98 1768 2914 816 3078 2667 1868 169 43 981 1497 615 1944 2544 784 386 996 443 1049 336 956 1077 653 2860 158 56
internal_value=-0.00389721 0.00537007 0.00946122 -0.0250773 -0.00652535 -0.00902172 0.0115955 0.0102747 -0.015007 -0.00380782 -0.00464323 -0.0296831 -0.022022 -0.0336902 -0.0225518 -0.00512341 0.00165586 -0.0271308 -0.0106226 -0.0222061 -0.0225029 0.0176878 -0.0325708 -0.0143275 -0.018906 -0.0386168 0.0269003 -0.0385952
internal_weight=19376.8 13479.4 10030.9 5897.46 3448.52 3177.02 8713.49 8024.13 1853.49 726.757 1317.36 4043.97 1392.88 2651.09 816.105 2616.26 974.253 560.76 671.333 1126.73 343.106 238.098 721.545 488.659 940.952 1834.98 689.361 185.782
internal_count=32002 15185 8449 16817 6736 6660 6001 5745 5200 2180 2448 11617 5217 6400 2925 5458 1356 1202 2493 3020 1092 505 2724 1675 2521 3475 256 499
is_linear=0
shrinkage=0.095152


Tree=24
num_leaves=24
num_cat=0
split_feature=2 5 5 2 2 4 3 4 4 5 2 2 4 2 4 4 3 7 8 4 2 4 4
split_gain=175.601 60.2152 33.0934 25.3429 23.124 21.268 57.7403 23.7468 19.2948 19.1758 18.3181 14.5283 14.3909 11.2708 9.01711 5.95147 5.85543 4.21076 4.03567 1.60789 6.71694 1.02329 0.0729255
threshold=0.1924878455382508 0.25769857076554387 0.85598551460090733 -0.99981480381338828 -1.0601077511134196 1005.9074702022175 2.8012642388553188 1000.8005913371051 1009.7948174529748 0.25881904510252091 1.003250149981874 0.84702168687715174 1002.3149811396938 0.75119891184537113 1007.5002474018714 1008.2881340904485 2.2813356340340714 1.5308708360455785 6.4300000000000024 1011.1170441949317 0.74982640120456845 1003.7240163308701 1012.6489302702203
decision_type=2 2 2 2 2 2 2 2 2 2 2 2 2 2 2 2 2 2 2 2 2 2 2
left_child=1 3 10 16 -3 7 -7 -5 13 21 11 14 -11 18 -2 -13 -1 -15 -4 20 -10 -6 -21
right_child=2 4 8 5 9 6 -8 -9 19 12 -12 15 -14 17 -16 -17 -18 -19 -20 22 -22 -23 -24
leaf_value=0.02541793138689924 -0.030041634231838376 0.047426577080328186 0.0037045770979816737 0.02839434090156975 -0.076067310091665272 0.0047060618869119207 0.058198442202227266 -0.011916401917381369 -0.017359858556644112 0.014761030812382553 0.084636983477519398 -0.050242376038103519 -0.020850574150944604 -0.023148501233147753 -0.0082496749425717466 -0.030391718887955759 0.065897239269887192 -0.10160283619642063 -0.050419725395065812 -0.11931328222721542 -0.10898232982330634 -0.18618479749595179 -0.14425056736753625
leaf_weight=330.16336369514465 1348.2981996238232 142.65915036201477 237.3135878443718 1218.1759733259678 75.96267905831337 3579.2846763432026 1749.8335201442242 2022.6785818338394 71.514761626720428 614.13468065857887 57.514638662338257 999.01245823502541 2628.1687504351139 184.12143084406853 1610.5040971338749 940.10325679183006 357.98869243264198 293.37862783670425 59.592334091663361 281.58497709035873 211.07331782579422 102.45118376612663 261.31872606277466
leaf_count=147 3558 43 784 948 284 3705 921 4014 186 1302 18 2413 5844 543 3142 2179 126 461 184 339 224 408 229
internal_value=-0.00373211 0.00274412 -0.0163988 0.00679013 -0.00776298 0.00537526 0.0090712 -0.00069949 -0.0283014 -0.00933501 -0.0125467 -0.0131796 -0.0076494 -0.0174353 -0.00896963 -0.0195861 0.0243468 -0.02647 -0.00280818 -0.0384346 -0.031987 -0.0396088 -0.0416794
internal_weight=19376.8 12821.5 6555.33 9258.12 3563.38 8569.97 5329.12 3240.85 1599.9 3420.72 4955.43 4897.92 3242.3 774.406 2958.8 1939.12 688.152 477.5 296.906 825.492 282.588 178.414 542.904
internal_count=32002 17742 14260 9861 7881 9588 4626 4962 2950 7838 11310 11292 7146 1972 6700 4592 273 1004 968 978 410 692 568
is_linear=0
shrinkage=0.095152


Tree=25
num_leaves=30
num_cat=0
split_feature=6 0 4 4 9 9 4 9 6 4 0 4 9 3 0 1 4 4 0 4 1 1 3 6 1 4 6 3 9
split_gain=355.641 50.6956 35.5868 31.5251 29.8301 29.5155 25.3103 18.5844 17.9577 15.8499 12.6893 12.9184 12.037 10.164 10.0082 8.73158 12.0014 8.21563 7.17852 7.67756 6.14645 5.63776 4.58508 4.49031 4.44289 3.17063 2.55408 2.17335 0.0507637
threshold=-0.00058450420491038837 0.96316368718897982 1010.3012489055865 1006.6994313181624 0.42691334062447167 1.341397600562577 1002.2050660130377 3.0820891437077607 -1.0122207178162168 1007.7996069988827 1.0213340577825283 1006.6994313181624 -1.1500781138827951 2.0807563647613532 -0.86902122408030602 -0.27854556667878866 1008.1976206357175 1007.404126935617 -0.27243815032675028 999.80294436967711 0.44116815532797032 0.9746956184065646 2.8930719689536999 0.69971674903203429 -0.29296781708709579 1001.7409717509555 0.91597561503675351 2.5202313339999893 -0.16912715153092603
decision_type=2 2 2 2 2 2 2 2 2 2 2 2 2 2 2 2 2 2 2 2 2 2 2 2 2 2 2 2 2
left_child=1 3 10 5 14 12 -7 8 -5 18 11 -3 -1 26 17 16 -16 22 19 -6 -19 -9 -2 -20 -15 -17 -11 28 -4
right_child=4 2 27 7 9 6 -8 21 -10 13 -12 -13 -14 24 15 25 -18 20 23 -21 -22 -23 -24 -25 -26 -27 -28 -29 -30
leaf_value=-0.028908935741865219 -0.035281274149157181 0.0055081921057048679 -0.12022441115195566 0.041140988608279618 0.060648305421737742 0.040100651393534636 -0.00097075715214357849 -0.026001777492162197 0.021601820095213661 -0.062989380724363941 0.030928563138465301 -0.059889527045219985 -0.001682630059589288 0.011059335662445087 -0.011113957121638653 -0.028073815326606622 -0.085134187638264663 -0.030027834284751611 -0.014104993281083408 -0.011284957868304597 0.0017456259418323255 0.016562657470716054 -0.08574789711980331 -0.046585968148605633 -0.02889235618913719 -0.098583965374924296 -0.15185867837466291 -0.07393216051195281 -0.085529553723300664
leaf_weight=1056.7930600643158 119.19806277751923 376.14384463429451 218.44843596220016 949.06203597784042 54.27215039730072 1022.7950922548771 917.28149977326393 361.85302197933197 5817.1694037914276 482.25986731052399 117.98304736614227 213.78014093637466 1955.743680536747 81.396277874708176 282.4223937690258 48.258598744869232 431.21618321537971 255.86489835381508 479.5982691347599 578.07014378905296 187.98360431194305 178.33362263441086 235.85150793194771 428.47037759423256 205.75091651082039 1884.9300719797611 134.1494559943676 62.76369971036911 104.12646436691284
leaf_count=2171 421 1200 321 240 50 375 1031 282 5459 1425 34 654 2869 214 1062 148 1602 656 1620 1890 289 74 807 1604 499 3990 527 127 264
internal_value=-0.00338196 0.00520894 -0.0144089 0.00696087 -0.0228569 0.00109673 0.0102483 0.0109332 0.0122897 -0.0147922 -0.00170643 -0.0074324 -0.00479463 -0.0247988 -0.0285653 -0.0313966 -0.0222704 -0.0191317 -0.00889781 -0.00108722 -0.0104081 -0.00602259 -0.0299206 -0.0143131 -0.00988553 -0.034741 -0.0316885 -0.0376242 -0.0408509
internal_weight=19242 13352.3 1093.25 12259 5889.69 4952.61 1940.08 7306.42 6766.23 2443.97 707.907 589.924 3012.54 903.557 3445.73 2646.83 713.639 798.898 1540.41 632.342 443.849 540.187 355.05 908.069 287.147 1933.19 616.409 385.339 322.575
internal_count=31905 15101 2600 12501 16804 6446 1406 6055 5699 7829 1888 1854 5040 2665 8975 6802 2664 2173 5164 1940 945 356 1228 3224 713 4138 1952 712 585
is_linear=0
shrinkage=0.095152


Tree=26
num_leaves=21
num_cat=0
split_feature=2 2 5 9 8 9 5 5 9 2 7 3 2 2 5 3 8 2 9 8
split_gain=130.555 47.2893 47.871 39.6336 22.5217 17.561 15.802 14.2828 13.7322 8.86967 5.71777 9.32067 4.53648 6.07448 3.92004 1.8871 1.77051 1.69172 1.98084 0.377901
threshold=0.57402163285499952 -1.0601077511134196 0.25769857076554387 -0.054816201801079593 10.210112045152519 1.0000000180025095e-35 0.25881904510252091 0.85598551460090733 1.1189811785557462 0.99992591960455823 2.3532053622751259 2.7107180597601839 0.61227740664935426 0.8977101403255705 0.38232582464440273 5.4741346723857731 4.2200000000000015 0.80392796183282111 -1.6080011677544073 4.6621247146389644
decision_type=2 2 2 2 2 2 2 2 2 2 2 2 2 2 2 2 2 2 2 2
left_child=1 -1 4 7 5 -3 16 10 -8 12 15 -12 14 -14 -5 -2 -4 18 -9 -19
right_child=3 2 6 9 -6 -7 8 17 -10 -11 11 -13 13 -15 -16 -17 -18 19 -20 -21
leaf_value=0.047986932283411048 -0.028868580770877304 -0.0038774301743682562 -0.052196466627308487 -0.041400180165982507 0.11231489105478973 0.01455417061770135 -0.026818177425278963 -0.089233360755688537 -0.0015339265116490384 0.057931749445964825 -0.039822149982815518 -0.060118738663458876 -0.0034063272872104692 -0.021085506701261893 -0.0024508513812251656 0.012419796428340199 -0.11455443024522755 -0.099417144686755526 -0.062411253047157868 -0.11051368216400038
leaf_weight=712.75156986713409 194.75423917174339 3608.9699218869209 47.42209181189537 93.938430786132812 299.16176405549049 5968.4381445646286 2199.6314841508865 63.949240803718567 1773.7406722009182 48.175832688808441 482.62765049934387 996.88357478380203 903.01284676790237 943.89833161234856 44.398611426353455 47.094674915075302 183.98733681440353 112.08412218093872 73.208562672138214 443.84072601795197
leaf_count=199 587 5961 160 210 151 5861 5493 62 3477 53 974 2120 2371 2516 147 186 723 173 170 311
internal_value=-0.00319741 0.00109974 -0.000110765 -0.0174891 0.00350825 0.00270157 -0.00861286 -0.0257316 -0.00719436 -0.00768526 -0.0210403 -0.0232612 -0.00867731 -0.00741049 -0.0252637 -0.00734745 -0.0327308 -0.0373011 -0.0269678 -0.039756
internal_weight=19242 14794.1 14081.4 4447.87 9876.57 9577.41 4204.78 2414.44 3973.37 2033.42 1721.36 1479.51 1985.25 1846.91 138.337 241.849 231.409 693.083 137.158 555.925
internal_count=31905 22025 21826 9880 11973 11822 9853 4583 8970 5297 3867 3094 5244 4887 357 773 883 716 232 484
is_linear=0
shrinkage=0.095152


Tree=27
num_leaves=30
num_cat=0
split_feature=6 5 4 4 9 9 4 3 2 4 5 5 6 9 9 3 2 4 9 3 4 3 6 3 4 4 9 6 5
split_gain=294.504 36.4182 42.684 25.0123 23.7483 21.8878 26.6421 20.4861 20.0745 16.19 12.073 12.001 11.4589 9.08461 7.65087 7.03857 6.60161 6.20998 6.21989 5.38247 4.36417 4.19682 3.69187 3.40417 3.3586 2.85789 0.95146 0.736981 0.283574
threshold=-0.00058450420491038837 0.85598551460090733 1009.7948174529748 1006.7026438013824 0.35451428936629631 2.0606303735081082 1002.3149811396938 2.0450000000000004 0.57402163285499952 1006.7026438013824 -0.26249920084584166 -0.72003975811059051 -0.81691148600159058 -1.1500781138827951 1.318729794503444 3.4300330186637717 -0.99862982478704421 1009.7948174529748 -1.90984189841423 4.9221777408528053 1003.3035312562519 4.0625425128155035 0.69971674903203429 1.6800877324686148 1010.6107725318088 1010.3012489055865 1.4769285579669058 0.98296291314453421 0.96516422923311385
decision_type=2 2 2 2 2 2 2 2 2 2 2 2 2 2 2 2 2 2 2 2 2 2 2 2 2 2 2 2 2
left_child=1 3 12 5 10 13 -7 14 -9 21 16 23 -3 -1 -5 -13 -2 18 -12 -18 -14 22 -6 -11 25 -4 -23 -19 -26
right_child=4 2 24 7 9 6 -8 8 -10 11 17 15 20 -15 -16 -17 19 27 -20 -21 -22 26 -24 -25 28 -27 -28 -29 -30
leaf_value=-0.021198840975635899 0.089229982300507688 0.075295232408598492 -0.083221832101345039 0.013820823777718068 -0.0020750229439415635 0.053662697886420543 -0.0028444717795025952 0.036221896921746967 -0.00071524802841835191 -0.042017449554816837 -0.11060802731008063 -0.079142595923074613 0.032645759084308182 0.0015598238975216246 -0.0016396951750650424 0.034787820444731575 -0.030137020975235289 -0.084734011048841984 -0.051389615496853523 -0.19674985064617259 -0.0072071587232851895 -0.054001441238148581 -0.02215497298264784 0.0010007126763741162 -0.12844920472918372 -0.00025758978661539442 -0.018261645338408395 -0.18888943462069693 -0.090556617360788225
leaf_weight=1071.0225651562214 36.873796790838242 57.435310959815979 59.450746059417725 1959.9673245847225 732.23364594578743 714.1612391769886 684.09917685389519 3299.2213999629021 707.64856535196304 124.23692482709885 277.00002387166023 704.45364284515381 144.82445847988129 2558.4495643377304 1298.3277676105499 40.397599875926971 1119.2815192937851 840.78196746110916 894.39871057868004 91.74261075258255 423.41983541846275 76.993780612945557 579.90418246388435 195.34290480613708 136.70048707723618 42.910949051380157 75.4278564453125 100.62361311912537 194.637659907341
leaf_count=2185 68 17 184 1523 2319 209 743 2136 1632 409 407 2245 368 3384 697 113 3372 1528 2808 176 1314 211 2162 396 365 98 279 311 246
internal_value=-0.00300752 0.00481009 -0.0121033 0.00626986 -0.0207297 0.00110703 0.0112177 0.00984009 0.0143969 -0.0137418 -0.0259768 -0.0226717 0.00378681 -0.00278735 0.00422886 -0.0292872 -0.0184932 -0.0303762 -0.0256462 -0.0197109 -0.000327462 -0.00722794 -0.00546557 -0.00715484 -0.0349972 -0.0192974 -0.0221353 -0.036203 -0.039711
internal_weight=19242 13352.3 1059.38 12292.9 5889.69 5027.73 1398.26 7265.17 4006.87 2528.99 3360.7 1064.43 625.68 3629.47 3258.3 744.851 1247.9 2112.8 1171.4 1211.02 568.244 1464.56 1312.14 319.58 433.7 102.362 152.422 941.406 331.338
internal_count=31905 15101 2592 12509 16804 6521 952 5988 3768 8134 8670 3163 1699 5569 2220 2358 3616 5054 3215 3548 1682 4971 4481 805 893 282 490 1839 611
is_linear=0
shrinkage=0.095152


Tree=28
num_leaves=29
num_cat=0
split_feature=6 0 4 4 2 4 1 7 0 1 2 0 0 4 1 2 6 4 4 2 0 6 7 2 1 1 1 0
split_gain=248.504 37.5524 31.7974 22.9777 20.6955 18.3608 16.6489 15.2118 14.9426 17.3339 14.887 9.15479 7.9054 9.56623 6.8886 5.43008 5.18337 10.6881 5.53301 5.14595 5.0514 4.04987 2.18501 1.92277 4.34339 4.04048 1.48557 0.345065
threshold=-0.00058450420491038837 0.96316368718897982 1010.3012489055865 1008.0030012654794 -0.99981480381338828 1002.2050660130377 0.60198183946171657 8.3100000000000023 -0.26529599416890731 -0.13574673742831869 0.27851253630751921 0.47371340546989488 1.0213340577825283 1007.2988215150846 0.5599895493230127 -0.53374473996619265 0.48809721101169207 1005.9074702022175 1003.9033817818209 -0.38604159279334443 -0.085374066644856431 0.69971674903203429 4.3350000000000017 -0.11343308229823963 -0.14455433648243116 -0.71011294284286863 0.93228057993045244 0.97067606234733783
decision_type=2 2 2 2 2 2 2 2 2 2 2 2 2 2 2 2 2 2 2 2 2 2 2 2 2 2 2 2
left_child=1 3 12 4 -1 14 -6 11 16 10 -10 -5 13 -3 23 -11 17 -7 -18 21 -9 -16 27 25 -25 -2 -21 -4
right_child=5 2 22 7 6 8 -8 20 9 15 -12 -13 -14 -15 19 -17 18 -19 -20 26 -22 -23 -24 24 -26 -27 -28 -29
leaf_value=0.026525205602605535 -0.067102955221536156 0.0057686833535020238 -0.11520519208645881 0.021874138603670344 -0.0054219145872791202 -0.048408063517072365 0.014411933629543855 0.051431366264576589 -0.058487273180777587 -0.047846908702528855 -0.003288934755031581 0.0023538423511449734 0.017568466908856523 -0.053650339806373369 0.049626573150344619 -0.087485346479204293 -0.0054766242525551585 -0.0051302260281306314 -0.040812141516407878 0.0066261225160961822 0.06402153722997983 -0.0094879406968223379 -0.056286058723355292 0.011047223004144393 -0.11439090142442131 -0.022058520934558287 -0.045645193295537893 -0.066539361954110809
leaf_weight=401.0299679338932 71.947674781084061 398.11427515745163 136.83477818965912 3369.338346362114 3348.3720390796661 238.04539492726326 3155.8503956198692 310.54544475674629 566.02673855423927 315.01161247491837 425.69896304607391 1367.8979359269142 117.98304736614227 191.80971041321754 126.18598100543022 1568.211576461792 205.89578658342361 597.86901924014091 1283.3584025502205 35.608721524477005 305.99728733301163 60.157491028308868 63.260461330413818 103.55177634954453 30.725217759609222 173.26112443208694 88.137298971414566 185.24336051940918
leaf_count=159 285 1258 375 2369 5461 856 2195 186 2118 1149 1484 2023 34 596 259 2763 773 1315 4120 107 108 229 79 411 35 626 274 258
internal_value=-0.00283045 0.00435066 -0.0125332 0.0058586 0.00222821 -0.0191099 0.000930446 0.0105369 -0.0210449 -0.0256423 -0.0154027 0.00869805 -0.000527744 -0.00505297 -0.00448691 -0.0310129 -0.0153434 -0.00929296 -0.0187194 0.00599211 0.0245954 0.0159595 -0.0344766 -0.013074 -0.00374898 -0.0180801 -0.0089257 -0.0377088
internal_weight=19242 13352.3 1093.25 12259 6905.25 5889.69 6504.22 5353.78 5200.12 2874.95 991.726 4737.24 707.907 589.924 689.575 1883.22 2325.17 835.914 1489.25 310.089 616.543 186.343 385.339 379.486 134.277 245.209 123.746 322.078
internal_count=31905 15101 2600 12501 7815 16804 7656 4686 14578 7514 3602 4392 1888 1854 2226 3912 7064 2171 4893 869 294 488 712 1357 446 911 381 633
is_linear=0
shrinkage=0.095152


Tree=29
num_leaves=29
num_cat=0
split_feature=6 6 4 6 9 6 1 4 4 6 3 6 7 9 3 6 9 7 1 1 9 7 3 1 6 9 1 4
split_gain=213.234 25.8015 27.2327 22.5635 21.6995 14.78 15.5824 23.549 12.174 12.6161 12.111 12.0807 10.955 10.572 7.20111 6.66957 6.15103 5.94902 5.51722 10.6621 4.96608 4.8308 4.52972 3.53965 2.85481 2.68795 2.17118 2.01925
threshold=-0.00058450420491038837 -0.50248067388556295 1010.4947470612982 -0.49932976672732488 -0.017360157442679377 -1.0122207178162168 0.60198183946171657 1006.0153375279965 1006.6994313181624 0.69971674903203429 1.3630722932381316 -0.25990157396951935 5.2427863870234601 -0.78473232526751235 2.2610883208937023 0.69971674903203429 1.2976894247916599 7.7400243980812595 -0.1965809726104307 0.6754287423297014 4.3890401347709682 2.8700000000000032 3.9950000000000006 -0.44766222671863404 0.91597561503675351 -1.8678484065229239 -0.092364557225051783 1007.8969132516236
decision_type=2 2 2 2 2 2 2 2 2 2 2 2 2 2 2 2 2 2 2 2 2 2 2 2 2 2 2 2
left_child=1 5 3 20 15 10 7 -7 17 14 -1 -5 26 -8 -10 18 -12 22 23 -20 -3 27 -6 -2 -11 -23 -4 -17
right_child=4 2 12 11 8 6 13 -9 9 24 16 -13 -14 -15 -16 21 -18 -19 19 -21 -22 25 -24 -25 -26 -27 -28 -29
leaf_value=-0.00063074620630010651 -0.025768265121242244 -0.021404645937496081 -0.044902322497692347 0.053260355311345653 -0.010484119258604313 -0.019568936645359913 -0.0049581355881343891 0.011944570084551152 -0.035653010286174645 -0.049923445581625626 0.058211428589285283 0.0060982713382864741 0.0029322781717446463 0.01925167453938367 0.001382475536148334 -0.0088175563243711001 0.019783793295754068 0.072013226775145128 -0.06061755487433737 -0.019654667034770434 0.020611278381014824 -0.10365609368859889 -0.029379221483036101 0.018536140751849318 -0.11484547372142494 -0.065711277317701836 -0.096137572554718317 -0.051195250014477119
leaf_weight=436.04484450817108 301.15150532126427 1060.3889080882072 105.31608390808105 442.66466319561005 1399.3140366077423 1435.5260542035103 665.34240370988846 3549.6950423717499 493.26577189564705 363.34479475021362 633.35941588878632 971.38411483168602 77.625335484743118 3067.6761402189732 287.51249572634697 107.56487634778023 537.74048793315887 59.214562684297562 734.41035601496696 400.8816847205162 120.53074452280998 374.63406586647034 190.43514966964722 77.448552161455154 250.66512969136238 797.64497163891792 248.98281112313271 52.204826593399048
leaf_count=111 1092 1899 303 118 4957 3145 801 3714 1367 1297 169 2279 96 1734 505 373 127 64 1099 730 217 816 599 234 972 2505 388 194
internal_value=-0.00256416 0.0040878 -0.00363364 4.85249e-05 -0.0176442 0.00635276 0.00480345 0.0013187 -0.0120421 -0.0185871 0.0147382 0.00815829 -0.0257164 0.00945155 -0.0105079 -0.0236227 0.0197742 -0.00648747 -0.0192397 -0.022565 -0.00964966 -0.0285698 -0.00760291 -0.00918992 -0.0287943 -0.0306962 -0.032793 -0.0127619
internal_weight=19242 13352.3 3026.89 2594.97 5889.69 10325.4 8718.24 4985.22 3043.75 1394.79 1607.14 1414.05 431.924 3733.02 780.778 2845.94 1171.1 1648.96 1513.89 1135.29 1180.92 1332.05 1589.75 378.6 614.01 1172.28 354.299 159.77
internal_count=31905 15101 5300 4513 16804 9801 9394 6859 9761 4141 407 2397 787 2535 1872 7043 296 5620 3155 1829 2116 3888 5556 1326 2269 3321 691 567
is_linear=0
shrinkage=0.095152


Tree=30
num_leaves=25
num_cat=0
split_feature=5 9 0 7 5 5 0 0 9 1 3 3 1 9 5 0 5 3 0 9 1 5 1 0
split_gain=63.4055 35.0122 29.9261 29.6658 21.7504 19.7741 15.6798 15.1676 11.6806 11.6506 9.92442 9.13515 9.02482 5.99948 6.35139 5.68391 5.61012 5.72808 4.22263 3.56395 3.07241 2.08561 1.84809 1.74039
threshold=0.70685347305239377 -0.075516190449709683 -0.7062455685407496 7.9062025029692231 0.25769857076554387 0.50217317375345694 -0.25876952851016011 0.4990415606769007 0.38985690848052462 -0.23025842632834895 1.8226034068756778 1.6011268879015392 0.88428176967528671 6.3457519909504585 1.1077953320062497 -0.71877333540259447 -1.0013879852237297 4.0850000000000009 -0.38624640593798959 -2.6405706716334261 -0.74409704927257525 0.7424560607094628 -0.45773428390940668 0.96316368718897982
decision_type=2 2 2 2 2 2 2 2 2 2 2 2 2 2 2 2 2 2 2 2 2 2 2 2
left_child=2 9 8 4 6 -6 -4 -3 16 22 20 12 -5 14 -9 -12 -1 -18 -13 -11 -10 -21 23 -2
right_child=1 7 3 11 5 -7 -8 13 10 19 15 18 -14 -15 -16 -17 17 -19 -20 21 -22 -23 -24 -25
leaf_value=0.044382952540959711 -0.012705297731282187 0.092880699589091995 -0.0028184991152443955 0.019484791980872409 -0.01702553571393569 0.033316772278141837 0.013396360996252148 -0.016961757021668643 -0.053223093516729852 -0.06982757669299898 0.017565775341728467 0.040080191676122472 -0.022235722890834368 0.032022157730377615 0.075084679040838043 -0.012534921274700255 -0.015682404409351293 -0.042313772833804358 0.060377157548270104 -0.051060000436328502 -0.010889523352886666 -0.068839004786939773 0.013112526756778412 -0.045177516010941172
leaf_weight=72.297207832336426 176.79787296056747 94.036475598812103 3219.9750282168388 348.7061293721199 2551.6285120844841 140.54775679111481 4047.2485107779503 2020.9749540388584 144.20619377493858 209.90480697154999 868.67777478694916 293.60004839301109 216.35000219941139 68.195661664009094 33.35569179058075 427.54875883460045 1671.3793127834797 411.93545731902122 670.65244472026825 237.81391099095345 517.06229940056801 782.41017860174179 45.445227205753326 102.97031044960022
leaf_count=17 579 26 4940 173 5118 37 2831 6125 443 171 1625 170 120 103 12 681 4355 992 301 446 1054 1055 165 372
internal_value=-0.00258076 -0.0136493 9.53057e-05 0.00258962 0.000692753 -0.0066094 0.00340035 -0.00595626 -0.00686727 -0.02459 -0.00153674 0.0149228 0.00526841 -0.00762481 -0.00855487 0.00329507 -0.011698 -0.0126074 0.0205519 -0.0288265 -0.0110147 -0.0263921 -0.00847327 -0.0113813
internal_weight=19373.7 3771.91 15601.8 11488.7 9959.4 2692.18 7267.22 2216.56 4113.11 1555.34 1957.5 1529.31 565.056 2122.53 2054.33 1296.23 2155.61 2083.31 964.252 1230.13 661.268 1020.22 325.213 279.768
internal_count=31911 9054 22857 13690 12926 5155 7771 6266 9167 2788 3803 764 293 6240 6137 2306 5364 5347 471 1672 1497 1501 1116 951
is_linear=0
shrinkage=0.095152


Tree=31
num_leaves=27
num_cat=0
split_feature=6 0 4 8 9 4 9 9 9 6 0 1 1 6 0 4 0 8 9 8 4 9 1 8 0 9
split_gain=167.852 30.3704 24.0236 21.5448 20.7174 12.4014 11.9521 13.3517 11.2699 11.0728 10.0342 7.31489 8.80649 8.62455 6.7758 7.94641 5.46251 4.9865 4.5231 4.09803 4.84618 3.36774 2.10967 1.37562 1.20833 0.866722
threshold=-0.00058450420491038837 0.96316368718897982 1010.6107725318088 9.6761245795069133 -0.017360157442679377 1007.7996069988827 1.0000000180025095e-35 -5.6428361738647785 4.2414197678489964 0.91597561503675351 -0.27806656930281021 -0.1965809726104307 0.6754287423297014 0.69971674903203429 1.0213340577825283 1007.2988215150846 -1.0030109275060868 5.5600000000000014 1.1189811785557462 2.4149999999999996 1007.7996069988827 4.2414197678489964 -0.36010136045772007 6.9900000000000011 0.97067606234733783 -1.4508584776341562
decision_type=2 2 2 2 2 2 2 2 2 2 2 2 2 2 2 2 2 2 2 2 2 2 2 2 2 2
left_child=1 3 14 6 10 16 7 -1 -8 17 19 13 -13 -12 15 -3 -6 -7 -5 22 -21 -18 -2 -11 -4 -26
right_child=4 2 24 18 5 9 8 -9 -10 23 11 12 -14 -15 -16 -17 21 -19 -20 20 -22 -23 -24 -25 25 -27
leaf_value=0.078651913864420414 -0.0131608320363531 0.0041311781851864062 -0.095253858954243653 0.11436444689564657 0.029739659624035193 0.0062484691550418418 0.013022426668497889 -0.0015017938096881524 -0.019116290582792558 -0.055046965922246435 0.0046494659984361456 -0.072741570694389121 -0.051231968617992063 -0.060616701546713142 0.038553861278749803 -0.042129941342161706 -0.013063753811497896 -0.028181129063944241 0.034171599044101081 -0.04465929587871563 -0.014959685558591018 0.014298434069237063 0.04621455994663444 -0.12480924071023364 -0.067623392272677496 -0.040909318803611393
leaf_weight=191.21154606342316 33.64316663146019 390.20706754922867 137.532375395298 224.06876736879349 29.666086912155151 139.15314275026321 7058.3217382729053 4283.7337898612022 346.34557291865349 85.97729828953743 155.36337769031525 930.36594715714455 328.45328497886658 224.19230940937996 126.70065402984619 216.71541398763657 1686.7971613109112 866.11949518322945 229.954002648592 568.53674054145813 604.1841533780098 95.264536380767822 34.618699848651886 157.60875570774078 100.48433691263199 128.50110638141632
leaf_count=199 132 1262 367 107 8 368 5494 6218 396 327 548 1204 783 864 38 673 5771 2362 124 1836 1605 282 83 610 63 187
internal_value=-0.00236477 0.00352395 -0.0116118 0.00487619 -0.0156826 -0.0102169 0.00409582 0.000210298 0.00644181 -0.0175121 -0.0214804 -0.0263843 -0.0298896 -0.0146602 -0.00163962 -0.00584062 -0.00517186 -0.0130492 0.0251941 -0.0149742 -0.0162968 -0.0058629 0.00743909 -0.0357043 -0.0314582 -0.0266883
internal_weight=19373.7 13433.8 1100.14 12333.6 5939.94 3060.59 11879.6 4474.95 7404.67 1248.86 2879.36 1638.37 1258.82 379.556 733.623 606.922 1811.73 1005.27 454.023 1240.98 1172.72 1782.06 68.2619 243.586 366.518 228.985
internal_count=31911 15128 2590 12538 16783 9728 12307 6417 5890 3667 7055 3399 1987 1412 1973 1935 6061 2730 231 3656 3441 6053 215 937 617 250
is_linear=0
shrinkage=0.095152


Tree=32
num_leaves=25
num_cat=0
split_feature=2 1 1 1 1 2 2 2 2 1 5 2 7 5 8 5 1 2 1 1 1 2 7 8
split_gain=77.7839 37.3324 34.2221 22.1593 19.8987 24.7163 18.6842 27.0605 18.502 18.2224 16.063 12.3725 12.2642 8.43087 7.51691 7.31927 9.24052 6.46523 5.88106 5.57909 5.13746 3.39609 3.32667 1.02318
threshold=0.57402163285499952 -0.16127851058735093 -0.6233502813417785 0.90735081026143583 -0.99995369919546395 0.058942987644181481 -0.011309441014487968 -0.79839570859512754 -1.0601077511134196 0.92156953051579749 0.32672653076151503 0.99765581929545111 5.5126198640502695 0.25769857076554387 9.6761245795069133 -0.5 -0.46606449927491084 0.5456398434046178 0.010477660338809919 -0.81900730237416497 0.8125275233825292 0.90515966073569365 5.6200000000000001 3.8615780039653367
decision_type=2 2 2 2 2 2 2 2 2 2 2 2 2 2 2 2 2 2 2 2 2 2 2 2
left_child=2 15 4 11 -1 13 7 8 -4 -9 14 12 -3 -6 -8 16 23 -7 -13 -17 -12 -18 -21 -2
right_child=1 3 6 -5 5 17 10 9 -10 -11 20 18 -14 -15 -16 19 21 -19 -20 22 -22 -23 -24 -25
leaf_value=0.056362529168164345 -0.023693209747830714 -0.049614730641232473 0.024190007242774484 0.038172054984374156 -0.027179597525984131 -0.00020013311712176158 -0.0042516829731720001 0.030791833816685314 -0.0043241273092289763 0.0043081061352967806 -0.016014401069267711 -0.014273226853159869 -0.0097202056201259532 -0.0497092608976345 0.046461532070759128 0.18179926247323439 0.018097779222508756 0.074982692321018382 0.029716224588227411 0.010204858850799619 -0.060111353514844 -0.0051549264313592901 -0.066416740992733855 -0.065517135442389587
leaf_weight=253.55412223935127 116.15990021824837 2112.2935744225979 599.34450733661652 68.189100861549377 1257.4689122438431 947.78652656078339 1364.6609987914562 2989.5185388326645 4017.774572968483 1965.8556142449379 53.227201700210571 163.23270270228386 732.12994942069054 620.64841187000275 134.45479533076286 42.063006281852722 45.603236734867096 79.455378651618958 102.57860833406448 810.16937425732613 554.05908364057541 177.06468996405602 56.992127925157547 109.43559202551842
leaf_count=156 441 3848 169 27 2688 2669 1938 2310 6752 1671 16 350 1299 2198 98 13 92 177 286 2557 1159 476 161 360
internal_value=-0.00220768 -0.0131105 0.00112533 -0.0187499 -0.0076579 -0.00989339 0.00350273 0.00528857 4.43048e-05 0.0101709 -0.00460515 -0.0199332 -0.021767 -0.0163809 0.000678836 8.98031e-05 -0.00983394 0.00196142 -0.000251079 0.00500371 -0.0176424 0.00386666 0.00331569 -0.0233554
internal_weight=19373.7 4535.91 14837.8 3178.42 3158.91 2905.36 11678.9 9572.49 4617.12 4955.37 2106.4 3110.23 2844.42 1878.12 1499.12 1357.49 448.263 1027.24 265.811 909.225 607.286 222.668 867.162 225.595
internal_count=31911 9910 22001 5810 7888 7732 14113 10902 6921 3981 3211 5783 5147 4886 2036 4100 1369 2846 636 2731 1175 568 2718 801
is_linear=0
shrinkage=0.095152


Tree=33
num_leaves=23
num_cat=0
split_feature=6 5 0 8 5 7 0 9 6 9 9 6 8 7 9 8 9 9 9 0 7 9
split_gain=128.045 21.7758 21.397 21.0521 15.7485 15.4936 15.0722 13.1838 13.8159 11.8362 9.74035 8.62853 5.19175 5.18445 5.06926 4.42143 4.10815 3.86426 3.50497 3.3518 2.01984 0.453406
threshold=-0.00058450420491038837 -0.26249920084584166 0.96316368718897982 9.6761245795069133 0.76907602061052538 3.7700000000000018 -0.16106461407525813 1.7419914856013341 -0.58169145343016837 -1.4232963203590783 -5.6428361738647785 0.74400421579309162 6.2800000000000002 4.2649999999999997 4.2414197678489964 2.8600000000000017 -0.075516190449709683 1.1189811785557462 0.12312711072382761 1.2416834875758627 0.89499999999999968 -2.3951925914821524
decision_type=2 2 2 2 2 2 2 2 2 2 2 2 2 2 2 2 2 2 2 2 2 2
left_child=2 6 3 4 10 9 14 8 -4 21 -1 16 -10 -13 18 -11 -7 -5 -2 20 -9 -3
right_child=1 5 7 17 -6 11 -8 19 12 15 -12 13 -14 -15 -16 -17 -18 -19 -20 -21 -22 -23
leaf_value=0.071187072873374141 -0.020715982641368841 -0.060326491096536969 0.048351607022815837 0.09174182847988599 0.10252720258015637 -0.038941387308080083 0.070700862409824566 0.019231073693369183 -0.01740650839685445 0.01447850404925252 0.0058412743411028313 -0.028373517576492122 -0.061873740857694148 -0.088675982371442086 0.078036377458096218 -0.018953293436845119 -0.021438946349052485 0.032603561338033236 -0.0068943959780713672 0.054783089781658315 -0.00015859239208880873 -0.067046425982881241
leaf_weight=191.21154606342316 1130.7017923295498 92.310579121112823 82.976604700088501 224.06876736879349 171.0301701426506 584.54741740226746 47.703928351402283 51.418711513280869 205.01782187819481 154.13237228989601 11517.37093091011 167.9462081193924 402.28895914554596 848.09636634588242 42.938140958547592 1264.6129701435566 411.14213851094246 229.954002648592 1039.5433773398399 43.044910669326782 315.39394634962082 156.2688652575016
leaf_count=199 3321 136 23 107 48 907 11 173 678 575 12060 602 865 2848 72 3786 1213 124 3060 10 841 252
internal_value=-0.00187159 -0.0135036 0.00327155 0.00440665 0.00363531 -0.0180209 -0.00614064 -0.00943219 -0.01745 -0.0112095 0.00321337 -0.0236486 -0.0224345 -0.0298446 -0.00729777 -0.00782507 -0.0172813 0.0244901 -0.00794821 0.00405339 0.00102481 -0.0303279
internal_weight=19373.7 5939.94 13433.8 12333.6 11879.6 3679.06 2260.89 1100.14 690.283 1667.32 11708.6 2011.73 607.307 1016.04 2213.18 1418.75 995.69 454.023 2170.25 409.858 366.813 248.579
internal_count=31911 16783 15128 12538 12307 10319 6464 2590 1566 4749 12259 5570 1543 3450 6453 4361 2120 231 6381 1024 1014 388
is_linear=0
shrinkage=0.095152


Tree=34
num_leaves=21
num_cat=0
split_feature=7 9 4 9 8 0 0 8 1 1 9 8 8 1 1 0 1 8 9 1
split_gain=35.3537 19.7022 22.6971 16.5845 15.7494 13.8332 15.599 13.4571 18.1213 9.59314 8.74801 8.27434 7.41073 7.40371 6.05614 5.93665 5.74325 5.22354 4.4173 5.16495
threshold=6.5699999999999994 1.944299715877275 1002.3149811396938 -5.6428361738647785 9.6761245795069133 0.96316368718897982 1.0397779820998518 6.2500000000000027 0.68719664214447729 1.0457574278135011 1.0000000180025095e-35 6.6700000000000008 8.8599999999999994 1.1426658481917249 1.2228994624994634 0.55447062824063453 0.50140835354358082 5.9621134703127163 0.17385385083377794 0.99166813670569354
decision_type=2 2 2 2 2 2 2 2 2 2 2 2 2 2 2 2 2 2 2 2
left_child=1 3 7 17 10 9 -7 8 -3 -5 11 -2 14 15 -4 -12 -13 -1 -6 -20
right_child=4 2 12 5 18 6 -8 -9 -10 -11 13 16 -14 -15 -16 -17 -18 -19 19 -21
leaf_value=0.011451498311926961 0.046761021159642834 -0.0067423944605617993 -0.006929816774293376 -0.012975034803554553 0.097988931951515465 -0.034513069971683907 0.049858896354318019 -0.015411467256041681 0.046464013487347411 0.024292090257363324 0.010858161431127352 -0.018553691723513517 -0.054155210952783743 -0.023682555834578296 0.0084547043517067839 0.039205512737733317 0.004799606339484422 0.094451500286166126 -0.001915386600410199 0.046515541826390512
leaf_weight=102.39440581202507 87.149693548679352 243.40803146362305 1530.3659372627735 9456.5469023883343 179.83360216021538 1122.8410750031471 51.907469034194946 192.5145677626133 591.6232071518898 249.25085687637329 3546.3414698243141 663.59660768508911 62.799005180597305 204.83965170383453 72.83513355255127 142.86438316106796 442.14033454656601 112.8807707130909 136.58893689513206 180.99848583340645
leaf_count=200 57 569 3467 19290 131 2633 17 124 487 78 2771 990 85 54 15 81 565 45 145 107
internal_value=-0.00174084 -0.00432791 0.00296771 -0.00610023 0.00464457 -0.00661943 -0.0163722 0.0140827 0.0193103 -0.00543556 0.00305865 -0.0040613 -0.00388596 0.00524367 -0.00260615 0.00622477 -0.00630424 0.0199597 0.0207854 0.0138707
internal_weight=19373.7 13789.4 2693.55 11095.8 5584.35 10880.5 1174.75 1027.55 835.031 9705.8 5086.93 1192.89 1666 3894.05 1603.2 3689.21 1105.74 215.275 497.421 317.587
internal_count=31911 27010 4747 22263 4901 22018 2650 1180 1056 19368 4518 1612 3567 2906 3482 2852 1555 245 383 252
is_linear=0
shrinkage=0.095152


Tree=35
num_leaves=25
num_cat=0
split_feature=6 8 6 0 4 4 1 4 9 9 0 0 1 1 0 8 6 1 4 0 1 9 1 8
split_gain=104.006 17.5351 16.1196 14.3989 21.5065 13.8706 20.3673 10.4415 16.9027 11.6068 9.67708 18.6191 17.045 9.06049 8.0905 7.1951 7.12935 5.78917 5.73584 3.61656 3.20318 2.10281 1.94892 0.13362
threshold=-0.00058450420491038837 9.6761245795069133 0.69971674903203429 0.96316368718897982 1010.6107725318088 1006.7026438013824 0.39457506771186956 1007.1054746646166 2.2990829870027381 3.0820891437077607 0.70594853813046121 -0.93277975297637239 -0.1965809726104307 0.58834825398873847 -1.0030109275060868 4.1750000000000016 0.98296291314453421 0.98801351631316348 1001.9067667217902 0.97067606234733783 -0.5080696981161571 1.2767915924971869 -0.11163836961650342 4.915
decision_type=2 2 2 2 2 2 2 2 2 2 2 2 2 2 2 2 2 2 2 2 2 2 2 2
left_child=1 3 10 7 19 6 15 8 -1 -9 11 14 21 -8 -2 -4 20 -3 -14 -5 -7 -12 -6 -18
right_child=2 17 5 4 22 16 13 9 -10 -11 12 -13 18 -15 -16 -17 23 -19 -20 -21 -22 -23 -24 -25
leaf_value=-0.0057090845555110683 0.039887377674321808 0.03039965033809347 0.013179870254683175 -0.014912327962294128 -0.014991048138038874 -0.062720568448307368 -0.10917244073729993 0.01106021488212439 0.015094488966066747 -0.015817268894796638 0.010174732677750688 0.11610130266584107 0.0053735037872323999 -0.035758333638106959 -0.0096898414625095752 -0.018107972013700738 -0.077051741467287105 0.076245754306373828 -0.036985635963471583 0.01365421794034221 -0.042275382242617808 -0.008448048458742554 -0.062654791876860572 -0.14824900555669909
leaf_weight=4238.9556612372398 37.938077807426453 179.69537505507469 426.33238536119461 303.4543045759201 77.09839928150177 349.92188262939453 198.17625483870506 5928.6405384242535 1302.2457183003426 438.57328698039055 312.11072784662247 144.22453701496124 96.474212884902954 367.22707551717758 1370.6056210100651 378.04338076710701 33.967496514320374 286.39545971155167 1045.5638038516045 430.22323924303055 838.31058126688004 153.62749323248863 260.68611991405487 158.80729758739471
leaf_count=5996 13 125 1571 929 247 1341 271 5153 900 276 1164 42 306 1234 3864 1385 107 140 1781 1057 2601 597 347 541
internal_value=-0.00153531 0.0030886 -0.0120534 0.00243517 -0.00812016 -0.0173823 -0.0105652 0.00338677 0.000363816 0.00601493 -0.00740584 -0.00203541 -0.0125785 -0.0243818 -0.00538654 -0.000812892 -0.0241178 0.0211987 -0.0188304 0.00102081 -0.0212962 0.00273445 -0.0279371 -0.0411747
internal_weight=19357.3 13446 5911.33 12979.9 1071.46 2750.79 1369.78 11908.4 5541.2 6367.21 3160.54 1552.77 1607.78 565.403 1408.54 804.376 1381.01 466.091 1142.04 733.678 1188.23 465.738 337.785 192.775
internal_count=31988 15170 16818 14905 2580 9051 4461 12325 6896 5429 7767 3919 3848 1505 3877 2956 4590 265 2087 1986 3942 1761 594 648
is_linear=0
shrinkage=0.095152


Tree=36
num_leaves=25
num_cat=0
split_feature=6 7 3 6 7 6 4 6 6 3 6 3 6 6 4 7 4 7 9 3 9 8 7 4
split_gain=85.2482 22.6198 14.8972 14.8563 16.9463 11.5322 16.895 16.9296 11.705 11.1654 10.6881 9.67026 7.53401 7.10149 6.54232 6.74758 6.14585 8.23692 2.79601 2.71013 2.47526 1.51808 1.36457 0.871384
threshold=-0.00058450420491038837 8.1000000000000014 0.90009147922033284 0.69971674903203429 4.1400000000000032 -0.50248067388556295 1009.0979735849253 -0.5 -0.25846488450670752 4.7336865763973979 -0.70674862550735462 5.0050000000000008 0.98296291314453421 -0.70782544737876185 1001.5002757846888 4.7411693492930294 1009.7001495435442 8.784332015617375 -2.3402182560615237 1.4218239588946284 2.2645479252125917 3.5708712175467157 2.9723877114785426 1004.3018718085058
decision_type=2 2 2 2 2 2 2 2 2 2 2 2 2 2 2 2 2 2 2 2 2 2 2 2
left_child=1 5 -3 9 11 10 7 -7 -8 14 13 19 18 -1 20 -16 17 -4 -6 -5 -2 -11 -13 -14
right_child=3 2 16 4 12 6 8 -9 -10 21 -12 22 23 -15 15 -17 -18 -19 -20 -21 -22 -23 -24 -25
leaf_value=0.0047639619623114325 0.0009715927686394009 -0.03689653954310957 0.045804515596314668 -0.025034309940477222 -0.067541893799251379 -0.02269015362122076 -0.038131007667123198 0.013679409541734943 0.047611877123025302 -0.030891973562659793 0.026928746539318222 -0.041967254395810963 -0.045196851013404406 -0.011016663075865093 -0.019446421354184836 -0.001235275662252769 0.059464569776383029 0.012339271398414018 -0.040742574631419462 -0.0066937679259817667 0.044375430015475788 -0.12265530778703045 -0.16098073815610647 -0.12428105279211207
leaf_weight=7393.8879654407501 135.59971442818642 219.75147849321365 669.79619431495667 164.67240869998932 157.98301017284393 671.34717088937759 624.73282906413078 1292.4664371311665 52.208105564117432 56.410454988479614 460.9342497587204 61.870915412902832 42.771042257547379 1303.8377840518951 1689.6451308727264 1073.0059976875782 204.05885371565819 552.94703429937363 1087.7710647881031 991.64142262935638 114.5662345290184 91.316941142082214 69.00683605670929 175.06965446472168
leaf_count=6778 420 90 349 590 316 1034 1289 2680 19 190 118 172 143 2413 4414 2394 115 285 3684 3507 243 106 58 581
internal_value=-0.00155446 0.00263169 0.0130751 -0.0110769 -0.0161925 0.00117195 -0.00436453 0.000100725 -0.0173115 -0.0066155 0.00277011 -0.00820074 -0.0231982 0.00201878 -0.00535001 -0.00668769 0.016629 0.0140304 -0.0202812 -0.0053931 0.00932827 -0.0320565 -0.0326013 -0.0395934
internal_weight=19357.3 13446 1646.55 5911.33 2750.79 11799.4 2640.75 1963.81 676.941 3160.54 9158.66 1287.19 1463.59 8697.73 3012.82 2762.65 1426.8 1222.74 1245.75 1156.31 250.166 147.727 130.878 217.841
internal_count=31988 15170 839 16818 9051 14331 5022 3714 1308 7767 9309 4327 4724 9191 7471 6808 749 634 4000 4097 663 296 230 724
is_linear=0
shrinkage=0.095152


Tree=37
num_leaves=25
num_cat=0
split_feature=7 3 5 0 5 5 4 0 8 8 7 5 8 7 5 3 3 0 4 8 3 3 8 8
split_gain=31.0144 31.1218 20.115 24.0804 17.3999 16.3076 13.8546 10.6454 9.99332 8.95572 8.87894 11.1152 8.37115 6.33624 5.48809 6.93939 5.47893 5.46084 5.23119 5.09199 4.54025 4.24088 1.0711 0.763001
threshold=7.4200000000000008 1.4836295102397594 0.25769857076554387 -0.25876952851016011 0.048297696956072146 -1.0000000180025095e-35 1002.617544957082 -0.00016043804030838906 9.6761245795069133 5.1300000000000017 4.8500000000000041 -0.30959086439895661 8.1506487142825801 2.3532053622751259 -0.68997398374011842 2.1401537016911347 3.6725744181662101 -0.5 1009.2983798774027 8.5408963448582842 1.4218239588946284 1.7803063431999482 7.7308830526743577 8.651972642137908
decision_type=2 2 2 2 2 2 2 2 2 2 2 2 2 2 2 2 2 2 2 2 2 2 2 2
left_child=2 12 3 4 5 -1 9 -8 14 20 11 -5 22 -9 18 -16 -12 23 -3 -19 -4 -11 -2 -14
right_child=1 8 6 10 -6 -7 7 13 -10 21 16 -13 17 -15 15 -17 -18 19 -20 -21 -22 -23 -24 -25
leaf_value=-0.0065875001674117317 -0.021699328802967408 0.027597590505621297 0.077947302532984902 0.043205376384155468 0.038117151171248413 -0.067991889768967875 -0.0068511225216037223 -0.0065303429361342627 0.077825947017200484 -0.0028126101817916986 -0.00017368172597657708 0.016639019422066262 -0.04472396737259101 -0.020886153817467008 0.0054318134805934641 0.032369775415326651 0.015546865583737614 0.030990383814225014 -0.006415422431236893 -0.0039721875546245939 -0.017176496196613541 0.029784739999724183 -0.028754251088219669 -0.027318423116000402
leaf_weight=5491.3193245232105 118.3536801636219 763.41218900680542 79.178158283233643 190.96564796566963 82.3368079662323 391.18571245670319 129.02599573135376 1302.7925975322723 318.67330688238144 145.89962461590767 1948.0360050201416 1094.6478710174561 87.012407392263412 3897.5709973871708 269.47003850340843 726.28217387199402 525.33571401238441 169.82300812005997 165.79304444789886 374.94762030243874 444.51030445098877 318.64018699526787 173.0562983751297 149.03021582961082
leaf_count=11432 91 693 107 51 20 1247 37 3799 170 177 852 1369 141 7933 152 327 434 84 196 302 1366 640 166 202
internal_value=-0.00138048 0.00699378 -0.00311272 -0.000395199 -0.00415505 -0.00476885 -0.00729243 -0.00921146 0.0133656 0.00304224 0.00556697 0.0119793 -0.00632752 -0.00988419 0.0107568 0.0156686 0.00222407 -0.0011632 0.00546447 0.00405843 -0.00546666 0.01265 -0.0200522 -0.0132226
internal_weight=19357.3 3315.85 16041.4 9723.83 5964.84 5882.51 6317.62 5329.39 2243.63 988.228 3758.99 1285.61 1072.22 5200.36 1924.96 995.752 2473.37 780.813 929.205 544.771 523.688 464.54 291.41 236.043
internal_count=31988 2524 29464 15405 12699 12679 14059 11769 1538 2290 2706 1420 986 11732 1368 479 1286 729 889 386 1473 817 257 343
is_linear=0
shrinkage=0.095152


Tree=38
num_leaves=27
num_cat=0
split_feature=2 1 9 1 2 2 2 1 2 1 2 5 2 7 5 1 9 7 7 1 1 1 7 2 7 7
split_gain=41.1556 28.3107 24.6242 22.8626 20.195 16.0445 15.1062 18.789 13.7236 20.9395 14.4569 7.94469 6.98994 8.54798 6.79455 6.5353 6.3789 5.70021 5.05579 5.05084 4.58185 2.83873 2.67526 2.31443 1.5289 0.562392
threshold=0.74982640120456845 -0.16127851058735093 -0.017360157442679377 -0.6233502813417785 0.073263060487541096 -0.78824997102578132 -0.011309441014487968 0.5753852131181455 -0.79839570859512754 0.92156953051579749 -1.0601077511134196 -0.7571016785375817 0.99765581929545111 6.3900823229977997 0.96516422923311385 -0.99995369919546395 2.6513822702918035 4.1400000000000032 4.5300000000000002 0.92624372946417288 -0.66134742624507004 -0.90518480756366004 4.0325850403422949 0.88201535311751322 2.3800000000000012 1.880000000000001
decision_type=2 2 2 2 2 2 2 2 2 2 2 2 2 2 2 2 2 2 2 2 2 2 2 2 2 2
left_child=3 16 12 4 5 -1 8 -8 10 -10 -5 21 13 -3 19 -7 20 -9 -13 -4 -2 -6 -14 -22 -16 -18
right_child=1 2 14 6 11 15 7 17 9 -11 -12 18 22 -15 24 -17 25 -19 -20 -21 23 -23 -24 -25 -26 -27
leaf_value=0.034531831226893392 0.0010204364184176144 -0.04454929793221054 -0.0010201437718906988 0.0091548328704286214 -0.003238186483172326 0.038618956843689704 0.048993412855595449 -0.031644212234744652 0.025856948114154267 0.00055580744959689038 -0.0025449847999727405 0.018716520126841385 0.0192635109274529 -0.0008506222675646886 -0.017552007251217191 -0.033055417187511212 -0.015984289757723227 -0.0056220205227429142 -0.0070496606095742645 0.0074112127017206507 -0.0034585285946099964 -0.033764296007183094 -0.0093231395779078043 0.015451231328813306 -0.079225376693324717 -0.080584428805285963
leaf_weight=164.49675166606903 38.320136547088623 1471.5809753537178 677.19712865352631 587.48156344890594 119.54746547341347 109.52693402767181 260.13793534040451 673.86331325769424 3014.6295889914036 1960.341905862093 4045.7991346418858 749.19285416603088 54.434027522802353 124.5208312869072 81.802657067775726 1806.5203150212765 44.414188116788864 1764.5384883284569 397.87515079975128 40.455543518066406 304.25332605838776 140.38891527056694 84.907854020595551 525.77720725536346 80.658007442951202 34.636731714010239
leaf_count=44 12 2104 1753 166 391 118 76 1654 2338 1661 6759 2430 156 210 224 4941 156 2695 751 15 1039 444 128 1531 83 109
internal_value=-0.00126553 -0.0105012 -0.0156048 0.000817821 -0.00598011 -0.0119328 0.00274573 -0.00354077 0.00451291 0.00798287 0.000783046 0.00281609 -0.0221764 -0.0239599 -0.00261793 -0.0143861 0.00357713 -0.00614117 0.00622821 0.00135425 0.00595452 -0.0121467 -0.00162296 0.00441953 -0.0201088 -0.0220403
internal_weight=19357.3 3562.96 2615.56 15794.3 3487.55 2080.54 12306.8 2698.54 9608.25 4974.97 4633.28 1407 1735.44 1596.1 880.113 1916.05 947.402 2438.4 1147.07 717.653 868.351 259.936 139.342 830.031 162.461 79.0509
internal_count=31988 7520 4673 24468 9119 5103 15349 4425 10924 3999 6925 4016 2598 2314 2075 5059 2847 4349 3181 1768 2582 835 284 2570 307 265
is_linear=0
shrinkage=0.095152


Tree=39
num_leaves=30
num_cat=0
split_feature=6 2 1 1 5 4 4 1 2 2 2 1 4 2 6 1 0 5 0 2 4 1 5 1 5 1 1 2 1
split_gain=58.7095 29.0963 16.2803 14.5562 12.9789 11.8575 10.9165 18.7066 14.0409 12.2771 11.4328 10.0947 12.4284 9.95035 9.6873 9.57698 8.77304 8.34794 8.10737 5.1776 5.42478 4.92695 3.70249 3.64321 3.34555 3.05913 2.39966 1.9521 1.09512
threshold=0.69971674903203429 0.74982640120456845 -0.6233502813417785 -0.29296781708709579 0.85598551460090733 1008.2011024990089 1006.897266155344 0.39457506771186956 0.78327893257887105 0.058942987644181481 0.27851253630751921 0.91879585298155797 1000.3015787700393 0.073263060487541096 0.91597561503675351 -0.99995369919546395 -0.26529599416890731 -0.7571016785375817 -0.26529599416890731 0.88201535311751322 1004.7046703795089 0.48641731991927689 -1.0000000180025095e-35 0.26465722158109045 -0.5 0.61823679538819187 -0.14455433648243116 0.94968266440323645 -0.89873049811785466
decision_type=2 2 2 2 2 2 2 2 2 2 2 2 2 2 2 2 2 2 2 2 2 2 2 2 2 2 2 2 2
left_child=1 2 13 19 5 -5 7 9 22 18 14 12 -4 15 28 -1 -13 -15 -2 24 -21 26 -9 -6 -3 -23 -12 -11 -8
right_child=6 3 11 4 23 -7 10 8 -10 27 21 16 -14 17 -16 -17 -18 -19 -20 20 -22 25 -24 -25 -26 -27 -28 -29 -30
leaf_value=0.042113595430131753 0.0080027121802672477 -0.035817132653816655 0.034827054365648598 -0.020590322740963958 -0.017696361722825817 0.0038761836482597615 -0.060501866024607505 0.00040966393756697924 -0.095897730302562309 0.023762065904250566 -0.018556523940179592 -0.012600300940256997 0.0096767861477832888 -0.016864710758243882 -0.10588330287131613 -0.018751451487589461 0.0039252635620551099 0.017580516482402355 -0.037217672093989615 -0.007947495573389779 0.042476532958801098 0.043733293127735509 -0.041851588450463988 -0.043515208252019856 0.0091985630288085735 -0.010594540757275559 -0.051195224489895365 0.0044341272451914717 -0.03332244868380848
leaf_weight=194.35681426525116 186.61678433418274 80.907647103071213 702.75182092189789 658.08670938014984 435.25134673714638 584.67118975520134 81.801784068346024 157.80957400798798 175.88650226593018 258.37150937318802 227.09188842773438 993.03331366181374 7200.4167194962502 259.93638074398041 276.81313189864159 1492.0399794876575 2242.8686857521534 832.05194672942162 236.02086785435677 82.077930361032486 196.77180206775665 46.764808714389801 238.08171644806862 467.06431218981743 184.22597771883011 163.21481609344482 279.08951902389526 126.90617728233337 296.31727468967438
leaf_count=116 642 292 428 1427 617 1274 311 565 127 969 854 975 7918 835 1067 3516 1808 2010 891 305 391 148 836 493 532 521 562 465 1093
internal_value=-0.0012121 0.000920297 0.00267185 -0.00813707 -0.0116631 -0.00533291 -0.0140842 -0.00808116 -0.0212307 0.00122921 -0.0201017 0.00429765 0.00613032 -0.00384063 -0.029195 -0.00842229 -0.000175095 0.00322499 -0.00993783 0.00573798 0.0147678 -0.0117287 -0.0111775 -0.0203465 -0.00373793 0.000467856 -0.0168011 0.013504 -0.019122
internal_weight=19357.3 16606.5 13917.5 2689.06 2145.07 1242.76 2750.79 1379.69 571.778 807.915 1371.09 11139.1 7903.17 2778.39 654.932 1686.4 3235.9 1091.99 422.638 543.983 278.85 716.161 395.891 902.316 265.134 209.98 506.181 385.278 378.119
internal_count=31988 22937 17606 5331 3811 2701 9051 4495 1528 2967 4556 11129 8346 6477 2471 3632 2783 2845 1533 1520 696 2085 1401 1110 824 669 1416 1434 1404
is_linear=0
shrinkage=0.095152


Tree=40
num_leaves=22
num_cat=0
split_feature=2 1 7 3 2 1 1 7 3 1 7 0 0 1 3 1 7 2 3 5 1
split_gain=31.1299 22.3583 20.13 17.4792 16.4952 11.8279 10.9826 13.5387 10.6372 15.8118 10.6143 8.98658 6.94049 5.90831 5.41413 5.28005 5.24687 5.03356 4.60791 2.65165 2.78104
threshold=0.74982640120456845 -0.29296781708709579 8.1000000000000014 1.8018469767361529 -0.99981480381338828 0.71195411389789098 0.39457506771186956 4.8800000000000017 2.2610883208937023 0.41130333125976476 6.9016508313977001 1.0000000180025095e-35 -0.38624640593798959 0.88428176967528671 5.1850000000000014 -0.66134742624507004 6.4900000000000011 0.040952404530503542 1.5202996608780917 0.074485855030850714 0.23119469112279908
decision_type=2 2 2 2 2 2 2 2 2 2 2 2 2 2 2 2 2 2 2 2 2
left_child=2 15 4 11 19 6 14 -8 9 -6 -10 13 17 -4 -3 -2 18 -5 -17 20 -1
right_child=1 5 3 12 8 -7 7 -9 10 -11 -12 -13 -14 -15 -16 16 -18 -19 -20 -21 -22
leaf_value=0.028620659091508113 0.059409250240490923 -0.017307259143945125 -0.0017621614202968459 0.049634863149087216 -0.016021491089051661 0.01928195975938711 -0.044427662301127276 -0.0045497599703340453 -0.00056709034084973127 0.0011510061027854689 0.019882887179271235 0.0085358023344412459 0.051172727603007596 -0.050201148069664282 0.01019816381422913 -0.027120139827672488 -0.11313639781992099 -0.0095011293415151812 0.013477104702623571 0.0087560209438645054 0.0138152607448858
leaf_weight=283.53440573811531 36.376862049102783 1457.0740174353123 332.24552327394485 400.77711480855942 3201.4559017419815 72.434534788131714 854.10563856363297 249.98965018987656 5783.4338002204895 3259.6369231641293 1044.3174637556076 235.29276651144028 494.01719623804092 181.06191968917847 216.85134822130203 102.22641772031784 34.837058752775192 160.08785101771355 520.99220100045204 209.89643320441246 242.8945187330246
leaf_count=161 11 2980 299 271 7649 25 1087 583 11135 3505 702 146 180 150 660 300 113 157 1677 137 63
internal_value=-0.00109337 -0.00915159 0.00071112 0.0101702 -0.000505173 -0.0128818 -0.0138779 -0.0212507 -0.00127472 -0.00404222 0.00134258 -0.000934759 0.0180541 -0.00800566 -0.00899402 0.00613679 0.00412156 0.0107319 0.00617165 0.0133429 0.0169504
internal_weight=19373.5 3544.89 15828.7 1803.48 14025.2 2850.46 2778.02 1104.1 13288.8 6461.09 6827.75 748.6 1054.88 513.307 1673.93 694.433 658.056 560.865 623.219 736.325 526.429
internal_count=31991 7436 24555 1203 23352 5335 5310 1670 22991 11154 11837 595 608 449 3640 2101 2090 428 1977 361 224
is_linear=0
shrinkage=0.095152


Tree=41
num_leaves=23
num_cat=0
split_feature=6 7 0 5 0 3 2 6 2 2 3 3 6 6 7 5 3 7 3 3 2 7
split_gain=55.6953 14.2672 15.9783 13.417 12.5864 11.8266 10.9623 9.32392 14.8969 11.1078 8.98648 9.0218 7.86523 11.1918 7.45718 6.71686 4.67459 4.12945 3.82145 3.61559 3.12685 2.56812
threshold=-0.00058450420491038837 8.1000000000000014 -0.085374066644856431 -1.0000000180025095e-35 -0.16106461407525813 0.90009147922033284 -0.99862982478704421 0.74400421579309162 0.74982640120456845 0.27851253630751921 4.7336865763973979 1.3804001304608959 -0.25846488450670752 -0.50248067388556295 8.5800000000000018 0.70685347305239377 2.9128520887931022 4.9600000000000035 1.9202681996729585 5.3850000000000007 0.91663625000846582 2.9723877114785426
decision_type=2 2 2 2 2 2 2 2 2 2 2 2 2 2 2 2 2 2 2 2 2 2
left_child=1 6 5 4 10 -3 16 8 15 17 11 -2 13 -8 -7 -5 18 -9 -1 -11 -10 -12
right_child=3 2 -4 7 -6 14 12 9 20 19 21 -13 -14 -15 -16 -17 -18 -19 -20 -21 -22 -23
leaf_value=0.021400760302533007 -0.034011902315463999 -0.024397464469597605 0.032422935681136994 -0.061866982945626078 0.11999119700757148 0.040215185338365766 0.0026806778150797088 -0.040349670856046904 -0.044826886739080751 -0.015654128155973571 -0.016826451238503792 -0.0010492430876377521 0.030372700553161078 -0.0095983582269270323 0.010760074696345445 -0.0054451405529793969 0.040454257573794679 -0.085511492614038259 -0.0058928439721812409 -0.13192669082841418 -0.017969803151413017 -0.12978177488540174
leaf_weight=245.77149924635887 519.35757440328598 167.25548183917999 487.34275686740875 31.623894453048706 65.789626598358154 386.43532383441925 8576.0865565240383 303.28309553861618 433.49033951759338 537.68421244621277 57.421984612941742 1926.4860533177853 151.83601903915405 2335.947823703289 592.68440026044846 1202.6345646381378 317.39231294393539 272.08997645974159 189.35684880614281 43.578916192054749 450.73498868942261 79.255296885967255
leaf_count=136 1749 72 165 10 17 240 9024 1142 545 1592 213 5709 50 4843 364 3936 145 1080 117 55 689 98
internal_value=-0.000992597 0.0023924 0.0107241 -0.00867972 -0.00363428 0.00456308 0.0012383 -0.0127525 -0.00898043 -0.0196317 -0.00469375 -0.00335281 0.000480558 0.000178783 0.00857023 -0.00220955 0.0123411 -0.0290065 0.00586582 -0.0102844 -0.0183995 -0.0283298
internal_weight=19373.5 13450.1 1633.72 5923.43 2648.31 1146.38 11816.4 3275.12 2118.48 1156.64 2582.52 2445.84 11063.9 10912 979.12 1234.26 752.521 575.373 435.128 581.263 884.225 136.677
internal_count=31991 15156 841 16835 7786 676 14315 9049 5180 3869 7769 7458 13917 13867 604 3946 398 2222 253 1647 1234 311
is_linear=0
shrinkage=0.095152


Tree=42
num_leaves=21
num_cat=0
split_feature=6 2 6 4 3 3 3 2 1 1 2 9 6 2 4 1 4 2 2 1
split_gain=47.097 16.4046 11.9256 12.0737 35.2305 8.47163 9.01287 8.07266 7.91116 7.51472 8.37374 6.77222 6.09894 5.5313 5.21516 4.89561 4.24864 3.90296 3.1759 0.625665
threshold=0.25690109035029329 0.86962049895765936 0.0077093885395551629 1007.1054746646166 2.8012642388553188 5.0450000000000008 1.5015132109130473 1.003250149981874 0.39457506771186956 -0.1965809726104307 0.058942987644181481 2.2990829870027381 0.91597561503675351 -0.23449138957041016 1011.8141524622605 0.41130333125976476 1008.7906959889431 0.15927113052993871 0.97646380817673517 -0.058922677587916313
decision_type=2 2 2 2 2 2 2 2 2 2 2 2 2 2 2 2 2 2 2 2
left_child=1 2 3 11 -5 6 12 8 14 10 -8 -1 18 -11 -3 19 -10 -14 -2 -7
right_child=5 7 -4 4 -6 15 9 -9 16 13 -12 -13 17 -15 -16 -17 -18 -19 -20 -21
leaf_value=-0.0043925194069479468 -0.023768854921998244 -0.0024814582516389976 0.0084758004915403574 0.00080125631835478305 0.030178586897491318 0.010828858378378433 -0.01304437651740115 0.055753210508510911 -0.024764525148342147 -0.003014216952904443 0.012869969967060019 0.0092728898999021887 -0.081571400562086269 -0.020002597590340867 -0.028414792467710927 -0.12107884992250456 -0.034135954356190573 -0.03349727796219628 0.021985835048292837 -0.026098123400505772
leaf_weight=4323.5297940969467 940.16356229782104 809.01948621869087 115.21993172168732 4731.5119534432888 2306.0872199237347 33.25 620.12831062078476 60.790593266487122 160.1700776219368 599.53946992754936 556.73022791743279 1661.991527557373 189.21592581272125 1491.6434152126312 350.67390510439873 132.02130776643753 96.062185764312744 122.22794643044472 46.957883894443512 26.604822218418121
leaf_count=6570 2942 2034 32 4598 1945 133 2305 18 155 2033 2007 1786 715 3350 522 119 135 404 92 96
internal_value=-0.000894421 0.00178196 0.00285161 0.00257906 0.00525073 -0.00911542 -0.0082828 -0.00772001 -0.00919219 -0.00560791 0.000464233 -0.000560562 -0.014992 -0.00902932 -0.00581946 -0.028669 -0.0242969 -0.0266183 -0.0112795 -0.0056699
internal_weight=19373.5 14615.1 13138.3 13023.1 7037.6 4758.48 4566.61 1476.72 1415.93 3268.04 1176.86 5985.52 1298.57 2091.18 1159.69 191.876 256.232 311.444 987.121 59.8548
internal_count=31991 17795 14931 14899 6543 14196 13848 2864 2846 9695 4312 8356 4153 5383 2556 348 290 1119 3034 229
is_linear=0
shrinkage=0.095152


Tree=43
num_leaves=25
num_cat=0
split_feature=6 5 8 7 6 8 5 6 5 3 6 6 5 3 3 7 0 8 7 7 8 6 6 8
split_gain=39.7193 14.8958 18.1515 13.9657 10.4312 9.75514 7.9035 24.3377 10.029 7.7056 7.05034 4.10242 4.03552 2.79485 2.5645 2.306 2.22522 2.16447 2.10605 1.73449 1.21159 1.18804 0.860804 0.375936
threshold=0.69971674903203429 0.85598551460090733 9.531980751129753 4.1400000000000032 -0.54049392676869379 6.8800000000000017 -0.70453509935217817 -0.70674862550735462 -1.1403983238194317 5.0050000000000008 0.98296291314453421 -0.41774616633939671 -1.0000000180025095e-35 3.0724148171370973 3.2707433621573458 6.9016508313977001 -0.50382030568244862 3.5708712175467157 4.4850000000000003 2.6050000000000009 10.490000000000002 0.91597561503675351 0.91597561503675351 5.9300000000000024
decision_type=2 2 2 2 2 2 2 2 2 2 2 2 2 2 2 2 2 2 2 2 2 2 2 2
left_child=1 2 6 9 -3 14 8 -8 -1 12 15 -7 16 20 -6 21 -2 -11 -12 -14 -4 -5 -17 -20
right_child=3 4 13 10 5 11 7 -9 -10 17 18 -13 19 -15 -16 22 -18 -19 23 -21 -22 -23 -24 -25
leaf_value=0.036970774413748256 -0.00053158599958861967 0.063422198419032849 0.010012529004742272 -0.020920773202758928 -9.8091369620961151e-05 -0.059943251885056947 0.0017334908137302328 0.031646149739260727 -0.0055594558190297308 -0.015177530853518912 -0.017901327434756809 -0.017656348279344411 0.0054891691659942187 0.072513833919303702 -0.015781594043503284 -0.034994729563492137 0.018207929747815654 -0.10446763966793687 -0.052803946444744058 -0.018924796126205307 0.060397298882228022 -0.037588380623262675 -0.066201000462754248 -0.094543770806042413
leaf_weight=296.4640474319458 394.32809272408485 110.08208841085434 179.36219424009323 710.75177091360092 1184.4117579460144 121.11291196942329 7885.8706842660904 936.53909289836884 4286.5173469185829 52.96330326795578 34.385069668292999 854.69051066040993 118.18357327580452 190.55592170357704 427.6760587990284 108.66063275933266 180.31433898210526 67.88893073797226 35.777231395244598 454.2508260011673 169.40324798226357 355.2966071665287 69.721993237733841 148.33131346106529
leaf_count=80 1466 34 144 2195 3448 370 8036 257 7809 170 108 1575 449 91 1054 316 596 55 110 1565 83 1219 251 510
internal_value=-0.000916734 0.000828084 0.00208098 -0.01155 -0.00564069 -0.00686872 0.0013904 0.00305598 -0.00181309 -0.00422099 -0.0178837 -0.0143732 -0.00178706 0.0191761 -0.00231006 -0.0150669 0.00382712 -0.0269433 -0.0336772 -0.00744084 0.0139488 -0.0133339 -0.0251748 -0.0377359
internal_weight=19373.5 16642.7 13944.7 2730.85 2697.97 2587.89 13405.4 8822.41 4582.98 1267.93 1462.92 975.803 1147.08 539.321 1612.09 1244.43 574.642 120.852 218.494 572.434 348.765 1066.05 178.383 184.109
internal_count=31991 22981 16500 9010 6481 6447 16182 8293 7889 4301 4709 1945 4076 318 4502 3981 2062 225 728 2014 227 3414 567 620
is_linear=0
shrinkage=0.095152


Tree=44
num_leaves=25
num_cat=0
split_feature=2 1 9 7 2 1 2 1 5 0 7 7 2 9 2 1 2 0 7 2 9 1 9 9
split_gain=17.6081 15.2058 14.4632 11.4764 12.9828 8.61456 15.3045 9.20728 8.58567 7.67384 7.91985 6.01368 9.40228 5.87207 5.64247 5.3171 4.67253 4.43833 4.06156 2.65935 2.62591 2.51779 2.02365 1.92823
threshold=0.57402163285499952 -0.16127851058735093 -0.017360157442679377 8.1000000000000014 -1.0601077511134196 -0.58483162527211008 0.058942987644181481 -0.55720736291815476 -0.44250775135662429 -0.085374066644856431 8.490000000000002 6.3900823229977997 0.99765581929545111 1.6601600396273268 0.59819382333202509 -0.81900730237416497 0.86137629097214774 0.70594853813046121 6.8700000000000037 -0.60505606964884906 2.6943673797342673 -0.77957919521322261 1.0536890549090698 -0.90088247814369271
decision_type=2 2 2 2 2 2 2 2 2 2 2 2 2 2 2 2 2 2 2 2 2 2 2 2
left_child=3 8 11 4 -1 6 -6 -7 16 10 19 12 -3 -12 -4 -10 21 -16 -13 -5 -17 -2 -11 -18
right_child=1 2 14 9 5 7 -8 -9 15 22 13 18 -14 -15 17 20 23 -19 -20 -21 -22 -23 -24 -25
leaf_value=0.02425557492156943 -0.069980601897653344 -0.028202279159356414 -0.028657595039452186 0.0034225514218052516 -0.021310160632283574 0.046986594365668322 0.0063854448506008637 0.00046125808000613408 0.061538375832656866 0.019576977361415251 0.016700334664471208 0.040016875835761245 0.012185368022506934 -0.018601024207197548 0.0058441586782240675 0.015587520627024403 0.035450288336728704 -0.01427994438051529 -0.0086186533754366666 0.062327251110050844 -0.0070429110189072514 -0.017959199165030516 0.019122291911794532 -0.0066191488707699414
leaf_weight=563.9979156255722 41.93361485004425 1658.2642923891544 47.972171455621719 163.51813727617264 1910.38517588377 124.6386059820652 1041.0989666879177 9488.1396897435188 40.831266164779663 222.21073365211487 397.87158909440041 57.697989165782928 115.6653353869915 463.67309612035751 738.58200439810753 683.17470797896385 70.72354120016098 407.80290380120277 137.08757901191711 211.31463280320168 110.75856310129166 210.36223515868187 287.34344351291656 178.49135637283325
leaf_count=162 138 2602 71 148 5064 170 2831 12749 10 166 266 116 236 314 1624 2140 202 932 232 155 381 688 101 493
internal_value=-0.000682167 -0.00589728 -0.00949231 0.000894907 -6.83111e-05 -0.000703899 -0.0051996 0.00067566 0.00260391 0.00813942 0.00406741 -0.0145017 -0.0162437 -0.000946706 -0.00121738 0.00851756 -0.00721044 0.000127213 0.0013001 0.0155881 0.00673676 -0.0163082 0.0179578 0.00198718
internal_weight=19373.5 4499.35 3163.07 14874.2 13128.3 12564.3 2951.48 9612.78 1336.28 1745.93 1236.38 1968.72 1773.93 861.545 1194.36 834.765 501.511 1146.38 194.786 374.833 793.933 252.296 509.554 249.215
internal_count=31991 9865 5813 22126 20976 20814 7895 12919 4052 1150 883 3186 2838 580 2627 2531 1521 2556 348 303 2521 826 267 695
is_linear=0
shrinkage=0.095152


Tree=45
num_leaves=24
num_cat=0
split_feature=6 2 7 3 9 9 7 6 6 2 6 9 5 2 5 9 2 7 9 5 2 2 6
split_gain=35.8877 13.4182 11.5811 9.04552 8.04273 7.06347 9.38408 6.16525 5.61689 7.37543 5.58162 6.33085 5.73142 5.48268 5.49086 4.63314 4.57164 4.08812 3.94779 3.67618 2.48214 1.99174 1.6902
threshold=0.69971674903203429 -0.011309441014487968 4.1400000000000032 5.1850000000000014 -5.6428361738647785 4.2414197678489964 8.1799999999999997 -0.5 0.91597561503675351 0.27851253630751921 -0.87107047384582625 3.0188609843048488 -1.0818711854003358 0.90963311409709513 -1.0000000180025095e-35 2.6943673797342673 0.10747710996311889 4.6400000000000032 -1.9819565252582672 0.25769857076554387 0.95493138204271821 0.72746422850544612 0.91597561503675351
decision_type=2 2 2 2 2 2 2 2 2 2 2 2 2 2 2 2 2 2 2 2 2 2 2
left_child=1 4 3 13 -1 6 -6 -7 18 17 11 15 -12 14 -2 -3 -14 -10 21 -11 -20 -4 -15
right_child=2 10 8 -5 5 7 -8 -9 9 19 12 -13 16 22 -16 -17 -18 -19 20 -21 -22 -23 -24
leaf_value=0.071554490249714039 0.0038718515996678032 0.0044645298827468566 -0.015649316372916465 -0.088154840774495508 0.0035485814346984338 -0.020798147562164037 0.022529153845994195 0.0239773835981528 -0.011819968057861868 -0.033687234547014465 -0.03426242398638036 -0.040195106952962634 -0.031436413496169456 0.007187647799995465 -0.021126990134576969 0.039107481369971546 -0.0063074160724853603 -0.074043169900597616 -0.012285272073216148 0.0064258186883325141 -0.043078748005835756 -0.067062570347847114 0.031929676561133234
leaf_weight=130.77949094772339 490.4410252571106 1365.2958336472511 58.100607603788376 115.70668363571167 8733.1842721998692 267.29609775543213 1185.1107189655304 138.53954717516899 64.428088784217834 168.28034907579422 86.956179261207581 80.577850192785263 319.98468267917633 136.1386085152626 460.71398144960403 75.173618525266647 4259.1638320088387 308.41871160268784 598.87674608826637 102.68574577569962 74.425348103046417 89.150134146213531 86.582997560501099
leaf_count=89 1711 2037 211 187 10032 212 666 277 255 487 25 63 672 499 1603 35 8791 1192 2074 284 120 81 334
internal_value=-0.00062875 0.0010358 -0.0106878 -0.00409293 0.00311467 0.00281436 0.00331917 -0.00946163 -0.0164777 -0.0231503 -0.00247488 0.00252392 -0.00410737 -0.00156441 -0.00472267 0.00399136 -0.00457145 -0.0318367 -0.0111973 -0.0110524 -0.00805146 -0.0252919 0.0118135
internal_weight=19396 16642.1 2753.95 1289.58 10454.9 10324.1 9918.29 405.836 1464.37 643.813 6187.15 1521.05 4666.1 1173.88 951.155 1440.47 4579.15 372.847 820.553 270.966 673.302 147.251 222.722
internal_count=31937 22899 9038 4334 11276 11187 10698 489 4704 2218 11623 2135 9488 4147 3314 2072 9463 1447 2486 771 2194 292 833
is_linear=0
shrinkage=0.095152


Tree=46
num_leaves=25
num_cat=0
split_feature=6 7 1 1 7 3 4 6 9 4 4 9 6 9 4 1 3 1 4 1 4 7 1 7
split_gain=30.3125 10.4413 14.3164 8.79871 6.50407 12.0054 13.4155 7.13276 6.93993 6.01719 6.36198 5.94626 5.07372 3.92185 3.68247 3.76806 3.31547 2.80032 2.48562 1.66909 1.57177 1.18617 0.348133 0.14466
threshold=0.69971674903203429 4.1400000000000032 0.41130333125976476 0.48641731991927689 8.1000000000000014 1.8018469767361529 1009.0021974428824 -1.7017880364955529 2.2990829870027381 999.0052012538689 1006.5026953460016 2.8871270300218588 0.98296291314453421 -1.8328012157890272 1006.0153375279965 -0.45773428390940668 2.4003630399006077 0.9728703809215552 1007.6968669180433 -0.068243819125972729 1006.403369886014 3.3727020391822311 0.48641731991927689 4.5900000000000025
decision_type=2 2 2 2 2 2 2 2 2 2 2 2 2 2 2 2 2 2 2 2 2 2 2 2
left_child=4 2 14 -4 7 6 8 -1 -6 -9 -11 19 13 20 21 -16 -15 -5 23 -7 -3 -2 -20 -14
right_child=1 12 3 17 5 11 -8 9 -10 10 -12 -13 18 16 15 -17 -18 -19 22 -21 -22 -23 -24 -25
leaf_value=0.023078751762334263 0.013665673741988276 -0.060681435090891744 -0.079766734568311515 -0.010735096818567802 -0.027310058913800988 0.036609032025377242 0.02507303958649024 0.034270030749093558 -0.0016486423663812806 -0.0038309827576519747 0.0020413725630984911 -0.012484335598815613 -0.011552751694640845 -0.02750884805419352 -0.03289647675429111 0.010936562128904447 -0.0050100682096354309 -0.070159289674588732 -0.088475933905710721 0.021456334148579347 -0.018647195279831191 0.0011733996429545172 -0.058542998412897222 -0.046771190160742458
leaf_weight=139.96748167276382 416.72342827916145 103.87878221273422 129.46616849303246 234.93537110090256 244.93265345692635 277.2082547545433 174.67573714256287 356.97949478030205 319.88800862431526 5794.5910799205303 8465.743530601263 159.08700442314148 34.387016534805298 725.78680142760277 119.24226495623589 122.62955072522163 295.33634606003761 30.301776349544525 107.27358102798462 708.98887798190117 120.65374907851219 236.28473651409149 47.19672155380249 29.852733284235001
leaf_count=36 1536 132 144 778 210 170 98 170 177 11165 10314 105 93 2437 451 454 1044 118 357 454 357 853 177 107
internal_value=-0.000741036 -0.00998574 -0.00372349 -0.0187907 0.00078871 0.0060503 -0.00338359 0.00011535 -0.0105256 -8.94526e-05 -0.000396293 0.0121496 -0.0154833 -0.0130914 0.00292627 -0.00705114 -0.0105404 -0.00871761 -0.0288845 0.0149038 -0.0245038 0.00664827 -0.0354554 -0.0124848
internal_weight=19396 2753.95 1289.58 394.703 16642.1 1884.78 739.496 14757.3 564.821 14617.3 14260.3 1145.28 1464.37 1245.66 894.88 241.872 1021.12 265.237 218.71 986.197 224.533 653.008 154.47 64.2397
internal_count=31937 9038 4334 1040 22899 1214 485 21685 387 21649 21479 729 4704 3970 3294 905 3481 896 734 624 489 2389 534 200
is_linear=0
shrinkage=0.095152


Tree=47
num_leaves=23
num_cat=0
split_feature=6 2 8 7 6 2 5 3 2 6 2 3 2 3 5 2 5 2 8 8 2 8
split_gain=25.0814 11.597 8.86076 8.27448 7.67358 7.31802 6.81034 6.76448 6.66957 5.32782 5.2798 5.21753 7.09105 5.73832 4.0875 8.32504 3.04822 2.93435 2.58507 2.35003 1.78795 0.794897
threshold=0.69971674903203429 -0.011309441014487968 9.531980751129753 4.5300000000000002 0.91597561503675351 0.27851253630751921 -1.2854324131596677 5.1850000000000014 -0.16677875182150789 -0.4438575578509249 1.003250149981874 2.0807563647613532 0.09031985754373785 2.9850000000000008 0.49961646868648285 0.09031985754373785 0.25769857076554387 0.71801514712962267 8.0400000000000027 7.1700000000000008 0.91586428826728705 5.8607014804798228
decision_type=2 2 2 2 2 2 2 2 2 2 2 2 2 2 2 2 2 2 2 2 2 2
left_child=1 2 6 7 17 21 -1 14 -4 -8 11 12 -3 -13 20 -16 -7 18 -5 -19 -2 -6
right_child=3 10 8 4 5 16 9 -9 -10 -11 -12 13 -14 -15 15 -17 -18 19 -20 -21 -22 -23
leaf_value=0.039747459440145794 -0.001604366065046975 -0.050011236370111282 0.0084412964106833459 0.0013656507361610539 -0.02842681662642094 -0.0364248516583736 0.0013377482225310426 -0.072176773139068381 0.070252452917155775 0.012115808600514732 -0.069857172279324295 0.0073994511382123535 -0.0083858375466272627 -0.0046684298760197897 -0.049259787399673044 -0.00049558628670820992 0.011588347128838961 -0.042172704416531433 -0.027475061353228952 -0.0080241367869788131 0.014605144713892015 -0.067859574404089879
leaf_weight=131.71331250667572 871.85702341794968 232.21056377887726 203.79932776093483 308.34888523817062 48.091106057167053 128.27275973558426 7963.8845123648643 115.70668363571167 177.89989295601845 1977.6130814552307 59.472994089126587 1312.9121141433716 1844.4231508076191 2738.1331734955311 144.0410116314888 245.28189361095428 87.851493656635284 117.22530084848404 166.02604666352272 68.942177295684814 177.31657749414444 274.98806831240654
leaf_count=37 3032 341 150 1148 187 395 6012 187 90 4987 19 2238 2958 6067 564 697 240 170 532 165 659 1062
internal_value=-0.000658338 0.000733102 0.00266587 -0.00906765 -0.0150048 -0.0234299 0.00212397 -0.00446731 0.0168755 0.0018361 -0.00253065 -0.00280883 -0.00668602 -0.000816609 -0.00266486 -0.0109743 -0.00970711 -0.00807424 -0.00404314 -0.0181748 0.000416569 -0.0324919
internal_weight=19396 16642.1 10454.9 2753.95 1199.75 539.203 10073.2 1554.2 381.699 9941.5 6187.15 6127.68 2076.63 4051.05 1438.5 389.323 216.124 660.542 474.375 186.167 1049.17 323.079
internal_count=31937 22899 11276 9038 3899 1884 11036 5139 240 10999 11623 11604 3299 8305 4952 1261 635 2015 1680 335 3691 1249
is_linear=0
shrinkage=0.095152


Tree=48
num_leaves=15
num_cat=0
split_feature=8 9 1 9 5 0 5 9 7 8 8 8 1 0
split_gain=10.1323 11.1001 13.9764 9.01431 8.19301 7.42371 6.67767 6.25275 6.21224 5.61365 6.7261 6.25559 3.01388 2.89736
threshold=9.531980751129753 1.0000000180025095e-35 -0.99995369919546395 2.2295555784909102 -1.0000000180025095e-35 0.19667075245471063 0.25769857076554387 -3.3750581652824585 9.4600000000000009 8.831191242393249 8.980000000000004 8.1506487142825801 0.99166813670569354 -0.066345439013722737
decision_type=2 2 2 2 2 2 2 2 2 2 2 2 2 2
left_child=1 2 -1 6 5 -4 13 -6 9 11 -11 -3 -8 -2
right_child=3 8 4 -5 7 -7 12 -9 -10 10 -12 -13 -14 -15
leaf_value=0.064734882178176023 0.031425541866745559 0.00087378837872996971 -0.0038328330665668357 -0.019979931017206319 0.0077063668782611765 0.036254161197277091 0.024142407138639639 -0.015198282959066497 0.030014974054630709 -0.053892670563843115 -0.0028727237929846152 0.012249518427929946 -0.030061874063340228 0.039646403124282845
leaf_weight=91.299804151058197 208.01514706015587 8825.1613508164883 3851.8308937847614 153.02525889873505 295.55984210968018 201.31873041391373 73.787412256002426 3131.3748615980148 72.536703824996948 220.93620607256889 527.63033214211464 1493.2869760394096 61.080257415771484 189.1673743724823
leaf_count=62 179 14917 7640 126 342 56 114 6150 15 253 526 1380 114 63
internal_value=-0.000438977 -0.000856082 -0.00366725 0.0109138 -0.00412301 -0.00122287 0.016767 -0.00754755 0.00105369 0.000868806 -0.00707728 0.00144735 -0.0014316 0.0229624
internal_weight=19396 18710.9 7571.38 685.075 7480.08 4053.15 532.05 3426.93 11139.6 11067 748.567 10318.4 134.868 397.183
internal_count=31937 31341 14250 596 14188 7696 470 6492 17091 17076 779 16297 228 242
is_linear=0
shrinkage=0.095152


Tree=49
num_leaves=22
num_cat=0
split_feature=6 8 9 2 2 9 1 1 9 2 0 8 0 2 8 1 1 1 1 2 8
split_gain=20.2946 9.88919 9.13332 7.08039 9.41225 8.4359 7.18143 6.86228 6.66653 10.3258 9.30796 5.05564 4.79233 4.12589 3.02857 2.98866 1.59245 1.54202 2.2117 1.03758 0.835502
threshold=0.69971674903203429 9.531980751129753 2.2295555784909102 0.1924878455382508 1.003250149981874 -5.6428361738647785 -0.6233502813417785 0.39457506771186956 -1.90984189841423 0.09031985754373785 -0.50382030568244862 3.2549999999999994 0.40724321670051672 -0.7567695010701837 3.6649999999999996 0.99551215362393841 -0.90518480756366004 0.68719664214447729 0.3793822327687969 -0.93804245742283243 1.9849999999999997
decision_type=2 2 2 2 2 2 2 2 2 2 2 2 2 2 2 2 2 2 2 2 2
left_child=1 3 12 5 7 -1 -7 -5 13 10 16 20 -3 19 -13 -12 -10 18 -15 -2 -11
right_child=8 2 -4 4 -6 6 -8 -9 9 11 15 14 -14 17 -16 -17 -18 -19 -20 -21 -22
leaf_value=0.05982001097339789 -0.017754164684040129 0.048046544716773526 -0.034132044469959086 0.00041809954536953345 -0.080503536984021837 -0.0070439717811957092 0.0045931461649129281 -0.013971502898801898 -0.029552596411897693 0.034446406564691369 -0.030616081622592304 -0.029648306795010338 0.0036677129425234396 -0.017251881399760683 -0.00064084519775888644 -0.098123263530742452 0.0063596048503871978 -0.012804316966023306 -0.0609333876317983 0.0055223728492208354 0.014345126071129305
leaf_weight=136.36674264073372 31.383462101221085 344.79423597455025 138.71613574028015 2831.3085705935955 59.472994089126587 1853.7860850691795 8990.7726211249828 2145.195525676012 51.488256305456161 30.680437356233597 775.23062092065811 138.17139333486557 141.64921244978905 126.95667785406113 882.57246682047844 44.987176388502121 254.99528580904007 51.158305764198303 184.07556229829788 28.890235066413879 153.35914757847786
leaf_count=98 116 180 94 6507 19 4068 8241 3515 194 120 2934 359 177 407 2830 145 921 185 158 91 578
internal_value=-0.000295598 0.000955971 0.0126842 0.000496375 -0.00245629 0.0018518 0.00155316 -0.00291261 -0.00786019 -0.00585258 -0.0123951 0.000262351 0.0188229 -0.0188557 -0.00234938 -0.0176757 0.00171123 -0.0226849 -0.0252147 0.00394053 0.0147281
internal_weight=19396 16642.1 625.16 16016.9 5035.98 10980.9 10844.6 4976.5 2753.95 2331.48 1126.7 1204.78 486.443 422.464 1020.74 820.218 306.484 362.191 311.032 60.2737 184.04
internal_count=31937 22899 451 22448 10041 12407 12309 10022 9038 8081 4194 3887 357 957 3189 3079 1115 750 565 207 698
is_linear=0
shrinkage=0.095152


Tree=50
num_leaves=28
num_cat=0
split_feature=6 4 5 7 5 5 5 4 5 5 6 5 6 7 4 6 9 5 9 4 8 4 8 6 4 8 4
split_gain=17.5526 6.30587 15.5394 16.5342 10.3717 10.2167 9.47566 9.01727 8.70181 9.61731 8.76795 6.74168 6.58479 6.08819 5.76156 4.96017 4.22257 4.52507 2.35035 2.31916 1.96101 1.72865 1.71912 1.76683 0.698667 0.598134 0.240141
threshold=0.69971674903203429 1008.0030012654794 0.85598551460090733 4.200000000000002 0.50217317375345694 0.24687525373298094 0.70685347305239377 1010.8000013270547 -0.86500782323324776 -0.7571016785375817 -0.70674862550735462 -1.0013879852237297 -0.5 4.5300000000000002 998.79013206881825 0.91597561503675351 -2.5081904219717077 -1.0000000180025095e-35 -1.90984189841423 1003.2138573170264 2.8600000000000017 1005.8008285559062 5.9300000000000024 0.98296291314453421 1006.897266155344 7.0499999999999998 1003.9033817818209
decision_type=2 2 2 2 2 2 2 2 2 2 2 2 2 2 2 2 2 2 2 2 2 2 2 2 2 2 2
left_child=1 8 4 7 5 -3 -6 -4 11 -10 -11 -1 -5 16 -13 18 24 19 25 -18 -19 -20 26 -24 -2 -15 -17
right_child=13 2 3 12 6 -7 -8 -9 9 10 -12 14 -14 15 -16 22 17 20 21 -21 -22 -23 23 -25 -26 -27 -28
leaf_value=-0.0019313805028769969 -0.038310809353369099 0.0081842125571052401 -0.0071366385041989836 0.050462529380418092 0.10614274376287718 -0.0073191110994594447 0.018459364933306528 -0.042711411765980679 0.036421171992219302 -0.0027009318048101154 0.01004415171938642 0.027837229850423095 0.0028282161617776548 -0.040072297811475976 -0.015282523873068476 -0.0047098101661000018 0.024400253384680378 0.011894541282148884 0.013507570829075525 0.0023268693444167647 -0.015917534420946504 -0.012179691522041135 -0.037293883623521436 -0.064073450320057804 -0.056875161163786894 -0.0048084788609380888 -0.018113592046049103
leaf_weight=400.78918766975403 69.439363956451416 4653.4077450335026 449.15054789185524 59.048071384429932 122.61739003658295 1011.3543776273727 306.231326431036 492.55260103940964 97.615300416946411 4736.8831100165844 1796.6626009941101 67.671318799257278 395.20013153553009 67.775287747383118 1888.7662959694862 39.254742234945297 105.53452056646347 76.483867257833481 96.928070098161697 536.64713004231453 689.26608192920685 457.1706927716732 284.81133159995079 149.12388750910759 70.257489711046219 45.191796004772186 55.834573775529861
leaf_count=105 131 4061 1283 15 29 1337 661 713 27 5477 3858 44 751 123 4512 128 370 302 349 1917 2208 1433 1011 512 177 123 193
internal_value=-0.000382358 0.000790433 0.00282976 -0.00621748 0.00490535 0.00381983 0.0191576 -0.0134088 -0.000907585 0.000856122 0.00040812 -0.00587215 0.0086585 -0.00742735 -0.00817718 -0.0125266 -0.00347068 -0.00188627 -0.00701762 0.00398727 -0.00682697 -0.00441261 -0.0194134 -0.0219674 -0.0191776 -0.0194804 -0.00748175
internal_weight=19221.7 16478 7489.56 1395.95 6093.61 5664.76 428.849 941.703 8988.39 6631.16 6533.55 2357.23 454.248 2743.72 1956.44 1196.09 1547.63 1407.93 667.066 642.182 765.75 554.099 529.025 433.935 139.697 112.967 95.0893
internal_count=31850 22873 8850 2762 6088 5398 690 1996 14023 9362 9335 4661 766 8977 4556 3872 5105 4797 2028 2287 2510 1782 1844 1523 308 246 321
is_linear=0
shrinkage=0.095152


Tree=51
num_leaves=20
num_cat=0
split_feature=6 2 2 9 3 3 3 8 8 2 8 2 0 2 9 6 2 8 0
split_gain=14.9641 7.10648 6.4049 7.26869 5.45219 5.34083 5.72896 4.7638 7.12909 5.39701 3.52237 2.99561 2.92896 2.79841 2.03317 2.04738 1.90444 1.34945 0.290821
threshold=0.69971674903203429 0.99992591960455823 0.80491972531888278 -5.6428361738647785 3.7708690727194165 1.4628631474848979 5.1850000000000014 7.2600000000000007 6.830000000000001 0.90515966073569365 4.3700000000000001 0.27851253630751921 -0.26529599416890731 0.48250774176121808 3.814247196893318 0.74400421579309162 0.5456398434046178 5.7900000000000018 -0.00016043804030838906
decision_type=2 2 2 2 2 2 2 2 2 2 2 2 2 2 2 2 2 2 2
left_child=1 2 3 -1 -5 11 10 8 -4 -9 16 14 -12 18 15 -2 -7 -15 -13
right_child=5 -3 7 4 -6 6 -8 9 -10 -11 12 13 -14 17 -16 -17 -18 -19 -20
leaf_value=0.051181504369626978 -0.021994045698954932 0.060798254208112579 -0.0073930619877399812 0.00034908775923759189 0.010122155025625582 -0.0057670102273036034 -0.056844685785189433 0.018112592678696905 -0.032746947533308236 -0.0015065636109851785 -0.0020193836220248253 0.0093864051195525818 -0.018929124359863582 0.0021359763688752935 0.0070256278483720033 -0.045214532743394001 0.0072597937106082039 -0.019782625255549913 0.040913132375606308
leaf_weight=180.04270499944687 127.12597763538361 83.632379561662674 1625.1586281657219 11603.153270512819 2348.0010804831982 318.03428214788437 114.45668363571167 91.824180841445923 235.66588944196701 310.47187083959579 512.28640574216843 29.677316963672638 740.82180228829384 52.974053561687469 28.415096312761307 302.98974686861038 345.05142238736153 141.51836532354355 30.367682337760925
leaf_count=170 471 84 3631 14713 3401 1085 182 167 325 382 1755 114 2245 182 93 1165 1208 372 105
internal_value=-0.000411904 0.000670911 0.00052781 0.00128123 0.00103411 -0.00691674 -0.00441449 -0.00416898 -0.00620146 0.00518998 -0.00316241 -0.0140029 -0.00613064 -0.00561253 -0.0186026 -0.0202347 0.00242885 -0.0111783 0.0120572
internal_weight=19221.7 16478 16394.3 14131.2 13951.2 2743.72 2030.65 2263.12 1860.82 402.296 1916.19 713.068 1253.11 254.537 458.531 430.116 663.086 194.492 60.045
internal_count=31850 22873 22789 18284 18114 8977 6475 4505 3956 549 6293 2502 4000 773 1729 1636 2293 554 219
is_linear=0
shrinkage=0.095152


Tree=52
num_leaves=15
num_cat=0
split_feature=1 4 2 2 4 9 2 1 2 7 7 7 1 9
split_gain=9.50339 6.01074 9.68222 11.6733 16.4425 10.3001 5.52018 7.82971 6.88721 5.20763 4.19724 3.36999 4.39338 2.93241
threshold=-0.99995369919546395 1011.332492598527 0.98927755889796032 0.78327893257887105 1007.8969132516236 -5.6428361738647785 0.99164058729498161 -0.058922677587916313 0.51431703330167966 3.9950000000000014 5.4600000000000035 5.7800000000000002 -0.058922677587916313 0.37263107249200372
decision_type=2 2 2 2 2 2 2 2 2 2 2 2 2 2
left_child=-1 2 3 5 -5 -2 8 -8 10 -10 -3 12 -4 -9
right_child=1 6 11 4 -6 -7 7 13 9 -11 -12 -13 -14 -15
leaf_value=0.042977025676834889 0.054381523344324223 -0.027731822677028398 0.05072587509162084 -0.020656003555861894 0.0047698702745737039 0.00054653589788006426 -0.06044493541973163 0.0025487545711270826 -0.007922114419273334 0.010166783132364366 -0.00029400138233186718 -0.0078330928119447561 0.017643029477895408 -0.032054259574237264
leaf_weight=289.34007799625397 165.11026319861412 472.86548006534576 88.434524446725845 1281.1205255389214 786.33169791102409 14494.9580540061 159.12445938587189 121.54654598236084 338.11690637469292 353.72002437710762 342.52841457724571 58.855899423360825 200.89525038003922 68.720716387033463
leaf_count=168 142 998 243 2692 1703 22632 140 253 717 787 517 92 604 162
internal_value=-0.000326761 -0.000589526 -2.95376e-05 -0.000357768 -0.00704922 0.000585596 -0.00572921 -0.0164911 -0.00321352 0.00375266 -0.00913614 0.0156432 0.0198584 -0.00333475
internal_weight=19221.7 18932.3 17075.7 16727.5 2067.45 14660.1 1856.62 349.392 1507.23 691.837 815.394 348.186 289.33 190.267
internal_count=31850 31682 28108 27169 4395 22774 3574 555 3019 1504 1515 939 847 415
is_linear=0
shrinkage=0.095152


Tree=53
num_leaves=10
num_cat=0
split_feature=2 1 2 1 4 8 1 2 1
split_gain=9.20603 8.43327 5.48307 10.6454 24.1877 9.90321 7.06335 15.7686 9.00203
threshold=1.003250149981874 -0.99995369919546395 0.80491972531888278 0.39457506771186956 1007.8969132516236 6.4700000000000015 -0.75548631800528532 -0.080499103070757708 0.93696981298730819
decision_type=2 2 2 2 2 2 2 2 2
left_child=1 -1 6 5 -5 -4 7 -3 -8
right_child=-2 2 3 4 -6 -7 8 -9 -10
leaf_value=0.037840259635782664 0.063017539671395589 -0.024869964757031838 0.0054451515770483272 -0.03898990585489634 0.011425134417007833 -0.011068085381562417 0.0038955192458542459 0.0033324591421290592 -0.0048981482644226111
leaf_weight=279.68364918231964 63.503323912620544 1163.5598586499691 1433.4812748134136 557.86793622374535 297.2646849155426 748.78909060359001 10224.303776919842 1392.9546175301075 3060.2606272995472
leaf_count=165 19 3285 4136 503 643 1163 14630 3983 3323
internal_value=-0.000255074 -0.00037686 -0.000621034 -0.00432345 -0.0133141 -0.000788516 8.83789e-05 -0.00448953 0.00097069
internal_weight=19221.7 19158.2 18878.5 3037.4 855.133 2182.27 15841.1 2556.51 13284.6
internal_count=31850 31831 31666 6445 1146 5299 25221 7268 17953
is_linear=0
shrinkage=0.095152


Tree=54
num_leaves=25
num_cat=0
split_feature=6 4 3 2 9 4 4 6 2 2 6 9 8 8 3 2 3 2 6 3 6 3 8 9
split_gain=12.8439 6.36708 16.9089 12.427 11.2874 9.71499 6.24961 5.80134 5.13216 10.9003 6.10221 4.97835 6.13288 4.65507 4.04431 3.78745 5.29808 4.28462 3.7406 2.52149 2.49773 1.9205 0.966958 0.321622
threshold=0.69971674903203429 1008.0030012654794 2.8850000000000002 0.95493138204271821 -2.1960369750224156 1012.0349615256006 999.0052012538689 -0.50248067388556295 0.7770427278829094 0.98927755889796032 -0.4438575578509249 -2.5081904219717077 6.7003181722749092 9.531980751129753 3.1734415601906236 0.91586428826728705 5.1850000000000014 0.94968266440323645 0.98296291314453421 1.0401255759566828 1.0000000180025095e-35 1.3804001304608959 5.0400000000000018 0.44403711428897991
decision_type=2 2 2 2 2 2 2 2 2 2 2 2 2 2 2 2 2 2 2 2 2 2 2 2
left_child=1 6 4 13 7 -6 -1 -3 10 -10 -8 14 15 -4 21 16 -13 -17 19 -14 -5 -2 -23 -20
right_child=11 2 3 20 5 -7 8 -9 9 -11 -12 12 18 -15 -16 17 -18 -19 23 -21 -22 22 -24 -25
leaf_value=0.029058521033789812 -0.029124155684270896 0.038426165089757151 0.017048083653781992 -0.016470337759881989 -0.00044897798334021219 -0.02988380548095915 -0.0028371763436909722 -0.00090819390517394118 -0.014191348873804629 0.015766372119960063 0.007329179918335104 -0.0039955725488897238 -0.03789627219915976 0.061627997736605135 -0.045306442103031974 0.037606734031398643 -0.052405923158790432 0.0048196351823932863 -0.076620881459773388 -0.0091338659247486957 0.0063128718216736062 -0.032689119318993258 0.010280306149604481 -0.037019310133150629
leaf_weight=391.27260801196098 45.064215838909149 372.40096965432167 1754.2711280286312 182.07615774869919 4283.5240888893604 411.04823404550552 5490.9010730087757 298.72917339205742 957.30438777804375 191.25911715626717 1957.6506279110909 1311.8147971630096 194.57068586349487 142.38821426033974 115.27335405349731 52.5 69.879951119422913 217.15314114093781 69.346052944660187 521.06049451231956 45.124224960803986 44.578803926706314 56.39870086312294 46.078637778759003
leaf_count=185 144 314 1939 463 4898 630 5865 465 2078 543 5352 4678 643 65 155 210 90 706 218 1701 76 109 144 179
internal_value=-0.000100761 0.000902374 0.00295152 0.0101348 0.000104003 -0.00154472 -0.000803842 0.0116358 -0.00134111 -0.00725825 -0.000425826 -0.00612741 -0.00479931 0.0126571 -0.0186057 -0.00143228 -0.00345334 0.00884211 -0.0114613 -0.00883753 -0.0108158 -0.00785343 -0.000356231 -0.0273286
internal_weight=19221.7 16478 7489.56 2123.86 5365.7 4694.57 8988.39 671.13 8597.12 1148.56 7448.55 2743.72 2482.4 1896.66 261.315 1651.35 1381.69 269.653 831.056 715.631 227.2 146.042 100.978 115.425
internal_count=31850 22873 8850 2543 6307 5528 14023 779 13838 2621 11217 8977 8425 2004 552 5684 4768 916 2741 2344 539 397 253 397
is_linear=0
shrinkage=0.095152


Tree=55
num_leaves=19
num_cat=0
split_feature=6 6 8 4 1 6 6 6 1 9 9 8 1 1 9 9 1 9
split_gain=10.5757 9.29633 9.95474 6.90986 8.90596 6.76545 9.107 9.117 5.97545 5.84012 5.57447 4.94036 6.57405 4.31872 4.5792 3.00464 2.24176 0.313645
threshold=-0.50248067388556295 -0.70674862550735462 9.6761245795069133 1000.5392854811073 0.85885587013335762 -0.49932976672732488 0.25690109035029329 0.0077093885395551629 -0.99995369919546395 -3.3750581652824585 4.2414197678489964 4.915 0.98594867607400238 0.99551215362393841 -2.0696443052197551 -0.24568719194740926 -0.1861189554158876 5.0209235151745863
decision_type=2 2 2 2 2 2 2 2 2 2 2 2 2 2 2 2 2 2
left_child=1 2 3 4 -1 10 7 8 -7 -5 11 16 -13 14 -8 -15 -2 -12
right_child=5 -3 -4 9 -6 6 13 -9 -10 -11 17 12 -14 15 -16 -17 -18 -19
leaf_value=-0.0010456974200436012 -0.020687050079902358 0.025557756497197794 0.034230181019644867 0.024840336566998241 0.026978936623919762 0.018431068700443407 -0.021461033700744498 0.041179430630802656 0.001458641815851871 -0.00058534254271842172 0.022042346318076819 -0.033912251975231476 0.0014476226361068445 -0.016861921926397697 -0.0032744993776843254 -0.084445688596625698 0.0036743446769586866 0.010248814750064126
leaf_weight=331.51558914780617 134.66327252984047 519.55636477470398 364.63266009092331 456.18193933367729 326.98388317227364 57.212158679962158 624.87813290953636 111.09655344486237 2732.5061763525009 8394.7020216882229 68.945252150297165 792.69238686561584 68.319686681032181 46.87647819519043 3982.2475065886974 73.764911562204361 190.94469723105431 67.924966484308243
leaf_count=277 476 138 175 573 122 31 1366 32 5333 8522 114 1369 87 128 12467 219 387 133
internal_value=7.55979e-05 0.00214083 0.0014856 0.000891383 0.010285 -0.00232072 -0.00122852 0.00296528 0.00188873 0.000189601 -0.00859884 -0.0107015 -0.0144727 -0.00380452 -0.00333227 -0.0214978 -0.000671484 0.00946445
internal_weight=19345.6 10393.6 9874.02 9509.38 658.499 8952.07 7628.58 2900.81 2789.72 8850.88 1323.49 1186.62 861.012 4727.77 4607.13 120.641 325.608 136.87
internal_count=31949 9807 9669 9494 399 22142 19576 5396 5364 9095 2566 2319 1456 14180 13833 347 863 247
is_linear=0
shrinkage=0.095152


Tree=56
num_leaves=19
num_cat=0
split_feature=6 6 3 7 3 5 6 7 3 7 7 6 5 7 3 7 2 2
split_gain=9.19199 9.95248 6.95345 12.8591 6.60052 6.57046 5.5262 9.44723 5.15781 4.92971 4.20874 3.4408 3.38304 3.44008 3.13886 2.50133 2.29373 0.335878
threshold=0.25690109035029329 0.0077093885395551629 2.2211905594126229 7.2408801575860133 5.3850000000000007 -0.22979691976189909 -0.50248067388556295 4.9354833508399478 0.94108590788200963 4.830000000000001 4.2649999999999997 -0.4438575578509249 -1.0000000180025095e-35 2.5749999999999997 1.260872449406232 2.4900000000000007 0.93536856108094613 0.29266544164708225
decision_type=2 2 2 2 2 2 2 2 2 2 2 2 2 2 2 2 2 2
left_child=1 2 6 9 8 -5 7 -1 10 -4 17 -8 14 -14 -10 -6 -12 -2
right_child=4 -3 3 5 15 -7 11 -9 12 -11 16 -13 13 -15 -16 -17 -18 -19
leaf_value=0.013287474524120945 -0.0068082440638364237 0.037261126943714813 0.0053858961569554255 0.016590817739363106 -0.017304515535654829 0.040997502675446329 -0.025131593912910873 -0.0029421322901096113 -0.022864189415019061 -0.0031981006882073741 -0.029412646628083371 -0.0060352809098322855 0.0069877914396656486 -0.0096606391409453946 0.0039926786229395545 -0.047434181364924562 -0.068437458361496034 0.0063469925252925066
leaf_weight=1409.3855039477348 95.352565586566925 111.09655344486237 3328.4311426281929 1398.777990758419 55.697321951389313 289.9774289727211 554.38633227348328 3143.6308817267418 163.8934628367424 3078.6626873910427 311.66599723696709 1303.5290874838829 296.59864944219589 1919.7796415686607 1683.7330767512321 85.311652004718781 42.246349155902863 73.488312721252441
leaf_count=1593 328 32 7267 999 152 80 996 1470 597 2835 1105 2497 1015 5546 5122 90 30 195
internal_value=0.000153698 0.0013339 0.0011143 0.00296834 -0.00349204 0.0103521 -0.00122517 0.000557163 -0.00286171 0.00101839 -0.0117501 -0.00559703 -0.00171173 -0.00421856 0.0012894 -0.0236841 -0.0176295 0.000541178
internal_weight=19345.6 14617.9 14506.8 8095.85 4727.77 1688.76 6410.93 4553.02 4586.76 6407.09 522.753 1857.92 4064 2216.38 1847.63 141.009 353.912 168.841
internal_count=31949 17769 17737 11181 14180 1079 6556 3063 13938 10102 1658 3493 12280 6561 5719 242 1135 523
is_linear=0
shrinkage=0.095152


Tree=57
num_leaves=17
num_cat=0
split_feature=4 0 8 5 2 2 2 8 8 9 5 2 5 5 4 8
split_gain=4.76295 9.42728 10.1011 5.66674 5.65539 4.67208 8.53673 8.32964 7.94339 5.15897 4.74702 3.24453 2.41459 2.2427 0.406697 0.561202
threshold=1012.85 -0.86902122408030602 7.4600000000000035 0.85598551460090733 0.99765581929545111 0.88201535311751322 0.90963311409709513 6.4300000000000024 4.080000000000001 -5.6428361738647785 -0.86500782323324776 0.99164058729498161 0.42846740267727074 -0.62602635537794626 1007.6036610120206 3.9450000000000007
decision_type=2 2 2 2 2 2 2 2 2 2 2 2 2 2 2 2
left_child=4 -2 3 11 5 9 8 -8 -7 -1 -11 -3 -4 -6 15 -15
right_child=1 2 12 -5 13 6 7 -9 -10 10 -12 -13 -14 14 -16 -17
leaf_value=0.047572595807343944 0.014058043034811177 -0.0048793819984818505 -0.0087305203540935048 -0.045490677632499997 0.0002211762760109197 -0.034390875560555069 0.0056266190776492492 -0.010306427599269372 0.00036520846887465818 -0.0036562143959880415 0.0016817771606007323 -0.03069851636885974 0.0072537466301577213 0.021696152079443181 0.03873705415907288 0.072959535698982864
leaf_weight=168.20420214533806 61.357430577278137 173.95726251602173 68.058303833007812 166.33996629714966 67.227080792188644 263.8905987739563 962.23992881178856 470.79397287964821 152.35782411694527 2848.0630321502686 13592.00748693943 112.920390188694 104.63731881976128 40.932393938302994 52.876830756664276 39.780614346265793
leaf_count=176 67 558 173 137 155 398 2710 640 264 5444 20570 211 143 130 88 85
internal_value=9.52491e-05 -0.00767522 -0.011193 -0.0186479 0.000382688 0.000208607 -0.0043254 -0.00082659 -0.0162987 0.000714533 0.000543383 -0.0103993 0.00829129 0.0162115 0.0232944 0.0278911
internal_weight=19345.6 687.271 625.913 453.218 18658.4 18457.6 1849.28 1433.03 416.248 16608.3 16440.1 286.878 172.696 200.817 133.59 80.713
internal_count=31949 1289 1222 906 30660 30202 4012 3350 662 26190 26014 769 316 458 303 215
is_linear=0
shrinkage=0.095152


Tree=58
num_leaves=14
num_cat=0
split_feature=1 9 1 1 3 7 1 2 1 9 1 2 7
split_gain=5.68796 5.06365 6.92492 6.20568 6.0955 20.48 7.74746 12.0664 7.30608 5.09093 3.83451 2.56558 1.90202
threshold=-0.99995369919546395 -0.13320629209160548 0.99906486341235867 0.95209877697741996 3.7708690727194165 6.9300000000000024 0.94697898371965716 -0.51974381215551546 0.97873101657557349 -0.3673581437910371 -0.092364557225051783 -0.97106408147883394 5.3000000000000034
decision_type=2 2 2 2 2 2 2 2 2 2 2 2 2
left_child=-1 2 3 9 6 11 7 -3 -8 -2 -7 -6 -5
right_child=1 4 -4 12 5 10 8 -9 -10 -11 -12 -13 -14
leaf_value=0.020065009451732972 -0.0021209809263856758 -0.0032210303779683399 0.027308518377878885 -0.018046668729791736 0.032841566635765769 0.061087533035189857 -0.022823963047516885 0.007337895164653923 -0.0018318410789568203 -0.013840801247287274 0.036246950965533965 -9.1461512949592684e-05 -0.027874138737071282
leaf_weight=287.08050352334976 5834.9020740091801 3946.1927495598793 277.94166028499603 163.40362474322319 74.462793827056885 185.21599045395851 401.86243015527725 4209.769823461771 1540.1745292246342 692.46881181001663 248.20264172554016 1311.5431391894817 172.42386591434479
leaf_count=168 10922 5820 190 472 49 95 505 7777 1225 1383 178 2819 346
internal_value=7.21991e-05 -0.000127838 -0.00213181 -0.00273053 0.00107202 0.00613973 0.000156971 0.00144443 -0.00524066 -0.00207757 0.0241584 0.000477873 -0.0153248
internal_weight=19345.6 19058.6 7141.14 6863.2 11917.4 1819.42 10098 8155.96 1942.04 6527.37 433.419 1386.01 335.827
internal_count=31949 31781 13313 13123 18468 3141 15327 13597 1730 12305 273 2868 818
is_linear=0
shrinkage=0.095152


Tree=59
num_leaves=22
num_cat=0
split_feature=8 1 1 4 4 5 7 5 3 3 1 5 8 4 8 5 3 8 1 8 1
split_gain=4.95301 8.95919 20.7219 11.3157 6.99297 10.1053 7.72669 15.8595 12.2161 7.52287 9.48023 9.05324 6.94916 6.54234 5.37534 5.23483 4.64841 4.83389 3.74868 3.32362 1.67693
threshold=8.1800000000000033 -0.36714114513151092 -0.11922381162892895 1007.2988215150846 1012.0349615256006 -0.72003975811059051 4.9354833508399478 0.27146259693822788 2.8012642388553188 2.8389307418735483 0.36219763472910244 0.025866911408687111 8.2828077625642287 1012.0349615256006 6.7003181722749092 0.070508035961368523 2.5202313339999893 7.313294965806624 0.93228057993045244 9.129999999999999 -0.31280064007213421
decision_type=2 2 2 2 2 2 2 2 2 2 2 2 2 2 2 2 2 2 2 2 2
left_child=4 3 -3 -2 6 -6 9 8 -8 11 -11 -1 -5 18 -9 -14 17 -7 -4 -15 -18
right_child=1 2 13 12 5 16 7 14 -10 10 -12 -13 15 19 -16 -17 20 -19 -20 -21 -22
leaf_value=0.022842978807324624 0.046735418229189689 0.052441338466981055 0.0055497888963443225 0.016782650254965174 0.011531099775659359 -0.039508966767678053 -0.011127865147697142 0.033085291367306861 0.0018846947148696994 0.0052747576585443741 -0.010163890291403587 0.0011173923395229692 -0.037270436942214394 0.0018572374840811669 0.0068862653169472921 -0.013276233055928656 0.015586850736937307 -0.0048740470419618197 -0.0012743079280784038 0.078558364761003766 -0.0060435741107741541
leaf_weight=1787.1347592175007 177.08177480101585 238.89281207323074 1408.4006594717503 82.592538356781006 114.66734731197357 466.97327372431755 3434.2194653749466 224.56428617238998 2657.6579376161098 1997.8450917899609 1745.345267534256 2427.1651978492737 261.12076026201248 139.00027397274971 438.1041364967823 136.2120985686779 42.662859529256821 128.51008251309395 1114.8405759036541 95.631985813379288 227.02145352959633
leaf_count=3671 182 156 1342 113 154 803 3968 370 2398 5976 3301 5823 363 207 720 340 115 251 961 80 655
internal_value=-2.13759e-06 0.00315174 0.00536028 -0.0068929 -0.000737522 -0.0085156 -0.000217894 -0.00258523 -0.00410805 0.00179007 -0.0013114 0.00454739 -0.0144819 0.00301883 0.0113747 -0.0197033 -0.0120455 -0.0167328 0.00159545 0.0181751 -0.00161688
internal_weight=19345.6 3653.77 2996.77 657.007 15691.9 979.835 14712 6754.55 6091.88 7957.49 3743.19 4214.3 479.925 2757.87 662.668 397.333 865.168 595.483 2523.24 234.632 269.684
internal_count=31949 3744 2746 998 28205 1978 26227 7456 6366 18771 9277 9494 816 2590 1090 703 1824 1054 2303 287 770
is_linear=0
shrinkage=0.095152


Tree=60
num_leaves=28
num_cat=0
split_feature=3 4 0 4 9 2 9 2 2 0 2 2 2 9 5 9 5 9 4 9 3 3 3 0 5 2 2
split_gain=6.46395 8.63896 11.0649 8.61773 9.91969 9.12427 8.24933 7.81648 13.5717 7.56673 6.86485 11.3056 8.9129 8.52659 6.71321 6.45069 6.35082 6.02374 6.08489 5.71119 5.5979 5.4946 5.22607 4.11059 3.44491 2.93479 2.62311
threshold=1.4628631474848979 1008.0030012654794 0.44948333198942914 1003.3035312562519 0.8856677654902968 -0.72066714955386113 -3.3750581652824585 -0.63147170028715205 0.21067229501317755 1.0031448503598595 0.78327893257887105 0.99164058729498161 -0.81792540844226791 -0.56711234649774045 -0.86500782323324776 3.0188609843048488 -0.60121604429918396 0.86502927452508527 1007.5997075027484 -4.1231971383390347 1.2217139783941355 0.92016588391875664 0.44049314154823277 0.5007771375464094 -0.70710678118654735 0.1924878455382508 -0.75508487541899094
decision_type=2 2 2 2 2 2 2 2 2 2 2 2 2 2 2 2 2 2 2 2 2 2 2 2 2 2 2
left_child=3 10 6 4 5 -1 25 17 16 23 12 13 19 -12 -14 -8 -9 18 -5 -2 -10 -19 -6 -4 -13 -3 -24
right_child=1 2 9 7 22 -7 15 8 20 -11 11 24 14 -15 -16 -17 -18 21 -20 -21 -22 -23 26 -25 -26 -27 -28
leaf_value=0.028771597127927991 0.052698299835020598 0.041450638368282888 -0.019137924420539541 0.024659062630130995 -0.00060420692095416724 -0.035418038292485167 0.0083860315775284612 -0.040549618026131301 0.0052567815125048002 0.05811772269094842 -0.021223615246912683 -0.009080234184639057 -0.007773194790577421 -0.0014927607348697272 0.0072674988318664219 -0.026467864274246879 -0.014008210551438617 -0.027832799987199716 0.0018527127424412505 -0.0097588377040302848 -0.011001313995399973 0.0019326793466162891 0.019357664648865971 -0.0039638668838059797 0.032156705468444853 0.031492865066639744 0.035123836865183687
leaf_weight=80.558632642030716 61.137583553791046 166.81558555364609 395.45111086964607 131.27221772074699 99.941015630960464 128.70453444123268 3512.7249316573143 299.31311470270157 790.09033477306366 60.38166081905365 749.48329648375511 58.763803660869598 1184.3952525258064 533.12812793254852 4153.1828081607819 152.22610005736351 1175.1817734241486 342.10703930258751 801.28955003619194 1906.3801058828831 321.76500898599625 391.5911018550396 82.758764207363129 1244.4330143928528 162.74687919020653 124.18696141242981 274.31459408998489
leaf_count=121 80 148 706 177 50 171 4445 552 1650 18 1166 175 2287 1631 7289 164 1769 289 1160 3432 572 504 181 2184 489 268 277
internal_value=-0.000205078 0.000807488 0.00370947 -0.00318482 0.00685969 -0.0102177 0.00646882 -0.00476322 -0.00803637 -0.00270316 -0.00105465 -0.00690553 0.000149356 -0.0103397 0.002169 0.005235 -0.0140175 0.000312082 0.00539055 -0.00532088 -8.55746e-05 -0.00612357 0.0147141 -0.00393807 0.0128643 0.0218682 0.0200871
internal_weight=19384.3 14465.4 5656.22 4918.89 666.278 209.263 3955.95 4252.61 2586.35 1700.27 8809.22 1504.12 7305.1 1282.61 5337.58 3664.95 1474.49 1666.26 932.562 1967.52 1111.86 733.698 457.014 1639.88 221.511 291.003 357.073
internal_count=31955 24482 7933 7473 800 292 5025 6673 4543 2908 16549 3461 13088 2797 9576 4609 2321 2130 1337 3512 2222 793 508 2890 664 416 458
is_linear=0
shrinkage=0.095152


Tree=61
num_leaves=23
num_cat=0
split_feature=6 9 0 6 0 0 4 8 0 8 0 0 9 8 4 9 6 9 8 8 4 6
split_gain=6.79363 5.03939 5.47984 5.2239 4.45103 17.532 6.32198 3.97431 2.9993 2.91702 2.81128 4.59065 2.52673 1.89128 1.82123 1.66888 1.30953 1.30346 1.25017 3.76307 1.87607 0.518099
threshold=0.74400421579309162 4.0863680974639012 1.0213340577825283 -0.5 0.864707149699531 0.71193854873353757 1011.332492598527 5.8200000000000029 -0.26529599416890731 9.3550000000000004 -0.55244919387544289 0.864707149699531 -0.85155693281264166 2.8600000000000017 1002.4028169203899 5.6684857776554667 0.98296291314453421 4.0863680974639012 3.8205731502561897 3.6250000000000004 1010.4947470612982 0.91597561503675351
decision_type=2 2 2 2 2 2 2 2 2 2 2 2 2 2 2 2 2 2 2 2 2 2
left_child=1 2 4 8 5 -1 -6 12 -3 14 -5 -12 18 21 -9 -10 -16 -15 19 -2 -20 -14
right_child=7 3 -4 10 6 -7 -8 9 15 -11 11 -13 13 17 16 -17 -18 -19 20 -21 -22 -23
leaf_value=0.0013670884929389065 -0.0041092907265869458 -0.035848964727687622 0.022133717392932451 0.06191480776157017 -0.00019016394826692405 0.043747539161852748 -0.017886997558147037 0.012773806957583045 -0.01943304971618082 0.014761825810295238 -0.023934431750226279 0.013658559168096713 0.0020081115452628443 -0.0024642648430973318 -0.021271800701796385 0.0040463302601210227 -0.045241799139262767 0.020275054913880198 0.00036799441975442725 -0.032128134423128417 -0.044282862299558023 0.026923419859169791
leaf_weight=14179.243255674839 81.99802303314209 118.21675324440002 139.43303096294403 56.520506799221039 1819.8331630527973 157.5454273223877 583.82006320357323 33.968135148286819 166.80484077334404 51.43628865480423 43.970263838768005 135.12719571590424 33.430437356233597 663.92916378378868 560.30615431070328 87.23690801858902 142.54477155208588 27.992502629756927 145.57721400260925 52.741836607456207 46.689075380563736 55.959892898797989
leaf_count=18741 249 47 36 83 4854 45 902 126 259 132 72 381 131 2402 2007 109 506 109 372 49 138 205
internal_value=-0.000123592 0.000462515 0.000769997 -0.00803767 0.000611946 0.00124793 -0.0031747 -0.00553111 -0.0150414 -0.0106935 0.00299664 -0.002812 -0.00183952 0.00108767 -0.0122331 -0.00905722 -0.013282 -0.000587417 -0.00884793 -0.0158626 -0.00378977 0.0140097
internal_weight=19384.3 17487.8 16879.9 607.876 16740.4 14336.8 2403.65 1896.57 372.259 788.255 235.618 179.097 1108.32 781.312 736.819 254.042 702.851 691.922 327.006 134.74 192.266 89.3903
internal_count=31955 25529 24578 951 24542 18786 5756 6426 415 2771 536 453 3655 2847 2639 368 2513 2511 808 298 510 336
is_linear=0
shrinkage=0.095152


Tree=62
num_leaves=15
num_cat=0
split_feature=2 3 2 2 2 2 3 4 7 4 5 7 2 3
split_gain=5.39529 5.13143 7.6715 14.6521 5.71749 8.32527 6.72767 9.46861 6.96925 5.4721 4.29674 3.30625 1.97781 1.82721
threshold=1.003250149981874 5.0703928444738571 0.90515966073569365 0.88201535311751322 0.99164058729498161 0.99765581929545111 1.4628631474848979 1003.3035312562519 7.3700000000000037 1010.8000013270547 -0.68997398374011842 4.1202579729426985 0.98927755889796032 3.4508014674044385
decision_type=2 2 2 2 2 2 2 2 2 2 2 2 2 2
left_child=1 4 3 10 6 9 7 -1 -8 -6 -3 12 -4 -7
right_child=-2 2 11 -5 5 13 8 -9 -10 -11 -12 -13 -14 -15
leaf_value=0.0088682193152795526 -0.14421615205937061 -0.022696712001099337 0.0058242340166755691 -0.038660591698696269 0.0012067184650478258 0.005935813327783087 0.0011883060950166687 -0.005467373140344854 0.01006751981133772 -0.035070066514927292 0.00088376437245888697 -0.037966688308244109 0.032324467287176376 -0.0151355023212072
leaf_weight=666.27754101157188 64.636885166168213 179.95254990458488 165.47783055901527 178.3098081946373 95.04277440905571 144.73779132962227 10573.857568174601 4191.1271157860756 2265.4737362265587 234.46745222806931 451.92277079820633 33.639416247606277 70.905964553356171 68.495699375867844
leaf_count=800 20 419 451 117 296 298 19567 6601 1547 294 977 99 244 225
internal_value=-7.30979e-05 -0.000166514 -0.00653488 -0.0111661 0.000210401 -0.00939586 0.000506432 -0.00250837 0.00164814 -0.0188555 -0.00431565 0.00730004 0.0113223 0.00518943
internal_weight=19384.3 19319.7 1080.21 810.185 18239.5 542.744 17696.7 4857.4 12839.3 329.51 631.875 270.023 236.384 213.233
internal_count=31955 31935 2307 1513 29628 1113 28515 7401 21114 590 1396 794 695 523
is_linear=0
shrinkage=0.095152


Tree=63
num_leaves=24
num_cat=0
split_feature=6 2 5 9 5 1 1 5 5 6 1 2 1 1 9 9 5 8 8 9 2 1 9
split_gain=6.17709 5.52625 7.29608 3.98044 3.71313 7.5594 7.49246 10.5024 6.42907 8.43777 4.06269 3.52573 3.93969 3.41342 2.42383 2.30984 1.81733 1.7881 1.67178 2.57078 1.54593 1.21592 0.211197
threshold=0.74400421579309162 0.27851253630751921 -1.0000000180025095e-35 -0.3456302941565354 -0.68997398374011842 -0.99995369919546395 1.2228994624994634 -1.0013879852237297 -0.25881904510252113 -0.77703206496278954 0.47146475767959806 0.86962049895765936 0.41130333125976476 -0.66134742624507004 3.814247196893318 -2.2896227553427422 -0.26249920084584166 6.156268810909741 6.156268810909741 0.80556178550737745 -0.34960951786646516 0.65427941861082639 0.48028142369748977
decision_type=2 2 2 2 2 2 2 2 2 2 2 2 2 2 2 2 2 2 2 2 2 2 2
left_child=4 2 18 11 6 -6 7 -1 9 -7 -10 15 -13 -9 17 -3 22 -4 20 -20 -2 -18 -5
right_child=1 3 14 16 5 8 -8 13 10 -11 -12 12 -14 -15 -16 -17 21 -19 19 -21 -22 -23 -24
leaf_value=0.025474044651493562 0.009232366116468587 -0.01580175124196764 -0.021079340562166326 0.0014716332715427008 0.035977980595716809 0.005046741614382508 -0.029977506920079174 -0.020386899424563225 -0.0018853808288725458 0.025334562746316139 0.0016088942697475431 -0.0070742058514940984 -0.029397922191126722 -0.0019689197556257408 0.010714525660051594 0.015796759645597139 0.016732776113943273 -0.041045799991760827 -0.032851036454074181 0.010787887830146132 -0.016720766724563907 -0.0044582847996138941 -0.0081155235075731098
leaf_weight=434.12791532278061 162.99326705932617 91.286940813064575 293.13099005818367 31.374462366104126 210.93570765852928 1989.1047441959381 142.66090750694275 871.84401604533195 5097.2683720886707 456.82838749885559 4631.2038161754608 144.50567531585693 67.668784260749817 3653.7775421142578 29.784789860248566 153.0076425075531 300.07607510685921 248.90476807951927 111.82567298412323 80.633358329534531 65.541134357452393 64.562202990055084 51.277731269598007
leaf_count=116 550 146 1119 123 103 1425 33 2568 9876 116 4733 372 44 6559 109 534 1095 990 393 285 247 228 191
internal_value=-1.70087e-05 -0.00517347 -0.0100692 0.000197548 0.000541845 0.00143228 -0.00161687 -0.00099267 0.00112064 0.00548003 2.26835e-05 -0.00603005 -0.0149684 -0.00235247 -0.0170559 0.00172083 0.00658037 -0.018516 -0.000524914 -0.00705996 0.00493224 0.00947629 -0.00599075
internal_weight=19384.3 1896.57 992.814 903.76 17487.8 12385.3 5102.41 4959.75 12174.4 2445.93 9728.47 456.469 212.174 4525.62 571.821 244.295 447.29 542.036 420.993 192.459 228.534 364.638 82.6522
internal_count=31955 6426 3693 2733 25529 16253 9276 9243 16150 1541 14609 1096 416 9127 2218 680 1637 2109 1475 678 797 1323 314
is_linear=0
shrinkage=0.095152


Tree=64
num_leaves=15
num_cat=0
split_feature=2 3 2 2 2 3 1 1 1 2 1 3 3 7
split_gain=5.40256 3.79007 6.63091 4.83807 6.71361 5.78729 8.68213 6.769 2.92724 6.22751 5.67075 1.9889 1.60621 0.533063
threshold=1.003250149981874 5.0703928444738571 0.98927755889796032 0.99164058729498161 0.99765581929545111 1.4628631474848979 -0.33611452239151235 -0.98127565035916853 -0.22115533777225982 -0.11343308229823963 0.47146475767959806 3.252724642808229 3.4508014674044385 2.2400000000000007
decision_type=2 2 2 2 2 2 2 2 2 2 2 2 2 2
left_child=1 3 8 5 11 6 -1 -7 9 -3 -10 -5 -6 -4
right_child=-2 2 13 4 12 7 -8 -9 10 -11 -12 -13 -14 -15
leaf_value=-0.013783096285264293 -0.1425972835532929 -0.040456975524714549 0.022696915269016561 -0.030979204641664072 0.0055504067218230865 0.018683790923948423 0.00015397026070671348 0.0017852513867194914 -0.0242611371556243 0.024232959462034524 -0.0039918382153836546 -0.0076478241690487872 -0.013507982973257941 0.022730585186634834
leaf_weight=1448.9001453816891 64.636885166168213 87.616490334272385 32.35687255859375 235.00992926955223 144.73779132962227 672.19481205940247 3408.5045114159584 12167.136492341757 344.4650245308876 128.30778056383133 439.72259655594826 94.500297367572784 68.495699375867844 47.73957571387291
leaf_count=3526 20 236 108 306 298 1351 3875 19763 484 440 869 284 225 170
internal_value=-9.12598e-05 -0.000184737 -0.00565779 0.000139093 -0.0086976 0.000411471 -0.00238466 0.00147044 -0.00778411 0.00196711 -0.0104841 -0.0171926 0.00439589 0.0204242
internal_weight=19384.3 19319.7 1080.21 18239.5 542.744 17696.7 4857.4 12839.3 1000.11 215.924 784.188 329.51 213.233 80.0964
internal_count=31955 31935 2307 29628 1113 28515 7401 21114 2029 676 1353 590 523 278
is_linear=0
shrinkage=0.095152


Tree=65
num_leaves=9
num_cat=0
split_feature=2 6 6 2 0 6 2 6
split_gain=7.65464 5.46866 4.85852 5.71507 6.22214 3.91565 4.23139 2.82855
threshold=0.99992591960455823 -1.7017880364955529 0.74400421579309162 0.27851253630751921 -0.26529599416890731 -1.5795604215207197 -0.012910296075008829 0.91597561503675351
decision_type=2 2 2 2 2 2 2 2
left_child=1 -1 5 4 -4 -3 -7 -5
right_child=-2 2 3 7 -6 6 -8 -9
leaf_value=0.020168570101144812 0.073871552049027164 -0.024956646752043104 -0.0015560139378460844 -0.0070854383433122149 -0.027028149508755601 0.0027732085052752336 -0.001862979803041978 0.0068530222448623833
leaf_weight=187.46978718042374 81.042504459619522 137.14826488494873 420.50139805674553 358.90093290805817 578.9500960111618 10421.216266155243 6622.6262766122818 528.85527193546295
leaf_count=49 100 34 1491 1079 2232 12388 12918 1650
internal_value=0.000323778 0.000199263 3.90264e-05 -0.00454125 -0.00947242 0.000543197 0.000673346 0.00100196
internal_weight=19336.7 19255.7 19068.2 1887.21 999.451 17181 17043.8 887.756
internal_count=31941 31841 31792 6452 3723 25340 25306 2729
is_linear=0
shrinkage=0.095152


Tree=66
num_leaves=11
num_cat=0
split_feature=2 3 8 7 3 3 0 8 3 2
split_gain=5.67642 3.67001 3.38553 6.19395 11.7434 5.67778 11.1656 4.46819 2.98755 1.67251
threshold=0.99992591960455823 7.5650000000000004 8.1800000000000033 7.6900000000000039 2.4204004681577986 2.7310370842879963 -0.41863906036433413 8.2316874982920449 5.0450000000000008 0.88961433068491413
decision_type=2 2 2 2 2 2 2 2 2 2
left_child=1 2 3 8 -5 7 -7 -4 -1 -3
right_child=-2 9 5 4 -6 6 -8 -9 -10 -11
leaf_value=0.00036723619243114747 0.066842528812651986 0.0054155921104292399 0.011817939752875855 -0.021140209435379972 0.0048510351995791432 -0.0059734459395627505 0.018830002620682657 -0.0002161442951204898 -0.0084294226231865846 0.016623528727560306
leaf_weight=13801.833277285099 81.042504459619522 51.135316669940948 160.56320983171463 393.32736158370972 357.52554655075073 400.56423708796501 505.49448361992836 2567.1446059644222 967.6033051609993 50.476949989795685
leaf_count=25202 100 95 152 306 268 322 321 2963 2083 129
internal_value=0.000226154 0.000118841 2.18636e-05 -0.00058962 -0.00901254 0.00263635 0.00915707 0.000462232 -0.000159765 0.0180351
internal_weight=19336.7 19255.7 19154.1 15520.3 750.853 3633.77 906.059 2727.71 14769.4 101.612
internal_count=31941 31841 31617 27859 574 3758 643 3115 27285 224
is_linear=0
shrinkage=0.095152


Tree=67
num_leaves=26
num_cat=0
split_feature=1 9 1 9 9 1 4 8 4 3 1 1 3 1 8 4 3 8 9 8 8 9 9 0 3
split_gain=5.45803 9.56517 15.2747 11.2435 9.41226 17.0529 9.26379 7.84582 7.59826 17.0179 11.8472 8.34624 8.25807 12.9768 6.57664 6.39635 6.35964 7.72343 5.47219 5.57305 5.18955 4.49953 3.65298 1.32913 0.510031
threshold=0.93696981298730819 1.1189811785557462 0.9728703809215552 -2.0696443052197551 2.1219496754992222 0.85885587013335762 1001.6030310425998 8.1506487142825801 1004.6293547666627 3.1329567060027617 -0.90518480756366004 0.47146475767959806 3.1734415601906236 0.36219763472910244 6.7003181722749092 1000.3015787700393 3.2707433621573458 6.3700000000000001 0.94681389045615927 9.129999999999999 7.3343462124564995 3.0188609843048488 3.0188609843048488 0.4990415606769007 3.5750000000000006
decision_type=2 2 2 2 2 2 2 2 2 2 2 2 2 2 2 2 2 2 2 2 2 2 2 2 2
left_child=4 3 14 20 8 7 -7 21 12 11 -11 -10 15 -14 -3 -1 17 -4 19 -5 24 -6 -9 -8 -2
right_child=1 2 16 18 5 6 23 22 9 10 -12 -13 13 -15 -16 -17 -18 -19 -20 -21 -22 -23 -24 -25 -26
leaf_value=0.016171107095427333 -0.071636866213010006 -0.0012949341412751884 0.033297830680975964 -1.7132091946943763e-05 0.0024574227827417294 0.062937734730970654 0.008596986020159356 0.022266544856078242 -0.0049560537385862739 0.02832967288808599 0.0077021756892951248 0.006815331443202911 -0.0014261267379069424 -0.027236334553745224 -0.052548922093229158 -0.0032109593051839747 -0.021804785544822916 -0.006020272059452751 0.039815593265614665 0.045384763943125489 -0.0036126921992772855 -0.010377979442229115 0.0077253828734958003 0.014723986717264622 -0.053494117080938645
leaf_weight=372.99219891428947 53.219582796096802 114.30865117907524 227.27210545539856 971.50179699063301 1114.1358320116997 263.19478788971901 169.94133928418159 311.82708150148392 4983.1829773187637 295.18264752626419 2365.5350945293903 1738.6851771175861 925.612080514431 815.98285621404648 195.32188394665718 1716.2807307243347 162.80571189522743 917.43251949548721 92.676750123500824 270.14138835668564 63.26296404004097 760.28510126471519 217.02661937475204 176.43916428089142 42.463755458593369
leaf_count=263 82 158 150 1452 1837 196 92 265 9195 268 3765 2151 2875 1106 179 4496 166 603 100 210 116 1754 189 151 122
internal_value=0.00022072 -0.00342882 -0.0084978 0.00205485 0.00092131 0.00571942 0.0199172 0.00210376 -0.000172233 0.00128476 0.00772441 -0.00126339 -0.00374324 -0.0085795 -0.0274604 0.000285048 -0.00397383 -0.0014484 0.00491859 0.00322715 -0.0217448 -0.000779987 0.0123246 0.00958066 -0.0355703
internal_weight=19336.7 3110.41 1617.14 1493.27 16226.3 3012.85 609.575 2403.27 13213.5 9382.59 2660.72 6721.87 3830.87 1741.59 309.631 2089.27 1307.51 1144.7 1334.32 1241.64 158.946 1874.42 528.854 346.381 95.6833
internal_count=31941 3338 1256 2082 28603 4484 439 4045 24119 15379 4033 11346 8740 3981 337 4759 919 753 1762 1662 320 3591 454 243 204
is_linear=0
shrinkage=0.095152


Tree=68
num_leaves=13
num_cat=0
split_feature=0 6 7 6 2 3 3 2 0 7 2 2
split_gain=5.30238 4.472 4.83558 3.81488 3.59914 3.71698 3.04336 2.4741 4.82277 3.68347 2.46736 1.74331
threshold=-1.2052084992856529 0.74400421579309162 4.5000000000000027 -1.7017880364955529 0.91586428826728705 4.8228984035456426 7.8150000000000004 0.27851253630751921 -0.50382030568244862 6.4200119791850296 0.99992591960455823 0.94968266440323645
decision_type=2 2 2 2 2 2 2 2 2 2 2 2
left_child=-1 3 4 -2 5 -3 10 8 -4 -9 -5 -6
right_child=1 2 7 6 11 -7 -8 9 -10 -11 -12 -13
leaf_value=-0.0086308102901691153 -0.012056500245945526 -0.00045321686278033187 0.012665068038614547 0.00054819347538350002 0.034268041270983221 -0.020208102715651773 0.0071332730457795484 -0.0085541077273902626 -0.030284022078630089 0.043427460867143171 0.073753135086639512 0.0096933602763841255
leaf_weight=168.93533247709274 181.46978718042374 751.9009869992733 102.88282725214958 16945.0159958601 41.25 64.330601274967194 73.039479315280914 314.10131788253784 436.27458873391151 44.892498433589935 77.042504459619522 135.57487833499908
leaf_count=45 48 2597 348 25134 165 103 162 893 1715 147 84 500
internal_value=6.03506e-05 0.000209501 -0.00418066 0.000691104 0.000384046 -0.00227381 0.000544071 -0.00923487 -0.0133101 -0.00305215 0.000459342 0.0126486
internal_weight=19336.7 19167.8 1891.21 17276.6 993.056 816.232 17095.1 898.151 539.157 358.994 17022.1 176.825
internal_count=31941 31896 6468 25428 3365 2700 25380 3103 2063 1040 25218 665
is_linear=0
shrinkage=0.095152


Tree=69
num_leaves=17
num_cat=0
split_feature=6 6 7 8 9 9 7 9 9 2 2 5 2 6 2 2
split_gain=5.53345 3.04677 4.63789 2.96969 6.43357 9.64026 5.19498 8.97425 4.59348 2.88534 2.42162 2.1579 1.90545 4.52418 2.94496 1.58366
threshold=-1.7017880364955529 0.74400421579309162 4.5000000000000027 8.1506487142825801 -0.87588488340935899 -0.16912715153092603 7.6900000000000039 2.6099731075612724 -3.2657034487248384 0.91586428826728705 0.99765581929545111 0.49961646868648285 0.27851253630751921 0.91597561503675351 0.5456398434046178 0.94968266440323645
decision_type=2 2 2 2 2 2 2 2 2 2 2 2 2 2 2 2
left_child=-1 3 9 6 8 -6 10 -8 -5 11 -2 -3 13 -4 -14 -11
right_child=1 2 12 4 5 -7 7 -9 -10 15 -12 -13 14 -15 -16 -17
leaf_value=0.021996437690561133 -2.2098181825015047e-05 0.001012066416809696 -0.0048634231792084124 -0.0063683208979652284 -0.019193331123511129 0.0034154779465198027 -0.0040164446970462116 -0.037133187525429746 0.030661006721491683 0.031007369853128783 0.0077529404326551719 -0.017895712082948715 0.027187146047996071 -0.033021576112824927 -0.009305283980145209 0.0087710180115832641
leaf_weight=187.46978718042374 12868.033164262772 669.56076440215111 221.65162378549576 105.90543636679649 276.74808701872826 2736.3361548185349 535.76387196779251 148.92287373542786 372.37253963947296 41.25 213.95118430256844 146.67082387208939 78.435868561267853 317.50579220056534 280.55794775485992 135.57487833499908
leaf_count=49 21280 2229 819 89 354 2237 441 71 456 165 496 471 296 1244 744 500
internal_value=0.000103682 -5.5481e-05 -0.00368031 0.000341261 0.00281956 0.00118501 -0.000286548 -0.00835802 0.013058 0.0007899 0.000135743 -0.00158858 -0.0086308 -0.0122098 -0.00319463 0.0117694
internal_weight=19336.7 19149.2 1891.21 17258 3491.36 3013.08 13766.7 684.687 478.278 993.056 13082 816.232 898.151 539.157 358.994 176.825
internal_count=31941 31892 6468 25424 3136 2591 22288 512 545 3365 21776 2700 3103 2063 1040 665
is_linear=0
shrinkage=0.095152


Tree=70
num_leaves=7
num_cat=0
split_feature=2 0 5 5 4 4
split_gain=4.9584 3.10736 3.55715 3.54013 7.54387 6.50691
threshold=1.003250149981874 -1.2285561363750326 -1.2854324131596677 -0.70453509935217817 1004.7046703795089 1011.2061482189976
decision_type=2 2 2 2 2 2
left_child=1 -1 -3 4 -4 -5
right_child=-2 2 3 5 -6 -7
leaf_value=-0.010363087707136285 0.059888504494756696 0.020029216870892062 -0.010747189534986079 0.0020824381834723691 0.0014648174239456429 -0.0053682665774436042
leaf_weight=146.93788516521454 63.129422903060913 165.20647811889648 1737.4832965433598 12370.095399975777 3165.4979883730412 1744.2524561583996
leaf_count=39 21 48 3946 19330 5314 3251
internal_value=0.000264681 0.000176131 0.000282831 0.000160884 -0.00204065 0.000926669
internal_weight=19392.6 19329.5 19182.5 19017.3 4902.98 14114.3
internal_count=31949 31928 31889 31841 9260 22581
is_linear=0
shrinkage=0.095152


Tree=71
num_leaves=10
num_cat=0
split_feature=1 0 1 2 3 9 1 1 1
split_gain=5.31221 5.71706 3.88285 9.33313 10.2278 7.78635 6.30779 10.3987 7.45233
threshold=-0.99995369919546395 -1.2285561363750326 -0.76922158987017697 -0.11343308229823963 3.5120355361566769 1.0536890549090698 -0.17077825861200011 -0.058922677587916313 -0.38168568572378597
decision_type=2 2 2 2 2 2 2 2 2
left_child=-1 -2 3 5 -5 -3 8 -8 -4
right_child=1 2 6 4 -6 -7 7 -9 -10
leaf_value=0.024491820513332797 -0.015376092168886177 -0.0096529706044861628 0.0014541620350407773 -0.003064702809443222 0.041579062569551732 -0.043985634702167445 -0.018758165212324929 0.00041844149110187366 0.016050810857492947
leaf_weight=282.88038849830627 120.94446623325348 794.93718844652176 2164.5561584234238 1261.5875603556633 184.3152864575386 269.55645433068275 676.42282268404961 12288.196965396404 1349.2056364119053
leaf_count=171 31 2268 5047 3752 330 757 1184 16058 2351
internal_value=0.000210439 1.77124e-05 0.000150443 -0.00333369 0.00163721 -0.0100911 0.000682236 -0.000286142 0.00425759
internal_weight=19392.6 19109.7 18988.8 2510.4 1445.9 1064.49 16478.4 12964.6 3513.76
internal_count=31949 31778 31747 7107 4082 3025 24640 17242 7398
is_linear=0
shrinkage=0.095152


Tree=72
num_leaves=21
num_cat=0
split_feature=6 5 7 5 0 0 3 6 8 6 6 7 8 6 0 6 0 0 0 6
split_gain=4.58901 13.0082 8.46953 9.58881 5.54301 9.00644 5.3294 5.82193 6.80266 6.15976 5.34253 5.32434 4.98393 4.60224 3.41126 3.15201 3.10784 2.90301 0.559377 0.541496
threshold=-0.85945896132844501 0.53406750902659861 4.5499999999999998 -0.084364148508287329 0.27603639182196232 0.5007771375464094 4.9221777408528053 -0.00058450420491038837 3.0550000000000002 -0.5 -0.79732977367381797 4.1050000000000013 4.6599999999999993 -0.72905947264096316 -0.72803482504911132 -0.49182347202724191 -0.25534379813835617 0.4990415606769007 0.042627223628304532 0.69971674903203429
decision_type=2 2 2 2 2 2 2 2 2 2 2 2 2 2 2 2 2 2 2 2
left_child=1 2 3 11 14 -6 10 9 19 12 -2 -1 -8 -12 -4 -15 -11 -5 -10 -9
right_child=6 -3 4 17 5 -7 7 8 18 16 13 -13 -14 15 -16 -17 -18 -19 -20 -21
leaf_value=0.031941473904396736 -0.016984228811695021 0.078955134809878064 -0.0085195311334393797 0.011040849647648182 -0.021688783846893243 0.0014943574530460382 0.0051233958343378872 -0.00022702969612087078 -0.033690979232286464 -0.002320062686955279 0.029899243169275898 0.0063217667396580869 -0.035364385620780758 -0.005189572907817532 0.00180803908706731 0.00081913741950216711 0.040481799693221215 -0.001706665587199354 -0.036074409463356369 0.02599811131865554
leaf_weight=542.50199481844902 164.0516449213028 223.76091915369034 165.7522497177124 469.76769551634789 622.4497652053833 504.43755394220352 132.71698719263077 26 115.72609084844589 47.720637649297714 188.71482443809509 187.5981984436512 119.06768342852592 3177.8410775065422 4356.5715149044991 7256.9914191067219 72.869657546281815 899.44816774129868 90.114845156669617 28.5
leaf_count=744 43 62 48 642 552 375 386 104 172 115 58 254 262 4588 2523 18902 148 1775 82 114
internal_value=0.000186296 0.00193856 0.00128153 0.00644049 -0.000634434 -0.00660236 -0.0010359 -0.009515 -0.0203966 -0.00182695 -0.000536266 0.0152385 -0.0103144 -0.000270809 0.000851384 -0.000539187 0.0157077 0.00172946 -0.0282875 0.00914188
internal_weight=19392.6 7972.29 7748.53 2099.32 5649.21 1126.89 11420.3 632.716 260.341 372.375 10787.6 730.1 251.785 10623.5 4522.32 10434.8 120.59 1369.22 205.841 54.5
internal_count=31949 6975 6913 3415 3498 927 24974 1383 472 911 23591 998 648 23548 2571 23490 263 2417 254 218
is_linear=0
shrinkage=0.095152


Tree=73
num_leaves=10
num_cat=0
split_feature=1 1 1 1 8 1 8 1 8
split_gain=6.55139 4.52706 4.86578 10.2971 18.9353 6.81014 5.16768 4.14537 2.06737
threshold=1.2964235005488773 1.0879257745763635 0.99232614502972039 0.99611316860347732 9.129999999999999 0.98801351631316348 8.980000000000004 0.95992380042979863 9.9774315447996607
decision_type=2 2 2 2 2 2 2 2 2
left_child=1 2 5 8 -5 7 -7 -1 -4
right_child=-2 -3 3 4 -6 6 -8 -9 -10
leaf_value=0.00087242401430171704 -0.0072200425686799602 0.0096121408219778642 -0.01640132516444388 -0.021227375817313713 0.047809520636484457 0.010154941565604422 0.11306965258419305 -0.0089457163944246711 -0.024441402855437281
leaf_weight=16704.310765713453 430.12466597557068 304.38415861129761 142.57865625619888 400.01001232862473 223.46220421791077 166.36237591505051 113.10649597644806 822.69019091129303 85.57340133190155
leaf_count=29232 113 83 239 539 188 211 87 1180 77
internal_value=0.000156993 0.000421417 0.00023251 -0.00678682 -0.000422103 0.000569427 0.0152709 0.000333125 -0.0240193
internal_weight=19392.6 18962.5 18658.1 851.624 623.472 17806.5 279.469 17527 228.152
internal_count=31949 31836 31753 1043 727 30710 298 30412 316
is_linear=0
shrinkage=0.095152


Tree=74
num_leaves=23
num_cat=0
split_feature=3 7 9 0 9 9 8 3 8 3 3 9 8 7 0 0 5 5 0 8 9 7
split_gain=4.01043 5.63242 5.53724 5.46819 6.03489 5.87742 4.95703 4.90446 4.73566 14.1764 6.49426 3.71651 3.96984 7.38362 5.86316 5.37579 14.3041 7.81858 3.3165 2.36266 2.05608 2.01845
threshold=1.4628631474848979 7.3700000000000037 -4.6336700666543207 -0.77137963961301792 1.2072564167634747 2.9509054790453502 6.5200000000000022 2.6010891114685002 6.8800000000000017 3.7505339735196195 3.9504843002771697 -4.3398605665762942 5.6387489884501312 2.6800000000000019 0.68672248351772913 -0.09312208107773283 0.083001021567421326 -0.34928387306181663 -0.60846523653684503 4.7150000000000007 0.017702488893664995 7.9062025029692231
decision_type=2 2 2 2 2 2 2 2 2 2 2 2 2 2 2 2 2 2 2 2 2 2
left_child=11 2 6 4 21 18 19 -6 10 -10 -4 -1 13 20 -15 16 -14 -17 -5 -2 -13 -3
right_child=1 3 8 5 7 -7 -8 -9 9 -11 -12 12 15 14 -16 17 -18 -19 -20 -21 -22 -23
leaf_value=-0.034908064488737227 0.010834992522712731 -0.0061174457704501065 0.0034596868956218514 0.050445327239394197 -0.011898077760364013 -0.011539021345004121 0.033246030834705724 0.023677695530412976 -0.0066411177590417645 0.022289028492284063 -0.0050545994875587259 -0.021118303749387037 -0.01245986147927919 0.0047536079634153986 0.050539676956316185 0.011904923422301185 0.03032621490812026 -0.002916741615924747 0.011191225106703668 -0.0085208419348579249 -0.0037260556203971948 -0.016172351876099635
leaf_weight=113.00468304753304 97.938551664352417 71.988747775554657 6464.7989489734173 288.21427199244499 121.7503462433815 248.87873601913452 114.78534978628159 79.687555432319641 2626.9691256284714 460.69748330116272 2311.165464758873 123.11079117655754 1316.2139756381512 489.89860033988953 142.519262611866 251.10555553436279 91.240514755249023 2217.8802284300327 1391.9754763841629 81.991611808538437 155.02924212813377 131.75840380787849
leaf_count=122 203 116 13675 221 178 102 54 109 3451 483 4846 263 2220 979 211 57 21 3152 753 137 427 169
internal_value=0.000261565 0.0010578 0.000234554 0.00533771 -0.00467979 0.00745021 0.0130882 0.00693457 -8.51354e-05 -0.00329033 0.00104143 -0.00209046 -0.00168207 0.0039616 0.00964794 -0.00301195 -0.00770245 -0.000330203 0.00947406 0.00309224 -0.00890618 -0.0161947
internal_weight=19392.6 14492.6 12158.3 2334.25 405.185 1929.07 294.716 201.438 11863.6 3087.67 8775.96 4900 4787 910.558 632.418 3876.44 1407.45 2468.99 1680.19 179.93 278.14 203.747
internal_count=31949 24497 22849 1648 572 1076 394 287 22455 3934 18521 7452 7330 1880 1190 5450 2241 3209 974 340 690 285
is_linear=0
shrinkage=0.095152


Tree=75
num_leaves=29
num_cat=0
split_feature=4 3 4 1 7 1 1 1 1 3 4 7 3 4 7 4 1 1 7 1 3 7 5 1 3 4 3 3
split_gain=4.20318 12.4855 8.61287 10.352 11.5659 7.35684 6.23748 5.51922 21.6802 8.79565 13.1043 8.11351 8.5395 7.88705 7.42796 6.60726 9.55633 6.65487 5.4994 5.11709 4.20765 3.6194 7.26794 3.21707 2.55387 2.99988 2.30009 2.20845
threshold=1008.0030012654794 2.4003630399006077 1012.1110502976734 -0.66134742624507004 6.9700000000000015 -0.13574673742831869 -0.90518480756366004 0.92156953051579749 0.88428176967528671 2.4204004681577986 1000.8005913371051 7.7400243980812595 2.4003630399006077 1001.7409717509555 4.9100000000000028 1005.0176473938544 0.99995369919546417 0.99906486341235867 9.4600000000000009 -0.74409704927257525 3.9504843002771697 3.6500000000000008 0.85598551460090733 -0.077282800464559334 3.5301525236338578 1009.2983798774027 2.4611415547610744 2.2610883208937023
decision_type=2 2 2 2 2 2 2 2 2 2 2 2 2 2 2 2 2 2 2 2 2 2 2 2 2 2 2 2
left_child=7 2 3 4 -2 -5 24 8 11 15 -11 14 -13 26 -1 16 -9 -17 19 -8 -12 22 -4 -23 25 -3 -10 -15
right_child=1 6 21 5 -6 -7 18 9 13 10 20 12 -14 27 -16 17 -18 -19 -20 -21 -22 23 -24 -25 -26 -27 -28 -29
leaf_value=-0.00096597744714911333 -0.010966187391386287 0.021311314726105063 0.0026526687025785461 0.021695340321119617 -0.035950244847565871 6.7646670583684592e-05 -0.032837645449161894 -0.0021450591647744583 0.066156351734714763 -0.038780211714190757 -0.01607261712383205 -0.00082386287270360379 0.034296937503730536 0.025875481017190883 -0.011757457086333651 0.0015229697161270586 0.039850691181862928 -0.052186078399743867 -0.016647132333389613 0.0075957464840291011 0.0023908268658024722 -0.03530712958353615 -0.039372007969736299 -0.00072474911706809178 0.036473249974969049 -0.0059179968282602052 0.024573208586377661 -0.0066989771895261492
leaf_weight=4946.2416378855705 894.21034204959869 65.5591641664505 94.390544861555099 775.65647873282433 156.7275875210762 3160.6377437412739 142.55572694540024 259.72230067849159 117.7060207426548 239.21569249033928 560.83920621871948 532.24244120717049 419.98882493376732 85.764449208974838 2223.3186961114407 270.12200027704239 198.84595537185669 142.85892659425735 99.821602642536163 2678.5063986182213 252.3782097697258 137.46542930603027 170.76311993598938 273.4973629117012 120.16041019558907 64.719385236501694 149.75744611024857 106.99394673109055
leaf_count=12961 2383 68 281 1498 326 3582 232 329 70 164 909 412 239 99 2565 256 56 48 54 3505 442 289 159 399 81 142 139 204
internal_value=-0.000148467 0.00138034 -0.00129463 7.02766e-05 -0.00831077 0.00231323 0.00615985 -0.00143529 -0.000400714 -0.00603995 -0.0118898 -0.00154195 0.00670049 0.0196572 -0.00263951 0.00101685 0.00887958 -0.00768352 0.00491276 0.00569547 -0.00608782 -0.0113615 -0.020023 -0.00569481 0.0205496 0.0109933 0.0302014 0.00485248
internal_weight=19340.7 8834.67 5663.35 4987.23 1050.94 3936.29 3171.32 10506 8582.01 1923.98 1052.43 8121.79 952.231 460.222 7169.56 871.549 458.568 412.981 2920.88 2821.06 813.217 676.116 265.154 410.963 250.439 130.279 267.463 192.758
internal_count=31892 12999 8917 7789 2709 5080 4082 18893 16689 2204 1515 16177 651 512 15526 689 385 304 3791 3737 1351 1128 440 688 291 210 209 303
is_linear=0
shrinkage=0.095152


Tree=76
num_leaves=17
num_cat=0
split_feature=2 4 2 6 0 2 2 2 9 9 2 6 6 2 6 5
split_gain=4.38383 3.04827 7.81704 5.85974 6.63051 6.12684 5.54133 4.46625 8.84162 7.65344 6.77359 5.38489 5.12065 4.08151 2.75342 2.17984
threshold=1.003250149981874 1008.0030012654794 0.99164058729498161 0.91597561503675351 0.93570195718988947 0.27851253630751921 0.99696424012059681 -0.81792540844226791 -1.2013748279853187 -0.38719311384176608 -0.74265881450191029 -0.74644655033261564 -0.00058450420491038837 -0.87255275299116974 -0.00058450420491038837 0.85598551460090733
decision_type=2 2 2 2 2 2 2 2 2 2 2 2 2 2 2 2
left_child=1 7 3 4 -3 -5 15 9 12 13 -10 -11 -9 -1 -8 -4
right_child=-2 2 6 5 -6 -7 14 8 10 11 -12 -13 -14 -15 -16 -17
leaf_value=0.015470739826951319 -0.17235412074825363 0.0036993879625325972 -0.024872200651224807 -0.030495708202748491 -0.0058901846845744767 0.0039716996955592972 -0.027852891514962716 -0.0045570980146630545 0.027512884821344927 -0.018028956755427303 0.00072677794615213403 -0.006738494927912334 -0.021072387189167492 -0.011321472818919079 0.0013113973019176866 -0.054296779628345442
leaf_weight=624.87224754691124 64.44616162776947 7031.2475510537624 129.07153594493866 265.608523696661 848.33081188797951 214.10856574773788 95.923503845930099 982.84216877818108 482.56919559836388 651.29590159654617 5929.111318051815 1087.4612455666065 609.45830044150352 110.57552689313889 128.35356137156487 85.39093154668808
leaf_count=1194 20 8799 221 1023 1687 769 202 1812 639 400 10927 2412 1287 213 232 55
internal_value=-6.38254e-05 -0.000148165 0.00115681 0.00180858 0.00243189 -0.00838118 -0.0111998 -0.00124511 -0.000150992 -0.0047774 0.00142364 -0.00821942 -0.00649537 0.00334311 -0.000663301 -0.0220862
internal_weight=19340.7 19276.2 8798.03 8359.3 7879.58 479.717 438.74 10478.2 8003.98 2474.2 6411.68 1738.76 1592.3 735.448 224.277 214.462
internal_count=31892 31872 12988 12278 10486 1792 710 18884 14665 4219 11566 2812 3099 1407 434 276
is_linear=0
shrinkage=0.095152


Tree=77
num_leaves=17
num_cat=0
split_feature=8 8 1 1 4 5 1 1 1 5 1 4 6 3 1 8
split_gain=4.02283 3.04598 6.6799 20.3206 11.8515 4.55825 4.02942 8.30472 15.869 5.3963 6.25994 4.43463 4.02284 2.01757 0.659564 0.260687
threshold=1.9849999999999997 8.1800000000000033 -0.36714114513151092 -0.26350367686528386 1007.2988215150846 0.070508035961368523 0.95209877697741996 0.88428176967528671 0.91417015418394287 -0.98157326871204009 0.99995369919546417 1007.8969132516236 -0.97012145854046394 3.2402994710134996 -0.12859018276810941 1.5949999999999991
decision_type=2 2 2 2 2 2 2 2 2 2 2 2 2 2 2 2
left_child=13 6 4 -4 -3 -6 7 11 -9 -8 -11 -2 -5 -1 15 -15
right_child=1 2 3 12 5 -7 9 8 -10 10 -12 -13 -14 14 -16 -17
leaf_value=-0.0045702125726930021 -0.0034507499691116884 0.038925046350300738 0.040187924407150515 0.018557294067160598 -0.0285885705239763 -0.0021373560246852859 -0.028175959146502894 0.046545141302378863 -0.0019970150450320263 -0.0094376943477460125 0.0061901009168960474 0.0014781687079722444 0.0002860330414210215 0.012047598553075798 0.055386781868458031 0.021882702065530821
leaf_weight=44.035863190889359 7152.7778254449368 174.20389315485954 193.68475899100304 653.01214218139648 318.14622738957405 149.19108957052231 154.32206752896309 433.46707990765572 662.31429699063301 963.90020516514778 578.73070588707924 5560.7229785323143 2197.4747789800167 36.094350397586823 32.304160803556442 36.284627079963684
leaf_count=150 14954 184 133 190 411 398 108 496 797 1682 185 9404 2430 140 93 137
internal_value=-3.924e-05 -0.000161231 0.00229617 0.00415845 -0.00651089 -0.0144115 -0.000746307 -0.000207439 0.00773426 -0.00512029 -0.00340339 -0.000893689 0.00211957 0.0154782 0.0225961 0.016653
internal_weight=19340.7 19191.9 3685.71 3044.17 641.541 467.337 15506.2 13809.3 1095.78 1696.95 1542.63 12713.5 2850.49 148.719 104.683 72.379
internal_count=31892 31372 3746 2753 993 809 27626 25651 1293 1975 1867 24358 2620 520 370 277
is_linear=0
shrinkage=0.095152


Tree=78
num_leaves=9
num_cat=0
split_feature=2 4 8 5 8 2 8 5
split_gain=9.34227 3.82655 3.6842 3.43994 3.76796 2.67742 1.75534 0.605776
threshold=1.003250149981874 999.0052012538689 1.9849999999999997 -1.223379265973042 9.531980751129753 -0.44437817810461328 1.375000000000002 0.25769857076554387
decision_type=2 2 2 2 2 2 2 2
left_child=1 5 6 -4 -5 -1 -3 -8
right_child=-2 2 3 4 -6 -7 7 -9
leaf_value=-0.0030451782752933527 -0.15485515951368353 -0.0057154588523521538 0.01499447423001693 -0.00090476384065010481 0.006648656625010233 0.019744125577735729 0.029501260678521376 0.0070190628859082612
leaf_weight=196.63042831420898 64.44616162776947 34.962301045656204 244.14726483821869 17829.260287493467 672.52212536334991 185.2462902367115 69.081625908613205 44.370566368103027
leaf_count=99 20 131 64 30477 602 111 231 157
internal_value=-8.74852e-05 -0.000210304 -0.000401846 -0.000521223 -0.000670295 0.00920142 0.0144599 0.0201669
internal_weight=19340.7 19276.2 18894.3 18745.9 18501.8 381.877 148.414 113.452
internal_count=31892 31872 31662 31143 31079 210 519 388
is_linear=0
shrinkage=0.095152


Tree=79
num_leaves=14
num_cat=0
split_feature=2 7 0 2 8 1 5 5 1 1 7 8 7
split_gain=12.2522 3.37956 6.29841 4.98247 4.78302 4.23967 8.27462 7.04409 9.32263 6.62784 4.21864 2.69885 1.59368
threshold=1.003250149981874 7.3700000000000037 -0.77137963961301792 -0.97596079711657202 9.129999999999999 0.95209877697741996 -1.0013879852237297 -0.86500782323324776 0.99995369919546417 0.88428176967528671 8.490000000000002 8.7900000000000027 4.6927115861678734
decision_type=2 2 2 2 2 2 2 2 2 2 2 2 2
left_child=1 5 4 -4 11 6 -1 12 -9 -8 -5 -3 -7
right_child=-2 2 3 10 -6 7 9 8 -10 -11 -12 -13 -14
leaf_value=0.022608578877343504 -0.14012038700244864 -0.0055291403808694099 -0.011646183575687009 0.016655857292580997 0.056720188801417479 -0.011905750032305916 -0.0015894968387227121 -0.010223229211935534 0.008290078795017199 0.0070412289410721213 -0.00020451405666268533 -0.039758572335713276 -0.03715560010558161
leaf_weight=207.48295921087265 64.44616162776947 394.01976618170738 326.5987614095211 1613.2108533680439 96.656534016132355 67.574750036001205 12687.513137608767 1022.0590648055077 567.39740028977394 1124.2948305606842 916.70876869559288 77.143122613430023 175.560940772295
leaf_count=57 20 673 162 1034 181 152 25463 1777 195 1383 480 112 203
internal_value=-1.21981e-05 -0.000152763 0.00255655 0.00437879 -0.00657679 -0.000739004 -0.000175243 -0.0050415 -0.00271691 -0.000460339 0.00580954 -0.0105464 -0.0200869
internal_weight=19340.7 19276.2 3424.34 2856.52 567.819 15851.9 14019.3 1832.59 1589.46 13811.8 2529.92 471.163 243.136
internal_count=31892 31872 2642 1676 966 29230 26903 2327 1972 26846 1514 785 355
is_linear=0
shrinkage=0.095152


Tree=80
num_leaves=10
num_cat=0
split_feature=5 1 7 5 4 5 3 1 1
split_gain=3.75607 3.43384 3.02909 15.7115 12.0003 8.77516 5.65313 4.88741 4.61341
threshold=-1.0013879852237297 -0.99995369919546395 4.9354833508399478 0.34301707648885521 1004.8131779216164 0.32468082849978391 2.8389307418735483 -0.13574673742831869 0.93228057993045244
decision_type=2 2 2 2 2 2 2 2 2
left_child=-1 -2 5 4 -4 6 -3 -7 -5
right_child=1 2 3 8 -6 7 -8 -9 -10
leaf_value=0.013444321420968812 0.021793512052412124 0.013542202665009766 -0.018430456802854045 0.015571987828282339 -0.0013036694183755277 0.0033624850462256667 0.00077670554413182167 -0.0069088826178431064 -0.0026490253552780467
leaf_weight=531.7751961350441 267.42525574564934 2338.8422624468803 1526.5182885527611 850.77735754847527 6991.6263629496098 1396.6044916212559 2531.2440883517265 2658.3377772271633 242.02254042029381
leaf_count=138 165 4757 1612 1457 7407 4868 6137 4979 383
internal_value=6.5711e-05 -0.000156915 -0.000312393 -0.00148497 -0.00286444 0.000948911 0.00367194 -0.00231851 0.00924631
internal_weight=19335.2 18803.4 18536 9610.94 8518.14 8925.03 4870.09 4054.94 1092.8
internal_count=31903 31765 31600 10859 9019 20741 10894 9847 1840
is_linear=0
shrinkage=0.095152


Tree=81
num_leaves=26
num_cat=0
split_feature=1 1 5 1 9 4 8 7 1 5 9 5 8 1 8 9 7 1 8 8 8 8 8 4 4
split_gain=2.82738 15.3758 8.66461 6.4406 10.3411 9.64971 11.5473 7.31226 8.11133 8.94049 8.5065 6.6453 6.49917 8.73126 6.01545 4.47383 4.60386 4.4261 3.22412 4.20913 3.19472 4.25388 2.00744 0.719362 0.462239
threshold=0.47146475767959806 0.36219763472910244 1.0004273050037098 0.95209877697741996 2.1566653943915601 1008.8004489774752 7.2900000000000018 9.4600000000000009 0.9746956184065646 0.25769857076554387 2.5288825257804342 -1.0013879852237297 6.3700000000000001 0.85885587013335762 8.2828077625642287 -2.1960369750224156 4.6700000000000008 -0.35232163698469326 5.4750000000000005 3.4500000000000015 7.144116301077605 7.5400000000000018 4.080000000000001 1008.8986866046024 1006.403369886014
decision_type=2 2 2 2 2 2 2 2 2 2 2 2 2 2 2 2 2 2 2 2 2 2 2 2 2
left_child=1 2 15 4 5 11 -7 8 10 -10 -5 -2 13 -6 -14 17 -17 -1 19 24 23 -22 -21 -20 -3
right_child=3 18 -4 7 12 6 -8 -9 9 -11 -12 -13 14 -15 -16 16 -18 -19 20 22 21 -23 -24 -25 -26
leaf_value=-0.0014086703751082256 0.023622978255294767 0.0019119277509670207 0.075311943370607079 -0.0049564729197680291 0.0086820168560049586 0.016021481931272997 -0.0014434684621657638 -0.021849834484283664 0.0047344092332400447 -0.0076743061791961628 -0.046108084378613003 -0.0048867944511063171 -0.0061016873401030262 0.033708148860379143 0.011069171733893135 0.0017566413436074459 -0.0038846334355318703 0.019025115806376999 -0.015496839609697426 -0.025361769133055091 -0.039193387487218824 -0.0070182374077751427 -0.033042032448914412 0.0062933586037540708 -0.011453509449065149
leaf_weight=545.21613308787346 86.329530477523804 66.839703679084778 65.853043079376221 369.18994346261024 399.33747428655624 704.79264396429062 779.39063504338264 186.55138537287712 1612.4385673701763 551.75424659252167 117.31797420978546 2798.9547682404518 386.55738151073456 351.00170204043388 288.79541629552841 3866.6856198310852 4733.0593453645706 581.55552694201469 78.298834502696991 184.98242798447609 77.283412277698517 230.56137904524803 127.08072233200073 94.401190459728241 50.944613546133041
leaf_count=1210 20 130 19 663 666 1074 979 112 1142 916 113 3842 231 316 138 11872 6408 897 109 149 71 328 279 111 108
internal_value=0.000100815 -0.000931789 0.000167309 0.0013825 0.00320176 0.000901475 0.00713466 -0.00232866 -0.00103723 0.00145511 -0.0121237 -0.00230229 0.0102352 0.0163272 0.00342892 -6.66286e-05 -0.000806872 0.00556595 -0.0127506 -0.0187505 -0.00731976 -0.0131188 -0.0245212 0.00296559 -0.00324969
internal_weight=19335.2 10702.8 9792.37 8632.41 5795.16 4369.47 1484.18 2837.25 2650.7 2164.19 486.508 2885.28 1425.69 750.339 675.353 9726.52 8599.74 1126.77 910.392 429.847 480.545 307.845 312.063 172.7 117.784
internal_count=31903 21691 20406 10212 7266 5915 2053 2946 2834 2058 776 3862 1351 982 369 20387 18280 2107 1285 666 619 399 428 220 238
is_linear=0
shrinkage=0.095152


Tree=82
num_leaves=11
num_cat=0
split_feature=3 3 6 1 0 5 1 6 1 1
split_gain=4.9111 3.99896 9.30346 5.2477 4.68643 4.86959 2.98763 2.39589 4.61448 0.345335
threshold=7.8150000000000004 5.0450000000000008 -0.00058450420491038837 0.42647996065710797 -1.2285561363750326 -1.0013879852237297 -0.99995369919546395 -0.41774616633939671 0.97962036741475156 -0.041702234477760107
decision_type=2 2 2 2 2 2 2 2 2 2
left_child=1 4 7 9 -1 -6 -7 8 -3 -4
right_child=-2 2 3 -5 5 6 -8 -9 -10 -11
leaf_value=-0.0097605802125971201 0.0070483448089625495 -0.00023980918606450539 0.011703269291944389 -0.028650774611723523 0.021665055827796362 0.019778665925245912 0.00015256005778813237 0.035685000783533601 -0.019415969365663088 -0.0072688239916653581
leaf_weight=139.63701975345612 72.481158137321472 690.32209947705269 40.387936472892761 171.33382928371429 454.25412255525589 228.03584489226341 17387.783202171326 65.592867702245712 54.344431310892105 31.00110924243927
leaf_count=37 160 1567 155 145 120 154 29221 148 83 113
internal_value=0.000175649 8.10971e-05 -0.00561554 -0.0219029 0.000411599 0.000547071 0.000295108 -0.00069242 -0.00225372 -2.35221e-05
internal_weight=19335.2 19262.7 1052.98 242.723 18209.7 18070.1 17615.8 810.259 744.667 71.389
internal_count=31903 31743 2211 413 29532 29495 29375 1798 1650 268
is_linear=0
shrinkage=0.095152


Tree=83
num_leaves=10
num_cat=0
split_feature=2 3 3 8 2 3 2 2 9
split_gain=11.9559 4.83628 3.11735 4.50062 4.13136 5.7061 3.77505 3.34507 2.43653
threshold=1.003250149981874 7.8150000000000004 5.0450000000000008 3.1000000000000001 -0.9594342204592653 4.1335579448321473 -0.92332360912427902 0.86962049895765936 -2.0696443052197551
decision_type=2 2 2 2 2 2 2 2 2
left_child=1 2 4 8 5 -1 -6 -5 -4
right_child=-2 -3 3 7 6 -7 -8 -9 -10
leaf_value=-0.0054236553020888256 0.10544044834709229 0.0063776809598086685 0.027112448503697508 -0.0028144634099795257 0.013435121102545355 0.012990327843275367 0.00029430290902724603 -0.01750068463697722 0.0053873629115135466
leaf_weight=2109.925784945488 63.703961610794067 72.481158137321472 36.70367243885994 540.34952318668365 753.6233112514019 164.0512463748455 15118.405885189772 364.988396525383 110.94068133831024
leaf_count=3080 21 160 103 1134 1069 100 25262 565 409
internal_value=0.000179249 4.11151e-05 -5.16918e-05 -0.00508212 0.00023987 -0.00355101 0.000784047 -0.00760328 0.0102205
internal_weight=19335.2 19271.5 19199 1052.98 18146 2273.98 15872 905.338 147.644
internal_count=31903 31882 31722 2211 29511 3180 26331 1699 512
is_linear=0
shrinkage=0.095152


Tree=84
num_leaves=16
num_cat=0
split_feature=2 2 1 9 3 1 7 1 1 3 2 9 7 7 1
split_gain=12.0056 3.75706 10.7601 9.77979 6.97625 6.88057 6.42349 4.01589 3.6266 7.70132 8.4928 5.50873 4.41955 6.74189 3.71046
threshold=1.003250149981874 -0.88175368378555585 -0.1861189554158876 -4.1231971383390347 4.1850000000000014 -0.38168568572378597 8.3100000000000023 -0.79078417215465602 0.99232614502972039 2.1838459869039331 -0.012910296075008829 2.5288825257804342 8.1799999999999997 8.490000000000002 0.85885587013335762
decision_type=2 2 2 2 2 2 2 2 2 2 2 2 2 2 2
left_child=1 2 5 -4 -5 7 -7 -1 12 10 -10 -11 14 -14 -3
right_child=-2 8 3 4 -6 6 -8 -9 9 11 -12 -13 13 -15 -16
leaf_value=0.017531568417321217 0.095407582637249813 -0.00012436862791001527 0.033069006202132406 -0.010838540669939709 0.030580036838810224 0.015219144900096024 0.00061326249533790638 -0.01014036587176682 0.013206585150908756 -0.0070064163047110599 -0.0066745384440909704 -0.020346613371846158 0.033040655126172103 -1.489564802912095e-05 0.0024946666039791249
leaf_weight=95.599988579750061 63.703961610794067 10559.378264129162 117.10364979505539 2178.526789277792 140.92860740423203 708.68004086613655 86.059937924146652 369.19941079616547 402.5743046104908 550.28729623556137 328.89136761426926 127.74634876847267 342.80608731508255 635.4746533036232 2628.2129127681255
leaf_count=24 21 21021 118 3511 98 1051 35 570 278 451 358 100 257 502 3508
internal_value=9.46494e-05 -4.24414e-05 -0.00276978 -0.0064619 -0.00782388 0.00436174 0.00973925 -0.00480725 0.000604132 -0.00399464 0.00276195 -0.0112934 0.00106295 0.00723034 0.000603775
internal_weight=19335.2 19271.5 3696.1 2436.56 2319.46 1259.54 794.74 464.799 15575.4 1409.5 731.466 678.034 14165.9 978.281 13187.6
internal_count=31903 31882 5407 3727 3609 1680 1086 594 26475 1187 636 551 25288 759 24529
is_linear=0
shrinkage=0.095152


Tree=85
num_leaves=16
num_cat=0
split_feature=3 4 3 9 9 0 3 7 4 0 3 0 8 0 3
split_gain=3.26787 2.79475 12.4806 10.4033 6.74243 8.18211 6.79135 11.1142 6.58868 6.55318 4.6812 4.16773 3.7069 3.46849 2.72818
threshold=7.8150000000000004 1002.1118551778007 3.3514905283583767 1.1824724835773106 1.250842250293124 1.0213340577825283 2.7523533641311317 5.6800000000000024 1009.9014182862981 0.29940143491975418 3.6503570080265368 0.90998310603959054 5.2250000000000005 -0.54149396047962162 4.7976393295685638
decision_type=2 2 2 2 2 2 2 2 2 2 2 2 2 2 2
left_child=1 2 3 9 5 11 8 -8 -6 -1 13 -3 -5 -4 -12
right_child=-2 4 10 12 6 -7 7 -9 -10 -11 14 -13 -14 -15 -16
leaf_value=-0.0045129040011333615 0.009221311380173975 0.0018100390008716552 -0.0083102146832563194 0.0069535147231234353 -0.0092381143958709631 0.022409128133591784 -0.009696296071686759 0.012684844875807035 0.0022700142952165551 0.022630135513169058 0.0061701899498114677 -0.0073218421008516398 0.02640895146512073 -0.028252150880991755 -0.0092587370979828176
leaf_weight=778.26967591047287 75.095693439245224 9852.9170445203781 85.357372879981995 404.47601854801178 2829.0606081187725 55.869834899902344 845.37039422988892 922.05552315711975 745.84080684185028 167.10426592826843 426.72802355885506 963.0909940302372 739.47989213466644 143.74960088729858 281.3488966524601
leaf_count=1231 163 17467 114 656 3885 14 2283 576 996 381 696 2134 624 190 488
internal_value=0.000355516 0.000276815 0.00293075 0.00702466 -0.000217981 0.00114133 -0.00298621 0.00183243 -0.0053719 -0.000349561 -0.00617947 0.000950144 0.0131231 -0.0179679 -0.00232024
internal_weight=19315.8 19240.7 3026.51 2089.33 16214.2 10871.9 5342.33 1767.43 3574.9 945.374 937.184 10816 1143.96 229.107 708.077
internal_count=31898 31735 4380 2892 27355 19615 7740 2859 4881 1612 1488 19601 1280 304 1184
is_linear=0
shrinkage=0.095152


Tree=86
num_leaves=17
num_cat=0
split_feature=2 1 1 2 4 1 7 4 1 6 2 2 7 7 6 5
split_gain=3.48557 3.32719 10.421 9.67784 7.21431 12.5171 7.02006 9.21983 6.09461 5.95895 5.38388 8.05417 5.14587 2.41275 2.89304 1.03885
threshold=0.99992591960455823 0.47146475767959806 0.39457506771186956 -0.38604159279334443 1008.7906959889431 0.62911391882717715 4.8500000000000041 1008.5983134371387 0.9013362454621362 -0.2384757036956931 0.058942987644181481 -0.0084158562567963596 4.6700000000000008 5.5900000000000025 -0.25990157396951935 -0.32368876988990902
decision_type=2 2 2 2 2 2 2 2 2 2 2 2 2 2 2 2
left_child=1 2 10 6 9 -6 8 -8 -3 -5 11 -1 -12 14 -4 -15
right_child=-2 3 13 4 5 -7 7 -9 -10 -11 12 -13 -14 15 -16 -17
leaf_value=-0.0018761564480876171 0.049239265872547899 0.013938066995010196 -0.0062848955184772364 -0.00063525711166769654 0.037989885106892746 0.00095391400251869623 -0.002108213421140395 0.0086486730182800814 0.01503058661138796 -0.0199194689951766 0.0054931461365234895 -0.043974628012448357 -0.0020939929548950318 0.01193481615887864 -0.022496747380838171 -0.0085459636968849718
leaf_weight=5834.7632355391979 79.037692815065384 1211.0402910113335 206.996333360672 2020.1709766089916 219.70486155152321 1958.693666934967 1401.2040950059891 556.09123507142067 319.68242800235748 932.97953367233276 2666.745667308569 127.00266161561012 1292.2321393787861 123.42450040578842 262.76724660396576 103.27808085083961
leaf_count=10526 103 1677 257 2095 444 2424 764 326 177 2247 7524 362 2309 134 415 114
internal_value=0.000361474 0.000278157 -0.000848536 0.00166736 -0.000959221 0.00319037 0.0055341 0.00174898 0.0103599 -0.00402455 -5.66699e-05 -0.00186411 0.00266161 -0.012088 -0.01598 -0.00392021
internal_weight=19315.8 19236.8 10617.2 8619.57 5131.55 2178.4 3488.02 1957.3 1530.72 2953.15 9920.74 5961.77 3958.98 696.466 469.764 226.703
internal_count=31898 31795 21641 10154 7210 2868 2944 1090 1854 4342 20721 10888 9833 920 672 248
is_linear=0
shrinkage=0.095152


Tree=87
num_leaves=9
num_cat=0
split_feature=2 5 2 4 4 6 7 6
split_gain=3.39513 2.96778 2.03995 4.67663 4.26043 3.7875 5.40609 3.60883
threshold=0.99992591960455823 -1.223379265973042 -0.9594342204592653 1011.1170441949317 1006.5026953460016 -0.73757030851836836 4.5499999999999998 -0.49932976672732488
decision_type=2 2 2 2 2 2 2 2
left_child=1 -1 3 4 -3 6 -4 -7
right_child=-2 2 5 -5 -6 7 -8 -9
leaf_value=0.012087203800629756 0.044554053035399367 -0.0092847051629653399 0.010142412312662719 -0.017916347337745626 0.002593675266387813 -0.0049393299848679625 0.00036432917982661902 0.00056484237287356728
leaf_weight=258.25940597057343 79.037692815065384 818.00927510857582 1951.608527213335 80.231449961662292 1378.8322162032127 2944.5213670134544 5041.4808738231659 6763.8338376283646
leaf_count=69 103 1688 3078 168 1373 4723 3158 17538
internal_value=0.000324052 0.000241817 0.000102908 -0.00256705 -0.00172897 0.000467871 0.00215645 -0.000747258
internal_weight=19315.8 19236.8 18978.5 2277.07 2196.84 16701.4 6993.09 9708.36
internal_count=31898 31795 31726 3229 3061 28497 6236 22261
is_linear=0
shrinkage=0.095152


Tree=88
num_leaves=15
num_cat=0
split_feature=2 1 1 9 9 2 5 5 1 3 9 9 1 3
split_gain=2.91204 2.87455 10.187 6.02595 8.86334 8.97207 5.38793 5.17881 4.47904 4.18008 4.13872 3.94455 3.84735 0.0542843
threshold=0.99992591960455823 0.91879585298155797 0.88428176967528671 -2.4542178947299553 0.70790037300811204 -0.11593459959550052 -1.0013879852237297 0.31840961791527317 0.90735081026143583 1.8803118432491188 4.0863680974639012 2.3731762860582912 0.8408143739304369 4.035000000000001
decision_type=2 2 2 2 2 2 2 2 2 2 2 2 2 2
left_child=1 2 6 9 5 -5 -1 11 -9 -3 -6 -4 -8 -11
right_child=-2 3 7 4 10 -7 12 8 -10 13 -12 -13 -14 -15
leaf_value=0.035490792476292644 0.040314647399889526 -0.059900111051224988 0.012463830905005387 0.018121121045209389 -0.0022533317957026799 -0.003096946078241809 0.00033438797074039731 0.010290028990942203 -0.017446430598964145 -0.017133259712828967 -0.025884454185256645 0.044593072366550121 -0.010783861319054138 -0.00079411734571688286
leaf_weight=326.92838650941849 79.037692815065384 58.202045977115631 286.13772138953209 497.15264663100243 1962.8731197118759 790.66906127333641 14006.715562909842 90.232648640871048 61.079680800437927 45.070292264223099 201.26116406917572 212.83012488484383 659.40262115001678 38.221876710653305
leaf_count=93 103 61 345 398 1564 1400 26409 179 79 95 194 90 780 108
internal_value=0.000286157 0.000209949 0.00076806 -0.0022155 -0.00141848 0.00482357 0.000260976 0.0124152 -0.0029137 -0.0213734 -0.00513954 0.0170845 -8.0082e-06 -0.00729064
internal_weight=19315.8 19236.8 15643.3 3593.45 3451.96 1287.82 14993 650.28 151.312 141.494 2164.13 498.968 14666.1 83.2922
internal_count=31898 31795 27975 3820 3556 1798 27282 693 258 264 1758 435 27189 203
is_linear=0
shrinkage=0.095152


Tree=89
num_leaves=17
num_cat=0
split_feature=7 4 0 2 3 8 3 4 0 8 4 7 7 2 4 4
split_gain=1.90547 2.00599 11.4722 9.46754 14.2025 6.49216 4.54978 10.9528 8.17283 7.68188 6.16924 4.93102 4.53687 4.25358 4.22639 2.87131
threshold=10.181851640964988 1002.1118551778007 0.27603639182196232 -0.81792540844226791 2.7523533641311317 5.1745070256599677 2.6400357281150195 1004.6293547666627 0.99835284629221144 5.5949999999999998 1004.9500000000002 4.6927115861678734 2.515000000000001 -0.99981480381338828 1001.0187453044977 1001.8005079983276
decision_type=2 2 2 2 2 2 2 2 2 2 2 2 2 2 2 2
left_child=1 2 3 13 -5 14 9 11 -9 12 -11 -8 -3 -1 -4 -7
right_child=-2 6 5 4 -6 15 7 8 -10 10 -12 -13 -14 -15 -16 -17
leaf_value=-0.0083562048984308218 0.016045072642934873 -0.0037754324966020364 0.030935495864986111 0.015393838911517431 -0.0063344695201450361 0.033882802545501862 -0.0028022655775355493 0.0036177345200832369 0.042958590096467256 -0.018263515121386173 -0.0032695751745678366 -0.022496760337495279 0.010176666503985417 -0.035026459703250773 -0.0058830654443487599 0.0018318507149243869
leaf_weight=88.549159049987793 208.441371768713 581.62714630365372 124.83713227510452 855.18932601809502 987.41601637005806 272.78432676196098 1558.7659007906914 4732.4969279766083 107.67429918050766 274.13491082191467 7138.5213258266449 370.96881023049355 1306.7718777358532 384.36403366923332 230.85081359744072 92.421267360448837
leaf_count=38 97 1756 258 864 1486 352 4339 6797 221 465 9883 696 3242 821 491 92
internal_value=0.00013001 3.03139e-05 0.00227333 -0.000986746 0.00209175 0.0127446 -0.000392839 0.00148255 0.00390035 -0.00175925 -0.00314034 -0.00457369 0.00365365 -0.0129801 0.00352888 0.0216393
internal_weight=19315.8 19107.4 3036.41 2315.52 1842.61 720.894 16071 6769.91 4840.17 9301.06 7412.66 1929.73 1888.4 472.913 355.688 365.206
internal_count=31898 31801 4402 3209 2350 1193 27399 12053 7018 15346 10348 5035 4998 859 749 444
is_linear=0
shrinkage=0.095152


Tree=90
num_leaves=19
num_cat=0
split_feature=1 1 8 0 8 1 4 3 5 8 4 8 3 4 3 4 8 1
split_gain=3.87535 6.63648 9.58352 6.96854 6.34306 6.60845 5.39998 7.30015 4.97504 7.126 6.41592 7.27801 5.77921 5.51891 4.23326 8.04725 4.60534 2.39095
threshold=0.91879585298155797 0.87626976691518454 8.4300000000000033 1.0645003376832403 10.210112045152519 0.8408143739304369 1000.3015787700393 2.4417182159241064 0.25769857076554387 6.8900000000000032 1009.7948174529748 8.8901645520557526 2.5404365578857075 1005.0176473938544 2.6614827017786804 1001.6030310425998 6.4300000000000024 0.93228057993045244
decision_type=2 2 2 2 2 2 2 2 2 2 2 2 2 2 2 2 2 2
left_child=1 3 14 4 5 -1 7 -2 10 17 13 -12 -11 -8 15 -3 -16 -10
right_child=6 2 -4 -5 -6 -7 8 -9 9 12 11 -13 -14 -15 16 -17 -18 -19
leaf_value=0.00018240064153187996 0.007275831203622872 0.041844197676504109 -0.047403201288798581 0.038658370309005922 0.061986309440361841 -0.018111630315041462 0.0080703164455495843 -0.028669813476543571 -0.021466277173781714 -0.017504798772427402 -0.0016932267416004485 0.035388965801888959 0.012051215388299692 -0.0055322482188224116 -0.0019236181575179132 0.0057901101850017346 0.042384490625654865 0.0020430875547954946
leaf_weight=14289.800138741732 140.0449580848217 158.54466718435287 134.52809262275696 74.697284936904907 92.022105097770691 536.32536849379539 510.71172323822975 185.40808045864105 49.785241812467575 454.80671375989914 329.61086994409561 184.34220659732819 84.906146764755249 1288.691824644804 184.4466270506382 213.2900615632534 80.810054957866669 355.93511402606964
leaf_count=26578 109 108 102 24 57 628 696 109 85 696 291 128 126 862 289 263 99 722
internal_value=-0.000110503 0.000530975 0.00912896 8.68388e-05 -5.87621e-05 -0.000215295 -0.00293458 -0.0146009 -0.00175999 -0.00757127 0.000612514 0.00997842 -0.0147226 -0.00206102 0.0140097 0.0205549 0.00472911 0.00192786
internal_weight=19348.7 15764.5 771.62 14992.8 14918.1 14826.1 3584.24 325.453 3258.79 945.433 2313.36 513.953 539.713 1799.4 637.091 371.835 265.257 405.72
internal_count=31972 28148 861 27287 27263 27206 3824 218 3606 1629 1977 419 822 1558 759 371 388 807
is_linear=0
shrinkage=0.095152


Tree=91
num_leaves=13
num_cat=0
split_feature=2 3 9 5 9 6 9 2 9 4 2 4
split_gain=6.72298 3.29355 6.70921 7.86333 5.83313 5.68353 4.85405 4.75486 2.81526 2.45887 6.73587 4.31019
threshold=1.003250149981874 0.90009147922033284 2.3348752552967125 0.27565180707182441 2.8871270300218588 -1.1575968230179201 -0.69306777693040533 -0.47495107206705001 -6.6769886537751004 1007.8969132516236 0.99164058729498161 1007.5997075027484
decision_type=2 2 2 2 2 2 2 2 2 2 2 2
left_child=1 2 3 5 -4 -1 -5 -6 -3 11 -11 -10
right_child=-2 8 4 6 7 -7 -8 -9 9 10 -12 -13
leaf_value=-0.035981637962510332 -0.1802647468105954 0.028753041533377634 0.025070848351948748 -0.0096398898711639088 -0.013455434887483441 -0.01278207360835692 0.01185627911140168 0.0084256236023106789 -0.00061829155444475853 0.0022037833770033048 -0.015131871717906628 -0.0074074692360286644
leaf_weight=113.74191731214523 65.294445753097534 115.75828993320465 217.09921023249626 211.11194834113121 138.48490658402443 923.52495756745338 325.32478857040405 199.07130941748619 8861.1765823960304 7259.2744187414646 410.44861105084419 508.39589408040047
leaf_count=30 20 123 142 426 141 1246 830 178 17035 10593 671 537
internal_value=-0.000198719 -0.000303621 -0.00383304 -0.00700667 0.00514358 -0.0118407 0.00232308 -0.00265411 0.000133785 3.19835e-05 0.00129595 -0.00100135
internal_weight=19348.7 19283.4 2128.36 1573.7 554.655 1037.27 536.437 337.556 17155.1 17039.3 7669.72 9369.57
internal_count=31972 31952 2993 2532 461 1276 1256 319 28959 28836 11264 17572
is_linear=0
shrinkage=0.095152


Tree=92
num_leaves=13
num_cat=0
split_feature=1 8 1 9 8 8 9 9 5 8 1 1
split_gain=4.46066 6.407 6.47305 5.85233 5.80532 4.43357 4.16885 5.29349 3.13999 3.04407 2.54656 0.738601
threshold=0.91879585298155797 10.210112045152519 0.89289786299102547 -2.4542178947299553 8.4300000000000033 10.814999999999998 4.0863680974639012 3.6062565338328612 -1.0013879852237297 6.2124934123847657 0.8408143739304369 0.98334472318032151
decision_type=2 2 2 2 2 2 2 2 2 2 2 2
left_child=1 2 8 11 9 6 7 -5 -1 -4 -10 -2
right_child=3 -3 4 5 -6 -7 -8 -9 10 -11 -12 -13
leaf_value=0.018498286035846499 -0.036542755421945884 0.049594115218085363 0.0076255387578713632 -0.00075003337974308398 -0.029934336282131643 -0.01647665542745675 -0.018451962123045992 0.034348573348345873 0.00021775491456971455 0.049392202973559736 -0.0069685473784307219 -0.033182846624380188
leaf_weight=293.26823741197586 80.844995826482773 93.980460524559021 239.21197783946991 2995.3406332731247 111.08401501178741 117.68529745936394 190.37330880761147 134.99879583716393 14065.417962759733 190.06266781687737 771.43907928466797 64.999848127365112
leaf_count=83 182 58 290 3155 81 127 182 93 26518 174 944 85
internal_value=-0.000150025 0.000538237 0.000387766 -0.00317981 0.0106078 -0.00237928 -0.00172757 -0.000888656 2.10094e-05 0.0156262 -0.000171284 -0.0217712
internal_weight=19348.7 15764.5 15670.5 3584.24 540.359 3438.4 3320.71 3130.34 15130.1 429.275 14836.9 145.845
internal_count=31972 28148 28090 3824 545 3557 3430 3248 27545 464 27462 267
is_linear=0
shrinkage=0.095152


Tree=93
num_leaves=17
num_cat=0
split_feature=2 9 4 7 8 2 5 9 2 9 7 4 4 7 5 4
split_gain=12.5208 2.24617 6.24987 7.24879 7.08368 6.30591 8.10809 5.56263 5.73433 5.47714 4.46086 4.37754 3.48715 9.46793 5.58376 3.18049
threshold=1.003250149981874 2.0606303735081082 1002.2050660130377 6.0400000000000018 8.7900000000000027 -0.47495107206705001 -0.85173162785244616 1.250842250293124 -0.98039918412989879 3.0188609843048488 8.5800000000000018 1010.9079465363732 1004.213420677203 4.1807661754691656 -1.0591495107497402 1007.6968669180433
decision_type=2 2 2 2 2 2 2 2 2 2 2 2 2 2 2 2
left_child=1 7 5 4 -4 9 -7 12 15 -3 -5 -10 13 -1 -14 -9
right_child=-2 2 3 10 -6 6 -8 8 11 -11 -12 -13 14 -15 -16 -17
leaf_value=0.0031124839178856764 -0.16278037507455434 0.013279383489819085 -0.0054563874113730806 0.0081253914692523375 -0.02658324360968875 -0.0031408254685595699 0.021111301480875221 -0.0045926692931467766 -0.0041740842904546193 -0.017164843132557259 -0.0048824380591172478 0.0062761363849373831 -0.023149231239738961 -0.016297519864680882 0.0017420731330691041 -0.03015813156523291
leaf_weight=1805.0758616626263 65.294445753097534 236.45693406462669 1289.1761004924774 1484.5266723334789 59.935585051774979 132.24342778325081 394.78534263372421 115.69395911693573 2130.8632103204727 230.20394450426102 444.93743804097176 209.93690916895866 163.19016402959824 1495.6266914010048 9010.6664878427982 80.094105780124664
leaf_count=4585 20 270 3081 998 67 82 389 183 3168 321 263 413 44 2715 15297 76
internal_value=-0.000109074 -0.000252008 0.00167167 -0.000329082 -0.00568008 0.00827724 0.0153962 -0.000800449 -0.0048612 0.000188848 0.00340718 -0.00353978 2.46822e-05 -0.00262588 0.000979975 -0.0204625
internal_weight=19348.7 19283.4 4272.27 3278.58 1349.11 993.69 527.029 15011.1 2536.59 466.661 1929.46 2340.8 12474.6 3300.7 9173.86 195.788
internal_count=31972 31952 5471 4409 3148 1062 471 26481 3840 591 1261 3581 22641 7300 15341 259
is_linear=0
shrinkage=0.095152


Tree=94
num_leaves=9
num_cat=0
split_feature=2 7 3 8 2 7 8 7
split_gain=14.1344 2.44047 2.81093 8.53335 4.26328 4.00011 3.25846 3.23522
threshold=1.003250149981874 10.181851640964988 1.1601980206260845 3.8205731502561897 0.21067229501317755 9.4600000000000009 3.4500000000000015 6.0123372785560418
decision_type=2 2 2 2 2 2 2 2
left_child=1 2 3 6 -5 7 -1 -4
right_child=-2 -3 5 4 -6 -7 -8 -9
leaf_value=0.002342472696544098 -0.14729150274024178 -0.04533743818544729 -0.0006257369844472157 -0.0049087094807625607 0.003673847209648696 -0.024315212476748831 0.074619522835711993 0.0025324052224028845
leaf_weight=50.641393303871155 65.294445753097534 194.75633817911148 10388.316931784153 2439.1846346855164 717.40417119860649 134.01330614089966 72.902577579021454 5286.1934813559055
leaf_count=143 20 94 22011 3306 1402 79 103 4814
internal_value=-2.90245e-06 -0.000154736 -0.000263863 -0.00279846 -0.00376558 0.000261431 0.0215831 0.000402842
internal_weight=19348.7 19283.4 19088.7 3280.13 3156.59 15808.5 123.544 15674.5
internal_count=31972 31952 31858 4954 4708 26904 246 26825
is_linear=0
shrinkage=0.095152


Tree=95
num_leaves=9
num_cat=0
split_feature=2 7 4 2 3 7 1 1
split_gain=13.4618 2.58277 2.4583 10.1964 11.9801 7.94538 3.90771 3.36646
threshold=1.003250149981874 10.181851640964988 1001.7409717509555 -0.79839570859512754 2.8389307418735483 4.9900000000000011 1.7133812078096222 -0.17077825861200011
decision_type=2 2 2 2 2 2 2 2
left_child=1 2 3 5 -5 -1 7 -4
right_child=-2 -3 6 4 -6 -7 -8 -9
leaf_value=0.0029198229115901327 0.12180768650952634 0.021967796618106848 0.0016340111806517419 0.014044991478420263 -0.0021002504471485952 -0.019026115817335047 0.0052501331439200275 -0.0016495795904732358
leaf_weight=321.14494898915291 62.573869466781616 193.13467189669609 5810.5606383979321 1004.8834084570408 910.57162734866142 240.82679951190948 83.672251105308533 10716.676611810923
leaf_count=665 20 90 13262 1106 1359 232 19 15146
internal_value=-1.46805e-05 -0.000159855 -0.000271644 0.0025225 0.00583272 -0.00872455 -0.000689313 -0.000794664
internal_weight=19344 19281.5 19088.3 2477.43 1915.46 561.972 16610.9 16527.2
internal_count=31899 31879 31789 3362 2465 897 28427 28408
is_linear=0
shrinkage=0.095152


Tree=96
num_leaves=7
num_cat=0
split_feature=2 6 6 7 7 3
split_gain=13.5445 3.29164 3.00949 3.35082 6.03594 2.85672
threshold=1.003250149981874 -1.8966261760455443 -1.7450621143196865 8.1799999999999997 8.490000000000002 2.3808617061942452
decision_type=2 2 2 2 2 2
left_child=1 -1 -3 5 -5 -4
right_child=-2 2 3 4 -6 -7
leaf_value=0.016680373338551005 0.11021744594877109 -0.030543407705842018 -0.0018511099168388846 0.028260273661341363 0.00092849229290760231 0.00053241669284328466
leaf_weight=85.456629276275635 62.573869466781616 74.227776527404785 8481.7048355042934 462.91489818692207 1261.2460833787918 8915.9207346439362
leaf_count=23 20 18 14177 377 844 16440
internal_value=-0.000147673 -0.000293279 -0.000377504 -0.000301906 0.00369641 -0.000699141
internal_weight=19344 19281.5 19196 19121.8 1724.16 17397.6
internal_count=31899 31879 31856 31838 1221 30617
is_linear=0
shrinkage=0.095152


Tree=97
num_leaves=7
num_cat=0
split_feature=2 7 4 4 0 2
split_gain=13.4782 2.59539 2.63394 4.46417 2.38911 0.362212
threshold=1.003250149981874 10.181851640964988 999.0052012538689 999.30418767726803 1.0213340577825283 -0.49002866642905923
decision_type=2 2 2 2 2 2
left_child=1 2 5 -4 -5 -1
right_child=-2 -3 3 4 -6 -7
leaf_value=0.003568324051773427 0.099730039536710613 0.019789169767604756 -0.026415033635320162 -0.00046372980367227718 0.0073140575071116458 0.0089241987436953635
leaf_weight=184.74122822284698 62.573869466781616 193.13467189669609 107.81511577963829 18461.544112712145 150.05618321895599 184.17964568734169
leaf_count=94 20 90 97 31438 45 115
internal_value=-4.10555e-05 -0.000186315 -0.000298372 -0.000456177 -0.000342922 0.00764681
internal_weight=19344 19281.5 19088.3 18719.4 18611.6 368.921
internal_count=31899 31879 31789 31580 31483 209
is_linear=0
shrinkage=0.095152


Tree=98
num_leaves=10
num_cat=0
split_feature=2 6 7 7 9 3 8 3 9
split_gain=10.3191 3.23794 1.87068 5.14919 4.40862 3.37262 2.18398 7.01471 4.52367
threshold=1.003250149981874 -1.8966261760455443 8.1799999999999997 8.490000000000002 3.1558776194003042 2.4611415547610744 6.6700000000000008 3.7505339735196195 -1.2266497877235929
decision_type=2 2 2 2 2 2 2 2 2
left_child=1 -1 6 5 -5 -4 8 -8 -3
right_child=-2 2 3 4 -6 -7 7 -9 -10
leaf_value=0.015234523340664689 0.090240530438500541 -0.0039807561327202335 0.025615377930210629 0.0017384638665509621 -0.02978772628648441 0.012178421404238304 -0.0029355469237979694 0.0085517336933658913 0.0019166646124489002
leaf_weight=85.456629276275635 62.573869466781616 2623.4841133952141 277.47030484676361 1073.6004915237427 205.64559185504913 191.44459334015846 6744.0367533862591 778.47701904177666 7301.8554608523846
leaf_count=23 20 5236 254 714 133 124 8672 839 15884
internal_value=-1.58069e-05 -0.000142992 -0.000226549 0.00273857 -0.000381248 0.0112535 -0.000524554 -0.00174754 0.000401187
internal_weight=19344 19281.5 19196 1748.16 1279.25 468.915 17447.9 7522.51 9925.34
internal_count=31899 31879 31856 1225 847 378 30631 9511 21120
is_linear=0
shrinkage=0.095152


Tree=99
num_leaves=10
num_cat=0
split_feature=2 6 1 1 2 1 2 2 6
split_gain=10.3354 2.68061 3.1777 6.81692 5.63846 5.86992 5.56314 4.93739 4.30539
threshold=1.003250149981874 -1.8966261760455443 0.47146475767959806 0.31363982710982335 -0.11593459959550052 0.50140835354358082 -0.23190591045675793 0.058942987644181481 -1.0641726821332271
decision_type=2 2 2 2 2 2 2 2 2
left_child=1 -1 3 7 6 -6 -4 -3 -5
right_child=-2 2 4 8 5 -7 -8 -9 -10
leaf_value=0.01378492852931466 0.081653966765192834 -0.0022561176530604423 0.0021423239502484774 -0.0044259926626447526 0.01704014254231383 -0.0033159440807523097 0.018825097536280297 0.0023936331050784065 -0.0066647955226720795
leaf_weight=85.456629276275635 62.573869466781616 5534.7589181661606 4391.3768445551395 96.07000058889389 185.7002195417881 3496.8396713733673 546.04872590303421 3773.5788166821003 1171.6411314308643
leaf_count=23 20 10387 3683 25 182 5881 438 9444 1816
internal_value=-4.5673e-05 -0.000172955 -0.000249036 -0.00135475 0.00110611 -0.00170915 0.00320833 -0.000461301 -0.00789748
internal_weight=19344 19281.5 19196 10576 8619.97 3682.54 4937.43 9308.34 1267.71
internal_count=31899 31879 31856 21672 10184 6063 4121 19831 1841
is_linear=0
shrinkage=0.095152


Tree=100
num_leaves=11
num_cat=0
split_feature=1 1 8 5 1 9 4 3 5 3
split_gain=3.39745 3.40565 6.57322 5.62133 5.69223 8.13413 5.21454 8.35498 4.70671 2.57494
threshold=1.7133812078096222 0.93696981298730819 10.210112045152519 -1.0379587122571621 0.9746956184065646 1.1414549833600669 1000.2050770016402 3.3329063291751169 0.025866911408687111 7.8150000000000004
decision_type=2 2 2 2 2 2 2 2 2 2
left_child=1 2 6 -3 5 -5 7 -1 -6 -8
right_child=-2 3 -4 4 8 -7 9 -9 -10 -11
leaf_value=0.013283103008212184 0.0033972416570237866 -0.065497657787975588 0.048783911430642271 -0.00095806941899059198 0.0034366212531749094 -0.024990189604325076 -0.00062237253504461977 -0.0061423777004689286 -0.0061917288295779372 0.0042698906804961231
leaf_weight=560.1795973777771 108.60802447795868 122.56344306468964 92.980460524559021 466.17357155680656 1445.1394256949425 301.39400592446327 15277.767427504063 231.31689140200615 656.80438086390495 70.137983471155167
leaf_count=450 26 29 54 837 1156 350 27697 244 954 159
internal_value=-0.000344268 -0.000440277 0.000102789 -0.00338945 -0.00252634 -0.00953164 -4.27994e-05 0.00748111 3.02049e-05 -0.000432265
internal_weight=19333.1 19224.5 16232.4 2992.07 2869.51 767.568 16139.4 791.496 2101.94 15347.9
internal_count=31956 31930 28604 3326 3297 1187 28550 694 2110 27856
is_linear=0
shrinkage=0.095152


Tree=101
num_leaves=6
num_cat=0
split_feature=6 6 0 0 1
split_gain=2.9837 2.50657 2.47649 4.03462 2.70989
threshold=-1.5795604215207197 -1.5316476506453636 -1.2285561363750326 -1.1225163061476626 -0.98127565035916853
decision_type=2 2 2 2 2
left_child=-1 -2 -3 -4 -5
right_child=1 2 3 4 -6
leaf_value=-0.017291501984053135 0.028266094921714661 -0.0060935684406897414 0.046052356742914358 0.0088092106173083898 -0.00053156953710896816
leaf_weight=330.13497143983841 66.341832518577576 151.06126344203949 71.80402809381485 937.80899697542191 17775.914119392633
leaf_count=83 17 39 22 2082 29713
internal_value=-0.000331741 -0.000174927 -0.000240911 -0.000142204 -0.000230046
internal_weight=19333.1 19002.9 18936.6 18785.5 18713.7
internal_count=31956 31873 31856 31817 31795
is_linear=0
shrinkage=0.095152


Tree=102
num_leaves=8
num_cat=0
split_feature=2 7 0 6 9 1 1
split_gain=4.40154 2.05044 1.90805 3.83463 2.59957 2.20512 3.06746
threshold=1.003250149981874 10.181851640964988 -0.99793811243218622 -0.4438575578509249 0.7875577818374585 1.7133812078096222 1.492640851033227
decision_type=2 2 2 2 2 2 2
left_child=1 2 3 -1 -5 6 -4
right_child=-2 -3 5 4 -6 -7 -8
leaf_value=-0.0077386146254910509 -0.16183086649333192 0.014540362224249833 -0.00019961399885754349 -0.01061630493029817 0.0072443974149897497 -0.00012154000041988961 -0.01986873147682424
leaf_weight=184.77991288900375 64.44616162776947 193.65672540664673 18143.127579987049 350.76679483056068 197.51909846067429 93.688985586166382 105.07995307445526
leaf_count=50 20 91 30417 880 448 22 28
internal_value=-0.000112893 -0.00019743 -0.0002973 -0.00505339 -0.00101999 -0.000106161 -0.000182128
internal_weight=19333.1 19268.6 19075 733.066 548.286 18341.9 18248.2
internal_count=31956 31936 31845 1378 1328 30467 30445
is_linear=0
shrinkage=0.095152


Tree=103
num_leaves=10
num_cat=0
split_feature=2 7 4 2 1 7 9 0 2
split_gain=9.31452 2.03339 2.04777 9.83761 10.6731 7.39862 4.17585 8.73674 5.89854
threshold=1.003250149981874 10.181851640964988 1002.3149811396938 -0.79839570859512754 -0.79078417215465602 4.8500000000000041 1.250842250293124 -1.1818386040164222 -0.97596079711657202
decision_type=2 2 2 2 2 2 2 2 2
left_child=1 2 3 5 -5 -1 7 -4 -8
right_child=-2 -3 6 4 -6 -7 8 -9 -10
leaf_value=0.00036596296725919137 -0.1464323417650385 0.013156818206225792 -0.021663204285123378 -0.02817972292770245 0.0060785532177772116 -0.019303764006251528 -0.014818095654574169 0.00075328648559136848 -0.0019887373261032988
leaf_weight=462.1850004196167 64.44616162776947 193.65672540664673 64.634022653102875 248.15330904722214 2218.001348733902 325.55392158031464 391.53268873691559 10683.287943035364 4681.6140906214714
leaf_count=1061 20 91 14 916 2674 349 479 19343 7009
internal_value=-3.45528e-05 -0.000157243 -0.000256705 0.00191567 0.00487549 -0.0073269 -0.000704425 0.00035663 -0.00295437
internal_weight=19333.1 19268.6 19075 3253.89 2466.15 787.739 15821.1 10747.9 5073.15
internal_count=31956 31936 31845 5000 3590 1410 26845 19357 7488
is_linear=0
shrinkage=0.095152


Tree=104
num_leaves=15
num_cat=0
split_feature=1 4 3 9 1 0 1 3 1 3 8 8 8 3
split_gain=3.21537 2.91286 8.96703 7.61528 4.19576 2.91414 2.5902 12.6995 5.49829 4.42972 3.63335 2.74673 2.24376 0.740433
threshold=1.7133812078096222 1000.1186476663455 2.8389307418735483 2.094276902524991 0.9013362454621362 -0.43780857962432845 -0.98127565035916853 3.4914958254795621 -0.97310932590074073 1.5427365819879462 7.3904602470898482 8.1506487142825801 5.5949999999999998 2.4003630399006077
decision_type=2 2 2 2 2 2 2 2 2 2 2 2 2 2
left_child=1 2 5 4 -4 -1 7 9 13 -3 -9 -10 -7 -8
right_child=-2 6 3 -5 -6 12 8 10 11 -11 -12 -13 -14 -15
leaf_value=-0.0017365243794391825 0.0056231499518530226 -0.019968253350154279 -0.015763875126768651 0.00066054726514826688 -0.030231561541871572 0.0012063830255404106 -0.039870082342774567 0.038086544117201908 -0.0011967055050539825 0.007918313904402223 0.067449783607174657 0.0017823258070417108 0.021042148123441812 -0.053770740068925557
leaf_weight=243.35925880074501 108.60802447795868 311.08560627698898 141.40267479419708 190.04568615555763 96.308832347393036 132.17654263973236 65.473589330911636 119.05159968137741 13663.35739248991 463.28344628214836 100.20236203074455 3521.634619474411 145.57905700802803 31.496520072221756
leaf_count=184 26 784 230 67 61 121 226 188 25145 1048 52 3620 100 104
internal_value=0.000105755 1.22887e-05 0.00514932 -0.00503076 -0.016361 0.0135214 -0.000254091 0.00446548 -0.000526507 -0.00125444 0.024609 -0.000397349 0.0201815 -0.022966
internal_weight=19333.1 19224.5 948.872 427.757 237.712 521.115 18275.6 993.623 17282 774.369 219.254 17185 277.756 96.9701
internal_count=31956 31930 763 358 291 405 31167 2072 29095 1832 240 28765 221 330
is_linear=0
shrinkage=0.095152


Tree=105
num_leaves=7
num_cat=0
split_feature=2 6 8 6 0 2
split_gain=12.4091 2.72089 3.85614 3.65367 3.23058 3.65714
threshold=1.003250149981874 -1.2874680529497173 6.8900000000000032 -1.2011353707941634 -1.2285561363750326 -0.99862982478704421
decision_type=2 2 2 2 2 2
left_child=1 2 -1 -3 -5 -6
right_child=-2 3 -4 4 5 -7
leaf_value=0.018776201587145602 0.10541729342226755 -0.0068642277556700696 -0.0012004226719882017 -0.0062833384495265925 0.0058382753357885276 -0.00030604109741006927
leaf_weight=361.82797074317932 65.472994089126587 225.07789659500122 508.12726581096649 133.17760980129242 856.53219518065453 17131.927572637796
leaf_count=87 20 57 125 37 695 30904
internal_value=0.000146397 3.39441e-06 0.00519938 -0.000242656 -9.18495e-05 1.73051e-05
internal_weight=19282.1 19216.7 869.955 18346.7 18121.6 17988.5
internal_count=31925 31905 212 31693 31636 31599
is_linear=0
shrinkage=0.095152


Tree=106
num_leaves=26
num_cat=0
split_feature=1 3 7 1 7 7 4 1 1 8 7 7 1 1 4 1 1 8 4 8 0 7 8 8 7
split_gain=3.137 6.48382 11.4915 8.29379 6.50289 4.96846 4.75902 4.52382 10.2202 9.04192 8.61329 6.32281 4.50037 4.49051 4.34908 4.31702 4.342 4.07246 3.2599 3.20837 2.7926 3.90925 3.57988 1.37531 0.667062
threshold=-0.71011294284286863 2.5005970688644386 7.080000000000001 -0.98127565035916853 6.9300000000000024 4.6700000000000008 1007.3029165242169 -0.17077825861200011 -0.058922677587916313 9.2100000000000009 7.4600000000000035 2.3300000000000005 -0.40078484695844291 -0.97310932590074073 1012.3103481616155 0.14634440169250132 0.47146475767959806 7.7830212433267496 1008.0030012654794 8.7350000000000012 0.079720469291187493 5.4900000000000011 7.7830212433267496 3.8909725894680647 8.0400000000000027
decision_type=2 2 2 2 2 2 2 2 2 2 2 2 2 2 2 2 2 2 2 2 2 2 2 2 2
left_child=1 2 4 20 5 -1 -4 9 11 10 18 23 -12 -5 -13 19 -17 -15 -2 -10 22 -22 -3 -9 -8
right_child=7 3 6 13 -6 -7 24 8 15 -11 12 14 -14 17 -16 16 -18 -19 -20 -21 21 -23 -24 -25 -26
leaf_value=-0.00037193095465669942 -0.0012211889158914794 0.017321324333062809 -0.001324721928344422 -0.053419417023763648 0.038329575966703541 -0.028964508776313361 -0.034621693017531277 0.033680612702190672 0.0052887482571095448 -0.017902952435905176 0.0018449422290775829 -0.018518868492997019 0.045261366824862682 0.00083949742885202532 -0.034837699470440152 -0.0030382481805162065 0.00065610634077383065 -0.055607323177533911 0.011364963523824698 0.013001029795899729 0.030633968961980652 -0.015420527487703053 0.082996498022699372 0.0051011564233339156 -0.033993455455633238
leaf_weight=906.83290672302246 1313.0703484416008 177.85577216744423 76.120890319347382 39.552109330892563 71.022590577602386 573.64250513911247 122.25396347045898 38.101084768772125 1100.6480379402637 83.333115041255951 211.07944399118423 482.74660894274712 282.37043586373329 799.91342112421989 139.57744720578194 2432.1705481112003 8617.0646212100983 53.313851118087769 1273.8267420530319 142.81873428821564 105.79399946331978 69.953203916549683 70.217832952737808 40.183504581451416 58.679786115884781
leaf_count=2959 3723 371 137 131 77 1494 257 139 2109 100 174 853 144 2200 108 3681 10181 88 2355 107 268 31 35 89 114
internal_value=5.19236e-05 -0.00270625 -0.00640415 0.00236506 -0.00329734 -0.0046621 -0.0249911 0.000586392 -0.000198436 0.00381243 0.00465733 -0.011366 0.0161647 -0.00282827 -0.0145829 0.00043819 -0.000159147 -0.00133412 0.00245007 0.00575068 0.013309 0.00399619 0.0197982 0.0138601 -0.0333507
internal_weight=19282.1 3125.15 1808.55 1316.6 1551.5 1480.48 257.055 16157 12993.3 3163.68 3080.35 700.609 493.45 892.779 622.324 12292.7 11049.2 853.227 2586.9 1243.47 423.821 175.747 248.074 78.2846 180.934
internal_count=31925 8162 5038 3124 4530 4453 508 23763 17267 6496 6396 1189 318 2419 961 16078 13862 2288 6078 2216 705 299 406 228 371
is_linear=0
shrinkage=0.095152


Tree=107
num_leaves=19
num_cat=0
split_feature=1 4 7 1 0 1 7 4 7 7 1 1 7 7 1 9 1 9
split_gain=2.6339 7.05886 10.0852 8.34255 6.91032 5.1539 8.39709 6.17214 4.81099 6.47783 7.59946 5.14277 4.47977 4.2516 4.20142 4.03761 4.03163 3.639
threshold=0.91879585298155797 1000.3015787700393 6.2200000000000015 -0.10251164299844809 1.0645003376832403 0.9746956184065646 8.245000000000001 999.6018667981258 7.3700000000000037 9.4600000000000009 1.0457574278135011 1.0879257745763635 4.5300000000000002 10.181851640964988 0.65427941861082639 3.9431641872036551 0.97962036741475156 -2.1960369750224156
decision_type=2 2 2 2 2 2 2 2 2 2 2 2 2 2 2 2 2 2
left_child=1 2 3 12 13 6 7 -2 11 10 -10 16 -1 17 -5 -9 -7 -3
right_child=5 4 -4 14 -6 8 -8 15 9 -11 -12 -13 -14 -15 -16 -17 -18 -19
leaf_value=-0.00094203255403133316 -0.055489020353754401 0.0042935836291456333 0.039214410325278691 0.032196714390456072 0.032895788393537531 0.017046216573380461 -0.051480170038342536 -0.00048980981307488564 0.028200847370014302 -0.018097432222521147 -0.011504565578041739 0.00054626612230293558 -0.087204461749486414 0.046963468812328671 0.0026403568637440376 -0.02516322909255727 -0.0073482630339286826 -0.0007277790383094755
leaf_weight=58.822351515293121 89.658857375383377 2048.633814573288 118.16029796004295 165.39938935637474 74.635674953460693 106.09994834661484 88.213435053825378 979.1986597776413 498.65212696790695 200.75286337733269 220.15652227401733 506.61597323417664 52.005170375108719 56.302569985389709 382.33539745211601 72.591411828994751 811.52357137203217 12752.385469079018
leaf_count=198 68 3155 42 100 24 173 62 1429 376 113 52 141 94 24 294 74 1305 24201
internal_value=0.000187658 0.000718708 0.00955494 0.00490668 0.000257393 -0.00214262 -0.00712854 -0.00490791 0.000470383 0.00583541 0.0100615 -0.00298686 -0.0187148 0.000110139 0.00974372 -0.00283363 -0.007237 8.8212e-06
internal_weight=19282.1 15708.7 776.723 658.562 14932 3573.46 1229.66 1141.45 2343.8 919.562 718.809 1424.24 110.828 14857.3 547.735 1051.79 917.624 14801
internal_count=31925 28132 728 686 27404 3793 1633 1571 2160 541 428 1619 292 27380 394 1503 1478 27356
is_linear=0
shrinkage=0.095152


Tree=108
num_leaves=10
num_cat=0
split_feature=2 4 4 0 7 0 2 5 7
split_gain=12.5099 2.05219 2.05982 6.87066 5.09425 4.78962 4.33714 4.02242 3.63241
threshold=1.003250149981874 997.93033254946954 1007.8012391742524 0.93570195718988947 4.200000000000002 0.97067606234733783 -0.95490694123573128 0.27146259693822788 4.8500000000000041
decision_type=2 2 2 2 2 2 2 2 2
left_child=1 -1 5 7 -5 8 -7 -4 -3
right_child=-2 2 3 4 -6 6 -8 -9 -10
leaf_value=0.021261661708826939 0.097648855267528339 9.5990432663793337e-05 0.00093308530966596448 -0.015270914953549626 0.0054987274521098228 -0.023106959854944813 0.021883276357382537 0.0057882092961272493 -0.0027970259606897863
leaf_weight=67.244904398918152 65.472994089126587 5402.5055792331696 6196.0058642625809 705.02179849147797 263.40469866991043 32.974676787853241 211.01103204488754 1948.1410222053528 4390.3609346747398
leaf_count=32 20 13510 8099 1511 289 76 619 3548 4221
internal_value=-1.8838e-05 -0.000162404 -0.000221894 0.000812918 -0.00675562 -0.00116267 0.0119635 0.00171544 -0.00149261
internal_weight=19282.1 19216.7 19149.4 9112.57 968.426 10036.9 243.986 8144.15 9792.87
internal_count=31925 31905 31873 13447 1800 18426 695 11647 17731
is_linear=0
shrinkage=0.095152


Tree=109
num_leaves=15
num_cat=0
split_feature=1 8 9 9 1 3 1 9 9 1 6 6 7 6
split_gain=2.19759 5.39625 5.0496 5.17619 4.78176 7.86534 6.31158 3.33423 6.77 5.37339 4.81472 3.61315 3.35813 2.92244
threshold=0.91879585298155797 10.210112045152519 4.0863680974639012 -3.0577111180029557 0.99852441337319775 2.1838459869039331 0.99232614502972039 2.094276902524991 1.9130882619150642 -0.413274780713969 -1.0641726821332271 -0.91096325319767579 5.080000000000001 -1.0122207178162168
decision_type=2 2 2 2 2 2 2 2 2 2 2 2 2 2
left_child=1 7 3 -2 6 -6 -5 8 13 11 -11 -9 -10 -1
right_child=2 -3 -4 4 5 -7 -8 9 12 10 -12 -13 -14 -15
leaf_value=0.0071398584894618372 -0.040224900648839164 0.030885877974160317 -0.018916517373960929 -0.000440901225920369 0.0060334204455358281 -0.0027041367094275759 -0.01468663368216302 -0.041441027323819282 -0.0013080490269690081 -0.0083484909457869558 0.0071663345455578124 -0.00012605453873125008 -0.028414118539915035 -0.00028965405964085652
leaf_weight=791.58846795558929 94.675902009010315 86.980460524559021 201.32182767987251 1841.8098276257515 507.79768759012222 569.2175320982933 358.64059260487556 142.17891705036163 146.88560155034065 249.87937533855438 1838.7443075180054 617.65707406401634 206.17981985211372 11628.586111396551
leaf_count=202 136 53 187 2340 318 266 546 122 421 56 2481 1774 203 22820
internal_value=-4.44731e-05 0.000439386 -0.00217441 -0.00129305 -0.000650784 0.00453586 -0.00319641 0.000305925 -0.000349723 0.00324927 0.00574335 -0.00358769 -0.0133169 1.92756e-05
internal_weight=19282.1 15708.7 3573.46 3372.14 3277.47 1077.02 2200.45 15621.7 12773.2 2848.46 2088.62 759.836 353.065 12420.2
internal_count=31925 28132 3793 3606 3470 584 2886 28079 23646 4433 2537 1896 624 23022
is_linear=0
shrinkage=0.095152


Tree=110
num_leaves=6
num_cat=0
split_feature=2 3 1 9 2
split_gain=10.1541 2.54629 1.88911 1.92417 2.44716
threshold=1.003250149981874 7.8150000000000004 -0.99995369919546395 -6.6769886537751004 -0.98323381421560352
decision_type=2 2 2 2 2
left_child=1 2 -1 -4 -5
right_child=-2 -3 3 4 -6
leaf_value=0.0053499296955395927 -0.071170971682579881 0.0072516629973750921 0.025712548520936598 -0.0028453009819046698 -0.00026209290708261872
leaf_weight=280.61002281308174 61.252801179885864 71.796593189239502 109.20064368844032 1604.5167568027973 17126.257376819849
leaf_count=169 20 165 123 2124 29278
internal_value=-0.000305223 -0.000430647 -0.000499046 -0.000615328 -0.000689797
internal_weight=19253.6 19192.4 19120.6 18840 18730.8
internal_count=31879 31859 31694 31525 31402
is_linear=0
shrinkage=0.095152


Tree=111
num_leaves=7
num_cat=0
split_feature=5 1 5 8 9 5
split_gain=2.87654 2.50777 2.93568 2.70127 8.66413 3.35868
threshold=-1.223379265973042 -0.99995369919546395 -1.171081148710176 9.531980751129753 -0.036056100305520637 -1.0013879852237297
decision_type=2 2 2 2 2 2
left_child=-1 -2 -3 5 -5 -4
right_child=1 2 3 4 -6 -7
leaf_value=0.0048437362414685912 0.010506753217414476 -0.061641260687381821 0.022772865942395373 0.031800698008616221 -0.0031864042735551485 -0.00069481452585184924
leaf_weight=259.64297151565552 276.56837823987007 52.081220507621765 188.47739511728287 228.92492783069611 431.64397758245468 17816.295323699713
leaf_count=68 169 13 47 206 375 31001
internal_value=-0.000170441 -0.000307399 -0.000441238 -0.00037676 0.00559123 -0.000596828
internal_weight=19253.6 18994 18717.4 18665.3 660.569 18004.8
internal_count=31879 31811 31642 31629 581 31048
is_linear=0
shrinkage=0.095152


Tree=112
num_leaves=6
num_cat=0
split_feature=5 3 1 9 1
split_gain=2.84194 2.4934 2.46477 2.43762 2.2023
threshold=-1.223379265973042 7.8150000000000004 -0.99995369919546395 -6.6769886537751004 0.47146475767959806
decision_type=2 2 2 2 2
left_child=-1 2 -2 -4 -5
right_child=1 -3 3 4 -6
leaf_value=0.0043828452266221627 0.0095070150170441532 0.0066277659898618712 0.026867790898026114 -0.0014429510155590014 0.00037090757142488361
leaf_weight=259.64297151565552 276.56837823987007 71.796593189239502 113.87957540154457 10090.17916816473 8441.567507982254
leaf_count=68 169 165 124 21294 10059
internal_value=-0.00011086 -0.000247004 -0.000315424 -0.000448622 -0.000535032
internal_weight=19253.6 18994 18922.2 18645.6 18531.7
internal_count=31879 31811 31646 31477 31353
is_linear=0
shrinkage=0.095152


Tree=113
num_leaves=7
num_cat=0
split_feature=0 3 5 8 3 8
split_gain=2.8877 2.38488 2.15621 2.36498 6.04302 2.76726
threshold=1.0645003376832403 7.8150000000000004 -1.3397744615475926 9.531980751129753 1.5807075959670602 9.1650000000000009
decision_type=2 2 2 2 2 2
left_child=1 2 -1 5 -5 -4
right_child=-2 -3 3 4 -6 -7
leaf_value=0.0036669882724128093 -0.0010574587701205195 0.0059971210412208013 -0.00033295306929649609 -0.019802880336904007 0.0055940877656908148 -0.0064253095534029595
leaf_weight=170.88133442401886 128.94587433338165 71.796593189239502 17811.314271748066 214.6615669131279 459.29115521907806 396.74339866638184
leaf_count=49 38 165 30624 293 291 419
internal_value=-9.03235e-05 -0.00018715 -0.000253627 -0.000350927 0.00517665 -0.000556594
internal_weight=19253.6 19124.7 19052.9 18882 673.953 18208.1
internal_count=31879 31841 31676 31627 584 31043
is_linear=0
shrinkage=0.095152


Tree=114
num_leaves=6
num_cat=0
split_feature=9 7 6 6 4
split_gain=1.7447 1.7666 1.58924 3.23864 1.45784
threshold=-6.6769886537751004 10.181851640964988 -1.8966261760455443 -1.7450621143196865 997.93033254946954
decision_type=2 2 2 2 2
left_child=-1 2 -2 -4 -5
right_child=1 -3 3 4 -6
leaf_value=0.024342948973115581 -0.011430088630418837 0.0093873592608300985 -0.038310900064558492 0.037352813168602304 -0.00025213623336224806
leaf_weight=113.87957540154457 91.041117012500763 200.67715948820114 63.548844814300537 62.421394050121307 18722.066103726625
leaf_count=124 25 92 16 31 31591
internal_value=-9.33063e-05 -0.00016423 -0.000259278 -0.000320939 -0.000246923
internal_weight=19253.6 19139.8 18939.1 18848 18784.5
internal_count=31879 31755 31663 31638 31622
is_linear=0
shrinkage=0.095152


Tree=115
num_leaves=27
num_cat=0
split_feature=1 1 1 7 5 1 9 1 5 4 4 8 4 9 7 7 8 9 9 1 4 1 4 8 9 9
split_gain=3.33809 5.76831 6.50232 6.379 5.32826 4.92582 7.78653 4.83737 4.67387 4.65388 4.42837 4.38057 11.8552 4.18584 7.53243 3.72772 3.07019 2.76114 2.44931 2.16275 2.01038 1.23332 1.14828 0.610493 0.324056 0.204098
threshold=-0.6233502813417785 -0.1861189554158876 -0.058922677587916313 7.4600000000000035 -0.7571016785375817 0.14634440169250132 0.24648352717870739 -0.40078484695844291 -0.50057056995518712 1011.0035403063472 1002.3149811396938 8.2316874982920449 1007.1990777435881 -2.3951925914821524 2.3532053622751259 4.1613410407015738 7.9007902177818208 -3.491555941243687 1.5265432417578177 -0.98127565035916853 1009.0979735849253 -0.80999938932185322 1006.1043861853333 7.7308830526743577 2.1219496754992222 2.5288825257804342
decision_type=2 2 2 2 2 2 2 2 2 2 2 2 2 2 2 2 2 2 2 2 2 2 2 2 2 2
left_child=4 3 13 8 18 6 -4 -5 9 -2 -7 17 -13 -3 -15 -14 -10 -6 20 -19 23 -22 24 -1 -20 -24
right_child=1 2 5 7 11 10 -8 -9 16 -11 -12 12 15 14 -16 -17 -18 19 22 -21 21 -23 25 -25 -26 -27
leaf_value=-0.0029662855527706009 -0.012035953341878682 0.0088897381448152738 0.01448211754233346 0.00013496662013927604 -0.011026020579738911 0.0025657369852566093 -0.0055335255186569942 0.03606096537978485 0.011630585958157257 0.0081759404059863934 -0.00037343105858704361 0.043978862143414579 0.0080640474131134666 0.0088509736107251751 -0.024934867640162006 -0.022758203812968895 -0.0067788859682575402 0.011118935335002583 -0.027863112587234666 -0.00012216190845025285 -0.027865620973513267 -0.058568498713575591 -0.081982648991465013 -0.072755338442318809 -0.011195334129820602 -0.078428191513774489
leaf_weight=374.03984108567238 492.32700422406197 119.22261193394661 702.79283586144447 178.87258154153824 89.900568634271622 2399.822313785553 517.68560671806335 296.18270805478096 1358.0283634364605 42.595936983823776 8764.6822532713413 64.231547445058823 49.468302875757217 81.972994953393936 596.3837978541851 232.55090144276619 245.72865474224091 690.40512958168983 30.150264024734497 1810.0959437191486 60.481404185295105 32.418962925672531 51.110036134719849 33.940920203924179 33.595353633165359 41.645867079496384
leaf_count=1146 1248 171 1192 144 170 2371 1009 149 3248 70 11519 52 107 232 976 403 289 1498 111 5134 212 78 123 79 118 99
internal_value=0.000562082 0.00115812 0.000347222 0.00524075 -0.00205348 0.000884763 0.00662107 0.0152056 0.00301314 -0.00466767 0.000255816 -0.000313977 -0.0103474 -0.00797125 -0.0108676 -0.0187766 0.00558474 0.00102694 -0.00978821 0.00162401 -0.0064718 -0.0190338 -0.0201753 -0.0035268 -0.00972697 -0.0269775
internal_weight=19390.3 15796.3 13182.6 2613.74 3594.04 12385 1220.48 475.055 2138.68 534.923 11164.5 2936.65 346.251 797.579 678.357 282.019 1603.76 2590.4 657.383 2500.5 500.881 92.9004 156.502 407.981 63.7456 92.7559
internal_count=31948 22618 17470 5148 9330 16091 2201 293 4855 1318 13890 7364 562 1379 1208 510 3537 6802 1966 6632 1515 290 451 1225 229 222
is_linear=0
shrinkage=0.095152


Tree=116
num_leaves=15
num_cat=0
split_feature=0 4 0 3 1 7 4 1 3 4 9 1 9 9
split_gain=3.44128 3.25763 10.3435 4.78489 5.29399 4.64661 4.07514 6.25473 5.55973 4.00124 3.75993 1.94442 3.99202 3.96735
threshold=1.0645003376832403 1011.332492598527 -0.86902122408030602 2.5202313339999893 0.8510801482824315 6.5399999999999983 1010.2013307516569 -0.66134742624507004 3.1329567060027617 1010.4947470612982 -2.5081904219717077 0.93696981298730819 1.6601600396273268 2.094276902524991
decision_type=2 2 2 2 2 2 2 2 2 2 2 2 2 2
left_child=1 6 5 4 -4 -3 11 8 -8 -9 -5 13 -13 -1
right_child=-2 2 3 10 -6 -7 7 9 -10 -11 -12 12 -14 -15
leaf_value=-7.2582504012011953e-05 0.0082096293636348926 0.017277373166680862 -0.010418596306452949 -0.022184822703183234 -0.023539304697542941 -0.0015844005237200835 -0.019157161548273835 0.019077353262062068 0.02015641651622474 0.0038352891915238545 0.0059852074321533576 0.00087355657466009625 -0.0052518341220344931 0.0035025189013424217
leaf_weight=10163.202104598284 125.21237170696259 109.43323743343353 885.01550334692001 70.036767154932022 256.07878854870796 110.81037437915802 313.97729071974754 351.61165735125542 42.77267250418663 1152.5378583371639 469.57988160848618 1450.8877813816071 1068.9216918945312 2820.2547253668308
leaf_count=18361 38 150 1775 169 317 99 906 424 41 1691 1075 1878 789 4235
internal_value=0.000424597 0.000321159 -0.00341583 -0.00596489 -0.00945429 0.0158966 0.000731237 0.00493726 -0.00635292 0.0076268 0.00139555 0.000225168 -0.00219178 0.000695406
internal_weight=19390.3 19265.1 1900.95 1680.71 1141.09 220.244 17364.2 1860.9 356.75 1504.15 539.617 15503.3 2519.81 12983.5
internal_count=31948 31910 3585 3336 2092 249 28325 3062 947 2115 1244 25263 2667 22596
is_linear=0
shrinkage=0.095152


Tree=117
num_leaves=17
num_cat=0
split_feature=2 1 2 7 3 8 2 3 8 3 8 2 9 2 2 7
split_gain=9.70762 2.90338 11.0533 8.13443 14.9976 5.33212 5.16302 6.21943 7.44381 4.68185 7.70855 5.3511 4.55234 4.47656 6.38058 2.03117
threshold=1.003250149981874 -0.6233502813417785 0.058942987644181481 4.6700000000000008 3.312049460889408 2.4950000000000014 -0.012910296075008829 4.1112538047729057 6.3404998698047148 3.2106835754844081 2.6000000000000001 0.09031985754373785 -4.3398605665762942 -0.012683281561682023 -0.080499103070757708 4.7411693492930294
decision_type=2 2 2 2 2 2 2 2 2 2 2 2 2 2 2 2
left_child=1 2 13 5 -5 -4 7 12 -9 11 -11 -8 -3 14 -1 -15
right_child=-2 6 3 4 -6 -7 9 8 -10 10 -12 -13 -14 15 -16 -17
leaf_value=-0.012530909494961955 0.09615630337563065 0.038353357912525921 -0.016602880578025808 -0.026810258445587758 0.032432125925422696 0.015894268887779426 -0.013613612284960113 0.0020105983812163226 0.026016787110536267 0.015342090145212746 -0.0067577001063750834 0.0020519301373428164 0.00080774464931634841 -0.017558231860723462 0.014601197047484527 -0.12635979234839753
leaf_weight=1763.1439099609852 67.349615812301636 199.72466567158699 75.814771145582199 433.77210450172424 118.24993702769279 905.67105063796043 340.18609848618507 467.78339377045631 438.07775777578354 193.70881080627441 2399.7019282281399 3205.9642264842987 8495.4159505665302 65.77442654967308 173.46128705143929 46.532771855592728
leaf_count=4314 21 146 294 1072 85 2850 435 495 185 704 5360 5233 10043 196 357 158
internal_value=0.0004998 0.000372164 -0.00207111 0.00403103 -0.00518673 0.00922839 0.000929171 0.00230757 0.00980737 -0.00122432 -0.00429674 0.00101982 0.00152337 -0.00664411 -0.00555409 -0.0250385
internal_weight=19390.3 19323 3582.42 1533.51 552.022 981.486 15740.6 9601 905.861 6139.56 2593.41 3546.15 8695.14 2048.91 1936.61 112.307
internal_count=31948 31927 9326 4301 1157 3144 22601 10869 680 11732 6064 5668 10189 5025 4671 354
is_linear=0
shrinkage=0.095152


Tree=118
num_leaves=24
num_cat=0
split_feature=1 1 1 8 8 7 4 1 1 7 8 8 4 1 8 8 4 7 7 6 6 0 6
split_gain=2.45316 4.07479 6.87785 5.42118 6.71171 7.64351 6.92394 4.57378 6.68465 3.98987 6.03295 3.9405 3.43243 2.80904 2.61707 2.58316 8.36815 5.29403 5.14459 2.40866 1.87251 1.58854 0.497509
threshold=-0.6233502813417785 -0.1861189554158876 -0.058922677587916313 9.129999999999999 6.3404998698047148 4.7700000000000022 1007.7996069988827 0.14634440169250132 0.47146475767959806 6.8700000000000037 7.1700000000000008 8.7000000000000028 1010.7029372267992 -0.80999938932185322 6.9900000000000011 7.8301614849224528 1007.3951706688443 6.7692930090849996 7.6900000000000039 -0.5 1.0000000180025095e-35 -0.26529599416890731 -0.25990157396951935
decision_type=2 2 2 2 2 2 2 2 2 2 2 2 2 2 2 2 2 2 2 2 2 2 2
left_child=12 3 9 4 5 -2 -6 11 -9 10 -3 -4 15 14 21 18 -17 -18 20 -16 -1 -14 -15
right_child=1 2 7 -5 6 -7 -8 8 -10 -11 -12 -13 13 22 19 16 17 -19 -20 -21 -22 -23 -24
leaf_value=-0.0025913943470859788 0.0037357070102260435 -0.011776102966474303 0.004292325008941146 -0.015680069828321406 -0.002784754857919102 -0.031835648636766835 0.021443502476584178 -0.0030351199391715211 0.0011052468998193163 -0.029719129752672522 0.02543973908889011 0.012431486880000998 -0.027219095393884247 -0.068321436428865207 -0.027853672793752761 0.016883850388256245 -0.0052665541312743704 -0.024350873916916135 0.030339103404466428 -0.0092995579568479654 0.0043194402306328782 0.011375716593663198 -0.032220062844138378
leaf_weight=1608.8551475405693 1035.865234375 541.6073232293129 1086.3047488927841 59.332187980413437 442.32578566670418 223.4342902302742 852.77775073051453 2481.3700440227985 8683.1345230340958 140.66525965929031 115.30682185292244 134.17369368672371 49.994470834732056 46.27921399474144 73.779318451881409 157.99000117182732 201.66589173674583 189.56862643361092 52.798459529876709 74.825374752283096 927.71342876553535 165.47826108336449 45.086848676204681
leaf_count=3576 3243 1046 2090 68 321 379 1137 3666 10224 137 196 111 188 131 141 195 377 336 37 284 3490 406 169
internal_value=0.000473133 0.000984167 0.000302457 0.00441561 0.00508502 0.000127085 0.0098909 0.000855288 0.000249188 -0.00825299 -0.00508947 0.00638283 -0.00176892 -0.00947744 -0.00564211 -0.000642668 -0.00656333 -0.0140293 0.000610999 -0.0153003 -3.49973e-06 0.0010139 -0.024318
internal_weight=19390.3 15796.3 13182.6 2613.74 2554.4 1259.3 1295.1 12385 11164.5 797.579 656.914 1220.48 3594.04 455.443 364.077 3138.59 549.225 391.235 2589.37 148.605 2536.57 215.473 91.3661
internal_count=31948 22618 17470 5148 5080 3622 1458 16091 13890 1379 1242 2201 9330 1319 1019 8011 908 713 7103 425 7066 594 300
is_linear=0
shrinkage=0.095152


Tree=119
num_leaves=24
num_cat=0
split_feature=1 1 9 4 1 6 1 7 4 8 6 6 7 8 9 8 8 8 7 7 8 8 8
split_gain=2.3997 6.28922 5.5907 4.62594 3.79269 5.58816 5.43479 5.14681 4.04865 3.54706 3.84794 3.47025 8.83149 4.41615 3.45736 3.40561 1.95845 1.9125 1.57363 1.22559 1.1008 0.703779 1.50326
threshold=-0.76922158987017697 -0.79877197597864613 2.8380631124619207 1001.3018462435326 -0.1861189554158876 -1.5124520125905827 -0.058922677587916313 7.0424135073779324 1008.5983134371387 3.515000000000001 -1.1270515495135662 1.0000000180025095e-35 4.200000000000002 10.490000000000002 -4.6336700666543207 9.129999999999999 4.2450000000000019 6.780175009937329 6.3500000000000041 4.5300000000000002 2.6522210346286008 3.395 5.1050000000000013
decision_type=2 2 2 2 2 2 2 2 2 2 2 2 2 2 2 2 2 2 2 2 2 2 2
left_child=1 2 3 19 5 -2 9 14 -9 20 -11 13 -13 -8 -7 -5 -4 21 -18 -1 -6 -3 -23
right_child=4 17 16 15 6 7 11 8 -10 10 -12 12 -14 -15 -16 -17 18 -19 -20 -21 -22 22 -24
leaf_value=-0.019621288196306076 -0.017464956751374581 -0.0013860158499048706 0.0033357958351155521 0.002455122562442136 0.030157589822435653 -0.065372145018183725 0.00084035070761619385 0.012875318479717353 0.01956597269524725 -0.0034353654788581134 -0.018116604966031378 -0.01087831736623124 0.0026286783330291565 0.023336332364018837 0.0035208545211224862 -0.035539362140050601 -0.035346652525082629 -0.041777645106358341 -0.073958484275638017 -0.1204090710430817 0.0020304487655290982 -0.035944656411727845 -0.01609793497323788
leaf_weight=65.279830485582352 52.199914336204529 34.652908205986023 37.487033247947693 2315.0444442331791 27.468032598495483 48.416655659675598 8952.3121780753136 520.53488293290138 173.96734482049942 72.658348202705383 652.39107012748718 1580.8175723254681 1636.3020371794701 215.55122205615044 2610.5283674001694 42.843537718057632 75.657809317111969 56.574008285999298 53.185538172721863 28.284875839948654 45.061953812837601 39.649182349443436 53.463958948850632
leaf_count=250 16 135 141 5827 109 132 8251 384 187 19 1094 3857 3872 111 6511 86 233 123 73 97 157 155 128
internal_value=0.000696114 -0.00187706 -0.000671335 0.000473095 0.00113167 0.00396211 0.00039914 0.00445067 0.0117417 -0.00720561 -0.00922606 0.000890639 -0.0017956 0.00183479 0.00253649 0.00130652 -0.0174824 -0.0188012 -0.0230067 -0.020115 0.0126187 -0.0119784 -0.0162348
internal_weight=19390.3 2802.12 2617.78 2451.45 16588.2 3405.65 13182.6 3353.45 694.502 797.579 725.049 12385 3217.12 9167.86 2658.95 2357.89 166.33 184.34 128.843 93.5647 72.53 127.766 93.1131
internal_count=31948 7248 6707 6260 24700 7230 17470 7214 571 1379 1113 16091 7729 8362 6643 5913 447 541 306 347 266 418 283
is_linear=0
shrinkage=0.095152


Tree=120
num_leaves=20
num_cat=0
split_feature=7 6 9 4 7 4 9 0 4 4 6 0 7 5 4 6 6 4 9
split_gain=2.59699 8.92691 5.59521 4.79867 3.77158 8.317 5.36709 3.00771 2.66951 6.473 6.44419 6.55746 5.22531 4.48684 1.90297 1.3951 0.946499 0.662531 0.45441
threshold=8.1799999999999997 -0.25990157396951935 1.2072564167634747 1009.0021974428824 7.7400243980812595 1006.1043861853333 2.6099731075612724 -0.17968542331561968 1008.0997025591265 1007.6036610120206 0.98296291314453421 0.47645422358308026 7.2800000000000002 -0.86500782323324776 1006.6994313181624 -0.66875051141691777 0.037733304563701227 1007.9030862300248 0.42691334062447167
decision_type=2 2 2 2 2 2 2 2 2 2 2 2 2 2 2 2 2 2 2
left_child=4 3 16 7 8 -6 15 14 9 13 11 -10 -11 -1 -2 -7 -3 -4 -12
right_child=1 2 17 -5 5 6 -8 -9 10 12 18 -13 -14 -15 -16 -17 -18 -19 -20
leaf_value=-0.0056649455357968047 0.024841637245480309 -0.027283635252784641 -0.0014193933848732491 0.010746101451332679 0.0082145976507010821 -0.0020201186846924989 -0.024113613313524008 -0.011328360355615446 0.0052464431561236764 -0.014676308426103523 -0.035646295916136245 -0.0014713186299912823 0.024353717162242845 0.00076635452426713319 0.0013674037790385328 -0.0094874099753202087 -0.010622717565380845 0.0095354341966348167 -0.014550474170799946
leaf_weight=1738.9613772034645 237.13237392902374 70.801850438117981 85.398292154073715 389.6465205848217 128.91985568404198 394.93154552578926 116.30488434433937 267.5252031981945 4421.0715489983559 455.15413096547127 116.5254271030426 2930.9336266815662 83.297194987535477 6860.3378765881062 532.26140266656876 201.37466982007027 83.996233105659485 57.711093842983246 56.328637778759003
leaf_count=3901 113 113 142 169 72 208 70 84 6189 668 389 5168 74 13394 274 369 194 130 220
internal_value=0.000397611 0.00391927 -0.0110117 0.00705369 4.96602e-05 -0.00615935 -0.0101959 0.00364511 0.00036448 -0.000727434 0.00169202 0.00212178 -0.0108349 -9.14639e-05 0.00667133 -0.0064869 -0.0234764 0.00247622 -0.0163883
internal_weight=19228.6 1724.47 297.907 1426.57 17504.1 841.531 712.611 1036.92 16662.6 9137.75 7524.86 7352.01 538.451 8599.3 769.394 596.306 154.798 143.109 172.854
internal_count=31941 1219 579 640 30722 719 647 471 30003 18037 11966 11357 742 17295 387 577 307 272 609
is_linear=0
shrinkage=0.095152


Tree=121
num_leaves=17
num_cat=0
split_feature=5 4 6 7 0 5 0 0 4 7 8 6 4 8 8 7
split_gain=2.54994 2.43769 6.17556 4.81985 8.59433 7.9376 6.16576 7.37691 6.86349 4.01019 3.67256 2.7664 1.41284 0.0840716 0.441642 0.260958
threshold=-1.0818711854003358 1007.8969132516236 0.98296291314453421 4.8500000000000041 -0.86902122408030602 0.49961646868648285 -0.70710678118654757 -0.86239343330004636 1004.8131779216164 3.069999999999999 5.6100000000000021 -0.70710678118654757 1003.5171357744233 6.9709156221844513 6.156268810909741 6.831994942277114
decision_type=2 2 2 2 2 2 2 2 2 2 2 2 2 2 2 2
left_child=-1 3 9 4 12 -6 7 -5 -8 11 -11 -3 -2 14 -4 -15
right_child=1 2 13 6 5 -7 8 -9 -10 10 -12 -13 -14 15 -16 -17
leaf_value=0.0024717482107767448 -0.009897676629867071 -0.011109467149989376 -0.018830755339500144 0.00065723062021220697 0.0064979230838589849 -0.0029684415695056805 -0.014347046616342 0.071053165358582152 -0.00054041532309674091 0.015768364974563343 0.0015790652344427165 -0.0018779278092526423 -0.020701854564677189 -0.019836550728429634 -0.039882324714541922 -0.037782714674245765
leaf_weight=417.22692394256592 285.05211666226387 214.23928487300873 46.098561108112335 588.2448213994503 2909.1865674555302 2184.5593143999577 1574.4361520409584 98.751304864883423 2018.6723625361919 721.59199821949005 6944.2709243893623 852.83525738120079 238.94265255331993 69.274081468582153 39.301373541355133 25.930048763751984
leaf_count=110 937 336 173 1229 6469 5940 1586 54 1354 1431 8727 2287 841 255 110 102
internal_value=0.000479328 0.000315154 0.00145692 -0.000711842 0.0011192 0.00231576 -0.0031177 0.00512551 -0.00469867 0.00181946 0.00258124 -0.00363755 -0.0104644 -0.0158864 -0.0187186 -0.0129874
internal_weight=19228.6 18811.4 8913.54 9897.85 5617.74 5093.75 4280.1 686.996 3593.11 8732.94 7665.86 1067.07 523.995 180.604 85.3999 95.2041
internal_count=31941 31831 13421 18410 14187 12409 4223 1283 2940 12781 10158 2623 1778 640 283 357
is_linear=0
shrinkage=0.095152


Tree=122
num_leaves=13
num_cat=0
split_feature=0 3 8 8 7 0 0 4 7 0 7 7
split_gain=1.84019 1.89182 4.94517 6.79668 4.90242 2.53607 2.43134 2.19874 1.90134 3.38905 2.3972 1.4756
threshold=-1.285259354231987 4.7638586728932157 3.6000000000000001 3.8205731502561897 5.1600000000000028 -0.70913320677698455 1.0645003376832403 1004.6293547666627 8.1799999999999997 -0.17968542331561968 8.0400000000000027 3.1006818897148589
decision_type=2 2 2 2 2 2 2 2 2 2 2 2
left_child=-1 6 5 11 -5 -3 8 -7 10 -10 -2 -4
right_child=1 2 3 4 -6 7 -8 -9 9 -11 -12 -13
leaf_value=-0.0040608556582618438 0.00040968808757985972 -0.01707486670312516 -0.046915962655561846 0.0035383389143614622 -0.015109891733062526 0.0031707650180192852 -0.0063594830506394631 0.017865060947882348 0.0040219754231326276 -0.0011021311377107156 -0.0090461913275367324 -0.009822940017060763
leaf_weight=125.20995080471039 15686.342244505882 56.178752213716507 94.805983662605286 513.56417632102966 333.20570734143257 161.84535655379295 119.15076172351837 146.31268754601479 1146.7365064918995 536.78991249203682 217.99261951446533 90.479086428880692
leaf_count=34 27517 183 111 1074 548 502 37 442 891 283 198 121
internal_value=0.000468716 0.000545077 -0.0028231 -0.00619233 -0.00254822 0.00667366 0.000811609 0.0100856 0.000718502 0.00375888 0.000395574 -0.0226389
internal_weight=19228.6 19103.4 1396.39 1032.05 846.77 364.337 17707 308.158 17587.9 1683.53 15904.3 185.285
internal_count=31941 31907 2981 1854 1622 1127 28926 944 28889 1174 27715 232
is_linear=0
shrinkage=0.095152


Tree=123
num_leaves=10
num_cat=0
split_feature=2 1 2 1 1 3 1 8 1
split_gain=8.28932 2.01684 1.88118 5.3506 7.20565 7.12603 2.67368 5.77474 4.74297
threshold=1.003250149981874 1.7133812078096222 -0.84698965068926968 -0.1861189554158876 -0.38168568572378597 1.5202996608780917 0.92156953051579749 10.490000000000002 0.9746956184065646
decision_type=2 2 2 2 2 2 2 2 2
left_child=1 2 3 4 -1 -5 7 -4 -8
right_child=-2 -3 6 5 -6 -7 8 -9 -10
leaf_value=-0.0066099426667102779 -0.072592496159693667 0.0011732241287735889 0.0012645337600491488 0.0016135552420714688 0.011677367604747295 -0.006943715208965525 -0.0047131293207241017 0.024263453065986918 0.00058288824649051587
leaf_weight=592.28900694847107 61.171067476272583 101.27672803401947 11628.825312376022 914.32371667027473 787.4754259288311 1831.8122715651989 1212.4632079899311 62.118382811546326 2036.8586257994175
leaf_count=947 20 25 22041 1297 1098 2818 1565 27 2103
internal_value=0.000490231 0.000376702 0.000304389 -0.00149276 0.00333425 -0.00392313 0.000801634 0.00147325 -0.0016105
internal_weight=19228.6 19167.4 19066.2 4125.9 1379.76 2746.14 14940.3 11690.9 3249.32
internal_count=31941 31921 31896 6160 2045 4115 25736 22068 3668
is_linear=0
shrinkage=0.095152


Tree=124
num_leaves=13
num_cat=0
split_feature=5 5 4 7 5 3 5 4 6 5 4 7
split_gain=2.24698 2.22013 9.93961 9.17711 5.25396 3.83842 3.72211 4.57529 4.16355 2.87243 2.45088 2.27901
threshold=-1.1185229098860632 -0.86500782323324776 1008.7906959889431 7.4600000000000035 -0.78169193144134119 1.3009086442096394 -0.96197041336829503 1001.3018462435326 -0.52534743500114223 -0.94952335133380361 1014.9500000000002 8.6600000000000037
decision_type=2 2 2 2 2 2 2 2 2 2 2 2
left_child=-1 2 6 5 -3 -4 7 -2 -8 -5 11 -6
right_child=1 4 3 9 10 -7 8 -9 -10 -11 -12 -13
leaf_value=0.0026881699798367849 0.027429647196457945 0.026020253719856362 -0.030916728537375166 -0.021305537790658892 0.00025034063146174053 0.0096871741580874318 -0.024764439222681772 -0.009809211965532293 -0.012202310107309339 0.0048452325497871851 -0.028608118794696279 0.0021793423042432516
leaf_weight=363.3611626625061 251.70227295160294 153.94460827112198 61.02154928445816 129.8430577814579 14885.480865597725 501.49279817938805 55.959122210741043 902.36935430765152 1065.3257691264153 85.856809675693512 91.450980395078659 680.8053951561451
leaf_count=97 439 41 215 200 24821 878 16 2690 1937 119 166 322
internal_value=0.000443083 0.000299346 -0.00204785 0.00721977 0.000753582 0.0136189 -0.00522555 -0.00141609 -0.00912862 -0.00939054 0.000579959 0.0006726
internal_weight=19228.6 18865.3 3053.57 778.214 15811.7 562.514 2275.36 1154.07 1121.28 215.7 15657.7 15566.3
internal_count=31941 31844 6494 1412 25350 1093 5082 3129 1953 319 25309 25143
is_linear=0
shrinkage=0.095152


Tree=125
num_leaves=14
num_cat=0
split_feature=2 4 3 8 1 1 1 7 8 8 8 4 1
split_gain=9.84724 1.8878 4.85917 8.80283 5.87347 5.7733 5.32219 4.36044 4.177 7.67639 5.8216 5.17606 3.28895
threshold=1.003250149981874 1009.6001050999777 3.152773529786836 8.8901645520557526 -0.44766222671863404 -0.12859018276810941 -0.34373964005085983 7.0424135073779324 8.831191242393249 8.7000000000000028 10.210112045152519 1009.599728231898 0.24708944915910933
decision_type=2 2 2 2 2 2 2 2 2 2 2 2 2
left_child=1 8 4 6 7 -6 -4 -3 9 11 12 -1 -10
right_child=-2 2 3 -5 5 -7 -8 -9 10 -11 -12 -13 -14
leaf_value=1.3213705808593761e-05 0.085692141743701974 -0.0072603332240270876 0.018647319064599016 0.076759868005417162 0.023402319345574456 0.00019698515477704456 -0.00052843701149804339 -0.026269537290471635 -0.0012966529612749068 0.023888708506430975 0.012302182781550446 -0.015345123285374178 -0.027824371367997803
leaf_weight=12929.487972080708 67.594200730323792 913.2337184548378 226.2353763282299 137.95773088932037 295.72280138731003 2872.731691300869 655.45499783754349 80.430661588907242 324.21275189518929 182.15987786650658 242.68067049980164 127.15612861514091 404.88454520702362
leaf_count=22237 21 2560 274 65 584 3498 1255 194 297 146 160 263 379
internal_value=0.000348954 0.000220655 0.00177551 0.00765839 0.000329224 0.00233403 0.00412284 -0.00604509 -0.000345528 9.57811e-05 -0.00636248 -0.000174856 -0.0106133
internal_weight=19459.9 19392.3 5181.77 1019.65 4162.12 3168.45 881.69 993.664 14210.6 13238.8 971.778 13056.6 729.097
internal_count=31933 31912 8430 1594 6836 4082 1529 2754 23482 22646 836 22500 676
is_linear=0
shrinkage=0.095152


Tree=126
num_leaves=6
num_cat=0
split_feature=0 8 8 0 5
split_gain=3.19879 2.42814 4.01146 2.2851 2.51478
threshold=1.0213340577825283 10.814999999999998 10.490000000000002 -1.2052084992856529 -1.2022392313367674
decision_type=2 2 2 2 2
left_child=1 2 3 -1 -5
right_child=-2 -3 -4 4 -6
leaf_value=-0.0022900144553459579 0.0065190385485113011 -0.024589508475445696 0.035829826485382875 0.011791043162863026 3.0917359085913743e-05
leaf_weight=162.99989801645279 164.22766554355621 141.7874918282032 116.36357134580612 239.11244177818298 18635.45205616951
leaf_count=43 48 138 84 66 31554
internal_value=0.000223127 0.000109448 0.000202358 9.34019e-05 0.000191326
internal_weight=19459.9 19295.7 19153.9 19037.6 18874.6
internal_count=31933 31885 31747 31663 31620
is_linear=0
shrinkage=0.095152


Tree=127
num_leaves=6
num_cat=0
split_feature=7 0 5 7 8
split_gain=3.13635 2.73966 2.16453 1.99091 2.69691
threshold=10.181851640964988 1.0213340577825283 1.0004273050037098 9.4600000000000009 9.531980751129753
decision_type=2 2 2 2 2
left_child=1 2 3 4 -1
right_child=-2 -3 -4 -5 -6
leaf_value=-9.1207116880176093e-05 0.029291140191476384 0.0058987392294189171 0.020089757496112918 -0.02174764393647503 0.007352599609285697
leaf_weight=18439.283391445875 187.76841533184052 164.22766554355621 95.621562361717224 150.30904468894005 422.73304530978203
leaf_count=31230 93 48 27 94 441
internal_value=0.000303033 0.000182689 7.64085e-05 3.41304e-06 9.13844e-05
internal_weight=19459.9 19272.2 19107.9 19012.3 18862
internal_count=31933 31840 31792 31765 31671
is_linear=0
shrinkage=0.095152


Tree=128
num_leaves=6
num_cat=0
split_feature=2 8 8 6 6
split_gain=5.92606 1.95285 4.0576 2.05778 2.58463
threshold=1.003250149981874 10.814999999999998 10.490000000000002 -1.8966261760455443 -1.0641726821332271
decision_type=2 2 2 2 2
left_child=1 2 3 -1 -5
right_child=-2 -3 -4 4 -6
leaf_value=0.015746636197654037 0.076387043967448942 -0.0028338806812125096 0.024179175005928481 -0.0016597076525599931 0.0001344952284194981
leaf_weight=85.041117012500763 67.594200730323792 141.7874918282032 116.36357134580612 1362.5018445849419 17686.654899179935
leaf_count=24 21 138 84 340 31326
internal_value=0.000118903 1.924e-05 0.000102223 -5.46001e-06 -7.25711e-05
internal_weight=19459.9 19392.3 19250.6 19134.2 19049.2
internal_count=31933 31912 31774 31690 31666
is_linear=0
shrinkage=0.095152


Tree=129
num_leaves=25
num_cat=0
split_feature=9 8 1 3 0 3 1 9 0 7 1 8 3 3 7 7 1 7 8 7 9 9 1 8
split_gain=2.04439 5.24419 4.57041 4.50731 4.29712 4.94437 3.96709 3.30189 3.13522 3.98129 2.93849 2.23864 7.05684 5.32431 4.22481 5.21094 4.40515 4.29624 4.09727 5.25306 4.93237 3.91909 3.68099 1.43445
threshold=-2.1960369750224156 6.4700000000000015 0.51872285260273088 0.85030295653945542 -0.70710678118654757 4.705000000000001 0.93228057993045244 -2.9719284393024661 -0.00016043804030838906 4.7700000000000022 -0.31280064007213421 7.2900000000000018 3.7708690727194165 3.9950000000000006 6.9016508313977001 6.8700000000000037 0.85885587013335762 7.0000000000000027 8.1800000000000033 7.6300000000000017 -0.95054343639636218 -0.50917612380162314 0.21420516431415812 5.2250000000000005
decision_type=2 2 2 2 2 2 2 2 2 2 2 2 2 2 2 2 2 2 2 2 2 2 2 2
left_child=1 2 4 -3 5 -1 10 -6 9 -4 -5 14 18 -14 15 16 -2 -16 19 -13 -20 -15 -19 -10
right_child=11 3 8 6 7 -7 -8 -9 23 -11 -12 12 13 21 17 -17 -18 22 20 -21 -22 -23 -24 -25
leaf_value=0.00050567925188261945 -0.0010696608574769255 -0.012659897908193355 0.0087558405578229571 0.0036706452852740446 0.011801752386233046 -0.09552544263424248 -0.021900614637315435 -0.00070752098358836343 -0.035155317176158253 -0.0088308965291134141 0.021000113014324875 -0.0038521116579510774 0.034233618991652733 -0.0080501359385594124 0.015961088652063107 -0.02799609484173031 0.0033352882165185345 -0.012891500167645882 0.015532898357691789 -0.0085081861379548568 -0.00055774430175660169 0.021061789627395636 0.0052021005252145701 -0.02527785932140466
leaf_weight=190.53958541154861 7826.7130952477455 91.750232994556427 174.10762822628021 131.38042408227921 385.28198221325874 58.456532984972 93.62824010848999 302.30558785796165 95.610196232795715 97.938770890235901 530.95902314782143 1960.6606307625771 182.68121483922005 120.77594947814941 174.84033736586571 65.393113076686859 2104.950917840004 199.7772778570652 269.5175267457962 721.34402641654015 2935.4535581171513 357.0191630423069 262.7937867641449 126.06432297825813
leaf_count=564 18080 141 368 261 625 89 114 510 113 171 425 2790 129 147 158 58 2612 178 371 475 2984 263 163 144
internal_value=0.000121893 0.00279991 -0.000707679 0.00872477 0.00318735 -0.00747081 0.0111512 0.00707258 -0.0081108 -0.00119793 0.0137468 -0.000232615 -0.00161716 0.00769428 0.000618726 0.000138042 0.000317344 0.0081215 -0.00266553 -0.00540899 -0.000364449 0.0023605 0.00326223 -0.0164787
internal_weight=19459.9 2278.02 1430.3 847.718 936.584 248.996 755.968 687.588 493.721 272.046 662.339 17181.9 6547.45 660.476 10634.5 9997.06 9931.66 637.411 5886.98 2682 3204.97 477.795 462.571 221.675
internal_count=31933 3525 2584 941 1788 653 800 1135 796 539 686 28408 7159 539 21249 20750 20692 499 6620 3265 3355 410 341 257
is_linear=0
shrinkage=0.095152


Tree=130
num_leaves=8
num_cat=0
split_feature=8 7 8 6 7 8 7
split_gain=2.05733 3.86524 2.07448 8.16517 5.03895 4.95434 3.00179
threshold=10.814999999999998 10.181851640964988 8.831191242393249 -1.1666960703771718 9.0206293331549983 8.980000000000004 8.5800000000000018
decision_type=2 2 2 2 2 2 2
left_child=1 2 4 -4 6 -5 -1
right_child=-2 -3 3 5 -6 -7 -8
leaf_value=0.00017672274520533668 -0.0035539821210611453 0.022400162488644723 -0.033474402634743709 -0.013706684542271459 0.014851205515394459 0.0014251813442863485 -0.0053145859531479748
leaf_weight=17236.467778265476 142.91600400209427 115.56966549158096 102.65896439552307 329.41193053126335 77.820810198783875 1057.5838888883591 226.85270416736603
leaf_count=30111 129 42 24 361 21 1120 152
internal_value=5.6416e-05 0.000142361 3.57216e-05 -0.0033709 0.000325988 -0.00143155 0.00021665
internal_weight=19289.3 19146.4 19030.8 1489.65 17541.1 1387 17463.3
internal_count=31960 31831 31789 1505 30284 1481 30263
is_linear=0
shrinkage=0.095152


Tree=131
num_leaves=23
num_cat=0
split_feature=3 6 4 4 6 7 9 4 6 5 5 4 6 3 4 6 4 4 7 5 3 3
split_gain=1.61697 9.08441 9.93969 5.05988 4.17167 4.44949 4.03603 3.05467 4.12438 3.36883 5.64147 5.57993 2.59943 2.48664 11.7086 6.81744 6.19016 4.3387 2.92602 2.88361 0.324955 0.741507
threshold=0.90009147922033284 -1.2378587235612695 1008.7906959889431 1009.3952836766802 -0.87107047384582625 7.4600000000000035 -0.093891314762650238 1007.8969132516236 0.98296291314453421 0.85598551460090733 0.50217317375345694 1013.9328571877583 -0.83059124410346896 2.8214820870846138 1000.3015787700393 -0.66875051141691777 1000.4005788478393 999.0052012538689 4.5000000000000027 -1.0013879852237297 2.4204004681577986 2.0807563647613532
decision_type=2 2 2 2 2 2 2 2 2 2 2 2 2 2 2 2 2 2 2 2 2 2
left_child=1 -1 4 12 -3 -6 -5 13 9 10 -9 -11 -4 14 18 -16 17 -15 -2 -18 21 -10
right_child=7 2 3 6 5 -7 -8 8 20 11 -12 -13 -14 16 15 -17 19 -19 -20 -21 -22 -23
leaf_value=-0.025237104750024129 0.0054572967378643316 0.0076056490428071249 -0.02564595847115993 -0.014016546138499343 0.0077063095261504042 -0.0058932141184233691 0.001086337946289891 0.0017723922016546537 -0.01872696412658062 -0.0010694099431031606 0.010283108499052944 -0.025110801087149963 -0.011047912934235626 -0.00089141864808149997 -0.0084363786026590629 0.0033564846320886014 0.028886768671657223 -0.020887522403101339 0.01932620661351539 -0.0016218574593190446 -0.0063006394491758556 -0.052934663540141508
leaf_weight=132.20065611600876 154.53294590115547 222.38511472940445 118.76752761006355 357.37612110376358 533.04878604412079 227.10062298178673 453.27638652920723 5871.1025851070881 93.332042753696442 1084.4692656993866 557.86359333992004 82.065782308578491 98.628503322601318 196.07245251536369 1739.1715604662895 2018.4189232587814 91.437435507774353 311.23813307285309 388.63751259446144 4502.6457069516182 27.461715817451477 28.048372209072113
leaf_count=34 195 102 46 752 925 212 701 7637 355 2131 996 52 266 96 1559 5552 26 430 242 9494 94 63
internal_value=8.33327e-05 -0.00237937 -0.000776044 -0.00731746 0.00605608 0.0026697 -0.00382553 0.000392001 0.00179171 0.00210157 0.00295607 -0.00259475 -0.0201762 -0.000759641 0.000923453 -0.000962689 -0.00218095 -0.0121433 0.013965 -0.00107481 -0.0138125 -0.0159489
internal_weight=19289.3 2142.78 2010.58 1028.05 982.535 760.149 810.653 17146.5 7744.34 7595.5 6428.97 1166.54 217.396 9402.15 4300.76 3757.59 5101.39 507.311 543.17 4594.08 148.842 121.38
internal_count=31960 3038 3004 1765 1239 1137 1453 28922 11328 10816 8633 2183 312 17594 7548 7111 10046 526 437 9520 512 418
is_linear=0
shrinkage=0.095152


Tree=132
num_leaves=7
num_cat=0
split_feature=2 0 6 6 6 0
split_gain=4.17893 3.3575 2.14686 2.03323 12.3975 10.0915
threshold=1.003250149981874 1.0213340577825283 -1.8966261760455443 -0.95934299452900185 -0.87107047384582625 -0.61594954031970861
decision_type=2 2 2 2 2 2
left_child=1 2 -1 5 -5 -4
right_child=-2 -3 3 4 -6 -7
leaf_value=0.012298307639640248 0.056607335983046715 0.0044944668639853701 0.015446818717789091 0.029754685670169815 5.9085829700111893e-05 -0.0019824231904829368
leaf_weight=87.332063019275665 63.703961610794067 160.71168458461761 275.61839210987091 268.96006345748901 13575.573330432177 4857.382250726223
leaf_count=25 21 46 68 69 27586 4145
internal_value=0.000114319 3.21858e-05 -8.30738e-05 -0.00015275 0.000446239 -0.00177049
internal_weight=19289.3 19225.6 19064.9 18977.5 13844.5 5133
internal_count=31960 31939 31893 31868 27655 4213
is_linear=0
shrinkage=0.095152


Tree=133
num_leaves=10
num_cat=0
split_feature=2 0 9 1 1 1 9 7 7
split_gain=4.16678 3.34047 1.72352 6.14386 10.9247 7.94987 4.23176 4.1281 3.13254
threshold=1.003250149981874 1.0213340577825283 2.1566653943915601 0.94130860066615818 0.9728703809215552 -0.016510075310391434 1.7419914856013341 5.4300000000000024 10.181851640964988
decision_type=2 2 2 2 2 2 2 2 2
left_child=1 2 6 5 -5 -4 8 -8 -1
right_child=-2 -3 3 4 -6 -7 7 -9 -10
leaf_value=-0.00014781810787798725 0.051221036806469264 0.0040668095162537934 -0.0023340088608074052 -0.020575451836836296 -0.00084948546228443998 0.0076664993261470627 0.00016361068363758243 -0.0081044714616144153 0.050253135771932779
leaf_weight=13921.67842015624 63.703961610794067 160.71168458461761 1101.5111138224602 176.11862629652023 789.75823107361794 1799.1647437512875 506.97681021690369 702.70511835813522 66.953036069869995
leaf_count=25020 21 46 2477 182 506 1920 1170 572 46
internal_value=0.000149041 6.70229e-05 -4.79431e-05 0.00174464 -0.00481795 0.00393549 -0.000504941 -0.00590099 -3.68759e-05
internal_weight=19289.3 19225.6 19064.9 3866.55 965.877 2900.68 15198.3 1209.68 13988.6
internal_count=31960 31939 31893 5085 688 4397 26808 1742 25066
is_linear=0
shrinkage=0.095152


Tree=134
num_leaves=7
num_cat=0
split_feature=2 0 5 7 2 8
split_gain=4.15386 3.32237 1.49249 1.72766 5.52856 3.00633
threshold=1.003250149981874 1.0213340577825283 -1.540240920937143 6.5699999999999994 0.33576003587488074 9.2100000000000009
decision_type=2 2 2 2 2 2
left_child=1 2 -1 5 -5 -4
right_child=-2 -3 3 4 -6 -7
leaf_value=-0.002164150416918688 0.046347254573425922 0.0036798446049347176 -0.00037828324613445107 0.002191983015118294 -0.0054450975547340619 -0.0047953232627327416
leaf_weight=84.395832896232605 63.703961610794067 160.71168458461761 13343.418121188879 4582.5922231376171 872.65763407945633 181.80228844285011
leaf_count=26 21 46 26721 3608 1253 285
internal_value=0.000186035 0.00010414 -1.05128e-05 4.53995e-05 0.00147522 -0.000530451
internal_weight=19289.3 19225.6 19064.9 18980.5 5455.25 13525.2
internal_count=31960 31939 31893 31867 4861 27006
is_linear=0
shrinkage=0.095152


Tree=135
num_leaves=7
num_cat=0
split_feature=2 5 5 2 6 2
split_gain=3.71672 2.27131 1.65401 1.57031 6.12687 2.60942
threshold=1.003250149981874 -1.540240920937143 -1.2854324131596677 -0.9594342204592653 -0.74644655033261564 -0.92332360912427902
decision_type=2 2 2 2 2 2
left_child=1 -1 -3 4 -4 -5
right_child=-2 2 3 5 -6 -7
leaf_value=-0.0063176414597708895 0.023264329090073615 0.014534878695732514 -0.0039994253324974948 0.0056887173452884856 0.0021727304886993526 0.00014798912293318428
leaf_weight=90.395832896232605 61.349615812301636 113.01668953895569 1130.3006659448147 768.23786914348602 1158.3796837925911 16127.288773059845
leaf_count=27 20 31 764 1081 2461 27548
internal_value=0.000181895 0.000106425 0.000178077 0.000109383 -0.00222798 0.000426911
internal_weight=19449 19387.6 19297.2 19184.2 2288.68 16895.5
internal_count=31932 31912 31885 31854 3225 28629
is_linear=0
shrinkage=0.095152


Tree=136
num_leaves=7
num_cat=0
split_feature=2 0 0 0 5 4
split_gain=3.70962 3.38529 2.52848 1.99099 5.85496 5.80743
threshold=1.003250149981874 -1.2285561363750326 1.0213340577825283 0.45583170246796978 0.52084462691230515 1002.3149811396938
decision_type=2 2 2 2 2 2
left_child=1 -1 3 4 -3 -5
right_child=-2 2 -4 5 -6 -7
leaf_value=-0.0031744989334955001 0.021050682493826529 0.0002787389086632094 0.0020196140774742873 0.005766675620321229 0.033660323834921214 -0.0026469804379487625
leaf_weight=143.28200280666351 61.349615812301636 13177.791420161724 154.90240812301636 704.78045448660851 209.0321164727211 4997.8311123251915
leaf_count=39 20 20001 45 1354 55 10418
internal_value=0.000203791 0.000128391 0.000238025 0.000138667 0.000773501 -0.0013492
internal_weight=19449 19387.6 19244.3 19089.4 13386.8 5702.61
internal_count=31932 31912 31873 31828 20056 11772
is_linear=0
shrinkage=0.095152


Tree=137
num_leaves=26
num_cat=0
split_feature=0 3 3 7 9 7 0 4 0 7 7 3 8 7 4 0 3 0 4 9 8 3 4 7 7
split_gain=2.71363 2.50566 4.69342 2.80615 2.56743 2.35144 1.90924 5.239 4.68303 7.54597 4.1257 4.42651 3.82678 3.24866 6.85131 8.25539 3.88349 3.39901 5.7624 3.44411 1.55856 1.27013 0.578983 0.261738 0.251949
threshold=0.97067606234733783 2.0021855874556862 1.3009086442096394 3.2150000000000003 1.250842250293124 3.3050000000000002 0.45583170246796978 1002.1118551778007 0.61942436454319794 4.4100000000000028 4.7411693492930294 3.8102360521951062 6.156268810909741 4.1613410407015738 1004.8131779216164 -0.70710678118654757 3.2707433621573458 -0.86902122408030602 1008.8986866046024 1.0000000180025095e-35 5.3700000000000037 0.73090708309080565 1003.8034572343341 2.0900000000000021 2.213300410560016
decision_type=2 2 2 2 2 2 2 2 2 2 2 2 2 2 2 2 2 2 2 2 2 2 2 2 2
left_child=6 2 21 23 5 24 13 10 12 -10 11 -8 -9 17 15 -15 -16 18 -1 -19 22 -2 -6 -4 -3
right_child=1 4 3 -5 20 -7 7 8 9 -11 -12 -13 -14 14 16 -17 -18 19 -20 -21 -22 -23 -24 -25 -26
leaf_value=-0.012032095503169415 0.0037949158931662131 0.020913280326941709 0.012084072524090812 -0.02134504289395988 0.00067707875370547619 0.049087416044172529 0.012820769150730152 -0.0013603104958913759 -0.0049755717127619977 0.0065910761225692234 0.034263042978747105 -0.015419948928489465 -0.014189549076608044 0.012513622234681556 -2.5303149505445165e-05 -0.0088184854012654315 0.0068669498606665786 0.010691417383556889 0.031072483822120932 0.00037572890696884554 -0.011190208858376958 0.0010118916164371739 0.026962185153626823 -0.0011555470545637234 0.00849920228534954
leaf_weight=465.92193287611008 64.821929484605789 55.769491404294968 40.142417281866074 100.24765381217003 31.591409027576447 66.590619921684265 409.54737892746925 561.84710231423378 2477.4402737617493 849.38009789586067 120.80805909633636 51.431712985038757 738.096755027771 435.99360233545303 6118.7064532339573 2040.1717746257782 1906.4057621657848 1614.8866766095161 75.288103997707367 922.69933533668518 62.167434453964233 112.40424099564552 55.618213325738907 41.015632480382919 29.975066810846329
leaf_count=1573 115 207 122 113 116 54 846 1265 5931 1164 136 115 1023 909 7106 2497 1749 3436 152 2689 80 194 172 97 71
internal_value=0.000185193 0.00617419 0.00075079 -0.0099341 0.0125466 0.021201 -2.50469e-05 -0.00157425 -0.00264679 -0.000749199 0.00691979 0.0027595 -0.00748748 0.000568299 -0.000227544 -0.00460255 0.00112133 0.00328584 -0.00353996 0.00474776 0.00352526 0.0117515 0.0117143 0.00307434 0.0103113
internal_weight=19449 660.344 358.632 181.406 301.712 152.335 18788.6 5208.55 4626.76 3326.82 581.787 460.979 1299.94 13580.1 10501.3 2476.17 8025.11 3078.8 541.21 2537.59 149.377 177.226 87.2096 81.158 85.7446
internal_count=31932 1341 641 332 700 332 30591 10480 9383 7095 1097 961 2288 20111 12261 3406 8855 7850 1725 6125 368 309 288 219 278
is_linear=0
shrinkage=0.095152


Tree=138
num_leaves=10
num_cat=0
split_feature=2 0 1 2 8 1 8 0 0
split_gain=2.83262 2.60246 2.09246 4.85753 5.74554 4.79915 4.18587 2.31965 1.1075
threshold=1.003250149981874 1.0213340577825283 -0.98127565035916853 0.10747710996311889 7.7308830526743577 -0.97310932590074073 8.4004919835684735 -1.2285561363750326 0.70594853813046121
decision_type=2 2 2 2 2 2 2 2 2
left_child=1 2 3 6 -5 8 -1 -7 -4
right_child=-2 -3 5 4 -6 7 -8 -9 -10
leaf_value=0.0033958603325066057 0.019259503808217501 0.0021294322504611736 -0.043095941753390231 0.0088005440480997468 0.053692055972010481 -0.0044712313586219021 -0.015393958827483656 -2.2895505143033282e-05 -0.014955406079949725
leaf_weight=639.127301633358 61.349615812301636 154.90240812301636 68.044552147388458 159.78286948800087 76.101768672466278 116.7140451669693 101.12609893083572 18041.807786017656 30.012684196233749
leaf_count=1497 20 45 237 375 87 31 138 29398 104
internal_value=0.000129225 6.32593e-05 -3.54411e-05 0.00425289 0.0161031 -0.000265724 0.000437111 -0.000150864 -0.0211165
internal_weight=19449 19387.6 19232.7 976.138 235.885 18256.6 740.253 18158.5 98.0572
internal_count=31932 31912 31867 2097 462 29770 1635 29429 341
is_linear=0
shrinkage=0.095152


Tree=139
num_leaves=15
num_cat=0
split_feature=2 2 2 9 8 2 2 7 5 6 5 7 8 8
split_gain=2.83715 1.28375 4.60536 5.46083 5.12719 3.08413 3.32483 3.02262 2.93791 2.92756 2.13566 0.815554 2.63436 0.683883
threshold=1.003250149981874 -0.98039918412989879 -0.99057024814493932 -2.2896227553427422 4.915 -0.97106408147883394 -0.9594342204592653 7.3700000000000037 -0.26249920084584166 -0.41774616633939671 -0.5 7.0000000000000027 5.7113508725722433 4.3130834381035905
decision_type=2 2 2 2 2 2 2 2 2 2 2 2 2 2
left_child=1 2 3 -1 13 11 9 -8 -5 -7 -6 12 -3 -4
right_child=-2 5 4 8 10 6 7 -9 -10 -11 -12 -13 -14 -15
leaf_value=0.015450713196288017 0.017426924201670455 0.0030662182317438796 -0.0056555125888169307 0.00026373019981240821 -0.016126977578880798 -0.024485540999208157 -0.00023101567048222722 0.0016253099512393856 -0.0058103642073034836 0.0064966626736754516 -0.037381083590106418 0.018697903362234165 0.03022494740108754 0.010014751318742908
leaf_weight=214.25266793370247 61.349615812301636 91.55418273806572 39.143670201301575 648.70335027575493 59.274260669946671 205.84866517782211 14156.365942567587 2890.7439341843128 660.76231530308723 100.20247566699982 139.15075635910034 68.209886431694031 69.614842504262924 43.792564362287521
leaf_count=194 20 200 145 553 141 201 26403 2270 912 327 294 45 108 119
internal_value=0.000113245 4.72288e-05 -0.00236752 -0.000289237 -0.0135222 0.000296022 0.000149958 0.000327514 -0.00260533 -0.00965642 -0.0217975 0.0112253 0.0149068 0.00615714
internal_weight=19449 19387.6 1805.08 1523.72 281.361 17582.5 17353.2 17047.1 1309.47 306.051 198.425 229.379 161.169 82.9362
internal_count=31932 31912 2358 1659 699 29554 29201 28673 1465 528 435 353 308 264
is_linear=0
shrinkage=0.095152


Tree=140
num_leaves=21
num_cat=0
split_feature=4 3 8 7 8 5 1 8 4 1 1 7 3 5 7 1 5 1 3 4
split_gain=2.04118 14.8577 9.65213 5.79187 4.45679 4.41719 3.61742 3.40609 2.88918 4.34994 4.28137 5.9098 4.15754 5.49013 5.44377 4.86335 4.56971 4.15265 2.95089 2.40413
threshold=1000.8005913371051 2.8389307418735483 6.7003181722749092 6.2200000000000015 5.4000000000000012 -0.25881904510252113 0.9013362454621362 4.1100000000000021 1007.8969132516236 1.7133812078096222 -0.99551215362393819 4.8500000000000041 1.1601980206260845 0.85598551460090733 8.6600000000000037 0.85885587013335762 -0.60121604429918396 -0.413274780713969 2.6202031495010663 999.51365433016019
decision_type=2 2 2 2 2 2 2 2 2 2 2 2 2 2 2 2 2 2 2 2
left_child=1 4 3 6 7 -6 -3 -1 9 10 18 -12 14 17 16 -15 -10 -14 -2 -9
right_child=8 2 -4 -5 5 -7 -8 19 12 -11 11 -13 13 15 -16 -17 -18 -19 -20 -21
leaf_value=0.026660296332116112 0.0014752022343910956 -0.00078433927689456652 -0.041321844839373248 0.039069443033591805 0.0028597335448427024 0.035103576583992643 -0.0077159827753272682 -0.0019074388195056734 -0.033804909379629586 -0.002302264788228038 0.00016993063154936667 -0.0050070833406307578 -0.0010781756378677148 -0.0026868845410044479 0.036645464723121718 -0.026163309695070282 -0.0023411970485536361 0.0035111818141494119 0.048059207968602601 -0.0073822077313974869
leaf_weight=108.14157176017761 162.5813535451889 349.94704103469849 88.264308869838715 76.214536905288696 246.58996027708054 232.38056495785713 160.5105405151844 92.82016459107399 226.76240402460098 68.317286729812622 4964.3501425385475 3378.7202948331833 1457.8553090393543 825.36486315727234 89.26507157087326 153.94571441411972 1884.933056563139 4472.3219141066074 151.1858097910881 163.12697401642799
leaf_count=110 368 620 53 28 172 178 121 74 576 14 12794 3479 2728 1552 78 205 2900 5388 257 215
internal_value=0.000277969 0.00362592 -0.00687552 -0.00240367 0.0120458 0.0180737 -0.00609 0.0040435 -6.51509e-06 -0.00124462 -0.00143637 -0.00184859 0.00117784 0.00232593 -0.00241979 -0.00426438 -0.00340292 0.00341713 0.00944499 -0.00191028
internal_weight=19353.6 1518 674.936 586.672 843.059 478.971 510.458 364.089 17835.6 8725.15 8656.84 8343.07 9110.45 6909.49 2200.96 979.311 2111.7 5930.18 313.767 255.947
internal_count=31910 1571 822 769 749 350 741 399 30339 16912 16898 16273 13427 9873 3554 1757 3476 8116 625 289
is_linear=0
shrinkage=0.095152


Tree=141
num_leaves=13
num_cat=0
split_feature=1 1 1 8 1 7 4 8 5 4 8 7
split_gain=1.99784 1.79508 9.44656 10.2547 6.36971 5.34528 4.9955 3.78691 3.68725 3.08192 2.33037 1.6679
threshold=1.7133812078096222 0.99232614502972039 0.99611316860347732 9.6761245795069133 0.98801351631316348 6.831994942277114 1004.3018718085058 9.2712207556456381 -1.0013879852237297 1008.7906959889431 8.8599999999999994 5.080000000000001
decision_type=2 2 2 2 2 2 2 2 2 2 2 2
left_child=1 4 7 6 8 11 -4 9 -1 -3 -10 -6
right_child=-2 2 3 -5 5 -7 -8 -9 10 -11 -12 -13
leaf_value=0.017616874513880477 -0.0027246813677027173 -0.10348568546475333 0.00023020582110635108 0.02471100266873787 0.020277358811112606 0.04431905753179468 -0.0081298734855616943 -0.021766652177978237 0.00017237784653121056 0.00061150893230671618 -0.0030507280257661509 -0.01062688301256213
leaf_weight=362.08916562795639 109.81091034412384 60.258545994758606 439.1633535027504 214.50792008638382 52.195351719856262 156.0482651591301 587.45619443058968 85.499985635280609 16109.703245967627 63.549546450376511 1048.9501678645611 64.366230458021164
leaf_count=99 27 140 254 151 130 90 484 80 29146 80 1142 87
internal_value=0.000105521 3.13801e-05 -0.00318508 -1.26139e-05 0.00029451 0.0146915 -0.00398192 -0.0218155 6.86607e-05 -0.0108404 -0.000131483 -0.000639523
internal_weight=19353.6 19243.8 1450.44 1241.13 17793.4 272.61 1026.62 209.308 17520.7 123.808 17158.7 116.562
internal_count=31910 31883 1189 889 30694 307 738 300 30387 220 30288 217
is_linear=0
shrinkage=0.095152


Tree=142
num_leaves=8
num_cat=0
split_feature=2 0 6 6 3 3 7
split_gain=4.76477 1.75093 1.46935 6.77519 3.96572 3.08364 1.90087
threshold=1.003250149981874 1.0213340577825283 -1.1052286566782479 -1.0122207178162168 1.5202996608780917 2.5404365578857075 10.181851640964988
decision_type=2 2 2 2 2 2 2
left_child=1 2 4 -4 -1 -6 -5
right_child=-2 -3 3 6 5 -7 -8
leaf_value=0.0019775139095338139 0.055126577284672879 0.00047397107859750297 0.0024234013831373035 -0.00012628794210320355 -0.0074686946785339874 -0.0019017197607459537 0.015520826171770211
leaf_weight=363.85485345125198 67.349615812301636 158.21743738651276 236.18536537885666 17460.55396309495 382.89978456497192 527.04557138681412 157.49229216575623
leaf_count=94 21 47 65 31381 88 135 79
internal_value=0.000152315 6.25433e-05 -1.95945e-05 0.000202584 -0.00314068 -0.00650164 -1.19097e-05
internal_weight=19353.6 19286.2 19128 17854.2 1273.8 909.945 17618
internal_count=31910 31889 31842 31525 317 223 31460
is_linear=0
shrinkage=0.095152


Tree=143
num_leaves=7
num_cat=0
split_feature=2 8 7 3 6 6
split_gain=3.99342 1.58082 3.37247 1.54497 7.06483 2.69564
threshold=1.003250149981874 10.814999999999998 10.181851640964988 5.0450000000000008 1.0000000180025095e-35 -1.8966261760455443
decision_type=2 2 2 2 2 2
left_child=1 2 3 5 -5 -1
right_child=-2 -3 -4 4 -6 -7
leaf_value=-0.012396788312605709 0.049881175205958674 -0.0034477790505471947 0.028038321799205252 0.00047879807484909839 -0.011109695767280534 0.00014466102325062858
leaf_weight=83.998699843883514 67.349615812301636 145.44289499521255 120.69965323805809 872.24183258414268 234.76926720142365 17829.096919566393
leaf_count=23 21 131 43 1966 390 29336
internal_value=0.000140071 5.78307e-05 0.000133917 3.2071e-05 -0.00341464 0.000246027
internal_weight=19353.6 19286.2 19140.8 19020.1 1107.01 17913.1
internal_count=31910 31889 31758 31715 2356 29359
is_linear=0
shrinkage=0.095152


Tree=144
num_leaves=13
num_cat=0
split_feature=1 1 1 1 7 5 5 0 1 1 7 0
split_gain=3.91572 2.21964 8.33195 5.68909 6.05629 4.34572 4.88416 3.35557 2.38459 1.86862 1.1591 1.15224
threshold=1.7133812078096222 0.99232614502972039 0.99611316860347732 0.98801351631316348 6.831994942277114 -0.99833178168117132 0.025866911408687111 1.0645003376832403 0.99373737808068319 0.95992380042979863 5.080000000000001 1.0000000180025095e-35
decision_type=2 2 2 2 2 2 2 2 2 2 2 2
left_child=1 3 8 7 10 -4 -7 9 -3 -1 -5 -10
right_child=-2 2 5 4 -6 6 -8 -9 11 -11 -12 -13
leaf_value=0.00022998638772338132 -0.0027784983439578994 -0.016472337789935135 -0.01248132971127985 0.018346180067565082 0.040100263945155257 0.0042628671101751538 -0.0033816025697964106 0.025186862625845973 -0.0036561663786523445 -0.0031428127445248771 -0.0096174624610384715 -0.028355861006034638
leaf_weight=16620.016822904348 109.81091034412384 72.382878363132477 152.95386251807213 52.195351719856262 156.0482651591301 706.82571280002594 381.34789270162582 75.926312208175659 69.347011268138885 824.79944434762001 64.366230458021164 67.578188449144363
leaf_count=29156 27 68 59 130 90 449 381 25 118 1206 87 114
internal_value=0.000153646 5.01144e-05 -0.00352659 0.000342634 0.0139489 -0.000545679 0.0015609 0.000129143 -0.021025 4.07678e-05 -0.00236477 -0.0132723
internal_weight=19353.6 19243.8 1450.44 17793.4 272.61 1241.13 1088.17 17520.7 209.308 17444.8 116.562 136.925
internal_count=31910 31883 1189 30694 307 889 830 30387 300 30362 217 232
is_linear=0
shrinkage=0.095152


Tree=145
num_leaves=6
num_cat=0
split_feature=6 6 7 7 8
split_gain=2.02185 4.33633 2.11296 2.42612 2.76938
threshold=-1.5124520125905827 -1.3781372461623391 10.181851640964988 9.4600000000000009 9.531980751129753
decision_type=2 2 2 2 2
left_child=-1 -2 3 4 -3
right_child=1 2 -4 -5 -6
leaf_value=-0.0042930157168265311 0.00753860270968542 -6.4896642702673142e-05 0.012333769634447215 -0.018682443136959388 0.0069411713468972187
leaf_weight=429.09185284376144 233.62321001291275 18011.71205753088 182.76047459244728 118.37627646327019 422.13955408334732
leaf_count=112 58 31210 87 87 431
internal_value=8.58931e-05 0.000232858 7.10563e-05 -2.89182e-05 5.80789e-05
internal_weight=19397.7 18968.6 18735 18552.2 18433.9
internal_count=31985 31873 31815 31728 31641
is_linear=0
shrinkage=0.095152


Tree=146
num_leaves=14
num_cat=0
split_feature=1 9 0 4 1 8 4 3 9 1 1 1 8
split_gain=2.35709 7.40694 5.22338 5.03151 11.648 5.17797 4.38925 7.2278 5.37025 3.97701 3.88987 4.54049 2.01727
threshold=0.92156953051579749 4.2414197678489964 1.0645003376832403 1000.3015787700393 -0.10251164299844809 5.7610327175303899 1000.3015787700393 2.8632657537260253 -2.9719284393024661 1.492640851033227 0.91417015418394287 0.83185008752150391 4.8350000000000017
decision_type=2 2 2 2 2 2 2 2 2 2 2 2 2
left_child=2 6 3 4 12 -6 7 -2 -8 -10 11 -5 -1
right_child=1 -3 -4 10 5 -7 8 -9 9 -11 -12 -13 -14
leaf_value=-0.0008767306486987496 -0.00092205679104558037 -0.018235384556249803 0.019340497046836578 0.00030432669200674043 0.0038163468315933632 0.039209739270560325 -0.029337699204159448 -0.02339279921461989 -0.00011654059589739778 0.00067416809984994629 0.049211833312382033 -0.0084016765495510421 -0.063838822893886593
leaf_weight=67.457260370254517 161.53759127855301 139.5934291779995 76.170897126197815 13825.799983143806 406.27289634943008 248.41297778487206 96.0849848985672 172.00110220909119 2821.3517371118069 175.76722228527069 102.08066636323929 1052.1106814444065 53.061995983123779
leaf_count=199 135 153 25 25959 327 100 143 80 3179 42 136 1401 106
internal_value=4.08169e-05 -0.00216793 0.000539329 0.000417238 0.00788532 0.0129036 -0.00128419 -0.0116323 -0.000159643 0.000550663 2.92422e-05 -9.77369e-05 -0.0191114
internal_weight=19397.7 3566.34 15831.4 15755.2 775.205 654.686 3426.74 333.539 3093.2 2997.12 14980 14877.9 120.519
internal_count=31985 3732 28253 28228 732 427 3579 215 3364 3221 27496 27360 305
is_linear=0
shrinkage=0.095152


Tree=147
num_leaves=7
num_cat=0
split_feature=0 0 0 6 2 2
split_gain=2.70651 2.66195 2.19082 2.06599 10.4785 3.56298
threshold=-1.285259354231987 -1.0501315690591613 1.0031448503598595 -1.1796330669773798 -0.26215688642599216 -1.3489882688436168
decision_type=2 2 2 2 2 2
left_child=-1 -2 3 4 -3 -5
right_child=1 2 -4 5 -6 -7
leaf_value=-0.0048743177983070086 0.00097643429408306767 -0.0057190114878874253 0.0010520761607740895 0.011099647497594864 0.0068180425675799967 -5.912913544557721e-06
leaf_weight=124.25895345211029 168.1880207657814 649.2324144244194 175.50603652000427 250.19512009620667 404.39290899038315 17625.929971277714
leaf_count=35 46 162 50 71 107 31514
internal_value=3.12291e-05 0.000122609 1.66027e-05 -8.12079e-05 -0.00417341 0.000159572
internal_weight=19397.7 19273.4 19105.3 18929.8 1053.63 17876.1
internal_count=31985 31950 31904 31854 269 31585
is_linear=0
shrinkage=0.095152


Tree=148
num_leaves=6
num_cat=0
split_feature=0 0 0 4 6
split_gain=2.71717 2.64962 2.17944 1.72968 2.09317
threshold=-1.285259354231987 -1.0501315690591613 1.0031448503598595 997.93033254946954 -1.5124520125905827
decision_type=2 2 2 2 2
left_child=-1 -2 3 -3 -5
right_child=1 2 -4 4 -6
leaf_value=-0.0044105168882757947 0.00088352465361232941 0.038525628719467603 0.00095196904815221864 -0.0057364532249889648 1.6847803017218448e-05
leaf_weight=124.25895345211029 168.1880207657814 60.289636015892029 175.50603652000427 385.93231552839279 18483.528463244438
leaf_count=35 46 31 50 101 31722
internal_value=5.84089e-05 0.000149964 4.41985e-05 -5.33563e-05 -0.000106004
internal_weight=19397.7 19273.4 19105.3 18929.8 18869.5
internal_count=31985 31950 31904 31854 31823
is_linear=0
shrinkage=0.095152


Tree=149
num_leaves=15
num_cat=0
split_feature=2 4 6 5 7 2 5 2 6 5 5 2 2 9
split_gain=1.62998 1.30565 5.30219 4.96556 4.08021 7.85496 6.14492 5.42435 4.94666 3.59598 3.26052 0.36719 0.909292 0.32635
threshold=0.99992591960455823 1007.2988215150846 0.98296291314453421 -1.3747962699251615 4.7411693492930294 -0.81792540844226791 -0.37581674575781987 -0.77620657239722013 -1.0491380783292703 0.85598551460090733 0.32468082849978391 0.27851253630751921 0.95748518835503915 0.46207901661819056
decision_type=2 2 2 2 2 2 2 2 2 2 2 2 2 2
left_child=1 4 3 -3 8 6 -6 -7 -1 -5 -10 13 -13 -4
right_child=-2 2 11 9 5 7 -8 -9 10 -11 -12 12 -14 -15
leaf_value=0.02567815924758067 0.034123083718708133 -0.019043669500848615 -0.03444042831977915 0.0014445020904846409 -0.0035117085232278435 0.011877993263735486 -0.031865024964683915 -0.00079434848207650779 0.0025392932159981601 -0.0028939426607805432 -0.002530935104648933 -0.0036311166933338255 -0.048265377674741816 -0.016760755222700891
leaf_weight=138.46573323011398 84.846634656190872 77.431517481803894 54 8478.379884660244 674.66584825515747 135.25319641828537 285.00208565592766 2650.3150507807732 3091.7162298858166 1505.7713410556316 2092.0066582560539 60.204458594322205 34.160229682922363 35.484556913375854
leaf_count=39 104 21 216 10900 641 108 279 2746 7852 3044 5610 224 61 140
internal_value=8.66125e-05 2.76792e-05 0.000764282 0.00105899 -0.000803205 -0.00320952 -0.010628 -0.000645255 0.000888111 0.00124779 0.000409131 -0.0151852 -0.0104862 -0.0197705
internal_weight=19397.7 19312.9 10245.4 10061.6 9067.42 3745.24 959.668 2785.57 5322.19 9984.15 5183.72 183.849 94.3647 89.4846
internal_count=31985 31881 14606 13965 17275 3774 920 2854 13501 13944 13462 641 285 356
is_linear=0
shrinkage=0.095152


Tree=150
num_leaves=10
num_cat=0
split_feature=8 7 1 1 8 1 8 8 8
split_gain=2.51123 4.00083 1.98219 6.94529 8.66471 3.89493 5.23635 4.48793 3.55652
threshold=10.814999999999998 10.181851640964988 0.99232614502972039 0.98801351631316348 8.980000000000004 0.9993981459635205 6.2500000000000027 6.9709156221844513 8.8599999999999994
decision_type=2 2 2 2 2 2 2 2 2
left_child=1 2 3 8 -5 7 -7 -4 -1
right_child=-2 -3 5 4 -6 6 -8 -9 -10
leaf_value=0.00033424793549481082 -0.0013195834895919616 0.023731689772753212 -0.05048260265009262 0.0035487573371212762 0.11944174142521162 0.0087322983852841773 -0.0038874804651977432 -0.0018901515573751409 -0.0046781505608385621
leaf_weight=16371.103333473206 145.34783738851547 127.76979756355286 117.04139366745949 150.87675383687019 108.76473045349121 386.99882847070694 642.45878052711487 252.02900922298431 956.44266659021378
leaf_count=29227 133 43 318 221 84 177 282 314 1103
internal_value=8.33088e-05 0.00017914 6.49361e-05 0.000339859 0.0157466 -0.00338024 -0.0003563 -0.0117485 0.000107053
internal_weight=19258.8 19113.5 18985.7 17587.2 259.641 1398.53 1029.46 369.07 17327.5
internal_count=31902 31769 31726 30635 305 1091 459 632 30330
is_linear=0
shrinkage=0.095152


Tree=151
num_leaves=15
num_cat=0
split_feature=1 1 7 1 8 8 0 6 8 0 1 3 7 7
split_gain=2.67021 5.63736 8.27181 4.93241 8.19995 6.08662 3.4181 3.41115 4.28063 2.90737 1.99296 1.37252 1.22066 1.16814
threshold=0.99232614502972039 0.98801351631316348 7.200000000000002 0.99611316860347732 9.6761245795069133 9.2712207556456381 1.0645003376832403 -0.40140989675495525 6.4000000000000012 -1.2285561363750326 0.95992380042979863 2.1602615022912093 4.9900000000000011 5.3800000000000017
decision_type=2 2 2 2 2 2 2 2 2 2 2 2 2 2
left_child=1 6 13 5 7 11 9 8 -5 -1 -11 -2 -9 -3
right_child=3 2 -4 4 -6 -7 -8 12 -10 10 -12 -13 -14 -15
leaf_value=-0.0069435081640792477 0.0014019739678703333 0.0080299053056434762 0.040233456581619961 0.0011779816670790283 0.022320045487661647 -0.022505729875001788 0.018347388907803023 -0.0029515611039978313 -0.0034285975102809518 0.00022050282772079156 -0.0038518353891529352 -0.014647593167998711 -0.0096954130968105196 -0.0099792686913800794
leaf_weight=97.2674800157547 53.529574245214462 54.683055698871613 150.45453149080276 366.88421729207039 229.39397594332695 94.139768451452255 73.162062764167786 90.97687953710556 515.42449116706848 16426.613591611385 819.50554949045181 73.37353852391243 157.63136059045792 55.79305437207222
leaf_count=26 87 151 80 172 155 89 23 185 214 29129 1184 136 193 78
internal_value=-4.66646e-06 0.000329882 0.0141763 -0.00374963 -0.00158983 -0.0168934 0.000120622 -0.00492847 -0.0021282 3.25132e-05 0.000126395 -0.00309338 -0.0147503 -0.00547375
internal_weight=19258.8 17677.5 260.931 1581.35 1360.31 221.043 17416.5 1130.92 882.309 17343.4 17246.1 126.903 248.608 110.476
internal_count=31902 30671 309 1231 919 312 30362 764 386 30339 30313 223 378 229
is_linear=0
shrinkage=0.095152


Tree=152
num_leaves=23
num_cat=0
split_feature=3 2 2 8 2 9 9 8 9 9 2 1 2 2 1 1 9 3 4 8 2 8
split_gain=2.04163 4.7975 7.09336 4.89298 3.57873 2.17988 1.95159 5.77639 4.8485 4.56114 4.40441 3.92622 3.78595 3.42709 3.25978 5.87134 5.51711 2.33329 1.58754 1.39585 0.874994 0.845796
threshold=5.0450000000000008 0.90515966073569365 0.86962049895765936 4.2450000000000019 0.72660752476856549 2.3731762860582912 1.318729794503444 9.531980751129753 1.3853697324184717 -1.5147771503956375 -0.97596079711657202 0.94130860066615818 0.27851253630751921 -1.0601077511134196 0.99232614502972039 0.98801351631316348 0.72955057803592049 2.5005970688644386 1005.1152971407643 3.8205731502561897 0.93536856108094613 6.8900000000000032
decision_type=2 2 2 2 2 2 2 2 2 2 2 2 2 2 2 2 2 2 2 2 2 2
left_child=6 2 4 19 5 -2 7 14 12 -9 13 -12 21 -10 15 -1 -16 -11 -6 20 -3 -8
right_child=1 3 -4 -5 18 -7 8 9 10 17 11 -13 -14 -15 16 -17 -18 -19 -20 -21 -22 -23
leaf_value=0.00057535801631205283 -0.0052223533238857965 0.013322463007086066 -0.0091926479694013647 -0.031347238094672943 0.0033208223159609833 -0.005617740329433663 -0.0095737146268088918 0.032876295396214436 -0.00058954494429431614 -0.00085309322861857879 0.0012669331468116217 -0.0019472223176210557 0.0051472846904403015 -0.012411340012965819 -0.020251440819249497 0.0301572498056017 0.0043539399060452191 0.010407505166674854 0.041136131135101187 0.045135312985347904 0.0085099416013969167 -0.035112055377433747
leaf_weight=10836.929623216391 416.75809767842293 33.34207871556282 241.46970707178116 39.118829876184464 74.727998524904251 53.405146896839142 95.660318553447723 110.08458164334297 196.25498175621033 149.31659519672394 4183.6046549975872 1349.1952913403511 88.319200456142426 242.77163618803024 456.25083458423615 90.302421748638153 111.06989362835884 135.97892844676971 53.406166076660156 33.498736053705215 166.35289466381073 101.01451388001442
leaf_count=20004 950 72 167 114 230 72 119 87 56 207 6503 1039 157 477 489 130 100 75 136 104 526 88
internal_value=9.59554e-05 -0.00385812 -0.00742216 0.0070686 -0.00182777 -0.00569012 0.000339243 0.00105555 -0.00101985 0.0123458 -0.000437597 0.00028905 -0.0131164 -0.00959684 0.000664679 0.00103109 -0.00635604 0.00588159 0.0121574 0.0123456 0.00911168 -0.0204333
internal_weight=19258.8 1112.08 839.767 272.313 598.297 470.163 18146.8 11889.9 6256.82 395.38 5971.83 5532.8 284.994 439.027 11494.6 10927.2 567.321 285.296 128.134 233.194 199.695 196.675
internal_count=31902 2371 1555 816 1388 1022 29531 21092 8439 369 8075 7542 364 533 20723 20134 589 282 366 702 598 207
is_linear=0
shrinkage=0.095152


Tree=153
num_leaves=16
num_cat=0
split_feature=7 5 8 7 9 7 8 5 0 5 9 3 5 5 3
split_gain=1.71685 5.16049 5.56745 3.82659 3.74259 3.03012 3.62986 4.67155 2.93023 2.73127 2.69613 2.68435 1.44545 5.36971 2.06261
threshold=8.1799999999999997 -0.12166910782082087 8.831191242393249 8.8950000000000014 0.19183530099312665 7.7995887733196421 8.1800000000000033 -0.51789539792696226 -0.12527709736890622 -0.70710678118654735 0.84509287884001882 1.7803063431999482 -1.2022392313367674 -1.0591495107497402 1.0000000180025095e-35
decision_type=2 2 2 2 2 2 2 2 2 2 2 2 2 2 2
left_child=5 2 8 -4 -5 12 7 9 11 -7 -8 -2 -1 -14 -15
right_child=1 -3 3 4 -6 6 10 -9 -10 -11 -12 -13 13 14 -16
leaf_value=0.000253290862325003 -0.0023686612966444852 0.023404307470256649 -0.017382250555620728 0.011854468352201046 -0.0062056255016586497 -0.018972986050729106 0.0045967676257192029 -0.021013719461790394 0.0088697019747738508 -0.00010164946935449485 -0.0090610325148654941 0.0088279359583445828 -0.054540626558047152 -0.0011912989942510345 0.00013940745766259286
leaf_weight=182.25055372714996 194.01132392883301 239.10331779718399 183.49964219331741 141.20625692605972 430.33627641201019 170.07748910784721 103.54062041640282 217.36568412184715 183.34471943974495 120.91243046522141 97.824081063270569 344.74848127365112 100.26041549444199 70.257194757461548 16480.094644069672
leaf_count=51 170 173 155 73 314 222 127 123 65 69 79 260 25 18 29978
internal_value=0.000312387 0.0031835 0.00106895 -0.00462976 -0.000755636 3.0546e-05 -0.00605289 -0.0103358 0.00704273 -0.00237695 0.00469337 0.00345776 0.000288263 0.000194878 0.000329494
internal_weight=19258.8 1716.25 1477.15 755.042 571.543 17542.6 709.72 508.356 722.105 290.99 201.365 538.76 16832.9 16650.6 16550.4
internal_count=31902 1210 1037 542 387 30692 620 414 495 291 206 430 30072 30021 29996
is_linear=0
shrinkage=0.095152


Tree=154
num_leaves=8
num_cat=0
split_feature=8 7 0 0 5 5 5
split_gain=2.375 3.85719 2.42627 5.12001 4.38684 3.40954 5.39874
threshold=10.814999999999998 10.181851640964988 -0.42644161768740896 -0.27243815032675028 -0.86500782323324776 0.31840961791527317 -0.10308671703748347
decision_type=2 2 2 2 2 2 2
left_child=1 2 5 -4 -5 6 -1
right_child=-2 -3 3 4 -6 -7 -8
leaf_value=-0.00160518591722356 -0.0073211874919067452 0.021820744245018498 0.0058657575528738327 0.0013932096837858991 0.00037306613264690076 -0.0026678719026120724 0.014104526463583194
leaf_weight=5669.4336121380329 145.34783738851547 127.76979756355286 311.01459527015686 298.77733489871025 12422.128510951996 97.854259133338928 186.50718384981155
leaf_count=11743 133 43 89 73 19750 23 48
internal_value=0.000386482 0.000479658 0.000367476 0.00109502 0.000798332 -0.00122274 -0.000923891
internal_weight=19258.8 19113.5 18985.7 13031.9 12720.9 5953.8 5855.94
internal_count=31902 31769 31726 19912 19823 11814 11791
is_linear=0
shrinkage=0.095152


Tree=155
num_leaves=14
num_cat=0
split_feature=5 4 3 5 1 1 4 1 1 3 1 3 5
split_gain=2.32768 1.73081 5.31992 4.26589 8.60098 6.34787 3.96704 4.1158 3.04175 2.42054 4.49543 4.29445 0.90087
threshold=-1.3397744615475926 1008.8004489774752 0.90009147922033284 0.96516422923311385 0.85885587013335762 -0.74409704927257525 1009.307120732164 0.28194525648649987 1.2228994624994634 1.0401255759566828 0.90735081026143583 1.1601980206260845 -0.17767948767002958
decision_type=2 2 2 2 2 2 2 2 2 2 2 2 2
left_child=-1 8 6 5 -5 -4 12 -8 9 10 -2 -11 -3
right_child=1 2 3 4 -6 -7 7 -9 -10 11 -12 -13 -14
leaf_value=-0.002012591353727014 0.0057824649125283508 -0.010585410487833151 -0.0084016177970679395 8.9637576323575732e-05 -0.032262200244880447 0.0034710624302716681 -0.012697555833864465 0.0029659423643357019 -0.0060618224173856093 -0.018161479167499401 -0.0077684783749604018 -0.0004229154581188862 -0.02309147635954761
leaf_weight=180.85360109806061 1096.9886152148247 96.936315655708313 780.14323678612709 586.00860768556595 124.03665781021118 4459.8290215134621 464.86507070064545 428.45597046613693 369.67640435695648 210.47031584382057 229.32368499040604 10342.989546865225 95.051750600337982
leaf_count=53 1463 80 1767 927 130 6342 998 489 95 413 254 18717 176
internal_value=0.000229833 0.00012802 0.00131788 0.00243693 -0.00447064 0.00337628 -0.00480076 -0.00210646 -0.000554392 -0.000288281 0.00353919 -0.000770899 -0.017169
internal_weight=19465.6 19284.8 7035.33 5950.02 710.045 5239.97 1085.31 893.321 12249.4 11879.8 1326.31 10553.5 191.988
internal_count=31904 31851 10909 9166 1057 8109 1743 1487 20942 20847 1717 19130 256
is_linear=0
shrinkage=0.095152


Tree=156
num_leaves=9
num_cat=0
split_feature=4 2 4 5 6 6 4 9
split_gain=3.29967 2.74509 3.36391 3.1559 2.78684 5.17548 2.47676 5.28354
threshold=997.93033254946954 -0.99862982478704421 998.35000000000002 -0.87971312873163243 -1.8966261760455443 -1.5795604215207197 1009.1002187809194 0.14060875760487337
decision_type=2 2 2 2 2 2 2 2
left_child=-1 3 -3 -2 -4 -6 7 -5
right_child=1 2 4 6 5 -7 -8 -9
leaf_value=0.034394036389811387 0.0073131087456602146 -0.020158477714008308 0.0036327079246872393 0.014650884235631136 -0.01719491508353637 8.1108384918328788e-05 -0.003092122755866504 -0.003091183694175098
leaf_weight=60.341572344303131 147.75762030482292 62.412833839654922 81.333250999450684 272.26865690946579 194.40823459625244 18015.250525683165 241.98918598890305 389.86691892147064
leaf_count=30 101 38 23 212 46 31024 137 293
internal_value=0.00027178 0.000201253 -6.91539e-05 0.0049255 6.20546e-06 -7.2233e-05 0.00278898 0.00580634
internal_weight=19465.6 19405.3 18353.4 1051.88 18291 18209.7 904.125 662.136
internal_count=31904 31874 31131 743 31093 31070 642 505
is_linear=0
shrinkage=0.095152


Tree=157
num_leaves=6
num_cat=0
split_feature=1 5 3 1 2
split_gain=2.37107 2.82738 2.04195 1.67835 1.99387
threshold=1.7133812078096222 -1.3397744615475926 1.0000000180025095e-35 1.2964235005488773 0.57402163285499952
decision_type=2 2 2 2 2
left_child=1 -1 -3 4 -4
right_child=-2 2 3 -5 -6
leaf_value=-0.00075984532578832892 0.00010476761080486106 -0.0037581444103546701 0.00058160582396465509 -0.0039246101527252459 -0.0011993378002047935
leaf_weight=172.71540915966034 117.76926577091217 86.219818472862244 14386.007963836193 298.90116453170776 4404.0151778161526
leaf_count=51 29 22 21865 81 9856
internal_value=0.000198385 0.000115314 5.05928e-06 7.22223e-05 0.00018565
internal_weight=19465.6 19347.9 19175.1 19088.9 18790
internal_count=31904 31875 31824 31802 31721
is_linear=0
shrinkage=0.095152


Tree=158
num_leaves=7
num_cat=0
split_feature=1 5 0 4 1 1
split_gain=2.34634 2.79457 1.45876 1.71889 4.89146 4.50848
threshold=1.7133812078096222 -1.3397744615475926 -1.0342182019546236 1008.8004489774752 1.2228994624994634 1.2228994624994634
decision_type=2 2 2 2 2 2
left_child=1 -1 -3 5 -5 -4
right_child=-2 2 3 4 -6 -7
leaf_value=-0.00068754455095861847 9.479876690816208e-05 0.00063875052334456863 -0.0004666270914799471 0.00045034966479974315 0.00038313713055638219 -0.015362707003968105
leaf_weight=172.71540915966034 117.76926577091217 243.16473227739334 11660.102379620075 6865.9879530966282 128.44845950603485 277.44060015678406
leaf_count=51 29 71 20784 10863 31 75
internal_value=0.00026779 0.000185141 7.55157e-05 -1.81262e-05 0.00116552 -0.000712771
internal_weight=19465.6 19347.9 19175.1 18932 6994.44 11937.5
internal_count=31904 31875 31824 31753 10894 20859
is_linear=0
shrinkage=0.095152


Tree=159
num_leaves=6
num_cat=0
split_feature=1 5 8 8 2
split_gain=2.34433 2.7919 1.99597 2.0603 1.52739
threshold=1.7133812078096222 -1.3397744615475926 10.814999999999998 10.490000000000002 0.57402163285499952
decision_type=2 2 2 2 2
left_child=1 -1 3 4 -3
right_child=-2 2 -4 -5 -6
leaf_value=-0.00062212333682860443 8.5778478083810717e-05 0.00037489511068468671 -0.010896360100398716 0.0068057782342036809 -0.001128070108360509
leaf_weight=172.71540915966034 117.76926577091217 14474.803955107927 145.45075908303261 125.96062421798706 4428.9287862479687
leaf_count=51 29 21752 138 82 9852
internal_value=0.000273445 0.000190831 8.12567e-05 0.000167168 8.52346e-05
internal_weight=19465.6 19347.9 19175.1 19029.7 18903.7
internal_count=31904 31875 31824 31686 31604
is_linear=0
shrinkage=0.095152


Tree=160
num_leaves=7
num_cat=0
split_feature=5 1 0 0 0 5
split_gain=2.72153 2.20711 1.46982 1.56443 9.39039 3.76205
threshold=-1.3397744615475926 1.7133812078096222 -1.0342182019546236 -0.42644161768740896 -0.28797065358016621 0.12038332689411414
decision_type=2 2 2 2 2 2
left_child=-1 2 -2 5 -5 -4
right_child=1 -3 3 4 -6 -7
leaf_value=0.0014389630274536849 3.7055136850213639e-05 -0.00088768149075739281 -0.00071527601193009541 0.023512179605984351 0.00021674845050881426 -0.0029567080189191858
leaf_weight=187.81428456306458 239.43510979413986 89.851266741752625 5485.2119137048721 271.60357129573822 12844.689906924963 175.52065217494965
leaf_count=55 69 23 11701 77 19842 40
internal_value=0.000441016 0.000327864 0.000256342 0.00016091 0.00073207 -0.00116011
internal_weight=19294.1 19106.3 19016.5 18777 13116.3 5660.73
internal_count=31807 31752 31729 31660 19919 11741
is_linear=0
shrinkage=0.095152


Tree=161
num_leaves=6
num_cat=0
split_feature=5 1 8 7 7
split_gain=2.72783 2.21109 2.19007 3.7725 3.4515
threshold=-1.3397744615475926 1.7133812078096222 10.814999999999998 10.181851640964988 9.4600000000000009
decision_type=2 2 2 2 2
left_child=-1 2 3 4 -2
right_child=1 -3 -4 -5 -6
leaf_value=0.0013020428697515241 0.00015587014508500457 -0.00080321685380340898 -0.0069164570917270027 0.019929346786170473 -0.015638654325363339
leaf_weight=187.81428456306458 18624.285486161709 89.851266741752625 131.72541871666908 128.51979756355286 131.93045145273209
leaf_count=55 31463 23 139 46 81
internal_value=0.000427972 0.000314691 0.000243107 0.000329457 0.000216849
internal_weight=19294.1 19106.3 19016.5 18884.7 18756.2
internal_count=31807 31752 31729 31590 31544
is_linear=0
shrinkage=0.095152


Tree=162
num_leaves=12
num_cat=0
split_feature=8 8 3 3 7 4 7 2 8 7 4
split_gain=2.08082 5.75466 4.74438 4.17282 5.05979 5.37373 2.94157 2.23999 3.51822 4.55748 3.27699
threshold=8.1800000000000033 8.2316874982920449 0.18500000000000003 0.39478381373795585 5.9799999999999995 1008.9999986813224 5.7150000000000007 1.003250149981874 8.1300000000000026 8.1799999999999997 1009.0979735849253
decision_type=2 2 2 2 2 2 2 2 2 2 2
left_child=2 -2 -1 -3 6 -6 -5 8 9 -4 -10
right_child=1 3 7 4 5 -7 -8 -9 10 -11 -12
leaf_value=-0.011491629204779025 0.01566431427889747 0.0035637580958817025 2.7175878676660078e-05 -0.0042164429261412895 -0.00063844958922683001 0.0034776686319167439 -0.041616862005124031 -0.029181108296446493 -0.0074144923656606285 0.0057007776667107402 0.011301503993853461
leaf_weight=120.43557086586952 214.57567891478539 145.02843740582466 15180.574431687593 534.55939912796021 1455.6061186790466 1238.8385949134827 65.829910427331924 57.790864586830139 91.19410964846611 116.39305877685547 73.300530165433884
leaf_count=112 200 121 27659 981 1103 1232 124 16 91 30 138
internal_value=0.000478167 0.00252193 0 0.00157137 0.000868534 0.0026326 -0.00701524 0.000147227 7.5694e-05 0.00022594 -0.0137074
internal_weight=19294.1 3654.44 15639.7 3439.86 3294.83 2694.44 600.389 15519.3 15461.5 15297 164.495
internal_count=31807 3761 28046 3561 3440 2335 1105 27934 27918 27689 229
is_linear=0
shrinkage=0.095152


Tree=163
num_leaves=13
num_cat=0
split_feature=2 6 5 4 4 2 6 6 4 2 5 5
split_gain=2.6072 2.62232 9.64547 6.26369 6.53687 4.2477 3.59594 10.5176 7.76296 5.7677 5.63924 3.21908
threshold=1.003250149981874 -0.97609506267564228 0.34301707648885521 1008.9999986813224 1000.6067012207894 -0.20089055513063514 -0.95934299452900185 -0.87907604413644391 1006.897266155344 -0.78824997102578132 0.070508035961368523 -1.223379265973042
decision_type=2 2 2 2 2 2 2 2 2 2 2 2
left_child=1 2 3 4 -1 -5 8 -8 9 -3 -10 -9
right_child=-2 6 -4 5 -6 -7 7 11 10 -11 -12 -13
leaf_value=0.043099946612815791 0.042938119889474491 -0.019972984510172279 0.032267917096169621 -6.3621500155164809e-05 -0.0030382635445873256 0.0096793785374735038 0.019243897474867013 0.0015168541483247485 -0.0037751399854149196 0.0069295159448727354 -0.027299114314014258 -1.5637338041949003e-05
leaf_weight=171.02066990733147 69.129422903060913 182.46269357204437 294.3737416267395 622.25526714324951 1540.4619850218296 506.67745324969292 254.82730281352997 166.83784937858582 1005.6687159240246 725.36389988660812 448.5634930729866 13306.484210699797
leaf_count=49 22 296 74 231 972 382 63 46 628 990 668 27386
internal_value=0.000452642 0.000384968 0.00290218 0.00119412 -0.00242908 0.00669459 -0.000104861 0.000484463 -0.00353369 0.00335748 -0.00784349 0.000120351
internal_weight=19294.1 19225 3134.79 2840.42 1711.48 1128.93 16090.2 13728.1 2362.06 907.827 1454.23 13473.3
internal_count=31807 31785 1708 1634 1021 613 30077 27495 2582 1286 1296 27432
is_linear=0
shrinkage=0.095152


Tree=164
num_leaves=9
num_cat=0
split_feature=5 0 4 3 0 5 5 3
split_gain=1.5365 1.78619 1.62726 4.86925 5.8064 5.13739 4.42829 3.86639
threshold=-1.3397744615475926 -1.0342182019546236 1007.8012391742524 1.1601980206260845 0.25881904510252057 0.96516422923311385 -1.171081148710176 2.8214820870846138
decision_type=2 2 2 2 2 2 2 2
left_child=-1 -2 6 4 -4 -5 -3 -8
right_child=1 2 3 5 -6 -7 7 -9
leaf_value=0.0015134088509539357 0.0012854995225982143 -0.026755806763150296 -0.009851211564712312 0.0031403539518757243 0.0017594796991782001 -0.0075519685717711964 0.00083724161959617988 -0.0020777473285440913
leaf_weight=187.81428456306458 247.39346522092819 82.728552937507629 970.11693176627159 6182.4690574705601 1202.4421740472317 669.5092938542366 4739.2045357823372 5012.4484095573425
leaf_count=55 71 18 1771 8829 1792 1018 8308 9945
internal_value=0.000247239 0.000162061 5.57201e-05 0.000978951 -0.00294248 0.00222452 -0.000790206 -0.000601305
internal_weight=19294.1 19106.3 18858.9 9024.54 2172.56 6851.98 9834.38 9751.65
internal_count=31807 31752 31681 13410 3563 9847 18271 18253
is_linear=0
shrinkage=0.095152


Tree=165
num_leaves=9
num_cat=0
split_feature=1 1 4 1 8 8 8 6
split_gain=2.64444 1.9698 2.02956 4.18986 3.86334 2.52358 4.45481 1.59785
threshold=1.7133812078096222 1.3716369299858611 1010.9079465363732 0.99232614502972039 6.950000000000002 10.814999999999998 10.210112045152519 -0.87107047384582625
decision_type=2 2 2 2 2 2 2 2
left_child=1 2 5 4 -4 6 -1 -5
right_child=-2 -3 3 7 -6 -7 -8 -9
leaf_value=0.00060916283943741379 -0.0028350056624987094 -0.0020539384857725211 0.0027855898192829963 -0.0056035990929661729 -0.0039516361880338642 -0.014621362664547406 0.006861225777361985 -0.001955890534275302
leaf_weight=16171.639771550894 115.81091034412384 213.11333394050598 1087.3202483355999 87.323768228292465 1239.3000055849552 114.8577501475811 193.47137469053268 89.979439288377762
leaf_count=26981 28 57 2266 43 2081 108 116 190
internal_value=0.000351054 0.000263378 0.00036644 -0.00215555 -0.00107075 0.000750544 0.000850426 -0.0162034
internal_weight=19312.8 19197 18983.9 2503.92 2326.62 16480 16365.1 177.303
internal_count=31870 31842 31785 4580 4347 27205 27097 233
is_linear=0
shrinkage=0.095152


Tree=166
num_leaves=9
num_cat=0
split_feature=1 1 9 3 5 3 5 5
split_gain=2.64833 1.96524 2.6171 5.29069 5.06619 4.49043 2.58524 2.58782
threshold=1.7133812078096222 1.3716369299858611 2.5685927982943046 1.7606617997987011 0.49961646868648285 2.7523533641311317 1.0004273050037098 -1.3397744615475926
decision_type=2 2 2 2 2 2 2 2
left_child=1 2 6 4 -4 -5 7 -1
right_child=-2 -3 3 5 -6 -7 -8 -9
leaf_value=0.0090708612464545351 -0.002565249306713425 -0.0018585022056061039 0.0089937196596360635 -0.0096907152509302305 -0.0052293063785508742 0.0033515665062990399 0.046681982357507749 -0.00017504015581583208
leaf_weight=129.3196793794632 115.81091034412384 213.11333394050598 782.99560073018074 767.84788459539413 290.40477335453033 890.20923784375191 80.43302845954895 16042.682153463364
leaf_count=40 28 57 714 1020 520 1437 25 28029
internal_value=0.000340676 0.000252937 0.000355882 0.00308045 0.008281 -0.00028262 -0.000101455 -0.000187558
internal_weight=19312.8 19197 18983.9 2731.46 1073.4 1658.06 16252.4 16172
internal_count=31870 31842 31785 3691 1234 2457 28094 28069
is_linear=0
shrinkage=0.095152


Tree=167
num_leaves=9
num_cat=0
split_feature=0 0 9 8 8 4 6 8
split_gain=2.23358 4.87484 1.71103 5.16998 2.48589 7.29955 2.56429 2.02893
threshold=-1.285259354231987 -1.0342182019546236 -1.2013748279853187 9.7780784743280993 8.8599999999999994 1009.6001050999777 -1.3781372461623391 8.0118449971496073
decision_type=2 2 2 2 2 2 2 2
left_child=-1 -2 3 7 6 -6 -4 -3
right_child=1 2 4 -5 5 -7 -8 -9
leaf_value=-0.0012148876938547532 0.0028276864516348079 -0.0018280312312027403 0.0054774477640646864 0.025875735478664501 -0.012591732479249506 0.0020902938690199957 0.00067856329758817879 0.0051199033433581547
leaf_weight=104.12860715389252 165.24958556890488 3634.5726081132889 436.6184703707695 91.731675386428833 774.71257066726685 636.09086993336678 13057.729672193527 411.98254272341728
leaf_count=31 48 6547 112 76 695 670 23090 601
internal_value=0.000258636 0.000335086 0.00019262 -0.00151785 0.000668467 -0.00312781 0.00106658 -0.00203008
internal_weight=19312.8 19208.7 19043.4 4138.29 14905.2 1410.8 13494.3 4046.56
internal_count=31870 31839 31791 7224 24567 1365 23202 7148
is_linear=0
shrinkage=0.095152


Tree=168
num_leaves=8
num_cat=0
split_feature=7 7 9 8 5 5 8
split_gain=3.10153 3.59966 1.915 4.44234 2.83495 3.82577 2.38675
threshold=10.181851640964988 9.4600000000000009 -1.2013748279853187 9.7780784743280993 -1.540240920937143 -1.3397744615475926 9.2712207556456381
decision_type=2 2 2 2 2 2 2
left_child=1 2 3 6 -4 -6 -1
right_child=-2 -3 4 -5 5 -7 -8
leaf_value=-0.0010457827892504943 0.003215040837750917 -0.014512484774208034 -0.0069796580887546223 0.018419078428924124 0.021087289554203248 0.00051458694242141286 -0.0047974920982452344
leaf_weight=4032.4280513226986 187.02774795889854 143.32012656331062 64.577945113182068 63.562972664833069 78.023860335350037 14686.276367753744 57.599530398845673
leaf_count=7110 91 89 19 63 22 24425 51
internal_value=0.000254843 0.000134492 0.000249092 -0.00155538 0.000755482 0.000844145 -0.0019496
internal_weight=19312.8 19125.8 18982.5 4153.59 14828.9 14764.3 4090.03
internal_count=31870 31779 31690 7224 24466 24447 7161
is_linear=0
shrinkage=0.095152


Tree=169
num_leaves=8
num_cat=0
split_feature=0 0 8 0 0 2 9
split_gain=2.25479 2.99991 1.90983 1.7073 4.94689 3.93998 0.767549
threshold=-1.285259354231987 -1.0342182019546236 10.490000000000002 -0.42644161768740896 -0.28797065358016621 -0.42889193791248376 1.944299715877275
decision_type=2 2 2 2 2 2 2
left_child=-1 -2 3 5 -5 -3 -4
right_child=1 2 6 4 -6 -7 -8
leaf_value=-0.0013480721839072779 0.0025096625750877315 0.0022736267341153999 0.0012038734993677312 0.01360529772490961 0.00022165046766134701 -0.0026531085122373415 0.0015843121745079674
leaf_weight=104.12860715389252 165.24958556890488 2393.2498430609703 134.23852452635765 302.01276385784149 12779.271578103304 3306.8927021324635 127.77299770712852
leaf_count=31 48 4189 157 83 19803 7498 61
internal_value=0.000323508 0.00040031 0.000288387 0.000174847 0.000774285 -0.00119843 0.00833607
internal_weight=19312.8 19208.7 19043.4 18781.4 13081.3 5700.14 262.012
internal_count=31870 31839 31791 31573 19886 11687 218
is_linear=0
shrinkage=0.095152


Tree=170
num_leaves=10
num_cat=0
split_feature=0 0 1 2 1 2 8 1 0
split_gain=2.51449 2.98213 2.54202 7.05855 4.66307 3.85378 3.34189 2.11476 1.08104
threshold=-1.2052084992856529 -1.0501315690591613 -0.98127565035916853 0.10747710996311889 -0.97310932590074073 1.0000000180025095e-35 7.7308830526743577 1.7133812078096222 0.70594853813046121
decision_type=2 2 2 2 2 2 2 2 2
left_child=-1 -2 3 5 8 -3 -5 -6 -4
right_child=1 2 4 6 7 -7 -8 -9 -10
leaf_value=-0.0010274426797635518 -0.024322657911007243 0.0031614973636494622 -0.03804982426619264 0.017648070889721226 -0.00026223763365151973 -0.022569723285820614 0.052123261424302847 -0.0016047529148765357 -0.01297249123890026
leaf_weight=165.09067362546921 112.96852433681488 500.6318279504776 73.535157829523087 158.99855554103851 17982.314997643232 200.36845651268959 83.627759158611298 96.05008852481842 28.727462023496628
leaf_count=45 32 1005 252 373 29501 630 95 23 104
internal_value=-9.59787e-05 4.11244e-06 -8.6812e-05 0.00472394 -0.000337538 -0.000109332 0.0186638 -0.000221446 -0.020467
internal_weight=19402.3 19237.2 19124.3 943.627 18180.6 701 242.626 18078.4 102.263
internal_count=32060 32015 31983 2103 29880 1635 468 29524 356
is_linear=0
shrinkage=0.095152


Tree=171
num_leaves=7
num_cat=0
split_feature=0 0 5 3 2 4
split_gain=2.54068 2.95845 1.90037 1.35643 4.2138 1.66582
threshold=-1.2052084992856529 -1.0501315690591613 -1.3397744615475926 0.57082169953766149 -0.18257620888470968 1007.8969132516236
decision_type=2 2 2 2 2 2
left_child=-1 -2 -3 4 -4 -5
right_child=1 2 3 5 -6 -7
leaf_value=-0.0009296794912318011 -0.022008309249246252 -0.014258220013871063 -0.0027543235432679449 -0.00043840567006921865 0.0035803921310042213 0.00075334194516449998
leaf_weight=165.09067362546921 112.96852433681488 139.96320712566376 546.52540469169617 9565.2455083727837 366.76857605576515 8505.7516089379787
leaf_count=45 32 41 570 18060 668 12644
internal_value=-3.51034e-05 6.55101e-05 -2.50516e-05 -0.000107541 -0.00368275 7.27034e-05
internal_weight=19402.3 19237.2 19124.3 18984.3 913.294 18071
internal_count=32060 32015 31983 31942 1238 30704
is_linear=0
shrinkage=0.095152


Tree=172
num_leaves=9
num_cat=0
split_feature=7 6 9 5 7 7 2 5
split_gain=3.06297 1.88451 6.65237 3.43738 2.83309 4.4728 2.20458 2.06445
threshold=10.181851640964988 -1.0641726821332271 1.2976894247916599 -1.0013879852237297 8.4014560106818195 6.5699999999999994 -0.53374473996619265 -0.12166910782082087
decision_type=2 2 2 2 2 2 2 2
left_child=1 2 6 -3 5 -5 -1 -6
right_child=-2 3 -4 4 7 -7 -8 -9
leaf_value=-0.00032895917184351325 0.0026648189422933057 0.0067555127159035829 -0.0070171976227190796 -0.00048564326005357184 -0.0040991689310396979 0.0032120406828686642 0.012282213298207736 0.0082818753775739141
leaf_weight=381.59223830699921 184.81224226951599 347.23294246196747 675.26605427265167 12842.16993996501 919.83428969979286 3548.5109615325928 378.94049257040024 123.95434206724167
leaf_count=106 86 93 157 26864 706 3843 101 104
internal_value=-6.21607e-05 -0.000180466 -0.00349496 8.66937e-05 -9.96338e-05 0.000205881 0.00259365 -0.00490341
internal_weight=19402.3 19217.5 1435.8 17781.7 17434.5 16390.7 760.533 1043.79
internal_count=32060 31974 364 31610 31517 30707 207 810
is_linear=0
shrinkage=0.095152


Tree=173
num_leaves=6
num_cat=0
split_feature=0 0 1 1 1
split_gain=2.53739 2.96141 2.05695 2.34373 4.15237
threshold=-1.2052084992856529 -1.0501315690591613 1.7133812078096222 1.0457574278135011 0.99995369919546417
decision_type=2 2 2 2 2
left_child=-1 -2 3 4 -3
right_child=1 2 -4 -5 -6
leaf_value=-0.00079986508751874331 -0.022270229885674696 -3.1950490326970274e-05 -0.00029470902489882371 -0.0016861439434061409 0.0035822360249731164
leaf_weight=165.09067362546921 112.96852433681488 18197.873695135117 96.05008852481842 676.68875634670258 153.64176517724991
leaf_count=45 32 31689 23 181 90
internal_value=-4.27182e-05 5.783e-05 -3.27771e-05 -0.000104035 9.82535e-05
internal_weight=19402.3 19237.2 19124.3 19028.2 18351.5
internal_count=32060 32015 31983 31960 31779
is_linear=0
shrinkage=0.095152


Tree=174
num_leaves=7
num_cat=0
split_feature=0 5 0 3 0 1
split_gain=2.55289 3.27812 2.80582 1.77813 5.44961 2.78102
threshold=-1.2052084992856529 -1.3397744615475926 -1.0501315690591613 0.57082169953766149 -0.00016043804030838906 -0.98127565035916853
decision_type=2 2 2 2 2 2
left_child=-1 -2 -3 4 -4 -5
right_child=1 2 3 5 -6 -7
leaf_value=-0.00072375635377469063 -0.0039097158552084546 -0.033878645559167385 -0.0046815008212112768 0.006261125935917173 0.0018891916173476794 -0.00011527983175934856
leaf_weight=165.09067362546921 149.32475578784943 103.60697567462921 337.21387466788292 861.26213902235031 576.0801060795784 17209.734978288412
leaf_count=45 44 29 492 1947 746 28757
internal_value=-6.81702e-06 9.40392e-05 -1.56463e-05 -0.000102082 -0.00419551 0.00010439
internal_weight=19402.3 19237.2 19087.9 18984.3 913.294 18071
internal_count=32060 32015 31971 31942 1238 30704
is_linear=0
shrinkage=0.095152


Tree=175
num_leaves=6
num_cat=0
split_feature=0 5 0 3 5
split_gain=2.67656 2.78214 2.52862 1.40916 1.35398
threshold=-1.2052084992856529 -1.3397744615475926 -1.0501315690591613 7.8150000000000004 -1.0379587122571621
decision_type=2 2 2 2 2
left_child=-1 -2 -3 4 -4
right_child=1 2 3 -5 -6
leaf_value=-0.00066688581813191246 -0.011340107375412056 0.024203746267399868 -0.0045617486928780622 0.0032074471779217836 4.4870474661005443e-05
leaf_weight=156.55777949094772 152.09788858890533 97.183842420578003 234.98634952306747 74.684351921081543 18670.761462658644
leaf_count=43 42 28 59 159 31595
internal_value=9.62015e-05 0.000198152 9.48302e-05 1.52299e-05 -3.60877e-05
internal_weight=19386.3 19229.7 19077.6 18980.4 18905.7
internal_count=31926 31883 31841 31813 31654
is_linear=0
shrinkage=0.095152


Tree=176
num_leaves=21
num_cat=0
split_feature=3 9 1 1 5 1 9 9 2 3 6 9 2 5 3 2 1 2 1 5
split_gain=1.68318 5.49081 4.50088 4.6631 4.19836 4.04094 3.62474 2.5599 4.64855 2.40995 4.37498 2.35717 1.77982 7.73078 11.5793 10.8109 5.10923 4.03783 1.16565 1.71876
threshold=0.90009147922033284 2.3731762860582912 0.8408143739304369 0.28194525648649987 0.27565180707182441 0.99166813670569354 -0.54775003625193175 3.0188609843048488 -0.39754281428255622 0.96282935775925937 -0.87107047384582625 1.4769285579669058 -0.51974381215551546 -0.26249920084584166 3.8349809916719164 -0.5488429582847193 1.2964235005488773 -0.012910296075008829 0.68719664214447729 0.49961646868648285
decision_type=2 2 2 2 2 2 2 2 2 2 2 2 2 2 2 2 2 2 2 2
left_child=1 2 3 4 -1 11 -5 -3 -9 10 -2 -4 13 14 -11 -15 17 -14 19 -12
right_child=9 7 5 6 -6 -7 -8 8 -10 12 18 -13 16 15 -16 -17 -18 -19 -20 -21
leaf_value=-0.01788761079318512 0.021790392412650073 0.026309162192618175 -0.021123593820662197 -0.0042403163389524625 0.0061571411003316211 -0.00043840699814260721 0.014341613795898451 -0.0052258813114519015 0.014478028976113349 -0.00015452919582563588 -0.027970231570971452 -0.016724997723622032 0.003626004638818315 -0.0023371028715089659 0.020085566974910821 -0.060755666279292485 -0.017527194560466395 -2.221074984381177e-05 0.012689547910851045 0.0054176214995466628
leaf_weight=585.7162983417511 111.61542782187462 208.89066550135612 116.12380287051201 126.97155073285103 280.11432585120201 124.24899768829346 306.03254702687263 164.18296277523041 136.28391447663307 2362.8740674555302 47.37091526389122 70.657132029533386 3477.5144640505314 3365.8017308712006 504.51184332370758 143.36951795220375 200.5971508026123 6926.1551125049591 65.860417872667313 61.378829389810562
leaf_count=925 47 147 226 161 771 169 259 154 133 3161 133 57 4345 5546 387 186 60 14813 111 135
internal_value=0.000102887 -0.00242615 -0.00515422 -0.00267291 -0.00670796 -0.0154188 0.00536195 0.006162 0.000480674 0.000414185 0.00905326 -0.0242205 0.000267107 -0.000987993 0.00267384 -0.00398363 0.00102306 0.00131499 -0.000312358 -0.00640719
internal_weight=19386.3 2119.22 1609.86 1298.83 865.831 311.03 433.004 509.358 300.467 17267 286.226 186.781 16980.8 6376.56 2867.39 3509.17 10604.3 10403.7 174.61 108.75
internal_count=31926 3002 2568 2116 1696 452 420 434 287 28924 426 283 28498 9280 3548 5732 19218 19158 379 268
is_linear=0
shrinkage=0.095152


Tree=177
num_leaves=12
num_cat=0
split_feature=1 5 1 7 2 1 9 5 9 7 7
split_gain=3.39171 3.48214 3.08433 6.36619 6.79501 3.52539 5.23512 3.12118 2.85806 2.69123 1.14728
threshold=0.99995369919546417 -0.33736451596708827 0.99166813670569354 7.3700000000000037 -0.012910296075008829 0.98801351631316348 1.5265432417578177 -1.0013879852237297 1.6851322950960912 8.5800000000000018 5.4300000000000024
decision_type=2 2 2 2 2 2 2 2 2 2 2
left_child=2 -2 5 8 -5 7 -7 -1 10 -9 -4
right_child=1 -3 3 4 -6 6 -8 9 -10 -11 -12
leaf_value=0.012097434607598248 0.0014641805096963921 -0.00091437122476878212 -0.034236937621430735 0.015367336528104431 -0.0048694978105561009 0.071841480857455273 -0.00078827688650349602 6.8592475949838037e-05 -0.0025075382773526787 -0.0032287657284074327 -0.057668032246132706
leaf_weight=360.30780929327011 494.21411097049713 514.57963842153549 120.08567172288895 127.59056398272514 158.05721482634544 95.234408527612686 107.18005567789078 16496.088192045689 127.58953738212585 693.96104165911674 91.38343009352684
leaf_count=99 140 173 358 86 178 99 117 29778 181 523 194
internal_value=0.000187816 0.00555609 -0.000106557 -0.00667088 0.00375183 0.000124208 0.012568 -1.95408e-05 -0.0154692 -0.000204297 -0.0222366
internal_weight=19386.3 1008.79 18377.5 624.706 285.648 17752.8 202.414 17550.4 339.059 17190 211.469
internal_count=31926 313 31613 997 264 30616 216 30400 733 30301 552
is_linear=0
shrinkage=0.095152


Tree=178
num_leaves=9
num_cat=0
split_feature=7 7 3 7 7 0 6 2
split_gain=3.68595 2.84006 2.64276 3.41672 7.27348 2.14803 2.06067 2.41865
threshold=10.181851640964988 9.4600000000000009 0.90009147922033284 7.0424135073779324 6.7300000000000031 -0.076506179910974567 -1.2874680529497173 1.003250149981874
decision_type=2 2 2 2 2 2 2 2
left_child=1 2 3 4 -1 -5 -4 -8
right_child=-2 -3 6 5 -6 -7 7 -9
leaf_value=-0.0014749368387533409 0.0036838183109764379 -0.011972019470945075 0.0021672007135040009 -0.0045031077947030344 0.019003704023672734 -0.0044061555318242454 0.00023047323979860364 -0.079306094680015718
leaf_weight=1423.7537906765938 204.93795248866081 148.45562067627907 720.78212171792984 318.99734044075012 177.58914038538933 175.58279475569725 16156.072065740824 60.100847721099854
leaf_count=2322 94 93 181 335 133 201 28550 17
internal_value=0.000190692 5.39615e-05 0.000157329 -0.00302793 -0.000881119 -0.00993178 0.000552462 0.000330124
internal_weight=19386.3 19181.3 19032.9 2095.92 1601.34 494.58 16937 16216.2
internal_count=31926 31832 31739 2991 2455 536 28748 28567
is_linear=0
shrinkage=0.095152


Tree=179
num_leaves=18
num_cat=0
split_feature=8 3 3 8 0 7 7 4 3 7 3 4 8 8 8 9 8
split_gain=2.7863 3.97287 3.92165 4.5182 3.92467 3.03772 6.46335 5.78968 5.6816 2.83944 1.97872 6.84125 5.77318 5.19319 2.83549 5.76537 2.56712
threshold=8.1800000000000033 0.39478381373795585 3.7708690727194165 8.2316874982920449 -0.46107431279710082 7.6900000000000039 8.1799999999999997 1006.3039878692452 2.7107180597601839 6.1800000000000024 1.0204551532758248 1008.6986376280321 4.1750000000000016 7.4350000000000014 7.9843968791761526 -0.66920867003410034 7.9007902177818208
decision_type=2 2 2 2 2 2 2 2 2 2 2 2 2 2 2 2 2
left_child=5 -2 3 -3 -4 10 7 -7 -9 -5 11 12 -1 -13 16 -16 -12
right_child=1 2 4 9 -6 6 -8 8 -10 -11 14 13 -14 -15 15 -17 -18
leaf_value=0.060595968412711886 0.005391228712869389 0.01490799479192609 0.0010714806355142314 -0.0044210608644837512 0.01545036636692163 0.0011587522470358706 0.0031438195874926222 -0.02615304940941552 -0.0011359385196070106 0.00056542114753424489 0.00027544257176548975 -0.0024532021602580306 -0.00015370548832745963 -0.023200232990173559 0.042459050963931669 0.00044950889737713386 -0.0068804336001949597
leaf_weight=117.33957162499428 169.3850890994072 195.4995114505291 163.79127216339111 659.62334182858467 148.75827705860138 126.56164342164993 149.08242893218994 309.19431146979332 221.05154156684875 2320.9568297863007 12764.166943281889 518.65405869483948 741.12698769569397 316.59649920463562 70.810719758272171 212.92162993550301 180.75101763010025
leaf_count=207 143 167 122 1190 105 86 40 275 180 2050 24235 1175 948 416 119 286 182
internal_value=0.000238942 0.00260419 0.00190569 0.000898207 0.012055 -0.000310523 -0.00599578 -0.010065 -0.014432 -1.96197e-05 -2.11825e-06 -0.00306379 0.00288838 -0.00919142 0.000389189 0.0097768 0.000181443
internal_weight=19386.3 3658.01 3488.63 3176.08 312.55 15728.3 805.89 656.807 530.246 2980.58 14922.4 1693.72 858.467 835.251 13228.7 283.732 12944.9
internal_count=31926 3777 3634 3407 227 28149 581 541 455 3240 27568 2746 1155 1591 24822 405 24417
is_linear=0
shrinkage=0.095152


Tree=180
num_leaves=13
num_cat=0
split_feature=5 8 3 6 4 4 3 9 5 4 9 6
split_gain=2.00127 1.4384 2.03197 1.3255 2.22321 1.92238 7.32115 4.12583 1.69151 1.04366 0.774678 0.204395
threshold=-1.3397744615475926 1.9849999999999997 3.3329063291751169 0.74400421579309162 1004.7046703795089 1004.7046703795089 2.7310370842879963 0.9077573259485342 0.49961646868648285 1014.4500000000002 0.29889132266180779 1.0000000180025095e-35
decision_type=2 2 2 2 2 2 2 2 2 2 2 2
left_child=-1 2 -2 5 8 6 -3 -7 -5 -6 11 -4
right_child=1 3 10 4 9 7 -8 -9 -10 -11 -12 -13
leaf_value=0.001266944808043551 -0.0093510245528911403 0.0015419841731703541 0.020476990989574499 0.0076219348320350332 -0.0043560502475751941 0.0019613843717758094 -0.0047855511767403497 -0.00064000062336853057 -0.0061702441327407568 -0.031436963467982471 0.0076721037821090654 0.035969198578168965
leaf_weight=193.81428456306458 45.879944056272507 2430.3071165978909 37.258269101381302 532.26701566576958 1099.7473866343498 7146.3084810376167 2920.5850714743137 4690.3475311398506 188.12324088811874 42.490529537200928 38.122808814048767 29.997552216053009
leaf_count=56 154 3979 125 1782 3811 10139 5890 5044 589 98 148 100
internal_value=0.000107635 9.52905e-06 0.00921106 -6.35104e-05 -0.00247409 0.000197158 -0.00129837 0.000874377 0.00165022 -0.00508525 0.016461 0.0225763
internal_weight=19395.2 19201.4 151.259 19050.2 1862.63 17187.5 5350.89 11836.7 720.39 1142.24 105.379 67.2558
internal_count=31915 31859 527 31332 6280 25052 9869 15183 2371 3909 373 225
is_linear=0
shrinkage=0.095152


Tree=181
num_leaves=7
num_cat=0
split_feature=1 3 0 0 3 0
split_gain=3.73959 5.69251 4.75904 3.72009 3.42595 3.12881
threshold=0.99995369919546417 1.0000000180025095e-35 1.0645003376832403 -1.2052084992856529 2.0807563647613532 -1.0342182019546236
decision_type=2 2 2 2 2 2
left_child=1 -1 3 -3 -2 -5
right_child=4 2 -4 5 -6 -7
leaf_value=-0.0063990205680004974 0.0024025895620004819 -0.0025778991143956547 0.0097563757746250354 0.020987599945734119 -0.00084713996905268706 -3.8747538543732301e-05
leaf_weight=62.972905516624451 451.44124320149422 126.10639280080795 80.748803734779358 97.775912880897522 552.51922968029976 18023.684743911028
leaf_count=18 145 34 26 30 171 31491
internal_value=0.000254805 -5.33991e-05 4.50718e-05 -5.70691e-05 0.00590588 5.61622e-05
internal_weight=19395.2 18391.3 18328.3 18247.6 1003.96 18121.5
internal_count=31915 31599 31581 31555 316 31521
is_linear=0
shrinkage=0.095152


Tree=182
num_leaves=7
num_cat=0
split_feature=2 7 7 8 2 7
split_gain=3.14654 2.36977 4.30573 3.5386 6.81802 3.6103
threshold=1.003250149981874 10.181851640964988 9.4600000000000009 8.980000000000004 -0.16677875182150789 8.5800000000000018
decision_type=2 2 2 2 2 2
left_child=1 2 3 5 -5 -1
right_child=-2 -3 -4 4 -6 -7
leaf_value=-1.2559484220655381e-05 0.036759445258597027 -0.0014271502728397476 -0.013262139242133932 -0.0020094070079929461 0.010184221782884976 -0.0053922147530608387
leaf_weight=17555.092320114374 67.241486430168152 192.20501756668091 136.85025480389595 495.9721782207489 574.00056651234627 373.88740807771683
leaf_count=30321 21 92 92 462 661 266
internal_value=0.000188407 0.000115539 8.91117e-06 0.000131297 0.00544385 -0.000185423
internal_weight=19395.2 19328 19135.8 18999 1069.97 17929
internal_count=31915 31894 31802 31710 1123 30587
is_linear=0
shrinkage=0.095152


Tree=183
num_leaves=6
num_cat=0
split_feature=0 2 7 7 6
split_gain=3.28435 3.126 2.34011 2.46813 1.76434
threshold=-1.2052084992856529 1.003250149981874 10.181851640964988 9.4600000000000009 -1.3781372461623391
decision_type=2 2 2 2 2
left_child=-1 2 3 4 -2
right_child=1 -3 -4 -5 -6
leaf_value=-0.0015775514719475177 0.0016674797019519533 0.033261711859040873 -0.0012913541219354361 -0.012000220650858691 -1.2924626995723741e-06
leaf_weight=166.77602535486221 618.62489759922028 67.241486430168152 192.20501756668091 136.85025480389595 18213.551549971104
leaf_count=44 160 21 92 92 31506
internal_value=0.000138197 0.000254608 0.000181338 7.44395e-05 0.000168071
internal_weight=19395.2 19228.5 19161.2 18969 18832.2
internal_count=31915 31871 31850 31758 31666
is_linear=0
shrinkage=0.095152


Tree=184
num_leaves=10
num_cat=0
split_feature=1 3 4 2 2 2 6 6 1
split_gain=2.23753 2.31256 1.22433 4.49166 6.75827 2.57686 1.74435 6.54658 3.01543
threshold=1.7133812078096222 1.0000000180025095e-35 1011.1170441949317 -0.31817316373086552 -0.11593459959550052 -0.68524102182766089 0.48809721101169207 -0.49182347202724191 0.39457506771186956
decision_type=2 2 2 2 2 2 2 2 2
left_child=1 -1 6 5 -5 -4 7 -3 -8
right_child=-2 2 3 4 -6 -7 8 -9 -10
leaf_value=-0.00619738360147426 0.001260862911468999 -0.00025193173870913233 -0.011289634098317049 0.0093538148575488794 -0.00090212007932653369 -0.030197542765750089 0.0010083196038189279 0.0060770163219829093 -0.0060836726328303992
leaf_weight=88.178173899650574 117.76926577091217 10651.552811056376 211.50531014800072 143.82238209247589 1803.014816313982 90.89850264787674 1777.0610978603363 3289.6308132708073 1221.816058665514
leaf_count=23 29 10585 422 187 3263 191 6423 7385 3407
internal_value=0.00012251 4.15085e-05 0.000113343 -0.00197086 -0.000284889 -0.0127334 0.000390964 0.000839413 -0.00168898
internal_weight=19395.2 19277.5 19189.3 2249.24 1946.84 302.404 16940.1 13941.2 2998.88
internal_count=31915 31886 31863 4063 3450 613 27800 17970 9830
is_linear=0
shrinkage=0.095152


Tree=185
num_leaves=6
num_cat=0
split_feature=0 5 5 0 5
split_gain=3.12543 4.0055 2.35165 2.45089 1.88809
threshold=-1.285259354231987 -1.3397744615475926 -1.171081148710176 -1.0501315690591613 -1.0013879852237297
decision_type=2 2 2 2 2
left_child=-1 -2 -3 -4 -5
right_child=1 2 3 4 -6
leaf_value=-0.0049099997424451635 0.0067744331267063501 -0.0050714059983898449 0.0021003588911892514 0.020245345982581368 0.00016732200739279869
leaf_weight=112.25895345211029 137.14187788963318 121.13755559921265 131.5839666724205 166.07219153642654 18556.959969133139
leaf_count=33 41 30 36 41 31693
internal_value=0.000375187 0.000469335 0.000350949 0.000436947 0.000344814
internal_weight=19225.2 19112.9 18975.8 18854.6 18723
internal_count=31874 31841 31800 31770 31734
is_linear=0
shrinkage=0.095152


Tree=186
num_leaves=10
num_cat=0
split_feature=1 1 9 9 4 5 4 4 4
split_gain=2.59468 2.52284 2.23549 6.27916 6.14884 4.69222 3.97312 3.27845 2.96508
threshold=1.7133812078096222 1.2964235005488773 2.1566653943915601 1.2976894247916599 1002.2050660130377 0.97413276168543861 999.20175613718004 1012.0349615256006 1010.9079465363732
decision_type=2 2 2 2 2 2 2 2 2
left_child=1 2 3 8 6 -6 -4 -5 -1
right_child=-2 -3 4 7 5 -7 -8 -9 -10
leaf_value=0.001624304088308752 -0.002058731788341562 -0.023614762516629969 -0.0053792056923948946 -0.0036693613637456346 0.00090499324184743378 -0.022709486512334166 0.011741208238863751 0.01966976684210019 -0.0014561487642933987
leaf_weight=10345.314969539642 110.3776034116745 294.89129197597504 164.23801219463348 2568.8106339871883 2738.7077657580376 80.675715237855911 712.85042586922646 82.780499786138535 2126.5075965225697
leaf_count=18836 27 79 82 3779 3839 192 897 197 3946
internal_value=0.000368788 0.000283578 0.000421338 -9.06173e-05 0.00251862 0.000347943 0.00947043 -0.00429504 0.000802618
internal_weight=19225.2 19114.8 18819.9 15123.4 3696.47 2819.38 877.088 2651.59 12471.8
internal_count=31874 31847 31768 26758 5010 4031 979 3976 22782
is_linear=0
shrinkage=0.095152


Tree=187
num_leaves=6
num_cat=0
split_feature=1 3 0 0 1
split_gain=2.62434 2.93705 2.14986 2.09195 2.1147
threshold=1.7133812078096222 1.0000000180025095e-35 -1.2052084992856529 -1.0501315690591613 -0.99995369919546395
decision_type=2 2 2 2 2
left_child=1 -1 -3 -4 -5
right_child=-2 2 3 4 -6
leaf_value=-0.0060709718338646922 -0.0018628394160235986 -0.0011656833763818467 0.020113406691183937 0.0096576052865267326 0.00010793729624511295
leaf_weight=79.014550089836121 110.3776034116745 140.53512018918991 109.6230640411377 225.37776234745979 18560.226414203644
leaf_count=20 27 40 31 149 31607
internal_value=0.000287048 0.000201366 0.00027864 0.000366891 0.000289228
internal_weight=19225.2 19114.8 19035.8 18895.2 18785.6
internal_count=31874 31847 31827 31787 31756
is_linear=0
shrinkage=0.095152


Tree=188
num_leaves=6
num_cat=0
split_feature=1 3 0 0 1
split_gain=2.62615 2.93543 2.14801 2.09358 2.11706
threshold=1.7133812078096222 1.0000000180025095e-35 -1.2052084992856529 -1.0501315690591613 -0.99995369919546395
decision_type=2 2 2 2 2
left_child=1 -1 -3 -4 -5
right_child=-2 2 3 4 -6
leaf_value=-0.0054933069425234368 -0.0016855865875984985 -0.0010547663141086143 0.018199576548544358 0.0087386651792214533 9.7666850555075302e-05
leaf_weight=79.014550089836121 110.3776034116745 140.53512018918991 109.6230640411377 225.37776234745979 18560.226414203644
leaf_count=20 27 40 31 149 31607
internal_value=0.000282099 0.000196388 0.000273642 0.000361855 0.000284163
internal_weight=19225.2 19114.8 19035.8 18895.2 18785.6
internal_count=31874 31847 31827 31787 31756
is_linear=0
shrinkage=0.095152


Tree=189
num_leaves=7
num_cat=0
split_feature=0 3 3 8 3 7
split_gain=2.53535 1.76756 1.33436 1.23473 1.58754 1.511
threshold=-1.41154410393985 1.0000000180025095e-35 0.18500000000000003 1.76 4.6748134024085166 0.97000000000000075
decision_type=2 2 2 2 2 2
left_child=-1 -2 -3 5 -5 -4
right_child=1 2 3 4 -6 -7
leaf_value=-0.018601774303366937 -0.0038594643299806326 0.0025782733507354206 -0.0046241435944172019 0.0004809842906733413 -0.00080937544427202865 0.026777623113027872
leaf_weight=66.871489644050598 84.611540555953979 106.21755260229111 49.675108164548874 17321.217082500458 1533.4575334489346 63.104207366704941
leaf_count=21 21 129 183 28241 3072 207
internal_value=0.000307305 0.000373135 0.000435107 0.000374451 0.000314003 0.0102452
internal_weight=19225.2 19158.3 19073.7 18967.5 18854.7 112.779
internal_count=31874 31853 31832 31703 31313 390
is_linear=0
shrinkage=0.095152


Tree=190
num_leaves=11
num_cat=0
split_feature=1 5 0 1 1 0 2 1 5 1
split_gain=3.69698 1.75206 5.9465 5.67681 6.86454 8.00505 3.61624 5.20071 4.74078 1.77624
threshold=1.7133812078096222 -0.86500782323324776 -0.89056573608793477 0.99984258031731443 -0.66134742624507004 -0.25534379813835617 -0.98039918412989879 1.1426658481917249 -0.45106930874078099 -0.99995369919546395
decision_type=2 2 2 2 2 2 2 2 2 2
left_child=1 3 -3 4 9 -6 8 -8 -4 -1
right_child=-2 2 6 -5 5 -7 7 -9 -10 -11
leaf_value=-0.032483917326135522 0.0012594934672901131 0.0030716022476668051 0.0023558107195249776 -0.012356813143044714 -0.00033738993336474867 0.018238692124813764 0.0002064704709197185 0.0028993922715065987 -0.0053841921848947231 -0.014255952115577331
leaf_weight=43.28251525759697 109.99968683719635 222.79049235582352 414.43765807151794 193.1766203045845 2425.4004235565662 183.84271845221519 13794.997065037489 385.12335050106049 1023.7359046936035 561.4871854186058
leaf_count=31 27 65 397 70 4656 44 23215 103 1461 1793
internal_value=7.09713e-05 -2.83758e-05 0.00039201 -0.001986 -0.00102602 0.00108804 0.000170328 0.000632353 -0.00437262 -0.0101501
internal_weight=19358.3 19248.3 15841.1 3407.19 3214.01 2609.24 15618.3 14180.1 1438.17 604.77
internal_count=31862 31835 25241 6594 6524 4700 25176 23318 1858 1824
is_linear=0
shrinkage=0.095152


Tree=191
num_leaves=14
num_cat=0
split_feature=1 3 1 6 1 1 3 2 8 1 3 8 5
split_gain=2.86968 3.45273 2.23376 5.65464 4.55096 7.44095 4.95342 3.88566 6.07898 3.12501 3.11314 2.88602 2.13625
threshold=0.99995369919546417 2.3808617061942452 0.99232614502972039 -0.97012145854046394 0.97873101657557349 0.9821165111257959 2.9636488952233599 -0.012910296075008829 8.3000000000000043 0.95992380042979863 1.6249114060378975 9.9774315447996607 -1.0013879852237297
decision_type=2 2 2 2 2 2 2 2 2 2 2 2 2
left_child=2 -2 4 -4 9 -6 -7 8 -5 12 -11 -9 -1
right_child=1 -3 3 7 5 6 -8 11 -10 10 -12 -13 -14
leaf_value=0.016275722086086512 0.0014579128944260432 -0.001227366014548092 -0.0026918528969957314 -0.038109817294983951 0.022732832241764277 -0.0054397107453945511 0.024895771760540312 -0.0086369254857656761 0.014103258654900336 -0.020553685022134754 -0.0013182078476674753 -0.10342280103268112 -9.1363708752130769e-05
leaf_weight=332.44106107950211 548.29666975140572 461.50657287240028 76.022244542837143 113.6448070704937 149.04975843429565 330.7570860683918 203.52571967244148 176.77982550859451 131.97539645433426 132.98865082859993 283.30149954557419 61.26268059015274 16356.721648067236
leaf_count=93 174 139 38 256 160 366 258 406 125 180 523 94 29050
internal_value=0.00025854 0.00519346 -1.27193e-05 -0.00592487 0.000173013 0.00778012 0.00248424 -0.00974028 -0.00126908 -0.000130723 -0.00826069 -0.0183714 7.19574e-05
internal_weight=19358.3 1009.8 18348.5 559.685 17788.8 683.333 534.283 483.663 245.62 17105.5 416.29 238.043 16689.2
internal_count=31862 313 31549 919 30630 784 624 881 381 29846 703 500 29143
is_linear=0
shrinkage=0.095152


Tree=192
num_leaves=17
num_cat=0
split_feature=1 3 9 6 3 1 1 7 1 9 6 7 1 4 6 9
split_gain=2.92073 3.45273 1.47952 3.63999 4.23944 3.60388 8.56464 5.86157 3.07071 1.96583 2.59463 4.23242 3.39406 2.16276 2.56742 2.26798
threshold=0.99995369919546417 2.3808617061942452 -2.2896227553427422 -0.25990157396951935 4.9221777408528053 0.14634440169250132 -0.068243819125972729 5.2200000000000015 0.93228057993045244 -1.1033539506859744 0.2647277679489336 4.3350000000000017 0.68719664214447729 1013.0500000000001 -0.5 -0.92564627732446592
decision_type=2 2 2 2 2 2 2 2 2 2 2 2 2 2 2 2
left_child=2 -2 3 5 8 6 -1 -7 -5 10 11 -4 -12 15 -15 -11
right_child=1 -3 9 4 -6 7 -8 -9 -10 13 12 -13 -14 14 -16 -17
leaf_value=0.0047821054644061421 0.0013191896196697798 -0.001110579728129463 -0.00030554527663779958 0.00059319957390913428 -0.018107151487293797 0.0046448265448045308 0.028113049498768541 -0.020819449718414637 -0.020015810703960232 0.0094465633257907241 -0.0017619598018658164 -0.0067694608935010801 0.013020553305317907 0.0040100919598722862 -0.012659738902725273 2.1536993697715426e-05
leaf_weight=463.92281749844551 548.29666975140572 461.50657287240028 795.8454518020153 697.31751018762589 72.803946077823639 463.78308287262917 128.49375560879707 177.89057043194771 55.329875886440277 420.49334338307381 429.87902820110321 830.90716382861137 134.99537152051926 112.922189027071 199.75165697932243 13364.134614557028
leaf_count=747 174 139 1722 1435 96 524 101 197 134 815 1215 1113 408 272 388 22382
internal_value=0.000214733 0.00519346 -5.89375e-05 0.00234229 -0.00253579 0.00561463 0.0109585 0.000648484 -0.000379211 -0.000363495 -0.00301378 -0.00494463 0.00252282 4.78738e-05 -0.00775914 0.000226627
internal_weight=19358.3 1009.8 18348.5 2059.54 825.451 1234.09 592.417 641.674 752.647 16288.9 2191.63 1626.75 564.874 14097.3 312.674 13784.6
internal_count=31862 313 31549 3234 1665 1569 848 721 1569 28315 4458 2835 1623 23857 660 23197
is_linear=0
shrinkage=0.095152


Tree=193
num_leaves=14
num_cat=0
split_feature=1 6 3 0 8 1 1 1 3 3 5 0 0
split_gain=1.82466 6.60991 7.30718 2.7247 2.6314 8.1349 7.01628 5.80865 2.51105 2.22202 2.64394 2.1581 1.57816
threshold=0.99852441337319775 -0.40140989675495525 2.3808617061942452 1.0645003376832403 9.3550000000000004 0.88428176967528671 0.98801351631316348 0.027115061871412549 1.4218239588946284 0.27500000000000008 -1.0013879852237297 -0.00016043804030838906 -0.00016043804030838906
decision_type=2 2 2 2 2 2 2 2 2 2 2 2 2
left_child=3 2 8 4 9 7 -7 -6 -2 12 -11 -3 -1
right_child=1 11 -4 -5 5 6 -8 -9 -10 10 -12 -13 -14
leaf_value=-0.010701208217331249 0.0012465342893052942 -8.7855983444317333e-05 -0.0021619315436533148 0.018575369411709005 -0.014508680455435042 -0.052331990876642531 -0.010623565325071709 0.014493471622183165 0.027603432176050054 0.01523810382392625 2.4759985940306595e-06 -0.01789872579385304 -0.00044490024898757212
leaf_weight=84.62067899107933 273.09070679545403 146.10891023278236 414.78619211912155 75.936540365219116 118.30234417319298 115.60710999369621 169.82152307033539 212.10236036777496 275.45927610993385 311.63571721315384 16922.211686968803 98.680274099111557 139.91029998660088
leaf_count=112 93 163 149 25 119 126 196 180 113 88 30203 134 161
internal_value=0.000137673 0.00371646 0.00727176 -0.000100098 -0.000177016 -0.00628319 -0.0180183 0.00384814 0.0144676 3.81144e-05 0.000161721 -0.0101863 -0.00933705
internal_weight=19358.3 1208.13 963.336 18150.1 18074.2 615.833 285.429 330.405 548.55 17458.4 17233.8 244.789 224.531
internal_count=31862 652 355 31210 31185 621 322 299 206 30564 30291 297 273
is_linear=0
shrinkage=0.095152


Tree=194
num_leaves=21
num_cat=0
split_feature=5 5 2 2 3 4 3 8 2 4 2 2 3 3 2 7 4 5 2 8
split_gain=1.56189 4.79893 3.9167 7.51005 6.36217 4.53873 4.30624 3.53689 2.99464 3.60208 2.97192 2.81237 4.80223 4.70637 2.77173 2.90073 2.79389 2.13378 1.69566 1.26221
threshold=-0.70453509935217817 -0.63927628420980609 0.55907582162380509 0.61227740664935426 2.7107180597601839 1008.6986376280321 1.2217139783941355 3.6000000000000001 -0.70862667826445969 1007.9030862300248 0.1430905115099233 -0.9594342204592653 3.8102360521951062 1.9850000000000001 0.35838009143743682 6.5699999999999994 1006.897266155344 1.0004273050037098 0.99765581929545111 6.6200000000000001
decision_type=2 2 2 2 2 2 2 2 2 2 2 2 2 2 2 2 2 2 2 2
left_child=2 -2 6 19 5 -5 8 -6 9 -1 -10 12 13 -3 15 -8 -16 18 -13 -4
right_child=1 11 3 4 7 -7 14 -9 10 -11 -12 17 -14 -15 16 -17 -18 -19 -20 -21
leaf_value=0.020351891631488307 0.0080410966542370024 -0.00091497560255772653 -0.020175860197855364 -0.01648934277898717 0.001255262713256568 0.014455010301881992 -0.0021557041552390816 -0.010733371998086078 -0.027734407835277492 -0.027526096233818093 8.7748916648206383e-05 0.00049538668855516135 0.0054318704215703621 -0.0074806339842670485 -0.0013383595897360084 0.0044489613959123537 0.01864353392694534 0.044385993233933989 0.012822370428101172 -0.016469251986548292
leaf_weight=189.82086846232414 134.94523108005524 719.55213767290115 42.125412493944168 110.69468507170677 242.6852899491787 207.70021861791611 1661.3239459991455 540.78525400161743 238.36682790517807 85.880429327487946 83.122250378131866 12176.906880944967 218.62701168656349 720.46122545003891 113.14479959011078 1344.7148355543613 187.50669419765472 75.60818088054657 218.15828663110733 46.143154591321945
leaf_count=235 40 1079 155 302 745 438 3255 1244 474 182 216 19775 177 1058 339 1335 261 22 470 60
internal_value=0.000132751 0.000644105 -0.00129643 -0.00607194 -0.00389925 0.00739999 0.000157756 -0.00851223 -0.00726553 0 -0.0134852 0.000471727 -0.00320589 -0.00520793 0.00150468 0.000626866 0.0101971 0.000962179 0.000862929 -0.0325838
internal_weight=19358.3 14264.3 5094.01 1190.13 1101.87 318.395 3903.88 783.471 597.19 275.701 321.489 14129.3 1658.64 1440.01 3306.69 3006.04 300.651 12470.7 12395.1 88.2686
internal_count=31862 22621 9241 2944 2729 740 6297 1989 1107 417 690 22581 2314 2137 5190 4590 600 20267 20245 215
is_linear=0
shrinkage=0.095152


Tree=195
num_leaves=17
num_cat=0
split_feature=4 2 2 0 1 1 4 1 1 0 1 2 1 9 0 2
split_gain=2.31014 2.1764 7.62714 2.74216 2.65854 2.18666 1.81157 5.48512 1.82761 1.79155 1.53056 4.33849 3.57615 1.03745 0.510174 0.384089
threshold=1013.0500000000001 0.99323082689001585 0.88961433068491413 0.96316368718897982 0.86863618122502728 -0.058922677587916313 1012.50928197424 -0.077282800464559334 1.7133812078096222 0.4990415606769007 -0.98127565035916853 0.10747710996311889 -0.97310932590074073 -0.26609079488525461 0.70594853813046121 0.81565951575077722
decision_type=2 2 2 2 2 2 2 2 2 2 2 2 2 2 2 2
left_child=6 2 3 4 -2 -3 8 15 10 -4 11 -1 -12 -9 -7 -8
right_child=1 5 9 -5 -6 14 7 13 -10 -11 12 -13 -14 -15 -16 -17
leaf_value=-0.00016013343836224813 -0.013742268075700684 -0.030506410547115188 0.003051244049100081 -0.032155646451693019 0.0060556612469020825 -0.0079240169878814024 -0.023038168820814185 0.0009817177726836122 -0.00071599123369860173 0.031684335969290552 -0.030293304875332373 0.020115827752516548 -0.00026062348112026269 0.0099807050515943862 0.0010754573887457755 -0.032623010465585599
leaf_weight=759.66717150807381 137.20411503314972 89.995288223028183 42.062627106904984 54.392791926860809 93.06034591794014 55.153468877077103 44.315215885639191 78.10648250579834 110.29565358161926 60.905369967222214 103.49280023574829 249.98532965779305 17305.906694442034 84.610230982303619 58.370527327060699 41.684953838586807
leaf_count=1648 340 72 115 64 147 143 137 144 27 131 352 442 27892 165 70 63
internal_value=-0.000138729 -0.00598879 -0.00175199 -0.00980919 -0.00512412 -0.0139312 4.51736e-05 0.00809017 -6.27076e-05 0.0202386 -0.000136952 0.00346114 -0.000346607 0.0183402 -0.00490674 -0.0111411
internal_weight=19369.2 591.145 387.625 284.657 230.264 203.519 18778.1 248.717 18529.3 102.968 18419.1 1009.65 17409.4 162.717 113.524 86.0002
internal_count=31952 1082 797 551 487 285 30870 509 30361 246 30334 2090 28244 309 213 200
is_linear=0
shrinkage=0.095152


Tree=196
num_leaves=17
num_cat=0
split_feature=8 8 6 3 3 7 5 6 6 6 3 7 8 3 5 6
split_gain=2.08081 5.16948 10.0066 5.30011 3.56855 7.96019 4.39712 4.19613 3.33958 5.75536 5.36417 2.77074 3.02364 7.35325 3.90473 1.94657
threshold=7.7830212433267496 7.705000000000001 -0.87107047384582625 2.1838459869039331 3.2707433621573458 7.9062025029692231 -0.7652660330430997 -0.93842731588559025 -1.0641726821332271 -0.97609506267564228 0.44049314154823277 8.0400000000000027 7.144116301077605 3.2308603589361597 -1.2022392313367674 1.0000000180025095e-35
decision_type=2 2 2 2 2 2 2 2 2 2 2 2 2 2 2 2
left_child=1 11 -3 15 8 7 -7 -6 -2 -10 -11 12 14 -14 -1 -4
right_child=4 2 3 -5 5 6 -8 -9 9 10 -12 -13 13 -15 -16 -17
leaf_value=0.0063796127026941249 -0.0046923797657134362 -0.045811091552567539 -0.075572816447618207 0.028529747351350426 0.011944415491900699 -0.015570499560084583 0.0050965578129309333 0.029880690059955271 0.008291805909228598 0.0089846361866424175 -0.0012726887445738033 -0.0010509784240896405 -0.00068376672461957554 -0.010255556674763662 -0.00014489642725367446 -0.0048063105104372934
leaf_weight=128.50453364849091 472.65868490934372 93.342350095510483 42.478501290082932 76.816198110580444 175.30593883991241 142.25357535481453 338.13066649436951 192.48338288068771 436.63386696577072 217.19903066754341 3113.1039161086082 89.839716076850891 1698.7029346823692 413.03061413764954 11692.79651555419 45.928641200065613
leaf_count=37 115 50 66 79 127 153 187 171 167 246 4328 26 2206 470 23366 158
internal_value=-9.11082e-05 -0.000680381 -0.0139784 7.81371e-05 0.00156022 0.00719001 -0.000856426 0.017699 0.000428991 0.00137855 2.61438e-05 -0.000432947 -0.000541981 -0.00385728 4.95527e-05 -0.0156213
internal_weight=19369.2 14281.4 258.566 165.223 5087.77 848.174 480.384 367.789 4239.6 3766.94 3330.3 14022.9 13933 2111.73 11821.3 88.4071
internal_count=31952 26458 353 303 5494 638 340 298 4856 4741 4574 26105 26079 2676 23403 224
is_linear=0
shrinkage=0.095152


Tree=197
num_leaves=22
num_cat=0
split_feature=9 9 2 4 3 2 9 7 4 7 2 7 2 4 3 9 7 3 4 3 9
split_gain=1.49141 6.03271 8.10604 4.98516 5.99889 4.46463 4.3817 5.70866 4.39788 4.28063 5.69004 3.68458 3.36792 2.48054 2.34137 8.53012 5.09093 2.3213 1.6278 3.77846 1.64867
threshold=3.0188609843048488 2.5685927982943046 -0.42889193791248376 1008.8004489774752 2.0450000000000004 -0.60505606964884906 4.2414197678489964 5.6800000000000024 1003.3035312562519 7.9062025029692231 -0.51974381215551546 6.0123372785560418 -0.38139462512108607 1009.9989960445956 0.57082169953766149 2.1566653943915601 7.7400243980812595 2.6400357281150195 1014.5500000000001 2.1201970661934877 2.3348752552967125
decision_type=2 2 2 2 2 2 2 2 2 2 2 2 2 2 2 2 2 2 2 2 2
left_child=1 14 5 4 6 17 7 -2 -8 10 -6 12 -4 -5 15 16 -1 -3 20 -20 -16
right_child=3 2 11 13 9 -7 8 -9 -10 -11 -12 -13 -14 -15 18 -17 -18 -19 19 -21 -22
leaf_value=-0.0040735234772109399 -0.0094620791427938826 0.0014332601051517491 -0.022206986937781333 -0.017568441732561411 -0.014274167808105273 0.043834051751484956 0.012562119791748058 0.018632261256958625 -0.020441002192043506 -0.022172041987177472 0.0025783413483446505 0.0024596277559441795 -0.0071013523403031815 -0.0015108377382904096 0.0002516187136785337 0.023231261569709016 -0.030646464992729557 0.017953191168617752 -0.019738423762045227 0.0038229320334366938 -0.0018743788874693069
leaf_weight=532.78773590922356 176.40054240822792 189.85155421495438 49.599706709384918 198.78928726911545 263.12921270728111 148.52245852351189 97.443817436695099 305.98382794857025 138.33216965198517 107.47697079181671 423.60357654094696 275.45308974385262 204.54447939991951 120.46258053183556 15134.86284711957 69.988107711076736 75.074104696512222 134.60461458563805 85.163628876209259 77.882100045681 559.25265419483185
leaf_count=906 334 262 27 151 496 65 162 178 171 71 871 186 457 163 26220 54 94 114 95 147 728
internal_value=-6.265e-05 0.000206582 0.00736879 -0.00264573 -0.000352024 0.0164044 0.00593521 0.0111289 -0.00463998 -0.00605367 -0.00324672 -0.000698072 -0.00895812 -0.0134245 -0.000227483 -0.00569825 -0.00934867 0.0100188 6.03872e-06 -0.00941218 0.000105499
internal_weight=19369.2 17537.6 1002.58 1831.62 1512.37 472.979 718.16 482.384 235.776 794.21 686.733 529.597 254.144 319.252 16535 677.85 607.862 324.456 15857.2 163.046 15694.1
internal_count=31952 29355 1111 2597 2283 441 845 512 333 1438 1367 670 484 314 28244 1054 1000 376 27190 242 26948
is_linear=0
shrinkage=0.095152


Tree=198
num_leaves=21
num_cat=0
split_feature=5 0 5 1 3 1 2 5 1 1 3 7 5 3 1 1 0 1 1 7
split_gain=2.21989 4.03059 3.07081 3.6081 4.58143 5.39312 4.66229 2.65607 2.42537 2.1289 3.48999 2.11038 5.58299 3.98533 2.34186 3.41099 2.06409 1.96143 1.54871 1.43196
threshold=-0.86500782323324776 -0.96250573909046033 -0.8662922847128679 -0.46606449927491084 2.4204004681577986 1.2228994624994634 -0.98323381421560352 -1.2022392313367674 0.72501428915853083 0.85885587013335762 3.2936322255167769 7.9799999999999995 -0.029859474398328357 2.2003317273557994 1.2228994624994634 0.99466160899732492 -0.49997890172714615 0.61823679538819187 0.64309362041383478 5.1350000000000007
decision_type=2 2 2 2 2 2 2 2 2 2 2 2 2 2 2 2 2 2 2 2
left_child=2 -2 3 7 6 -6 -5 -1 18 -10 -11 14 13 -13 15 -3 -9 -14 19 -4
right_child=1 11 8 4 5 -7 -8 16 9 10 -12 12 17 -15 -16 -17 -18 -19 -20 -21
leaf_value=0.00059916942655179614 8.0342442532082821e-05 -1.2765171982029248e-05 0.00032397830016355129 -0.0019128997962010884 0.00058526687836758557 -0.020018069374721545 0.016705740153539924 -0.01502170714262137 -0.023980529910818199 0.00071332120858356106 -0.015787743862962937 0.0011855581200612077 0.015521773091043096 -0.0028302261070553376 0.0035147947094194706 -0.0028348954693312254 -0.054054467745337252 0.013556619861417721 0.017289879911271323 -0.0077349013746930663
leaf_weight=39.435722708702087 203.18313354253769 13424.72752019763 382.97373512387276 115.17372298240662 953.40320810675621 74.298222303390503 510.77738299965858 375.24666219949722 110.48757550120354 184.61846405267715 125.31379827857018 579.70592078566551 106.73172962665558 619.60981431603432 337.62773716449738 540.1866557598114 45.292996883392334 123.08126613497734 63.632142513990402 453.70165583491325
leaf_count=13 57 23763 1093 186 1657 17 772 1392 169 204 187 241 95 328 89 624 15 111 85 854
internal_value=-8.75988e-05 0.00038467 -0.00228185 -2.594e-05 0.00204232 -0.00185662 0.00845422 -0.00747336 -0.00587874 -0.0118454 -0.00768083 0.000211283 0.00369624 0.00107387 -0.000136364 -0.000326896 -0.00971531 0.0172401 -0.00306473 -0.00416901
internal_weight=19369.2 15934.9 3434.36 2113.63 1653.65 1027.7 625.951 459.975 1320.73 420.42 309.932 15731.7 1429.13 1199.32 14302.5 13964.9 420.54 229.813 900.308 836.675
internal_count=31952 25308 6644 4052 2632 1674 958 1420 2592 560 391 25251 775 569 24476 24387 1407 206 2032 1947
is_linear=0
shrinkage=0.095152


Tree=199
num_leaves=15
num_cat=0
split_feature=0 1 1 8 8 1 1 5 6 1 9 6 8 9
split_gain=1.96806 1.52623 6.78716 6.45692 13.0262 8.82677 5.93566 3.31826 3.17373 3.03409 2.55032 1.8768 3.09813 1.72203
threshold=-1.0342182019546236 0.79330461233129923 0.76947114399190542 4.96 5.8200000000000029 0.90735081026143583 0.85885587013335762 -1.0013879852237297 -0.93842731588559025 0.89289786299102547 1.6054931956519047 -0.87107047384582625 6.2124934123847657 -1.4232963203590783
decision_type=2 2 2 2 2 2 2 2 2 2 2 2 2 2
left_child=-1 2 7 6 5 -5 13 -2 -9 -6 -8 -4 -13 -3
right_child=1 3 11 4 9 -7 10 8 -10 -11 -12 12 -14 -15
leaf_value=0.00047882120873517697 0.013170060096590851 -0.021945399222471861 0.022598225004855685 0.018678726201868622 -0.0067376610065711532 0.00037038431120438726 -0.01084639071713865 -0.0020287679985788102 0.00055599743741332152 -0.00059238693041024362 0.0013612786950127436 0.034925763330749544 -0.0086036306952353668 -0.058750159748624943
leaf_weight=287.7253834605217 249.91154831647873 71.687032878398895 99.221960723400116 359.7735707461834 744.48960718512535 372.63941866159439 317.85456621646881 3477.4202925264835 9648.9190165102482 3196.1446259915829 192.43860638141632 97.409907191991806 83.62346550822258 169.9500647187233
leaf_count=82 70 112 45 471 743 520 709 3385 22001 2970 256 159 119 310
internal_value=-0.000102625 -0.000221309 0.000314285 -0.00157167 -0.000250979 0.0113868 -0.00974734 5.56221e-06 -0.000200801 -0.00242039 -0.0038771 0.0149332 0.00894858 -0.0220012
internal_weight=19369.2 19081.5 13656.5 5424.98 4673.05 732.413 751.93 13376.3 13126.3 3940.63 510.293 280.255 181.033 241.637
internal_count=31952 31870 25779 6091 4704 991 1387 25456 25386 3713 965 323 278 422
is_linear=0
shrinkage=0.095152


Tree=200
num_leaves=11
num_cat=0
split_feature=1 2 1 2 7 3 7 2 3 2
split_gain=1.91075 1.43552 7.01861 5.97775 4.5074 10.0033 9.53562 3.6365 3.47269 3.19369
threshold=1.7133812078096222 -0.51974381215551546 0.8408143739304369 -0.67125995756753132 6.6400000000000032 2.9850000000000008 4.7200000000000015 -0.5042210510490357 0.18500000000000003 -0.47495107206705001
decision_type=2 2 2 2 2 2 2 2 2 2
left_child=1 2 4 -4 6 -6 -1 -3 -9 -10
right_child=-2 7 3 -5 5 -7 -8 8 9 -11
leaf_value=0.0024567692925200786 -9.013181971601598e-05 0.022987319926534466 -0.0014584046112119742 -0.026462070376062647 -8.0033417900812897e-05 0.0096261479940999636 -0.0069360773591870539 -0.0015591978701977678 -0.0056270343771846996 0.00063087093043865208
leaf_weight=2564.5998873710632 115.05653512477875 167.26057353615761 297.76137438416481 227.49935972690582 1609.6455129384995 558.64944007992744 2093.0655565857887 100.27211740612984 168.7465355694294 11434.381548166275
leaf_count=5988 28 172 79 153 1521 249 2528 91 253 20810
internal_value=0.00016604 9.17606e-05 -0.000952295 -0.0115368 -0.000133821 0.00344652 -0.00180384 0.000739428 0.000538347 0.000692707
internal_weight=19336.9 19221.9 7351.22 525.261 6825.96 2168.29 4657.67 11870.7 11703.4 11603.1
internal_count=31872 31844 10518 232 10286 1770 8516 21326 21154 21063
is_linear=0
shrinkage=0.095152


Tree=201
num_leaves=20
num_cat=0
split_feature=9 3 6 2 9 6 3 8 6 7 8 2 6 2 7 3 7 9 8
split_gain=2.8436 5.37618 5.63539 4.56795 3.80903 5.4806 3.4879 7.75196 4.4511 3.30625 5.04038 2.29001 4.68587 3.7335 1.9497 3.82281 3.06931 3.48501 2.58681
threshold=2.1219496754992222 3.5301525236338578 -1.5316476506453636 -0.65844369711058437 1.710539052778721 -1.1013557022782872 2.7805219727087205 5.8200000000000029 -1.0641726821332271 4.9600000000000035 5.7610327175303899 -0.41327860778290426 -0.65504906176002442 -0.34960951786646516 8.8950000000000014 2.8930719689536999 8.3100000000000023 1.1189811785557462 9.4500000000000028
decision_type=2 2 2 2 2 2 2 2 2 2 2 2 2 2 2 2 2 2 2
left_child=4 2 -2 -3 14 -6 8 -8 -4 10 -5 12 -7 -13 16 -16 18 -18 -1
right_child=1 3 6 9 5 11 7 -9 -10 -11 -12 13 -14 -15 15 -17 17 -19 -20
leaf_value=-4.9767639023577231e-05 0.027859746999163538 -0.011351802166434657 -0.017927175373767344 -1.473697109167881e-05 -0.012743414538113099 -0.011842990976896815 -0.004928973981454139 0.0088313789394739647 0.0012757845408509999 -0.0051985516711640289 0.013661127096596625 0.0080519442184177666 0.0018984892254817433 -0.0014368484720196245 -0.00052454691295445702 0.024116396200541314 -0.0081135937086447545 0.00097770513698348591 0.0095853466477207033
leaf_weight=13028.082884043455 96.085964322090149 117.39519426226616 225.20251643657684 257.00186178088188 114.47165894508362 307.07697686553001 237.31522482633591 482.18333795666695 2423.4586766660213 202.63801571726799 41.71424987912178 57.245210647583008 196.58038651943207 525.36204826831818 175.73591858148575 188.70456227660179 291.83238035440445 129.04247179627419 239.80890074372292
leaf_count=24066 21 103 54 691 27 142 615 293 3237 139 49 37 493 1057 136 105 258 76 273
internal_value=0.000246629 0.00247686 0.00393837 -0.00567604 -0.000349663 -0.00549067 0.00328003 0.00915259 0.0016761 -0.00166934 0.0046596 -0.00337465 -0.0080663 0.000668683 8.91753e-05 0.00694544 -9.30979e-05 -0.00808031 0.000160103
internal_weight=19336.9 4083 3464.25 618.749 15253.9 1200.74 3368.16 719.499 2648.66 501.354 298.716 1086.26 503.657 582.607 14053.2 364.44 13688.8 420.875 13267.9
internal_count=31872 5202 4220 982 26670 1756 4199 908 3291 879 740 1729 635 1094 24914 241 24673 334 24339
is_linear=0
shrinkage=0.095152


Tree=202
num_leaves=24
num_cat=0
split_feature=9 8 8 8 6 9 9 4 4 7 8 8 9 8 8 0 8 9 7 6 0 8 7
split_gain=1.29089 3.5406 4.86615 7.20684 6.1606 2.62303 3.49012 2.99279 2.50752 6.91885 5.02679 8.68929 6.841 4.07877 6.07278 3.02261 2.37438 5.60895 5.63456 4.34695 2.81891 3.57891 1.75317
threshold=2.1219496754992222 9.531980751129753 8.1800000000000033 8.0400000000000027 -1.3781372461623391 2.9509054790453502 3.4378585949867717 1007.5997075027484 1003.8034572343341 4.1807661754691656 5.9621134703127163 5.6100000000000021 1.5782937028725554 3.8205731502561897 3.6000000000000001 0.2557978824054537 7.144116301077605 1.318729794503444 6.9016508313977001 -1.0035543346528775 -0.86239343330004636 7.9843968791761526 8.490000000000002
decision_type=2 2 2 2 2 2 2 2 2 2 2 2 2 2 2 2 2 2 2 2 2 2 2
left_child=8 2 3 4 -2 7 -7 -4 9 13 11 -11 -12 14 -1 -15 17 18 -10 -19 22 -22 -18
right_child=1 -3 5 -5 -6 6 -8 -9 16 10 12 -13 -14 15 -16 -17 20 19 -20 -21 21 -23 -24
leaf_value=0.001935909459116659 0.023779335414267078 -0.027886435343189669 0.037671809326684715 -0.01674271640814402 0.00033724153570111623 -0.0068388445229701465 0.0095531338717318483 0.0014992151223030548 0.0020248891572372868 -0.0075390755142397507 0.0063576849748005889 -0.021123069460992999 -0.011032787224247562 0.016434447063497438 -0.01832182232352516 0.000246020907893315 -0.0073409374827933813 -0.045774827617165059 0.013069953968867594 -0.0047248155437494945 -0.0024231923464647738 0.0011057080276133204 0.00049711158477932366
leaf_weight=570.24919301271439 122.70987915992737 189.96003240346909 125.54990616440773 148.39627739787102 2705.8773447275162 185.18213894963264 329.77720966935158 275.54225337505341 5027.8031187951565 986.71528252959251 585.24562868475914 281.19659292697906 111.83836853504181 561.47493636608124 196.22508579492569 544.45332452654839 467.99792075157166 70.777603149414062 235.68610802292824 629.43679794669151 2174.1244656443596 2684.2622897028923 126.45668265223503
leaf_count=1715 29 144 83 99 4297 129 178 243 10263 1824 651 390 64 1434 419 1315 1026 18 197 1392 2717 3057 188
internal_value=0.000196469 0.0016992 0.00232221 0.000450309 0.00153075 0.008382 0.00383812 0.0141517 -0.000205044 -0.00230944 -0.00625298 -0.00981854 0.000220542 0.00182384 -0.0034969 0.00552271 0.000501372 0.00181404 0.00288032 -0.00617303 -0.000932037 -0.000171769 -0.00710971
internal_weight=19336.9 4083 3893.04 2976.98 2828.59 916.052 514.959 401.092 15253.9 3837.4 1965 1267.91 697.084 1872.4 766.474 1105.93 11416.5 5963.7 5263.49 700.214 5452.84 4858.39 594.455
internal_count=31872 5202 5058 4425 4326 633 307 326 26670 7812 2929 2214 715 4883 2134 2749 18858 11870 10460 1410 6988 5774 1214
is_linear=0
shrinkage=0.095152


Tree=203
num_leaves=7
num_cat=0
split_feature=1 2 2 2 1 2
split_gain=1.9065 1.80939 3.72023 1.45956 10.4336 2.78982
threshold=1.7133812078096222 -1.3489882688436168 -1.0601077511134196 -0.88175368378555585 0.14634440169250132 -0.75508487541899094
decision_type=2 2 2 2 2 2
left_child=1 -1 -3 4 -4 -5
right_child=-2 2 3 5 -6 -7
leaf_value=-0.0016700525975722478 0.0013109890203122608 0.0041757504141883128 0.0019494232542821026 0.0034245538053138767 -0.014980790671869732 -1.0931327182294518e-05
leaf_weight=342.46881473064423 115.05653512477875 328.71913325786591 1920.2311691343784 1578.3969326913357 1094.6813796460629 13957.384476304054
leaf_count=95 28 98 3372 2227 1818 24234
internal_value=0.000179434 0.000105235 0.00023045 5.15933e-05 -0.00186307 0.000424107
internal_weight=19336.9 19221.9 18879.4 18550.7 3014.91 15535.8
internal_count=31872 31844 31749 31651 5190 26461
is_linear=0
shrinkage=0.095152


Tree=204
num_leaves=10
num_cat=0
split_feature=2 2 4 4 3 4 8 8 8
split_gain=1.83315 2.74916 1.78849 2.92765 2.89112 2.83829 2.95165 2.8193 2.51368
threshold=-1.3489882688436168 -1.0601077511134196 1009.307120732164 1010.8000013270547 0.44049314154823277 1009.1002187809194 8.7350000000000012 9.4500000000000028 6.950000000000002
decision_type=2 2 2 2 2 2 2 2 2
left_child=-1 -2 5 4 -4 7 -7 -3 -5
right_child=1 2 3 8 -6 6 -8 -9 -10
leaf_value=-0.0015141892667667296 0.0037784195625070911 1.7883122226265947e-06 0.019097772712751732 0.0020491419602151877 0.0030163655847336786 -0.010693557953797108 -0.0074716206036566854 -0.015277634419968867 -0.0012378013494954918
leaf_weight=346.20697724819183 328.71913325786591 12242.819365531206 155.9681861102581 1174.9888996779919 2852.1759923100471 335.75458598136902 78.300180971622467 313.93704178929329 1508.0680780112743
leaf_count=97 98 21507 199 2451 4297 523 72 229 2399
internal_value=0.000160293 0.000286245 0.000133292 0.00153988 0.00357811 -0.000482988 -0.00822211 -0.00022592 -0.000741213
internal_weight=19336.9 18990.7 18662 5691.2 3008.14 12970.8 414.055 12556.8 2683.06
internal_count=31872 31775 31677 9346 4496 22331 595 21736 4850
is_linear=0
shrinkage=0.095152


Tree=205
num_leaves=9
num_cat=0
split_feature=0 0 5 5 7 0 0 0
split_gain=1.9188 2.35681 1.91524 5.34062 2.76106 6.9547 3.82545 2.24787
threshold=-1.285259354231987 -1.1818386040164222 -0.86500782323324776 -0.78169193144134119 7.200000000000002 -0.059417475520539144 0.1689965033885551 -0.96250573909046033
decision_type=2 2 2 2 2 2 2 2
left_child=-1 -2 4 -4 6 -6 -3 -5
right_child=1 2 3 7 5 -7 -8 -9
leaf_value=0.0016265813811080327 -0.01443734850114848 -0.00033619698618606307 0.015091770099155697 0.0099520943985816155 -0.0038064818375164265 -0.014919508297179356 -0.00016384444375833882 0.00022760779792040231
leaf_weight=122.93788516521454 65.676603734493256 2318.0208215713501 134.06798654794693 69.076325535774231 925.86319467425346 79.349425315856934 56.551992833614349 15608.927684783936
leaf_count=35 16 5149 37 24 1381 20 17 25193
internal_value=0.000147178 7.04477e-05 0.000133304 0.000573415 -0.00192136 -0.00609802 -0.000145453 0.000410033
internal_weight=19380.5 19257.5 19191.9 15812.1 3379.79 1005.21 2374.57 15678
internal_count=31872 31837 31821 25254 6567 1401 5166 25217
is_linear=0
shrinkage=0.095152


Tree=206
num_leaves=10
num_cat=0
split_feature=1 0 1 1 9 6 5 5 8
split_gain=3.14393 3.46917 1.99406 7.41466 4.71748 4.45441 3.68316 6.23316 4.19007
threshold=1.492640851033227 -1.1225163061476626 0.47146475767959806 0.34617407010811901 -3.0577111180029557 -1.8966261760455443 0.64655832863031648 0.50217317375345694 9.6761245795069133
decision_type=2 2 2 2 2 2 2 2 2
left_child=1 -1 3 5 -5 -3 7 -4 -8
right_child=-2 2 6 4 -6 -7 8 -9 -10
leaf_value=0.0012558723440286264 -0.0028090652264520441 0.0068121476303937591 0.0011015145891353304 -0.035574282181315718 -0.0033588663768006838 -7.3761378173145537e-05 -0.0019882878341599811 0.033937226945333167 -0.033012090353476339
leaf_weight=208.0900667309761 210.86820411682129 52.67197859287262 6822.0399612188339 76.790098637342453 939.46252062916756 9492.1129058599472 1384.3070857524872 117.46879601478577 76.660302609205246
leaf_count=57 54 14 7236 73 1369 20178 2740 28 123
internal_value=0.000308424 0.000180226 4.50233e-05 -0.000824493 -0.00854554 0 0.00113965 0.00205498 -0.00319726
internal_weight=19380.5 19169.6 18961.5 10561 1016.25 9544.78 8400.48 6939.51 1460.97
internal_count=31872 31818 31761 21634 1442 20192 10127 7264 2863
is_linear=0
shrinkage=0.095152


Tree=207
num_leaves=10
num_cat=0
split_feature=1 0 1 1 9 4 4 0 6
split_gain=3.16772 3.49425 1.67728 5.77688 4.02266 2.78886 1.97175 7.43911 4.331
threshold=1.492640851033227 -1.1225163061476626 -0.75548631800528532 -0.80999938932185322 2.8380631124619207 1008.3985581134544 1007.7001227931106 0.90998310603959054 -0.97012145854046394
decision_type=2 2 2 2 2 2 2 2 2
left_child=1 -1 3 4 -3 -5 8 -8 -4
right_child=-2 2 6 5 -6 -7 7 -9 -10
leaf_value=0.001136373624382493 -0.0025417771540948678 0.00063144577068364484 -0.0034394924575151037 -0.00955151417697272 -0.030609155303852758 -0.042108998022441529 0.0014706225249832123 -0.0051061534695773349 0.00031129673816161248
leaf_weight=208.0900667309761 210.86820411682129 2354.636111676693 1112.2532962858677 186.15510666370392 158.74303904175758 123.9869969189167 6967.0096910893917 886.21125364303589 7172.5181539952755
leaf_count=57 54 6091 687 540 440 351 9009 1432 13211
internal_value=0.00026517 0.000136496 8.13025e-07 -0.00213744 -0.000616986 -0.0143621 0.000375862 0.00145652 -0.000647035
internal_weight=19380.5 19169.6 18961.5 2823.52 2513.38 310.142 16138 7853.22 8284.77
internal_count=31872 31818 31761 7422 6531 891 24339 10441 13898
is_linear=0
shrinkage=0.095152


Tree=208
num_leaves=26
num_cat=0
split_feature=6 7 6 2 6 6 6 5 9 3 3 5 3 3 9 3 2 2 5 7 7 3 2 2 3
split_gain=1.5858 2.64985 2.13171 7.82916 7.0358 6.31586 5.67774 6.01413 4.68883 3.72393 2.73946 2.13576 3.78739 2.90647 1.89321 5.09953 2.88078 2.74028 2.52149 2.0482 1.70519 0.53087 0.511629 0.503997 0.328364
threshold=0.69971674903203429 6.831994942277114 -0.49182347202724191 -0.24429564281217422 -0.50248067388556295 -0.25990157396951935 -0.70674862550735462 0.78364510437725465 3.2757669320522198 5.0703928444738571 5.6250000000000009 -0.9666783414850374 2.6804690395348527 3.252724642808229 -2.1489220287166577 3.2402994710134996 0.09031985754373785 0.95493138204271821 -1.0000000180025095e-35 4.7200000000000015 7.9062025029692231 1.3630722932381316 -0.096109978008191058 -0.20081413600174616 1.0401255759566828
decision_type=2 2 2 2 2 2 2 2 2 2 2 2 2 2 2 2 2 2 2 2 2 2 2 2 2
left_child=2 14 4 11 6 -5 7 -1 10 -7 -6 13 -13 -4 15 19 18 -18 -16 -2 -10 22 24 -23 -3
right_child=1 21 3 5 8 9 -8 -9 20 -11 -12 12 -14 -15 16 -17 17 -19 -20 -21 -22 23 -24 -25 -26
leaf_value=8.4446160338699787e-06 -0.0055291227246527935 -0.023682356311982341 0.012971358950583232 0.024379253271127426 -0.012305603305936233 -0.00037016001642752478 0.0062283667485990221 0.040119047163389904 0.010161819086323937 -0.024062309097716377 0.009354014797677725 0.0078283912371865712 0.019587333890466713 -0.013161981516572666 0.0031518755597335362 -0.012602928610533852 0.0072797261065619323 -0.0059902408495889096 -0.012655152708795126 0.01130380290286981 -0.01520958907995308 -0.026546656089626367 -0.020952913431020861 0.0030329416782434631 -0.0027978463757424039
leaf_weight=9800.2474575340748 117.66606405377388 42.401590347290039 215.8720577955246 163.63244760036469 1059.0521237552166 2723.9966885149479 518.71843993663788 121.16474956274033 189.83235815167427 150.14068427681923 56.036661863327026 1045.9016687870026 491.64981511235237 44.413999080657959 469.55512586236 127.74944347143173 899.90004241466522 295.51059150695801 548.24517217278481 65.259564846754074 62.712376713752747 33.478175342082977 68.30095562338829 38.35742712020874 30.676238715648651
leaf_count=9604 287 168 495 42 2012 5766 135 38 407 327 141 2781 1040 57 1708 176 3009 807 2107 199 35 132 184 98 117
internal_value=0.000310633 -0.00181001 0.00066027 0.00234275 -2.78612e-05 -0.000599236 0.000811987 0.000302616 -0.00644281 -0.00164182 -0.00909665 0.00731756 0.0086664 -0.000605181 -0.000940978 -0.00787991 3.15205e-05 0.00320321 -0.00368044 0.00226013 0.00521084 -0.0119669 -0.0153811 -0.00491326 -0.00926106
internal_weight=19380.5 2737.1 16643.4 4835.61 11807.8 3037.77 10440.1 9921.41 1367.63 2874.14 1115.09 1797.84 1537.55 260.286 2523.89 310.675 2213.21 1195.41 1017.8 182.926 252.545 213.214 141.379 71.8356 73.0778
internal_count=31872 8992 22880 10508 12372 6135 9777 9642 2595 6093 2153 4373 3821 552 8293 662 7631 3816 3815 486 442 699 469 230 285
is_linear=0
shrinkage=0.095152


Tree=209
num_leaves=7
num_cat=0
split_feature=1 0 3 8 1 1
split_gain=3.17104 3.49773 1.36776 1.60488 5.4241 1.49128
threshold=1.492640851033227 -1.1225163061476626 0.18500000000000003 9.9774315447996607 0.99611316860347732 0.47146475767959806
decision_type=2 2 2 2 2 2
left_child=1 -1 -3 5 -5 -4
right_child=-2 2 3 4 -6 -7
leaf_value=0.00052080023448013374 -0.0023007255884863421 -0.002693641838756481 -0.00034785532854241939 -0.014059644172190052 0.0098657637687226529 0.00057896124981388173
leaf_weight=208.0900667309761 210.86820411682129 169.91201984882355 10450.449034154415 240.86133748292923 184.42757937312126 7915.8636784553528
leaf_count=57 54 148 21497 230 141 9745
internal_value=0.000259134 0.000130394 -4.01177e-06 7.2458e-05 -0.00569578 0.00020713
internal_weight=19380.5 19169.6 18961.5 18791.6 425.289 18366.3
internal_count=31872 31818 31761 31613 371 31242
is_linear=0
shrinkage=0.095152


Tree=210
num_leaves=10
num_cat=0
split_feature=1 0 8 2 8 8 8 8 8
split_gain=4.78084 2.76809 1.46122 5.64711 8.12265 7.16639 2.13582 7.15922 2.4919
threshold=1.7133812078096222 -1.0501315690591613 8.0900527530617072 -0.88175368378555585 8.4300000000000033 8.6000000000000014 7.9007902177818208 7.9300000000000024 7.7830212433267496
decision_type=2 2 2 2 2 2 2 2 2
left_child=1 -1 6 5 -5 -4 8 -8 -3
right_child=-2 2 3 4 -6 -7 7 -9 -10
leaf_value=0.00062438310324595308 0.0028056764036361514 -0.00018688172313896366 -0.0095521841335047594 0.02091267073278805 0.00029789376999670868 0.0041728812651811859 -0.017614766829466638 -0.00040217804652159327 0.0088882094217479553
leaf_weight=264.07479399442673 98.775736927986145 13970.180782437325 501.68248039484024 779.36377549171448 2201.5426075160503 383.30600640177727 113.16807904839516 559.64878711104393 460.4136421084404
leaf_count=75 23 26359 508 886 2287 402 117 635 591
internal_value=0.000334684 0.000226038 9.03299e-05 0.0017412 0.00372501 -0.00492196 -0.000331504 -0.00556662 -8.60382e-05
internal_weight=19332.2 19233.4 18969.3 3865.89 2980.91 884.988 15103.4 672.817 14430.6
internal_count=31883 31860 31785 4083 3173 910 27702 752 26950
is_linear=0
shrinkage=0.095152


Tree=211
num_leaves=7
num_cat=0
split_feature=7 1 0 4 7 0
split_gain=2.64179 2.57816 1.93315 2.02133 4.16714 3.60051
threshold=10.181851640964988 1.7133812078096222 -1.0501315690591613 1006.5026953460016 4.8500000000000041 0.90998310603959054
decision_type=2 2 2 2 2 2
left_child=1 2 -1 4 -4 -5
right_child=-2 -3 3 5 -6 -7
leaf_value=0.00067437651714544167 0.0040904064451792576 0.0025387107844240179 0.00032531416647981604 0.00075273244789023682 -0.0035985990319027704 -0.0025603847433900463
leaf_weight=253.39586228132248 192.90475213527679 98.775736927986145 5137.8689667582512 9984.2872965633869 2603.8713052868843 1061.0527714788914
leaf_count=73 94 23 13140 13728 2764 2061
internal_value=0.000255885 0.000143144 6.23859e-05 -4.85765e-05 -0.001228 0.00077698
internal_weight=19332.2 19139.3 19040.5 18787.1 7741.74 11045.3
internal_count=31883 31789 31766 31693 15904 15789
is_linear=0
shrinkage=0.095152


Tree=212
num_leaves=14
num_cat=0
split_feature=1 8 5 2 5 1 5 2 8 3 1 2 5
split_gain=2.50417 2.22038 4.25877 6.523 5.29865 5.37776 5.3441 4.32835 3.86352 3.8495 6.0814 4.81209 1.70338
threshold=1.7133812078096222 6.080000000000001 -0.28322069441665038 0.98662138620987927 0.26832024756670908 0.50140835354358082 0.85598551460090733 -0.69637622559687229 6.035000000000001 2.7310370842879963 0.36219763472910244 0.88961433068491413 -0.16161740152173973
decision_type=2 2 2 2 2 2 2 2 2 2 2 2 2
left_child=1 8 3 7 5 -4 -6 -3 9 11 -11 -1 -10
right_child=-2 2 4 -5 6 -7 -8 -9 12 10 -12 -13 -14
leaf_value=0.00037146388104071114 0.0022971474681112857 0.0041339457999457476 -0.0071113092621505882 -0.025123249793202105 0.0082861883403767059 0.00021128719313443913 -0.0030081565492065545 0.00077915496210096411 -0.035021741183195655 0.0010088124140806812 -0.00423000952805473 0.018961329493629157 -0.0032417357109071981
leaf_weight=3263.0134254395962 98.775736927986145 1724.0062072277069 1911.7862613797188 102.00071436166763 1368.7040828764439 1790.6075956821442 1306.270266354084 2989.101541697979 56.832615524530411 2242.2760234177113 2100.3583632409573 315.56251963973045 62.861337661743164
leaf_count=7146 23 1501 2092 187 2159 1298 2640 3448 120 6666 3682 806 115
internal_value=0.000360979 0.000282149 0.00114915 0.00328512 -0.000461932 -0.00279452 0.00276159 0.00380494 -0.000923069 -0.000663472 -0.00256842 0.00164473 -0.0177983
internal_weight=19332.2 19233.4 11192.5 4815.11 6377.37 3702.39 2674.97 4713.11 8040.9 7921.21 4342.63 3578.58 119.694
internal_count=31883 31860 13325 5136 8189 3390 4799 4949 18535 18300 10348 7952 235
is_linear=0
shrinkage=0.095152


Tree=213
num_leaves=10
num_cat=0
split_feature=1 8 0 8 1 1 8 7 4
split_gain=2.53258 1.70023 4.24552 3.80417 3.65819 7.50958 3.48965 2.64441 1.41068
threshold=1.7133812078096222 6.080000000000001 -1.0501315690591613 6.035000000000001 0.99965739133362419 0.91417015418394287 6.1200000000000001 2.8057443512329887 1008.0997025591265
decision_type=2 2 2 2 2 2 2 2 2
left_child=1 3 -3 4 5 -1 -4 -8 -5
right_child=-2 2 6 8 -6 -7 7 -9 -10
leaf_value=-0.0003540403377878885 0.0020785693756944757 0.003525171305146446 0.025565930361233991 -0.02649883373242885 0.0075363857924278356 -0.016927835738301478 0.0074977412484996814 9.7678135859857919e-05 -0.0022404300946443434
leaf_weight=7137.6106317937374 98.775736927986145 202.82310354709625 109.63544914126396 64.972994059324265 310.02387267351151 473.57582727074623 492.10689115524292 10387.911225736141 54.72095912694931
leaf_count=17007 23 57 115 129 143 1150 1118 12035 106
internal_value=0.000276806 0.000197545 0.000956321 -0.000857027 -0.000599435 -0.00101433 0.000702431 0.000529914 -0.0176018
internal_weight=19332.2 19233.4 11192.5 8040.9 7921.21 7611.19 10989.7 10880 119.694
internal_count=31883 31860 13325 18535 18300 18157 13268 13153 235
is_linear=0
shrinkage=0.095152


Tree=214
num_leaves=25
num_cat=0
split_feature=8 7 5 7 1 1 3 8 9 8 8 9 3 9 7 5 5 9 3 9 7 9 1 1
split_gain=1.59026 3.89818 11.8085 5.24196 4.26856 9.15706 3.81318 5.16841 5.84959 6.8518 5.21696 5.06944 4.87342 4.63529 3.61094 3.51226 5.59906 3.73749 3.36823 3.31164 6.52026 4.19856 2.80713 1.63993
threshold=6.080000000000001 4.8500000000000041 0.00092633769936870981 4.8000000000000034 0.8125275233825292 0.89289786299102547 2.6400357281150195 6.7419957678584685 1.3853697324184717 8.980000000000004 8.7350000000000012 1.318729794503444 3.3329063291751169 -4.3398605665762942 6.5699999999999994 0.48517062943232664 0.70897915046959936 -3.7821958941370553 5.3450000000000006 0.9077573259485342 7.9799999999999995 0.38985690848052462 0.9013362454621362 0.54530282644685557
decision_type=2 2 2 2 2 2 2 2 2 2 2 2 2 2 2 2 2 2 2 2 2 2 2 2
left_child=1 3 4 15 18 -6 13 11 9 -9 -10 14 -13 -2 -8 17 -17 -1 -3 21 -21 -15 23 -4
right_child=6 2 22 -5 5 -7 7 8 10 -11 -12 12 -14 19 -16 16 -18 -19 -20 20 -22 -23 -24 -25
leaf_value=-0.0056904727108650363 0.016594780758492095 -0.014807913889809676 0.018774773621950677 0.024383409700803924 0.010077374838906604 -0.003368335500677009 0.01094566494178547 -0.0026613697147143144 0.00918451463430809 0.0085224914406565478 -0.012097444356741333 0.014083402082511203 -0.0068832014063361013 -0.0004080115843984713 0.035690595872300439 -0.009831240739243444 0.0012476359929890996 0.0024408149999232396 0.027628466225873179 -0.0032349326778002814 0.0024424786315279511 0.009505884328424672 -0.00041186212788729703 0.032614899906483794
leaf_weight=285.92968663573265 163.54697954654694 795.53704306483269 156.94781023263931 90.684739679098129 203.08235239982605 248.20011293888092 524.4918717443943 1589.1822875440121 761.84965068101883 315.00951606035233 191.27263370156288 133.19967848062515 153.99254158139229 2983.9214467406273 150.75963801145554 1105.2261528074741 1357.8821336328983 3614.7339709103107 59.624295502901077 2616.3605065941811 874.32891011238098 806.91965147852898 73.963035076856613 75.510046273469925
leaf_count=601 102 1342 233 148 138 264 787 1814 484 166 120 143 133 4788 81 2911 3794 8867 78 3023 600 1101 69 96
internal_value=0.000172707 -0.000846183 -0.00502861 0.000197797 -0.00897693 -0.0014513 0.000903531 0.00334736 0.00130907 -0.00173177 0.00739141 0.00937509 -0.00117094 -0.000348961 0.0138727 -0.000126255 -0.00294028 0.00164782 -0.0129249 -0.000707763 -0.002823 0.00123695 0.0117294 0.0168541
internal_weight=19332.2 8067.32 1612.86 6454.46 1306.44 451.282 11264.8 3819.76 2857.31 1904.19 953.122 962.444 287.192 7445.08 675.252 6363.77 2463.11 3900.66 855.161 7281.53 3490.69 3790.84 306.421 232.458
internal_count=31883 18541 2220 16321 1822 402 13342 3728 2584 1980 604 1144 276 9614 868 16173 6705 9468 1420 9512 3623 5889 398 329
is_linear=0
shrinkage=0.095152


Tree=215
num_leaves=11
num_cat=0
split_feature=7 3 2 2 9 7 0 0 9 4
split_gain=1.91641 1.59961 3.76703 4.52776 4.08217 4.28455 2.23961 4.59763 1.92006 1.19669
threshold=10.181851640964988 0.57082169953766149 0.21067229501317755 0.75119891184537113 2.2990829870027381 7.5731807435009602 -1.3671690527414386 -1.1818386040164222 1.2976894247916599 1007.5997075027484
decision_type=2 2 2 2 2 2 2 2 2 2
left_child=1 2 4 9 5 -1 -3 -8 -9 -4
right_child=-2 6 3 -5 -6 -7 7 8 -10 -11
leaf_value=-0.0039749201028097397 0.0073145812848467388 0.0024801026080656244 0.026049924792088751 -0.065190900993377973 0.0012183813677753724 -0.027998180066882306 -0.045532032451640059 0.0005632725850977145 -0.00066480359959443069 0.026282820713424099
leaf_weight=407.332937926054 208.75029915571213 87.049714684486389 54.353376656770706 54.205547749996185 227.21877619624138 81.395710378885269 66.119651257991791 11996.477760970592 5964.8784134089947 91.981270015239716
leaf_count=555 98 24 64 98 163 107 18 21922 8623 228
internal_value=2.18441e-05 -7.72634e-05 -0.003953 0.00750719 -0.00718892 -0.0120832 0.000118402 4.3604e-05 0.00013743 0.0162184
internal_weight=19239.8 19031 916.488 200.54 715.947 488.729 18114.5 18027.5 17961.4 146.335
internal_count=31900 31802 1215 390 825 662 30587 30563 30545 292
is_linear=0
shrinkage=0.095152


Tree=216
num_leaves=7
num_cat=0
split_feature=6 1 7 0 7 0
split_gain=5.51257 4.5368 2.16014 1.86037 4.97374 3.65176
threshold=-1.5795604215207197 1.7133812078096222 10.181851640964988 0.36723905084392999 8.245000000000001 0.25956736790250973
decision_type=2 2 2 2 2 2
left_child=-1 2 3 5 -5 -2
right_child=1 -3 -4 4 -6 -7
leaf_value=-0.0093948472671007525 0.00021989528844203288 0.0037561987455346836 0.0095617069482181998 -0.0012021976993579716 0.095315860623508261 0.00033976041101366222
leaf_weight=310.57011729478836 12529.265386372805 115.81091034412384 194.86236268281937 5799.8778009414673 66.421080112457275 222.95580065250397
leaf_count=81 19811 28 95 11779 51 55
internal_value=0.00013643 0.000343807 0.000226861 0.000121494 -0.00127986 0.000767213
internal_weight=19239.8 18929.2 18813.4 18618.5 5866.3 12752.2
internal_count=31900 31819 31791 31696 11830 19866
is_linear=0
shrinkage=0.095152


Tree=217
num_leaves=16
num_cat=0
split_feature=7 1 1 3 1 8 0 8 7 1 1 1 7 8 7
split_gain=1.85406 2.07167 5.05246 6.1666 4.66943 4.42467 4.06984 4.03338 4.80522 4.36848 4.06038 3.61446 2.67556 2.1885 1.84133
threshold=10.181851640964988 0.99232614502972039 0.9746956184065646 2.9636488952233599 0.95992380042979863 8.361362027203274 0.4990415606769007 6.035000000000001 6.0400000000000018 1.0003384133968634 1.1426658481917249 0.99965739133362419 7.0000000000000027 9.6761245795069133 5.1350000000000007
decision_type=2 2 2 2 2 2 2 2 2 2 2 2 2 2 2
left_child=1 2 4 6 13 -6 -4 9 14 11 -10 -3 -5 -1 -9
right_child=-2 7 3 12 5 -7 -8 8 10 -11 -12 -13 -14 -15 -16
leaf_value=0.0001414688552474282 0.0057087693201103946 -0.062549409000527481 0.0055425946790818468 0.0073028610960750254 -0.0058116796591781098 -0.036599464908683023 -0.0056684001029179698 -0.012735106924496841 0.0012078812349814246 0.0019725417258694314 -0.0041107062688631952 0.0020536317072737914 0.078355762298892892 -0.009780522502477294 -0.0085665317689824112
leaf_weight=16373.496512830257 208.75029915571213 70.375698417425156 341.61865866184235 147.89280006289482 230.28766810894012 80.243590146303177 139.5674307346344 148.42726412415504 419.09069815278053 263.82811057567596 340.75357484817505 48.784160852432251 130.44070360064507 151.78446471691132 144.42182341217995
leaf_count=28973 98 215 302 354 492 80 222 199 395 73 87 70 38 184 118
internal_value=0.0001701 7.12794e-05 0.000355614 0.00793993 1.2093e-05 -0.0115215 0.00137659 -0.00340164 -0.00644692 0.00492881 -0.00242496 -0.0100595 0.0191796 0.00023052 -0.0167801
internal_weight=19239.8 19031 17595.3 759.52 16835.8 310.531 481.186 1435.68 1052.69 382.988 759.844 119.16 278.334 16525.3 292.849
internal_count=31900 31802 30645 916 29729 572 524 1157 799 358 482 285 392 29157 317
is_linear=0
shrinkage=0.095152


Tree=218
num_leaves=15
num_cat=0
split_feature=8 3 9 7 8 2 2 8 9 7 5 7 3 8
split_gain=1.63725 3.74128 3.79045 6.00556 5.86965 7.38593 3.23117 2.77204 3.67787 3.2884 5.16273 2.20421 2.13814 1.1287
threshold=8.5131629272476044 0.49500000000000005 -1.1753964944128901 6.0400000000000018 8.7900000000000027 -0.16677875182150789 -0.16677875182150789 8.4300000000000033 2.1219496754992222 8.1799999999999997 -1.3747962699251615 7.080000000000001 2.2441890725770901 9.7780784743280993
decision_type=2 2 2 2 2 2 2 2 2 2 2 2 2 2
left_child=7 -2 3 -3 6 -6 -4 9 -9 10 -1 -12 -11 -5
right_child=1 2 4 13 5 -7 -8 8 -10 12 11 -13 -14 -15
leaf_value=-0.010754862648958504 0.0072640625999453824 -0.0030186751544951122 0.012744395768335689 0.0014633493257061271 -0.011468979192384116 0.0035130557303666141 -0.0052760191256704557 -0.017170577456816494 -0.0034464860002559354 0.0080365777093171671 0.00016526423241110689 -0.0012167616892181951 -0.0073578535338041737 0.01742291275270955
leaf_weight=100.46095752716064 160.05580553412437 130.43227544426918 414.34049412608147 95.490442663431168 664.10969614982605 766.5076630115509 183.02981346845627 167.34369224309921 108.12921404838562 216.94235762953758 14102.90979167819 1821.6261016726494 209.56009396910667 98.825059235095978
leaf_count=34 138 154 411 154 643 804 218 190 82 115 27131 1665 111 50
internal_value=0.00026895 0.00253307 0.00156473 0.0110864 2.7346e-05 -0.00327424 0.007945 -7.05904e-05 -0.00951362 8.75227e-05 -0.000131489 4.26569e-06 0.00832066 0.0216436
internal_weight=19239.8 2512.79 2352.74 324.748 2027.99 1430.62 597.37 16727 275.473 16451.5 16025 15924.5 426.502 194.316
internal_count=31900 2572 2434 358 2076 1447 629 29328 272 29056 28830 28796 226 204
is_linear=0
shrinkage=0.095152


Tree=219
num_leaves=11
num_cat=0
split_feature=0 9 6 2 2 0 6 2 4 2
split_gain=1.71594 1.15132 6.6114 4.41039 6.22989 4.85842 3.38889 2.38272 6.88786 2.91078
threshold=-1.0342182019546236 -1.7400788236746754 -1.3018519803880284 -0.97596079711657202 0.84702168687715174 0.18272963425172831 -1.5795604215207197 -0.98039918412989879 1001.0187453044977 -0.92332360912427902
decision_type=2 2 2 2 2 2 2 2 2 2
left_child=-1 2 -2 5 -5 -4 -3 8 -8 -9
right_child=1 6 3 4 -6 -7 7 9 -10 -11
leaf_value=0.00098044176462330573 -0.0017466442008017703 -0.015404473779700858 0.030580192439016836 -0.003672778503646024 0.0036891491190151945 -0.0011255832022742844 0.020448226491249034 0.0045027983115591939 -0.0035825819181548447 -1.1802435626163216e-05
leaf_weight=280.41751736402512 62.239408731460571 244.8594496846199 250.99592146277428 1876.4916864037514 716.78473260998726 107.72990000247955 117.69042053818703 1142.8969253003597 1186.2520769834518 13253.405419319868
leaf_count=82 19 64 338 3403 1086 139 114 1684 1728 23243
internal_value=0.000263404 0.000153162 0.00185848 0.00119953 -0.000165709 0.011068 -0.00016854 4.35449e-06 -0.00388756 0.000358082
internal_weight=19239.8 18959.3 3014.24 2952 2593.28 358.726 15945.1 15700.2 1303.94 14396.3
internal_count=31900 31818 4985 4966 4489 477 26833 26769 1842 24927
is_linear=0
shrinkage=0.095152


Tree=220
num_leaves=7
num_cat=0
split_feature=1 4 1 1 4 1
split_gain=3.02064 1.60173 2.39422 2.81554 2.21872 0.832147
threshold=1.7133812078096222 999.0052012538689 1.0457574278135011 1.0003384133968634 1004.8131779216164 0.89289786299102547
decision_type=2 2 2 2 2 2
left_child=1 5 3 4 -3 -1
right_child=-2 2 -4 -5 -6 -7
leaf_value=0.0059094222885432476 0.0039579291875064138 -0.0013225451485567069 -0.0019756322398773118 0.00089181892349890631 0.00047513481803527048 0.00077074791646240684
leaf_weight=179.32697436213493 113.09033405780792 5499.6831419169903 636.68618643283844 81.147355794906616 12600.833263099194 190.66390141844749
leaf_count=121 28 12407 177 22 19085 82
internal_value=0.000191776 9.91758e-05 -2.22642e-05 0.000178091 9.74391e-05 0.00628774
internal_weight=19301.4 19188.3 18818.3 18181.7 18100.5 369.991
internal_count=31922 31894 31691 31514 31492 203
is_linear=0
shrinkage=0.095152


Tree=221
num_leaves=9
num_cat=0
split_feature=0 0 5 5 2 2 8 8
split_gain=2.03026 4.13154 1.73983 5.06259 3.3731 2.98222 6.54921 3.06852
threshold=-1.41154410393985 -1.1225163061476626 -0.70453509935217817 -0.63927628420980609 -0.88175368378555585 -0.38604159279334443 9.129999999999999 10.210112045152519
decision_type=2 2 2 2 2 2 2 2
left_child=-1 -2 5 -4 -5 6 -3 -7
right_child=1 2 3 4 -6 7 -8 -9
leaf_value=-0.010464128087515744 0.0023816339726776717 0.0023511676775252884 0.0073565011840547624 -0.0016267451783702734 0.00072047355987631644 -0.0030328712605569271 -0.028218435656957037 0.0047263458420832806
leaf_weight=76.248338341712952 131.59814071655273 2136.5988899767399 114.04343950748444 2642.4982131719589 11363.07015901804 2674.7310647964478 85.735126465559006 76.907785087823868
leaf_count=22 34 3318 35 3819 18789 5724 106 75
internal_value=0.00022528 0.000287908 0.00017083 0.000710518 0.000545993 -0.0013584 0.00122956 -0.00345274
internal_weight=19301.4 19225.2 19093.6 14119.6 14005.6 4973.97 2222.33 2751.64
internal_count=31922 31900 31866 22643 22608 9223 3424 5799
is_linear=0
shrinkage=0.095152


Tree=222
num_leaves=11
num_cat=0
split_feature=1 4 7 4 1 5 7 4 6 1
split_gain=2.9924 2.40865 1.8627 1.74658 5.43446 5.00779 3.26292 2.44003 9.54248 4.85214
threshold=1.7133812078096222 1014.7500000000001 4.2200000000000015 1000.6067012207894 -0.10251164299844809 -0.96197041336829503 4.8500000000000041 1004.7046703795089 -0.97012145854046394 1.0457574278135011
decision_type=2 2 2 2 2 2 2 2 2 2
left_child=1 3 -3 4 6 -6 -1 8 -5 -9
right_child=-2 2 -4 7 5 -7 -8 9 -10 -11
leaf_value=-0.0009527206771649425 0.0032355679714017537 -0.016231713050936788 -0.0015902496410759772 -0.012074818088312317 0.023775704939317504 0.00010571210547221293 -0.059286982751171939 0.00060586617793156492 -0.00032483001074412571 -0.008623292576282483
leaf_weight=102.83549356460571 113.09033405780792 68.209474086761475 67.662285417318344 563.37413188815117 203.22028276324272 921.04860484600067 58.770882695913315 12605.134135305882 4189.7649275362492 408.32060492038727
leaf_count=328 28 90 124 566 170 672 110 19107 10617 110
internal_value=0.000263462 0.000171284 -0.012388 0.000262392 0.00364694 0.00600238 -0.0125751 1.64553e-05 -0.0018276 0.000691093
internal_weight=19301.4 19188.3 135.872 19052.5 1285.88 1124.27 161.606 17766.6 4753.14 13013.5
internal_count=31922 31894 214 31680 1280 842 438 30400 11183 19217
is_linear=0
shrinkage=0.095152


Tree=223
num_leaves=14
num_cat=0
split_feature=6 5 6 8 8 0 7 8 2 6 2 2 7
split_gain=2.51899 11.6818 5.02567 6.98647 3.06979 2.5436 2.33382 5.35906 2.51364 6.7052 2.58017 2.49233 2.27768
threshold=-0.97609506267564228 0.36053276739381113 -1.1422396485079014 9.0342003174787191 6.9232574988038875 -1.0342182019546236 8.5800000000000018 8.651972642137908 -0.95490694123573128 -0.83059124410346896 -0.92332360912427902 0.040952404530503542 6.7692930090849996
decision_type=2 2 2 2 2 2 2 2 2 2 2 2 2
left_child=1 2 4 12 -1 -2 8 -8 9 -7 -10 -9 -4
right_child=5 -3 3 -5 -6 6 7 11 10 -11 -12 -13 -14
leaf_value=0.00021269906124437232 0.00016213884355965606 0.028016199948277483 5.3772187559719776e-05 0.0050649692458557367 -0.0085694490123251425 -0.010711050267347217 -0.01312752289045172 0.001287375447858076 0.0089564418870455159 0.0002666841679226061 0.00015867089881187131 -0.0074013048864411393 0.0055284648846207094
leaf_weight=417.13828372955322 192.63346219062805 273.49303752183914 1391.7060940861702 134.28910902142525 642.93885511159897 557.04008102416992 126.96511927247047 528.30353683233261 486.8868967294693 1162.8080807626247 12930.113546252251 183.62237039208412 273.49268415570259
leaf_count=100 57 67 1245 48 165 542 72 397 825 2553 25541 222 88
internal_value=0.000351328 0.00282025 0.00101418 0.00407836 -0.00417385 -0.0001265 -0.000258763 -0.0051399 1.13451e-05 -0.00341111 0.000451299 -0.00189049 0.00237637
internal_weight=19301.4 3133.06 2859.57 1799.49 1060.08 16168.4 15975.7 838.891 15136.8 1719.85 13417 711.926 1665.2
internal_count=31922 1713 1646 1381 265 30209 30152 691 29461 3095 26366 619 1333
is_linear=0
shrinkage=0.095152


Tree=224
num_leaves=18
num_cat=0
split_feature=6 0 6 4 4 2 0 6 6 4 2 4 4 4 4 0 2
split_gain=1.83775 8.62391 8.53777 5.1324 4.80227 3.55411 2.67929 2.5003 6.56314 6.45353 6.45401 4.05694 3.34361 8.08429 3.26034 2.46645 1.76476
threshold=-0.97609506267564228 0.56424778751754878 -1.1422396485079014 1006.2208530435228 1010.2013307516569 -0.57729161655172734 0.050864728535752406 -0.96553794880436328 -0.87107047384582625 1009.2983798774027 -0.59071138925051969 1008.3985581134544 1009.8946513766133 1010.1962649067623 1002.3149811396938 -1.0342182019546236 0.5849381396462906
decision_type=2 2 2 2 2 2 2 2 2 2 2 2 2 2 2 2 2
left_child=1 2 6 5 -5 -4 -1 9 -9 10 11 -2 -11 -14 -12 -10 -17
right_child=7 -3 3 4 -6 -7 -8 8 15 12 14 -13 13 -15 -16 16 -18
leaf_value=-0.0020675096860333082 -0.010563071965157742 0.0017415963221652892 -0.017360599119333048 0.0081628161078711736 -0.0027850910137503198 0.0007168605790700978 -0.020641546761088848 0.0058051980906782107 0.0018453085798821856 -0.021052956664470615 0.012866070753096556 0.0021468378319617664 0.022092835854815137 -0.014297456899269721 0.0019482155426178969 0.00044985303091276351 -0.0013023811473151015
leaf_weight=595.8568189740181 480.95127895474434 348.83384603261948 183.34257778525352 908.04240551590919 381.46250972151756 319.53657928109169 395.98332631587982 276.8238377571106 167.91681718826294 234.6133406162262 276.42421936988831 154.43807873129845 117.99934637546539 420.44524216651917 643.91407001018524 9610.2279807925224 3784.6188814938068
leaf_count=150 482 87 210 397 336 434 99 75 50 147 206 88 87 670 907 19024 8473
internal_value=0.000410068 0.00251873 0.0007435 0.00466615 0.00784656 -0.00346307 -0.00632911 4.94032e-07 0.000486741 -0.00288232 0.000642446 -0.00671609 -0.00998089 -0.00579048 0.00573891 0.00018903 4.38329e-05
internal_weight=19301.4 3133.06 2784.22 1792.38 1289.5 502.879 991.84 16168.4 13839.6 2328.79 1555.73 635.389 773.058 538.445 920.338 13562.8 13394.8
internal_count=31922 1713 1626 1377 733 644 249 30209 27622 2587 1683 570 904 757 1113 27547 27497
is_linear=0
shrinkage=0.095152


Tree=225
num_leaves=10
num_cat=0
split_feature=4 1 2 8 2 4 1 5 9
split_gain=1.59098 1.46846 5.17509 5.83275 5.43027 4.8934 3.51091 2.43522 1.47272
threshold=1014.85 0.91879585298155797 -0.5042210510490357 6.0547036924438968 -0.2511900638848194 1010.0028128245341 0.91417015418394287 -1.0013879852237297 2.094276902524991
decision_type=2 2 2 2 2 2 2 2 2
left_child=1 6 -3 4 -4 -5 7 -1 -9
right_child=-2 2 3 5 -6 -7 -8 8 -10
leaf_value=0.0096319761386715556 -0.0098157405793705913 0.0027552775160955109 -0.024016052205192501 -0.0017573201713235078 -0.0024033131828100295 0.0021028731192123062 0.044622289112254993 2.4687718240529141e-05 0.0014716893618783279
leaf_weight=345.64624470472336 119.03382429480553 411.22209504246712 160.75252056121826 1895.5984860956669 419.04584541916847 739.36894148588181 87.876354992389679 12452.756812661886 2781.6860506236553
leaf_count=95 199 106 218 1755 990 728 66 23385 4387
internal_value=0.000342518 0.000411166 -0.00131273 -0.00260235 -0.0112323 -0.000693799 0.000811014 0.000702316 0.000521849
internal_weight=19413 19294 3625.99 3214.77 579.798 2634.97 15668 15580.1 15234.4
internal_count=31929 31730 3797 3691 1208 2483 27933 27867 27772
is_linear=0
shrinkage=0.095152


Tree=226
num_leaves=12
num_cat=0
split_feature=4 3 1 2 1 3 4 5 5 1 1
split_gain=1.53851 1.48121 2.50368 4.81833 3.49072 1.89843 3.62662 3.67419 3.65404 1.48769 2.47551
threshold=1014.85 5.8617481824772106 -0.53028722568724562 -0.011309441014487968 0.76104250210999103 5.0450000000000008 1002.2050660130377 -0.24239523212413375 -0.25881904510252113 1.3716369299858611 0.91879585298155797
decision_type=2 2 2 2 2 2 2 2 2 2 2
left_child=1 5 -3 -4 -5 9 8 -8 -7 10 -1
right_child=-2 2 3 4 -6 6 7 -9 -10 -11 -12
leaf_value=0.00051269379442901817 -0.0088817535884267544 -0.019093001492090856 0.026048713767079873 0.0041041629345620837 -0.016595960791098551 -0.0016769114402357195 -0.012549190717974704 0.0072360431446902868 -0.016465583129016553 0.001660517637122032 -0.0010108460162725264
leaf_weight=14704.921342283487 119.03382429480553 46.139879137277603 52.31629741191864 312.97576552629471 67.026328057050705 74.971513301134109 264.44132277369499 225.75575715303421 68.199146926403046 327.11661767959595 3150.0893813371658
leaf_count=25862 199 169 56 671 220 170 499 486 78 83 3436
internal_value=0.000358582 0.000426096 0.0056482 0.00792515 0.00410226 0.000292229 -0.00482135 -0.000886123 -0.0180725 0.000471405 0.000353889
internal_weight=19413 19294 478.458 432.318 380.002 18815.5 633.368 490.197 143.171 18182.1 17855
internal_count=31929 31730 1116 947 891 30614 1233 985 248 29381 29298
is_linear=0
shrinkage=0.095152


Tree=227
num_leaves=7
num_cat=0
split_feature=6 6 6 6 9 5
split_gain=2.00855 3.14622 2.03447 2.73579 1.88049 1.58933
threshold=-1.3018519803880284 -1.2606378347608216 -1.2229375476400657 -1.0641726821332271 -5.0183634104341506 -0.38205360302238472
decision_type=2 2 2 2 2 2
left_child=5 -2 -3 -4 -5 -1
right_child=1 2 3 4 -6 -7
leaf_value=0.0032952524210707167 -0.011562951497243614 0.0012177283578722049 -0.0090675799661131453 -0.0078597230513799618 0.00017564795927040377 3.6730449506579964e-05
leaf_weight=328.01485902070999 93.816710472106934 87.266576170921326 424.97263848781586 255.78743514418602 17701.152963012457 521.97599357366562
leaf_count=85 26 19 111 377 31188 123
internal_value=0.00023639 2.84326e-05 0.000118029 4.79916e-05 0.000227519 0.00475576
internal_weight=19413 18563 18469.2 18381.9 17956.9 849.991
internal_count=31929 31721 31695 31676 31565 208
is_linear=0
shrinkage=0.095152


Tree=228
num_leaves=20
num_cat=0
split_feature=3 9 2 7 5 2 3 8 2 2 3 7 2 8 2 2 3 8 5
split_gain=1.05673 3.24912 1.33768 2.52406 1.11231 6.12271 5.41179 4.72729 4.6517 12.5781 5.2784 4.77854 3.59724 6.98516 6.26183 3.23981 3.08006 7.20796 3.01423
threshold=6.6050000000000013 -2.7012238978308907 0.74179350200165228 2.8500000000000001 -0.25881904510252113 0.57402163285499952 2.7107180597601839 8.2000000000000028 -0.65817279362781178 -0.68524102182766089 1.8803118432491188 4.5900000000000025 -0.53462719153602467 4.9829567388623666 -0.51974381215551546 0.81565951575077722 3.8349809916719164 6.4300000000000024 -0.70453509935217817
decision_type=2 2 2 2 2 2 2 2 2 2 2 2 2 2 2 2 2 2 2
left_child=4 -2 -3 -4 5 16 15 -8 9 10 -6 -11 13 -10 -14 -7 18 -18 -1
right_child=1 2 3 -5 8 6 7 -9 12 11 -12 -13 14 -15 -16 -17 17 -19 -20
leaf_value=-0.00022334582226412006 -0.0031762401116084255 0.00025582611101548447 0.0065447150785101424 0.023541701586453505 0.0035066300809734755 -0.0027961491314801271 -0.0059270716176035663 -0.032794196705844714 -0.006537451176366468 -0.014008204806767512 -0.0061154989041264105 -0.022959552715062538 -0.045115199174787117 0.01783372118453623 0.00058324330359559972 0.0093066911108681816 -0.00018066967636317109 0.020234456966971019 0.0013197741586036509
leaf_weight=3267.132308781147 70.45316207408905 50.215845584869385 71.95842832326889 45.931204915046692 1302.3627298176289 251.95604678988457 1003.8208610415459 60.112460970878601 144.17938348650932 63.135213613510132 1759.3936392068863 96.201561391353607 137.20793730020523 483.01625165343285 6884.075311511755 291.13003113865852 515.42444613575935 546.8491724729538 2368.4311796724796
leaf_count=5486 88 167 199 113 1996 597 2597 114 238 177 2838 98 188 533 12105 663 855 341 2536
internal_value=0.000344279 0.00662242 0.0138127 0.0193027 0.000265043 0.00109444 -0.00417489 -0.00812012 -0.000367543 -0.00340081 -0.00203352 -0.0293567 0.000908601 0.00780569 0.0002893 0.00353157 0.00236121 0.00706097 0.00147159
internal_weight=19413 238.559 168.105 117.89 19174.4 8304.86 1607.02 1063.93 10869.6 3221.09 3061.76 159.337 7648.48 627.196 7021.28 543.086 6697.84 1062.27 5635.56
internal_count=31929 567 479 312 31362 13189 3971 2711 18173 5109 4834 275 13064 771 12293 1260 9218 1196 8022
is_linear=0
shrinkage=0.095152


Tree=229
num_leaves=12
num_cat=0
split_feature=0 6 0 3 0 6 8 6 3 3 8
split_gain=1.31049 1.32793 6.4149 6.47807 7.42991 3.52977 11.2346 9.36032 4.64 4.16977 2.05579
threshold=-1.0501315690591613 -0.97609506267564228 -0.62894646641439811 0.57082169953766149 0.61942436454319794 -0.96553794880436328 6.5400000000000018 -0.87907604413644391 1.8415343136763602 1.8606145610000533 3.7248217053926376
decision_type=2 2 2 2 2 2 2 2 2 2 2
left_child=-1 2 -2 -4 -5 6 8 -7 -3 -8 -9
right_child=1 5 3 4 -6 7 9 10 -10 -11 -12
leaf_value=-0.00041048357654297678 0.017322573630915002 -0.019667054185900611 -0.0069970515554223815 0.00029892058494302088 0.016179467243186994 0.019372082228694274 -0.0014612309847866702 -0.0027354860616809434 0.0057320885843106482 -0.013183541946273572 0.00041486808417249302
leaf_weight=290.00500804185867 186.23740255832672 220.43969428539276 187.79312968254089 2474.3392347097397 262.20955103635788 284.11423575878143 559.83080300688744 1587.3846620023251 846.16416898369789 690.75794526934624 11823.711340546608
leaf_count=80 45 237 55 1556 65 74 315 4650 1441 615 22796
internal_value=0.000418945 0.000321726 0.00212034 0.00102108 0.00220127 -2.70281e-05 -0.00346118 0.000553375 0.00370211 -0.00957821 0.000189482
internal_weight=19413 19123 3110.58 2924.34 2736.55 16012.4 2317.19 13695.2 1066.6 1250.59 13411.1
internal_count=31929 31849 1721 1676 1621 30128 2608 27520 1678 930 27446
is_linear=0
shrinkage=0.095152


Tree=230
num_leaves=7
num_cat=0
split_feature=0 2 5 7 5 5
split_gain=1.62024 2.06927 1.8768 1.40166 6.39365 4.00562
threshold=1.0031448503598595 -1.0601077511134196 1.1321152647846746 5.1600000000000028 0.27146259693822788 0.25769857076554387
decision_type=2 2 2 2 2 2
left_child=1 -1 3 5 -5 -3
right_child=-2 2 -4 4 -6 -7
leaf_value=0.00039746357950941769 -0.0010745235696771464 0.0021777352852156021 0.0029604024022758879 -0.0012955338746157988 0.0083289837940944099 -0.0010636194355181415
leaf_weight=651.11656212806702 171.91187560558319 4528.5905362963676 62.779752492904663 8170.7164199948311 954.09409803152084 4896.361193805933
leaf_count=184 50 9974 19 8322 1597 11835
internal_value=-0.00011422 -3.11638e-05 -0.000216443 -0.000273278 -0.00111427 0.000539624
internal_weight=19435.6 19263.7 18612.5 18549.8 9124.81 9424.95
internal_count=31981 31931 31747 31728 9919 21809
is_linear=0
shrinkage=0.095152


Tree=231
num_leaves=26
num_cat=0
split_feature=1 8 1 1 8 8 8 1 3 8 1 0 3 5 6 8 0 8 5 8 5 8 3 3 6
split_gain=1.50339 4.25145 6.46754 7.51849 4.16274 3.77526 8.8765 6.41673 3.79346 3.64928 3.49854 3.46794 5.41442 4.71807 7.27795 3.58102 3.38905 11.5172 3.88239 3.29807 3.43779 3.14343 2.63085 2.16553 0.907277
threshold=0.79330461233129923 8.651972642137908 -0.30440908823518337 0.12955391390636084 8.5700000000000038 6.6700000000000008 4.96 0.99965739133362419 4.2339625096062612 9.531980751129753 0.76104250210999103 0.39785865694197703 2.5611309959359168 1.0000000180025095e-35 -0.99060769909748247 8.5131629272476044 -0.028801714925489583 6.5613843606734958 -0.14252682352250765 9.4500000000000028 0.13147378750197716 9.6761245795069133 0.27500000000000008 2.0807563647613532 -0.87107047384582625
decision_type=2 2 2 2 2 2 2 2 2 2 2 2 2 2 2 2 2 2 2 2 2 2 2 2 2
left_child=1 4 19 -4 10 6 7 8 -2 -5 22 13 21 14 -7 -15 17 -8 -18 20 -3 -13 -1 -12 -6
right_child=5 2 3 9 24 11 16 -9 -10 -11 23 12 -14 15 -16 -17 18 -19 -20 -21 -22 -23 -24 -25 -26
leaf_value=-0.01565938355688147 -0.020173711795201998 0.00089437338951025333 0.026639520481910792 -0.0047519855472801719 -0.0083047126580117463 -0.01496139815330484 -0.0014426512830293032 0.0090952139404229769 0.004832873593457741 0.010409929974896278 -0.0017133829380682269 -0.0063848391911501684 0.0082665733148260551 -0.0019071468643769112 -0.0012343860121631317 0.004984450008226872 0.011640157774735883 0.028973760471112397 0.0028442252289498592 -0.026524108339811205 -0.0083986225595966447 -0.033709603347830942 -1.3073392959940332e-05 0.014758875281965235 -0.0031282382884562083
leaf_weight=119.3694706261158 461.94232678413391 199.27928584814072 220.27423551678658 349.8500959277153 65.875360488891602 152.14391648769379 673.82842576503754 155.13677006959915 159.44522577524185 102.450220733881 150.53267645835876 528.20010712742805 139.12317663431168 280.16001513600349 1611.8779272437096 198.61329764127731 240.14775818586349 96.521363735198975 811.59705451130867 67.940083533525467 76.358525454998016 105.08496952056885 12136.410312086344 249.6622928082943 83.745544254779816
leaf_count=203 869 259 154 412 31 38 878 97 444 99 126 663 177 209 1300 126 100 88 1041 74 180 129 23744 346 194
internal_value=-0.000105472 0.000427167 0.00634717 0.0117699 -4.2223e-05 -0.00141894 0.00123506 -0.00726918 -0.0115971 0.00468483 0.000144127 -0.00371001 -0.00920718 -0.00180672 -0.00408479 0.00654804 0.00486902 5.60133e-05 0.0083776 -0.00423575 0.000381975 -0.0129445 -0.000141177 0.00888425 -0.0157496
internal_weight=19435.6 13821.7 1016.15 672.575 12805.6 5613.82 2598.62 776.524 621.388 452.3 12656 3015.2 772.408 2242.8 1764.02 478.773 1822.09 770.35 1051.74 343.578 275.638 633.285 12255.8 400.195 149.621
internal_count=31981 25822 1178 665 24644 6159 3517 1410 1313 511 24419 2642 969 1673 1338 335 2107 966 1141 513 439 792 23947 472 225
is_linear=0
shrinkage=0.095152


Tree=232
num_leaves=16
num_cat=0
split_feature=0 0 2 4 2 4 9 2 3 4 9 3 5 3 3
split_gain=2.01933 11.5286 4.23385 4.47943 4.57156 3.21495 3.75308 3.54925 6.235 5.49573 3.12665 5.28901 3.53333 1.92731 1.60735
threshold=-0.70913320677698455 -0.86239343330004636 -1.0601077511134196 1012.1110502976734 -0.080499103070757708 1014.5500000000001 0.7875577818374585 0.27851253630751921 0.73090708309080565 1009.9014182862981 0.53252052187737564 0.92016588391875664 -1.0939334268894403 2.7705382380748165 1.6650000000000003
decision_type=2 2 2 2 2 2 2 2 2 2 2 2 2 2 2
left_child=1 2 -1 4 -4 6 10 9 -9 -8 12 -12 -2 -5 -7
right_child=5 -3 3 13 -6 14 7 8 -10 -11 11 -13 -14 -15 -16
leaf_value=-0.021751241262747984 -0.017355463232641873 0.052423880217204503 0.0033962182201991982 0.00041938376064423977 -0.0044626788313785635 -0.022652953915986387 -0.0021711263441742037 0.040980534423620235 0.0013421929062361498 0.0022409114437002709 0.016082061858469398 0.0039641348089020862 0.00040636708916357201 0.0034401007839399201 -0.013250196113059342
leaf_weight=69.062790393829346 103.39200282096863 227.3777379989624 1164.7350086271763 73.051358580589294 1250.0001553893089 51.53021040558815 5144.0843558907509 84.308698445558548 1392.5708631575108 772.7193258702755 106.5555599629879 760.9372307062149 8054.3737254440784 87.4937564432621 93.37765821814537
leaf_count=23 28 58 3013 157 3273 58 5404 128 3488 806 119 1184 13954 114 174
internal_value=-0.000185249 0.00214253 0.00036474 -0.00025964 -0.00129108 -0.000589734 -0.000463782 -0.00205351 0.00211271 -0.00309583 0.00083726 0.00626427 0.00025765 0.0150567 -0.0146375
internal_weight=19435.6 2871.72 2644.34 2575.28 2414.74 16563.8 16418.9 7393.68 1476.88 5916.8 9025.26 867.493 8157.77 160.545 144.908
internal_count=31981 6638 6580 6557 6286 25343 25111 9826 3616 6210 15285 1303 13982 271 232
is_linear=0
shrinkage=0.095152


Tree=233
num_leaves=19
num_cat=0
split_feature=6 6 6 6 7 5 5 5 9 4 4 2 2 7 6 2 7 7
split_gain=1.43479 9.46295 3.8185 7.09672 4.11308 10.7641 5.99235 3.27 2.87268 2.70008 2.89993 2.47281 2.2754 2.2506 2.03248 0.838039 0.679772 0.518891
threshold=-0.4438575578509249 -0.37997534292480883 -0.50248067388556295 -0.66875051141691777 5.1600000000000028 0.53406750902659861 0.025866911408687111 -1.1403983238194317 -3.3750581652824585 1008.9029823832992 1001.9067667217902 0.78327893257887105 -0.42889193791248376 8.490000000000002 0.15271506720845587 0.63923923643415193 3.1300000000000012 5.5400000000000018
decision_type=2 2 2 2 2 2 2 2 2 2 2 2 2 2 2 2 2 2
left_child=2 -2 3 4 6 -6 -1 -3 11 10 12 -9 -4 -12 -10 17 -17 -11
right_child=1 7 9 -5 5 -7 -8 8 14 15 13 -13 -14 -15 -16 16 -18 -19
leaf_value=0.0048666357495653415 0.032948735281959546 0.004508773123443212 -0.0060605400627027862 0.0054500638477385189 -0.0016129891904996738 0.03182267364923802 -0.00073634700087581325 -0.000240879542861174 0.0030308785431002695 -0.031228446280461106 0.0013837314877114498 -0.010813419002598067 -0.025205874350223471 -0.021667844169390747 -0.00054133264521933678 -0.03497072856572038 -0.0001999226829816111 -0.00098809346994124065
leaf_weight=2067.0682115256786 145.75673425197601 70.251007556915283 173.18728652596474 443.07263600826263 5833.9865500628948 175.48331129550934 1905.4328166246414 188.88452762365341 2392.2181444764137 114.25790223479271 778.39683070778847 158.99540963768959 110.47048357129097 141.60610201954842 4582.0186599493027 48.647903621196747 53.762870013713837 52.073050647974014
leaf_count=2758 40 22 216 112 3403 44 3463 451 5076 397 1387 208 204 96 13796 131 118 59
internal_value=-0.000166526 0.000859647 -0.000817796 -0.000175614 -0.000700532 -0.00227162 0.00167291 0.000382285 0.000182613 -0.00535165 -0.0034039 -0.00823658 -0.0117938 -0.000789764 0.00060591 -0.0139675 -0.00686249 -0.0181755
internal_weight=19435.6 7538.12 11897.4 10425 9981.97 6009.47 3972.5 7392.37 7322.12 1472.4 1203.66 347.88 283.658 920.003 6974.24 268.742 102.411 166.331
internal_count=31981 19593 12388 9780 9668 3447 6221 19553 19531 2608 1903 659 420 1483 18872 705 249 456
is_linear=0
shrinkage=0.095152


Tree=234
num_leaves=10
num_cat=0
split_feature=0 0 1 2 1 9 1 6 1
split_gain=2.06591 2.84926 1.56496 4.60528 4.69506 3.75708 1.94194 6.30336 5.3295
threshold=-1.41154410393985 -1.0501315690591613 -0.76922158987017697 0.27851253630751921 -0.80999938932185322 -2.8962219807981504 -0.17077825861200011 -1.1887893222153063 -0.077282800464559334
decision_type=2 2 2 2 2 2 2 2 2
left_child=-1 -2 3 5 -5 -3 7 -4 -8
right_child=1 2 6 4 -6 -7 8 -9 -10
leaf_value=-0.0093056639093512215 0.0021971945321930153 -0.012973517423459868 -0.0062251263585131654 0.012428714663008442 -0.025682696127257036 -0.0048003070309771412 -0.014034043670190035 0.0023068008031723645 8.8548028001833647e-05
leaf_weight=78.871489644050598 206.74284476041794 120.25603514909744 145.23439580202103 671.93293255567551 99.246021062135696 1854.9090141654015 551.5335696041584 3344.2053300142288 12362.638805598021
leaf_count=23 58 259 41 1782 360 4869 1016 7371 16202
internal_value=-6.90569e-05 -5.24484e-06 -0.000126231 -0.00222829 0.00399384 -0.00466516 0.000225079 0.00221676 -0.000312266
internal_weight=19435.6 19356.7 19150 2746.34 771.179 1975.17 16403.6 3489.44 12914.2
internal_count=31981 31958 31900 7270 2142 5128 24630 7412 17218
is_linear=0
shrinkage=0.095152


Tree=235
num_leaves=16
num_cat=0
split_feature=5 8 8 8 5 8 2 8 4 4 5 8 2 3 8
split_gain=1.49626 1.31769 3.6531 6.39824 5.26582 3.75527 9.66443 6.06025 2.84473 7.52965 3.96921 3.01813 7.69969 5.5197 1.55629
threshold=-1.5902239288956406 8.1800000000000033 7.9007902177818208 7.9300000000000024 -0.091061745562988003 7.7830212433267496 -0.89748801367106934 7.705000000000001 1010.9079465363732 1012.0349615256006 0.4198947078668907 8.831191242393249 -0.86328096271584021 0.53159868931389564 8.980000000000004
decision_type=2 2 2 2 2 2 2 2 2 2 2 2 2 2 2
left_child=-1 2 5 -4 -5 7 -7 -2 11 10 -10 12 -3 -13 -11
right_child=1 8 3 4 -6 6 -8 -9 9 14 -12 13 -14 -15 -16
leaf_value=0.0014626810619702381 4.3517922377060774e-06 -0.0029821680524374631 -0.015804772350352162 -0.0058138319632074524 0.0092102231339092344 0.029099665056604187 -0.0037498250892453681 -0.0051871698593952383 -0.0083832604916677916 0.0008025705213659946 -0.00022638490009450226 0.0090804877157993694 0.010264389519890723 -0.0017462687814837903 0.0087694922907382098
leaf_weight=63.196603536605835 13885.798739343882 541.68434163928032 125.56764855980873 484.96416798233986 366.07406830787659 179.25111937522888 290.79043421149254 260.0129129588604 214.02082222700119 106.37392359972 134.09315115213394 118.07745882868767 1143.2496661543846 1290.4952503740788 113.5166267156601
leaf_count=20 26104 560 119 478 504 154 455 349 305 189 224 91 1075 1167 111
internal_value=0.000108639 5.94836e-05 -0.00032131 -0.00595164 -0.00295753 5.45419e-05 0.00840991 -0.000222969 0.00168409 -0.00448961 -0.013192 0.00282323 0.00553954 -0.000419163 0.00922609
internal_weight=19317.2 19254 15592.5 976.606 851.038 14615.9 470.042 14145.8 3661.51 568.005 348.114 3093.51 1684.93 1408.57 219.891
internal_count=31905 31885 28163 1101 982 27062 609 26453 3722 829 529 2893 1635 1258 300
is_linear=0
shrinkage=0.095152


Tree=236
num_leaves=6
num_cat=0
split_feature=5 6 6 6 6
split_gain=1.48298 1.42794 2.24918 2.33136 3.69131
threshold=-1.5902239288956406 -1.3434830665445878 -1.317565891610319 -1.2874680529497173 -1.2606378347608216
decision_type=2 2 2 2 2
left_child=-1 -2 -3 -4 -5
right_child=1 2 3 4 -6
leaf_value=0.0013235040867092952 0.0017268651722490017 -0.0069346256665095349 -0.015704970458385179 -0.012812308155091266 9.0117010799462932e-06
leaf_weight=63.196603536605835 701.76985841989517 91.018799483776093 66.248295187950134 62.22484564781189 18332.708532691002
leaf_count=20 179 18 17 17 31654
internal_value=0.000172118 0.000123171 -3.56647e-05 3.77497e-05 -2.63751e-05
internal_weight=19317.2 19254 18552.2 18461.2 18394.9
internal_count=31905 31885 31706 31688 31671
is_linear=0
shrinkage=0.095152


Tree=237
num_leaves=17
num_cat=0
split_feature=5 2 2 2 1 2 1 9 5 2 3 2 2 9 0 5
split_gain=1.47032 1.42164 5.45971 6.26286 5.96923 5.37358 3.70516 3.41112 3.28717 2.93704 4.00631 3.0963 2.79862 2.27554 2.11292 1.14414
threshold=-1.5902239288956406 0.27851253630751921 -0.012910296075008829 -0.080499103070757708 -0.71011294284286863 0.058942987644181481 -0.93228057993045221 0.7875577818374585 -0.21589163321602617 0.33576003587488074 3.0200749322125469 0.35838009143743682 0.1924878455382508 -0.95054343639636218 0.4990415606769007 0.49961646868648285
decision_type=2 2 2 2 2 2 2 2 2 2 2 2 2 2 2 2
left_child=-1 2 3 4 -2 7 8 -4 13 10 -8 -11 -7 -3 -5 -10
right_child=1 6 5 14 -6 12 9 -9 15 11 -12 -13 -14 -15 -16 -17
leaf_value=0.0011975700739418494 -0.0076937220696413405 0.023798326870762082 -0.0074234923874434058 0.020435110485459575 0.00034836890971979694 8.15422002610128e-06 0.038503189774785236 -0.031081971142454225 0.048425566138556357 -0.0062088151894823997 -0.002099702942671919 0.00053813365168906056 -0.013827435899060644 -0.012881373899491419 0.00044895344996469499 0.025833106087647387
leaf_weight=63.196603536605835 1489.9822147786617 42.010989129543304 220.5045924782753 285.5168841779232 9585.2996042668819 894.0537406206131 64.043544679880142 167.04493775963783 70.761712253093719 123.28513759374619 72.030497640371323 5578.0547390878201 448.46985784173012 66.757374614477158 96.310863524675369 49.843640983104706
leaf_count=20 3704 79 424 362 11226 1452 117 277 82 175 159 12398 919 135 209 167
internal_value=0.000232822 0.000184074 -0.00036974 0.000381786 -3.08371e-05 -0.00535036 0.0013898 -0.0152066 0.0132206 0.000919783 0.0146695 0.000585984 -0.00248323 0.00105783 0.0123415 0.0239519
internal_weight=19317.2 19254 13187.2 11457.1 11075.3 1730.07 6066.79 387.55 229.374 5837.41 136.074 5701.34 1342.52 108.768 381.828 120.605
internal_count=31905 31885 18573 15501 14930 3072 13312 701 463 12849 276 12573 2371 214 571 249
is_linear=0
shrinkage=0.095152


Tree=238
num_leaves=10
num_cat=0
split_feature=7 7 8 5 6 1 8 2 6
split_gain=1.51109 3.96503 1.71287 4.32714 6.81104 5.4539 4.02695 2.94062 2.7603
threshold=10.181851640964988 9.4600000000000009 8.980000000000004 -0.30228335357533792 -0.97012145854046394 0.98801351631316348 8.831191242393249 -0.42889193791248376 -1.3018519803880284
decision_type=2 2 2 2 2 2 2 2 2
left_child=1 2 6 5 -5 -4 8 -8 -1
right_child=-2 -3 3 4 -6 -7 7 -9 -10
leaf_value=0.0016511367350475039 0.0079637885730099462 -0.012936301144776766 0.00047728166320479135 0.0073842959330696518 -0.0030113018808381737 0.041626603573136571 0.0040186891141483069 -0.009018002936153225 -1.8796571587285357e-05
leaf_weight=745.27532970905304 192.97879439592361 150.23212695121765 291.04437476396561 181.29022195935249 465.67181694507599 148.02090421319008 93.754983305931091 237.33703610301018 16811.561346620321
leaf_count=187 90 95 293 57 685 94 120 239 30045
internal_value=0.000201045 0.00011553 0.000238631 0.00390537 -0.001027 0.011183 1.50218e-05 -0.0103589 0.000212164
internal_weight=19317.2 19124.2 18974 1086.03 646.962 439.065 17887.9 331.092 17556.8
internal_count=31905 31815 31720 1129 742 387 30591 359 30232
is_linear=0
shrinkage=0.095152


Tree=239
num_leaves=9
num_cat=0
split_feature=7 7 0 5 7 7 3 9
split_gain=1.43594 2.28913 1.31179 3.97627 10.3495 5.98451 3.63228 2.18254
threshold=10.181851640964988 9.4600000000000009 0.36723905084392999 0.31041789750124682 4.830000000000001 4.8500000000000041 0.18500000000000003 3.4378585949867717
decision_type=2 2 2 2 2 2 2 2
left_child=1 2 6 5 -5 -4 -1 -8
right_child=-2 -3 3 4 -6 -7 7 -9
leaf_value=-0.0038145985356245688 0.0072060184520830097 -0.011705386688301931 0.00017789080970326935 -0.001388902177194209 0.010450592018839659 -0.0086834636086613372 0.00024781302555314824 0.0032380870232181385
leaf_weight=114.56293016672134 192.97879439592361 150.23212695121765 691.3247916996479 3720.9849872291088 793.70388895273209 807.19998663663864 12176.247595340014 669.93183359503746
leaf_count=86 90 95 941 9061 1328 529 19138 637
internal_value=0.000282988 0.000199596 0.000293276 -0.000867097 0.000540352 -0.00511256 0.000832656 0.000984794
internal_weight=19317.2 19124.2 18974 6013.21 4514.69 1498.52 12960.7 12846.2
internal_count=31905 31815 31720 11859 10389 1470 19861 19775
is_linear=0
shrinkage=0.095152


Tree=240
num_leaves=18
num_cat=0
split_feature=7 7 5 4 3 5 4 7 2 3 2 2 4 2 2 3 4
split_gain=1.73086 2.6999 3.24258 2.67089 2.63433 2.13472 2.11402 5.22437 4.12413 3.55607 2.93336 3.39752 3.18999 1.89086 5.04321 3.9515 0.9433
threshold=3.6927484112678157 3.7700000000000018 1.0000000180025095e-35 999.6018667981258 2.6614827017786804 -1.171081148710176 1003.2138573170264 3.4748719614500714 -0.9993703818063705 1.9605900534586174 0.90963311409709513 0.86962049895765936 1012.50928197424 -0.85623780022956553 -0.82875289856390044 3.152773529786836 1009.2983798774027
decision_type=2 2 2 2 2 2 2 2 2 2 2 2 2 2 2 2 2
left_child=3 2 4 -1 -2 -3 7 8 -5 -9 11 -8 -12 15 -15 -7 -4
right_child=1 5 16 6 -6 13 10 9 -10 -11 12 -13 -14 14 -16 -17 -18
leaf_value=-0.030113553809106436 0.046848539444658298 -0.0027114751813472602 0.001393427809037188 0.03253362195865165 0.0031692791701409713 -0.00190227855264248 -0.0014302766545969117 -0.034589536038199059 0.0082447973979647409 -0.0037097841330002396 0.00090429591473714286 -0.0061478065895680788 0.006190636469969181 0.0078968489880756644 0.0007556132044702782 0.0022579347886671139 -0.033770017121877549
leaf_weight=49.635018527507782 75.990164399147034 301.6802773475647 78.286418110132217 54.25189682841301 71.145562767982483 2447.6675110757351 2585.2949876785278 51.034604668617249 1188.1312240362167 157.89542233943939 714.24430811405182 348.26855760812759 156.83547767996788 312.10896185040474 10054.907548367977 777.06729504466057 44.712839782238007
leaf_count=86 104 77 186 61 163 3164 7191 80 3170 393 1972 463 278 275 13683 598 69
internal_value=0.000892876 0.0014422 0.0108463 -0.000571165 0.020313 0.0012574 -0.000358362 0.00272665 0.00507664 -0.0111296 -0.00153906 -0.00298087 0.00329904 0.00143414 0.00206028 -0.000574872 -0.000473193
internal_weight=19469.2 14163.6 270.135 5305.59 147.136 13893.4 5255.96 1451.31 1242.38 208.93 3804.64 2933.56 871.08 13591.8 10367 3224.73 122.999
internal_count=32013 18319 522 13694 267 17797 13608 3704 3231 473 9904 7654 2250 17720 13958 3762 255
is_linear=0
shrinkage=0.095152


Tree=241
num_leaves=19
num_cat=0
split_feature=7 7 5 3 4 7 2 4 8 2 5 2 2 5 8 2 3 4
split_gain=2.01354 2.71155 3.10055 2.57052 2.5259 1.87817 3.69704 3.13088 4.23477 3.07729 2.67085 1.77227 6.85795 4.9228 4.27892 6.91323 5.20157 0.854811
threshold=3.6927484112678157 3.7700000000000018 1.0000000180025095e-35 2.6614827017786804 999.6018667981258 3.4300000000000019 0.98927755889796032 1003.2138573170264 5.8607014804798228 0.073263060487541096 0.1646608276919985 -0.84698965068926968 -0.82875289856390044 0.00092633769936870981 7.2600000000000007 -0.90515789353426868 3.7505339735196195 1009.2983798774027
decision_type=2 2 2 2 2 2 2 2 2 2 2 2 2 2 2 2 2 2
left_child=4 2 3 -2 -1 7 10 8 -6 -9 -7 14 -13 -14 15 -3 -16 -4
right_child=1 11 17 -5 5 6 -8 9 -10 -11 -12 12 13 -15 16 -17 -18 -19
leaf_value=-0.027248190031267383 0.042390808921707046 -0.001236262551000357 0.0012608404167831269 0.0028677160337025227 0.0064144407225984685 -0.00044611259902296537 0.038511930858579305 -0.0062447760140388756 0.025372922170460208 0.00069849034638174855 -0.015508867614700113 0.013338148864251848 3.7665533788486122e-05 0.0036137010842085225 9.544533446977183e-05 -0.022136774565507718 0.0085087241837403238 -0.030556733679762679
leaf_weight=49.635018527507782 75.990164399147034 1232.4962481558323 78.286418110132217 71.145562767982483 1134.2790548801422 372.10733342170715 51.371024131774902 1161.7401962280273 67.626558542251587 2121.9844139814377 346.84789776802063 226.67386242747307 7331.3952279984951 2946.2298284471035 1745.0928825736046 243.75281125307083 167.79073283076286 44.712839782238007
leaf_count=86 104 1664 186 163 3031 837 121 3132 97 5677 713 167 9316 4426 1678 474 72 69
internal_value=0.000879971 0.00147247 0.010897 0.0201528 -0.000699314 -0.000492245 -0.00482916 0.000250931 0.00440565 -0.00126708 -0.00661504 0.00128727 0.00189793 0.00153425 -0.000601678 -0.00445114 0.00236349 -0.000171266
internal_weight=19469.2 14163.6 270.135 147.136 5305.59 5255.96 770.326 4485.63 1201.91 3283.72 718.955 13893.4 10504.3 10277.6 3389.13 1476.25 1912.88 122.999
internal_count=32013 18319 522 267 13694 13608 1671 11937 3128 8809 1550 17797 13909 13742 3888 2138 1750 255
is_linear=0
shrinkage=0.095152


Tree=242
num_leaves=17
num_cat=0
split_feature=3 0 3 3 9 5 4 0 4 4 9 3 9 5 0 5
split_gain=1.25058 3.00559 2.15713 1.87326 2.3748 5.27601 2.23485 2.65301 1.6932 1.45968 4.70679 4.74902 3.8449 3.24865 4.94783 0.763037
threshold=5.0450000000000008 -0.86902122408030602 4.9221777408528053 5.4741346723857731 0.10475765648248726 0.49961646868648285 1002.2050660130377 -0.26529599416890731 1002.3149811396938 1001.7409717509555 1.2283956407804182 2.0021855874556862 1.6332518076851772 -1.540240920937143 -1.0342182019546236 1.0000000180025095e-35
decision_type=2 2 2 2 2 2 2 2 2 2 2 2 2 2 2 2
left_child=2 -2 9 6 5 -5 -3 -8 -6 10 11 -1 -12 -11 -15 -4
right_child=1 3 15 4 8 -7 7 -9 -10 13 12 -13 -14 14 -16 -17
leaf_value=-0.013604321364358456 -0.013028560986767185 -0.014891511548224332 0.0026536210224813498 0.0019058471018016422 -0.005314224032915647 -0.0042196712042908138 -0.011097304400207307 0.0047250398876450238 0.026404670726848864 -0.0074572931921979002 0.020630016082637245 0.003195719752270316 0.00130963112316023 0.0032124737311623763 0.00017637422888751111 0.0046745491175912875
leaf_weight=275.21996143460274 64.487266778945923 78.472127556800842 83.433097034692764 381.64612275362015 67.085193186998367 54.011744678020477 105.32828330993652 208.68818798661232 141.78049978613853 58.265019297599792 222.51988655328751 854.13823920488358 980.56622663140297 208.52780729532242 15629.303469270468 55.684943467378616
leaf_count=328 125 145 147 888 98 87 175 409 437 18 202 1494 973 54 26324 109
internal_value=0.000774078 -0.00233482 0.000961369 -0.00106884 0.00207176 -0.00190602 -0.00624795 -0.00257568 0.0103883 0.000870034 0.00309336 -0.00130856 0.00723293 0.000542768 0.00062695 0.0127146
internal_weight=19469.2 1101.5 18367.7 1037.01 644.524 435.658 392.489 314.016 208.866 18228.5 2332.44 1129.36 1203.09 15896.1 15837.8 139.118
internal_count=32013 2364 29649 2239 1510 975 729 584 535 29393 2997 1822 1175 26396 26378 256
is_linear=0
shrinkage=0.095152


Tree=243
num_leaves=30
num_cat=0
split_feature=6 4 1 8 2 2 9 4 1 8 9 8 9 1 2 1 4 4 1 1 2 1 9 2 1 2 4 8 8
split_gain=1.80077 2.91213 3.06728 3.40906 3.05494 2.22973 3.95456 1.98569 6.72493 14.6298 9.37717 6.73567 8.84377 4.11543 4.06349 3.61185 5.33822 5.90522 4.05807 3.63843 6.66511 4.16895 1.74597 1.55661 2.84268 1.48537 1.46771 1.42556 0.84174
threshold=0.69971674903203429 1004.7046703795089 0.26465722158109045 3.6250000000000004 0.85651926849515192 0.09031985754373785 -3.491555941243687 1004.9500000000002 0.8125275233825292 6.6500000000000012 0.12312711072382761 5.0100000000000007 2.6513822702918035 0.78042382416848366 -0.31817316373086552 0.82175152500264625 1009.8013827846574 1011.0035403063472 0.91417015418394287 0.48641731991927689 0.7770427278829094 0.31363982710982335 0.19183530099312665 -0.096109978008191058 0.94130860066615818 0.058942987644181481 1014.4500000000002 3.7248217053926376 8.980000000000004
decision_type=2 2 2 2 2 2 2 2 2 2 2 2 2 2 2 2 2 2 2 2 2 2 2 2 2 2 2 2 2
left_child=7 2 22 -4 -5 23 -7 8 11 10 -10 13 -13 -1 -11 19 18 -18 -17 21 -21 -9 27 24 -3 -24 -8 -2 -25
right_child=1 5 3 4 -6 6 26 15 9 14 -12 12 -14 -15 -16 16 17 -19 -20 20 -22 -23 25 28 -26 -27 -28 -29 -30
leaf_value=0.00086676959640055436 0.0041602485548028209 -0.01368951730689822 -0.040067938289418896 -0.0072022809920812714 0.013775035950743832 -0.022346363775285479 0.0013808624271323859 0.001237814293672093 -0.003864614885719262 -0.03157558593420462 0.0087769193852277518 -0.014209273572537384 0.010346563895443712 -0.057002960099064665 -0.0083851639096309914 -0.022353047954596899 0.0074748129462101319 -0.0014284371470854992 -0.0010172005791963526 0.0030546111586394454 0.027489922276654952 -0.0027863359347280107 -0.0038333811734573287 -0.04164693803597224 0.031815624411526106 0.0099153029048965353 -0.025357832554369221 0.024165574285869906 -0.0052091212664998835
leaf_weight=2033.607431858778 75.745674192905426 530.71628493070602 54.002146750688553 348.29741623997688 52.189780354499817 50.616120874881744 911.29019659757614 5966.7642943561077 379.76657781004906 169.72675740718842 1182.4840356111526 1037.8238243460655 199.79122599959373 50.969915777444839 197.3706990480423 338.26330879330635 482.87849515676498 581.35982599854469 1540.3291543722153 1504.776794552803 233.01860579848289 843.74193623661995 195.91294300556183 62.017626017332077 37.356284499168396 187.32588982582092 47.690420806407928 134.3809278011322 38.943481206893921
leaf_count=5383 294 2023 142 1067 57 101 2872 8365 699 57 841 1837 301 58 212 310 334 537 1166 1451 495 945 712 247 146 705 107 466 83
internal_value=0.000691394 -0.00157388 0.00235252 -0.00350544 -0.000412465 -0.00403238 -0.00119113 0.00106114 -0.000469708 0.00399388 0.00801579 -0.00306632 -0.00862291 0.000229968 -0.0130541 0.00176184 -0.00110984 0.00426522 -0.00416251 0.00275195 0.00663922 0.00175707 0.00685865 -0.00828985 -0.00629184 0.00297436 0.000180779 0.0138184 -0.0191758
internal_weight=19469.2 2726.49 1047.85 454.489 400.487 1678.63 1009.6 16742.7 5251.54 1929.35 1562.25 3322.19 1237.62 2084.58 367.097 11491.1 2942.83 1064.24 1878.59 8548.3 1737.8 6810.51 593.365 669.034 568.073 383.239 958.981 210.127 100.961
internal_count=32013 9022 3443 1266 1124 5579 3080 22991 9388 1809 1540 7579 2138 5441 269 13603 2347 871 1476 11256 1946 9310 2177 2499 2169 1417 2979 760 330
is_linear=0
shrinkage=0.095152


Tree=244
num_leaves=14
num_cat=0
split_feature=1 1 8 4 9 4 5 5 5 5 6 1 6
split_gain=1.83748 4.38806 4.71505 4.67504 5.79359 3.89982 2.87301 5.143 5.21299 5.03965 7.63012 2.80943 1.47507
threshold=0.9013362454621362 0.89289786299102547 8.651972642137908 1007.7996069988827 2.5685927982943046 999.6018667981258 0.025866911408687111 1.0000000180025095e-35 -0.39162205539723283 0.17602308062892849 -1.1013557022782872 0.88428176967528671 -1.7017880364955529
decision_type=2 2 2 2 2 2 2 2 2 2 2 2 2
left_child=1 2 11 -4 -5 -2 7 8 -7 -8 -11 12 -1
right_child=5 -3 3 4 -6 6 9 -9 -10 10 -12 -13 -14
leaf_value=-0.0010667214291098805 -0.0061259844862169956 0.02880895554769999 0.0084325068292575456 0.0024423662285069652 -0.020087093210769572 0.0012985649965385928 -0.0055354374932840185 0.0059530548150860847 -0.003496889190537626 0.041873802440096156 -0.0038348132456655737 0.045683451047437339 -4.7582389456287701e-05
leaf_weight=135.87362390756607 260.26757568120956 127.19012531638145 266.38541513681412 786.56340533494949 91.032440185546875 1476.8635505139828 72.157012224197388 410.76004844903946 680.84895506501198 118.13770532608032 1040.5414775907993 94.229025930166245 13908.307715564966
leaf_count=34 147 158 191 966 93 1494 18 172 554 28 1806 147 26205
internal_value=0.000293333 0.000768349 0.000620176 0.00649235 0.00311159 -0.00150628 -0.000728683 0.0010788 -0.000775528 -0.00450788 -0.00295922 0.000143564 3.20034e-05
internal_weight=19469.2 15409.6 15282.4 1143.98 877.596 4059.58 3799.31 2568.47 2157.71 1230.84 1158.68 14138.4 14044.2
internal_count=32013 27794 27636 1250 1059 4219 4072 2220 2048 1852 1834 26386 26239
is_linear=0
shrinkage=0.095152


Tree=245
num_leaves=14
num_cat=0
split_feature=3 6 0 2 2 8 0 1 8 6 2 3 6
split_gain=2.61469 5.29795 3.44247 3.22332 5.22772 4.2193 4.26725 2.29358 1.99062 1.7383 1.5867 6.23071 2.46619
threshold=0.57082169953766149 -1.0416794126743547 -1.0501315690591613 0.21067229501317755 0.75119891184537113 5.7400000000000011 0.70594853813046121 1.7133812078096222 6.5200000000000022 -0.70782544737876185 -0.98039918412989879 4.6748134024085166 -1.3781372461623391
decision_type=2 2 2 2 2 2 2 2 2 2 2 2 2
left_child=1 -1 -2 5 8 9 -7 10 -5 -3 11 -4 -12
right_child=2 3 7 4 -6 6 -8 -9 -10 -11 12 -13 -14
leaf_value=-0.0045699389386076239 -0.0010890989685071158 0.027842119741441042 -0.0022321177642344462 0.007016670229768456 -0.070110866995111362 -0.0068759424596829422 0.016260072268883721 0.0060544522340052268 0.031323914603082571 -0.0021555259192943817 0.0011095403118850835 0.0031010044040004846 1.7943899475713409e-05
leaf_weight=143.31668388843536 251.52545088529587 68.256250023841858 1549.6267210543156 47.143426388502121 52.928616404533386 356.72681725025177 120.30429410934448 76.953481435775757 74.244550794363022 68.531976044178009 457.26587235927582 83.673511475324631 16018.888941824436
leaf_count=35 71 48 2208 155 100 375 221 20 123 161 121 55 28273
internal_value=-4.62887e-05 -0.00496174 0.000201685 -0.00186838 0.00947811 -0.0051251 -0.00935921 4.7671e-05 0.020338 0.00949564 -2.18875e-05 -0.0028501 0.000257914
internal_weight=19369.4 931.453 18437.9 788.136 174.317 613.819 477.031 18186.4 121.388 136.788 18109.5 1633.3 16476.2
internal_count=31966 1218 30748 1183 378 805 596 30677 278 209 30657 2263 28394
is_linear=0
shrinkage=0.095152


Tree=246
num_leaves=14
num_cat=0
split_feature=0 1 2 3 0 2 1 5 2 1 1 3 2
split_gain=2.69626 1.7242 7.06371 7.54706 5.85731 5.40286 2.18076 6.0923 6.29881 5.21362 3.35976 8.88832 3.91634
threshold=-1.0501315690591613 0.93696981298730819 -0.5042210510490357 1.1601980206260845 0.47645422358308026 -0.30081980763566762 0.47146475767959806 -0.8662922847128679 0.25951179706979971 0.53372120176115423 0.42647996065710797 1.4434744659556675 -0.20081413600174616
decision_type=2 2 2 2 2 2 2 2 2 2 2 2 2
left_child=-1 6 -3 4 -4 -5 10 8 -8 -9 12 -12 -2
right_child=1 2 3 5 -6 -7 7 9 -10 -11 11 -13 -14
leaf_value=0.00044297617441445937 -0.0013770066600418847 0.0011903650693230227 -0.0020189300992951133 -0.0072136070760425173 -0.015235115563052917 0.00018252210469957053 0.027796851387576701 0.0080207562305384915 -0.00043668921937108123 -0.00065387344815037284 0.021343386914592418 -0.012178267230024643 0.0013954550713130779
leaf_weight=280.70943135023117 5318.6156602799892 364.69096329808235 301.39444223046303 211.97062635421753 210.24589321017265 1964.3505144715309 310.55250456929207 547.1423564851284 251.3660943210125 4384.2057266831398 97.719716042280197 366.40903213620186 4760.0136325061321
leaf_count=79 9692 95 338 120 337 2457 388 626 474 5329 129 415 11487
internal_value=2.7983e-05 -0.000107811 -0.00218045 -0.00387092 -0.0142561 -0.00141623 0.000286098 0.00182358 0.0112001 0.000749783 -0.000513926 -0.00841788 -0.000147598
internal_weight=19369.4 19088.7 3052.65 2687.96 511.64 2176.32 16036 5493.27 561.919 4931.35 10542.8 464.129 10078.6
internal_count=31966 31887 3347 3252 675 2577 28540 6817 862 5955 21723 544 21179
is_linear=0
shrinkage=0.095152


Tree=247
num_leaves=6
num_cat=0
split_feature=0 5 5 7 7
split_gain=2.65701 1.51151 3.48904 1.79206 2.31041
threshold=-1.0501315690591613 -1.3397744615475926 -1.171081148710176 10.181851640964988 8.4014560106818195
decision_type=2 2 2 2 2
left_child=-1 -2 -3 4 -4
right_child=1 2 3 -5 -6
leaf_value=0.00040082612156292153 0.0044558426005238735 -0.0090543976825998261 0.00012522379323311392 0.0063822401515111499 -0.0024461677771863014
leaf_weight=280.70943135023117 129.93179070949554 113.98754918575287 17522.760326594114 178.89421814680099 1143.103277951479
leaf_count=79 40 26 30894 90 837
internal_value=9.57888e-05 -3.90077e-05 -0.000110121 -8.46216e-06 -0.000100309
internal_weight=19369.4 19088.7 18958.7 18844.8 18665.9
internal_count=31966 31887 31847 31821 31731
is_linear=0
shrinkage=0.095152


Tree=248
num_leaves=23
num_cat=0
split_feature=3 1 1 8 4 1 5 2 4 3 8 1 1 2 2 2 5 2 1 2 1 4
split_gain=1.67562 2.22214 5.10131 4.91377 6.25078 4.65568 4.2233 3.12187 2.29528 1.86527 7.60111 8.91197 10.4134 4.18737 2.8021 7.95176 5.70097 6.34833 5.52316 5.36644 2.3382 2.12726
threshold=1.0039380751124776 0.90735081026143583 0.87626976691518454 6.8118741607821738 1008.6119629065752 0.9728703809215552 0.19772910774324245 -0.98925869825402535 1010.1962649067623 1.7019435493731281 9.6761245795069133 -0.32812379260554275 -0.1965809726104307 -0.89748801367106934 -0.57729161655172734 -0.53374473996619265 -0.25881904510252113 -0.61863688560930685 -0.34373964005085983 -0.51974381215551546 0.98801351631316348 1001.5002757846888
decision_type=2 2 2 2 2 2 2 2 2 2 2 2 2 2 2 2 2 2 2 2 2 2
left_child=1 2 3 7 -5 -3 -7 -1 -8 10 11 13 -13 -2 16 21 17 -11 -18 -17 -12 -16
right_child=9 5 -4 4 -6 6 8 -9 -10 14 20 12 -14 -15 15 19 18 -19 -20 -21 -22 -23
leaf_value=-0.043285779962083527 0.018969004744018261 -0.016369526137817249 0.033803783356238903 0.01117249321619871 -0.00086689197021520663 0.0014017013896834294 -0.060422913854691923 -0.0085844972340384813 -0.004064915352689942 0.0013859465988096226 -0.035057674140974611 0.025963932189186363 0.0035744601415553488 -0.0097460639154241004 0.0002186156333602683 -0.031605498402069644 0.0023807793004890026 -0.022044514007784316 -0.0078480492120911859 0.00036296338695421899 -0.0058350450632727313 0.017212814870772749
leaf_weight=47.066924840211868 88.190913915634155 127.11762017011642 70.575911492109299 484.60143914818764 804.95541208982468 248.79886054992676 87.044839382171631 623.36172088980675 67.260468125343323 2066.0626147091389 81.512662768363953 137.26003673672676 2221.2002912163734 863.85023120045662 107.06794786453247 103.07492914795876 618.77409175038338 99.102118462324142 1634.5586896538734 8536.3080540895462 88.40292227268219 163.23789346218109
leaf_count=88 110 182 77 489 1112 162 144 1362 122 2637 104 184 2718 2442 126 98 1291 128 2386 15721 99 184
internal_value=6.26317e-05 -0.00220332 -0.000762057 -0.00168035 0.00174732 -0.00768292 -0.00261087 -0.00828263 -0.0149298 0.000408757 0.00236997 0.00338314 0.00652097 -0.00437494 -0.000102611 0.000867953 -0.00206226 0.00141956 -0.00541234 0.00036236 -0.0171663 0.0168984
internal_weight=19369.4 2560.78 2030.56 1959.99 1289.56 530.222 403.104 670.429 154.305 16808.6 3480.42 3310.5 2358.46 952.041 13328.2 8909.69 4418.5 2165.16 2253.33 8639.38 169.916 270.306
internal_count=31966 3738 3128 3051 1601 610 428 1450 266 28228 5657 5454 2902 2552 22571 16129 6442 2765 3677 15819 203 310
is_linear=0
shrinkage=0.095152


Tree=249
num_leaves=10
num_cat=0
split_feature=3 0 7 7 1 1 1 1 1
split_gain=3.92773 1.83489 1.62459 7.23789 7.65768 2.25063 1.51528 3.75156 1.54322
threshold=1.0000000180025095e-35 -1.0501315690591613 8.5800000000000018 8.8950000000000014 0.6754287423297014 0.99611316860347732 -0.76922158987017697 -0.79877197597864613 -0.54431890495325541
decision_type=2 2 2 2 2 2 2 2 2
left_child=-1 -2 6 4 -4 -5 7 -3 -8
right_child=1 2 3 5 -6 -7 8 -9 -10
leaf_value=-0.0042106811656808813 0.00029038093797438525 -0.0010172046839285868 -0.000446528942668642 -0.003159150745890496 -0.009884481939167666 0.0057850438623942707 0.0048208640316716924 -0.029068760386704619 0.00020784523773441607
leaf_weight=83.651786088943481 277.05300253629684 2511.2732763886452 181.28549924492836 513.02209874987602 159.64375311136246 180.80120638012886 1250.1305071413517 179.38143274188042 14033.144031554461
leaf_count=23 77 6620 162 365 111 98 3069 543 20898
internal_value=0.000199036 0.00028962 0.000176603 -0.00348588 -0.0148138 0.00208007 0.000388406 -0.00169179 0.00075558
internal_weight=19369.4 19285.7 19008.7 1034.75 340.929 693.823 17973.9 2690.65 15283.3
internal_count=31966 31943 31866 736 273 463 31130 7163 23967
is_linear=0
shrinkage=0.095152


Tree=250
num_leaves=21
num_cat=0
split_feature=2 2 8 8 2 8 8 8 8 4 3 4 8 3 3 2 7 3 2 8
split_gain=2.05942 8.35603 5.11193 4.71646 4.58154 6.89511 3.30781 3.26384 3.1843 3.50735 3.09328 9.57492 4.86414 3.67113 5.91958 4.28885 2.84107 2.83023 2.45609 2.18056
threshold=-0.012910296075008829 0.10747710996311889 10.490000000000002 6.4000000000000012 -0.04732138832243208 7.8500000000000005 5.8906154956604686 9.6761245795069133 8.1800000000000033 1009.3952836766802 4.1112538047729057 1010.2013307516569 4.96 3.9303377095862069 3.8349809916719164 -0.7567695010701837 6.252355054245923 2.3808617061942452 0.1430905115099233 5.5600000000000014
decision_type=2 2 2 2 2 2 2 2 2 2 2 2 2 2 2 2 2 2 2 2
left_child=4 3 7 6 10 19 17 18 16 -10 13 12 -12 14 -1 -15 -5 -2 -3 -6
right_child=1 2 -4 8 5 -7 -8 -9 9 -11 11 -13 -14 15 -16 -17 -18 -19 -20 -21
leaf_value=0.0001131929373036569 -0.014720013256340829 0.014843061605806788 0.037151821816882855 -0.044647642066462469 0.018989248499786438 0.024831389771303957 0.0099884190991866694 -0.019265169406602861 -0.0094909585764198084 -0.0033032305603353123 -0.021860388697296528 0.038735181351735357 0.0018495470466104668 -0.032869931789134318 0.017774469878452531 -9.6574736299974835e-05 -0.080442926432860301 0.0054002377107932953 -0.00013949995719842595 -0.034194344837342329
leaf_weight=9889.8698111474514 84.564448833465576 182.47567129135132 49.943304896354675 61.168589621782303 55.697301059961319 88.055404841899872 62.799222975969315 91.680195957422256 163.5720351934433 164.09998980164528 239.03394088149071 106.6269139945507 732.50857335329056 88.272092461585999 150.61173737049103 114.63639569282532 63.779046714305878 111.90085425972939 6814.1941792964935 55.59088659286499
leaf_count=13763 234 315 28 124 135 70 65 108 158 229 571 39 478 112 158 142 98 348 14654 114
internal_value=0.000327166 -0.00086037 0.000119047 -0.0106808 0.00113745 0.0153923 -0.000389424 -9.57307e-05 -0.016529 -0.011455 0.000883524 0.00572893 0.00272315 0.000371588 0.000629623 -0.012254 -0.0294696 -0.00652386 0.000137852 -0.000298845
internal_weight=19371.1 7850.18 7138.29 711.884 11520.9 199.344 259.265 7088.35 452.62 327.672 11321.6 1078.17 971.543 10243.4 10040.5 202.908 124.948 196.465 6996.67 111.288
internal_count=31943 16361 15105 1256 15582 319 647 15077 609 387 15263 1088 1049 14175 13921 254 222 582 14969 249
is_linear=0
shrinkage=0.095152


Tree=251
num_leaves=10
num_cat=0
split_feature=0 1 2 1 0 0 1 7 1
split_gain=1.85014 1.90498 7.13064 7.05322 4.92058 3.00263 1.94104 5.11119 4.7504
threshold=-1.0501315690591613 0.99232614502972039 -0.45973273945210419 1.492640851033227 0.28913821992005734 1.0645003376832403 0.9746956184065646 9.2200000000000024 0.95992380042979863
decision_type=2 2 2 2 2 2 2 2 2
left_child=-1 5 -3 4 -4 6 8 -8 -2
right_child=1 2 3 -5 -6 -7 7 -9 -10
leaf_value=0.00061523581638350052 0.00014874493901575369 -0.00027646633000059771 -0.00044975841923878152 -0.01578673078096109 -0.012264994550229783 0.01217341016023763 0.007109280955604127 -0.041804547433853236 -0.012701284284117606
leaf_weight=258.57527846097946 16437.057891786098 383.33398497104645 707.44370272755623 104.03222799301147 311.92611905932426 76.170897126197815 681.44236090779305 90.792559653520584 320.30557355284691
leaf_count=74 29133 96 676 30 415 25 899 42 553
internal_value=0.000292001 0.000182864 -0.00306171 -0.00689019 -0.0044464 0.000461479 0.000378075 0.00503857 0.000162154
internal_weight=19371.1 19112.5 1506.74 1123.4 1019.37 17605.8 17529.6 772.235 16757.4
internal_count=31943 31869 1217 1121 1091 30652 30627 941 29686
is_linear=0
shrinkage=0.095152


Tree=252
num_leaves=9
num_cat=0
split_feature=3 0 1 0 1 3 6 6
split_gain=1.87788 7.04055 4.11175 4.06509 2.24416 1.47689 1.28748 1.21184
threshold=0.34100370021348397 -0.00016043804030838906 0.48641731991927689 -1.0501315690591613 1.7133812078096222 0.53159868931389564 -1.8966261760455443 -0.72905947264096316
decision_type=2 2 2 2 2 2 2 2
left_child=1 -1 -3 -2 5 7 -7 -5
right_child=3 2 -4 4 -6 6 -8 -9
leaf_value=-0.0027938076454041179 0.0020673985666494416 -0.014711012367121057 0.0015620408055533415 0.015809155060783259 -0.027430203721450289 -0.001048231759347098 3.5946978960729664e-05 0.00210994687418421
leaf_weight=163.42877504229546 230.92652016878128 93.479034155607224 136.77703860402107 205.45028275251389 87.362450838088989 66.529962480068207 18172.207558393478 214.9189738035202
leaf_count=184 67 166 81 102 21 20 30782 520
internal_value=0.000349572 -0.00614133 0.00453497 0.000485325 0.000329592 0.000257095 0.000127651 0.00582471
internal_weight=19371.1 393.685 230.256 18977.4 18746.5 18659.1 18238.7 420.369
internal_count=31943 431 247 31512 31445 31424 30802 622
is_linear=0
shrinkage=0.095152


Tree=253
num_leaves=7
num_cat=0
split_feature=0 0 6 7 7 3
split_gain=2.473 2.97312 1.9027 1.58182 6.08934 3.99014
threshold=-1.41154410393985 -1.0501315690591613 -1.8966261760455443 5.1600000000000028 5.1350000000000007 4.7638586728932157
decision_type=2 2 2 2 2 2
left_child=-1 -2 -3 4 -4 -5
right_child=1 2 3 5 -6 -7
leaf_value=-0.010000317436337782 0.0021376765370062609 0.0052910043028255903 0.00054624892086108405 -0.00014385227689743904 0.023853186209383842 -0.0065469181999309959
leaf_weight=74.138577461242676 184.43670099973679 75.844991743564606 9536.166620850563 9066.6370680034161 107.32126244902611 326.53537473082542
leaf_count=21 53 23 21704 9469 134 539
internal_value=0.000300804 0.000368666 0.000251524 0.000190378 0.00104686 -0.000687598
internal_weight=19371.1 19296.9 19112.5 19036.7 9643.49 9393.17
internal_count=31943 31922 31869 31846 21838 10008
is_linear=0
shrinkage=0.095152


Tree=254
num_leaves=7
num_cat=0
split_feature=6 0 6 0 0 0
split_gain=1.89333 1.8806 1.85562 1.41894 6.82444 4.22394
threshold=-1.8966261760455443 -1.0501315690591613 -1.5795604215207197 -0.14427929721094149 -0.17968542331561968 -0.0090683707831848964
decision_type=2 2 2 2 2 2
left_child=-1 -2 -3 4 -4 -5
right_child=1 2 3 5 -6 -7
leaf_value=0.0047875548536567957 0.00028045785856210147 -0.0080357344033999932 -0.00018810717263507555 0.01297141155311188 -0.027794275845106218 0.00045918291465642144
leaf_weight=75.844991743564606 258.57527846097946 222.61000430583954 7973.2767790257931 333.59661009907722 97.933992862701416 10409.242939740419
leaf_count=23 74 54 14483 84 24 17201
internal_value=0.000287451 0.000227265 0.000116814 0.000219953 -0.000732432 0.000936678
internal_weight=19371.1 19295.2 19036.7 18814.1 8071.21 10742.8
internal_count=31943 31920 31846 31792 14507 17285
is_linear=0
shrinkage=0.095152


Tree=255
num_leaves=7
num_cat=0
split_feature=7 7 6 8 0 6
split_gain=2.37442 2.66534 2.19878 2.08359 7.09136 3.32863
threshold=10.181851640964988 9.4600000000000009 -1.4108714487418597 9.129999999999999 0.39785865694197703 -1.1013557022782872
decision_type=2 2 2 2 2 2
left_child=1 2 -1 5 -5 -4
right_child=-2 -3 3 4 -6 -7
leaf_value=0.0014719152080441519 0.0066479056544875995 -0.010623577922154268 -0.0030190305912851569 0.010640375306664111 -0.003496496252131697 1.9407930990448703e-05
leaf_weight=514.61986637115479 191.99126783013344 147.27398636937141 713.0256929397583 574.89646828174591 282.93813571333885 16772.232723087072
leaf_count=138 91 89 177 532 370 30454
internal_value=0.000210851 0.000103434 0.000204119 3.1102e-05 0.00460642 -0.000192975
internal_weight=19197 19005 18857.7 18343.1 857.835 17485.3
internal_count=31851 31760 31671 31533 902 30631
is_linear=0
shrinkage=0.095152


Tree=256
num_leaves=16
num_cat=0
split_feature=1 3 1 6 9 6 6 2 2 2 3 6 9 5 3
split_gain=2.18966 1.78778 4.74892 4.87495 5.55091 4.43868 7.102 4.97694 3.94839 3.42425 9.12434 4.25466 2.31706 1.90574 0.988072
threshold=1.7133812078096222 1.7019435493731281 -0.94485053414543363 -0.97609506267564228 0.9660893178308162 -0.49182347202724191 -0.40140989675495525 0.51431703330167966 0.97646380817673517 -0.57729161655172734 2.8850000000000002 -0.50248067388556295 -1.1500781138827951 -0.27380466800653919 1.1601980206260845
decision_type=2 2 2 2 2 2 2 2 2 2 2 2 2 2 2
left_child=1 2 12 4 -4 9 -7 -8 -5 10 -3 -11 14 -14 -1
right_child=-2 5 3 8 -6 6 7 -9 -10 11 -12 -13 13 -15 -16
leaf_value=-0.023053743265684334 0.0021058123077305852 -0.0096566290871906713 0.0081296343717836908 0.00046345302091860773 0.00013465845533107396 0.013470797983627967 0.0047859782376012804 -0.0013990709751452897 0.010330304185269914 0.00046128147960331249 0.00010182570505488777 -0.003943434040186022 -0.023118124797309937 0.00072159413144580378 -0.014566141001010379
leaf_weight=90.768296957015991 97.81091034412384 1403.4463777840137 508.25958740711212 4284.2987124025822 513.57670530676842 102.90975904464722 2636.3856461942196 2221.0789189934731 206.46656027436256 4257.287382632494 1753.2643548250198 697.97283482551575 128.86081299185753 242.45586231350899 52.135418295860291
leaf_count=212 25 1273 200 7320 142 28 7615 5154 302 5405 1582 1384 343 718 148
internal_value=0.000272569 0.000198656 0.00155474 0.00237271 0.00830181 -0.000425667 0.00181495 0.00128442 0.00101867 -0.00179742 -0.0042463 -0.000234084 -0.00717274 -0.00314216 -0.0174298
internal_weight=19197 19099.2 6026.82 5512.6 1021.84 13072.3 4960.37 4857.46 4490.77 8111.97 3156.71 4955.26 514.22 371.317 142.904
internal_count=31851 31826 9385 7964 342 22441 12797 12769 7622 9644 2855 6789 1421 1061 360
is_linear=0
shrinkage=0.095152


Tree=257
num_leaves=6
num_cat=0
split_feature=7 7 1 0 7
split_gain=2.31278 2.7238 2.16792 1.63355 1.77703
threshold=10.181851640964988 9.4600000000000009 1.7133812078096222 -1.0342182019546236 8.8950000000000014
decision_type=2 2 2 2 2
left_child=1 2 3 -1 -5
right_child=-2 -3 -4 4 -6
leaf_value=0.0006257758948435252 0.0059714525386237094 -0.0096568220867300249 0.0019054401315419438 2.4490445439401626e-05 0.0051876673177279568
leaf_weight=266.46220332384109 191.99126783013344 147.27398636937141 97.81091034412384 18123.085606604815 370.35416612029076
leaf_count=80 91 89 25 31292 274
internal_value=0.000347026 0.000240985 0.000342744 0.00026786 0.000160298
internal_weight=19197 19005 18857.7 18759.9 18493.4
internal_count=31851 31760 31671 31646 31566
is_linear=0
shrinkage=0.095152


Tree=258
num_leaves=25
num_cat=0
split_feature=3 6 3 4 2 2 3 2 6 2 4 4 6 9 2 2 2 3 2 3 2 2 4 2
split_gain=1.55128 4.84715 5.02297 4.25177 4.67313 7.42247 3.67125 2.99216 2.59372 3.73207 4.18754 4.21402 3.03287 2.79908 4.81029 7.26419 3.43553 7.67253 6.88321 2.97282 2.53592 3.44625 2.44742 0.704139
threshold=1.7019435493731281 -0.97609506267564228 1.3804001304608959 1007.8012391742524 0.97646380817673517 0.93536856108094613 1.2809336479273334 -0.53462719153602467 -0.49182347202724191 0.51431703330167966 1014.2500000000001 1009.6987929069311 0.98296291314453421 -1.7400788236746754 -0.97596079711657202 -0.83823056703443444 -0.57729161655172734 2.8214820870846138 -0.11593459959550052 3.5301525236338578 0.72660752476856549 0.21067229501317755 1013.85 0.073263060487541096
decision_type=2 2 2 2 2 2 2 2 2 2 2 2 2 2 2 2 2 2 2 2 2 2 2 2
left_child=1 2 7 20 5 -5 -6 -1 13 12 11 -11 22 14 19 -16 17 -15 -18 -2 21 -3 -10 -14
right_child=8 3 -4 4 6 -7 -8 -9 9 10 -12 -13 23 16 15 -17 18 -19 -20 -21 -22 -23 -24 -25
leaf_value=0.0039452996505235328 0.0062661013631448359 0.0015576815844560567 0.0086384543973193634 -0.0012810981088382666 0.019346559359565627 -0.029086570412549806 0.0026477626365002923 -0.0011880649965331058 0.0047310044587164221 -0.0028254761602739269 -0.023112195557033505 0.0019447259151285294 -0.019936313587060286 -0.010455321983940093 -0.020116044828311468 0.0027604396062206396 0.0013848242238576605 -0.00019350082574526284 -0.0030829062719665724 0.015397367394595208 -0.010815631752086876 0.025107667814272712 0.013565042780176249 0.0055416098862471333
leaf_weight=413.30630403757095 114.94991871714592 1546.2588014304638 284.77421787381172 2824.9735796153545 75.811146318912506 117.26225680112839 132.61376938223839 423.70487415790558 2581.0537932813168 1459.9370012879372 43.174095094203949 732.49823623895645 103.13342556357384 1156.8009013533592 134.69928056001663 938.99650621414185 1803.461117118597 1456.9811591207981 2426.2099831402302 115.06373482942581 65.066410899162292 181.38862290978432 37.577055692672729 27.281948953866959
leaf_count=125 124 2258 119 5747 148 107 155 161 7119 3733 70 1356 378 1021 198 1531 1107 1204 4375 92 120 455 45 103
internal_value=0.000343926 0.00160262 0.00724585 0.000317807 -0.00178422 -0.00276488 0.0119271 0.00350018 -0.000236557 0.00147164 -0.00141092 -0.000817737 0.00382001 -0.00128332 0.00275136 5.77457e-05 -0.00205419 -0.00476569 -0.00037459 0.0151961 0.00401775 0.00472148 0.00453019 -0.0102432
internal_weight=19197 6065.16 1121.79 4943.37 3150.66 2942.24 208.425 837.011 13131.8 4984.66 2235.61 2192.44 2749.05 8147.16 1303.71 1073.7 6843.45 2613.78 4229.67 230.014 1792.71 1727.65 2618.63 130.415
internal_count=31851 9395 405 8990 6157 5854 303 286 22456 12804 5159 5089 7645 9652 1945 1729 7707 2225 5482 216 2833 2713 7164 481
is_linear=0
shrinkage=0.095152


Tree=259
num_leaves=9
num_cat=0
split_feature=7 7 5 1 5 1 7 5
split_gain=2.37487 2.66492 2.33046 4.4399 4.00675 5.73471 5.21714 3.84826
threshold=10.181851640964988 9.4600000000000009 -0.70453509935217817 1.2228994624994634 -0.19470026394608428 1.492640851033227 4.8500000000000041 -0.70710678118654735
decision_type=2 2 2 2 2 2 2 2
left_child=1 2 3 7 6 -6 -4 -1
right_child=-2 -3 4 -5 5 -7 -8 -9
leaf_value=7.7568723504575681e-05 0.0054418773004036849 -0.0088861729639476746 0.0096840380113262289 -0.008549839606153669 -0.00031575396109342191 0.0062785267275740023 0.0003123193589390493 -0.0054223244973186369
leaf_weight=3870.1886115968227 191.99126783013344 147.27398636937141 1375.0764165520668 115.31088972091675 9135.2692036628723 65.966068267822266 3360.4923798143864 935.40931677818298
leaf_count=7856 91 89 2803 28 17117 18 2609 1240
internal_value=0.000209859 0.000102432 0.000203109 -0.00157586 0.000832247 -0.000323995 0.00308097 -0.00112746
internal_weight=19197 19005 18857.7 4920.91 13936.8 9201.24 4735.57 4805.6
internal_count=31851 31760 31671 9124 22547 17135 5412 9096
is_linear=0
shrinkage=0.095152


Tree=260
num_leaves=14
num_cat=0
split_feature=0 2 7 6 7 3 3 6 7 1 3 6 2
split_gain=3.39669 1.69094 5.64135 3.91331 5.21151 3.47842 2.76306 4.50307 4.13388 2.91186 1.98333 2.68382 1.87905
threshold=-1.0501315690591613 0.99164058729498161 6.6400000000000032 -0.5 4.4850000000000003 1.6011268879015392 4.6748134024085166 1.0000000180025095e-35 5.3800000000000017 0.42647996065710797 4.4727553097095738 -0.72905947264096316 0.98315882653171716
decision_type=2 2 2 2 2 2 2 2 2 2 2 2 2
left_child=-1 6 3 4 -3 -5 10 8 -8 -9 12 -12 -2
right_child=1 2 -4 5 -6 -7 7 9 -10 -11 11 -13 -14
leaf_value=0.00091716567503437828 3.3986533620619219e-05 0.02188127384078084 -0.018744705207898706 0.015350013251088954 -0.0036956337331809858 -0.0099336802576432143 0.00057438614539227285 0.00022193620047892803 -0.0050435508141013019 -0.0093638576836396065 -0.0020426769410971752 0.031291671588080043 0.0075189842943172132
leaf_weight=272.05531340837479 16347.851409673691 120.11823534965515 84.760347664356232 65.775301456451416 42.539392709732056 341.3852661550045 877.67809545993805 75.302822351455688 330.56155505776405 172.99409544467926 142.04207026958466 161.9159599840641 210.45936495065689
leaf_count=74 26747 308 121 87 87 757 1899 281 487 177 191 320 381
internal_value=-2.01647e-05 -0.000172553 -0.0049195 -0.0014619 0.0109287 -0.00646283 -1.88622e-06 -0.00397674 -0.00155937 -0.0156167 0.000340991 0.00794146 0.000200064
internal_weight=19245.4 18973.4 654.579 569.818 162.658 407.161 18318.8 1456.54 1208.24 248.297 16862.3 303.958 16558.3
internal_count=31917 31843 1360 1239 395 844 30483 2844 2386 458 27639 511 27128
is_linear=0
shrinkage=0.095152


Tree=261
num_leaves=6
num_cat=0
split_feature=0 0 5 5 5
split_gain=2.11427 1.51925 1.33607 3.15466 2.74889
threshold=-1.0501315690591613 1.200983719436973 -1.3397744615475926 -1.171081148710176 -1.0013879852237297
decision_type=2 2 2 2 2
left_child=-1 2 -2 -4 -5
right_child=1 -3 3 4 -6
leaf_value=0.0008298955600496426 0.005200967944971574 -0.010699118031020935 -0.0088146302097456448 0.0039538973749341459 -2.6089724760663452e-05
leaf_weight=272.05531340837479 139.96320712566376 78.342824459075928 115.86417090892792 178.25767403841019 18460.956039994955
leaf_count=74 41 24 27 43 31708
internal_value=0.000113254 -5.79027e-06 4.88289e-05 -1.99422e-05 7.72302e-05
internal_weight=19245.4 18973.4 18895 18755.1 18639.2
internal_count=31917 31843 31819 31778 31751
is_linear=0
shrinkage=0.095152


Tree=262
num_leaves=28
num_cat=0
split_feature=3 2 8 9 2 9 3 2 9 6 6 9 8 3 8 1 2 8 8 6 1 1 1 9 3 3 6
split_gain=1.16055 4.07847 6.54492 5.03629 4.34099 4.30857 6.25831 4.89014 4.17825 4.55436 3.30445 2.96932 3.60203 5.65111 3.55176 6.45923 5.19668 4.74869 3.43714 3.22239 2.75618 2.64746 2.20578 2.20305 2.12173 1.65769 1.23977
threshold=3.2936322255167769 0.51431703330167966 4.96 3.0188609843048488 0.53116484290364541 -1.0773815401463158 3.7505339735196195 -0.97596079711657202 -1.3954185201542335 -0.24925234334969376 0.98296291314453421 -2.1489220287166577 6.2800000000000002 1.4628631474848979 6.5200000000000022 0.12955391390636084 -0.11343308229823963 5.8317682219001243 6.5613843606734958 -0.56069081990264669 1.0457574278135011 -0.058922677587916313 0.8125275233825292 3.9431641872036551 1.7019435493731281 1.260872449406232 -0.00058450420491038837
decision_type=2 2 2 2 2 2 2 2 2 2 2 2 2 2 2 2 2 2 2 2 2 2 2 2 2 2 2
left_child=11 3 4 5 -3 7 -7 -2 26 -10 -6 12 13 25 15 16 -13 -17 -16 21 -20 -14 -21 -5 -15 -1 -4
right_child=1 2 8 23 10 6 -8 -9 9 -11 -12 14 19 24 18 17 -18 -19 20 22 -22 -23 -24 -25 -26 -27 -28
leaf_value=-0.022593394858205756 0.0088290829524717025 -0.079503732791430262 -0.022164670526190044 -0.015187710501499467 -0.00035843177325371094 -0.0015587502637962321 0.0075780275664511024 -0.0085927678018648344 -0.02001427737222564 0.0019334392893774097 0.022943601986698221 -0.0075788990092656482 0.00019667581986596185 0.021384285946290892 -0.016556281062189745 0.0023158047750969609 0.0023427369015444465 0.010077751931409883 -0.00030883778159477828 0.0033735591032214864 -0.0036802217288141154 0.016864980938999071 -0.01614011393227514 -0.0049112257533988251 0.0013660607449702906 -0.00972604353529085 -0.047507158041198823
leaf_weight=117.34246772527695 178.31882831454277 41.838182657957077 68.845554709434509 105.1565252840519 1310.139669239521 761.28766199946404 1342.1072461903095 767.70072993636131 332.66172602772713 131.65442132949829 39.181621313095093 1061.5128093957901 136.3254342675209 59.978619128465652 109.09635472297668 1996.2968919277191 1385.2355882227421 822.92047509551048 6910.0488779842854 281.2853896021843 379.88471221923828 200.64391452074051 62.020686030387878 67.194742530584335 465.33890914916992 51.417154163122177 60.004036247730255
leaf_count=262 163 60 157 124 3389 983 1396 1425 907 257 119 3374 131 90 159 3146 4215 845 8760 474 97 109 112 145 867 74 77
internal_value=0.000113254 -0.00109914 -0.00449229 0.000987794 -0.000910343 0.00188841 0.00428894 -0.00343402 -0.0128505 -0.00855627 3.06754e-05 0.000563806 0.0047625 -4.41629e-05 0.000106715 0.00199616 -0.00157666 0.00510073 -0.00123642 0.00967574 -0.000981968 0.0162767 0.00312124 -0.0147641 0.00480762 -0.01514 -0.0279774
internal_weight=19245.4 5206.09 1984.33 3221.77 1391.16 3049.41 2103.39 946.02 593.166 464.316 1349.32 14039.3 1374.35 694.077 12665 5265.97 2446.75 2819.22 7399.03 680.275 7289.93 336.969 343.306 172.351 525.318 168.76 128.85
internal_count=31917 9202 4966 4236 3568 3967 2379 1588 1398 1164 3508 22715 2119 1293 20596 11580 7589 3991 9016 826 8857 240 586 269 957 336 234
is_linear=0
shrinkage=0.095152


Tree=263
num_leaves=21
num_cat=0
split_feature=3 8 6 4 8 8 8 8 9 3 7 3 7 7 6 4 9 3 9 3
split_gain=2.26247 4.73892 4.15809 3.32829 2.37334 3.81844 4.19566 2.24184 2.01997 1.97634 2.80194 2.37482 1.88928 1.4485 1.38475 2.66662 2.43695 0.970006 0.69206 0.624163
threshold=4.6748134024085166 5.7400000000000011 1.0000000180025095e-35 1006.403369886014 6.1835284764661367 7.080000000000001 7.9300000000000024 3.6000000000000001 3.2176268692550285 4.4727553097095738 5.5400000000000018 4.3950000000000005 5.0500000000000034 3.7950000000000004 0.69971674903203429 1004.7046703795089 -2.1960369750224156 4.5925057059164365 -0.075516190449709683 4.9650000000000007
decision_type=2 2 2 2 2 2 2 2 2 2 2 2 2 2 2 2 2 2 2 2
left_child=9 2 8 7 -3 19 -7 -4 13 11 17 14 -13 -2 16 -16 -1 18 -11 -6
right_child=1 4 3 -5 5 6 -8 -9 -10 10 -12 12 -14 -15 15 -17 -18 -19 -20 -21
leaf_value=0.0022278046574575427 -0.00044466635856427287 -0.012544436622730162 -0.0020370373770788887 0.0020087246359352974 0.0022661867002852828 -0.0068605883628747753 -0.0059907782546037187 -0.011781781491491448 0.022392709992580584 -0.0026987259512310743 0.027595625875038578 0.00048692090162448368 -0.010992781944273234 0.0096419687374317171 0.0026806992517895783 -0.0045639836687266606 4.7683702612700264e-05 -0.0099175036935284181 0.0050427274975725113 -0.0047616035928356752
leaf_weight=1514.2565837800503 489.25097647309303 102.73916986584663 65.894136488437653 72.994204580783844 74.458320915699005 77.607031971216202 62.186802208423615 124.87693071365356 43.275563597679138 38.331726044416428 162.9007106423378 59.42594838142395 75.575540244579315 374.04472327232361 957.71765413880348 1571.4132421314716 13181.807579934597 69.273008555173874 48.897198110818863 78.512177884578705
leaf_count=2072 1182 133 253 166 78 134 93 120 140 119 126 157 59 754 3237 5324 17312 193 131 134
internal_value=-0.000120696 -0.00358611 -0.000527224 -0.0110193 -0.0125729 -0.00807441 -0.019372 -0.0176137 0.00252326 0.000185758 0.00758695 4.82722e-05 -0.0124587 0.00148459 0.000148004 -0.00190688 0.000502651 -0.00143732 0.0051136 0.00224663
internal_weight=19245.4 1565.84 1170.34 263.765 395.504 292.764 139.794 190.771 906.571 17679.6 319.403 17360.2 135.001 863.296 17225.2 2529.13 14696.1 156.502 87.2289 152.97
internal_count=31917 3187 2615 539 572 439 227 373 2076 28730 569 28161 216 1936 27945 8561 19384 443 250 212
is_linear=0
shrinkage=0.095152


Tree=264
num_leaves=6
num_cat=0
split_feature=0 4 4 4 1
split_gain=3.32405 2.07544 3.93799 1.77189 1.82627
threshold=-1.0501315690591613 997.93033254946954 998.50312055503798 999.0052012538689 0.93696981298730819
decision_type=2 2 2 2 2
left_child=-1 -2 -3 -4 -5
right_child=1 2 3 4 -6
leaf_value=0.00075116876473601906 0.011902861726019051 -0.0024723950154736979 0.012855309135322724 0.00013212402131592305 -0.0011214266919195729
leaf_weight=272.05531340837479 65.715097308158875 101.53478610515594 184.44476303458214 15654.150479763746 2967.5387903153896
leaf_count=74 32 63 110 28373 3265
internal_value=9.20402e-05 -5.73958e-05 -0.000117325 -1.5079e-05 -0.000108001
internal_weight=19245.4 18973.4 18907.7 18806.1 18621.7
internal_count=31917 31843 31811 31748 31638
is_linear=0
shrinkage=0.095152


Tree=265
num_leaves=7
num_cat=0
split_feature=0 4 2 9 0 9
split_gain=2.60375 2.14957 1.1927 1.28772 6.48478 2.50312
threshold=-1.0501315690591613 1014.9500000000002 0.99992591960455823 -5.0183634104341506 0.050864728535752406 -3.491555941243687
decision_type=2 2 2 2 2 2
left_child=-1 2 3 4 -2 -5
right_child=1 -3 -4 5 -6 -7
leaf_value=0.00068819181473224152 0.0093465880920596597 -0.00871954217143385 -0.0025385414365949759 0.0028280064821208468 -0.023953251973324954 5.2214032715592895e-05
leaf_weight=262.05315893888474 190.00860086083412 98.241005182266235 71.653855264186859 540.36339351534843 84.551341712474823 18071.668604493141
leaf_count=76 283 168 99 843 88 30350
internal_value=0.000236308 0.000105755 0.00017965 0.000227218 -0.00622335 0.000323505
internal_weight=19318.5 19056.5 18958.2 18886.6 274.56 18612
internal_count=31907 31831 31663 31564 371 31193
is_linear=0
shrinkage=0.095152


Tree=266
num_leaves=17
num_cat=0
split_feature=0 4 7 6 8 8 4 0 6 0 0 7 2 0 2 6
split_gain=2.5848 1.24572 4.47921 8.16254 6.82266 5.67588 5.04734 3.11353 2.98785 3.21792 7.90389 6.12109 2.82109 2.30763 2.06342 1.16712
threshold=-1.0501315690591613 1004.9500000000002 5.1100000000000021 -0.4348144682958463 6.7003181722749092 6.080000000000001 1002.5007605866798 -0.86902122408030602 0.69971674903203429 0.38172001084772117 0.5007771375464094 5.5900000000000025 0.26601248138546307 -0.50382030568244862 0.48250774176121808 0.91597561503675351
decision_type=2 2 2 2 2 2 2 2 2 2 2 2 2 2 2 2
left_child=-1 2 5 4 -4 7 -7 -2 9 11 -11 -3 15 -5 -14 -10
right_child=1 8 3 13 -6 6 -8 -9 12 10 -12 -13 14 -15 -16 -17
leaf_value=0.00062270901218302557 -0.012264211893190413 0.0090803519519559416 -0.002588785684213822 0.034161638500408438 -0.034271273602884338 0.016739729841814609 -0.0036030889794816802 0.00011190216093867078 -0.0052446928936331393 -0.015518434079892458 0.00032179308381150105 0.0003959172287185431 0.013512834869818437 -0.0021421769359858287 -0.0011044310801373281 -0.018849992170580355
leaf_weight=262.05315893888474 405.57335168123245 1732.3006006777287 978.54947444796562 168.53973484039307 240.1927761733532 221.26187726855278 116.53424462676048 4006.8130711317062 426.06737506389618 647.18461561203003 3076.9181151390076 5679.6633244752884 134.70163652300835 144.44060090184212 762.82981103658676 314.91619142889977
leaf_count=76 1432 2215 765 357 134 253 247 9423 1569 893 5854 4570 464 304 2153 1198
internal_value=0.000270384 0.000140299 -0.000955801 -0.00542848 -0.00895219 0.000484889 0.0123482 -0.000423939 0.000680349 0.00123943 -0.00103983 0.00238633 -0.00310953 0.00823175 0.00046563 -0.00745015
internal_weight=19318.5 19056.5 6281.91 1531.72 1218.74 4750.18 337.796 4412.39 12774.6 11136.1 3724.1 7411.96 1638.52 312.98 897.531 740.984
internal_count=31907 31831 12915 1560 899 11355 500 10855 18916 13532 6747 6785 5384 661 2617 2767
is_linear=0
shrinkage=0.095152


Tree=267
num_leaves=25
num_cat=0
split_feature=3 8 2 6 7 8 7 3 9 9 8 8 2 7 7 8 2 2 8 9 8 2 7 2
split_gain=1.2111 6.80653 6.90574 8.88485 4.46069 4.74824 3.98099 3.1399 3.84477 6.11741 6.24691 5.90857 4.67667 2.13235 6.73564 4.47486 3.19138 3.18336 3.4882 1.72497 1.75662 1.28688 0.991813 0.799665
threshold=3.7505339735196195 6.5200000000000022 -0.13290646411738921 -0.87107047384582625 8.6600000000000037 7.953371663442705 5.8400000000000025 3.3514905283583767 -2.1060931775118674 -0.76266770065331591 5.1745070256599677 5.8317682219001243 -0.93804245742283243 8.4014560106818195 7.9799999999999995 8.361362027203274 -1.3489882688436168 -0.93206691878074388 10.490000000000002 3.5197272437580271 2.6000000000000001 -0.26781430516217447 2.1800000000000019 0.09031985754373785
decision_type=2 2 2 2 2 2 2 2 2 2 2 2 2 2 2 2 2 2 2 2 2 2 2 2
left_child=7 6 3 -3 5 -4 19 13 11 10 -10 23 -11 14 16 -16 -1 -15 -19 20 -2 -8 -21 -9
right_child=1 2 4 -5 -6 -7 21 8 9 12 -12 -13 -14 17 15 -17 -18 18 -20 22 -22 -23 -24 -25
leaf_value=-0.0084777193420406422 0.0085277145135096242 -0.00083624904570822308 -0.0062883047555931234 0.027559821975686766 -0.0094525590168494465 0.0099793284263680095 -0.040648328273878147 0.022012431298465095 -0.017941138000719416 -0.018546646603566294 0.016138562714364962 -0.015586466592211532 -0.0043201551431368166 0.0018002337997908323 0.00069471553585171526 0.01764043544933833 0.00017826135628941562 -0.0032359384306737621 0.0012214450599544707 0.0023133202083338521 -0.00049777192456113028 -0.016899946131195089 0.017413461125158153 -0.020231886121548925
leaf_weight=149.67515599727631 190.12635496258736 286.76715084910393 293.73717370629311 386.3966044485569 99.123597830533981 129.30394831299782 89.042425543069839 51.172371953725815 95.035287410020828 105.8064538538456 167.59256762266159 88.623091459274292 825.37527832388878 242.52986100316048 295.95643252134323 211.97517666220665 12465.762301117182 697.6645376086235 155.36859652400017 57.413932174444199 2012.9009973108768 95.599050343036652 35.65137967467308 89.940232753753662
leaf_count=45 712 132 554 187 82 157 51 87 265 109 215 79 1361 120 274 220 21753 523 97 191 4271 158 91 173
internal_value=0.000203979 0.00175804 0.00765344 0.0140139 -0.000537051 0.00370748 -0.00108011 -0.000160539 -0.00441945 -0.00222965 0.0105441 -0.0156639 -0.00585603 0.00026533 0.000602974 0.0113317 0.000168828 -0.00376334 -0.00650363 0 -0.000534977 -0.0144692 0.0125988 -0.0033802
internal_weight=19318.5 3676.06 1195.33 673.164 522.165 423.041 2480.73 15642.5 1423.55 1193.81 262.628 229.736 931.182 14218.9 13123.4 507.932 12615.4 1095.56 853.033 2296.09 2203.03 184.641 93.0653 141.113
internal_count=31907 6586 1112 319 793 711 5474 25321 2289 1950 480 339 1470 23032 22292 494 21798 740 620 5265 4983 209 282 260
is_linear=0
shrinkage=0.095152


Tree=268
num_leaves=7
num_cat=0
split_feature=0 3 8 4 8 6
split_gain=2.67844 1.56786 1.07639 2.96933 1.57024 1.55825
threshold=-1.0501315690591613 1.0000000180025095e-35 9.9774315447996607 1009.4017685324201 9.7780784743280993 -1.1013557022782872
decision_type=2 2 2 2 2 2
left_child=-1 -2 4 -4 5 -3
right_child=1 2 3 -5 -6 -7
leaf_value=0.00052763726420917468 -0.0034566082438139798 -0.00077513280186969965 0.001290201628371768 -0.0027881058086853339 0.01375625809723449 0.0001526958316374192
leaf_weight=262.05315893888474 71.5782630443573 1203.140510559082 253.55777022242546 209.30292776226997 60.884754657745361 17258.022574782372
leaf_count=76 18 308 187 189 77 31052
internal_value=0.000102917 -2.8132e-05 2.46872e-05 -0.00450003 0.000138767 8.71992e-05
internal_weight=19318.5 19056.5 18984.9 462.861 18522 18461.2
internal_count=31907 31831 31813 376 31437 31360
is_linear=0
shrinkage=0.095152


Tree=269
num_leaves=9
num_cat=0
split_feature=0 1 1 1 0 3 2 3
split_gain=2.66948 3.18371 2.09572 3.49215 3.26702 3.18985 10.8429 2.83995
threshold=-1.0501315690591613 1.7133812078096222 0.9013362454621362 0.89289786299102547 1.0645003376832403 3.7936611212199245 -0.11593459959550052 3.4508014674044385
decision_type=2 2 2 2 2 2 2 2
left_child=-1 2 3 4 -2 7 -7 -4
right_child=1 -3 5 -5 -6 6 -8 -9
leaf_value=0.00047743154241789771 0.00010315722943990301 0.0024118543862142036 -0.0011722894880411153 0.023063261561246377 -0.0017802959279283543 0.023988732476823586 -0.011396195605574819 -0.008332963091807144
leaf_weight=262.05315893888474 14947.002491295338 96.508827328681946 3041.3782041966915 123.8379722237587 60.855867862701416 219.91907048225403 319.54488918185234 247.43947845697403
leaf_count=76 27446 24 3057 163 21 173 660 287
internal_value=0.000118942 -1.18876e-05 -0.000100904 0.000401607 0.000268703 -0.0020899 0.00467419 -0.00320475
internal_weight=19318.5 19056.5 18960 15131.7 15007.9 3828.28 539.464 3288.82
internal_count=31907 31831 31807 27630 27467 4177 833 3344
is_linear=0
shrinkage=0.095152


Tree=270
num_leaves=24
num_cat=0
split_feature=8 8 6 6 3 1 5 6 2 2 3 3 6 1 2 2 3 3 2 3 2 8 3
split_gain=2.53504 5.64514 7.56266 5.09765 5.99519 5.75351 6.81583 6.74829 5.63949 8.65345 5.35401 4.12921 3.45785 3.16903 2.25933 1.7487 5.49574 3.56281 2.69204 5.26909 2.87852 1.28926 1.14887
threshold=7.7830212433267496 7.7308830526743577 -0.66875051141691777 -0.6827363933565892 1.8415343136763602 0.93228057993045244 -0.8941220520444052 0.48809721101169207 -0.97596079711657202 -0.92332360912427902 1.8018469767361529 1.40033346411613 0.2085574501983822 0.96642536653337097 -0.53462719153602467 0.95989713290459411 0.92016588391875664 1.3404739121516107 0.91586428826728705 2.8214820870846138 0.86962049895765936 8.4004919835684735 1.3804001304608959
decision_type=2 2 2 2 2 2 2 2 2 2 2 2 2 2 2 2 2 2 2 2 2 2 2
left_child=1 15 -3 4 11 6 22 -8 -6 -10 12 14 -7 -12 -2 18 -17 -18 20 -20 -1 -13 -5
right_child=3 2 -4 5 8 10 7 -9 9 -11 13 21 -14 -15 -16 16 17 -19 19 -21 -22 -23 -24
leaf_value=0.00031372239421028719 0.0039775630172189718 -0.039429919459813383 0.0021700522986566593 -0.037296523159663079 -0.022092560984756281 -0.0075102630340789503 0.01174037624610556 -0.0043690439745076668 0.0025614863899377435 -0.0019083553994147951 -0.0050665904571162304 0.0039320245854419632 -0.014346420227915288 0.0089341926845414067 3.7290870836532331e-05 -0.062601128073449919 0.011983371602742217 -0.0020660825074826474 0.016154241349816068 0.00021970839818254967 -0.0042041239704559887 0.0015930846759612837 -0.013115991357753711
leaf_weight=11727.804548680782 553.95666614174843 89.303090304136276 68.207997798919678 80.741626411676407 172.93647903203964 126.18587964773178 775.12664523720741 461.36809998750687 183.22928604483604 1240.2343830764294 84.441721975803375 189.60506960749626 154.49299123883247 155.27942061424255 598.48684278130531 60.674196720123291 45.506948381662369 1188.582359880209 149.90772238373756 279.59108141064644 593.83105930685997 224.93502661585808 144.33695849776268
leaf_count=21320 220 79 166 202 109 178 898 1457 62 819 112 91 427 183 308 56 88 2610 348 831 911 131 291
internal_value=0.000552467 -0.00010226 -0.0179389 0.00236182 0.00473266 -0.00141643 0.0016367 0.00441954 0.000618664 0.00260212 -0.00999777 0.00891161 -0.0188853 0.000402905 0.00595273 9.85594e-05 -0.0032302 -0.00182809 0.000437872 0.00783177 0.000178275 0.0170607 -0.01353
internal_weight=19348.8 14203.4 157.511 5145.36 3163.38 1981.97 1461.57 1236.49 1596.4 1423.46 520.4 1566.98 280.679 239.721 1152.44 14045.9 1294.76 1234.09 12751.1 429.499 12321.6 414.54 225.079
internal_count=31897 26409 245 5488 1740 3748 2848 2355 990 881 900 750 605 295 528 26164 2754 2698 23410 1179 22231 222 493
is_linear=0
shrinkage=0.095152


Tree=271
num_leaves=12
num_cat=0
split_feature=6 6 5 6 0 6 5 5 2 5 5
split_gain=1.4352 11.0181 6.30926 5.26465 9.36053 7.34869 2.58754 5.13375 1.96027 5.0735 3.87933
threshold=-0.87107047384582625 -0.93842731588559025 0.28471372742122364 -1.1013557022782872 -0.0090683707831848964 -1.4108714487418597 -1.4176912577099106 -1.2022392313367674 -0.68524102182766089 -1.0379587122571621 -0.27380466800653919
decision_type=2 2 2 2 2 2 2 2 2 2 2
left_child=1 2 3 5 -5 -1 -2 -8 10 -10 -9
right_child=6 -3 -4 4 -6 -7 7 8 9 -11 -12
leaf_value=0.00028725062794391888 -0.0065852383254160936 0.015128795844607617 0.0069874931758575265 0.0017377875586694204 0.00035285075721727839 -0.0040295237562802235 0.0032644476790169982 0.0039525134202352012 -0.029373375449093457 -0.00019935363601723743 -0.0022645555544641275
leaf_weight=426.98485910892487 88.746543407440186 200.84963142871857 422.74515074491501 240.61274075508118 3898.9644074738026 632.25642412900925 96.110716462135315 2180.9256439507008 68.986961841583252 9598.3641818463802 1493.2188406288624
leaf_count=115 26 59 104 58 3900 156 24 3114 16 20233 4092
internal_value=0.000755677 0.00200483 0.0012172 0.000304261 0.00183852 -0.00567441 0.000216893 0.000325547 0.000165615 -0.000544419 0.00203683
internal_weight=19348.8 5822.41 5621.56 5198.82 4139.58 1059.24 13526.4 13437.6 13341.5 9667.35 3674.14
internal_count=31897 4392 4333 4229 3958 271 27505 27479 27455 20249 7206
is_linear=0
shrinkage=0.095152


Tree=272
num_leaves=6
num_cat=0
split_feature=1 2 0 5 0
split_gain=2.73472 2.68936 1.61096 1.69554 1.19027
threshold=1.7133812078096222 -1.0601077511134196 1.0397779820998518 1.1321152647846746 0.97067606234733783
decision_type=2 2 2 2 2
left_child=1 -1 3 4 -3
right_child=-2 2 -4 -5 -6
leaf_value=0.00070732216939208817 0.0015979612177021692 0.0001025750703112882 -0.001164061299488896 0.015143587714580409 0.0030904288749380149
leaf_weight=674.69448328018188 117.76926577091217 17877.060004264116 99.98542845249176 59.806122779846191 519.45079723000526
leaf_count=187 29 30352 34 17 1278
internal_value=0.000768965 0.000679194 0.000463653 0.000529967 0.000476635
internal_weight=19348.8 19231 18556.3 18456.3 18396.5
internal_count=31897 31868 31681 31647 31630
is_linear=0
shrinkage=0.095152


Tree=273
num_leaves=6
num_cat=0
split_feature=2 2 0 1 0
split_gain=2.62914 2.00751 1.5876 2.82055 2.12382
threshold=-1.0601077511134196 1.003250149981874 -1.2052084992856529 1.7133812078096222 -1.1225163061476626
decision_type=2 2 2 2 2
left_child=-1 2 -2 4 -4
right_child=1 -3 3 -5 -6
leaf_value=0.00063985520181699188 -0.0033813688880538068 0.03092916882350329 0.059587313364558255 0.0015165248902385396 0.000171999218701221
leaf_weight=678.43264579772949 135.48445910215378 60.794062376022339 60.389716148376465 99.892911314964294 18313.772307038307
leaf_count=189 35 19 17 24 31613
internal_value=0.000712764 0.00050035 0.000442599 0.000518852 0.000430837
internal_weight=19348.8 18670.3 18609.5 18474.1 18374.2
internal_count=31897 31708 31689 31654 31630
is_linear=0
shrinkage=0.095152


Tree=274
num_leaves=14
num_cat=0
split_feature=8 4 1 1 2 2 4 4 4 7 7 5 1
split_gain=2.32316 3.96904 3.8106 11.7039 6.78386 5.8425 5.5904 4.56311 3.17188 2.70731 2.43477 2.62308 2.4711
threshold=7.7830212433267496 1005.4198078558317 0.12955391390636084 -0.39198864606032507 -0.9594342204592653 -0.93804245742283243 1007.1990777435881 1007.6036610120206 1008.6986376280321 8.0400000000000027 7.7400243980812595 -1.4176912577099106 1.1426658481917249
decision_type=2 2 2 2 2 2 2 2 2 2 2 2 2
left_child=9 -2 3 6 -5 8 -3 -7 -4 10 11 -1 -13
right_child=1 2 5 4 -6 7 -8 -9 -10 -11 -12 12 -14
leaf_value=-0.0069525747827815674 0.020363822070889027 0.0177198453420233 -0.013660795932889422 0.0028501146796672508 0.015464757421130857 -0.003534797995802464 -0.0070553850235055941 0.00071303955861191654 -0.02381868051307244 0.0013509246421437215 -0.017602733958284433 -5.7808402517219689e-05 -0.0020808321221514881
leaf_weight=59.81420111656189 161.79545778036118 183.90796142816544 99.603033095598221 426.16431903839111 399.12271869182587 581.66680943965912 768.54759538173676 2338.8271266520023 185.72207540273666 82.160758972167969 132.41409751772881 13562.570735663176 366.44921159744263
leaf_count=19 109 214 78 504 223 410 1307 2419 224 23 60 26211 96
internal_value=0.000646112 0.00237813 0.0018966 0.00542816 0.0137142 -5.92567e-05 -0.00174749 0.00120862 -0.0130258 1.76037e-05 -8.25104e-05 3.87491e-05 0.000125985
internal_weight=19348.8 5145.36 4983.56 1777.74 825.287 3205.82 952.456 2920.49 285.325 14203.4 14121.2 13988.8 13929
internal_count=31897 5488 5379 2248 727 3131 1521 2829 302 26409 26386 26326 26307
is_linear=0
shrinkage=0.095152


Tree=275
num_leaves=15
num_cat=0
split_feature=7 2 2 0 4 5 7 7 5 7 4 9 9 4
split_gain=2.18388 4.40482 10.7712 6.0961 5.17449 5.29689 5.72648 4.60502 2.97584 2.46108 1.93067 1.8939 4.64576 3.88983
threshold=6.5699999999999994 -0.012910296075008829 -0.080499103070757708 -1.1225163061476626 1005.8008285559062 1.0000000180025095e-35 7.5199999999999987 7.6300000000000017 -0.30959086439895661 6.5399999999999983 997.93033254946954 1.2976894247916599 1.9130882619150642 1005.6185357543169
decision_type=2 2 2 2 2 2 2 2 2 2 2 2 2 2
left_child=9 2 3 -2 -3 8 -7 -5 -6 10 -1 13 -13 -12
right_child=1 4 -4 7 5 6 -8 -9 -10 -11 11 12 -14 -15
leaf_value=0.016922030202039376 0.0031861703609868787 0.029603149588283195 0.02092940433450774 0.0035557230376028707 -0.0021780823583913049 -0.0046291708168182989 0.014872576943591093 -0.001005380859816885 -0.0083691999320123882 -0.014588843571860641 -0.0015280508407156126 -0.0029997784980775677 0.00018376684945787283 0.001400817131875693
leaf_weight=63.066018342971802 114.41033101081848 128.96628776192665 166.89910796284676 1792.9375333189964 935.84363567829132 192.71782875061035 145.09017103910446 1865.9300365746021 305.1738169491291 99.440553814172745 3908.050623446703 1269.2248345911503 2676.4747714102268 5676.6614527106285
leaf_count=29 33 126 105 1483 1249 256 126 1241 282 104 9326 2397 4828 10391
internal_value=0.000504089 0.00207832 0.00382844 0.00277328 -0.00195189 -0.00346002 0.00706628 0.00208849 -0.00634014 -0.000144452 -3.36687e-05 -0.000112834 -0.00186783 0.000608469
internal_weight=19340.9 5647.97 3940.18 3773.28 1707.79 1578.83 337.808 3658.87 1241.02 13692.9 13593.5 13530.4 3945.7 9584.71
internal_count=31976 4901 2862 2757 2039 1913 382 2724 1531 27075 26971 26942 7225 19717
is_linear=0
shrinkage=0.095152


Tree=276
num_leaves=14
num_cat=0
split_feature=4 5 8 2 8 8 9 2 4 7 4 2 2
split_gain=2.34719 1.53918 1.78959 1.40428 3.52695 3.74717 2.59738 2.24907 3.331 5.93373 2.10466 1.54725 1.30058
threshold=1014.2500000000001 0.85598551460090733 6.6000000000000005 -0.99862982478704421 8.4300000000000033 8.0118449971496073 -0.92564627732446592 -0.99283894808541884 1008.1976206357175 6.1509404995496775 1005.9074702022175 -0.99057024814493932 -0.98039918412989879
decision_type=2 2 2 2 2 2 2 2 2 2 2 2 2
left_child=3 2 -2 4 5 6 -1 8 10 -10 -5 -9 -13
right_child=1 -3 -4 7 -6 -7 -8 11 9 -11 -12 12 -14
leaf_value=0.011332656102582843 0.0058279967946671249 -0.011183388509738676 -0.0098637054336385543 -0.0036013487701837469 0.0028928208393374363 -0.0046066577620352076 5.9544643753794403e-05 0.0016428749859838828 -0.025693808000844951 0.01968643891468241 -0.017564067178706011 -0.010565779837004666 0.0002598916914410722
leaf_weight=203.94130429625511 71.188213855028152 73.856927394866943 68.635809063911438 120.90272212028503 198.30860343575478 132.6666467487812 511.78791311383247 105.65658891201019 57.763311237096786 85.357372999191284 77.984040111303329 303.45758846402168 17329.37996160984
leaf_count=153 126 48 179 359 87 90 412 177 146 98 99 716 29286
internal_value=0.000456789 -0.00942576 -0.00337596 0.000568517 0.00395603 0.00125979 0.00400102 0.000371423 -0.00725366 0.00372882 -0.0151922 0.000519699 0.000449686
internal_weight=19340.9 213.681 139.824 19127.2 1046.7 848.396 715.729 18080.5 342.007 143.121 198.887 17738.5 17632.8
internal_count=31976 353 305 31623 742 655 565 30881 702 244 458 30179 30002
is_linear=0
shrinkage=0.095152


Tree=277
num_leaves=7
num_cat=0
split_feature=3 1 5 7 0 1
split_gain=3.36258 2.39663 2.37646 1.53061 4.88941 2.52404
threshold=1.0000000180025095e-35 1.7133812078096222 1.0684996828053899 8.8950000000000014 -0.16106461407525813 0.98594867607400238
decision_type=2 2 2 2 2 2
left_child=-1 2 3 5 -5 -2
right_child=1 -3 -4 4 -6 -7
leaf_value=-0.0039015589135829327 0.00028422266171846132 -0.0014915543558235913 -0.025858879668099473 -0.00092820804586976006 0.0032686591128818455 -0.0012304375133359025
leaf_weight=79.816808938980103 16895.253344476223 99.616721868515015 80.493219256401062 504.51786109805107 222.2435539662838 1458.9454937577248
leaf_count=21 30012 25 25 364 94 1435
internal_value=0.000407868 0.000489922 0.000412164 0.000482177 0.00476204 0.000311677
internal_weight=19340.9 19261.1 19161.5 19081 726.761 18354.2
internal_count=31976 31955 31930 31905 458 31447
is_linear=0
shrinkage=0.095152


Tree=278
num_leaves=7
num_cat=0
split_feature=3 6 6 6 3 4
split_gain=1.37959 1.61384 3.46547 3.38693 2.11481 1.89485
threshold=1.0000000180025095e-35 -1.3018519803880284 -1.1013557022782872 -1.0122207178162168 1.9850000000000001 1004.9500000000002
decision_type=2 2 2 2 2 2
left_child=-1 4 -3 -4 -2 -5
right_child=1 2 3 5 -6 -7
leaf_value=-0.0035303179216045867 0.00062499111238353659 -0.0041635060510717865 0.0024536417384040999 -0.0008079895539317806 -0.00018297237566853493 0.00072470201684360738
leaf_weight=79.816808938980103 312.23067229986191 519.35867762565613 232.76563936471939 5909.9024392962456 500.27807813882828 11786.534687697887
leaf_count=21 81 137 65 12897 121 18654
internal_value=0.000491498 0.00054426 0.000360553 0.000583408 0.00469225 0.000432209
internal_weight=19340.9 19261.1 18448.6 17929.2 812.509 17696.4
internal_count=31976 31955 31753 31616 202 31551
is_linear=0
shrinkage=0.095152


Tree=279
num_leaves=11
num_cat=0
split_feature=2 8 4 6 6 6 6 2 1 7
split_gain=1.39693 3.60221 4.18799 4.61187 2.82044 2.19783 4.18287 2.48943 2.95078 2.27853
threshold=-0.99862982478704421 8.4300000000000033 1009.0979735849253 -0.59117128384965156 -0.00058450420491038837 -1.3018519803880284 -1.2606378347608216 -0.99283894808541884 0.060620640628285281 10.181851640964988
decision_type=2 2 2 2 2 2 2 2 2 2
left_child=1 2 3 -1 -5 -2 -7 8 -8 -9
right_child=5 -3 -4 4 -6 6 7 9 -10 -11
leaf_value=0.0062506444519301041 0.00065225993130102109 0.0025215620915918259 -0.0053180913484766178 -0.0048133623904166051 0.0042474041751207553 -0.011724097517117251 -0.030061574706989745 0.00010333640872187437 0.0024291436189194933 0.0047964139504738318
leaf_weight=374.9434694647789 683.92791819572449 198.30860343575478 173.22735577821732 176.04704695940018 124.1779919564724 64.707159042358398 179.56674629449844 17037.869296431541 156.44070017337799 171.67071563005447
leaf_count=195 170 87 96 118 246 18 437 30258 264 87
internal_value=0.000456745 0.00383609 0.00111186 0.00451455 -0.00423338 0.000262429 5.59656e-05 0.000146655 -0.00794676 0.000306027
internal_weight=19340.9 1046.7 848.396 675.169 300.225 18294.2 17610.3 17545.5 336.007 17209.5
internal_count=31976 742 655 559 364 31234 31064 31046 701 30345
is_linear=0
shrinkage=0.095152


Tree=280
num_leaves=21
num_cat=0
split_feature=1 1 4 9 6 1 9 8 8 9 1 0 8 4 8 0 4 9 4 8
split_gain=2.14121 4.52068 3.25292 4.58129 5.57774 3.22302 4.40121 4.53257 3.79015 3.57941 4.02034 3.4436 3.07985 2.72886 4.417 3.76098 2.5125 3.28741 2.47241 1.17968
threshold=0.010477660338809919 0.060620640628285281 1001.4061909220619 -0.97258741773299728 -0.87907604413644391 -0.12859018276810941 -4.1231971383390347 8.4500000000000028 8.0900527530617072 -4.6336700666543207 -0.49340807060393016 -1.1225163061476626 9.4500000000000028 1009.2983798774027 6.9232574988038875 0.97067606234733783 1005.6185357543169 0.19183530099312665 1000.1186476663455 4.2200000000000015
decision_type=2 2 2 2 2 2 2 2 2 2 2 2 2 2 2 2 2 2 2 2
left_child=5 16 3 18 -5 9 -7 8 -8 10 -1 -11 -13 15 -15 -4 19 -18 -3 -2
right_child=1 2 13 4 -6 6 7 -9 -10 11 -12 12 -14 14 -16 -17 17 -19 -20 -21
leaf_value=-0.019245280660961869 0.015343821521088768 0.0032233337268352136 -0.00078305685935186665 0.017709475707157158 0.0011544656207223348 0.0036995452846121596 -0.0085278996626109091 0.0024028766641232021 -0.031083114184783694 -0.0075162100756126027 0.0011072063039559992 0.00046949724757551882 -0.021641789815152416 0.0049004239770876652 0.00012488024145634386 0.01231991314226771 0.035626847858588689 0.0089107909206901093 -0.028044606895254124 -0.013722147884096729
leaf_weight=68.130592912435532 38.345356792211533 80.674591034650803 6165.0589359402657 518.84094282984734 1018.7513320446014 67.18019500374794 639.57500493526459 96.126835882663727 68.823238492012024 48.649178147315979 49.905457645654678 6289.9405039250851 63.719890624284744 975.4789961874485 2555.4720248281956 156.1276975274086 108.80580896139145 116.32889857888222 129.80767664313316 50.058700025081635
leaf_count=146 131 74 8281 146 1084 48 1257 57 86 16 94 14856 74 1609 3000 361 169 137 235 134
internal_value=0.000570812 0.00136045 0.00105376 0.00483546 0.00664286 -0.000700141 -0.00612947 -0.00810057 -0.0107414 2.48716e-05 -0.0162972 0.000331161 0.000133372 0.000380905 0.0025001 -0.000801121 0.0126136 0.0179266 -0.00826576 -0.00084097
internal_weight=19305.8 11913.8 11600.2 1748.07 1537.59 7392.05 871.705 804.525 708.398 6520.35 118.036 6402.31 6353.66 9852.14 3530.95 6321.19 313.539 225.135 210.482 88.4041
internal_count=31995 15361 14790 1539 1230 16634 1448 1400 1343 15186 240 14946 14930 13251 4609 8642 571 306 309 265
is_linear=0
shrinkage=0.095152


Tree=281
num_leaves=22
num_cat=0
split_feature=9 6 4 5 3 4 9 3 4 6 6 3 3 6 9 2 4 5 5 6 2
split_gain=1.45063 3.14158 3.06688 5.31674 5.06555 8.26901 4.04212 4.69934 4.57355 4.0006 3.38673 3.17987 4.82922 3.35285 2.52839 2.44626 2.19186 1.91157 7.4446 5.03227 0.948235
threshold=0.68789266318201581 -1.1666960703771718 1001.3018462435326 -0.96197041336829503 3.3707478373144806 1000.4005788478393 2.0606303735081082 3.152773529786836 1007.3951706688443 -1.1422396485079014 -0.87107047384582625 0.6150000000000001 0.76400304552728227 -0.77703206496278954 0.5155267708550576 -0.94871308574564128 1009.1963153035464 -0.4833538702244064 -0.30959086439895661 -0.91096325319767579 -0.42889193791248376
decision_type=2 2 2 2 2 2 2 2 2 2 2 2 2 2 2 2 2 2 2 2 2
left_child=1 -1 3 20 10 -6 7 9 -9 -4 -5 13 -13 -8 17 -16 -17 19 -19 -3 -2
right_child=2 14 6 4 5 -7 11 8 -10 -11 -12 12 -14 -15 15 16 -18 18 -20 -21 -22
leaf_value=0.0029955578447532524 0.03297407885340773 0.017743934831794882 -0.0079869915256927399 0.013641250771554654 -0.0070465415720310683 0.010085504849185448 0.0045775207071635732 -0.00385099909617164 0.0075201429742158335 -0.0026145831591989671 0.00011474779899155406 -0.0094606265285540544 0.00057671461653627319 -0.00018584199025780814 -0.0075511381064136355 0.012914903699474449 0.0022197456215661874 0.016127298075504292 0.00067725921559782447 -0.0014715494398181447 0.0089900327837056232
leaf_weight=466.05778580904007 107.94901704788208 100.93411302566528 222.85275447368622 308.72364592552185 160.75351417064667 126.29244241118431 141.9903344810009 542.62748792767525 427.70049312710762 2757.4869580566883 519.20634463429451 104.08159986138344 3141.2951844632626 153.77474188804626 91.467850238084793 340.33835625648499 165.83138135075569 125.7115638256073 5553.3608019053936 3641.4477061927319 105.91778188943863
leaf_count=124 142 24 58 73 100 130 43 1204 547 4843 705 120 4482 200 132 634 343 36 10492 7477 86
internal_value=0.000461987 0.00121875 -0.000436186 0.00377202 0.00111545 -0.00973376 -0.00118485 -0.0032777 0.00246228 -0.00515104 0.00490201 0.00114678 0.00028005 0.0105698 0.000861497 0.00685755 0.00945435 0.000478864 0.00157992 -0.00118856 0.0174686
internal_weight=19305.8 10485.1 8820.65 1328.84 1114.98 287.046 7491.81 3950.67 970.328 2980.34 827.93 3541.14 3245.38 295.765 10019.1 597.638 506.17 9421.45 5679.07 3742.38 213.867
internal_count=31995 19262 12733 1236 1008 230 11497 6652 1751 4901 778 4845 4602 243 19138 1109 977 18029 10528 7501 228
is_linear=0
shrinkage=0.095152


Tree=282
num_leaves=12
num_cat=0
split_feature=0 9 0 9 6 0 3 2 6 9 6
split_gain=1.72581 1.64832 5.32669 3.99137 4.80556 4.74683 4.06334 6.52721 4.83185 3.4036 2.45991
threshold=-1.0501315690591613 1.250842250293124 1.0031448503598595 2.0003581014071892 -1.1013557022782872 0.32187031147574119 3.4914958254795621 0.1430905115099233 -1.5316476506453636 1.2283956407804182 -1.5795604215207197
decision_type=2 2 2 2 2 2 2 2 2 2 2
left_child=-1 2 9 4 -3 -6 8 -8 -5 10 -2
right_child=1 3 -4 6 5 -7 7 -9 -10 -11 -12
leaf_value=0.00050375115806537566 -0.0048628541217620074 -0.0082148918461713571 -2.7665059069777421e-05 0.0012408725617048468 0.00010831303241604022 -0.0090292332698779752 -0.0080260948138314858 0.0034370828312051569 0.00063452762940496962 0.013265026686760783 0.00059383830352056411
leaf_weight=274.73365193605423 177.51067930459976 205.14483189582825 71.931861042976379 92.044319748878479 1513.2792537510395 649.52533483505249 397.43135794997215 289.55020758509636 3467.1175037026405 98.058535635471344 12069.474321573973
leaf_count=78 48 52 21 21 2187 1400 326 777 4549 127 22409
internal_value=0.000526625 0.000417534 0.00106423 -0.000794591 -0.00392456 -0.00259178 0.000948591 -0.00573901 0.00224468 0.000911228 0.000767718
internal_weight=19305.8 19031.1 12417 6614.09 2367.95 2162.8 4246.14 686.982 3559.16 12345 12247
internal_count=31995 31917 22605 9312 3639 3587 5673 1103 4570 22584 22457
is_linear=0
shrinkage=0.095152


Tree=283
num_leaves=6
num_cat=0
split_feature=6 6 6 6 7
split_gain=1.64898 1.63144 3.34417 1.53636 1.38191
threshold=-1.3434830665445878 -1.317565891610319 -1.2874680529497173 -1.2606378347608216 10.181851640964988
decision_type=2 2 2 2 2
left_child=-1 -2 -3 -4 -5
right_child=1 2 3 4 -6
leaf_value=0.00083764863883126141 -0.0052333347660156312 0.012611112661769106 -0.010251772617637635 0.00018858241836134884 0.0050694380186115627
leaf_weight=700.8011971116066 85.018799483776093 63.804805278778076 58.378553748130798 18234.466235280037 163.33226805925369
leaf_count=183 17 15 15 31678 87
internal_value=0.000639623 0.000468003 0.000529472 0.000452765 0.000502863
internal_weight=19305.8 18605 18520 18456.2 18397.8
internal_count=31995 31812 31795 31780 31765
is_linear=0
shrinkage=0.095152


Tree=284
num_leaves=7
num_cat=0
split_feature=2 0 0 1 2 1
split_gain=1.65055 1.60303 2.08966 1.46556 5.77155 2.58747
threshold=1.003250149981874 -1.1225163061476626 -1.0030109275060868 -0.38168568572378597 -0.11343308229823963 -0.31280064007213421
decision_type=2 2 2 2 2 2
left_child=1 -1 -3 4 -4 -5
right_child=-2 2 3 5 -6 -7
leaf_value=0.00045741276272852062 0.021138389813319575 -0.0067244224966579473 -0.0048677812939652131 0.0024331330730121966 0.0021086312078822198 0.00025580639631091456
leaf_weight=214.16088277101517 67.241486430168152 65.656270980834961 2475.2677574157715 497.60265898704529 2426.1119329333305 13559.760869443417
leaf_count=60 21 25 5625 813 6707 18744
internal_value=0.000585611 0.000532354 0.000439175 0.000499077 -0.000916194 0.000993487
internal_weight=19305.8 19238.6 19024.4 18958.7 4901.38 14057.4
internal_count=31995 31974 31914 31889 12332 19557
is_linear=0
shrinkage=0.095152


Tree=285
num_leaves=14
num_cat=0
split_feature=1 8 1 4 2 8 8 4 7 8 6 1 4
split_gain=2.1535 4.99391 2.98403 2.55283 4.97109 5.72187 5.38284 2.03513 5.03797 6.04092 5.12954 2.58871 1.98687
threshold=1.0003384133968634 6.6000000000000005 0.99166813670569354 1011.8141524622605 -0.012910296075008829 9.9774315447996607 8.3000000000000043 1004.6293547666627 4.1807661754691656 6.1835284764661367 -0.49932976672732488 0.98930504265984687 1007.6968669180433
decision_type=2 2 2 2 2 2 2 2 2 2 2 2 2
left_child=2 -2 7 4 6 -6 -4 8 9 -1 -10 12 -9
right_child=1 -3 3 -5 5 -7 -8 11 10 -11 -12 -13 -14
leaf_value=8.6579421102483137e-05 0.013441107428415576 -0.0007196810426861592 -0.023462140540699086 -0.0048626620126631685 -0.0012224679362127224 -0.02764307014545345 0.011206462758262904 0.0013814622510119959 -0.0037271334930854098 0.023008141440050919 0.0015930005933068236 0.026349637909677138 -0.00019083964698071522
leaf_weight=2976.2332011163235 388.38658893108368 560.78788340091705 105.59687253832817 67.108184546232224 270.99043083190918 120.82307887077332 141.95667201280594 3487.8832868933678 1724.9895004928112 119.90573552250862 746.49790000915527 109.43609741330147 8587.1032540798187
leaf_count=8060 106 143 203 117 521 134 110 5612 1733 173 1851 91 13166
internal_value=2.00162e-05 0.00443738 -0.000206751 -0.00626536 -0.0043608 -0.0110268 0.00614111 3.41024e-05 -0.00147208 0.00108182 -0.00467547 0.000723482 0.000589474
internal_weight=19407.7 949.174 18458.5 706.475 639.367 391.814 247.554 17752 5567.63 3096.14 2471.49 12184.4 12075
internal_count=32020 249 31771 1085 968 655 313 30686 11817 8233 3584 18869 18778
is_linear=0
shrinkage=0.095152


Tree=286
num_leaves=9
num_cat=0
split_feature=4 4 0 1 1 1 1 7
split_gain=1.78753 3.68479 3.28537 3.02235 2.91633 3.40013 3.76234 1.74317
threshold=999.70315019477414 999.80294436967711 -1.0666459108822997 1.7133812078096222 0.91417015418394287 0.85885587013335762 0.65427941861082639 8.8950000000000014
decision_type=2 2 2 2 2 2 2 2
left_child=4 -2 -3 7 5 6 -1 -4
right_child=1 2 3 -5 -6 -7 -8 -9
leaf_value=0.00084110880746980556 0.0023683416599503452 0.0011026361526813857 -0.00033134530594782754 0.00048125899248835873 -0.0030351101433539833 0.011491795654635359 -0.019033613678209362 0.0017608982866108278
leaf_weight=165.47903618216515 82.625243127346039 210.90790563821793 17609.548453718424 80.979644179344177 240.42470127344131 178.27358961105347 141.11516976356506 698.34494316577911
leaf_count=158 54 62 30942 19 145 69 113 458
internal_value=-9.06683e-05 8.87443e-05 -3.58217e-07 -0.000136895 -0.00472117 -0.000436043 -0.00652854 -0.000219368
internal_weight=19407.7 18682.4 18599.8 18388.9 725.292 484.868 306.594 18307.9
internal_count=32020 31535 31481 31419 485 340 271 31400
is_linear=0
shrinkage=0.095152


Tree=287
num_leaves=17
num_cat=0
split_feature=7 9 3 7 9 9 9 6 6 6 6 2 6 3 5 6
split_gain=1.61983 3.60693 5.29958 4.45665 3.43607 4.08535 2.4403 5.02525 4.0014 10.7228 3.36711 4.19442 4.01627 2.64821 1.8052 1.34261
threshold=7.4200000000000008 3.9431641872036551 0.90009147922033284 7.9062025029692231 -1.3138097446881536 -0.48846353667763326 1.2976894247916599 -1.0122207178162168 -1.3781372461623391 -1.0035543346528775 -0.86587573991668021 -0.9993703818063705 -0.75639393203468142 1.6414575045034718 -0.67946094063285822 -0.85945896132844501
decision_type=2 2 2 2 2 2 2 2 2 2 2 2 2 2 2 2
left_child=6 2 3 -2 14 -6 7 -1 -8 -10 11 -9 -12 -11 -4 -5
right_child=1 -3 4 15 5 -7 8 10 9 13 12 -13 -14 -15 -16 -17
leaf_value=0.0074920006378244638 -0.021123819396780406 0.0033341320184773673 0.00075926808974966691 -5.7657362307874451e-05 -0.0060858218611606601 0.00088750097652289862 0.0013719590475712751 0.0092169286577793493 -0.0080416694988345427 0.00053301187192190556 0.015761446907411349 -0.0023559197026430888 0.00048283861968708005 -0.0020690341155742082 0.0072072679128875579 -0.010931897007205135
leaf_weight=626.19514548778534 129.94279477000237 203.61548584699631 92.584350317716599 118.90805432200432 164.5224449634552 2314.2031101882458 220.23963570594788 94.443251550197601 314.45168966054916 1349.7979292571545 124.43204465508461 3522.8274351358414 6833.7274056375027 3053.6130982935429 111.7915201485157 132.40329071879387
leaf_count=174 156 116 120 36 172 1632 52 71 75 2174 35 4916 16294 5690 111 196
internal_value=-8.68109e-05 0.00184379 0.00102145 -0.00944898 0.00251799 0.00153061 -0.000478631 0.000297244 -0.00224081 -0.00282914 -0.000192465 -0.00254775 0.00103038 -0.00161082 0.0143425 -0.00195984
internal_weight=19407.7 3267.97 3064.36 381.254 2683.1 2478.73 16139.7 11201.6 4938.1 4717.86 10575.4 3617.27 6958.16 4403.41 204.376 251.311
internal_count=32020 2539 2423 388 2035 1804 29481 21490 7991 7939 21316 4987 16329 7864 231 232
is_linear=0
shrinkage=0.095152


Tree=288
num_leaves=14
num_cat=0
split_feature=4 7 4 2 3 6 6 7 9 6 6 4 9
split_gain=2.13552 1.38052 3.11106 6.60972 3.11501 3.65339 2.71922 2.45531 2.16782 4.41289 3.55692 0.720613 0.365798
threshold=998.50312055503798 7.4200000000000008 1006.6068227866607 -0.39754281428255622 0.67106272017184587 -0.97012145854046394 -0.59117128384965156 7.3309367455851646 1.318729794503444 -1.0035543346528775 -1.0122207178162168 1008.7071869468635 2.2645479252125917
decision_type=2 2 2 2 2 2 2 2 2 2 2 2 2
left_child=-1 7 3 6 -4 -6 -3 8 10 -10 -2 -9 -5
right_child=1 2 4 12 5 -7 -8 11 9 -11 -12 -13 -14
leaf_value=-0.0023422979407994064 0.0067649082283614522 -0.022265944816847762 -0.0023632179685990399 0.026717723522612889 0.0014089164919088534 -0.00048545050344968673 0.00351980121562381 -0.023263728787367269 -0.0047133131188730401 -0.00046846259361625327 2.9962334174403412e-05 -0.00094170801323563956 0.014968701071572697
leaf_weight=187.15597659349442 631.4217529296875 172.02288880944252 139.46330997347832 145.34419131278992 487.91564324498177 1987.482742190361 166.0023490190506 95.583312630653381 483.22574454545975 4142.3077192902565 10501.897463709116 98.135665684938431 169.73992672562599
leaf_count=99 172 68 184 114 123 1821 137 103 114 7650 21243 100 92
internal_value=-0.000109675 -1.01668e-05 0.00177043 0.00763837 0.000296741 0.00108403 -0.00157304 -0.000375849 -0.000243669 -0.00197529 0.000474773 -0.0109871 0.0175252
internal_weight=19407.7 19220.5 3267.97 653.109 2614.86 2475.4 338.025 15952.6 15758.9 4625.53 11133.3 193.719 315.084
internal_count=32020 31921 2539 411 2128 1944 205 29382 29179 7764 21415 203 206
is_linear=0
shrinkage=0.095152


Tree=289
num_leaves=12
num_cat=0
split_feature=3 1 6 6 1 3 5 0 0 1 0
split_gain=2.11383 1.26047 4.56272 6.78866 4.57825 4.58075 3.53137 3.27038 5.72473 2.16536 0.428203
threshold=1.0000000180025095e-35 -0.76922158987017697 -0.6827363933565892 -0.54999187771135605 -0.81900730237416497 2.5005970688644386 -0.83818406193017714 -1.2052084992856529 -1.0666459108822997 1.7133812078096222 0.11775246362430609
decision_type=2 2 2 2 2 2 2 2 2 2 2
left_child=-1 2 4 -4 5 -2 -5 -3 -9 -10 -6
right_child=1 7 3 6 10 -7 -8 8 9 -11 -12
leaf_value=-0.0020844766878531464 -0.014816005435896422 -0.0014699767268218794 0.023433377809223149 -0.011562019159137736 -0.032709440193186473 0.0026885141487826784 0.0047952597515650659 0.032908402778250009 9.578607595616911e-05 -0.0070998164271431621 -0.031684790159103526
leaf_weight=88.267969369888306 610.78584602475166 130.83487075567245 49.34949791431427 449.92750823497772 67.955254226922989 536.93242803215981 1035.1315149068832 75.72042179107666 16219.35460048914 87.499992966651917 55.938781946897507
leaf_count=23 964 35 11 1498 113 942 3622 26 24614 21 151
internal_value=-5.71786e-05 9.79374e-06 -0.00185351 0.00163262 -0.00606737 -0.00416336 0.000454588 0.000327311 0.000448306 0.000325209 -0.0233685
internal_weight=19407.7 19319.4 2806.02 1534.41 1271.61 1147.72 1485.06 16513.4 16382.6 16306.9 123.894
internal_count=32020 31997 7301 5131 2170 1906 5120 24696 24661 24635 264
is_linear=0
shrinkage=0.095152


Tree=290
num_leaves=20
num_cat=0
split_feature=1 1 2 8 2 4 2 2 2 7 1 1 8 8 1 4 1 8 4
split_gain=2.61022 5.70179 7.38584 4.50849 5.63181 4.42829 4.79543 5.31234 3.90232 3.18282 3.1565 4.72242 5.26684 3.62806 2.94303 2.90662 2.7619 2.63024 0.357149
threshold=0.79330461233129923 0.76104250210999103 -0.63147170028715205 4.96 -0.42889193791248376 999.6018667981258 -0.99698854632661271 -0.012910296075008829 -0.56407241892304671 1.880000000000001 0.72501428915853083 0.70069501130801959 6.4900000000000011 7.8700000000000037 0.66484924122790601 1005.7023375754328 0.78042382416848366 5.3350000000000017 1001.4061909220619
decision_type=2 2 2 2 2 2 2 2 2 2 2 2 2 2 2 2 2 2 2
left_child=1 10 -3 4 8 -5 -7 -8 -2 -6 11 14 -13 17 -1 -11 -4 -12 -10
right_child=3 2 16 5 9 6 7 -9 18 15 13 12 -14 -15 -16 -17 -18 -19 -20
leaf_value=0.00028567486670904376 -0.0095066761335985458 0.024108431766770001 -0.0068009709221261549 -0.0032966258995697066 0.018712897602992329 -0.016509716121997326 0.0012703317950096987 -0.0016782073726209646 -0.044805848450110743 -0.00086325651855150801 -0.0044947931632492695 -0.0038984303054243295 0.028772608221255727 -0.0034401690216949794 -0.011381066753411599 -0.013864008223759676 0.0097078662272881387 -0.010966125630874785 -0.031419785683022006
leaf_weight=12597.456040859222 133.10578110814095 187.1603852212429 115.37590229511261 328.92401829361916 70.944677621126175 100.52463042736053 2528.2570862770081 1738.0384362637997 53.200580388307571 330.53867927193642 94.714534848928452 109.481684923172 118.02718248963356 63.648715436458588 330.73892298340797 109.4140625 135.329718708992 127.42060944437981 57.675207614898682
leaf_count=24060 86 144 184 164 177 29 1935 2598 108 643 221 205 114 71 480 280 163 186 95
internal_value=7.77337e-05 0.000771276 0.0114409 -0.0016857 -0.00850538 -0.000584539 0.000216015 0.000705866 -0.0203645 -0.00277833 0.000421643 0.000637895 0.0141884 -0.009445 0.000396989 -0.00582445 0.00068527 -0.0151891 -0.0334981
internal_weight=19330 13879.4 437.866 5450.62 754.879 4695.74 4366.82 4266.3 243.982 510.897 13441.5 13155.7 227.509 285.784 12928.2 439.953 250.706 222.135 110.876
internal_count=31943 25828 491 6115 1389 4726 4562 4533 289 1100 25337 24859 319 478 24540 923 347 407 203
is_linear=0
shrinkage=0.095152


Tree=291
num_leaves=25
num_cat=0
split_feature=1 1 1 7 1 1 3 1 0 1 8 8 5 5 7 7 8 7 8 8 1 5 1 8
split_gain=1.9458 4.43523 5.59158 4.69997 4.21133 4.29755 6.09813 4.11707 4.24312 4.02912 5.83884 5.62333 4.10261 3.9066 4.09284 3.84037 3.78157 3.58863 3.1503 2.93916 2.91959 4.12915 2.78368 2.1599
threshold=0.79330461233129923 0.61823679538819187 0.66484924122790601 5.4300000000000024 0.5599895493230127 0.47146475767959806 3.043105689697243 0.68719664214447729 -0.35249558600084391 0.9746956184065646 8.8599999999999994 4.96 -1.0591495107497402 -0.36106816176559886 5.1350000000000007 1.8100000000000007 6.8900000000000032 4.5900000000000025 5.9900000000000011 5.6799999999999988 0.9821165111257959 -0.50057056995518712 0.39457506771186956 8.2316874982920449
decision_type=2 2 2 2 2 2 2 2 2 2 2 2 2 2 2 2 2 2 2 2 2 2 2 2
left_child=1 4 3 18 5 22 -7 8 -4 10 11 15 -11 14 -6 -2 -13 -15 -3 -9 23 -22 -1 -14
right_child=9 2 7 -5 13 6 -8 19 -10 12 -12 16 20 17 -16 -17 -18 -19 -20 -21 21 -23 -24 -25
leaf_value=0.00016531066682607659 0.017552762460917599 0.040598335776942655 0.00063496243697700253 0.0017484800111375381 0.013646006199755499 0.0092012043210981248 -0.0044806777189029326 -0.0015350162380908089 -0.018861525459609594 -0.0073101825322907966 -0.013726765016608468 0.00038108031192366122 0.0035552099560914071 -0.016339656219055598 -0.011748240736772856 -0.013926156195750133 -0.0067161680321949678 -0.021812064276054404 -1.3289613682700462e-05 0.0049530758539412358 0.004019100856128487 -0.00074202852498061361 -0.0079410962835658339 0.014080985958239721
leaf_weight=9978.7683047950268 52.862163513898849 157.91502416133881 81.642715662717819 181.71372929215431 80.573328167200089 586.90562772750854 363.9197663962841 393.99394327402115 132.53169298171997 140.10648703575134 197.70791700482368 1574.6752318143845 123.1980542242527 170.03798148036003 101.41703727841377 449.29213717579842 866.19886985421181 160.90211981534958 109.34625113010406 673.72930443286896 495.97537335753441 1433.638626486063 705.95687061548233 116.96829929947853
leaf_count=20810 157 250 116 196 109 658 451 713 198 32 154 1774 196 232 129 883 983 171 138 741 520 1300 916 116
internal_value=6.67546e-05 0.000665644 0.00517 0.014296 2.23269e-05 0.000395762 0.00652144 0.00195205 -0.0100301 -0.00145569 -0.00367485 -0.0026018 0.00155655 -0.00840284 0.00272574 -0.0117591 -0.00070721 -0.0145472 0.0222978 0.00437712 0.00258363 0.00134078 -0.00014892 0.0124532
internal_weight=19330 13879.4 1730.87 448.975 12148.5 11635.6 950.825 1281.9 214.174 5450.62 3140.74 2943.03 2309.89 512.93 181.99 502.154 2440.87 330.94 267.261 1067.72 2169.78 1929.61 10684.7 240.166
internal_count=31943 25828 2352 584 23476 22835 1109 1768 314 6115 3951 3797 2164 641 238 1040 2757 403 388 1454 2132 1820 21726 312
is_linear=0
shrinkage=0.095152


Tree=292
num_leaves=7
num_cat=0
split_feature=0 0 1 2 0 2
split_gain=1.37915 1.59621 2.97645 1.418 4.88643 2.77355
threshold=-1.41154410393985 -1.2285561363750326 1.7133812078096222 -0.26781430516217447 -0.70710678118654757 -0.012910296075008829
decision_type=2 2 2 2 2 2
left_child=-1 -2 3 4 -3 -5
right_child=1 2 -4 5 -6 -7
leaf_value=-0.00098106779583186955 0.00088914906440776167 0.0078113043645753298 0.00068934256864500859 0.0030095286404863623 -0.0011759029674622788 8.125722277960272e-05
leaf_weight=83.550421357154846 71.157042741775513 1262.7357028126717 93.706517338752747 1785.6804923415184 8238.978972017765 7794.1677083671093
leaf_count=24 17 3207 24 2439 9846 16386
internal_value=0.000255354 0.000309358 0.000255379 0.000171022 -0.000651744 0.000988385
internal_weight=19330 19246.4 19175.3 19081.6 9501.71 9579.85
internal_count=31943 31919 31902 31878 13053 18825
is_linear=0
shrinkage=0.095152


Tree=293
num_leaves=7
num_cat=0
split_feature=0 0 1 6 6 2
split_gain=1.3697 1.6057 2.99127 1.84555 9.28453 5.45413
threshold=-1.41154410393985 -1.2285561363750326 1.7133812078096222 -0.70674862550735462 -0.60139701990118477 -0.23190591045675793
decision_type=2 2 2 2 2 2
left_child=-1 -2 3 5 -5 -3
right_child=1 2 -4 4 -6 -7
leaf_value=-0.00088771726857069747 0.0008045447849394816 -0.0016525328514292847 0.00062375026960089159 0.014387583084083378 0.00035289424191494345 0.00082807284027827405
leaf_weight=83.550421357154846 71.157042741775513 5964.5364232361317 93.706517338752747 252.48013973236084 9106.9441567361355 3757.6021558344364
leaf_count=24 17 4146 24 62 22185 5485
internal_value=0.000214272 0.000268098 0.000213966 0.000129405 0.00108364 -0.000787941
internal_weight=19330 19246.4 19175.3 19081.6 9359.42 9722.14
internal_count=31943 31919 31902 31878 22247 9631
is_linear=0
shrinkage=0.095152


Tree=294
num_leaves=20
num_cat=0
split_feature=3 3 5 6 1 4 4 1 3 3 3 3 3 6 8 5 6 8 6
split_gain=1.64536 3.18799 3.08325 10.162 6.78567 3.72566 6.3575 5.15829 3.62216 3.09451 2.93328 2.47553 2.04175 7.31456 6.65985 4.7838 3.9628 7.25942 6.66188
threshold=1.1601980206260845 1.181499766251304 0.27565180707182441 -1.1013557022782872 0.93228057993045244 1008.500537270107 1008.8986866046024 0.61823679538819187 0.27500000000000008 0.57082169953766149 1.0627242140441702 0.34100370021348397 1.7019435493731281 -0.9480404728035291 6.8500000000000041 -1.0818711854003358 -1.1013557022782872 6.7003181722749092 -1.0329584178428288
decision_type=2 2 2 2 2 2 2 2 2 2 2 2 2 2 2 2 2 2 2
left_child=2 -2 5 -4 11 8 -7 -8 -1 -6 -10 -5 13 14 -3 -15 17 -14 -18
right_child=1 12 3 4 9 6 7 -9 10 -11 -12 -13 16 15 -16 -17 18 -19 -20
leaf_value=-0.0018950735577668355 0.022933756621762946 -0.0045363773959337652 0.027316427458282558 -0.015129788400145462 0.0032588753417400296 -0.019041370428397701 -0.012164529031610281 0.008320291103105986 0.0026895875005574161 -0.024881716012009183 -0.011624825529025367 0.0048174556245449253 0.007148971725912035 0.001302792111190814 0.0037262312402428811 -0.0012698119820282535 0.012259711394496674 -0.0053408700641130614 4.0644148883319768e-05
leaf_weight=153.83998358249664 105.2912957072258 275.99432870745659 64.286774873733521 72.548942714929581 54.19913238286972 141.26180282235146 631.51331087946892 306.62366753816605 873.99585315585136 125.77984526753426 120.34065541625023 785.07910457253456 343.33679169416428 47.966191649436951 503.58528834581375 1827.2355721890926 129.79740405082703 564.12792706489563 12203.172984361649
leaf_count=89 166 221 14 156 108 139 1065 322 894 259 168 1767 85 14 210 3821 36 140 22269
internal_value=8.99876e-05 0.000491101 -0.00183324 0.00227462 -9.93923e-06 -0.00387111 -0.00788095 -0.00501073 -8.55321e-05 -0.016748 0.00201088 0.00350864 0.00038024 0.00278806 0.0105263 -0.000427434 -0.000101814 -0.00616632 0.000344008
internal_weight=19330 16000.5 3329.47 1101.89 1037.61 2227.58 1079.4 938.137 1148.18 179.979 994.337 857.628 15895.2 2654.78 779.58 1875.2 13240.4 907.465 12333
internal_count=31943 26962 4981 2304 2290 2677 1526 1387 1151 367 1062 1923 26796 4266 431 3835 22530 225 22305
is_linear=0
shrinkage=0.095152


Tree=295
num_leaves=12
num_cat=0
split_feature=1 2 6 6 7 6 7 8 4 2 8
split_gain=2.33303 1.54079 8.39549 4.07931 3.44162 7.2769 4.6276 2.8757 7.22081 4.84848 2.21514
threshold=1.7133812078096222 0.27851253630751921 -1.3018519803880284 -1.1013557022782872 6.5699999999999994 -0.97609506267564228 6.4200119791850296 6.9232574988038875 1007.1990777435881 0.57402163285499952 7.3521468797725484
decision_type=2 2 2 2 2 2 2 2 2 2 2
left_child=1 3 -3 10 6 -6 -5 9 -9 -4 -1
right_child=-2 2 7 4 5 -7 -8 8 -10 -11 -12
leaf_value=-0.0042677331732341008 0.00038753915550890404 0.0073547975700363425 0.010737933659542957 -0.00024663575064256914 0.0043896214357977189 0.00063492125259611827 -0.010050019684656551 0.031286937558781931 -0.0025378901572228048 0.00023226795012225066 -0.0018075384882076269
leaf_weight=536.59384363889694 117.76926577091217 110.7497466802597 1044.9436655342579 7678.892310410738 360.38041689991951 3705.039660602808 333.91216096282005 161.90524226427078 1612.1907952129841 3174.8538793623447 571.41346365213394
leaf_count=146 29 30 2710 14587 120 3312 292 218 2486 7927 139
internal_value=0.000305406 0.000222743 0.00147278 -0.000355095 0.000151041 0.00240645 -0.000991901 0.000987831 -0.0022217 0.00234049 -0.00587736
internal_weight=19408.6 19290.9 6104.64 13186.2 12078.2 4065.42 8012.8 5993.89 1774.1 4219.8 1108.01
internal_count=31996 31967 13371 18596 18311 3432 14879 13341 2704 10637 285
is_linear=0
shrinkage=0.095152


Tree=296
num_leaves=6
num_cat=0
split_feature=0 1 0 3 0
split_gain=3.49408 2.66637 2.90172 2.00268 1.79677
threshold=-1.41154410393985 1.7133812078096222 1.2416834875758627 0.18500000000000003 -1.1225163061476626
decision_type=2 2 2 2 2
left_child=-1 2 3 -2 -5
right_child=1 -3 -4 4 -6
leaf_value=-0.0041253956154131159 -0.00082107815098515443 0.00073607307354601808 -0.009621314824797814 0.00049693106962289278 0.00017122424585738768
leaf_weight=72.871489644050598 176.56248328089714 115.81091034412384 67.603388905525208 127.88019901514053 18847.915979802608
leaf_count=22 150 28 22 34 31740
internal_value=0.000212777 0.000292503 0.000204579 0.000275366 0.000370198
internal_weight=19408.6 19335.8 19220 19152.4 18975.8
internal_count=31996 31974 31946 31924 31774
is_linear=0
shrinkage=0.095152


Tree=297
num_leaves=6
num_cat=0
split_feature=3 1 5 6 3
split_gain=2.85758 1.84601 1.9855 1.74735 1.57357
threshold=0.18500000000000003 1.7133812078096222 -1.2022392313367674 -1.5795604215207197 5.5150000000000006
decision_type=2 2 2 2 2
left_child=-1 2 -2 -4 -5
right_child=1 -3 3 4 -6
leaf_value=-0.0032144802735151259 0.0015303035826373871 0.00075081954028323428 -0.0043294952819627353 0.00010868197922214871 0.0014360559619367467
leaf_weight=199.11798557639122 264.34545230865479 110.29565358161926 289.06880646944046 17909.945194423199 635.87135863304138
leaf_count=156 72 27 75 30148 1518
internal_value=0.000242138 0.000360698 0.00028868 0.000172753 0.000288077
internal_weight=19408.6 19209.5 19099.2 18834.9 18545.8
internal_count=31996 31840 31813 31741 31666
is_linear=0
shrinkage=0.095152


Tree=298
num_leaves=13
num_cat=0
split_feature=4 3 9 9 4 4 3 4 2 2 5 3
split_gain=1.85806 4.00422 1.74048 5.25615 3.91605 2.89507 3.45972 2.12153 4.11188 2.12829 1.74513 1.17081
threshold=1014.2500000000001 2.2813356340340714 1.2767915924971869 1.2283956407804182 998.35000000000002 999.6018667981258 3.0007074708422654 1003.8034572343341 -0.73249407161357893 -0.29321007925461362 0.012960902842716006 3.5120355361566769
decision_type=2 2 2 2 2 2 2 2 2 2 2 2
left_child=2 -2 3 7 -4 -6 -7 8 -1 -9 -5 -3
right_child=1 11 4 10 5 6 -8 9 -10 -11 -12 -13
leaf_value=0.0068700574848710397 -0.0098115179818257271 0.0038052184174951578 0.0014303734117187175 0.0047330323689607585 -0.0025497263947901628 -0.00083815126337763424 0.0012973202486454159 -0.0002552809022115883 -0.002715221535466703 0.0016520725220335699 0.019794537808368103 -0.0022123021863374951
leaf_weight=945.19653406739235 117.35675185918808 53.265163451433182 84.510531395673752 105.67154374718666 307.2745552957058 4782.7669756114483 1597.9514249265194 4028.5134934484959 1998.7755963504314 5276.9614813029766 69.789032161235809 40.611367374658585
leaf_count=2008 143 89 28 109 196 6287 2708 5381 4424 10368 142 113
internal_value=0.000270059 -0.0085744 0.000368637 0.00103796 -0.00085739 -0.0011182 -0.000680557 0.000801663 -0.00142197 0.00150663 0.0173302 0.00593051
internal_weight=19408.6 211.233 19197.4 12424.9 6772.5 6687.99 6380.72 12249.4 2943.97 9305.47 175.461 93.8765
internal_count=31996 345 31651 22432 9219 9191 8995 22181 6432 15749 251 202
is_linear=0
shrinkage=0.095152


Tree=299
num_leaves=9
num_cat=0
split_feature=0 5 8 5 8 0 0 7
split_gain=1.37795 1.41997 1.34342 3.46217 1.27935 4.60025 2.39876 0.651067
threshold=-1.41154410393985 -1.2022392313367674 9.9774315447996607 -0.30228335357533792 7.7830212433267496 -0.080569456829796618 -1.0342182019546236 8.5800000000000018
decision_type=2 2 2 2 2 2 2 2
left_child=-1 -2 4 -4 6 -6 -3 -5
right_child=1 2 3 7 5 -7 -8 -9
leaf_value=-0.0036404748958204832 0.0013191983687878852 0.00017964448286283781 0.0029009846917575684 -0.0027658168298611775 -0.00091554201543920068 0.0019026257246569026 -0.00018632542870587168 -0.0040908498912851582
leaf_weight=72.871489644050598 260.29103326797485 86.850606858730316 208.47980731725693 134.63051557540894 2172.536059230566 2493.5091513991356 13858.265940070152 121.20984762907028
leaf_count=22 71 27 141 169 2358 2733 26409 66
internal_value=0.000237704 0.000288001 0.000191806 -0.00485451 0.000318732 0.00168253 -0.000136801 -0.0122568
internal_weight=19408.6 19335.8 19075.5 464.32 18611.2 4666.05 13945.1 255.84
internal_count=31996 31974 31903 376 31527 5091 26436 235
is_linear=0
shrinkage=0.095152


Tree=300
num_leaves=14
num_cat=0
split_feature=4 3 2 2 2 8 3 2 8 3 2 2 2
split_gain=1.76527 7.66185 3.96747 6.27499 3.85943 3.24738 1.00947 4.11793 1.08059 4.93035 4.76345 3.77981 2.46403
threshold=1000.1186476663455 3.3707478373144806 -0.766658819300159 -0.51974381215551546 -0.39754281428255622 5.6508165366592946 7.3450000000000006 0.88201535311751322 8.5131629272476044 0.49500000000000005 -0.94871308574564128 -1.3489882688436168 -1.0601077511134196
decision_type=2 2 2 2 2 2 2 2 2 2 2 2 2
left_child=1 2 -1 -4 -5 -3 8 -8 11 -10 -11 -2 -13
right_child=6 5 3 4 -6 -7 7 -9 9 10 -12 12 -14
leaf_value=0.014210694641183347 -0.0056165028127104525 -0.00062065249233091884 -0.015761683906738357 0.017346092594417634 0.00019158583485678006 -0.010770891287895663 -0.0044592296807448107 0.0025846957399919728 0.0027604524874615174 0.005664198703811435 -0.00038577309738597901 0.00068991599291925347 -0.00017987321361313916
leaf_weight=132.58277040719986 247.33509695529938 110.15321770310402 169.61044269800186 181.38159754872322 181.6518674492836 161.30069762468338 54.643605619668961 75.808243811130524 179.83561262488365 340.27642330527306 2065.8301678299904 267.60198271274567 15144.034776389599
leaf_count=97 72 187 149 84 182 54 108 160 142 311 2146 79 28129
internal_value=0.000378914 0.00440575 0.00990705 0.00617562 0.0132335 -0.00901134 0.000172644 0.00847127 0.000111987 0.00191387 0.000768046 -0.000184903 2.05193e-06
internal_weight=19312 936.681 665.227 532.644 363.033 271.454 18375.4 130.452 18244.9 2585.94 2406.11 15659 15411.6
internal_count=31900 753 512 415 266 241 31147 268 30879 2599 2457 28280 28208
is_linear=0
shrinkage=0.095152


Tree=301
num_leaves=10
num_cat=0
split_feature=0 0 0 1 0 4 0 1 4
split_gain=3.41621 1.33737 6.95852 4.83128 3.24043 2.99051 4.40284 3.86062 2.28086
threshold=-1.3671690527414386 -0.41863906036433413 -0.46980140306124957 1.7133812078096222 -0.28797065358016621 1011.5076530906209 -0.86902122408030602 1.2228994624994634 1011.332492598527
decision_type=2 2 2 2 2 2 2 2 2
left_child=-1 2 5 4 -3 7 -7 -2 -6
right_child=1 3 -4 -5 8 6 -8 -9 -10
leaf_value=-2.7423809196884102e-05 -0.00054613802133848886 0.0036766456220047291 -0.023601969262472607 -0.032930816942576546 0.0003061825935013756 0.0020520663949683492 -0.0009236233210343323 -0.0097424564690421801 -0.003004798113281454
leaf_weight=94.787106156349182 5374.5873076617718 254.12120723724365 129.03273755311966 68.79676628112793 11420.342234015465 182.84655779600143 220.17674258351326 97.46422278881073 1469.891620606184
leaf_count=26 10926 73 36 16 17352 209 687 27 2548
internal_value=0.000156771 6.65925e-05 -0.00111005 0.000602288 0.00046834 -0.000625163 0.0072668 -0.0012104 0.000256986
internal_weight=19312 19217.3 6004.11 13213.2 13144.4 5875.07 403.023 5472.05 12890.2
internal_count=31900 31874 11885 19989 19973 11849 896 10953 19900
is_linear=0
shrinkage=0.095152


Tree=302
num_leaves=7
num_cat=0
split_feature=0 1 6 6 1 1
split_gain=5.14875 5.29478 1.55666 1.70279 6.78411 2.86341
threshold=-1.2285561363750326 1.7133812078096222 -1.6615587815138919 -0.97609506267564228 1.0457574278135011 1.0879257745763635
decision_type=2 2 2 2 2 2
left_child=-1 2 -2 4 -4 -5
right_child=1 -3 3 5 -6 -7
leaf_value=0.00087100336991478443 -0.0041561359619848486 0.0036192413237307775 0.0014227795608344909 -0.00030611941832011486 -0.0046862796782767948 0.001671731019134716
leaf_weight=137.25553107261658 206.16555947065353 94.538296699523926 2561.0407713651657 15698.965360075235 288.98970639705658 325.09127759933472
leaf_count=36 55 23 1571 30051 76 88
internal_value=0.000262895 0.000130128 1.73707e-05 0.000108145 0.00225107 -0.000272357
internal_weight=19312 19174.8 19080.3 18874.1 2850.03 16024.1
internal_count=31900 31864 31841 31786 1647 30139
is_linear=0
shrinkage=0.095152


Tree=303
num_leaves=11
num_cat=0
split_feature=0 6 0 6 7 9 4 9 0 9
split_gain=5.13963 1.50114 6.16961 5.15525 9.33115 1.97071 1.63967 1.48365 3.62038 2.57606
threshold=-1.2285561363750326 -0.97609506267564228 0.56424778751754878 -1.1013557022782872 7.3700000000000037 1.318729794503444 998.50312055503798 5.0209235151745863 0.864707149699531 4.3890401347709682
decision_type=2 2 2 2 2 2 2 2 2 2
left_child=-1 2 3 5 -5 -2 -3 9 -9 -8
right_child=1 6 -4 4 -6 -7 7 8 -10 -11
leaf_value=0.00078812568890928507 -0.0015531998645753405 -0.0017722967093150705 0.0036887979265136693 0.0010618508609156611 0.0052683779087202738 -0.0024888253688069191 -0.00010901301112257063 -0.013542948170721505 0.0016730332762435376 0.008434734245145202
leaf_weight=137.25553107261658 547.52298831939697 156.95560425519943 361.09609371423721 1554.4894023537636 152.12035101652145 476.9672018289566 15478.600354075432 76.615356892347336 164.71902170777321 205.70459744334221
leaf_count=36 149 92 91 1308 45 115 29230 122 349 363
internal_value=0.000278999 0.000146347 0.0020663 0.000513183 0.00371944 -0.00481328 -0.000222151 -0.000125544 -0.00750851 -1.04921e-05
internal_weight=19312 19174.8 3092.2 2731.1 1706.61 1024.49 16082.6 15925.6 241.334 15684.3
internal_count=31900 31864 1708 1617 1353 264 30156 30064 471 29593
is_linear=0
shrinkage=0.095152


Tree=304
num_leaves=8
num_cat=0
split_feature=1 2 8 1 1 1 1
split_gain=4.78852 1.53795 1.11271 3.42607 4.8912 1.70972 2.3466
threshold=1.7133812078096222 -1.0601077511134196 9.9774315447996607 0.99611316860347732 0.9821165111257959 1.3716369299858611 1.2964235005488773
decision_type=2 2 2 2 2 2 2
left_child=1 -1 5 4 -4 6 -3
right_child=-2 2 3 -5 -6 -7 -8
leaf_value=0.00055124161097939918 0.0028989464441291912 8.6018421258953639e-05 -0.00043685116030687312 0.003749063892230869 -0.019236899697465892 -0.0052658832225318027 0.0017319654378337617
leaf_weight=672.16849803924561 105.96375799179077 17824.174838602543 114.26630133390427 204.63386896252632 133.50153678655624 177.28500616550446 80.052694797515869
leaf_count=191 25 31242 103 147 123 47 22
internal_value=0.000255196 0.000142522 -1.91016e-05 -0.00467358 -0.012184 9.69898e-05 0.000190091
internal_weight=19312 19206.1 18533.9 452.402 247.768 18081.5 17904.2
internal_count=31900 31875 31684 373 226 31311 31264
is_linear=0
shrinkage=0.095152


Tree=305
num_leaves=15
num_cat=0
split_feature=5 5 3 7 8 7 2 8 8 9 2 5 2 3
split_gain=1.96836 6.99555 5.41695 3.33009 2.95979 2.72618 2.06677 2.81958 5.2459 2.73331 2.47091 1.99139 1.66324 0.255013
threshold=-0.86500782323324776 -0.78169193144134119 0.34100370021348397 8.784332015617375 9.9774315447996607 8.5800000000000018 -0.28435918728100346 4.1100000000000021 6.4700000000000015 3.2176268692550285 -0.60505606964884906 -1.0184301878543502 -0.16677875182150789 1.6650000000000003
decision_type=2 2 2 2 2 2 2 2 2 2 2 2 2 2
left_child=2 -2 -1 4 5 -3 7 10 -9 11 -4 -8 -5 -6
right_child=1 3 6 12 13 -7 9 8 -10 -11 -12 -13 -14 -15
leaf_value=-0.0014956345391689851 0.017339488385048261 0.00030266933793592077 0.016728423435952929 -2.3743502740178239e-05 -0.016432945019945633 -0.0016670671914325481 -0.0070419932864157981 -0.0044696685106806041 0.0031466887136282489 -0.0575254073337906 0.026152894170282711 -0.0012828570407871802 0.0058956044266452188 -0.00081569875774418512
leaf_weight=68.843260794878006 144.26178377866745 14850.941275686026 114.4353269636631 275.30500784516335 86.65122863650322 205.34723648428917 173.37006145715714 596.09186995029449 792.95774614810944 78.433298647403717 53.972922176122665 1542.7195498049259 295.21446111798286 90.468545228242874
leaf_count=89 38 24716 280 103 143 90 47 1226 1035 130 75 3702 162 61
internal_value=0.000156629 0.000601514 -0.00191316 0.000409375 0.000140904 0.000286101 -0.00136077 0.0011688 -0.000236685 -0.00356249 0.0127461 -0.00275118 0.00753824 -0.0120391
internal_weight=19369 15948.2 3420.82 15803.9 15233.4 15056.3 3351.98 1557.46 1389.05 1794.52 168.408 1716.09 570.519 177.12
internal_count=31897 25313 6584 25275 25010 24806 6495 2616 2261 3879 355 3749 265 204
is_linear=0
shrinkage=0.095152


Tree=306
num_leaves=7
num_cat=0
split_feature=0 0 7 5 0 5
split_gain=1.64133 3.00398 1.55851 1.30465 4.14805 2.3041
threshold=1.2952060452567709 1.0213340577825283 10.181851640964988 -0.70453509935217817 0.10553938740405598 -0.25881904510252113
decision_type=2 2 2 2 2 2
left_child=1 2 3 4 -1 -5
right_child=-2 -3 -4 5 -6 -7
leaf_value=-0.00049724712511796648 -0.0052854166954037435 0.0012994660213629518 -0.00053018624127568832 0.0011821045866840265 -0.0074925330052813769 -0.00014100717966878903
leaf_weight=4810.8740328252316 73.432069182395935 86.112335085868835 186.19907504320145 3214.4761308133602 160.94843029975891 10836.971501469612
leaf_count=9123 21 25 92 4125 45 18466
internal_value=0.000217586 0.000272743 0.00019195 0.000106167 -0.00121753 0.00057551
internal_weight=19369 19295.6 19209.5 19023.3 4971.82 14051.4
internal_count=31897 31876 31851 31759 9168 22591
is_linear=0
shrinkage=0.095152


Tree=307
num_leaves=15
num_cat=0
split_feature=7 3 6 6 8 7 8 2 3 6 8 2 2 7
split_gain=1.50192 1.63875 3.86933 6.77583 6.03889 3.81796 2.6337 2.50892 7.97243 9.05984 5.71239 3.88272 2.9671 2.75871
threshold=10.181851640964988 1.8018469767361529 -0.50248067388556295 -0.70674862550735462 6.830000000000001 9.0206293331549983 9.6761245795069133 -0.84698965068926968 3.0928234430438639 1.0000000180025095e-35 7.6524951347909456 -0.82875289856390044 -0.78824997102578132 4.9600000000000035
decision_type=2 2 2 2 2 2 2 2 2 2 2 2 2 2
left_child=1 2 3 4 -1 6 -4 8 9 -3 -10 13 -13 -9
right_child=-2 7 5 -5 -6 -7 -8 11 10 -11 -12 12 -14 -15
leaf_value=-0.0024186662088953375 -0.00047973797931044284 -0.0081914607158735178 5.8769807377850441e-05 0.010790024058774625 0.0014616754830643801 -0.02342210457961982 -0.017154374646836792 0.00084366212506579302 -1.9130513039098263e-05 0.0046019917515280574 0.0088623027554363895 -0.0067661223423411696 0.00020985844980545275 0.04152528436423876
leaf_weight=1082.9287650585175 186.19907504320145 1107.5029406249523 2928.4239307641983 189.12794208526611 2117.1430686712265 58.261062771081924 90.900796234607697 76.068004935979843 845.19005709886551 359.61138060688972 249.09344708919525 302.45913949608803 9680.8854324221611 95.2185318171978
leaf_count=1021 92 1249 7620 48 1141 87 199 180 1058 1300 117 419 17320 46
internal_value=0.000348466 0.000264915 0.00149838 0.00371643 0.00267287 -0.000940679 -0.000465354 -0.000361457 -0.00302229 -0.00760658 0.00311407 0.000308767 6.28208e-05 0.0144571
internal_weight=19369 19182.8 6466.79 3389.2 3200.07 3077.59 3019.32 12716 2561.4 1467.11 1094.28 10154.6 9983.34 171.287
internal_count=31897 31805 10116 2210 2162 7906 7819 21689 3724 2549 1175 17965 17739 226
is_linear=0
shrinkage=0.095152


Tree=308
num_leaves=7
num_cat=0
split_feature=1 0 0 1 4 4
split_gain=2.9419 2.85599 2.18211 2.29854 3.49 2.12055
threshold=1.7133812078096222 1.2952060452567709 -1.1225163061476626 -0.99817629101047811 1010.3012489055865 997.93033254946954
decision_type=2 2 2 2 2 2
left_child=1 2 -1 4 -4 -5
right_child=-2 -3 3 5 -6 -7
leaf_value=0.0010533816442677758 0.0015921660059906315 -0.0065642317427052803 -0.011741235102929638 0.009615306723822192 0.022294153389982505 0.0001011755211912608
leaf_weight=207.04369831085205 117.76926577091217 67.432069182395935 357.21517539024353 65.95968222618103 71.337651818990707 18482.256032019854
leaf_count=56 29 20 606 32 85 31069
internal_value=0.000238587 0.000145666 0.000215703 0.000108674 -0.00676853 0.000268739
internal_weight=19369 19251.2 19183.8 18976.8 428.553 18548.2
internal_count=31897 31868 31848 31792 691 31101
is_linear=0
shrinkage=0.095152


Tree=309
num_leaves=7
num_cat=0
split_feature=1 0 6 9 0 6
split_gain=2.33221 2.17782 1.25687 10.4076 1.98417 2.65433
threshold=1.7133812078096222 -1.1225163061476626 -1.1013557022782872 1.2976894247916599 1.0397779820998518 -1.0329584178428288
decision_type=2 2 2 2 2 2
left_child=1 -1 3 -3 5 -4
right_child=-2 2 4 -5 -6 -7
leaf_value=0.0009531503123279434 0.0014406682840413959 0.0033268239684211866 0.0010791741331714739 -0.0037557900211474425 -0.0067620605980548559 0.00018026295669906859
leaf_weight=207.04369831085205 117.76926577091217 669.13107120990753 169.84675222635269 623.67522966861725 84.171841740608215 17497.375715792179
leaf_count=56 29 182 48 147 27 31408
internal_value=0.000307806 0.000224988 0.000118438 -0.00274331 0.000327766 0.000398427
internal_weight=19369 19251.2 19044.2 1292.81 17751.4 17667.2
internal_count=31897 31868 31812 329 31483 31456
is_linear=0
shrinkage=0.095152


Tree=310
num_leaves=7
num_cat=0
split_feature=1 5 1 1 4 2
split_gain=3.50229 2.18422 1.67091 2.15957 4.8793 1.80277
threshold=1.7133812078096222 -1.0013879852237297 1.2228994624994634 0.99232614502972039 1010.9079465363732 -0.79839570859512754
decision_type=2 2 2 2 2 2
left_child=1 -1 3 5 -5 -3
right_child=-2 2 -4 4 -6 -7
leaf_value=0.00055018750629512133 0.00095857700110520486 -0.00095588370899351985 0.00071972637436883158 -0.00046211271111585347 -0.0045997244193180927 0.00041965551106712873
leaf_weight=501.14350241422653 111.61672186851501 4481.0399019420147 371.20343279838562 765.26337161660194 153.94695422053337 12955.916157007217
leaf_count=129 27 6882 97 841 229 23667
internal_value=0.000207848 0.000109031 -5.64036e-05 -0.000185104 -0.00467688 5.12984e-05
internal_weight=19340.1 19228.5 18727.4 18356.2 919.21 17437
internal_count=31872 31845 31716 31619 1070 30549
is_linear=0
shrinkage=0.095152


Tree=311
num_leaves=6
num_cat=0
split_feature=0 0 0 4 4
split_gain=1.88986 2.0023 2.17327 1.10082 2.44311
threshold=-1.3671690527414386 -1.2052084992856529 -1.1225163061476626 997.93033254946954 998.50312055503798
decision_type=2 2 2 2 2
left_child=-1 -2 -3 -4 -5
right_child=1 2 3 4 -6
leaf_value=0.00085080781656021764 -0.0094283750714136642 0.054412177511977668 0.014627480818848942 -0.0042412993210217652 9.5186472303429771e-05
leaf_weight=92.255306363105774 66.23545116186142 60.389716148376465 62.815972685813904 123.94862180948257 18934.484973698854
leaf_count=26 17 17 32 70 31710
internal_value=0.000236132 0.000169857 0.000228102 0.000169867 0.000127292
internal_weight=19340.1 19247.9 19181.6 19121.2 19058.4
internal_count=31872 31846 31829 31812 31780
is_linear=0
shrinkage=0.095152


Tree=312
num_leaves=7
num_cat=0
split_feature=0 4 4 8 7 6
split_gain=2.90447 1.10001 1.05238 1.0432 4.12184 1.96771
threshold=-1.2285561363750326 997.93033254946954 998.50312055503798 3.7248217053926376 3.5200000000000018 -0.93842731588559025
decision_type=2 2 2 2 2 2
left_child=-1 -2 -3 4 -4 -5
right_child=1 2 3 5 -6 -7
leaf_value=0.00069322071255468098 0.013235647295477094 -0.00383773136213943 -0.00026425825261197947 -0.00041591871219876571 -0.0096659573332562448 0.00055373244773536563
leaf_weight=140.72373127937317 62.815972685813904 123.94862180948257 1710.8270972669125 5212.3312836587429 148.28061136603355 11941.202723801136
leaf_count=37 32 70 4982 3756 231 22764
internal_value=0.000275266 0.000174277 0.00013189 0.000189813 -0.00194908 0.000422506
internal_weight=19340.1 19199.4 19136.6 19012.6 1859.11 17153.5
internal_count=31872 31835 31803 31733 5213 26520
is_linear=0
shrinkage=0.095152


Tree=313
num_leaves=6
num_cat=0
split_feature=0 8 6 6 6
split_gain=1.87562 0.918262 1.08917 2.2147 2.30485
threshold=-1.3671690527414386 11.200000000000005 -1.3781372461623391 -1.317565891610319 -1.2874680529497173
decision_type=2 2 2 2 2
left_child=-1 2 -2 -4 -5
right_child=1 -3 3 4 -6
leaf_value=0.00070389047006136905 0.00048716774407035578 0.014642195027415483 -0.0023048031815110833 0.0063419018894736948 3.0258566481224167e-05
leaf_weight=92.255306363105774 650.75499129295349 61.137648910284042 136.81079006195068 66.248295187950134 18332.92301005125
leaf_count=26 167 68 31 17 31563
internal_value=0.000286512 0.000220479 0.000182286 4.71238e-05 0.000137924
internal_weight=19340.1 19247.9 19186.7 18536 18399.2
internal_count=31872 31846 31778 31611 31580
is_linear=0
shrinkage=0.095152


Tree=314
num_leaves=10
num_cat=0
split_feature=1 0 9 3 2 4 9 3 9
split_gain=5.92622 2.26603 1.21905 3.19193 4.13851 2.14647 1.48989 3.34872 2.76602
threshold=1.7133812078096222 -1.3671690527414386 -3.7821958941370553 3.2308603589361597 -0.16677875182150789 1004.0184179727042 -2.7012238978308907 2.5404365578857075 -2.1960369750224156
decision_type=2 2 2 2 2 2 2 2 2
left_child=1 -1 3 4 -3 -5 7 -4 -8
right_child=-2 2 6 5 -6 -7 8 -9 -10
leaf_value=0.00065622271241411352 0.00060434039970195109 0.020347018920203522 0.0082409096882872235 0.0051628833968286984 -0.0013359526741830805 -0.012064482639021934 0.0047730472240265238 -0.0055098028875525378 -5.8313226585071576e-05
leaf_weight=90.296950936317444 111.61672186851501 226.61346131563187 339.74214351177216 57.727750211954117 229.83413809537888 161.42953020334244 657.91476038098335 587.32062265276909 16877.63396269083
leaf_count=25 27 256 543 130 331 282 1125 822 28331
internal_value=0.000236803 0.000108466 3.6317e-05 0.00400259 0.00853719 -0.00537842 -0.000108413 -0.0038234 8.75416e-05
internal_weight=19340.1 19228.5 19138.2 675.605 456.448 219.157 18462.6 927.063 17535.5
internal_count=31872 31845 31820 999 587 412 30821 1365 29456
is_linear=0
shrinkage=0.095152


Tree=315
num_leaves=6
num_cat=0
split_feature=5 5 5 0 0
split_gain=1.06528 2.85054 1.77869 2.08587 1.7665
threshold=-1.540240920937143 -1.223379265973042 -1.0591495107497402 -1.3671690527414386 -1.1818386040164222
decision_type=2 2 2 2 2
left_child=-1 -2 -3 -4 -5
right_child=1 2 3 4 -6
leaf_value=-0.003242578256212558 0.00062841815916276451 -0.0050659093706908014 0.00050354946144095614 -0.022315379335243087 4.6376495635871142e-05
leaf_weight=84.217284560203552 183.95075273513794 149.9560050368309 61.710269689559937 68.966255605220795 18800.216027736664
leaf_count=26 46 42 17 17 31821
internal_value=0.000107114 0.000154808 4.00766e-05 0.000122863 6.44413e-05
internal_weight=19349 19264.8 19080.8 18930.9 18869.2
internal_count=31969 31943 31897 31855 31838
is_linear=0
shrinkage=0.095152


Tree=316
num_leaves=6
num_cat=0
split_feature=5 5 0 0 5
split_gain=2.44134 3.67179 2.08587 1.7665 1.64001
threshold=-1.1185229098860632 -1.0591495107497402 -1.3671690527414386 -1.1818386040164222 -1.0013879852237297
decision_type=2 2 2 2 2
left_child=-1 -2 -3 -4 -5
right_child=1 2 3 4 -6
leaf_value=0.00024352431439115092 -0.017825066389837035 0.00045563574138279784 -0.020192027171586465 0.00043099440635005449 2.851520785163587e-05
leaf_weight=355.90767419338226 62.216368138790131 61.710269689559937 68.966255605220795 81.683387637138367 18718.532640099525
leaf_count=95 19 17 17 19 31802
internal_value=0.000192801 4.55404e-05 0.000122863 6.44413e-05 0.000121409
internal_weight=19349 18993.1 18930.9 18869.2 18800.2
internal_count=31969 31874 31855 31838 31821
is_linear=0
shrinkage=0.095152


Tree=317
num_leaves=8
num_cat=0
split_feature=1 1 5 6 1 9 7
split_gain=4.60841 1.80502 5.47231 3.43025 1.4584 4.42655 2.7389
threshold=1.7133812078096222 0.99995369919546417 -1.0013879852237297 -0.73757030851836836 0.99232614502972039 1.0536890549090698 8.4014560106818195
decision_type=2 2 2 2 2 2 2
left_child=1 2 -1 -3 6 -6 -4
right_child=-2 3 4 -5 5 -7 -8
leaf_value=0.00081518900398130218 0.00068196819019552158 -0.00033653466840822573 0.00011685224796328451 0.0058699344692031315 -0.011636138418074173 0.0015483981903596272 -0.0013920460137484139
leaf_weight=325.34832984209061 105.76926577091217 555.7258073091507 16429.921193391085 345.76446926593781 283.24521905183792 265.13292083144188 1038.1093899011612
leaf_count=95 27 149 29938 136 560 329 735
internal_value=0.000241469 0.000131235 -7.25277e-05 0.00428501 -0.00029451 -0.00512079 -0.000141883
internal_weight=19349 19243.2 18341.8 901.49 18016.4 548.378 17468
internal_count=31969 31942 31657 285 31562 889 30673
is_linear=0
shrinkage=0.095152


Tree=318
num_leaves=10
num_cat=0
split_feature=1 0 9 9 1 0 8 8 9
split_gain=4.6124 1.13759 4.04791 2.37155 2.13672 1.71697 1.25931 3.24139 2.56803
threshold=1.7133812078096222 0.96316368718897982 -3.7821958941370553 -2.6405706716334261 0.99551215362393841 0.8834391492959206 3.7248217053926376 3.7799999999999998 -0.90088247814369271
decision_type=2 2 2 2 2 2 2 2 2
left_child=1 5 -3 -4 -5 6 8 -8 -1
right_child=-2 2 3 4 -6 -7 7 -9 -10
leaf_value=0.00065464195107560225 0.00061707757774224136 0.0024260848669488389 -0.011727196576928174 -0.0012344300939671541 -0.012634426002760756 -0.023050884681166058 0.0082114065647907498 0.00014812365620046848 -0.0045710168812809499
leaf_weight=702.21165603399277 105.76926577091217 48.736942946910858 60.952838897705078 1476.6803377270699 84.20812126994133 77.987520515918732 105.39393961429596 15735.372711896896 951.70326068997383
leaf_count=1777 27 18 74 3713 104 18 217 23235 2786
internal_value=0.000233002 0.000122721 -0.002248 -0.00307536 -0.00233738 0.000348979 0.000284877 0.000546432 -0.00221093
internal_weight=19349 19243.2 1670.58 1621.84 1560.89 17572.7 17494.7 15840.8 1653.91
internal_count=31969 31942 3909 3891 3817 28033 28015 23452 4563
is_linear=0
shrinkage=0.095152


Tree=319
num_leaves=10
num_cat=0
split_feature=1 6 0 6 7 1 1 1 1
split_gain=4.54883 1.62638 10.9887 6.25645 6.45507 3.31428 2.13776 1.70186 1.87157
threshold=1.7133812078096222 -0.97609506267564228 0.56424778751754878 -1.1013557022782872 6.7692930090849996 0.6754287423297014 -0.99995369919546395 1.0879257745763635 0.99166813670569354
decision_type=2 2 2 2 2 2 2 2 2
left_child=1 2 3 5 -5 -1 -3 8 -8
right_child=-2 6 -4 4 -6 -7 7 -9 -10
leaf_value=-0.0031296135575490571 0.00055836143448690571 0.012318957599185406 0.0019234198650336385 0.00063508118741711537 0.0044274848480025863 -0.00043756277972838479 -0.00010931993808393903 0.001676875326317823 -0.0012639683629320677
leaf_weight=659.02439260482788 105.76926577091217 158.66072270274162 348.86819988489151 1359.0054097771645 333.53898403048515 387.71453708410263 14928.176787853241 364.92711317539215 703.3311824798584
leaf_count=172 27 125 87 1257 117 98 28962 100 1024
internal_value=0.00036831 0.000258773 0.00225924 0.00022534 0.00380494 -0.00554804 -0.000122998 -0.000233227 -0.000384192
internal_weight=19349 19243.2 3088.15 2739.28 1692.54 1046.74 16155.1 15996.4 15631.5
internal_count=31969 31942 1731 1644 1374 270 30211 30086 29986
is_linear=0
shrinkage=0.095152


Tree=320
num_leaves=7
num_cat=0
split_feature=6 7 7 7 6 7
split_gain=2.19753 1.62314 1.50637 1.91553 5.19467 2.1673
threshold=-1.8966261760455443 10.181851640964988 9.4600000000000009 8.8950000000000014 -0.85295554370915638 8.5800000000000018
decision_type=2 2 2 2 2 2
left_child=-1 2 3 5 -5 -2
right_child=1 -3 -4 4 -6 -7
leaf_value=0.0035475204568251447 0.00029309583342002928 -2.4088286801500775e-05 -0.0067084011429052893 0.0067472977705739763 -0.00117700279380096 -0.0013920098269476645
leaf_weight=87.332063019275665 18053.701797008514 190.8511603474617 155.62949013710022 160.91073927283287 252.80611473321915 372.89351791143417
leaf_count=25 31271 95 94 59 217 281
internal_value=0.000538174 0.000468383 0.000379625 0.000457579 0.0068515 0.000312838
internal_weight=19274.1 19186.8 18995.9 18840.3 413.717 18426.6
internal_count=32042 32017 31922 31828 276 31552
is_linear=0
shrinkage=0.095152


Tree=321
num_leaves=10
num_cat=0
split_feature=1 0 9 0 8 9 9 1 9
split_gain=1.92599 2.06602 1.52785 3.65323 2.94169 2.02418 3.91063 1.65 0.527192
threshold=1.7133812078096222 -1.1225163061476626 -3.491555941243687 -0.79663175884430559 3.7248217053926376 -2.7012238978308907 -2.7672171563336092 -0.99817629101047811 -4.3398605665762942
decision_type=2 2 2 2 2 2 2 2 2
left_child=1 -1 3 8 -5 6 -4 -7 -3
right_child=-2 2 5 4 -6 7 -8 -9 -10
leaf_value=0.00045731523914338112 0.00024686005278882892 -0.049664671849294482 -0.0015791757159032034 -0.0091997339265537728 0.0040766139637427572 -0.004367783430939646 -0.026752395573583089 0.00026520718932832943 -0.010939814644959248
leaf_weight=217.48642879724503 102.20965158939362 74.028296709060669 638.99303406476974 82.63054084777832 592.48687732219696 388.21115800738335 89.742074459791183 17012.610833317041 75.725987315177917
leaf_count=59 25 206 993 227 614 659 124 28942 193
internal_value=0.000514614 0.000443989 0.000337137 0.00433929 0.00733168 0.000154031 -0.00475305 0.000360622 -0.00901144
internal_weight=19274.1 19171.9 18954.4 824.872 675.117 18129.6 728.735 17400.8 149.754
internal_count=32042 32017 31958 1240 841 30718 1117 29601 399
is_linear=0
shrinkage=0.095152


Tree=322
num_leaves=10
num_cat=0
split_feature=5 0 3 8 8 4 3 6 6
split_gain=1.7865 2.12331 1.06013 1.82411 1.93023 1.63145 1.37356 3.04298 2.38118
threshold=-1.223379265973042 -1.3671690527414386 6.6050000000000013 3.6250000000000004 3.2000000000000015 1004.4000364844748 4.2809847677228898 -0.97012145854046394 -0.97609506267564228
decision_type=2 2 2 2 2 2 2 2 2
left_child=-1 -2 6 4 -4 -5 8 -8 -3
right_child=1 2 3 5 -6 -7 7 -9 -10
leaf_value=0.00015472419490709057 0.00025495224962494899 0.00090558997078302747 0.0083996942472528979 0.00072286448663214575 0.0028285941152424066 -0.0046639727114027455 -0.0044857035452648721 -0.00013326921957119376 2.2760480857691239e-05
leaf_weight=267.34324312210083 73.924423575401306 2634.8702269494534 77.52625772356987 58.480822592973709 37.750425934791565 62.045468330383301 326.52931532263756 1693.7847040295601 14041.869994848967
leaf_count=72 20 1271 253 124 90 110 359 3449 26294
internal_value=0.000538631 0.000428976 0.000364849 0.00668912 0.0151828 -0.00140831 0.000283929 -0.00205703 0.000568434
internal_weight=19274.1 19006.8 18932.9 235.803 115.277 120.526 18697.1 2020.31 16676.7
internal_count=32042 31970 31950 577 343 234 31373 3808 27565
is_linear=0
shrinkage=0.095152


Tree=323
num_leaves=9
num_cat=0
split_feature=6 1 7 6 1 1 3 1
split_gain=2.19935 1.94182 1.98325 4.27728 3.1805 3.04974 11.0017 1.75511
threshold=-1.8966261760455443 1.7133812078096222 8.8950000000000014 -0.9480404728035291 0.5753852131181455 0.99466160899732492 2.4204004681577986 0.9746956184065646
decision_type=2 2 2 2 2 2 2 2
left_child=-1 2 5 -4 -5 7 -7 -2
right_child=1 -3 3 4 -6 6 -8 -9
leaf_value=0.0030985632703825487 0.00018595186465945751 0.00022120512956783423 0.0027118353650382944 -0.0081551775454132315 0.0012091007185122428 0.0006949700380858531 -0.0076078133595044372 0.0022602490557418211
leaf_weight=87.332063019275665 16501.682710051537 102.20965158939362 239.4745534658432 182.38790348172188 321.52721172571182 676.54746317863464 428.70075988769531 734.26256603002548
leaf_count=25 29571 25 67 184 209 576 355 1030
internal_value=0.000532041 0.000462222 0.000390994 0.00520516 0.000193929 0.000194806 -0.00464629 0.000506318
internal_weight=19274.1 19186.8 19084.6 743.39 503.915 18341.2 1105.25 17235.9
internal_count=32042 32017 31992 460 393 31532 931 30601
is_linear=0
shrinkage=0.095152


Tree=324
num_leaves=13
num_cat=0
split_feature=5 3 2 6 5 2 2 8 2 9 9 3
split_gain=1.3581 0.933082 2.31975 1.7018 1.38749 1.16436 5.89812 3.90881 3.71381 6.87726 4.14443 2.03372
threshold=-1.2854324131596677 6.6050000000000013 0.88201535311751322 -0.87107047384582625 1.0000000180025095e-35 -0.012910296075008829 0.09031985754373785 6.3700000000000001 -0.29321007925461362 2.4475788645643299 2.1219496754992222 2.8930719689536999
decision_type=2 2 2 2 2 2 2 2 2 2 2 2
left_child=-1 5 4 -4 -3 8 7 -7 10 -10 -2 -8
right_child=1 2 3 -5 -6 6 11 -9 9 -11 -12 -13
leaf_value=0.00016109485747721654 -0.00029342774006649536 0.0012731501458281 0.0025417541456992376 0.00062862311308114289 -0.0031486327039199789 0.0015786278521748196 0.0011384035378339018 -0.015474571719107494 0.0036992418327169469 -0.0021433269345127876 0.0015134710343334763 -0.0015836191944280935
leaf_weight=213.71628367900848 7071.9685651957989 56.838076621294022 54.821856498718262 73.526396334171295 50.616645127534866 206.64684146642685 3827.2916925549507 400.9416720867157 1438.1001154482365 505.67113798856735 2216.6777458190918 3157.3078536093235
leaf_count=61 10278 158 100 190 129 512 7462 557 2255 399 2550 7391
internal_value=0.000539122 0.00045354 0.0063882 0.0149784 -0.00381367 0.00037807 -0.000531013 -0.00951279 0.00099366 0.00477461 0.000200495 0.000250174
internal_weight=19274.1 19060.4 235.803 128.348 107.455 18824.6 7592.19 607.589 11232.4 1943.77 9288.65 6984.6
internal_count=32042 31981 577 290 287 31404 15922 1069 15482 2654 12828 14853
is_linear=0
shrinkage=0.095152


Tree=325
num_leaves=12
num_cat=0
split_feature=0 0 0 4 4 9 5 3 6 3 9
split_gain=1.44586 1.47909 5.52975 4.25306 2.9105 5.48938 3.16853 2.77931 2.7373 2.11146 1.73573
threshold=1.0645003376832403 0.96316368718897982 0.8834391492959206 1006.7026438013824 1009.6001050999777 -0.18587530168478492 0.87295194514675523 3.8703852235761844 -0.25990157396951935 5.0450000000000008 2.6943673797342673
decision_type=2 2 2 2 2 2 2 2 2 2 2
left_child=1 2 4 9 6 -6 -1 8 -5 10 -3
right_child=-2 3 -4 7 5 -7 -8 -9 -10 -11 -12
leaf_value=-0.00023797231927904372 0.0010067929748500445 0.012412810986372544 0.00044035319162724851 -0.013469773918493938 -0.0018050376707343635 0.0029115977101008676 0.011127589189462054 0.025061303726333584 -0.0022145047585961446 -0.010242522686880189 -0.0024508671939359288
leaf_weight=12759.664321213961 128.80542647838593 336.86215242743492 85.360272526741028 246.86970245838165 1895.682990282774 2472.438278824091 427.624158680439 43.915853708982468 680.50373142957687 43.118853539228439 230.38985374569893
leaf_count=19755 38 1090 19 662 3440 3755 1057 99 1262 106 690
internal_value=0.000129882 6.15337e-05 0.000312182 -0.00272385 0.000193041 0.00232193 -0.000511325 -0.00663624 -0.00775984 0.00348204 0.00505384
internal_weight=19351.2 19222.4 17640.8 1581.66 17555.4 4368.12 13187.3 971.289 927.373 610.371 567.252
internal_count=31973 31935 28026 3909 28007 7195 20812 2023 1924 1886 1780
is_linear=0
shrinkage=0.095152


Tree=326
num_leaves=9
num_cat=0
split_feature=1 0 4 2 1 1 2 1
split_gain=2.65872 2.22904 1.48885 8.31611 7.99218 2.95361 3.16895 2.83246
threshold=1.7133812078096222 -1.3671690527414386 1009.307120732164 -1.3489882688436168 1.0879257745763635 0.93696981298730819 0.022749797677469524 0.92784038263873447
decision_type=2 2 2 2 2 2 2 2
left_child=1 -1 5 -4 -5 7 -7 -3
right_child=-2 2 3 4 -6 6 -8 -9
leaf_value=0.00029740073921745463 0.00079670793559177128 -4.7594604656743856e-05 -0.017171261860791549 0.00057192259775866612 0.0020388582396730914 -0.00080804510814345087 -0.0068797513831189896 0.00099762629624103143
leaf_weight=91.471405744552612 107.27672803401947 11086.838178962469 79.966743469238281 5580.0629476010799 150.98040044307709 1333.8295742869377 742.85054966807365 177.95906710624695
leaf_count=26 26 19981 23 9339 36 1122 1243 177
internal_value=0.000206252 0.000121782 4.9821e-05 0.00132143 0.00175185 -0.000503162 -0.00379947 0.000103768
internal_weight=19351.2 19244 19152.5 5811.01 5731.04 13341.5 2076.68 11264.8
internal_count=31973 31947 31921 9398 9375 22523 2365 20158
is_linear=0
shrinkage=0.095152


Tree=327
num_leaves=11
num_cat=0
split_feature=0 8 7 3 3 0 3 0 0 6
split_gain=2.42472 1.337 2.81392 2.64548 2.23095 1.30483 5.51388 4.99603 4.44781 2.54679
threshold=1.0213340577825283 3.7248217053926376 3.6000000000000001 1.104330286324712 7.3450000000000006 -0.42644161768740896 0.27500000000000008 -0.46980140306124957 -0.28797065358016621 -1.4626844414508702
decision_type=2 2 2 2 2 2 2 2 2 2
left_child=1 2 3 -1 -5 6 -3 -8 -7 -10
right_child=-2 5 -4 4 -6 8 7 -9 9 -11
leaf_value=0.03701307589640164 0.00074431325499759056 -0.0023768919632085718 -0.006451830793328151 -0.0023880857625479344 0.0052565818815563936 -0.0076643487497301014 -2.6334379558862322e-05 -0.039032811116219368 -0.00278347049748516 0.00035770463541826019
leaf_weight=97.751291751861572 160.58146488666534 86.515310317277908 101.74761438369751 1603.2622177004814 69.426330745220184 279.94855189323425 5147.988024443388 105.63970166444778 292.45054525136948 11405.924542278051
leaf_count=191 46 98 137 4716 195 77 9675 28 76 16734
internal_value=9.35332e-05 -3.63926e-06 -0.00241891 -0.00151994 -0.00241956 0.000256893 -0.000978847 -0.000580845 0.000808919 0.000523411
internal_weight=19351.2 19190.7 1872.19 1770.44 1672.69 17318.5 5340.14 5253.63 11978.3 11698.4
internal_count=31973 31927 5239 5102 4911 26688 9801 9703 16887 16810
is_linear=0
shrinkage=0.095152


Tree=328
num_leaves=14
num_cat=0
split_feature=0 0 0 4 1 9 1 1 3 1 2 9 9
split_gain=1.90305 1.33115 5.4866 2.51585 2.71709 2.72621 2.53883 3.25298 1.85338 5.12799 3.55502 1.25378 0.613039
threshold=1.0213340577825283 0.96316368718897982 0.8834391492959206 1006.7026438013824 -0.8287624125448585 -1.8328012157890272 0.61823679538819187 0.39457506771186956 1.9402032833865279 -0.33611452239151235 -0.84698965068926968 1.8256720062906118 -0.71786216940993153
decision_type=2 2 2 2 2 2 2 2 2 2 2 2 2
left_child=1 2 8 6 12 -6 7 -3 9 -1 -10 -8 -5
right_child=-2 3 -4 4 5 -7 11 -9 10 -11 -12 -13 -14
leaf_value=-0.0025338900073575313 0.00067349038720335695 0.0026661512709217584 0.00013619899987118449 -0.0031177276127365978 0.00056543187036359307 -0.0077655799381022902 0.039929402999006422 -0.021435086102355876 -0.0017719208182986755 0.0012739705377961827 0.00027502640315143801 0.0072710334118492462 0.017877619453573065
leaf_weight=1852.851038902998 160.58146488666534 343.9548833668232 85.360272526741028 27.542574048042297 168.8574765920639 682.30192771553993 53.723450690507889 80.368441134691238 2229.8355315327644 4510.6408798396587 8962.0822987258434 124.36572909355164 68.769626259803772
leaf_count=4487 46 1256 19 109 183 1456 177 119 3065 5054 15401 332 269
internal_value=0.000257074 0.000169711 0.000405295 -0.0025015 -0.00555925 -0.00728346 0.00228828 -0.00169292 0.000286607 0.00158345 -0.000449717 0.0117864 0.00943785
internal_weight=19351.2 19190.7 17640.8 1549.88 947.472 851.159 602.413 424.323 17555.4 6363.49 11191.9 178.089 96.3122
internal_count=31973 31927 28026 3901 2017 1639 1884 1375 28007 9541 18466 509 378
is_linear=0
shrinkage=0.095152


Tree=329
num_leaves=7
num_cat=0
split_feature=5 1 0 0 0 5
split_gain=2.02482 1.93745 1.4056 1.15487 6.24971 3.12413
threshold=-1.540240920937143 1.7133812078096222 -1.0342182019546236 -0.43145253614054163 -0.28797065358016621 -1.0013879852237297
decision_type=2 2 2 2 2 2
left_child=-1 2 -2 5 -5 -4
right_child=1 -3 3 4 -6 -7
leaf_value=-0.002207909175661354 0.00050785194975183688 0.00065877259307634797 0.0043106849361147842 -0.0056845013234988672 0.00016088922128369202 -0.00081012186392069433
leaf_weight=78.205109357833862 251.81233197450638 101.85126674175262 135.69754993915558 295.80246478319168 12933.608000069857 5554.258872449398
leaf_count=25 71 25 32 82 19993 11745
internal_value=0.000273636 0.000336792 0.0002661 0.000171153 0.000659256 -0.000961358
internal_weight=19351.2 19273 19171.2 18919.4 13229.4 5689.96
internal_count=31973 31948 31923 31852 20075 11777
is_linear=0
shrinkage=0.095152


Tree=330
num_leaves=10
num_cat=0
split_feature=6 8 1 9 6 9 1 1 6
split_gain=3.31247 3.19545 4.38122 3.45576 3.8977 2.79066 2.21725 3.23133 2.75469
threshold=-1.3781372461623391 8.5131629272476044 1.1426658481917249 2.9509054790453502 -0.25990157396951935 3.4378585949867717 1.2964235005488773 1.0879257745763635 -1.1422396485079014
decision_type=2 2 2 2 2 2 2 2 2
left_child=-1 6 3 4 -3 -5 7 8 -2
right_child=1 2 -4 5 -6 -7 -8 -9 -10
leaf_value=0.0012134306500871926 -0.00184280605854208 0.0031950369390296792 0.0020762354163936874 -0.008438310922605427 -0.00042795899227314769 0.00031729061784339084 -0.0032035861065042486 0.0039096244085965381 1.5826967850574618e-05
leaf_weight=647.55147552490234 419.09649002552032 1377.5213042497635 103.38427042961121 145.7532953619957 612.30450490117073 191.73162385821342 286.08819007873535 179.16140007972717 15428.634554684162
leaf_count=164 104 866 28 114 1399 150 76 48 29049
internal_value=0.000526396 0.000294279 0.00351207 0.00264748 0.00416166 -0.00622356 -0.000184653 -3.52959e-05 -0.000180264
internal_weight=19391.2 18743.7 2430.69 2327.31 1989.83 337.485 16313 16026.9 15847.7
internal_count=31998 31834 2557 2529 2265 264 29277 29201 29153
is_linear=0
shrinkage=0.095152


Tree=331
num_leaves=21
num_cat=0
split_feature=8 2 4 7 9 8 2 9 9 9 4 2 2 4 9 8 2 4 7 8
split_gain=2.40926 3.72767 3.03366 7.30389 3.77357 5.36978 3.21678 1.78373 1.34562 7.29762 5.69612 5.53113 5.38451 4.26431 2.41483 5.54336 2.60868 2.17372 4.27542 2.89152
threshold=8.5131629272476044 -0.99981480381338828 1009.307120732164 6.1800000000000024 -1.1263561681243901 8.831191242393249 -0.36572252349726903 0.40654778705920341 1.318729794503444 1.3853697324184717 1006.7026438013824 -0.97596079711657202 -0.91134631300238134 1001.7409717509555 1.2283956407804182 6.3404998698047148 -0.24429564281217422 1003.8034572343341 4.1807661754691656 7.144116301077605
decision_type=2 2 2 2 2 2 2 2 2 2 2 2 2 2 2 2 2 2 2 2
left_child=8 -2 4 6 -3 -6 -4 -5 14 10 -10 13 -13 -11 17 16 -16 18 -1 -19
right_child=1 2 3 7 5 -7 -8 -9 9 11 -12 12 -14 -15 15 -17 -18 19 -20 -21
leaf_value=0.0015741219273025396 0.0055618288010624919 0.008290513034727125 0.010140269910117575 0.0063725454788997387 0.0015687975486820514 -0.0062299963406770176 -0.0033240011728894337 0.00049137958833667128 0.00028068414221930151 0.00050491430217252818 -0.020589944754144381 0.0041880388285741622 -0.00015472912960690544 -0.01256284838167265 -0.030258861940984535 0.0020053526316453269 0.021611371156124246 0.001468413650697626 -0.0067476990786801755 -0.00075678012916969195
leaf_weight=1533.9651032090187 159.01326763629913 131.98231703042984 144.30082765221596 394.99665915966034 386.12821143865585 662.42381376028061 256.4257228076458 405.73071241378784 86.441971927881241 78.096166223287582 171.01025992631912 451.3497531414032 4326.3215488493443 306.04141566157341 71.828257530927658 152.51116558909416 54.676041752099991 5213.5965602695942 1434.2784623801708 2970.1088708341122
leaf_count=3970 53 98 216 424 360 643 396 395 181 52 168 598 6561 442 120 151 152 10339 2504 4175
internal_value=0.000521998 0.00325257 0.00229962 0.00566466 -0.00111682 -0.00304049 -0.00478974 0.0109117 0.000109245 -0.00112463 -0.0167176 -0.000340269 0.000541672 -0.0113058 0.000695387 0.00941967 -0.00520481 0.000474853 -0.00172863 0.00127577
internal_weight=19391.2 2541 2381.99 1201.45 1180.53 1048.55 400.727 800.727 16850.2 5419.26 257.452 5161.81 4777.67 384.138 11431 279.015 126.504 11151.9 2968.24 8183.71
internal_count=31998 2585 2532 1431 1101 1003 612 819 29413 8002 349 7653 7159 494 21411 423 272 20988 6474 14514
is_linear=0
shrinkage=0.095152


Tree=332
num_leaves=10
num_cat=0
split_feature=1 0 0 4 7 6 1 8 7
split_gain=2.73399 2.16407 2.45383 4.66788 4.44604 3.61972 3.53255 3.27052 3.24485
threshold=1.2228994624994634 1.0645003376832403 0.45583170246796978 1004.9500000000002 4.8500000000000041 0.69971674903203429 0.97962036741475156 9.129999999999999 3.2150000000000003
decision_type=2 2 2 2 2 2 2 2 2
left_child=1 2 3 4 -1 -5 7 -4 -8
right_child=-2 -3 6 5 -6 -7 8 -9 -10
leaf_value=0.00065220622763125012 0.00057355504050388844 0.0005548949394518245 -0.00013671465844495486 0.001179556841139976 -0.0023349429313231475 -0.002553979117651521 0.0097801539162310127 -0.00098015366179035656 -0.011955531235439557
leaf_weight=2594.6937423944473 527.93338716030121 86.046254396438599 5061.7925226092339 7513.8171507418156 1680.4868142604828 1388.6305154561996 96.469369530677795 164.20497226715088 277.15238037705421
leaf_count=6702 136 28 10863 6797 1864 4729 238 223 418
internal_value=0.000466561 0.000276588 0.000206357 0.000915999 -0.00166623 0.00215755 -0.00146119 -0.000818226 -0.0103852
internal_weight=19391.2 18863.3 18777.2 13177.6 4275.18 8902.45 5599.62 5226 373.622
internal_count=31998 31862 31834 20092 8566 11526 11742 11086 656
is_linear=0
shrinkage=0.095152


Tree=333
num_leaves=11
num_cat=0
split_feature=6 1 8 1 0 6 8 1 5 6
split_gain=3.74358 6.52411 2.74487 8.37623 5.32893 4.98768 4.35023 2.38561 2.38462 2.01421
threshold=-1.2874680529497173 0.42647996065710797 8.980000000000004 1.0003384133968634 -0.27806656930281021 -1.2378587235612695 9.9774315447996607 1.3716369299858611 -0.50057056995518712 -1.1052286566782479
decision_type=2 2 2 2 2 2 2 2 2 2
left_child=1 -1 5 4 8 -2 -6 9 -4 -7
right_child=2 -3 3 -5 6 7 -8 -9 -10 -11
leaf_value=-0.00030214564418972552 -0.0059433664921957844 0.0016947059507802821 0.0070157866279760969 0.0026599757353783352 0.00055560050535804139 -0.008172766106599675 -0.0019588071590602592 -0.0038629143161071889 0.0230800845121985 0.00022592135710665812
leaf_weight=410.84908962249756 109.94063520431519 462.22624897956848 291.20939946174622 102.64436161518097 499.89842706918716 271.55594575405121 270.49667492508888 209.44312870502472 107.20139223337173 16655.76180562377
leaf_count=107 30 108 372 25 536 71 225 56 116 30352
internal_value=0.000661302 0.00674606 0.000373264 0.00463758 0.00232049 5.78146e-05 -0.00228761 0.000188933 0.0112405 0.000314915
internal_weight=19391.2 873.075 18518.2 1271.45 1168.81 17246.7 770.395 17136.8 398.411 16927.3
internal_count=31998 215 31783 1274 1249 30509 761 30479 488 30423
is_linear=0
shrinkage=0.095152


Tree=334
num_leaves=7
num_cat=0
split_feature=6 0 6 0 6 6
split_gain=2.3842 2.39711 2.27673 2.1888 1.82653 1.43937
threshold=-1.2874680529497173 -1.41154410393985 -1.2606378347608216 -1.1225163061476626 -1.2229375476400657 -1.5124520125905827
decision_type=2 2 2 2 2 2
left_child=5 -2 -3 -4 -5 -1
right_child=1 2 3 4 -6 -7
leaf_value=-0.00020252111463062936 -0.0080454805125709083 -0.0055809470880916557 0.0002532860457549463 0.00020829601542306524 0.00015275293159268445 0.0034027045978918037
leaf_weight=412.11460834741592 67.446028351783752 68.22484564781189 123.75580245256424 102.94947671890259 18155.775617420673 460.96073025465012
leaf_count=107 21 18 35 25 31684 108
internal_value=0.00050302 0.000273012 0.000339769 0.000405441 0.000318759 0.00535902
internal_weight=19391.2 18518.2 18450.7 18382.5 18258.7 873.075
internal_count=31998 31783 31762 31744 31709 215
is_linear=0
shrinkage=0.095152


Tree=335
num_leaves=6
num_cat=0
split_feature=0 2 6 6 6
split_gain=3.03199 2.11507 1.48121 1.35673 1.68341
threshold=1.0213340577825283 1.003250149981874 -1.8966261760455443 -1.7450621143196865 -1.3781372461623391
decision_type=2 2 2 2 2
left_child=1 2 -1 -4 -5
right_child=-2 -3 3 4 -6
leaf_value=0.0025507202345307163 0.00045716418853990502 -0.006137659334062958 -0.0035349715337849937 0.00061911977904383336 -0.00010103929679675493
leaf_weight=92.820322275161743 148.95626950263977 61.252801179885864 72.692554354667664 448.77397042512894 18391.803670436144
leaf_count=25 44 20 17 113 31698
internal_value=7.28437e-05 -3.26021e-05 -9.07772e-05 -0.000150703 -9.9494e-05
internal_weight=19216.3 19067.3 19006.1 18913.3 18840.6
internal_count=31917 31873 31853 31828 31811
is_linear=0
shrinkage=0.095152


Tree=336
num_leaves=10
num_cat=0
split_feature=0 2 9 3 7 9 9 2 7
split_gain=2.98046 2.08719 1.51117 2.52511 5.6463 5.64587 2.26332 3.12995 1.86392
threshold=1.0213340577825283 1.003250149981874 3.0188609843048488 2.0627388380468767 5.330000000000001 3.2176268692550285 2.8871270300218588 -0.42889193791248376 5.6200000000000001
decision_type=2 2 2 2 2 2 2 2 2
left_child=1 2 6 4 -4 -5 8 -8 -1
right_child=-2 -3 3 5 -6 -7 7 -9 -10
leaf_value=0.00043410113010798715 0.00041366411828352924 -0.0055536489961254777 -0.012501929966863223 -0.015126230745504099 0.0026526256795842821 -0.0016736135563385018 0.019690757273383593 -0.0060122161172838683 -0.00042397391262139427
leaf_weight=10032.910682499409 148.95626950263977 61.252801179885864 305.00397115945816 162.33584558963776 583.67933258414268 689.78512507677078 109.66535443067551 107.33149394392967 7015.3787122070789
leaf_count=21635 44 20 673 224 381 1311 89 156 7384
internal_value=0.000187405 8.15173e-05 2.371e-05 -0.00264646 0.000889763 -0.00634492 0.000293859 0.00992103 0.000169797
internal_weight=19216.3 19067.3 19006.1 1740.8 888.683 852.121 17265.3 216.997 17048.3
internal_count=31917 31873 31853 2589 1054 1535 29264 245 29019
is_linear=0
shrinkage=0.095152


Tree=337
num_leaves=13
num_cat=0
split_feature=1 4 8 1 1 3 7 7 7 2 7 4
split_gain=3.75694 4.41481 2.13473 2.86027 5.8465 2.13956 7.21712 8.7628 4.13466 2.18322 2.98874 1.59431
threshold=0.99995369919546417 1004.3018718085058 9.9774315447996607 0.9746956184065646 0.99611316860347732 1.0039380751124776 7.0000000000000027 6.5699999999999994 7.9062025029692231 -0.99981480381338828 6.5399999999999983 1008.7906959889431
decision_type=2 2 2 2 2 2 2 2 2 2 2 2
left_child=2 -2 5 -4 -5 6 7 -1 -8 10 -7 -11
right_child=1 -3 3 4 -6 9 8 -9 -10 11 -12 -13
leaf_value=-0.0011905760219454503 0.0041078373864555321 -0.00015866970797281783 0.0011872631299611447 -0.015033564053794623 0.00065330357562035611 -0.00076258630837546318 -0.010327814175167687 0.011482487960836294 -0.0012772576136551945 -0.00055426073285225143 0.0030036256823385622 0.0007957395437224817
leaf_weight=1492.9752772450447 392.73993387818336 579.24603691697121 117.133031219244 146.19010779261589 106.20396769046783 336.56388518214226 252.41627231240273 261.86698910593987 320.30534970760345 9618.4386221468449 348.11100187897682 5244.1091130971909
leaf_count=2749 117 197 75 160 112 211 364 224 259 18666 107 8676
internal_value=0.000177553 0.00593776 -0.000129047 -0.00727432 -0.0129692 1.84933e-05 -0.00267041 0.000351887 -0.0119321 0.000422064 0.00567072 0.000178922
internal_weight=19216.3 971.986 18244.3 369.527 252.394 17874.8 2327.56 1754.84 572.722 15547.2 684.675 14862.5
internal_count=31917 314 31603 347 272 31256 3596 2973 623 27660 318 27342
is_linear=0
shrinkage=0.095152


Tree=338
num_leaves=8
num_cat=0
split_feature=1 3 1 6 8 1 1
split_gain=3.27758 1.47569 1.18225 2.95427 1.52336 3.9765 3.39177
threshold=1.7133812078096222 0.18500000000000003 0.99995369919546417 -0.89339488917450172 9.1650000000000009 0.99551215362393841 0.99611316860347732
decision_type=2 2 2 2 2 2 2
left_child=1 -1 4 -4 5 -3 -6
right_child=-2 2 3 -5 6 -7 -8
leaf_value=-0.0009571705417933331 0.0004637593559523827 0.0002481679274433407 -0.00060513149878298883 0.00051069861230625948 -0.0012148193214430798 -0.013316691875819211 0.010509977098577247
leaf_weight=187.42866206169128 111.76926577091217 16944.510507136583 425.10508048534393 400.86128681898117 766.43863171339035 230.9501639008522 149.23599028587341
leaf_count=153 28 29979 115 162 807 513 160
internal_value=0.000193715 9.74174e-05 0.000181602 0.00369913 2.00371e-05 0.000222467 -0.00375781
internal_weight=19216.3 19104.5 18917.1 825.966 18091.1 17175.5 915.675
internal_count=31917 31889 31736 277 31459 30492 967
is_linear=0
shrinkage=0.095152


Tree=339
num_leaves=10
num_cat=0
split_feature=1 4 4 2 3 4 3 2 3
split_gain=3.26407 1.85597 1.61698 5.72455 5.08032 4.44965 3.89645 2.00708 0.42284
threshold=1.7133812078096222 998.90126638904599 1011.4364975770783 0.99164058729498161 1.5607142587218934 1011.332492598527 1.6249114060378975 0.98927755889796032 1.9850000000000001
decision_type=2 2 2 2 2 2 2 2 2
left_child=1 -1 5 4 -4 7 -5 -3 -7
right_child=-2 2 3 6 -6 8 -8 -9 -10
leaf_value=0.0014640439794877207 0.00041963174256595914 -8.3928119775438659e-05 -0.00087180128990954999 0.0052581657718669588 0.0027709911001390329 -0.024791930959144538 -0.012327026234632174 0.008417742902037827 -0.025121400645838381
leaf_weight=290.89079585671425 111.76926577091217 16577.742225527763 481.94106018543243 67.524407804012299 926.20007875561714 59.977479547262192 290.39253500103951 346.69217672944069 63.169562995433807
leaf_count=172 28 27223 1008 83 1801 127 457 930 88
internal_value=0.000226785 0.000130681 1.31171e-05 0.00275333 0.0054898 -0.000270206 -0.00795735 -0.000137593 -0.0181938
internal_weight=19216.3 19104.5 18813.6 1766.06 1408.14 17047.6 357.917 16924.4 123.147
internal_count=31917 31889 31717 3349 2809 28368 540 28153 215
is_linear=0
shrinkage=0.095152


Tree=340
num_leaves=12
num_cat=0
split_feature=6 8 5 5 5 2 6 8 6 9 9
split_gain=1.69369 1.66141 3.83793 2.92035 4.21065 3.6476 2.46111 2.06499 2.23773 1.72231 1.20912
threshold=-1.3781372461623391 8.5131629272476044 0.72126918759033087 0.25943605315547835 0.15572196395247051 -0.2511900638848194 -1.1052286566782479 8.480000000000004 -1.0122207178162168 -2.3951925914821524 1.2976894247916599
decision_type=2 2 2 2 2 2 2 2 2 2 2
left_child=-1 6 3 4 -3 -5 -2 8 -8 -4 -11
right_child=1 2 9 5 -6 -7 7 -9 -10 10 -12
leaf_value=0.00063312855602456911 -0.0013140699635220453 0.00065418610278055345 -0.00084309775260432815 0.032489474775188952 -0.015189327767614513 0.00038438469038620126 8.03897506321181e-05 -0.022252111086772091 9.2473556586060017e-05 -0.0007806036535461169 -0.033511152579977201
leaf_weight=656.08177006244659 534.4359118938446 1721.0594269931316 40.020721077919006 137.20034709572792 152.0363262295723 151.83112832903862 199.74978584051132 73.611863911151886 15345.585246801376 185.56797444820404 45.099071711301804
leaf_count=167 136 1427 51 150 197 243 58 77 28904 412 70
internal_value=0.000443432 0.000274798 0.00259235 0.00393444 0.00254742 0.0128256 -7.36401e-05 0.000143071 0.000219834 -0.0080471 -0.00474196
internal_weight=19242.3 18586.2 2432.81 2162.13 1873.1 289.031 16153.4 15618.9 15545.3 270.688 230.667
internal_count=31892 31725 2550 2017 1624 393 29175 29039 28962 533 482
is_linear=0
shrinkage=0.095152


Tree=341
num_leaves=16
num_cat=0
split_feature=1 9 9 9 3 1 7 3 5 2 5 5 9 7 7
split_gain=3.15219 1.96339 4.25938 4.05934 4.94243 4.54071 3.76105 4.04775 3.52688 3.15092 2.83325 1.96625 2.31669 1.94701 0.529239
threshold=1.7133812078096222 2.1219496754992222 2.3348752552967125 1.6601600396273268 2.2610883208937023 0.98594867607400238 4.8000000000000034 1.8606145610000533 0.99733988964540299 -0.29321007925461362 -0.8662922847128679 1.0004273050037098 1.3853697324184717 4.1050000000000013 2.9250000000000012
decision_type=2 2 2 2 2 2 2 2 2 2 2 2 2 2 2
left_child=1 3 6 11 5 -5 13 -8 9 -4 -6 12 -1 -3 -10
right_child=-2 2 8 4 10 -7 7 -9 14 -11 -12 -13 -14 -15 -16
leaf_value=2.7610211027780036e-06 0.00062528584643553597 0.0059234218439718203 0.0013929510381745511 -0.009404371260998301 -0.0089016234523349776 -0.00015029338592407223 6.5021349589383778e-06 0.0034336507549347674 -0.011003864126544303 -0.00052396051946361185 0.00016854922453856923 0.031940307138897346 0.0021513906241003842 -0.012172156610492103 -0.026171394872579058
leaf_weight=12927.457811653614 111.76926577091217 123.45770463347435 1871.2319579422474 555.13252213597298 90.209858447313309 99.182074785232544 191.50498467683792 265.63258358836174 45.44642961025238 1374.1451886594296 577.82749578356743 61.61224639415741 864.17979598045349 38.662488788366318 44.827165544033051
leaf_count=23317 28 362 2084 843 139 61 165 152 178 2127 945 19 1366 65 41
internal_value=0.000503276 0.000408917 0.0022969 -8.24307e-05 -0.00511737 -0.0109873 0.00953747 0.0139477 0.000945565 0.00146837 0.000623506 0.000397708 0.000320144 -0.00283265 -0.0174547
internal_weight=19242.3 19130.5 3954.91 15175.6 1322.35 654.315 619.258 457.138 3335.65 3245.38 668.037 13853.2 13791.6 162.12 90.2736
internal_count=31892 31864 5174 26690 1988 904 744 317 4430 4211 1084 24702 24683 427 219
is_linear=0
shrinkage=0.095152


Tree=342
num_leaves=10
num_cat=0
split_feature=4 8 6 6 5 6 6 8 8
split_gain=1.3855 1.47839 4.15612 4.70993 3.28711 2.7279 6.14718 2.14009 0.574744
threshold=999.0052012538689 8.5131629272476044 -1.317565891610319 -0.97609506267564228 0.72126918759033087 -1.3018519803880284 -1.2606378347608216 8.2316874982920449 5.7400000000000011
decision_type=2 2 2 2 2 2 2 2 2
left_child=8 5 -3 -4 -5 -2 -7 -8 -1
right_child=1 2 3 4 -6 6 7 -9 -10
leaf_value=-0.00058740339723460362 0.00048762668649195623 -0.018860990574284763 0.0046735802727407953 0.00053973973323387533 -0.0028254811909971147 -0.0045118268152506457 5.8793772199352948e-05 -0.0032360264779697327 0.013501603975173625
leaf_weight=187.37613534927368 696.51426362991333 133.21873497962952 397.45370361208916 1748.1027227044106 256.79983076453209 58.101467370986938 14789.350868821144 797.39197099208832 177.96987617015839
leaf_count=135 172 32 133 1881 530 17 27978 942 72
internal_value=0.000418626 0.000305364 0.0024425 0.00335658 0.00146981 -2.56354e-05 -0.000286027 -0.000168707 0.00621325
internal_weight=19242.3 18876.9 2535.57 2402.36 2004.9 16341.4 15644.8 15586.7 365.346
internal_count=31892 31685 2576 2544 2411 29109 28937 28920 207
is_linear=0
shrinkage=0.095152


Tree=343
num_leaves=11
num_cat=0
split_feature=6 8 8 2 2 2 2 3 6 9
split_gain=2.35895 1.6291 2.30049 2.76994 13.6515 9.08871 1.87697 1.67211 3.23002 1.24632
threshold=-1.3781372461623391 8.5131629272476044 8.5408963448582842 -0.16677875182150789 -0.13290646411738921 -0.21631251265437065 1.003250149981874 0.27500000000000008 -0.5 -1.2266497877235929
decision_type=2 2 2 2 2 2 2 2 2 2
left_child=-1 6 -3 5 -5 -4 7 8 -2 -9
right_child=1 2 3 4 -6 -7 -8 9 -10 -11
leaf_value=0.0011155268829480449 -0.0059385486758658486 0.013124113549487931 0.00058979369869731108 0.10020321632285233 4.3194235522210486e-05 -0.053212123318220998 0.0058163056303356343 -0.00087041594902355444 0.00012378361345897191 0.00021655227127875744
leaf_weight=656.08177006244659 125.17793866991997 121.37682893872261 1057.8223441839218 110.55360752344131 1043.3273731768131 99.73484206199646 55.902928113937378 3647.8587678670883 83.837728649377823 12240.605445146561
leaf_count=167 86 106 1066 80 1178 120 15 6695 167 22212
internal_value=0.000456928 0.000258056 0.00255299 0.00187149 0.0051703 -0.00140804 -8.69723e-05 -0.000148913 -0.0085768 -3.65199e-05
internal_weight=19242.3 18586.2 2432.81 2311.44 1153.88 1157.56 16153.4 16097.5 209.016 15888.5
internal_count=31892 31725 2550 2444 1258 1186 29175 29160 253 28907
is_linear=0
shrinkage=0.095152


Tree=344
num_leaves=12
num_cat=0
split_feature=1 0 6 0 1 1 1 0 0 1 1
split_gain=3.12607 2.40539 3.43714 4.26215 3.04936 6.02218 6.59698 5.0941 3.81631 3.05999 2.53985
threshold=1.7133812078096222 0.36723905084392999 -1.2715241649087672 0.41772978555722901 0.027115061871412549 0.14634440169250132 0.23119469112279908 0.27603639182196232 0.2557978824054537 -0.17077825861200011 0.98499406635381015
decision_type=2 2 2 2 2 2 2 2 2 2 2
left_child=1 4 -3 -4 7 8 -7 9 -6 -1 -5
right_child=-2 2 3 10 5 6 -8 -9 -10 -11 -12
leaf_value=0.00010064623858537479 0.00049135896672939186 -0.0076228242398273466 -0.03566593419122209 -0.00042285865322820858 0.012775333040605798 -0.011357365168327999 0.00051911451214066309 0.0074370551066742308 -0.0032553339102325391 -0.0058556640316895069 -0.003606139207452157
leaf_weight=4432.4069993495941 111.76926577091217 246.66632443666458 62.059736013412476 5271.8394082784653 420.30481988191605 333.03694593906403 7048.1976222097874 68.592797040939331 64.840760797262192 762.92409384250641 419.64080083370209
leaf_count=9160 28 60 20 11191 701 565 8119 17 102 1335 594
internal_value=0.000568535 0.000474558 -0.00110252 -0.00157686 0.00119625 0.0023826 0.00170442 -0.000574353 0.0126411 -0.000919893 -0.00130086
internal_weight=19242.3 19130.5 6000.21 5753.54 13130.3 7866.38 7381.23 5263.92 485.146 5195.33 5691.48
internal_count=31892 31864 11865 11805 19999 9487 8684 10512 803 10495 11785
is_linear=0
shrinkage=0.095152


Tree=345
num_leaves=11
num_cat=0
split_feature=7 6 3 2 5 6 4 2 2 2
split_gain=3.87419 2.64348 3.78955 3.67378 1.3052 5.01588 3.41457 2.78191 5.27403 3.36478
threshold=10.181851640964988 -1.0122207178162168 1.7205320049587269 -0.3143309464773888 -0.070518797457410923 -0.97012145854046394 1009.6001050999777 0.09031985754373785 -0.012683281561682023 0.95493138204271821
decision_type=2 2 2 2 2 2 2 2 2 2
left_child=1 2 -1 -4 5 -3 -7 8 -6 -9
right_child=-2 4 3 -5 7 6 -8 9 -10 -11
leaf_value=0.00093458423179221045 0.0010040718763043111 0.0099170407281480508 -0.00098668360524244701 0.0069600071346948029 -0.00079263717300470399 -1.5180518812954758e-06 0.0017973575868450188 0.0017833954209245085 -0.015479276013129355 -0.0022668234186207928
leaf_weight=554.17476183176041 182.69457191228867 67.454832911491394 600.14235377311707 390.21913379430771 4456.5979481041431 7484.3994336128235 1637.0944040417671 2822.5905945897102 254.24463641643524 953.06655403971672
leaf_count=141 89 17 146 107 8205 11490 3001 6527 534 1690
internal_value=0.000660169 0.000527875 0.00430148 0.000758128 0.000197101 0.00098337 0.000788744 -0.000652769 -0.00219579 0.00126917
internal_weight=19402.7 19220 1544.54 990.361 17675.4 9188.95 9121.49 8486.5 4710.84 3775.66
internal_count=31947 31858 394 253 31464 14508 14491 16956 8739 8217
is_linear=0
shrinkage=0.095152


Tree=346
num_leaves=12
num_cat=0
split_feature=6 0 0 0 0 2 3 6 3 6 0
split_gain=3.279 8.62669 2.61094 9.67539 2.52377 2.10636 2.02841 1.63714 1.38274 5.17717 3.88611
threshold=-1.0122207178162168 0.52369568181784298 0.4990415606769007 0.25956736790250973 -0.29949667118041273 -1.0601077511134196 0.18500000000000003 -0.93842731588559025 1.8803118432491188 -0.96553794880436328 0.25881904510252057
decision_type=2 2 2 2 2 2 2 2 2 2 2
left_child=1 4 3 8 -1 -4 -7 -8 9 -2 -10
right_child=2 -3 5 -5 -6 6 7 -9 10 -11 -12
leaf_value=0.0017645475731508187 0.0029622478026573927 0.0019141601468982766 -0.012536142996391842 0.0071017177286609098 -0.0013901738625839858 0.021980917384330771 -0.0033411834442677773 -0.00032932318566597415 0.00019338780602618153 -9.3361581547507988e-05 -0.0028341278136876941
leaf_weight=522.81113171577454 1118.4092171192169 376.97903615236282 67.84956955909729 235.12144017219543 675.8960879445076 52.407943040132523 876.21374064683914 4452.5056922733784 7357.7833814620972 2773.2275820374489 893.4744029045105
leaf_count=132 543 91 19 62 179 65 1280 10305 12627 5627 1017
internal_value=0.000669664 0.00482894 0.000300982 0.00106557 0.000863097 -0.00143338 -0.00121839 -0.00140579 0.000693188 0.00217135 -2.6721e-06
internal_weight=19402.7 1575.69 17827 12378 1198.71 5448.98 5381.13 5328.72 12142.9 3891.64 8251.26
internal_count=31947 402 31545 19876 311 11669 11650 11585 19814 6170 13644
is_linear=0
shrinkage=0.095152


Tree=347
num_leaves=8
num_cat=0
split_feature=6 5 6 6 9 5 9
split_gain=1.54459 3.81288 2.74123 6.31615 1.67803 3.82817 2.78632
threshold=-1.1666960703771718 -0.020921860193484351 -1.0641726821332271 -1.0122207178162168 2.9509054790453502 -0.46143294792272799 2.8871270300218588
decision_type=2 2 2 2 2 2 2
left_child=1 -1 -2 -4 6 -6 -5
right_child=2 -3 3 4 5 -7 -8
leaf_value=-0.0009644774362423241 -0.010429398985034774 0.0028692607283491564 0.002676697180472505 0.00017524738673719046 0.00072377897308728513 -0.0028682613907627316 0.030309909780205663
leaf_weight=703.92391228675842 270.5925589799881 448.11655074357986 153.05323380231857 15966.414766639471 622.78396263718605 1151.5930351018906 86.201204836368561
leaf_count=182 71 107 42 28731 652 2039 123
internal_value=0.000426105 0.00380375 0.000211932 0.000355999 0.000189295 -0.00258511 0.00049695
internal_weight=19402.7 1152.04 18250.6 17980 17827 1774.38 16052.6
internal_count=31947 289 31658 31587 31545 2691 28854
is_linear=0
shrinkage=0.095152


Tree=348
num_leaves=11
num_cat=0
split_feature=7 0 9 7 1 1 1 3 0 9
split_gain=3.22751 3.6288 2.95316 1.10786 3.08207 1.96603 4.62352 3.25747 2.56193 2.28293
threshold=8.8950000000000014 -0.16106461407525813 1.944299715877275 8.5800000000000018 0.32966511230580003 0.99995369919546417 0.99551215362393841 2.4204004681577986 1.0645003376832403 -1.0248668196451474
decision_type=2 2 2 2 2 2 2 2 2 2
left_child=3 2 -2 5 -5 6 8 -7 -1 -8
right_child=1 -3 -4 4 -6 7 9 -9 -10 -11
leaf_value=0.00013675203857739938 0.0059206879522827544 0.0011588053152777414 -0.0037403132958943848 0.0039923552519382606 -0.0040567220220762597 0.00014983408187522107 0.0064483395651477819 -0.00069817053657065869 -0.0028282888903509037 -0.023698735891000966
leaf_weight=17091.373555451632 252.02348828315735 229.43071088194847 248.67086446285248 167.67621302604675 211.7093420624733 469.24699011445045 64.51024129986763 362.63728025555611 75.747763872146606 229.6527753174305
leaf_count=30325 196 96 167 125 153 149 110 118 25 483
internal_value=0.000493865 0.00669477 0.00210942 0.000250251 -0.00482761 0.000356607 0.000140369 0.00487257 0.000344201 -0.0116591
internal_weight=19402.7 730.125 500.694 18672.6 379.386 18293.2 17461.3 831.884 17167.1 294.163
internal_count=31947 459 363 31488 278 31210 30943 267 30350 593
is_linear=0
shrinkage=0.095152


Tree=349
num_leaves=8
num_cat=0
split_feature=7 7 7 9 7 9 6
split_gain=4.15979 2.12536 4.60267 2.16689 2.06191 2.91751 1.68223
threshold=10.181851640964988 9.4600000000000009 8.8950000000000014 0.68789266318201581 8.5800000000000018 1.0994832048252017 -1.8966261760455443
decision_type=2 2 2 2 2 2 2
left_child=1 2 4 -4 6 -6 -1
right_child=-2 -3 3 -5 5 -7 -8
leaf_value=0.0018254399464451669 0.00087746241546576235 -0.0081691693042217749 0.02206396653445725 8.596928777094648e-05 -0.004181936480987988 -2.9399128065037969e-05 0.00015480801888367383
leaf_weight=87.120438098907471 182.69457191228867 141.0681968331337 128.10317090153694 278.25912398099899 141.18658995628357 238.19896513223648 18206.048168212175
leaf_count=22 89 89 82 199 125 153 31188
internal_value=0.000549371 0.000412329 0.000499381 0.0105015 0.000280282 -0.00664829 0.000425153
internal_weight=19402.7 19220 19078.9 406.362 18672.6 379.386 18293.2
internal_count=31947 31858 31769 281 31488 278 31210
is_linear=0
shrinkage=0.095152


Tree=350
num_leaves=9
num_cat=0
split_feature=2 2 1 2 7 8 1 9
split_gain=1.7572 2.01795 1.85139 4.70732 6.47323 3.48 13.4373 2.57139
threshold=-1.3489882688436168 -1.0601077511134196 0.98801351631316348 -0.80874662173623935 8.8950000000000014 8.831191242393249 0.88428176967528671 -3.7821958941370553
decision_type=2 2 2 2 2 2 2 2
left_child=-1 -2 5 -4 -5 7 -7 -3
right_child=1 2 3 4 -6 6 -8 -9
leaf_value=-0.0010798246694390039 0.00081892912420729921 0.0030314643872961407 0.01643603991531872 -0.00012687977760841699 0.0044655344737575507 9.8663313090907028e-05 -0.015653251104789719 0.00012464687934189451
leaf_weight=354.58428609371185 314.18512749671936 582.36621585488319 125.17909550666809 1335.1439347863197 309.33846977353096 753.85173317790031 266.8764565885067 15308.919707030058
leaf_count=97 93 944 29 1326 165 917 270 28088
internal_value=0.000442127 0.000566818 0.000438613 0.00336596 0.00199492 0.000131299 -0.00524951 0.000478138
internal_weight=19350.4 18995.9 18681.7 1769.66 1644.48 16912 1020.73 15891.3
internal_count=31929 31832 31739 1520 1491 30219 1187 29032
is_linear=0
shrinkage=0.095152


Tree=351
num_leaves=10
num_cat=0
split_feature=5 0 1 1 7 5 6 7 7
split_gain=1.76306 2.24555 1.42927 3.75917 6.91889 3.65449 2.95954 8.34114 3.24284
threshold=-1.0591495107497402 -1.2052084992856529 0.47146475767959806 0.50140835354358082 3.3050000000000002 0.042800234733658148 -0.95934299452900185 4.6700000000000008 2.0900000000000021
decision_type=2 2 2 2 2 2 2 2 2
left_child=-1 -2 6 4 -4 -5 7 -3 -8
right_child=1 2 3 5 -6 -7 8 -9 -10
leaf_value=-0.00082523106488300744 0.00042733518262099275 0.0041132208091321917 0.035954362178628803 0.00044555044927136714 -0.00030109225663420459 -0.00058723376906375533 -0.0044838458755965833 -0.003468667613591621 0.00069613812528378075
leaf_weight=445.3403462767601 103.35889983177185 830.98919674754143 137.89684063196182 5117.2648630738258 240.6821194589138 2887.0336029827595 1002.2945960760117 1771.6686033308506 6813.9159578979015
leaf_count=116 29 1613 129 5305 242 4439 3297 1248 15511
internal_value=0.000359988 0.000500179 0.000422062 0.00134714 0.0105983 0.000906281 -0.000321098 -0.00310015 0.000603023
internal_weight=19350.4 18905.1 18801.7 8382.88 378.579 8004.3 10418.9 2602.66 7816.21
internal_count=31929 31813 31784 10115 371 9744 21669 2861 18808
is_linear=0
shrinkage=0.095152


Tree=352
num_leaves=14
num_cat=0
split_feature=4 3 4 4 8 2 2 2 4 2 8 1 8
split_gain=1.4548 3.61477 1.26754 1.20069 4.47829 4.57017 5.38246 3.31311 3.29584 1.37111 2.80718 2.51392 0.558548
threshold=1014.2500000000001 2.2813356340340714 1015.1500000000002 1011.4364975770783 3.9200000000000004 -0.88975924126623185 0.99164058729498161 0.93115810193318183 1011.332492598527 0.78327893257887105 5.1050000000000013 -0.99817629101047811 7.4913103750987036
decision_type=2 2 2 2 2 2 2 2 2 2 2 2 2
left_child=3 -2 -3 8 7 -6 -7 -5 9 11 -11 -1 -10
right_child=1 2 -4 4 5 6 -8 -9 12 10 -12 -13 -14
leaf_value=-0.0063523833579942814 -0.0075947576751199675 -0.0021002084836766496 0.0058851297207332806 -0.044290998863569325 -0.014596615227943456 0.0023516335610948126 -0.0098863929305636408 0.0048785146252181034 -0.0029681265872610798 9.5675771910990227e-05 -0.0049181994303575394 0.00037735754080702437 -0.030854913448694201
leaf_weight=438.07471939921379 109.95770448446274 47.280726104974747 44.866548150777817 61.683624863624573 65.36574524641037 1198.5615757405758 248.11665362119675 38.646456569433212 60.308408737182617 1632.3606544137001 829.86579883098602 14515.11534422636 60.241065919399261
leaf_count=674 144 117 83 157 135 2289 356 114 132 3962 1431 22254 81
internal_value=0.000422855 -0.00757696 0.00617906 0.000508485 0.00299303 0.00429612 0.00542143 -0.0163163 0.0002791 0.000388917 -0.00168953 0.000732133 -0.0153097
internal_weight=19350.4 202.105 92.1473 19148.3 1612.37 1512.04 1446.68 100.33 17536 17415.4 2462.23 14953.2 120.549
internal_count=31929 344 200 31585 3051 2780 2645 271 28534 28321 5393 22928 213
is_linear=0
shrinkage=0.095152


Tree=353
num_leaves=6
num_cat=0
split_feature=2 2 5 0 4
split_gain=1.73374 2.04222 1.63947 1.70026 1.42251
threshold=-1.3489882688436168 -1.0601077511134196 1.1321152647846746 1.1577870946162518 1009.6001050999777
decision_type=2 2 2 2 2
left_child=-1 -2 3 4 -3
right_child=1 2 -4 -5 -6
leaf_value=-0.00091054492143331767 0.0010351506336569994 -4.6088757938952475e-05 0.012571708666131999 0.00038047434503987276 0.00050036404688759699
leaf_weight=354.58428609371185 314.18512749671936 13604.768448799849 66.12998640537262 78.294495820999146 4932.4826816916466
leaf_count=97 93 23304 21 24 8390
internal_value=0.000397969 0.000521836 0.000392874 0.000338482 0.000278156
internal_weight=19350.4 18995.9 18681.7 18615.5 18537.3
internal_count=31929 31832 31739 31718 31694
is_linear=0
shrinkage=0.095152


Tree=354
num_leaves=15
num_cat=0
split_feature=6 6 5 7 5 8 7 4 8 8 5 5 5 8
split_gain=1.12011 6.66574 5.82969 5.90978 5.60276 3.75378 3.49753 3.00619 2.93092 2.62292 4.08112 3.67755 4.00708 3.24305
threshold=-0.95934299452900185 -0.87107047384582625 0.60469497276509154 4.5499999999999998 -0.10308671703748347 6.7419957678584685 9.0206293331549983 1003.2138573170264 6.2124934123847657 6.080000000000001 -1.3747962699251615 -1.223379265973042 -1.0013879852237297 6.1200000000000001
decision_type=2 2 2 2 2 2 2 2 2 2 2 2 2 2
left_child=2 -2 3 4 7 -6 8 -1 -5 11 -11 -3 -13 -12
right_child=1 9 -4 6 5 -7 -8 -9 -10 10 13 12 -14 -15
leaf_value=0.00064696933803243034 0.009841593353807649 0.00034663985286226799 0.019108890025209491 4.2937196587158227e-05 -0.00072346466891438086 0.017962391941576339 0.0016115246140309212 0.018016890443839632 -0.0016320260185026378 -0.0037907729787477651 0.020411476456246126 -0.016237450003029067 -0.00074393709552891623 0.00070421269594709505
leaf_weight=187.8311320245266 277.78428196907043 48.937391877174377 176.00600749254227 786.81795230507851 745.00637984275818 145.53082972764969 192.3968710899353 229.75496807694435 2990.5301788449287 78.099000096321106 92.554986417293549 61.14854621887207 6212.4253416955471 7125.6211586296558
leaf_count=273 73 12 47 690 1315 131 57 246 1560 23 105 13 16205 11179
internal_value=0.000357493 0.000811454 -0.000796787 -0.00136888 0.00417069 -8.38908e-05 -0.00319831 0.0132454 -0.00383906 0.000512098 0.00174178 -0.000905033 -0.00111218 0.00197911
internal_weight=19350.4 13896.6 5453.87 5277.87 1308.12 890.537 3969.75 417.586 3777.35 13618.8 7296.28 6322.51 6273.57 7218.18
internal_count=31929 27610 4319 4272 1965 1446 2307 519 2250 27537 11307 16230 16218 11284
is_linear=0
shrinkage=0.095152


Tree=355
num_leaves=6
num_cat=0
split_feature=6 2 6 6 5
split_gain=2.21418 2.02861 3.00995 3.6666 2.05931
threshold=-1.3781372461623391 -1.0601077511134196 -1.0641726821332271 -1.0122207178162168 -1.0013879852237297
decision_type=2 2 2 2 2
left_child=-1 -2 -3 -4 -5
right_child=1 2 3 4 -6
leaf_value=0.001727891515028241 0.0011220617149104556 -0.0011521455299021387 -0.0013966600874902343 -0.00023357782135219386 3.8851638017455475e-05
leaf_weight=636.41675353050232 606.16414940357208 708.27225661277771 131.33101516962051 304.13490986824036 17011.472264766693
leaf_count=165 171 176 35 82 31215
internal_value=0.000544535 0.00035636 0.000174636 0.000422365 0.000300848
internal_weight=19397.8 18761.4 18155.2 17446.9 17315.6
internal_count=31844 31679 31508 31332 31297
is_linear=0
shrinkage=0.095152


Tree=356
num_leaves=14
num_cat=0
split_feature=3 8 9 6 0 8 0 6 0 3 3 6 8
split_gain=1.99333 3.65274 5.28323 2.219 10.8456 9.71111 4.29884 3.83392 2.81357 1.96962 1.73538 4.27674 2.33979
threshold=0.34100370021348397 7.8301614849224528 1.318729794503444 -0.97609506267564228 0.56424778751754878 7.9843968791761526 -0.61594954031970861 -1.1479457102098696 -1.0342182019546236 0.18500000000000003 5.4741346723857731 0.74400421579309162 3.7248217053926376
decision_type=2 2 2 2 2 2 2 2 2 2 2 2 2
left_child=1 2 9 4 5 6 -2 -7 -5 -1 12 -12 -10
right_child=3 -3 -4 8 -6 7 -8 -9 10 -11 11 -13 -14
leaf_value=-0.0060822979898334907 -0.0046914454139713162 -0.0021674610657985262 -0.00084166453705384063 0.00054640570119235908 0.0070849151724805184 -0.0003958980790420368 -0.0012511995881595314 0.0025640714936641584 -0.0026163269778415876 -0.0006378920075237887 0.00024987998151138898 0.0028703170231191063 0.00016346085242562071
leaf_weight=57.505079448223114 145.68496060371399 168.15352258086205 114.18528544902802 204.78877013921738 333.61046463251114 315.93235582113266 1821.3645938932896 444.86683005094528 1444.5812904536724 60.462178111076355 537.65310719609261 47.294870436191559 13701.70804053545
leaf_count=69 37 132 82 64 85 80 1317 188 4234 139 1330 88 23999
internal_value=0.000631598 -0.00599833 0.00169613 0.000772389 0.00311852 0.00112884 -0.00239745 0.0102509 0.000320649 -0.0122969 0.000175088 0.00525452 -2.06892e-05
internal_weight=19397.8 400.306 232.153 18997.5 3061.46 2727.85 1967.05 760.799 15936 117.967 15731.2 584.948 15146.3
internal_count=31844 422 290 31422 1707 1622 1354 268 29715 208 29651 1418 28233
is_linear=0
shrinkage=0.095152


Tree=357
num_leaves=7
num_cat=0
split_feature=6 6 6 6 5 8
split_gain=2.24994 1.75255 7.74116 3.47129 2.51511 1.08006
threshold=-1.3781372461623391 -1.0641726821332271 -1.0122207178162168 -1.2229375476400657 -1.0818711854003358 3.7248217053926376
decision_type=2 2 2 2 2 2
left_child=-1 3 -3 -2 -4 -6
right_child=1 2 4 -5 5 -7
leaf_value=0.0015755587248814705 6.8690182841369494e-05 0.0024231906794336456 0.00027255853763084062 -0.0037282659290571148 -0.00097566902118267223 0.00020048663572656559
leaf_weight=636.41675353050232 399.43867599964142 157.09487837553024 290.03799414634705 459.66428315639496 1811.0107479989529 15644.128016144037
leaf_count=165 96 42 80 120 5177 26164
internal_value=0.000500367 0.000310693 0.000512897 -0.00388227 0.000325182 0.000178065
internal_weight=19397.8 18761.4 17902.3 859.103 17745.2 17455.1
internal_count=31844 31679 31463 216 31421 31341
is_linear=0
shrinkage=0.095152


Tree=358
num_leaves=6
num_cat=0
split_feature=2 6 6 6 6
split_gain=1.98692 2.98343 2.21378 2.58223 1.15982
threshold=-1.0601077511134196 -1.8966261760455443 -1.6615587815138919 -1.3781372461623391 -0.49932976672732488
decision_type=2 2 2 2 2
left_child=-1 -2 -3 -4 -5
right_child=1 2 3 4 -6
leaf_value=0.00069809674720053966 -0.00066030945284575285 -0.0022171788040741326 0.0019833814209000052 -0.00015149311432551314 0.00050913898513557632
leaf_weight=708.38849556446075 81.333250999450684 107.40756785869598 345.45158851146698 10744.012040793896 7411.198405623436
leaf_count=199 23 25 89 12070 19438
internal_value=0.000447639 0.000259244 0.000178404 0.000258633 0.000102552
internal_weight=19397.8 18689.4 18608.1 18500.7 18155.2
internal_count=31844 31645 31622 31597 31508
is_linear=0
shrinkage=0.095152


Tree=359
num_leaves=12
num_cat=0
split_feature=2 1 7 7 7 1 2 9 2 1 2
split_gain=1.38225 1.06471 4.39644 3.63945 3.27491 2.50426 1.90144 3.23926 1.48932 8.48829 2.60453
threshold=-1.0601077511134196 -0.98127565035916853 7.6300000000000017 7.080000000000001 3.3300000000000005 -0.94485053414543363 0.29266544164708225 -2.1060931775118674 -0.88175368378555585 0.14634440169250132 -0.87255275299116974
decision_type=2 2 2 2 2 2 2 2 2 2 2
left_child=-1 2 3 4 -2 6 7 -3 9 -7 -10
right_child=1 5 -4 -5 -6 8 -8 -9 10 -11 -12
leaf_value=0.00063167147087694962 -0.011322701776979202 -0.035397655241626372 0.028814534292379609 -0.028506408245308198 0.0069861769149749935 0.00076412499448489453 0.023810379872417731 -0.0094823366485563207 0.063524472056637638 -0.0091276545759540108 0.00013161335741680675
leaf_weight=708.38849556446075 197.70818775892258 57.228323370218277 124.68657749891281 54.283083260059357 575.43482819199562 1904.2216549217701 58.100226283073425 363.64587867259979 119.38516542315483 1094.3405128121376 14140.368415594101
leaf_count=199 684 130 115 82 1216 3366 180 1105 186 1791 22790
internal_value=0.000462802 0.000305527 0.0034036 0.000864294 0.0025663 0.000138262 -0.00663737 -0.00888137 0.000327551 -0.00159823 0.000733515
internal_weight=19397.8 18689.4 952.113 827.426 773.143 17737.3 478.974 420.874 17258.3 2998.56 14259.8
internal_count=31844 31645 2097 1982 1900 29548 1415 1235 28133 5157 22976
is_linear=0
shrinkage=0.095152


Tree=360
num_leaves=26
num_cat=0
split_feature=1 3 9 1 1 1 2 2 3 6 6 2 3 9 0 2 6 2 1 1 2 3 2 1 0
split_gain=2.27311 4.52014 3.59858 3.4688 8.40101 8.42633 6.73588 4.4776 3.60233 3.22841 3.65817 2.89657 2.73556 2.75636 2.52181 2.43947 3.82465 3.11491 2.31587 3.7986 3.79693 2.27044 1.72237 2.67619 0.907486
threshold=-0.016510075310391434 3.252724642808229 -3.491555941243687 0.41130333125976476 0.64309362041383478 0.66484924122790601 0.80392796183282111 0.92589048012183106 4.1335579448321473 -0.25846488450670752 -0.097985535520506692 -0.16677875182150789 3.1908227665629929 4.7840193821654884 -0.82846348649305956 0.058942987644181481 1.0000000180025095e-35 0.4464934733847305 -0.76922158987017697 -0.53028722568724562 -0.29321007925461362 4.9221777408528053 -0.92332360912427902 -0.43185126429808723 -0.5
decision_type=2 2 2 2 2 2 2 2 2 2 2 2 2 2 2 2 2 2 2 2 2 2 2 2 2
left_child=9 2 11 7 6 -6 -5 8 -3 14 -11 -2 13 -4 22 16 -12 -17 20 -20 -16 -9 -1 -24 -14
right_child=1 3 12 4 5 -7 -8 21 -10 10 15 -13 24 -15 18 17 -18 -19 19 -21 -22 -23 23 -25 -26
leaf_value=0.00048642086294186304 0.035657803027528398 0.0011806610845089423 0.00050026421605729255 -0.025468839120261322 0.081097964241037643 -0.00019290018299245281 -0.00069091460365317795 -0.008110156294251443 0.023176040614601587 0.01377977212697582 -0.017669983010475804 -0.0015391802974433861 0.0098983951253191309 -0.010154858090991885 -0.012700192196540215 0.017879247935336774 -8.6980785043003041e-05 0.00044451732497448608 0.0084588837761840237 -0.0019170637640618824 -0.00059215536475863174 0.0063582053068574652 -0.010773485234924244 -0.015454585621604032 0.011656803578927325
leaf_weight=66.353236883878708 162.34854999184608 196.04095837473869 7838.4863188862801 313.51138383150101 66.603605896234512 1844.7123308181763 523.98353829979897 257.9810154736042 156.7474759221077 59.543117761611938 124.57313799858093 110.56256255507469 60.522573471069336 223.01781699061394 502.90807831287384 306.50663068890572 1142.7109897732735 1004.7691695988178 836.75559741258621 1860.988294839859 1096.6022509038448 124.05907383561134 184.81818333268166 68.910732209682465 94.99626037478447
leaf_count=93 116 245 9397 380 109 2784 629 681 160 19 352 180 107 294 897 1094 4146 3056 1392 2443 2186 373 499 105 157
internal_value=0.000240507 0.00104633 0.00223117 -0.00183732 -0.00339209 8.52433e-05 -0.0113305 0.00395692 0.0116734 -0.00108752 0.00156435 0.0129617 0.00187116 0.00162692 -0.00260544 0.00101428 -0.0019551 0.00389281 -0.00199301 -0.000286515 -0.00486056 -0.00315155 -0.010745 -0.0143068 0.0143272
internal_weight=19229 11973.6 8489.93 3483.64 2748.81 1911.32 837.495 734.829 352.788 7255.44 2638.1 272.911 8217.02 8061.5 4617.34 2578.56 1267.28 1311.28 4297.25 2697.74 1599.51 382.04 320.082 253.729 155.519
internal_count=31894 15612 10251 5361 3902 2893 1009 1459 405 16282 8667 296 9955 9691 7615 8648 4498 4150 6918 3835 3083 1054 697 604 264
is_linear=0
shrinkage=0.095152


Tree=361
num_leaves=7
num_cat=0
split_feature=2 6 6 2 6 6
split_gain=1.66009 1.98112 3.00593 2.5592 2.24681 1.4909
threshold=1.003250149981874 -1.2229375476400657 -1.1052286566782479 -0.41327860778290426 -1.0122207178162168 -0.95934299452900185
decision_type=2 2 2 2 2 2
left_child=1 3 -3 -1 -4 -6
right_child=-2 2 4 -5 5 -7
leaf_value=-0.00053604969785905692 -0.021692836677063908 -0.0037504150501706732 0.00035321444451054076 0.0016856287858788644 -0.00047136694289060075 0.00015586679002361478
leaf_weight=524.81323462724686 63.129422903060913 292.50954365730286 259.3612819314003 494.95773190259933 3822.2538367509842 13771.987832665443
leaf_count=129 21 76 71 123 3889 27585
internal_value=0.000290331 0.000238359 8.17697e-06 0.00431637 0.000165978 3.5315e-05
internal_weight=19229 19165.9 18146.1 1019.77 17853.6 17594.2
internal_count=31894 31873 31621 252 31545 31474
is_linear=0
shrinkage=0.095152


Tree=362
num_leaves=7
num_cat=0
split_feature=1 0 4 0 3 1
split_gain=2.04025 2.13033 1.89869 1.59074 4.15894 1.39806
threshold=1.2964235005488773 -1.0501315690591613 998.90126638904599 0.97067606234733783 3.0724148171370973 -0.76922158987017697
decision_type=2 2 2 2 2 2
left_child=1 -1 -3 5 -5 -4
right_child=-2 2 3 4 -6 -7
leaf_value=0.00039325120406334977 -0.00062071066714439681 0.0017723625707580808 -0.0015978071128022872 1.1463483350001034e-05 0.021453123210272682 0.00010513647449801909
leaf_weight=242.68717068433762 419.45940828323364 265.60233873128891 2673.0311479270458 510.10099151730537 124.60585805773735 14993.525969237089
leaf_count=70 109 165 6949 1016 323 23262
internal_value=0.000235372 0.00038258 0.000265763 0.000148834 0.00482398 -1.87649e-05
internal_weight=19229 18809.6 18566.9 18301.3 634.707 17666.6
internal_count=31894 31785 31715 31550 1339 30211
is_linear=0
shrinkage=0.095152


Tree=363
num_leaves=9
num_cat=0
split_feature=0 5 3 9 7 4 0 4
split_gain=1.50342 1.69502 1.63611 2.6438 3.21471 1.3078 4.46595 2.00401
threshold=1.0397779820998518 1.1321152647846746 0.57082169953766149 2.3731762860582912 5.5900000000000025 1008.8004489774752 0.47371340546989488 1008.6986376280321
decision_type=2 2 2 2 2 2 2 2
left_child=1 2 3 4 -1 7 -7 -4
right_child=-2 -3 5 -5 -6 6 -8 -9
leaf_value=-0.00051553780382002025 -0.0018747925935203168 0.0040590833628877335 2.7083448523423653e-06 0.00028893801810401392 -0.009742431133887253 0.0011136125666573052 -0.0012454257397374188 -0.0022453115859979362
leaf_weight=338.61750227212906 123.58808350563049 66.544310688972473 11307.957507550716 262.97251409292221 313.56752246618271 4048.6168437302113 2399.6470037102699 367.50159642100334
leaf_count=663 37 21 19927 198 372 6018 4156 502
internal_value=0.000169118 0.000237789 0.000183579 -0.00373747 -0.00698838 0.00038254 0.00147027 -0.000217216
internal_weight=19229 19105.4 19038.9 915.158 652.185 18123.7 6448.26 11675.5
internal_count=31894 31857 31836 1233 1035 30603 10174 20429
is_linear=0
shrinkage=0.095152


Tree=364
num_leaves=7
num_cat=0
split_feature=0 8 0 3 7 3
split_gain=2.17269 1.73383 1.4368 1.52521 5.71815 1.42592
threshold=-1.0342182019546236 10.814999999999998 1.0397779820998518 0.57082169953766149 7.5731807435009602 0.79028422100942863
decision_type=2 2 2 2 2 2
left_child=-1 2 3 4 -2 -5
right_child=1 -3 -4 5 -6 -7
leaf_value=0.00044658822047730665 -3.8451725511367754e-05 0.00092736190069822968 -0.0016964023967842123 0.0048529411494347878 -0.0043676928716720525 3.6266578869068898e-05
leaf_weight=271.95910185575485 740.21107819676399 143.00036245584488 123.58808350563049 702.21479833126068 145.8002738058567 17102.239186286926
leaf_count=80 1073 136 37 1130 144 29294
internal_value=0.000138772 1.66556e-05 -6.23724e-05 4.92854e-06 -0.00384446 0.000197481
internal_weight=19229 18957.1 18814.1 18690.5 886.011 17804.5
internal_count=31894 31814 31678 31641 1217 30424
is_linear=0
shrinkage=0.095152


Tree=365
num_leaves=6
num_cat=0
split_feature=4 1 7 7 7
split_gain=1.6873 1.50656 1.34282 2.66158 1.61404
threshold=998.50312055503798 1.7133812078096222 10.181851640964988 9.4600000000000009 9.0206293331549983
decision_type=2 2 2 2 2
left_child=-1 2 3 4 -2
right_child=1 -3 -4 -5 -6
leaf_value=-0.00099008675893510079 -3.4792968322959856e-05 -0.017344642000100326 0.00069849720769660662 -0.0058806195571624361 0.0020663552967992776
leaf_weight=172.94035258889198 18368.201496005058 102.69882142543793 196.22812014818192 146.18354395031929 297.29236930608749
leaf_count=96 31421 25 90 97 191
internal_value=-3.59072e-05 4.84235e-05 -1.34105e-05 -9.60331e-05 3.90435e-06
internal_weight=19283.5 19110.6 19007.9 18811.7 18665.5
internal_count=31920 31824 31799 31709 31612
is_linear=0
shrinkage=0.095152


Tree=366
num_leaves=6
num_cat=0
split_feature=1 0 0 5 0
split_gain=4.9736 2.36269 2.08043 1.56566 2.58415
threshold=1.7133812078096222 -1.4776015544762056 1.0397779820998518 -1.171081148710176 -1.0342182019546236
decision_type=2 2 2 2 2
left_child=1 -1 3 -3 -5
right_child=-2 2 -4 4 -6
leaf_value=-7.2059753400092918e-05 0.0017360721846265245 -0.00038976762181896802 -0.0017832620355443586 0.001172902536418172 1.0252673033234768e-05
leaf_weight=58.549873352050781 108.69882142543793 296.61728894710541 132.88888263702393 182.18289285898209 18504.606944203377
leaf_count=17 26 78 40 53 31706
internal_value=0.000146007 2.95746e-05 -2.88805e-05 5.39176e-05 0.000163686
internal_weight=19283.5 19174.8 19116.3 18983.4 18686.8
internal_count=31920 31894 31877 31837 31759
is_linear=0
shrinkage=0.095152


Tree=367
num_leaves=7
num_cat=0
split_feature=1 0 0 9 1 7
split_gain=4.9736 2.36269 2.08043 1.69555 5.20873 1.28252
threshold=1.7133812078096222 -1.4776015544762056 1.0397779820998518 -5.0183634104341506 0.54530282644685557 10.181851640964988
decision_type=2 2 2 2 2 2
left_child=1 -1 3 4 -3 -5
right_child=-2 2 -4 5 -6 -7
leaf_value=-6.5203126362950274e-05 0.0015708815071967155 -0.015895087391291113 -0.0016135811511347302 9.277111061064194e-06 0.023466010694452651 0.00063105826479854712
leaf_weight=58.549873352050781 108.69882142543793 153.17461371421814 132.88888263702393 18516.485922962427 117.51846918463707 196.22812014818192
leaf_count=17 26 277 40 31378 92 90
internal_value=0.000146007 2.95746e-05 -2.88805e-05 5.39176e-05 -0.00740302 0.000162996
internal_weight=19283.5 19174.8 19116.3 18983.4 270.693 18712.7
internal_count=31920 31894 31877 31837 369 31468
is_linear=0
shrinkage=0.095152


Tree=368
num_leaves=16
num_cat=0
split_feature=9 8 9 5 9 3 2 9 8 2 3 3 6 3 8
split_gain=2.44721 2.05101 1.31512 3.40772 1.76617 4.85544 6.85039 3.04218 5.74753 1.60597 1.46318 1.31594 1.17742 1.08388 0.339128
threshold=-5.0183634104341506 6.4700000000000015 -3.7821958941370553 -0.5 -2.7012238978308907 4.7336865763973979 0.82392300575755406 -2.1960369750224156 7.4600000000000035 0.86962049895765936 5.3048055210135043 1.5807075959670602 -0.17595060300814128 1.6249114060378975 4.7150000000000007
decision_type=2 2 2 2 2 2 2 2 2 2 2 2 2 2 2
left_child=1 13 3 12 5 6 -4 8 -6 -7 -9 -5 -2 -1 -15
right_child=2 -3 4 11 7 9 -8 10 -10 -11 -12 -13 -14 14 -16
leaf_value=-0.033159267949625974 0.00023315638740029751 -0.0030339929371324152 -0.0088662780793448727 0.00031563129942494515 0.00062655298160543805 -0.0021739511893672328 0.013671348333701611 -2.4151753503594975e-05 0.019733129546295327 -0.0061978465352210384 0.0026677193912110074 0.020651209929411416 -0.024195352727778618 -0.011208305532093562 -0.036423876468785962
leaf_weight=44.060951948165894 108.12428319454193 109.79877746105194 538.63820168375969 102.53216534852982 518.9812530875206 98.141432970762253 153.17178204655647 16459.739495813847 137.7257806956768 98.753577023744583 598.98849049210548 129.8905211687088 68.164636999368668 67.659930795431137 49.173422694206238
leaf_count=68 178 63 889 75 943 191 218 26986 187 80 1443 194 167 148 90
internal_value=9.57948e-05 -0.00886389 0.000224649 0.00555543 0.000106457 -0.00402852 -0.000247204 0.000314902 0.00666342 -0.017158 6.92481e-05 0.0131048 -0.00435002 -0.0156661 -0.0104838
internal_weight=19283.5 270.693 19012.9 408.712 18604.1 888.705 691.81 17715.4 656.707 196.895 17058.7 232.423 176.289 160.894 116.833
internal_count=31920 369 31551 614 30937 1378 1107 29559 1130 271 28429 269 345 306 238
is_linear=0
shrinkage=0.095152


Tree=369
num_leaves=6
num_cat=0
split_feature=1 0 0 7 8
split_gain=5.01217 2.38246 2.05282 1.34657 2.39905
threshold=1.7133812078096222 -1.4776015544762056 1.0397779820998518 10.181851640964988 9.2712207556456381
decision_type=2 2 2 2 2
left_child=1 -1 3 4 -3
right_child=-2 2 -4 -5 -6
leaf_value=-5.6700834081164029e-05 0.0014237071338746965 1.3978754202240732e-05 -0.0014577476493013016 0.00057330991848776418 -0.001424796787873379
leaf_weight=58.549873352050781 108.69882142543793 18035.969991713762 132.88888263702393 196.22812014818192 751.20901414752007
leaf_count=17 26 30996 40 90 751
internal_value=6.78457e-05 -4.77e-05 -0.000107725 -2.41362e-05 -0.000106979
internal_weight=19283.5 19174.8 19116.3 18983.4 18787.2
internal_count=31920 31894 31877 31837 31747
is_linear=0
shrinkage=0.095152


Tree=370
num_leaves=6
num_cat=0
split_feature=1 5 6 6 5
split_gain=4.08759 2.09014 2.40273 8.55014 2.95001
threshold=1.7133812078096222 -1.3747962699251615 -1.4626844414508702 -1.395531188983681 -1.171081148710176
decision_type=2 2 2 2 2
left_child=1 -1 -3 -4 -5
right_child=-2 2 3 4 -6
leaf_value=-0.0026787247031201059 0.001125648344284725 -0.0017289991694323802 0.014170657796116841 -0.0013408069544426451 0.00010365106160998197
leaf_weight=143.25550270080566 111.76926577091217 403.26114982366562 114.71629279851913 115.19652092456818 18468.1370883286
leaf_count=41 28 108 30 31 31715
internal_value=0.000437044 0.000330337 0.00024336 0.000400957 0.000239448
internal_weight=19356.3 19244.6 19101.3 18698 18583.3
internal_count=31953 31925 31884 31776 31746
is_linear=0
shrinkage=0.095152


Tree=371
num_leaves=13
num_cat=0
split_feature=1 0 8 2 9 1 8 9 1 1 9 9
split_gain=4.05596 1.80483 3.52565 3.32977 4.55707 4.44133 1.9186 5.2534 4.97921 2.49157 2.41525 2.54426
threshold=1.7133812078096222 0.73501478018915878 9.2712207556456381 0.80491972531888278 1.250842250293124 0.39457506771186956 8.5131629272476044 2.9509054790453502 -0.31280064007213421 0.72501428915853083 4.7840193821654884 3.2176268692550285
decision_type=2 2 2 2 2 2 2 2 2 2 2 2
left_child=1 6 3 4 -3 -5 10 8 -8 -9 11 -1
right_child=-2 2 -4 5 -6 -7 7 9 -10 -11 -12 -13
leaf_value=6.4302639222306606e-05 0.0010185406939308367 0.0052817680918055849 -0.001376189903635185 -0.001511641011939292 -0.0030618984730796123 -0.02064678930426039 -0.0051711352932430447 5.8145627908043296e-05 0.0024434754729763704 -0.0059333856973726616 -0.0024374811289137573 0.0059377645872422911
leaf_weight=13292.281264811754 111.76926577091217 1069.1962137520313 142.00276571512222 652.3450326025486 925.8563349545002 172.99537092447281 329.87893176078796 127.22688230872154 1560.9263084232807 201.55424267053604 103.62875375151634 666.67445290088654
leaf_count=22403 28 2782 181 1104 2273 211 487 121 1332 137 149 745
internal_value=0.000506501 0.000400198 -0.00175827 -0.00101306 0.00108492 -0.00609327 0.000793807 0.00339352 0.00532818 -0.00767026 0.000382285 0.000491258
internal_weight=19356.3 19244.6 2962.4 2820.39 1995.05 825.34 16282.2 2219.59 1890.81 328.781 14062.6 13959
internal_count=31953 31925 6551 6370 5055 1315 25374 2077 1819 258 23297 23148
is_linear=0
shrinkage=0.095152


Tree=372
num_leaves=10
num_cat=0
split_feature=1 5 0 4 1 8 5 0 5
split_gain=4.12536 5.0284 1.70061 3.68248 4.71001 3.36263 3.93989 3.30731 2.9188
threshold=1.7133812078096222 -1.4579215920765243 0.73501478018915878 1004.9500000000002 1.1426658481917249 8.2316874982920449 0.025866911408687111 0.90998310603959054 0.27146259693822788
decision_type=2 2 2 2 2 2 2 2 2
left_child=1 -1 3 4 -3 6 -4 -7 -5
right_child=-2 2 5 8 -6 7 -8 -9 -10
leaf_value=-0.00040687725424663523 0.00092162454683125986 -0.00089194794335572289 -0.0066106602652770312 0.0001876062322787852 0.012647120052441998 0.00046189050219676617 -0.0011179124859142546 -0.0023955855676310615 0.0039899892561550462
leaf_weight=97.837146162986755 111.76926577091217 5164.7783850729465 104.60303121805191 9220.0259781479836 169.14995908737183 156.32479527592659 2456.8486534655094 244.61923798918724 1630.3793681561947
leaf_count=29 28 10529 29 11713 48 279 5799 444 3055
internal_value=0.000354467 0.000247281 0.000135901 0.000520219 -0.00152544 -0.00195871 -0.000682809 -0.0100485 0.00152708
internal_weight=19356.3 19244.6 19146.7 16184.3 5333.93 2962.4 2561.45 400.944 10850.4
internal_count=31953 31925 31896 25345 10577 6551 5828 723 14768
is_linear=0
shrinkage=0.095152


Tree=373
num_leaves=13
num_cat=0
split_feature=5 8 2 2 0 2 2 0 8 9 4 8
split_gain=4.5278 1.53519 3.60502 5.07161 3.19751 3.11548 2.4949 1.98826 1.75023 1.68938 1.623 0.891544
threshold=-1.0013879852237297 3.7248217053926376 0.8977101403255705 0.86962049895765936 0.864707149699531 0.85651926849515192 0.94968266440323645 -1.0501315690591613 3.7405099298461688 2.9509054790453502 1004.9500000000002 3.6250000000000004
decision_type=2 2 2 2 2 2 2 2 2 2 2 2
left_child=-1 2 3 5 10 -2 -6 -3 -9 -10 -4 -5
right_child=1 7 4 11 6 -7 -8 8 9 -11 -12 -13
leaf_value=-0.0003927626453770998 -0.002272364402413398 0.00057784950082765719 0.00054930515030971534 -0.0049003489287732915 0.012131524994088528 0.023373550723636859 -0.0062676143202919244 0.0032410984285175981 0.00015775566285873097 -0.0016176911080835498 0.016085514269871853 -0.019358635722390764
leaf_weight=493.66775792837143 1011.4155819714069 176.38138979673386 257.24893912672997 108.68367660045624 38.01720404624939 37.790669441223145 105.78745979070663 74.896348744630814 15134.978354096413 1648.3199073076248 188.21617370843887 80.932357788085938
leaf_count=130 2974 51 808 220 138 122 244 137 24233 2221 633 42
internal_value=0.000399775 0.00016333 -0.00245494 -0.00537149 0.00365321 -0.00275754 -0.00858695 0.000445234 0.000338877 0.000272735 0.00764712 -0.0196467
internal_weight=19356.3 18862.7 1828.09 1238.82 589.27 1049.21 143.805 17034.6 16858.2 16783.3 445.465 189.616
internal_count=31953 31823 5181 3358 1823 3096 382 26642 26591 26454 1441 262
is_linear=0
shrinkage=0.095152


Tree=374
num_leaves=8
num_cat=0
split_feature=1 3 2 0 0 2 3
split_gain=4.06721 2.01111 1.65141 1.62978 1.36881 4.922 2.46044
threshold=1.7133812078096222 7.3450000000000006 0.88201535311751322 -1.0501315690591613 0.96316368718897982 -0.99981480381338828 1.8803118432491188
decision_type=2 2 2 2 2 2 2
left_child=1 3 -3 -1 6 -6 -5
right_child=-2 2 -4 4 5 -7 -8
leaf_value=-9.8007147944080271e-05 0.0010628778312845571 -0.0036970883385078748 0.0059965750072775749 0.00074525548471709947 -0.0057224587972319529 -0.00040409653026970152 -9.0112741134178883e-05
leaf_weight=252.96106714010239 111.76926577091217 51.017457187175751 72.974993228912354 6079.4604903757572 50.731531083583832 1620.7263687252998 11116.694646835327
leaf_count=72 28 111 166 9145 34 3875 18522
internal_value=0.000481773 0.000375326 0.0123912 0.000295869 0.000193176 -0.00240407 0.000446537
internal_weight=19356.3 19244.6 123.992 19120.6 18867.6 1671.46 17196.2
internal_count=31953 31925 277 31648 31576 3909 27667
is_linear=0
shrinkage=0.095152


Tree=375
num_leaves=13
num_cat=0
split_feature=1 5 1 1 1 7 1 8 7 1 6 0
split_gain=5.831 2.79775 4.76817 5.9109 2.50609 2.09938 5.23578 4.2877 2.35594 8.06512 1.52612 1.06473
threshold=1.7133812078096222 -0.98157326871204009 1.2228994624994634 -0.24284747324344261 0.060620640628285281 8.784332015617375 0.98801351631316348 9.1650000000000009 8.4014560106818195 0.6754287423297014 -1.8088830948184842 -0.72803482504911132
decision_type=2 2 2 2 2 2 2 2 2 2 2 2
left_child=1 2 3 11 -5 8 7 -7 10 -10 -3 -1
right_child=-2 5 -4 4 -6 6 -8 -9 9 -11 -12 -13
leaf_value=-0.010172285998260037 0.00091548213383719872 0.0005984361611367792 -0.0184864653353074 0.0052888611555052959 0.0024269653459738109 0.0010878584131124042 0.0045699335523662248 -0.014313842698170277 0.0026933069252237517 -0.0052789426530990436 -8.0205940643171382e-05 -0.001662694618280687
leaf_weight=179.09025382995605 109.53071987628937 107.58762854337692 81.699119925498962 114.2868595123291 543.98829320073128 201.57478269934654 290.56457051634789 246.27491998672485 309.40572237968445 248.222062677145 16935.871253341436 86.175542652606964
leaf_count=576 26 27 18 146 664 137 168 181 207 139 29658 25
internal_value=0.000143409 1.80338e-05 0.00490285 0.00686793 0.0116992 -0.000249363 0.0047148 -0.0017177 -0.000458694 -0.00653811 -0.000258537 -0.00507191
internal_weight=19454.3 19344.7 1005.24 923.541 658.275 18339.5 738.414 447.85 17601.1 557.628 17043.5 265.266
internal_count=31972 31946 1429 1411 810 30517 486 318 30031 346 29685 601
is_linear=0
shrinkage=0.095152


Tree=376
num_leaves=13
num_cat=0
split_feature=1 9 9 7 7 3 5 5 5 5 5 7
split_gain=5.8648 1.72632 3.85127 4.62998 6.72436 4.11239 4.28452 2.56659 2.33339 2.44402 2.97239 1.63912
threshold=1.7133812078096222 2.9509054790453502 4.3890401347709682 7.6300000000000017 6.282903924752536 2.9703267637883166 -0.27380466800653919 -0.70453509935217817 -1.3747962699251615 -1.171081148710176 -1.0013879852237297 2.8500000000000001
decision_type=2 2 2 2 2 2 2 2 2 2 2 2
left_child=1 8 3 4 -3 6 -4 -5 -1 -10 -11 -7
right_child=-2 2 5 7 -6 11 -8 -9 9 10 -12 -13
leaf_value=0.0062691333645250626 0.00082837221110353154 -0.0029698101326328676 0.0024893296584389251 -0.0071105407576652312 0.0055059876168163813 0.0099816681860527817 -0.0084763827650421539 -0.0073620628263515375 -0.001032880800302073 0.002195914491101925 2.2866551483130366e-05 0.035387705363181976
leaf_weight=131.54353666305542 109.53071987628937 748.54563328623772 124.75178426504135 177.83557051420212 254.24488162994385 84.651757955551147 254.92541441321373 190.48158746957779 139.47920632362366 177.51223105192184 17015.553160637617 45.216245055198669
leaf_count=38 26 1432 97 168 179 251 451 66 35 43 29119 67
internal_value=8.0288e-05 -4.41266e-05 -0.00278276 -0.0054105 -0.00203722 0.00425874 -0.000725118 -0.0145192 0.000250251 0.000153191 0.000256154 0.0187839
internal_weight=19454.3 19344.7 1880.65 1371.11 1002.79 509.545 379.677 368.317 17464.1 17332.5 17193.1 129.868
internal_count=31972 31946 2711 1845 1611 866 548 234 29235 29197 29162 318
is_linear=0
shrinkage=0.095152


Tree=377
num_leaves=11
num_cat=0
split_feature=1 5 1 1 4 4 7 6 6 4
split_gain=5.8417 2.10104 3.17835 4.8538 3.03064 3.50151 2.51216 1.85296 4.96535 1.63572
threshold=1.7133812078096222 -0.98157326871204009 -0.24284747324344261 0.93427109138298359 1008.3008970175704 1007.5002474018714 8.245000000000001 -1.4626844414508702 -1.395531188983681 999.20175613718004
decision_type=2 2 2 2 2 2 2 2 2 2
left_child=1 2 4 6 5 -1 -4 -3 -9 -10
right_child=-2 7 3 -5 -6 -7 -8 8 9 -11
leaf_value=-0.011974446351857806 0.00074955096857235001 -0.0016706131390459512 0.0024487565628039517 -0.00065478710140040293 -0.018096055403596271 0.0083227900756697292 0.047928300673260038 0.00012578948228341081 -0.00094001747332481957 -1.760590250607674e-05
leaf_weight=138.96064051985741 109.53071987628937 407.11528068780899 432.79107415676117 223.14977961778641 75.08209890127182 51.223057061433792 84.033418864011765 118.17122346162796 420.86825731396675 17393.346178680658
leaf_count=389 26 107 585 173 133 79 70 30 243 30137
internal_value=0.000123535 -6.35182e-07 0.00423129 0.00743795 -0.00465841 0.00169942 0.0124982 -0.000233589 -8.85169e-05 -0.000218896
internal_weight=19454.3 19344.7 1005.24 739.974 265.266 190.184 516.824 18339.5 17932.4 17814.2
internal_count=31972 31946 1429 828 601 468 655 30517 30410 30380
is_linear=0
shrinkage=0.095152


Tree=378
num_leaves=12
num_cat=0
split_feature=1 7 3 1 3 7 3 7 1 1 1
split_gain=5.84265 1.25732 3.38031 2.57663 2.76801 1.41593 5.9121 3.20725 2.07384 2.03184 1.63964
threshold=1.7133812078096222 8.784332015617375 1.181499766251304 0.31363982710982335 2.8850000000000002 8.4014560106818195 1.0627242140441702 8.1799999999999997 0.44116815532797032 0.6754287423297014 0.90735081026143583
decision_type=2 2 2 2 2 2 2 2 2 2 2
left_child=1 5 -3 -4 -5 7 -7 10 -9 -8 -1
right_child=-2 2 3 4 -6 6 9 8 -10 -11 -12
leaf_value=3.638630271789324e-05 0.00067822972204652785 0.012893631266479643 -0.012077133903107485 -0.0026959740684519857 0.0041345948399640307 -0.0083664211403877958 0.0032926668130953867 0.0065097716143707714 0.013238401453696825 -0.004102496453278202 -0.00044712276552136417
leaf_weight=14558.83036929369 109.53071987628937 190.15580117702484 175.45251005887985 221.02274718880653 249.10888868570328 142.60121360421181 275.04365649819374 132.31319716572762 159.70487868785858 180.07605439424515 3060.4316925108433
leaf_count=27118 26 126 151 141 151 92 174 152 129 122 3590
internal_value=0.000121764 -2.41542e-06 0.00360395 0.000289918 0.00398183 -0.000166194 -0.00471672 -1.32816e-05 0.00985309 0.00057048 -0.000178271
internal_weight=19454.3 19344.7 835.74 645.584 470.132 18509 597.721 17911.3 292.018 455.12 17619.3
internal_count=31972 31946 569 443 292 31377 388 30989 281 296 30708
is_linear=0
shrinkage=0.095152


Tree=379
num_leaves=8
num_cat=0
split_feature=1 1 1 2 3 1 5
split_gain=5.86707 2.4704 1.47561 3.48366 3.37587 2.12925 1.42337
threshold=1.7133812078096222 1.492640851033227 -0.99817629101047811 0.21067229501317755 3.4508014674044385 -0.99699193743116266 -0.9666783414850374
decision_type=2 2 2 2 2 2 2
left_child=1 2 3 4 -1 -4 -7
right_child=-2 -3 5 -5 -6 6 -8
leaf_value=-0.012068352042881619 0.00061369483217832378 -0.0020539177230328508 0.023149909402465099 0.013784706582516367 0.013714531020734815 0.0017416963242302393 -2.3312549630649197e-05
leaf_weight=315.99949660897255 109.53071987628937 101.88993358612061 78.855235397815704 73.824414491653442 89.590532332658768 957.27993032336235 17727.301466524601
leaf_count=609 26 26 174 24 58 1391 29664
internal_value=7.60545e-05 -4.83841e-05 2.97112e-05 -0.00517475 -0.00865783 0.00016373 9.66283e-05
internal_weight=19454.3 19344.7 19242.9 479.414 405.59 18763.4 18684.6
internal_count=31972 31946 31920 691 667 31229 31055
is_linear=0
shrinkage=0.095152


Tree=380
num_leaves=6
num_cat=0
split_feature=1 2 6 6 2
split_gain=2.1959 1.45259 2.25911 2.41943 2.46778
threshold=1.7133812078096222 -1.0601077511134196 -1.8966261760455443 -1.5795604215207197 -0.98039918412989879
decision_type=2 2 2 2 2
left_child=1 -1 -3 -4 -5
right_child=-2 2 3 4 -6
leaf_value=0.00049506820153940472 0.00046519669158476181 0.0025571943570826833 -0.010601842276414286 -0.0024272279509779124 0.00010978051592178869
leaf_weight=697.21801054477692 108.27568817138672 75.907789707183838 199.16597771644592 1093.9053185284138 17059.391696363688
leaf_count=198 26 22 47 2144 29495
internal_value=0.000241294 0.000163637 1.49865e-06 -6.61574e-05 4.79579e-05
internal_weight=19233.9 19125.6 18428.4 18352.5 18153.3
internal_count=31932 31906 31708 31686 31639
is_linear=0
shrinkage=0.095152


Tree=381
num_leaves=10
num_cat=0
split_feature=6 8 2 9 8 2 8 5 6
split_gain=2.47157 2.41461 2.04661 2.14554 2.79503 2.07321 1.88265 4.83856 3.29878
threshold=-1.2874680529497173 7.200000000000002 1.003250149981874 5.0209235151745863 6.4700000000000015 -0.65844369711058437 8.4004919835684735 0.1342360586408457 -0.70674862550735462
decision_type=2 2 2 2 2 2 2 2 2
left_child=1 -1 3 6 5 -5 8 -8 -2
right_child=2 -3 -4 4 -6 -7 7 -9 -10
leaf_value=-8.5966644370512863e-05 -0.00098531107289347706 0.00066237271808077512 -0.01145881894271498 -0.0099967011852846784 -0.0075858848033978563 0.0022599431745968152 0.0020053516206995333 -0.0006212436982866304 0.00032116954268185876
leaf_weight=409.66461706161499 7205.1524098813534 461.51217234134674 62.061150193214417 51.652752637863159 62.811682343482971 140.40752959251404 1918.1979235708714 753.18089574575424 8169.2233476638794
leaf_count=102 8360 115 18 114 62 320 1618 1276 19947
internal_value=0.00028186 0.00523004 4.60428e-05 -1.23901e-05 -0.00865902 -0.00281913 0.000109665 0.00244107 -0.000294778
internal_weight=19233.9 871.177 18362.7 18300.6 254.872 192.06 18045.8 2671.38 15374.4
internal_count=31932 217 31715 31697 496 434 31201 2894 28307
is_linear=0
shrinkage=0.095152


Tree=382
num_leaves=14
num_cat=0
split_feature=6 9 4 0 0 4 6 5 6 1 5 9 4
split_gain=3.26047 5.45121 2.27721 2.25944 7.71231 3.27008 7.88375 7.83405 5.29764 2.97896 2.82864 2.40087 2.35917
threshold=-1.0122207178162168 0.12312711072382761 1007.1054746646166 0.4990415606769007 0.25956736790250973 1002.2050660130377 -0.93842731588559025 0.4063737921985196 -0.70674862550735462 1.492640851033227 -0.4833538702244064 -1.2266497877235929 1005.8008285559062
decision_type=2 2 2 2 2 2 2 2 2 2 2 2 2
left_child=1 -1 -3 4 9 7 12 -5 -9 10 -2 -8 -7
right_child=3 2 -4 5 -6 6 11 8 -10 -11 -12 -13 -14
leaf_value=0.0034795155904698096 -0.00043595060288401338 -0.000587468629798011 0.0002070228277883548 0.016791381596328307 0.0098805553439169479 -0.00037433275171639167 -0.0026384582083877552 -0.016184957736426208 0.0035008931408302799 -0.0059989429552317827 0.00084752273590550599 0.00029060963002644594 -0.012699679695676716
leaf_weight=494.73202687501907 6653.5481596589088 470.50584435462952 651.35899436473846 188.52427911758423 227.15090954303741 232.65596041083336 895.23087087273598 88.053398549556732 336.85135906934738 87.389572978019714 5254.3737597465515 3137.2274659276009 516.2618795633316
leaf_count=140 11779 110 163 86 60 488 1367 68 1088 26 7983 7844 730
internal_value=0.000386069 0.00447395 0.00078812 9.919e-06 0.000726541 -0.00161107 -0.00245219 0.0049153 -0.0022311 0.000395537 0.000525955 -0.000782163 -0.0114097
internal_weight=19233.9 1616.6 1121.86 17617.3 12222.5 5394.81 4781.38 613.429 424.905 11995.3 11907.9 4032.46 748.918
internal_count=31932 413 273 31519 19848 11671 10429 1242 1156 19788 19762 9211 1218
is_linear=0
shrinkage=0.095152


Tree=383
num_leaves=24
num_cat=0
split_feature=8 2 4 9 9 8 2 9 2 2 8 9 0 2 0 0 2 8 8 2 2 9 3
split_gain=1.67157 3.98114 4.31155 5.78062 5.50653 4.27262 5.05971 4.44635 1.9763 5.12094 6.14706 4.67114 4.63622 4.50933 3.94464 4.86996 3.82016 3.76897 2.82876 4.73656 2.80587 2.16734 0.928388
threshold=8.4004919835684735 -0.99981480381338828 1008.8004489774752 -1.9819565252582672 2.9509054790453502 8.7350000000000012 -0.39754281428255622 -0.58785785314834438 -0.30081980763566762 -0.16677875182150789 5.1745070256599677 3.4378585949867717 -0.70710678118654757 -0.33346877891818688 -0.82846348649305956 -0.70913320677698455 -1.3489882688436168 7.9007902177818208 7.1100000000000021 0.7770427278829094 0.5849381396462906 0.92696918557972918 2.9850000000000008
decision_type=2 2 2 2 2 2 2 2 2 2 2 2 2 2 2 2 2 2 2 2 2 2 2
left_child=8 -2 5 -4 -5 6 -3 -7 12 10 22 -12 14 17 16 -16 -1 -14 20 -20 -11 -15 -10
right_child=1 2 3 4 -6 7 -8 -9 9 18 11 -13 13 21 15 -17 -18 -19 19 -21 -22 -23 -24
leaf_value=-0.0066541370906742356 0.008056097191342794 -0.0030488248261411476 -0.0015061407867605642 0.0031991472515378282 -0.0037591462734268121 0.0065795462232485606 0.017468409314200538 -0.0060344552086277082 -0.021603819677972199 0.0029987723709302004 0.0073272851350020202 -0.0032324788228496049 -0.00034053553959689526 -9.0640438179467719e-06 0.057712073612245771 0.0082356148661991146 0.001818345992052272 -0.0040274972102073208 -0.0053257992880056905 0.0038830886144668969 -0.00025426795018024489 -0.0091952953230111378 -0.0057786949924721184
leaf_weight=42.575467705726624 174.34447053074837 207.38027155399323 149.77825427055359 1257.0822261273861 127.96512407064438 103.48876297473907 249.14797395467758 594.0291243493557 50.341098099946976 2308.5332076251507 638.68175309896469 88.354005843400955 5816.4721857607365 105.14159792661667 97.504260063171387 125.32163065671921 889.10075640678406 848.27008605003357 1344.6975174844265 468.30831918120384 3365.9969211518764 112.52722460031509 68.822241544723511
leaf_count=10 66 244 193 1535 129 67 183 539 99 5630 778 57 7646 126 21 458 2335 790 1869 733 8094 115 215
internal_value=0.000328585 0.00244914 0.00153635 0.00484154 0.00677019 -0.00284889 0.00428215 -0.00753368 -4.16925e-05 0.000984101 0.00799457 0.0112869 -0.00110694 -0.00204436 0.00446616 0.0158058 0.00172147 -0.0016004 0.000188816 -0.00307978 0.00123586 -0.0154858 -0.0118881
internal_weight=19233.9 2863.22 2688.87 1534.83 1385.05 1154.05 456.528 697.518 16370.6 8333.74 846.199 727.036 8036.91 6882.41 1154.5 222.826 931.676 6664.74 7487.54 1813.01 5674.53 217.669 119.163
internal_count=31932 2956 2890 1857 1664 1033 427 606 28976 17475 1149 835 11501 8677 2824 479 2345 8436 16326 2602 13724 241 314
is_linear=0
shrinkage=0.095152


Tree=384
num_leaves=10
num_cat=0
split_feature=1 7 1 1 1 7 5 5 7
split_gain=2.17626 1.55514 4.5697 3.51533 5.52509 2.42716 2.00239 6.6979 1.86914
threshold=1.7133812078096222 8.1799999999999997 0.99965739133362419 0.98594867607400238 0.88428176967528671 8.1000000000000014 -1.0591495107497402 -1.0013879852237297 9.2200000000000024
decision_type=2 2 2 2 2 2 2 2 2
left_child=1 5 3 4 -3 6 -1 -8 -5
right_child=-2 2 -4 8 -6 -7 7 -9 -10
leaf_value=-0.0015191102521732401 0.00018785372474027211 0.0021473625061041216 -0.0063495676514381746 0.019856157766463881 -0.0075571037936106459 -0.0058054291724025722 0.0031126866916081405 2.7961769120967258e-05 0.010367901592947782
leaf_weight=307.56790739297867 108.27568817138672 978.27450123429298 220.49993366003036 122.3672286272049 273.61061623692513 128.42136785387993 66.520876884460449 16906.821508973837 121.50485199689865
leaf_count=86 26 751 84 119 177 115 14 30470 90
internal_value=0.000300962 0.000223642 0.0029553 0.00484751 0.00279102 -4.51287e-05 5.14897e-05 0.000190383 0.0152787
internal_weight=19233.9 19125.6 1716.26 1495.76 1251.89 17409.3 17280.9 16973.3 243.872
internal_count=31932 31906 1221 1137 928 30685 30570 30484 209
is_linear=0
shrinkage=0.095152


Tree=385
num_leaves=6
num_cat=0
split_feature=1 0 6 6 8
split_gain=1.93257 2.11173 1.58195 2.01496 1.20636
threshold=1.7133812078096222 -1.0501315690591613 -1.7017880364955529 -1.4626844414508702 9.9774315447996607
decision_type=2 2 2 2 2
left_child=1 -1 -3 -4 -5
right_child=-2 2 3 4 -6
leaf_value=6.84369591272038e-05 -0.00021633359054706538 8.6013917864187763e-05 -0.0048528728844919253 0.00013397899261113197 -0.0010807310943260295
leaf_weight=262.78886395692825 109.98945868015289 179.37220150232315 240.96052944660187 18088.247875750065 423.76047393679619
leaf_count=73 27 47 66 31286 371
internal_value=0.000378384 0.000305178 0.000186596 0.000100519 0.000214014
internal_weight=19305.1 19195.1 18932.3 18753 18512
internal_count=31870 31843 31770 31723 31657
is_linear=0
shrinkage=0.095152


Tree=386
num_leaves=10
num_cat=0
split_feature=6 6 3 6 7 6 6 7 9
split_gain=1.89434 1.6245 1.61102 4.98984 5.93363 4.94156 4.58671 10.6856 4.97506
threshold=-1.7017880364955529 -1.635664521358339 1.8803118432491188 -0.50248067388556295 8.4014560106818195 -0.70674862550735462 -0.49182347202724191 5.3514159531591927 2.9509054790453502
decision_type=2 2 2 2 2 2 2 2 2
left_child=-1 -2 3 5 -5 -3 8 -8 -4
right_child=1 2 6 4 -6 -7 7 -9 -10
leaf_value=0.00095652192420561948 -0.013206849670056925 0.00058972808608581185 -0.00032992914204659922 -3.1361566027016531e-05 -0.0083483087489360595 0.0096674682464392269 -0.00075294845843069317 0.0048793700789695697 -0.007155310744613454
leaf_weight=197.37220150232315 66.45654296875 3329.6022047698498 6819.0587390363216 3147.4381437897682 201.88876906037331 183.48267948627472 3410.3743096590042 1230.6237734854221 718.82203951478004
leaf_count=50 17 2285 8197 8167 304 49 9807 2014 980
internal_value=0.000419695 0.000322861 0.000375841 0.00154194 -0.00108269 0.00404731 -0.000280269 0.00207146 -0.00173001
internal_weight=19305.1 19107.7 19041.3 6862.41 3349.33 3513.08 12178.9 4641 7537.88
internal_count=31870 31820 31803 10805 8471 2334 20998 11821 9177
is_linear=0
shrinkage=0.095152


Tree=387
num_leaves=10
num_cat=0
split_feature=4 0 3 0 4 0 6 4 3
split_gain=1.89049 1.49001 1.68342 4.03284 3.68797 5.13648 3.34785 2.95451 0.952209
threshold=999.0052012538689 1.0031448503598595 2.3402782917751739 -1.285259354231987 1000.8005913371051 -0.20170021408309383 -0.49182347202724191 1014.7500000000001 2.9223312328288538
decision_type=2 2 2 2 2 2 2 2 2
left_child=8 2 4 -4 5 -2 -5 -6 -1
right_child=1 -3 3 6 7 -7 -8 -9 -10
leaf_value=0.0010007167126962018 -0.00015088291443164886 -0.00099526090892197564 -0.0060443278821667333 -0.00087961290877280017 0.00034747342148536511 0.020083076990938642 0.0012374251385508081 -0.0097866394804672751 4.3629684995614957e-05
leaf_weight=177.46177330613136 203.81344303488731 142.98835897445679 53.515610456466675 5993.5670707523823 8607.1936655640602 237.3672102689743 3615.4924628436565 77.598649471998215 196.12115859985352
leaf_count=115 209 45 15 7873 13972 198 9265 91 87
internal_value=0.000349037 0.00021582 0.000290443 -0.000583938 0.00121758 0.00969342 -0.000435648 0.000784109 0.00704079
internal_weight=19305.1 18931.5 18788.5 9662.58 9125.97 441.181 9609.06 8684.79 373.583
internal_count=31870 31668 31623 17153 14470 407 17138 14063 202
is_linear=0
shrinkage=0.095152


Tree=388
num_leaves=14
num_cat=0
split_feature=1 3 3 6 3 2 6 8 3 8 2 3 2
split_gain=1.9829 3.52141 1.62678 3.98925 3.59305 4.85799 4.78945 3.32294 3.11071 7.26432 2.92559 3.74155 1.70478
threshold=1.0003384133968634 2.3618503819346057 1.0039380751124776 -1.0329584178428288 1.3404739121516107 -0.60505606964884906 -0.22400320580105595 4.8625899561292512 1.3804001304608959 7.5199999999999987 0.93536856108094613 0.85030295653945542 -0.65844369711058437
decision_type=2 2 2 2 2 2 2 2 2 2 2 2 2
left_child=2 -2 3 -1 5 6 -4 -7 9 -6 11 -5 -10
right_child=1 -3 4 10 8 7 -8 -9 12 -11 -12 -13 -14
leaf_value=-0.010976213048857887 0.00053035379939100262 -0.0020884328963064656 0.011777157322864979 0.0012610944400272815 0.0042828630018254049 -0.022259824888657798 -0.0036617195550656639 0.0012911877499539445 -0.00072939946892471345 -0.0091089938139481321 -0.0079870473350515114 -0.0039597012472300987 0.00023632092964414242
leaf_weight=173.21147376298904 505.54219543933868 434.01058435440063 475.94940963387489 1519.6238892376423 127.17762407660484 112.22143283486366 187.40851533412933 796.14889544248581 4152.6455392837524 102.62021589279175 103.36062049865723 592.46707022190094 10022.731937259436
leaf_count=47 128 120 334 2543 203 283 666 1393 6514 123 112 1023 18381
internal_value=0.000372287 0.00463311 0.000153291 -0.00216105 0.000500252 0.00481816 0.0110001 0.000280029 2.78389e-05 -0.0109205 -0.001063 -0.000287004 0.000207247
internal_weight=19305.1 939.553 18365.6 2388.66 15976.9 1571.73 663.358 908.37 14405.2 229.798 2215.45 2112.09 14175.4
internal_count=31870 248 31622 3725 27897 2676 1000 1676 25221 326 3678 3566 24895
is_linear=0
shrinkage=0.095152


Tree=389
num_leaves=8
num_cat=0
split_feature=0 1 8 6 1 8 1
split_gain=2.42406 1.59983 3.10598 2.3634 1.5025 3.80487 1.74277
threshold=-1.3671690527414386 1.0003384133968634 6.7419957678584685 -1.8088830948184842 0.99232614502972039 10.814999999999998 0.9746956184065646
decision_type=2 2 2 2 2 2 2
left_child=-1 3 -3 -2 6 -6 -5
right_child=1 2 -4 4 5 -7 -8
leaf_value=0.0001809946806474572 0.00041214645354152498 0.0033160338676496031 -0.00059308119765811489 -1.5816732031766576e-05 -0.00092454032471718083 -0.024926892562274858 0.0026173558836044752
leaf_weight=102.93423807621002 97.077740848064423 400.28676497936249 523.89846527576447 16761.490933269262 554.87025034427643 82.517647862434387 782.04336261749268
leaf_count=28 26 109 134 29643 869 114 947
internal_value=0.000386925 0.000307652 0.00416753 0.000111494 3.11808e-05 -0.00450112 0.000196908
internal_weight=19305.1 19202.2 924.185 18278 18180.9 637.388 17543.5
internal_count=31870 31842 243 31599 31573 983 30590
is_linear=0
shrinkage=0.095152


Tree=390
num_leaves=12
num_cat=0
split_feature=7 8 4 0 6 6 4 5 4 7 7
split_gain=3.4006 5.09776 4.89367 5.37488 3.10075 2.60414 2.34448 3.05552 1.496 1.45168 0.252258
threshold=8.1799999999999997 8.2000000000000028 1006.2208530435228 -0.86239343330004636 -1.8088830948184842 -0.97012145854046394 999.0052012538689 -1.4176912577099106 999.6018667981258 9.2200000000000024 5.3000000000000034
decision_type=2 2 2 2 2 2 2 2 2 2 2
left_child=4 -2 -3 9 -1 -5 10 -8 -9 -4 -6
right_child=1 2 3 5 6 -7 7 8 -10 -11 -12
leaf_value=-0.0010230779456917452 0.0021423033056828206 -0.0019260746547412411 -0.015244091078854428 0.0026955852148367325 0.00023033500866831693 0.0016744129336518359 -0.0048279527399125036 -0.0070868986722011588 -1.6834898646283277e-05 0.0005085555750844983 0.0083820913171140758
leaf_weight=88.937704145908356 164.5706684589386 162.89605790376663 156.72753977775574 224.21168810129166 182.17098462581635 929.60354381799698 81.614433169364929 241.01458638906479 16856.148452579975 68.90262234210968 183.0301079750061
leaf_count=26 60 123 292 52 132 590 26 209 30256 99 76
internal_value=0.000405688 0.00445929 0.00274226 0.00459379 1.22549e-05 0.00722639 -7.7532e-05 -0.000238902 -0.000149742 -0.00877531 0.00745129
internal_weight=19339.8 1706.91 1542.34 1379.45 17632.9 1153.82 17544 17178.8 17097.2 225.63 365.201
internal_count=31941 1216 1156 1033 30725 642 30699 30491 30465 391 208
is_linear=0
shrinkage=0.095152


Tree=391
num_leaves=13
num_cat=0
split_feature=0 1 6 5 5 6 6 0 5 1 9 9
split_gain=4.81125 2.81981 4.15974 3.40734 5.48373 4.80001 3.09378 2.40786 1.90349 1.4802 2.15117 1.44297
threshold=-1.3671690527414386 0.9746956184065646 -0.40140989675495525 0.042800234733658148 -0.059901498597878015 -1.1052286566782479 -0.25990157396951935 1.0645003376832403 -0.37581674575781987 0.95992380042979863 3.2176268692550285 -3.2657034487248384
decision_type=2 2 2 2 2 2 2 2 2 2 2 2
left_child=-1 7 3 4 -3 -5 -4 9 -8 11 -11 -2
right_child=1 2 6 5 -6 -7 8 -9 -10 10 -12 -13
leaf_value=0.00044798117250964239 0.0013787625702953979 0.0012209374336257996 -0.01324260981991624 -0.0031991790221748613 0.0030355603000122998 -0.0073348956875342874 0.0011847909760009229 -0.0041367545990646489 -0.015666436530955705 -0.0029342169689641293 -0.015219588466611596 -0.00011354764653125197
leaf_weight=104.28068375587463 987.90205952525139 1036.393235296011 46.922911524772644 122.41608917713165 252.62213334441185 331.88663959503174 219.0077611207962 70.232507109642029 253.58929848670959 247.45791441202164 58.79888191819191 15608.318274021149
leaf_count=29 1436 432 15 29 91 358 489 24 717 523 40 27758
internal_value=0.000425572 0.000313665 0.00346796 0.00569717 0.00819378 -0.00136188 -0.00398334 -0.000106365 -0.00160616 -0.000180849 -0.00672142 -5.88471e-05
internal_weight=19339.8 19235.5 2262.84 1743.32 1289.02 454.303 519.52 16972.7 472.597 16902.5 306.257 16596.2
internal_count=31941 31912 2131 910 523 387 1221 29781 1206 29757 563 29194
is_linear=0
shrinkage=0.095152


Tree=392
num_leaves=10
num_cat=0
split_feature=0 7 4 5 0 0 2 2 4
split_gain=4.79859 3.49094 4.07752 3.13956 3.07704 2.40731 1.59267 3.55698 3.11918
threshold=-1.3671690527414386 9.0206293331549983 1007.1990777435881 -0.39912012088131527 -0.37575269901293701 -1.2052084992856529 -0.98323381421560352 -0.97106408147883394 1009.9014182862981
decision_type=2 2 2 2 2 2 2 2 2
left_child=-1 5 -3 4 -4 -2 8 -8 -7
right_child=1 2 3 -5 -6 6 7 -9 -10
leaf_value=0.00040535488426115743 -0.00085092688541126308 -0.0046868645677852578 0.013166724411957735 -0.0034146292307381445 0.0016117898332838798 -0.00058920285872731152 0.0086033258954220423 7.3487726478871726e-05 -0.0093634144578747056
leaf_weight=104.28068375587463 64.27709573507309 166.29116007685661 133.93605303764343 163.35814887285233 127.95196723937988 1388.5794125497341 311.49638995528221 16648.416843175888 231.24063488841057
leaf_count=29 16 89 163 76 37 1840 544 28861 286
internal_value=0.000452057 0.000340294 0.00752855 0.0124662 0.0189031 0.000111012 0.000175936 0.000448909 -0.00267229
internal_weight=19339.8 19235.5 591.537 425.246 261.888 18644 18579.7 16959.9 1619.82
internal_count=31941 31912 365 276 200 31547 31531 29405 2126
is_linear=0
shrinkage=0.095152


Tree=393
num_leaves=14
num_cat=0
split_feature=6 1 2 3 3 3 3 4 1 3 5 3 6
split_gain=2.7976 1.99432 8.63765 7.49444 6.04281 3.61654 4.2387 1.99876 1.60734 2.31316 1.66908 1.70025 1.43077
threshold=-1.8966261760455443 0.9746956184065646 -0.14977394972052216 1.200381163038462 2.4611415547610744 3.043105689697243 2.0220280404559703 1010.404070438391 0.95992380042979863 4.1850000000000014 -1.0013879852237297 3.043105689697243 -0.25990157396951935
decision_type=2 2 2 2 2 2 2 2 2 2 2 2 2
left_child=-1 8 5 7 -5 6 -3 -4 10 12 -2 -12 -10
right_child=1 2 3 4 -6 -7 -8 -9 9 -11 11 -13 -14
leaf_value=0.0017454725883700652 0.00029462343933452486 0.0034666075311377813 -0.014217863535425661 0.002175756192808664 -0.00082125128490091661 0.014107557517637551 -0.0046813553768719129 -0.00036771058477744163 -0.01946680172280868 0.0052633357964920182 0.00020023993115539482 -0.0006662447730040595 -0.0032336708166684292
leaf_weight=73.552255928516388 342.80629259347916 434.44451794028282 190.79477512836456 499.92221269011497 573.0282409787178 269.74958610534668 203.58620753884315 102.59978619217873 148.59631013870239 63.723013371229172 10783.960293054581 5560.9072318971157 92.157665729522705
leaf_count=22 96 235 250 484 751 161 75 178 119 119 18874 10253 324
internal_value=0.000379972 0.000307923 0.00295339 -0.00181907 0.00185983 0.0101427 0.00618513 -0.015263 -4.55869e-05 -0.00688185 7.89284e-05 -5.83734e-05 -0.0111625
internal_weight=19339.8 19266.3 2274.13 1366.35 1072.95 907.78 638.031 293.395 16992.2 304.477 16687.7 16344.9 240.754
internal_count=31941 31919 2134 1663 1235 471 310 428 29785 562 29223 29127 443
is_linear=0
shrinkage=0.095152


Tree=394
num_leaves=12
num_cat=0
split_feature=0 1 6 4 3 5 3 6 0 6 3
split_gain=2.73979 2.68016 4.81313 6.89291 3.57876 3.01671 5.1782 5.04336 2.37842 1.59074 1.19879
threshold=-1.3671690527414386 0.97082545526172537 -0.40140989675495525 1000.2050770016402 2.9223312328288538 0.042800234733658148 2.0220280404559703 -1.1422396485079014 1.0645003376832403 -1.8966261760455443 3.043105689697243
decision_type=2 2 2 2 2 2 2 2 2 2 2
left_child=-1 8 5 -4 -5 6 -3 -7 9 -2 -11
right_child=1 2 3 4 -6 7 -8 -9 -10 10 -12
leaf_value=0.00053168093318267131 -0.00044830491917657465 0.002434981033825757 -0.082865006895782953 -0.0030797599739971651 0.0081684056041243774 -0.00093672369602922534 0.0002937097592361025 -0.00697381297491437 -0.0038138370584226422 0.00011069767782632362 -0.00048610686452051874
leaf_weight=104.28068375587463 60.497117102146149 559.01084861159325 45.250414341688156 354.12378698587418 151.9077340066433 119.70335853099823 799.77855637669563 355.25258532166481 70.232507109642029 11016.663153588772 5703.1276435554028
leaf_count=29 17 174 35 876 411 28 383 383 24 19117 10464
internal_value=0.00050618 0.000421546 0.00340602 -0.00436905 -0.00111521 0.00575189 0.0080325 -0.00075016 -3.60036e-07 -7.49427e-05 -0.000132032
internal_weight=19339.8 19235.5 2385.03 551.282 506.032 1833.75 1358.79 474.956 16850.5 16780.3 16719.8
internal_count=31941 31912 2290 1322 1287 968 557 411 29622 29598 29581
is_linear=0
shrinkage=0.095152


Tree=395
num_leaves=9
num_cat=0
split_feature=5 7 1 2 7 5 2 2
split_gain=2.6972 2.09125 2.75768 4.87303 1.37343 2.2367 1.87878 3.34634
threshold=-1.3747962699251615 8.8950000000000014 0.98801351631316348 -0.20089055513063514 8.5800000000000018 -0.44250775135662429 -1.3489882688436168 -1.0601077511134196
decision_type=2 2 2 2 2 2 2 2
left_child=-1 4 3 -3 6 -6 -2 -8
right_child=1 2 -4 -5 5 -7 7 -9
leaf_value=0.00016305699342715038 -0.0033950308406935528 0.00087624879604160789 0.0046605777797066195 -0.023152780553442567 -0.0033377655621343099 -0.00081885584977383133 0.0010517273623002936 1.5448792209272532e-05
leaf_weight=163.21836280822754 302.62150704860687 264.77254572510719 312.25967738032341 154.57809805870056 205.80589464306831 164.54864600300789 278.9428436756134 17429.829189002514
leaf_count=46 83 150 168 146 200 74 85 30971
internal_value=0.000265904 0.00016078 0.00514504 6.6952e-05 -3.72681e-05 -0.00576286 8.01788e-05 0.000208181
internal_weight=19276.6 19113.4 731.61 419.351 18381.7 370.355 18011.4 17708.8
internal_count=31923 31877 464 296 31413 274 31139 31056
is_linear=0
shrinkage=0.095152


Tree=396
num_leaves=6
num_cat=0
split_feature=0 5 6 6 6
split_gain=4.38154 3.0794 2.37397 4.07098 4.92832
threshold=-1.1225163061476626 -1.3747962699251615 -1.8966261760455443 -1.6615587815138919 -1.3781372461623391
decision_type=2 2 2 2 2
left_child=-1 -2 -3 -4 -5
right_child=1 2 3 4 -6
leaf_value=0.0004301150164043043 0.0071546118542988079 -0.0046895571859628732 -0.0072550709896443055 0.0012291627152632054 -4.3746678117321177e-05
leaf_weight=232.61962157487869 127.44189500808716 83.094076335430145 113.52139103412628 380.02422481775284 18339.875555574894
leaf_count=64 37 23 28 98 31673
internal_value=0.000231052 7.13716e-05 -2.77889e-05 -9.9829e-05 9.07307e-06
internal_weight=19276.6 19044 18916.5 18833.4 18719.9
internal_count=31923 31859 31822 31799 31771
is_linear=0
shrinkage=0.095152


Tree=397
num_leaves=9
num_cat=0
split_feature=0 5 9 9 0 4 5 0
split_gain=4.3957 1.50517 1.3554 2.31692 2.36155 2.2315 1.49616 0.840042
threshold=-1.1225163061476626 -1.3747962699251615 -5.0183634104341506 -3.6326923314678683 -0.70710678118654757 1008.5983134371387 -0.4833538702244064 0.042627223628304532
decision_type=2 2 2 2 2 2 2 2
left_child=-1 -2 5 4 -4 -3 -5 -7
right_child=1 2 3 6 -6 7 -8 -9
leaf_value=0.00038918872799180969 0.0064738364871084518 0.0015062194288527557 -0.021529601173287179 -0.00043840644967487857 0.0039882644791938765 -0.012043146424199944 0.00021653575674821391 -0.011445167306136518
leaf_weight=232.61962157487869 127.44189500808716 109.62760385870934 97.436741471290588 6677.2452616989613 377.75293108820915 81.720869809389114 11493.896525412798 78.83531442284584
leaf_count=64 37 136 267 11180 466 147 19546 80
internal_value=0.000210249 5.03143e-05 -1.88097e-05 7.77013e-05 0.00662748 -0.00669355 -9.33594e-05 -0.0138115
internal_weight=19276.6 19044 18916.5 18646.3 475.19 270.184 18171.1 160.556
internal_count=31923 31859 31822 31459 733 363 30726 227
is_linear=0
shrinkage=0.095152


Tree=398
num_leaves=6
num_cat=0
split_feature=0 6 6 6 0
split_gain=2.89514 2.60614 1.10679 1.35632 1.27774
threshold=-1.1225163061476626 -1.8966261760455443 -1.3781372461623391 -1.317565891610319 -1.0030109275060868
decision_type=2 2 2 2 2
left_child=-1 -2 -3 -4 -5
right_child=1 2 3 4 -6
leaf_value=0.00035215665628732565 -0.0025762378258449643 0.00076427613266472614 -0.0022958151509757654 -0.0059502603034935261 2.1311387787702736e-06
leaf_weight=232.61962157487869 84.970698058605194 514.52046316862106 142.24392187595367 65.641504049301147 18236.580555617809
leaf_count=64 24 131 31 23 31650
internal_value=0.000212636 8.2707e-05 6.92754e-06 -0.000113971 -4.09972e-05
internal_weight=19276.6 19044 18959 18444.5 18302.2
internal_count=31923 31859 31835 31704 31673
is_linear=0
shrinkage=0.095152


Tree=399
num_leaves=10
num_cat=0
split_feature=0 7 8 1 1 7 8 7 7
split_gain=3.35663 0.945186 5.48014 2.64134 5.31439 2.10066 1.58284 1.54197 1.25692
threshold=-1.0666459108822997 8.8950000000000014 9.1650000000000009 0.99551215362393841 0.9728703809215552 8.5800000000000018 8.7350000000000012 8.490000000000002 7.6300000000000017
decision_type=2 2 2 2 2 2 2 2 2
left_child=-1 5 -3 4 -4 7 -7 8 -2
right_child=1 2 3 -5 -6 6 -8 -9 -10
leaf_value=0.00036864515623401771 0.00010043226590921651 0.0087254906563174871 0.00045089572830330426 0.0043889992308700403 -0.028278152932001678 -0.0043278178071101455 -0.0004086163898317514 0.00196704381031755 -0.00071163608643365535
leaf_weight=268.51949805021286 16267.960476577282 234.92171460390091 184.54612386226654 143.22053828835487 147.55190578103065 163.32290303707123 193.69176810979843 154.06646418571472 1518.7753718495369
leaf_count=76 29734 127 164 88 81 107 162 93 1291
internal_value=0.000248733 9.84435e-05 0.00350094 -0.00235683 -0.00702899 -3.31786e-05 -0.00724708 0.0001102 2.70232e-05
internal_weight=19276.6 19008.1 710.24 475.319 332.098 18297.8 357.015 17940.8 17786.7
internal_count=31923 31847 460 333 245 31387 269 31118 31025
is_linear=0
shrinkage=0.095152


Tree=400
num_leaves=9
num_cat=0
split_feature=0 6 8 0 6 0 4 8
split_gain=4.35898 3.36904 2.63079 3.97792 3.04867 2.53709 2.12698 1.76423
threshold=-1.0666459108822997 -1.8966261760455443 8.5131629272476044 0.90998310603959054 0.48809721101169207 0.99835284629221144 997.93033254946954 6.8800000000000017
decision_type=2 2 2 2 2 2 2 2
left_child=-1 -2 6 4 -4 -5 -3 -8
right_child=1 2 3 5 -6 -7 7 -9
leaf_value=0.00042809387702412552 0.0027592397299648235 0.0039093161808197857 0.0015016455849200762 -0.0074305810283585468 -0.0014358681505973899 -0.00016716971741611311 0.00013072972001229152 -0.00069958143562923473
leaf_weight=264.6948282122612 91.299922406673431 60.205803126096725 1975.9712754786015 101.59371769428253 304.61941999197006 90.112223118543625 10592.603365778923 5878.1419985592365
leaf_count=73 25 28 1326 206 900 115 22086 7134
internal_value=0.000425339 0.00025611 0.000167172 0.00306167 0.0041737 -0.0100379 -0.000265161 -0.000331874
internal_weight=19359.2 19094.5 19003.2 2472.3 2280.59 191.706 16531 16470.7
internal_count=31893 31820 31795 2547 2226 321 29248 29220
is_linear=0
shrinkage=0.095152


Tree=401
num_leaves=10
num_cat=0
split_feature=0 6 9 1 9 1 1 1 3
split_gain=3.90629 3.35118 1.25263 3.10544 3.06111 1.42913 4.82319 3.24859 1.29028
threshold=-1.0501315690591613 -1.8966261760455443 3.3579843376407568 0.11335148845115788 4.7840193821654884 -0.1965809726104307 -0.23813659943831042 0.47146475767959806 0.82202257000468093
decision_type=2 2 2 2 2 2 2 2 2
left_child=-1 -2 5 8 -5 6 -3 -7 -4
right_child=1 2 3 4 -6 7 -8 -9 -10
leaf_value=0.00038675434917398384 0.0024966926514391656 0.00018699279116886342 0.0088419896881875674 0.0074251230302994136 -0.0024879118412995602 -0.0011583112482913419 0.0095598192728476254 0.00016744652492894124 -0.0068457875267618979
leaf_weight=289.36772090196609 91.299922406673431 5560.5788477957249 46.86048150062561 662.33442214131355 282.85863471031189 4257.435527831316 265.6034095287323 7644.5032134354115 258.4003741145134
leaf_count=79 25 13147 76 701 427 7006 450 9221 761
internal_value=0.000471411 0.000303823 0.000214998 0.00312403 0.00582353 8.86774e-06 0.00123048 -0.000588129 -0.00518178
internal_weight=19359.2 19069.9 18978.6 1250.45 945.193 17728.1 5826.18 11901.9 305.261
internal_count=31893 31814 31789 1965 1128 29824 13597 16227 837
is_linear=0
shrinkage=0.095152


Tree=402
num_leaves=10
num_cat=0
split_feature=6 7 4 9 5 2 2 2 2
split_gain=3.54608 2.62911 1.66313 1.7123 4.38642 2.33147 1.28451 4.0839 2.12136
threshold=-1.7017880364955529 10.181851640964988 1012.9500000000002 -3.2657034487248384 -0.39912012088131527 -0.98039918412989879 0.99323082689001585 0.88961433068491413 0.99696424012059681
decision_type=2 2 2 2 2 2 2 2 2
left_child=-1 2 3 4 -2 -5 7 -4 -8
right_child=1 -3 6 5 -6 -7 8 -9 -10
leaf_value=0.002684141543860629 -0.0014362246969691743 0.0012524977440668769 -0.0044427225086025581 -0.00086882341049189884 0.0041927285854561321 0.00014946367800683041 -0.023282466296434472 0.012878838921619786 -0.0010430418030690127
leaf_weight=207.82480412721634 489.54730689525604 167.9657182097435 305.01810172200203 1631.3319987952709 425.05887186527252 15795.598863720894 87.569568991661072 116.48009353876114 132.84722650051117
leaf_count=51 885 87 617 2204 482 27005 81 261 220
internal_value=0.000376454 0.000241176 0.000135201 0.000302616 0.00431294 9.10953e-05 -0.00461914 -0.00149439 -0.0104915
internal_weight=19359.2 19151.4 18983.5 18341.5 914.606 17426.9 641.915 421.498 220.417
internal_count=31893 31842 31755 30576 1367 29209 1179 878 301
is_linear=0
shrinkage=0.095152


Tree=403
num_leaves=22
num_cat=0
split_feature=4 8 3 8 8 3 4 9 8 3 2 9 1 2 8 3 4 2 3 2 9
split_gain=1.87047 2.62797 4.21676 3.18846 3.20031 1.80212 1.74769 1.68196 1.62821 3.37493 3.78661 6.25549 3.03079 2.26974 7.29957 4.45212 3.40666 3.31767 10.1233 4.1435 0.937669
threshold=1012.9500000000002 7.3343462124564995 2.5202313339999893 6.950000000000002 6.2350000000000003 2.8497509145189208 1014.7500000000001 -3.0577111180029557 8.5131629272476044 0.49500000000000005 -0.94871308574564128 0.62844491638682431 0.91417015418394287 -0.95490694123573128 8.0800000000000018 3.6917065821998016 1008.5983134371387 -0.92332360912427902 1.8226034068756778 -0.91793779351238458 -0.95054343639636218
decision_type=2 2 2 2 2 2 2 2 2 2 2 2 2 2 2 2 2 2 2 2 2
left_child=8 2 3 4 -2 7 20 -3 13 -10 11 -11 -12 14 15 -1 -16 18 -15 -19 -4
right_child=1 5 6 -5 -6 -7 -8 -9 9 10 12 -13 -14 17 16 -17 -18 19 -20 -21 -22
leaf_value=-0.001313878531256386 -0.021393268348566547 -0.0076404961534144444 -0.017887368142409276 -0.015054111002200103 0.001258024158410416 -0.010609176948510948 0.0091556944833163668 0.018729711194199944 0.0021988558636628036 -0.00072223038151055625 -0.001329404989539515 0.026589327532983525 0.00062753222862525185 -0.0099948053946431938 -0.021893732283439427 0.0086949582050105424 -0.0090465639781205018 -0.030474204639583714 0.018815885175490699 0.00014007663531627872 0.0074843558925433429
leaf_weight=1465.9106216132641 132.07729628682137 52.80839878320694 43.048969566822052 88.277828395366669 58.008919835090637 76.071034044027328 39.690107941627502 79.423535346984863 171.09233504533768 151.80440291762352 1026.750352203846 186.84924218058586 947.75113293528557 185.04583975672722 154.32295945286751 346.46970149874687 158.07177782058716 87.494863063097 390.41919860243797 13445.345136523247 72.508900552988052
leaf_count=2520 248 34 96 82 107 145 63 174 137 156 1228 143 832 266 118 288 208 161 541 24116 230
internal_value=0.00034995 -0.0046931 -0.00891301 -0.0159028 -0.00875775 0.00403127 0.00356748 0.0107437 0.00052391 0.00279214 0.00182744 0.0111029 0.000223615 0.0001758 -0.00272135 -0.000394113 -0.0161225 0.000613246 0.00768147 0.000311001 -0.00229873
internal_weight=19359.2 641.915 433.612 278.364 190.086 208.303 155.248 132.232 18717.3 2484.25 2313.16 338.654 1974.5 16233.1 2124.78 1812.38 312.395 14108.3 575.465 13532.8 115.558
internal_count=31893 1179 826 437 355 353 389 208 30714 2496 2359 299 2060 28218 3134 2808 326 25084 807 24277 326
is_linear=0
shrinkage=0.095152


Tree=404
num_leaves=11
num_cat=0
split_feature=6 1 2 8 1 2 8 6 6 2
split_gain=3.19463 3.49647 2.09291 1.68049 3.3908 3.39925 3.17692 2.32098 7.66095 4.12393
threshold=-1.2229375476400657 1.492640851033227 -0.766658819300159 8.5131629272476044 -0.74409704927257525 -0.11343308229823963 8.5700000000000038 -0.70674862550735462 -0.65504906176002442 -0.29321007925461362
decision_type=2 2 2 2 2 2 2 2 2 2
left_child=2 3 -1 7 5 -5 -6 9 -9 -2
right_child=1 -3 -4 4 6 -7 -8 8 -10 -11
leaf_value=0.00093339023368650459 -0.0016482091009078883 -0.00066988829283657725 7.0262091944270352e-05 -0.03316151951984906 0.01140373510123582 0.00017400071476976866 0.00056739213499437853 -0.0014872623495755645 0.00029016941027576091 0.00072733072736653754
leaf_weight=323.88543158769608 4561.7707038223743 173.76963138580322 712.62780195474625 107.64983484148979 163.90578708052635 97.031875401735306 1939.0568295419216 97.92074728012085 8286.1874977946281 2895.4364136755466
leaf_count=81 3532 46 178 224 174 149 1962 25 20398 5124
internal_value=0.000432758 0.000141133 0.00556871 0.000270913 0.00266923 -0.00896548 0.00381272 -7.78489e-05 0.00100744 -0.0012997
internal_weight=19359.2 18322.7 1036.51 18149 2307.64 204.682 2102.96 15841.3 8384.11 7457.21
internal_count=31893 31634 259 31588 2509 373 2136 29079 20423 8656
is_linear=0
shrinkage=0.095152


Tree=405
num_leaves=17
num_cat=0
split_feature=6 5 4 0 9 0 7 6 6 7 9 9 0 4 5 7
split_gain=3.66447 8.16743 4.97349 8.94689 6.21037 4.95223 3.06963 2.84889 8.1262 7.11755 3.86382 3.76901 3.23271 2.63554 2.2701 1.61755
threshold=-0.97609506267564228 0.27565180707182441 1008.6986376280321 0.21924880131945237 1.6332518076851772 0.22453949742488466 6.6012400807921514 -0.95934299452900185 -0.87107047384582625 5.8150000000000004 2.1946374772887176 1.6851322950960912 0.40724321670051672 1009.6987929069311 -1.0818711854003358 4.4400000000000004
decision_type=2 2 2 2 2 2 2 2 2 2 2 2 2 2 2 2
left_child=1 2 3 -1 -5 -4 -7 9 -9 10 11 -2 13 -11 -10 -16
right_child=7 -3 5 4 -6 6 -8 8 14 12 -12 -13 -14 -15 15 -17
leaf_value=0.0013050429445443888 0.00042826243066584039 0.0083434866864384883 -0.0027484417935152061 -0.00040859282909908257 -0.010883000909695318 0.0015615645724059136 0.0016043575603032242 0.0083118219162397634 0.00031509536643707051 -0.0031210785348705604 0.0090770739667407879 -0.0060374009180824591 -0.012267412138797368 -0.0004786155034144167 -0.00092858095953710985 0.00026377422780080457
leaf_weight=621.35616379976273 1010.7493113279343 398.57713377475739 256.56577944755554 597.66449898481369 297.3288286626339 703.6584290266037 260.82474040985107 281.03789281845093 264.34357476234436 686.12885829806328 138.14503511786461 61.418113827705383 203.84518465399742 219.71144306659698 6187.8691399395466 7229.7010244131088
leaf_count=161 1751 102 67 687 134 481 100 72 73 326 69 79 177 194 16368 11126
internal_value=0.000478677 0.0034565 0.00159482 -0.00203794 -0.00812934 0.00611383 0.00924177 -9.42851e-05 0.00041803 -0.0031816 0.00185594 -7.02775e-05 -0.008683 -0.00620803 8.73208e-05 -8.41944e-05
internal_weight=19418.9 3135.98 2737.4 1516.35 894.993 1221.05 964.483 16282.9 13963 2320 1210.31 1072.17 1109.69 905.84 13681.9 13417.6
internal_count=31967 1732 1630 982 821 648 581 30235 27639 2596 1899 1830 697 520 27567 27494
is_linear=0
shrinkage=0.095152


Tree=406
num_leaves=6
num_cat=0
split_feature=5 5 5 0 5
split_gain=2.3395 2.67126 2.71972 1.45317 1.74835
threshold=-1.1403983238194317 -1.0591495107497402 -1.0013879852237297 -1.0342182019546236 -0.70453509935217817
decision_type=2 2 2 2 2
left_child=-1 -2 -3 -4 -5
right_child=1 2 3 4 -6
leaf_value=0.00031704774905444666 -0.0085657491732253534 0.0003592598587794679 3.1583829209912318e-06 -0.00069268444235644916 0.00029942352268727356
leaf_weight=339.3626161813736 95.702275216579437 85.806765913963318 194.81316667795181 4596.2279431521893 14107.012385189533
leaf_count=90 27 19 57 9120 22654
internal_value=0.000414467 0.000274195 0.000355326 0.000277277 0.000191118
internal_weight=19418.9 19079.6 18983.9 18898.1 18703.2
internal_count=31967 31877 31850 31831 31774
is_linear=0
shrinkage=0.095152


Tree=407
num_leaves=10
num_cat=0
split_feature=0 6 5 1 1 0 2 5 0
split_gain=2.54844 2.43793 7.99029 4.35875 3.98052 4.94605 1.6535 5.99067 3.73693
threshold=-1.0501315690591613 -0.97609506267564228 0.53406750902659861 1.7133812078096222 0.97873101657557349 -0.22203505721616176 0.57402163285499952 -0.44250775135662429 -0.70913320677698455
decision_type=2 2 2 2 2 2 2 2 2
left_child=-1 2 4 6 5 -2 8 -8 -3
right_child=1 3 -4 -5 -6 -7 7 -9 -10
leaf_value=2.5903120298099226e-05 0.0042212856117901697 0.0067335438530660777 0.025548670039694736 -0.0066800823849871077 0.001197662528538206 -0.00036666253531035482 -0.0043911960529998198 0.00073911883339448003 -9.4420662623424548e-05
leaf_weight=280.70943135023117 420.94501674175262 1597.7243642508984 190.20106571912766 59.672718405723572 514.36138942837715 1933.8776457309723 1454.6674562394619 2752.5338490903378 10214.232215374708
leaf_count=79 115 4437 52 18 161 1387 3690 5739 16289
internal_value=0.000423373 0.000290338 0.00275196 -0.000177444 0.00149028 -0.000162489 -7.99485e-05 -0.00170014 0.000496182
internal_weight=19418.9 19138.2 3059.39 16078.8 2869.18 2354.82 16019.2 4207.2 11812
internal_count=31967 31888 1715 30173 1663 1502 30155 9429 20726
is_linear=0
shrinkage=0.095152


Tree=408
num_leaves=8
num_cat=0
split_feature=1 4 4 7 5 5 3
split_gain=3.48688 1.81351 2.28259 3.75867 1.83777 1.50861 1.18626
threshold=1.7133812078096222 999.0052012538689 999.70315019477414 5.1600000000000028 -1.2022392313367674 -1.0591495107497402 2.9223312328288538
decision_type=2 2 2 2 2 2 2
left_child=1 6 3 -3 -4 -6 -1
right_child=-2 2 4 -5 5 -7 -8
leaf_value=0.0014163639336292888 0.00060410508399796219 0.0047651290684357327 0.00025337948520826563 -0.0081209378121769801 -0.007926145316124053 0.00014311434896228288 0.00043298619337198526
leaf_weight=186.04146614670753 109.6310738325119 138.94403699040413 254.01066076755524 181.38465502858162 120.26769775152206 18226.972293764353 201.67326804995537
leaf_count=120 27 184 69 96 32 31348 91
internal_value=0.000599405 0.000502029 0.000369065 -0.0075754 0.000507101 0.000394767 0.00693443
internal_weight=19418.9 19309.3 18921.6 320.329 18601.3 18347.2 387.715
internal_count=31967 31940 31729 280 31449 31380 211
is_linear=0
shrinkage=0.095152


Tree=409
num_leaves=6
num_cat=0
split_feature=1 4 6 6 6
split_gain=3.52043 1.61861 1.46912 1.52512 1.75473
threshold=1.7133812078096222 997.93033254946954 -1.7017880364955529 -1.4480452161641189 -1.3781372461623391
decision_type=2 2 2 2 2
left_child=1 -1 -3 -4 -5
right_child=-2 2 3 4 -6
leaf_value=0.0017288043363696104 0.00054662329899582819 0.00060127532332774291 -0.0016694477494562194 0.0010092370564724819 0.00011578843550067037
leaf_weight=67.494904398918152 109.6310738325119 201.16238737106323 301.96548098325729 125.58808553218842 18613.083220213652
leaf_count=33 27 49 82 32 31744
internal_value=0.000519275 0.000421443 0.000368629 0.000282174 0.000391129
internal_weight=19418.9 19309.3 19241.8 19040.6 18738.7
internal_count=31967 31940 31907 31858 31776
is_linear=0
shrinkage=0.095152


Tree=410
num_leaves=17
num_cat=0
split_feature=0 8 0 0 0 0 9 2 8 3 3 5 8 2 8 2
split_gain=3.49428 1.20506 3.46833 3.9073 7.80228 2.91749 2.66818 1.74533 1.54626 5.68947 4.33066 3.49129 1.67314 6.06739 2.1745 0.929475
threshold=-1.0501315690591613 8.0900527530617072 0.90998310603959054 0.5007771375464094 0.68672248351772913 0.4990415606769007 0.051785659677788594 0.33576003587488074 7.9007902177818208 1.9402032833865279 1.1601980206260845 -0.5 7.7830212433267496 -0.89748801367106934 7.7308830526743577 -0.16677875182150789
decision_type=2 2 2 2 2 2 2 2 2 2 2 2 2 2 2 2
left_child=-1 8 3 5 -5 -3 7 -4 12 10 -10 -11 14 -14 -2 -8
right_child=1 2 6 4 -6 -7 15 -9 9 11 -12 -13 13 -15 -16 -17
leaf_value=0.00014291515442344029 1.0320039841093777e-05 0.00057231631278882036 0.010973384533302356 0.0026203727907048837 0.00090025150508417676 -0.012658960969649602 -0.0027258750287880154 -0.0021473632791700328 -0.001070848914026255 -0.00032198961808721694 0.0021397713181007536 -0.014906795016555487 0.0203035028243863 -0.002189661344687616 -0.0066637685443193826 -0.0093181327486537065
leaf_weight=288.46832811832428 13867.996295928955 2977.590689599514 75.887110829353333 84.564021944999695 376.07131057977676 189.63654941320419 65.067377477884293 97.238501667976379 198.30834519863129 101.77061662077904 202.9872542321682 198.0082613825798 177.04892539978027 286.04847145080566 154.11143803596497 64.488096117973328
leaf_count=81 26157 2639 192 17 633 297 154 87 200 125 282 176 154 444 244 87
internal_value=0.000408647 0.000250738 0.00173562 0.00255556 0.0107346 0.00135792 -0.0080177 -0.000190494 -0.000132863 -0.00449307 0.0028898 -0.014387 7.76876e-05 0.00569695 -0.000107518 -0.0182699
internal_weight=19405.3 19116.8 3930.54 3627.86 460.635 3167.23 302.681 173.126 15186.3 701.074 401.296 299.779 14485.2 463.097 14022.1 129.555
internal_count=31969 31888 4106 3586 650 2936 520 279 27782 783 482 301 26999 598 26401 241
is_linear=0
shrinkage=0.095152


Tree=411
num_leaves=8
num_cat=0
split_feature=1 0 7 3 3 6 6
split_gain=4.09271 3.89924 2.4439 4.7424 4.60341 2.03319 5.49354
threshold=1.7133812078096222 -1.0501315690591613 8.8950000000000014 3.4103956478355557 1.181499766251304 -1.7017880364955529 -1.5795604215207197
decision_type=2 2 2 2 2 2 2
left_child=1 -1 5 4 -4 -3 -7
right_child=-2 2 3 -5 -6 6 -8
leaf_value=0.00016283573579480086 0.000497869642396455 0.00027607809258884324 0.012972790782389205 0.0094203817849261937 -0.0019171329786911297 -0.010883879356951365 -6.5402321051351513e-06
leaf_weight=275.0845113992691 111.76926577091217 158.27899664640427 141.61658188700676 193.03913646936417 376.77414014935493 118.40940582752228 18030.319555848837
leaf_count=78 28 42 97 107 256 30 31331
internal_value=0.000425704 0.000319203 0.000155433 0.00562184 0.000841014 -5.66999e-05 -0.000151422
internal_weight=19405.3 19293.5 19018.4 711.43 518.391 18307 18148.7
internal_count=31969 31941 31863 460 353 31403 31361
is_linear=0
shrinkage=0.095152


Tree=412
num_leaves=9
num_cat=0
split_feature=0 4 5 6 6 2 2 2
split_gain=3.48565 1.98829 1.51508 2.72907 4.24269 2.29493 6.31352 3.16931
threshold=-1.0501315690591613 998.90126638904599 -0.68997398374011842 -1.3781372461623391 -0.97609506267564228 -0.65844369711058437 -0.68524102182766089 -0.53462719153602467
decision_type=2 2 2 2 2 2 2 2
left_child=-1 -2 3 -3 -5 6 -4 -7
right_child=1 2 5 4 -6 7 -8 -9
leaf_value=0.00011382235682763415 0.0031752379372253755 -0.041654473400913813 -0.00020514422682918566 0.0051115170464022201 -0.00084286620292296766 0.0033938216820303441 -0.016575351405916237 0.0003436854157396745
leaf_weight=288.46832811832428 283.73666188120842 111.44962030649185 4187.3184568583965 173.58102339506149 4510.7065640091896 852.40209612250328 149.17816177010536 8848.4506815373898
leaf_count=81 159 29 5966 46 9084 1028 231 15345
internal_value=0.000421394 0.000263677 0.000143589 -0.00131543 -0.000960066 0.000643037 -0.00117477 0.001457
internal_weight=19405.3 19116.8 18833.1 4795.74 4684.29 14037.3 4336.5 9700.85
internal_count=31969 31888 31729 9159 9130 22570 6197 16373
is_linear=0
shrinkage=0.095152


Tree=413
num_leaves=8
num_cat=0
split_feature=0 6 9 0 4 9 0
split_gain=3.46879 2.3031 6.33431 2.10494 1.0243 4.96014 2.32129
threshold=-1.0501315690591613 -1.1270515495135662 1.2976894247916599 1.0397779820998518 1005.6185357543169 -1.8328012157890272 -0.43145253614054163
decision_type=2 2 2 2 2 2 2
left_child=-1 2 -2 4 5 -3 -6
right_child=1 3 -4 -5 6 -7 -8
leaf_value=0.00010299193606634894 0.0025396905314999936 -0.0069203639936137821 -0.0022292376103247237 -0.0046593020560669399 -0.00096862318685246422 -2.0167433486118527e-05 0.00064331679263673902
leaf_weight=288.46832811832428 683.12394034862518 876.87310528755188 599.61693203449249 77.324958205223083 3276.9898878633976 5612.336686193943 7990.557755947113
leaf_count=81 180 1844 143 25 6300 12431 10965
internal_value=0.000446364 0.000289023 0.00418109 8.07034e-06 7.75864e-05 -0.000873775 0.000626665
internal_weight=19405.3 19116.8 1282.74 17834.1 17756.8 6489.21 11267.5
internal_count=31969 31888 323 31565 31540 14275 17265
is_linear=0
shrinkage=0.095152


Tree=414
num_leaves=8
num_cat=0
split_feature=4 3 7 8 3 8 2
split_gain=2.35748 1.56918 1.48196 1.77729 2.93679 2.48216 0.661418
threshold=997.93033254946954 7.3450000000000006 10.181851640964988 9.2712207556456381 1.0401255759566828 8.980000000000004 0.88961433068491413
decision_type=2 2 2 2 2 2 2
left_child=-1 2 3 5 -5 -2 -3
right_child=1 6 -4 4 -6 -7 -8
leaf_value=0.0050862961200335254 3.7861698394911586e-05 -0.00057574981263575271 0.0020813164922895405 -0.0021391450986498434 -0.00022215344901896082 0.00097057735400967382 0.0092581801047625697
leaf_weight=61.280750513076782 17788.647087574005 57.818703442811966 188.59469649195671 157.84425264596939 644.22931152582169 445.67731603980064 61.199475765228271
leaf_count=31 30344 123 94 202 553 468 154
internal_value=0.00043035 0.000369977 0.000301464 0.000217315 -0.00416116 0.000410904 0.0112032
internal_weight=19405.3 19344 19225 19036.4 802.074 18234.3 119.018
internal_count=31969 31938 31661 31567 755 30812 277
is_linear=0
shrinkage=0.095152


Tree=415
num_leaves=9
num_cat=0
split_feature=6 4 5 4 6 3 6 3
split_gain=4.02704 2.38796 2.17418 2.11451 2.39265 5.14461 5.13213 1.57347
threshold=-1.0416794126743547 1009.1002187809194 -1.0013879852237297 998.50312055503798 -0.95934299452900185 1.9605900534586174 -0.87107047384582625 2.3618503819346057
decision_type=2 2 2 2 2 2 2 2
left_child=1 7 -2 -4 5 -5 -6 -1
right_child=2 -3 3 4 6 -7 -8 -9
leaf_value=0.0014527049944621693 0.00012430234356367687 -0.00047720914848192015 -0.0036240843831214452 0.00038448316456372124 0.011797568373452482 -0.0021694386332277607 0.00022501850922859704 0.0012754146068918732
leaf_weight=470.82329112291336 370.01352214813232 504.35598367452621 159.40872377157211 1540.5392306745052 270.61992406845093 2376.5497815012932 13066.500837475061 573.29383623600006
leaf_count=119 99 127 93 925 69 2982 27374 152
internal_value=0.000579467 0.00523159 0.000173309 1.89368e-05 0.000120863 -0.00194541 0.000728816 0.007826
internal_weight=19332.1 1548.47 17783.6 17413.6 17254.2 3917.09 13337.1 1044.12
internal_count=31940 398 31542 31443 31350 3907 27443 271
is_linear=0
shrinkage=0.095152


Tree=416
num_leaves=8
num_cat=0
split_feature=6 5 5 7 7 5 9
split_gain=2.81889 2.89957 6.11186 2.53565 3.22333 1.92116 1.5919
threshold=-1.0416794126743547 -0.52927826833716118 0.067253734432461507 10.181851640964988 9.4600000000000009 -1.0013879852237297 3.2757669320522198
decision_type=2 2 2 2 2 2 2
left_child=1 -1 -3 4 5 -2 -7
right_child=3 2 -4 -5 -6 6 -8
leaf_value=0.002829894279334937 0.00013721199347137088 -0.0014977896550815834 0.0011650528446735919 0.0018962667737434083 -0.0034455173395066085 -3.2888801150469229e-05 0.0018243280724852748
leaf_weight=434.85299396514893 354.09681129455566 598.62136685848236 514.99875020980835 153.65727046132088 111.42354023456573 15925.775376141071 1238.6790215075016
leaf_count=111 95 159 128 77 87 29222 2061
internal_value=0.000602347 0.00449485 0.00190262 0.000262382 0.000155104 0.000259025 0.000114876
internal_weight=19332.1 1548.47 1113.62 17783.6 17630 17518.6 17164.5
internal_count=31940 398 287 31542 31465 31378 31283
is_linear=0
shrinkage=0.095152


Tree=417
num_leaves=11
num_cat=0
split_feature=0 8 0 8 2 8 8 9 8 4
split_gain=3.70324 2.4051 5.75315 2.65039 3.92897 2.17907 2.1511 1.88655 5.42199 1.72224
threshold=-1.1225163061476626 8.651972642137908 0.8834391492959206 8.7350000000000012 -0.89748801367106934 9.2100000000000009 8.6000000000000014 -4.1231971383390347 6.4700000000000015 997.93033254946954
decision_type=2 2 2 2 2 2 2 2 2 2
left_child=-1 6 3 -3 -5 -4 7 8 -2 -9
right_child=1 2 5 4 -6 -7 -8 9 -10 -11
leaf_value=0.00018393496906892631 -0.004383932207716104 0.017509655109847286 -0.00052124006984074491 0.0041379894735333513 0.00023155020225399544 -0.0013344835904914552 -0.0028010791744264539 0.0013628496598746302 0.0073515026676273174 -8.2892730350631879e-06
leaf_weight=219.04156523942947 319.75227972865105 155.40382042527199 66.141743898391724 268.3819405734539 1458.2388044595718 94.637210160493851 160.34349778294563 66.994904398918152 181.58451786637306 16341.584846138954
leaf_count=62 602 181 146 205 1412 113 189 31 133 28866
internal_value=0.000609884 0.000467746 0.0035523 0.00503573 0.00394701 -0.0136308 9.76178e-05 0.000202787 0.00594473 2.60995e-05
internal_weight=19332.1 19113.1 2042.8 1882.02 1726.62 160.779 17070.3 16909.9 501.337 16408.6
internal_count=31940 31878 2057 1798 1617 259 29821 29632 735 28897
is_linear=0
shrinkage=0.095152


Tree=418
num_leaves=6
num_cat=0
split_feature=0 1 7 7 4
split_gain=2.47669 2.94688 1.77275 2.07379 1.65973
threshold=-1.1225163061476626 1.7133812078096222 10.181851640964988 9.4600000000000009 997.93033254946954
decision_type=2 2 2 2 2
left_child=-1 2 3 4 -2
right_child=1 -3 -4 -5 -6
leaf_value=0.00016643319557585535 0.001233171838558468 0.00020808299803361509 0.0015854676318101872 -0.0013206722992106235 9.6470748549658676e-05
leaf_weight=219.04156523942947 66.994904398918152 100.45656299591064 188.00861111283302 148.80735695362091 18608.796129971743
leaf_count=62 31 24 87 94 31642
internal_value=0.000501987 0.00038562 0.000298461 0.000205606 0.000295798
internal_weight=19332.1 19113.1 19012.6 18824.6 18675.8
internal_count=31940 31878 31854 31767 31673
is_linear=0
shrinkage=0.095152


Tree=419
num_leaves=9
num_cat=0
split_feature=6 0 0 7 7 8 3 7
split_gain=2.97915 6.95344 5.82064 2.58577 1.40741 1.19952 3.75008 3.57279
threshold=-1.0416794126743547 0.39009699419380189 -0.22203505721616176 10.181851640964988 9.4600000000000009 8.651972642137908 3.550568536794501 8.5800000000000018
decision_type=2 2 2 2 2 2 2 2
left_child=1 2 -1 4 5 7 -7 -2
right_child=3 -3 -4 -5 -6 6 -8 -9
leaf_value=0.0015630656425843295 -8.8740906066591554e-06 0.0025611625717292369 -0.0018561454554726013 0.0015429404516672965 -0.0033857428602155465 0.00012376183999872857 0.017363850872020525 -0.0056673931909860366
leaf_weight=598.70239686965942 15806.309565126896 426.95117098093033 522.81954318284988 153.65727046132088 111.42354023456573 1384.1776709854603 180.80584666132927 147.25812616944313
leaf_count=157 29457 107 134 77 87 1722 122 77
internal_value=0.000493487 0.00449485 0.000543725 0.000144045 3.57354e-05 0.000104657 0.00261779 -0.000141273
internal_weight=19332.1 1548.47 1121.52 17783.6 17630 17518.6 1564.98 15953.6
internal_count=31940 398 291 31542 31465 31378 1844 29534
is_linear=0
shrinkage=0.095152


Tree=420
num_leaves=13
num_cat=0
split_feature=6 6 6 3 2 2 2 3 4 3 4 4
split_gain=2.65608 1.9671 6.19354 2.60315 2.48996 4.77829 4.46527 9.57838 3.85598 3.26987 1.99545 1.12808
threshold=-1.3018519803880284 -0.49182347202724191 -0.25990157396951935 6.3750000000000009 -0.29321007925461362 -0.31817316373086552 -0.20081413600174616 3.1734415601906236 1004.0184179727042 1.8803118432491188 1002.3149811396938 1007.7001227931106
decision_type=2 2 2 2 2 2 2 2 2 2 2 2
left_child=11 4 -3 10 5 9 7 -6 -8 -2 -4 -1
right_child=1 2 3 -5 6 -7 8 -9 -10 -11 -12 -13
leaf_value=-0.00024979948839675672 0.00084911894536895483 0.0035219374793724247 0.0057554270212581641 -0.0048617600300135469 0.00014150154875866669 -0.0088690670263618914 -0.0076124730587117176 0.029515463529410282 0.00040622716355258776 -0.0016853122140817697 0.00012035724504577967 0.0019238987448575444
leaf_weight=378.85049396753311 2391.8875763714314 416.27442312240601 965.97405537962914 64.167927861213684 287.05947694182396 177.13489213585854 682.35727629065514 146.25650745630264 3479.7582325637341 3810.9568871557713 6083.0323449075222 438.12358075380325
leaf_count=95 1508 113 2821 124 230 122 1659 140 5193 3302 16453 109
internal_value=0.000445101 0.000209775 0.0013946 0.000731363 -0.00060196 -0.00181889 0.00108481 0.010262 0.000123291 -0.00137467 0.000908391 0.00575062
internal_weight=19321.8 18504.9 7529.45 7113.17 10975.4 6379.98 4595.43 433.316 4162.12 6202.84 7049.01 816.974
internal_count=31869 31665 19511 19398 12154 4932 7222 370 6852 4810 19274 204
is_linear=0
shrinkage=0.095152


Tree=421
num_leaves=6
num_cat=0
split_feature=0 1 4 0 1
split_gain=2.72952 3.41973 1.76405 2.04135 1.65122
threshold=-1.1818386040164222 1.7133812078096222 997.93033254946954 -1.0501315690591613 1.2964235005488773
decision_type=2 2 2 2 2
left_child=-1 2 -2 -4 -5
right_child=1 -3 3 4 -6
leaf_value=-0.0017358631598593599 0.0023556602333155434 0.00011797390450131703 0.029056171852079354 0.00013591231003103255 -0.0017717985505743884
leaf_weight=181.79073280096054 66.150618582963943 104.38544905185699 88.447037100791931 18580.776395469904 300.28344190120697
leaf_count=46 29 26 26 31662 80
internal_value=0.000507166 0.000618377 0.000522861 0.000467495 0.000398703
internal_weight=19321.8 19140 19035.7 18969.5 18881.1
internal_count=31869 31823 31797 31768 31742
is_linear=0
shrinkage=0.095152


Tree=422
num_leaves=7
num_cat=0
split_feature=1 4 4 1 1 8
split_gain=2.81791 1.77805 1.1715 1.16511 1.11796 0.683186
threshold=1.7133812078096222 997.93033254946954 1014.7500000000001 1.2964235005488773 -0.76922158987017697 6.950000000000002
decision_type=2 2 2 2 2 2
left_child=1 -1 3 4 -3 -4
right_child=-2 2 5 -5 -6 -7
leaf_value=0.0021315145363905224 8.8639307034885461e-05 -0.001015851173481238 -0.0038671296680533864 -0.0016937255499505461 0.00021789784792828552 -0.0049678948108372216
leaf_weight=66.150618582963943 117.76926577091217 2786.5769704580307 69.589314460754395 304.96237361431122 15905.010152369738 71.774979650974274
leaf_count=29 29 7237 101 81 24278 114
internal_value=0.000553824 0.000462608 0.000407521 0.000472648 0.000568616 -0.00817642
internal_weight=19321.8 19204.1 19137.9 18996.5 18691.6 141.364
internal_count=31869 31840 31811 31596 31515 215
is_linear=0
shrinkage=0.095152


Tree=423
num_leaves=6
num_cat=0
split_feature=5 1 1 5 1
split_gain=3.83741 1.75382 1.18399 1.21399 1.26855
threshold=-1.1403983238194317 1.7133812078096222 1.2964235005488773 -1.0013879852237297 1.0003384133968634
decision_type=2 2 2 2 2
left_child=-1 2 3 -2 -5
right_child=1 -3 -4 4 -6
leaf_value=-0.00089361291016515961 -0.00050510567068826593 8.7997833853204507e-05 -0.0023040059231714256 2.5290201686255455e-05 -0.0042080689968901977
leaf_weight=327.10196971893311 152.62727028131485 109.6310738325119 277.04566276073456 18051.469332873821 403.95836544036865
leaf_count=86 40 27 75 31528 113
internal_value=0.000524278 0.000347233 0.000276434 0.000369203 0.000298267
internal_weight=19321.8 18994.7 18885.1 18608.1 18455.4
internal_count=31869 31783 31756 31681 31641
is_linear=0
shrinkage=0.095152


Tree=424
num_leaves=6
num_cat=0
split_feature=5 1 6 6 4
split_gain=3.83741 1.75382 1.2843 3.84787 1.05187
threshold=-1.1403983238194317 1.7133812078096222 -1.8966261760455443 -1.7450621143196865 998.79013206881825
decision_type=2 2 2 2 2
left_child=-1 2 -2 -4 -5
right_child=1 -3 3 4 -6
leaf_value=-0.00080858388700709763 0.002095212608180499 7.9624667164031915e-05 -0.0026753313152494051 0.0021074527883228771 5.0329584932621781e-05
leaf_weight=327.10196971893311 86.929053485393524 109.6310738325119 62.519083380699158 222.76960548758507 18512.882889002562
leaf_count=86 25 27 14 120 31597
internal_value=0.000524278 0.000347233 0.000276434 0.000221955 0.000302088
internal_weight=19321.8 18994.7 18885.1 18798.2 18735.7
internal_count=31869 31783 31756 31731 31717
is_linear=0
shrinkage=0.095152


Tree=425
num_leaves=9
num_cat=0
split_feature=6 2 2 1 8 8 6 6
split_gain=1.94705 1.95885 1.43792 4.30352 4.8914 2.39667 2.07758 5.08991
threshold=-1.4280049371778418 1.003250149981874 -0.79839570859512754 0.11335148845115788 7.3904602470898482 6.830000000000001 -1.3335763058552046 -1.3018519803880284
decision_type=2 2 2 2 2 2 2 2
left_child=-1 2 3 5 -5 -2 -4 -8
right_child=1 -3 6 4 -6 -7 7 -9
leaf_value=0.0011256205956634269 -0.0018226247692973584 -0.0087258919416265575 -0.0049589892095082177 -0.00077321772334573258 -0.0053880822718565067 0.0011260961171076416 0.0038875068719962736 0.00014596765900327241
leaf_weight=555.03392469882965 1022.1462167799473 61.826793432235718 124.34300965070724 1375.1086663603783 781.25967988371849 1448.815789192915 64.477882027626038 13858.724982112646
leaf_count=146 2512 18 29 1988 824 1575 13 24717
internal_value=0.000275021 0.000109599 5.23243e-05 -0.00140143 -0.00450767 0.00130516 0.000532195 0.000642944
internal_weight=19291.7 18736.7 18674.9 4627.33 2156.37 2470.96 14047.5 13923.2
internal_count=31822 31676 31658 6899 2812 4087 24759 24730
is_linear=0
shrinkage=0.095152


Tree=426
num_leaves=11
num_cat=0
split_feature=7 7 8 8 2 2 1 1 8 1
split_gain=2.12985 2.88963 3.46854 3.02198 4.03703 5.21008 3.0797 2.33916 6.15325 3.54392
threshold=10.181851640964988 8.5800000000000018 10.210112045152519 8.7350000000000012 -0.13290646411738921 -0.7567695010701837 0.99373737808068319 0.99984258031731443 6.2500000000000027 0.99008006192051135
decision_type=2 2 2 2 2 2 2 2 2 2
left_child=1 2 7 -3 5 -5 -6 9 -9 -1
right_child=-2 3 -4 4 6 -7 -8 8 -10 -11
leaf_value=0.00013207854961782211 0.0013949334525618481 -0.0020586089556744354 -0.0015843953114091838 -0.001178976957798508 -0.013373178277558394 0.0043549104037654465 -0.0037679941884036926 0.0055503362700223546 -0.00054505332619278327 -0.0056796421804627181
leaf_weight=16796.904743432999 198.40159529447556 244.1269858777523 149.26028403639793 238.05644416809082 140.0655200779438 179.55463761091232 111.24751904606819 375.508355230093 487.93814820051193 370.67271116375923
leaf_count=29873 92 136 163 131 163 112 96 136 170 750
internal_value=0.000162722 5.9788e-05 0.000322938 -0.00515873 -0.00181919 0.00389107 -0.0113285 0.000443704 0.00527286 0.000199682
internal_weight=19291.7 19093.3 18180.3 913.051 668.924 417.611 251.313 18031 863.447 17167.6
internal_count=31822 31730 31092 638 502 243 259 30929 306 30623
is_linear=0
shrinkage=0.095152


Tree=427
num_leaves=10
num_cat=0
split_feature=7 1 8 9 9 1 1 1 1
split_gain=2.06856 1.75187 1.41834 3.22607 4.96924 3.68996 1.93193 4.08972 3.54743
threshold=10.181851640964988 1.7133812078096222 8.831191242393249 0.086661366189376934 -0.24568719194740926 0.99166813670569354 0.47146475767959806 0.50140835354358082 0.42647996065710797
decision_type=2 2 2 2 2 2 2 2 2
left_child=1 2 6 4 -4 -5 8 -8 -1
right_child=-2 -3 3 5 -6 -7 7 -9 -10
leaf_value=-1.6973099672524356e-05 0.0012622027953697096 6.1842408801561567e-05 -0.00053426167417921578 -0.00033417567135535112 0.013605565690134189 -0.0018667463214266274 0.0085724274125699631 0.00025198199648780755 -0.005178065510116652
leaf_weight=9523.9552147984505 198.40159529447556 114.76043140888214 340.77463513612747 748.99494835734367 161.96335181593895 256.69026955962181 313.93882781267166 7168.4284198880196 463.82925006747246
leaf_count=20418 92 27 408 845 123 194 312 8893 510
internal_value=0.00030345 0.000201978 0.000130001 -0.00266702 0.00353474 -0.00578049 0.000372421 0.00152876 -0.000492665
internal_weight=19291.7 19093.3 18978.6 1508.42 502.738 1005.69 17470.2 7482.37 9987.78
internal_count=31822 31730 31703 1570 531 1039 30133 9205 20928
is_linear=0
shrinkage=0.095152


Tree=428
num_leaves=10
num_cat=0
split_feature=5 1 3 2 2 4 1 7 2
split_gain=2.60692 2.27391 2.1116 3.45934 2.68443 1.80345 1.42008 4.70036 2.88045
threshold=-1.223379265973042 1.7133812078096222 6.7250000000000005 0.88201535311751322 0.95748518835503915 1004.6293547666627 0.47146475767959806 8.8950000000000014 0.86137629097214774
decision_type=2 2 2 2 2 2 2 2 2
left_child=-1 2 6 5 -5 -4 7 -2 -8
right_child=1 -3 3 4 -6 -7 8 -9 -10
leaf_value=0.00064530144689978902 -0.00018104484171884946 8.7804707984817868e-05 0.0020211137940074442 0.0008817747219773555 0.0053579005799699927 -0.0031626719524408299 0.00014885195496052304 -0.0034927913753207058 0.01589250835270678
leaf_weight=260.87582850456238 10112.318400710821 106.62223947048187 43.751452684402466 65.637099117040634 61.853030294179916 54.848116040229797 8203.5567717254162 199.25953277945518 183.01447281241417
leaf_count=67 21082 25 133 90 183 116 9790 165 171
internal_value=0.0003047 0.000174171 9.49243e-05 0.00920806 0.0194948 -0.00404907 -1.52435e-05 -0.000763704 0.000903469
internal_weight=19291.7 19030.9 18924.2 226.09 127.49 98.5996 18698.1 10311.6 8386.57
internal_count=31822 31755 31730 522 273 249 31208 21247 9961
is_linear=0
shrinkage=0.095152


Tree=429
num_leaves=8
num_cat=0
split_feature=3 1 6 6 6 1 6
split_gain=3.16708 2.50466 1.97172 3.70468 1.76737 1.74587 1.20028
threshold=7.1650000000000009 0.47146475767959806 -1.3781372461623391 -1.3335763058552046 -1.2874680529497173 0.28194525648649987 -0.70674862550735462
decision_type=2 2 2 2 2 2 2
left_child=2 5 -1 -4 -5 -2 -6
right_child=1 -3 3 4 6 -7 -8
leaf_value=0.0012544095797737658 0.01400754923172433 -0.0009763577826027715 -0.0035611222930749423 0.0029944208938243047 -0.00028786933909846166 0.0014114995114500096 0.00023323168381425463
leaf_weight=663.74901151657104 45.285747766494751 58.599670499563217 108.55658262968063 114.06949681043625 8831.2788017392159 56.338140696287155 9413.8594924807549
leaf_count=169 168 104 24 26 9156 68 22107
internal_value=0.000347253 0.0136145 0.000234522 5.05116e-05 0.000155458 0.0225623 8.04968e-05
internal_weight=19291.7 160.224 19131.5 18467.8 18359.2 101.624 18245.1
internal_count=31822 340 31482 31313 31289 236 31263
is_linear=0
shrinkage=0.095152


Tree=430
num_leaves=14
num_cat=0
split_feature=6 5 9 9 2 5 5 6 8 2 6 2 8
split_gain=3.7606 8.01564 5.48435 5.45376 3.99524 3.52773 2.13533 1.98252 6.67577 4.89993 4.30441 2.24848 1.98265
threshold=-0.97609506267564228 -0.7652660330430997 -1.4232963203590783 2.786083430642361 -0.030120304846908235 -0.12166910782082087 -1.0818711854003358 -0.95934299452900185 6.830000000000001 -0.47495107206705001 -0.87107047384582625 -0.012910296075008829 7.7830212433267496
decision_type=2 2 2 2 2 2 2 2 2 2 2 2 2
left_child=1 -1 4 5 -3 -4 -2 8 9 -8 -9 -12 -10
right_child=6 2 3 -5 -6 -7 7 10 12 -11 11 -13 -14
leaf_value=0.0013819537200754086 0.00052088939200980132 0.00037569085695644247 -0.0035476250572664112 0.0021264895454030956 0.0057182866566050155 -1.2543871737011105e-05 -0.0039848576259561338 0.01100119704766798 -0.0076743128099064717 0.0068672299267988407 0.00060496217871515532 -0.00060288623908062418 -0.0023645855232945975
leaf_weight=302.67669403553009 297.84560525417328 272.49173092842102 451.01757043600082 337.14697027206421 166.50279983878136 1639.4627018868923 526.86318492889404 257.95130133628845 449.3340799510479 675.17620182037354 7169.0954456925392 6190.5759699642658 701.20264369249344
leaf_count=74 81 164 122 98 155 1098 556 66 375 1226 13284 14160 442
internal_value=0.000404183 0.00340221 0.00183828 6.08273e-05 0.0116083 -0.00174714 -0.000179336 -0.000329282 -0.00287929 0.0020706 0.000110563 -0.000124152 -0.00805818
internal_weight=19437.3 3169.3 2866.62 2427.63 438.995 2090.48 16268 15970.2 2352.58 1202.04 13617.6 13359.7 1150.54
internal_count=31901 1711 1637 1318 319 1220 30190 30109 2599 1782 27510 27444 817
is_linear=0
shrinkage=0.095152


Tree=431
num_leaves=10
num_cat=0
split_feature=6 5 9 3 0 5 2 0 3
split_gain=5.53988 2.27479 1.72235 1.34702 3.68459 7.93401 4.01309 2.02444 1.40311
threshold=-1.2521575288717854 -1.0818711854003358 1.318729794503444 0.79028422100942863 -0.24884371869362731 -0.30228335357533792 -0.70862667826445969 -1.1818386040164222 0.90009147922033284
decision_type=2 2 2 2 2 2 2 2 2
left_child=2 -2 -1 4 6 -6 -3 -5 -9
right_child=1 3 -4 7 5 -7 -8 8 -10
leaf_value=0.0019940584620356128 0.00015758809068851977 0.01029848091950075 0.00012871672697227778 -0.0032762794915510377 0.0024506431487025904 0.0031264628617566686 -0.0075643450359827316 -0.006714846266651771 -0.00010422330565471375
leaf_weight=503.90426778793335 361.30566310882568 203.35437008738518 447.72100150585175 89.411226570606232 82.448765635490417 907.47610208392143 286.00689136981964 467.53994902968407 16088.174662858248
leaf_count=132 96 269 106 26 17 1412 602 667 28574
internal_value=0.000205083 -0.000158949 0.00728013 -0.000308905 0.00243982 0.00578163 -0.00429164 -0.000554133 -0.000475604
internal_weight=19437.3 18485.7 951.625 18124.4 1479.29 989.925 489.361 16645.1 16555.7
internal_count=31901 31663 238 31567 2300 1429 871 29267 29241
is_linear=0
shrinkage=0.095152


Tree=432
num_leaves=8
num_cat=0
split_feature=1 4 0 2 4 1 1
split_gain=1.18337 3.40135 2.62181 2.06811 2.04919 5.78036 1.43751
threshold=1.0003384133968634 1004.4000364844748 1.0645003376832403 -1.0601077511134196 999.70315019477414 0.91417015418394287 0.99551215362393841
decision_type=2 2 2 2 2 2 2
left_child=2 -2 3 -1 5 -5 -6
right_child=1 -3 -4 4 6 -7 -8
leaf_value=0.0011419367276759732 0.0085413852967326492 -0.00021694219331423883 -0.0012909693916839373 -2.8896962145368683e-05 3.1030775563490714e-05 -0.024273612435098801 -0.0019721894727872825
leaf_weight=589.54206502437592 393.57949209213257 553.71874117851257 73.223809719085693 460.83808299899101 16773.664715439081 140.32841002941132 452.44758355617523
leaf_count=167 106 142 24 344 30253 122 743
internal_value=0.000207021 0.0034848 3.81586e-05 -3.32461e-05 -0.000217484 -0.00567213 -2.59552e-05
internal_weight=19437.3 947.298 18490 18416.8 17827.3 601.166 17226.1
internal_count=31901 248 31653 31629 31462 466 30996
is_linear=0
shrinkage=0.095152


Tree=433
num_leaves=7
num_cat=0
split_feature=6 5 5 6 6 3
split_gain=2.84818 2.20143 1.75667 1.23924 4.62784 1.43822
threshold=-1.2521575288717854 -1.0818711854003358 -0.30228335357533792 -1.0641726821332271 -1.0416794126743547 0.79028422100942863
decision_type=2 2 2 2 2 2
left_child=2 -2 -1 -3 -5 -6
right_child=1 3 -4 4 5 -7
leaf_value=0.000578425777849769 0.00021736324782819954 -0.0025786082169294007 -6.2416585027371579e-05 0.00062151552666833611 0.0014980136739032853 -0.00013029106278255947
leaf_weight=426.41875571012497 361.30566310882568 467.5032639503479 525.20651358366013 88.923641502857208 1404.1834908127785 16163.801571369171
leaf_count=108 96 121 130 25 2283 29138
internal_value=0.000222643 -3.81809e-05 0.00529551 -0.00018573 -5.6789e-05 -0.000167918
internal_weight=19437.3 18485.7 951.625 18124.4 17656.9 17568
internal_count=31901 31663 238 31567 31446 31421
is_linear=0
shrinkage=0.095152


Tree=434
num_leaves=7
num_cat=0
split_feature=5 6 4 6 6 6
split_gain=2.8362 1.68271 1.77464 1.91 5.44974 1.35526
threshold=-1.223379265973042 -1.2521575288717854 998.50312055503798 -1.0641726821332271 -1.0491380783292703 -1.4626844414508702
decision_type=2 2 2 2 2 2
left_child=-1 5 -3 -4 -5 -2
right_child=1 2 3 4 -6 -7
leaf_value=0.00039969967403125713 -0.00018034118341315648 -0.0069686641530086859 -0.0027019412968342068 -0.017377860793638657 1.1377952614527615e-05 0.0010370149879124269
leaf_weight=280.57198596000671 436.37395912408829 163.48740586638451 469.28307104110718 67.757773041725159 17554.382546216249 465.48615878820419
leaf_count=74 115 96 122 17 31365 112
internal_value=0.000201909 6.18044e-05 -0.000135869 -4.56083e-05 0.000113443 0.00407131
internal_weight=19437.3 19156.8 18254.9 18091.4 17622.1 901.86
internal_count=31901 31827 31600 31504 31382 227
is_linear=0
shrinkage=0.095152


Tree=435
num_leaves=7
num_cat=0
split_feature=5 2 0 9 1 5
split_gain=3.59949 1.89355 1.71713 1.50663 5.6702 2.72216
threshold=-1.223379265973042 1.003250149981874 -1.0030109275060868 2.0606303735081082 0.94130860066615818 -1.0939334268894403
decision_type=2 2 2 2 2 2
left_child=-1 2 -2 5 -5 -4
right_child=1 -3 3 4 -6 -7
leaf_value=0.00032641013392480046 -0.0020621811041269008 -0.0035054003184456423 -0.053742855636263805 0.0021005007824835263 -0.0016881994643516308 -7.9280212416394614e-05
leaf_weight=238.95774817466736 203.87903553247452 60.799960970878601 61.378351092338562 3008.7790467739105 983.09299740195274 14652.270815491676
leaf_count=67 63 18 17 4669 736 26356
internal_value=0.000186506 3.92344e-05 -1.45905e-05 7.97018e-05 0.00171942 -0.000364411
internal_weight=19209.2 18970.2 18909.4 18705.5 3991.87 14713.6
internal_count=31926 31859 31841 31778 5405 26373
is_linear=0
shrinkage=0.095152


Tree=436
num_leaves=7
num_cat=0
split_feature=5 2 0 0 5 5
split_gain=4.04922 4.54241 2.79493 1.35701 6.07252 4.47711
threshold=-1.1403983238194317 1.003250149981874 -1.0030109275060868 0.10553938740405598 0.6101399228647133 -0.30228335357533792
decision_type=2 2 2 2 2 2
left_child=-1 2 -2 4 -4 -5
right_child=1 -3 3 5 -6 -7
leaf_value=0.00182861988600917 -0.0025642115731277179 -0.0031718545947169979 0.0002104990297984808 0.0017675077602472531 0.03227338418349894 -0.00051587136600903883
leaf_weight=316.29553973674774 184.12965947389603 60.799960970878601 10236.391627758741 467.91109991073608 86.544216692447662 7857.0858508944511
leaf_count=86 58 18 17159 119 21 14465
internal_value=0.000304551 0.000124734 3.92968e-05 0.000155564 0.000885006 -0.000747404
internal_weight=19209.2 18892.9 18832.1 18647.9 10322.9 8325
internal_count=31926 31840 31822 31764 17180 14584
is_linear=0
shrinkage=0.095152


Tree=437
num_leaves=7
num_cat=0
split_feature=3 4 1 1 5 4
split_gain=3.6652 3.70608 4.35928 3.09496 2.46058 1.21636
threshold=1.0000000180025095e-35 999.0052012538689 1.7133812078096222 1.492640851033227 -1.1403983238194317 998.50312055503798
decision_type=2 2 2 2 2 2
left_child=-1 5 3 4 -3 -2
right_child=1 2 -4 -5 -6 -7
leaf_value=-0.0015187261324851879 5.3788799183605687e-05 0.0016378450573507437 0.0028031751348185471 -0.024495710724346292 -2.1079887238632291e-05 0.0095215001554048353
leaf_weight=82.11656391620636 189.31096294522285 275.92793571949005 88.191260576248169 88.711060881614685 18298.192765951157 186.7074054479599
leaf_count=22 96 76 23 23 31576 110
internal_value=0.000189488 0.000276948 8.83645e-05 -1.14422e-05 7.31906e-05 0.00961334
internal_weight=19209.2 19127 18751 18662.8 18574.1 376.018
internal_count=31926 31904 31698 31675 31652 206
is_linear=0
shrinkage=0.095152


Tree=438
num_leaves=10
num_cat=0
split_feature=0 7 7 9 4 1 4 4 0
split_gain=2.65064 1.95057 13.9837 3.09374 8.06038 3.7798 2.98325 1.88293 1.42137
threshold=-1.1818386040164222 8.6600000000000037 8.5800000000000018 2.094276902524991 1007.6968669180433 0.98801351631316348 1007.5997075027484 997.93033254946954 1.0645003376832403
decision_type=2 2 2 2 2 2 2 2 2
left_child=-1 2 7 4 -3 -6 -5 -2 -9
right_child=1 3 -4 6 5 -7 -8 8 -10
leaf_value=-0.00060977789096204821 0.001777124486642337 -0.01452465845994279 -0.0049982503780179963 0.0095256344568104348 -0.00049764699633361741 0.011273104656603151 -2.8970395134238326e-05 3.6664086144934014e-05 0.00051149472620192794
leaf_weight=155.76566964387894 65.948136836290359 133.77003660798073 100.47396022081375 184.92926543951035 260.96399167180061 183.84197306632996 156.41119858622551 17842.276660114527 124.77706325054169
leaf_count=43 28 106 85 116 201 107 110 31092 38
internal_value=0.000103177 0.000205317 -1.09759e-05 0.0044765 0.000209908 0.00639737 0.0116419 0.000186855 0.000126626
internal_weight=19209.2 19053.4 18133.5 919.916 578.576 444.806 341.34 18033 17967.1
internal_count=31926 31883 31243 640 414 308 226 31158 31130
is_linear=0
shrinkage=0.095152


Tree=439
num_leaves=10
num_cat=0
split_feature=3 0 8 6 8 3 8 6 9
split_gain=3.65273 2.49825 2.1204 3.66405 2.70548 8.64312 2.8884 2.6633 1.1595
threshold=1.0000000180025095e-35 -1.1818386040164222 8.0900527530617072 0.48809721101169207 7.9007902177818208 1.9202681996729585 7.7830212433267496 -1.1270515495135662 -1.5472229333403751
decision_type=2 2 2 2 2 2 2 2 2
left_child=-1 -2 4 7 6 -6 -3 -4 -5
right_child=1 2 3 8 5 -7 -8 -9 -10
leaf_value=-0.0013777050185037566 -0.00052584356319263067 -2.8774101948438731e-05 0.0021648175116103186 0.0014053462923306731 0.00086229267851494894 -0.011531946627593241 0.0033222369448121336 0.0004371831249829778 -0.0038172444898255972
leaf_weight=82.11656391620636 153.88904792070389 14011.72731217742 356.56836646795273 61.510581433773041 372.66700348258018 334.53886818885803 470.67550760507584 2951.7912586629391 413.67344558238983
leaf_count=22 42 26407 85 157 459 314 600 2570 1270
internal_value=0.000155844 0.00024316 0.000342152 0.00235743 -0.000159155 -0.00590042 0.000120847 0.00348224 -0.0054347
internal_weight=19209.2 19127 18973.2 3783.54 15189.6 707.206 14482.4 3308.36 475.184
internal_count=31926 31904 31862 4082 27780 773 27007 2655 1427
is_linear=0
shrinkage=0.095152


Tree=440
num_leaves=7
num_cat=0
split_feature=1 3 0 1 0 4
split_gain=2.35976 3.62365 3.68698 2.81058 3.25639 1.90912
threshold=1.3716369299858611 0.27500000000000008 -0.00016043804030838906 1.2964235005488773 1.0645003376832403 998.90126638904599
decision_type=2 2 2 2 2 2
left_child=1 2 -1 4 5 -3
right_child=-2 3 -4 -5 -6 -7
leaf_value=-0.0021073808338735725 0.00065650096997457209 0.00059092849030550226 -0.00045537230576601028 -0.018656050696218004 0.0020339911937960319 -0.0001076590920087121
leaf_weight=117.33866664767265 316.83465826511383 288.68732756376266 172.66650158166885 99.906001687049866 93.126369714736938 18282.256700962782
leaf_count=124 81 171 163 27 32 31416
internal_value=-0.000273153 -0.00040947 -0.0109406 -0.000245252 -0.000158778 -0.00024908
internal_weight=19370.8 19054 290.005 18764 18664.1 18570.9
internal_count=32014 31933 287 31646 31619 31587
is_linear=0
shrinkage=0.095152


Tree=441
num_leaves=6
num_cat=0
split_feature=2 1 4 6 6
split_gain=3.98999 2.02925 2.30557 1.48464 2.19021
threshold=1.003250149981874 1.3716369299858611 998.90126638904599 -1.7017880364955529 -1.5795604215207197
decision_type=2 2 2 2 2
left_child=1 2 -1 -4 -5
right_child=-2 -3 3 4 -6
leaf_value=0.0006900198263703807 0.029567755299056243 0.00047230844192738748 0.00042806788443326466 -0.01054324838743294 -0.00014945690557239752
leaf_weight=296.64568299055099 67.252801179885864 312.24530589580536 197.98509329557419 110.54409885406494 18386.143244206905
leaf_count=173 21 79 49 28 31664
internal_value=-0.000237194 -0.000319232 -0.000445194 -0.00057815 -0.000666761
internal_weight=19370.8 19303.6 18991.3 18694.7 18496.7
internal_count=32014 31993 31914 31741 31692
is_linear=0
shrinkage=0.095152


Tree=442
num_leaves=8
num_cat=0
split_feature=6 5 6 7 7 1 8
split_gain=2.05906 3.11134 2.07552 1.45281 1.46097 2.84859 2.22426
threshold=-1.2874680529497173 -0.38205360302238472 -1.2606378347608216 9.4600000000000009 8.5800000000000018 0.98801351631316348 8.5131629272476044
decision_type=2 2 2 2 2 2 2
left_child=1 -1 -2 4 6 -6 -4
right_child=2 -3 3 -5 5 -7 -8
leaf_value=0.0019388761241905532 -0.0028165953467349614 -0.00017636895736046219 -0.00022516160433813862 0.00088728268503264517 -0.0021771137008079517 0.001255008779407095 0.00058046529476144144
leaf_weight=341.36361664533615 68.22484564781189 540.47185570001602 15966.831161141396 270.27914497256279 520.84351846575737 204.1026200056076 1458.6994638442993
leaf_count=89 18 130 29195 171 428 124 1859
internal_value=-0.000213532 0.0042736 -0.000428534 -0.000365843 -0.000469835 -0.00465236 -0.000294752
internal_weight=19370.8 881.835 18489 18420.8 18150.5 724.946 17425.5
internal_count=32014 219 31795 31777 31606 552 31054
is_linear=0
shrinkage=0.095152


Tree=443
num_leaves=7
num_cat=0
split_feature=6 5 2 6 6 1
split_gain=1.96925 3.11134 1.72802 1.48482 4.61982 2.2695
threshold=-1.2874680529497173 -0.38205360302238472 1.003250149981874 -1.0641726821332271 -1.0122207178162168 1.7133812078096222
decision_type=2 2 2 2 2 2
left_child=1 -1 3 -2 -5 -6
right_child=2 -3 -4 4 5 -7
leaf_value=0.0017543882536722934 -0.002491564403490795 -0.00015958710473807245 -0.022140630997263454 0.0028698176883635855 -0.0001111074478227072 -0.0033640667448166066
leaf_weight=341.36361664533615 555.69567203521729 540.47185570001602 63.499557733535767 149.19013756513596 17656.950695514679 63.644691228866577
leaf_count=89 146 130 19 42 31570 18
internal_value=-0.000114831 0.0042736 -0.000325124 -0.000380344 -0.000228775 -0.000370458
internal_weight=19370.8 881.835 18489 18425.5 17869.8 17720.6
internal_count=32014 219 31795 31776 31630 31588
is_linear=0
shrinkage=0.095152


Tree=444
num_leaves=7
num_cat=0
split_feature=1 0 4 1 5 1
split_gain=2.18363 2.54686 2.41105 2.01062 3.77944 0.460709
threshold=1.3716369299858611 1.0645003376832403 999.0052012538689 1.1426658481917249 -1.0013879852237297 0.87626976691518454
decision_type=2 2 2 2 2 2
left_child=1 2 5 4 -4 -1
right_child=-2 -3 3 -5 -6 -7
leaf_value=0.0054742016504769151 0.00066503472789616186 0.0001122839815253713 0.00066893921024100095 -0.0031851557567225144 -0.00014093965217300638 0.00040978312245103791
leaf_weight=177.05342185497284 316.83465826511383 106.90617680549622 402.71960359811783 271.19642412662506 17916.36555698514 179.74038478732109
leaf_count=126 81 35 105 73 31514 80
internal_value=3.35696e-05 -9.63095e-05 -0.000180113 -0.000329724 -0.000208299 0.00755142
internal_weight=19370.8 19054 18947.1 18590.3 18319.1 356.794
internal_count=32014 31933 31898 31692 31619 206
is_linear=0
shrinkage=0.095152


Tree=445
num_leaves=10
num_cat=0
split_feature=0 7 6 2 2 4 2 4 2
split_gain=2.04576 1.65473 5.22334 4.00484 7.09671 1.66968 1.54098 3.99799 3.88663
threshold=-1.41154410393985 8.8950000000000014 -0.9480404728035291 -0.16677875182150789 -0.012910296075008829 997.93033254946954 -0.98039918412989879 1009.9014182862981 -0.97106408147883394
decision_type=2 2 2 2 2 2 2 2 2
left_child=-1 5 -3 -4 -5 -2 7 -7 -8
right_child=1 2 3 4 -6 6 8 -9 -10
leaf_value=-0.0023472013536214916 0.00080087357348809568 0.00024046041601908914 -0.002722406307101217 0.037360461579713969 -0.0023741459395340094 -6.8343313335109167e-05 0.017136539768282725 -0.0070071994464365843 0.00013316209313873889
leaf_weight=77.336267471313477 67.100325763225555 228.98876240849495 237.77666449546814 124.51484146714211 163.48403424024582 1440.0192264914513 218.27469447255135 244.62432217597961 16616.63953050971
leaf_count=22 32 66 161 65 178 1994 356 304 28731
internal_value=0.000626771 0.000689645 0.00505503 -0.00015515 0.00735077 0.000511336 0.000455765 -0.00228507 0.000730955
internal_weight=19418.8 19341.4 754.764 525.776 287.999 18586.7 18519.6 1684.64 16834.9
internal_count=31909 31887 470 404 243 31417 31385 2298 29087
is_linear=0
shrinkage=0.095152


Tree=446
num_leaves=7
num_cat=0
split_feature=6 6 6 8 6 6
split_gain=1.62073 1.51915 3.31516 1.35844 5.65854 3.86369
threshold=-1.3781372461623391 -1.317565891610319 -1.2874680529497173 8.4004919835684735 -0.97609506267564228 -1.1013557022782872
decision_type=2 2 2 2 2 2
left_child=-1 -2 -3 5 -5 -4
right_child=1 2 3 4 -6 -7
leaf_value=0.00051039435124699206 -0.0016820164626274263 0.00029608623299749091 -0.0042950971274121662 0.00074220877435693421 0.00013151628834249458 8.036755122298643e-05
leaf_weight=650.52172112464905 153.03098297119141 68.483736991882324 379.07784926891327 417.82340422272682 2326.3326627910137 15423.488312125206
leaf_count=167 33 16 99 150 2759 28685
internal_value=0.000593279 0.000430506 0.000509075 0.000430426 0.00238424 9.01605e-05
internal_weight=19418.8 18768.2 18615.2 18546.7 2744.16 15802.6
internal_count=31909 31742 31709 31693 2909 28784
is_linear=0
shrinkage=0.095152


Tree=447
num_leaves=8
num_cat=0
split_feature=5 4 0 0 5 0 2
split_gain=2.36532 1.30747 1.8398 7.77912 3.67238 2.57306 2.80827
threshold=-1.0818711854003358 998.79013206881825 -0.43145253614054163 -0.27806656930281021 -0.86500782323324776 -0.45135371065451813 -0.74265881450191029
decision_type=2 2 2 2 2 2 2
left_child=-1 -2 5 -4 -5 6 -3
right_child=1 2 3 4 -6 -7 -8
leaf_value=0.00098603506048235753 0.0004525460044880703 0.001731419738691204 0.019239874436284887 -0.0002142518660568049 0.00014468160653863336 -0.037261649926415355 -0.0011875749649334125
leaf_weight=413.32772314548492 212.64027714729309 1565.1509844958782 268.97818893194199 158.77884215116501 12684.696116656065 52.564154505729675 4062.6223824620247
leaf_count=104 121 2851 72 40 19823 13 8885
internal_value=0.000709646 0.000553768 0.000468799 0.00108888 0.000751543 -0.000960274 -0.000759545
internal_weight=19418.8 19005.4 18792.8 13112.5 12843.5 5680.34 5627.77
internal_count=31909 31805 31684 19935 19863 11749 11736
is_linear=0
shrinkage=0.095152


Tree=448
num_leaves=12
num_cat=0
split_feature=6 0 0 0 0 1 6 3 1 1 0
split_gain=2.14764 9.41644 3.16656 2.90701 2.67377 1.25905 4.41813 4.93345 3.38493 2.94899 2.71781
threshold=-1.0122207178162168 0.47645422358308026 0.050864728535752406 -0.43780857962432845 -1.1818386040164222 0.87626976691518454 -0.91096325319767579 2.8497509145189208 0.86863618122502728 0.85885587013335762 -0.86239343330004636
decision_type=2 2 2 2 2 2 2 2 2 2 2
left_child=1 2 3 -1 -2 8 7 -7 9 -6 -8
right_child=4 -3 -4 -5 5 6 10 -9 -10 -11 -12
leaf_value=-0.00014543100172141715 -0.0019169479763561129 0.002071448143676343 -0.0027191378505585545 0.00040519455931718398 -5.8283041036408474e-05 0.002374208968375749 0.0088933651894023621 -0.0013558885092402916 -0.002987552247120339 0.019245020559273879 -0.00037221376508034677
leaf_weight=420.4549013376236 136.08834558725357 389.67737358808517 407.25958174467087 392.44635611772537 13510.018858909607 764.88932466506958 401.51438882946968 325.70822715759277 121.20522874593735 162.55099180340767 2386.94509100914
leaf_count=105 40 96 106 103 26618 276 914 291 149 163 3048
internal_value=0.000505234 0.00383242 -0.000274983 0.00314451 0.000203489 0.000306984 0.00182135 0.00695238 -0.000118095 2.20868e-05 -0.000183285
internal_weight=19418.8 1609.84 1220.16 812.901 17808.9 17672.8 3879.06 1090.6 13793.8 13672.6 2788.46
internal_count=31909 410 314 208 31499 31459 4529 567 26930 26781 3962
is_linear=0
shrinkage=0.095152


Tree=449
num_leaves=14
num_cat=0
split_feature=1 2 2 8 7 8 1 8 1 1 1 7 7
split_gain=1.9313 5.2336 7.93858 6.99516 12.0864 3.57525 4.93854 4.82293 3.13435 2.8914 6.90041 2.56769 2.09425
threshold=0.87626976691518454 -0.99698854632661271 -0.38604159279334443 6.6700000000000008 5.2700000000000022 9.2712207556456381 0.99611316860347732 6.080000000000001 0.86863618122502728 0.85885587013335762 0.8408143739304369 3.5000000000000022 9.2200000000000024
decision_type=2 2 2 2 2 2 2 2 2 2 2 2 2
left_child=8 -2 3 4 -3 7 -7 -4 9 10 12 -12 -1
right_child=1 2 5 -5 -6 6 -8 -9 -10 -11 11 -13 -14
leaf_value=1.7169408308239532e-05 -0.011475071394983619 0.0013639288547470161 -0.0035840557725137887 -0.00072543482155534172 0.02639866656838399 -0.013893295115474978 0.0009731557180641463 0.00076674387142168521 -0.0022876586733227402 0.017413819062304079 -0.054191704373680823 -0.0075057700295909401 0.00060149315332682241
leaf_weight=14276.967433720827 122.2011684179306 382.07943162322044 659.3165787756443 351.43657171726227 197.28501257300377 239.83022141456604 267.11507493257523 2183.4364256858826 133.20522874593735 162.55099180340767 88.497659116983414 175.39276421070099 179.44410675764084
leaf_count=26504 33 272 1454 179 51 233 195 2244 151 163 118 202 110
internal_value=0.000524365 0.00227652 0.00283551 0.0106031 0.0170154 0.000669877 -0.00667505 0.00198672 9.62779e-06 0.000141172 3.65126e-07 -0.0152073 0.000280246
internal_weight=19418.8 4402.7 4280.5 930.801 579.364 3349.7 506.945 2842.75 15016.1 14882.9 14720.3 263.89 14456.4
internal_count=31909 4661 4628 502 323 4126 428 3698 27248 27097 26934 320 26614
is_linear=0
shrinkage=0.095152


Tree=450
num_leaves=12
num_cat=0
split_feature=7 6 7 6 8 8 6 3 3 4 7
split_gain=1.53211 6.7413 2.63725 3.51244 2.32526 2.34749 2.61059 2.18112 2.30962 2.99068 1.55253
threshold=8.8950000000000014 -0.9480404728035291 8.5800000000000018 -0.59117128384965156 10.490000000000002 9.4500000000000028 -1.3781372461623391 3.4750000000000005 1.2217139783941355 1007.7996069988827 6.6800000000000024
decision_type=2 2 2 2 2 2 2 2 2 2 2
left_child=2 -2 4 -4 5 6 -1 8 -3 -10 -7
right_child=1 7 3 -5 -6 10 -8 -9 9 -11 -12
leaf_value=0.00067526268222180491 0.001444761231245882 0.010423952065182016 -0.0016119799685465435 3.1993965911983234e-05 -0.0037167508683037206 -0.0020346992628507781 -4.6555758115771885e-05 0.006648100314463991 -0.002010269752845021 -0.0027471002767468313 0.001670465819880627
leaf_weight=573.05171847343445 210.96186265349388 117.8145067691803 232.8470798432827 129.79668429493904 85.792211651802063 109.62184950709343 17296.954702854156 144.65501457452774 139.72945350408554 127.71613532304764 165.16174024343491
leaf_count=145 65 94 112 166 108 148 30634 92 99 115 121
internal_value=0.000178195 0.00441752 8.27778e-06 -0.0080106 0.000169071 0.000244214 0.000108952 -0.00129672 -0.00505638 -0.00994886 0.008951
internal_weight=19334.1 740.877 18593.2 362.644 18230.6 18144.8 17870 529.915 385.26 267.446 274.784
internal_count=31899 465 31434 278 31156 31048 30779 400 308 214 269
is_linear=0
shrinkage=0.095152


Tree=451
num_leaves=16
num_cat=0
split_feature=5 4 1 1 0 8 4 1 4 1 1 0 4 4 7
split_gain=1.56006 1.3663 4.77878 7.96368 4.86734 3.82969 3.55011 5.48099 8.86558 5.14899 4.04941 3.91226 2.49498 8.27298 4.46029
threshold=-1.0818711854003358 1008.8004489774752 0.48641731991927689 0.62911391882717715 0.92765454319593499 7.2200000000000015 1007.5997075027484 -0.99373737808068296 1006.403369886014 -0.99817629101047811 0.060620640628285281 -0.93277975297637239 1009.1002187809194 1009.2983798774027 4.6200000000000001
decision_type=2 2 2 2 2 2 2 2 2 2 2 2 2 2 2
left_child=-1 6 12 5 -5 -4 7 8 -2 -8 -11 -9 14 -14 -3
right_child=1 2 3 4 -6 -7 9 11 -10 10 -12 -13 13 -15 -16
leaf_value=3.888731809596524e-05 0.00038321052755607227 0.023803174562968783 0.034542300465062258 0.00071679428649144481 -0.0049625159770713594 0.0010875229322207336 -0.024887200725619237 -0.0055503684567407632 0.028976128164171031 0.0002601722025390402 -0.0027529610498783072 0.0001611872223332949 -0.0083066759906736381 -0.00025170443012703723 -0.00097675346952034265
leaf_weight=422.48386347293854 189.9860528409481 139.94819495081902 154.92373964190483 1991.2466982901096 249.08971706032753 205.43343490362167 98.507972657680511 766.77752456068993 112.88804998993874 1172.2768056988716 1380.8906867206097 8365.7672414183617 156.73785963654518 3598.6934058666229 328.45171198248863
leaf_count=111 616 238 278 2224 371 255 103 2214 104 1706 1397 14847 220 6828 387
internal_value=0.000272733 0.00014408 0.00122081 0.00442924 0.00230605 0.0175359 -0.000462868 0.000400521 0.0129647 -0.0035385 -0.00270236 -1.6623e-05 -0.000752456 -0.00157239 0.00577991
internal_weight=19334.1 18911.6 6824.52 2600.69 2240.34 360.357 12087.1 9435.42 302.874 2651.68 2553.17 9132.54 4223.83 3755.43 468.4
internal_count=31899 31788 10801 3128 2595 533 20987 17781 720 3206 3103 17061 7673 7048 625
is_linear=0
shrinkage=0.095152


Tree=452
num_leaves=14
num_cat=0
split_feature=0 1 6 9 1 6 1 0 4 7 7 7 7
split_gain=2.66471 1.56332 2.16485 8.63674 5.44016 2.42303 2.25254 2.04786 4.21443 5.14349 2.46879 2.37625 2.27429
threshold=-1.3671690527414386 -0.94485053414543363 -1.0122207178162168 1.318729794503444 1.492640851033227 -1.317565891610319 0.9746956184065646 0.064036825894062441 1007.2010107100986 6.9700000000000015 7.0424135073779324 4.0500000000000034 4.3600000000000021
decision_type=2 2 2 2 2 2 2 2 2 2 2 2 2
left_child=-1 7 3 5 6 -3 -4 8 9 -2 11 -9 -10
right_child=1 2 4 -5 -6 -7 -8 10 12 -11 -12 -13 -14
leaf_value=0.00028229645291575874 0.00025516961002961419 0.00056136390979126777 -0.00010756132123011673 -0.0018024637624323144 -0.0031902879820625554 0.0042002121363323769 0.00073167219217722926 -0.0096661852454265965 0.00026450281004318743 0.02510171993497827 -0.011592567885919725 0.0024163583860751093 -0.0064805536922177068
leaf_weight=104.28068375587463 282.76147347688675 381.12008690834045 14362.066734761 712.22912889719009 119.18691182136536 396.82629179954529 1796.1999777853489 328.9115731716156 69.210139006376266 118.9429834485054 42.889761477708817 243.65251606702805 375.8246973156929
leaf_count=29 982 100 25908 172 33 107 2013 1092 106 128 42 476 711
internal_value=0.00020193 0.000118464 0.000365296 0.00383499 4.65759e-05 0.0107621 0.000197578 -0.00286974 0.000153134 0.00722083 -0.00704049 -0.00532577 -0.00620042
internal_weight=19334.1 19229.8 17767.6 1490.18 16277.5 777.946 16158.3 1462.19 846.739 401.704 615.454 572.564 445.035
internal_count=31899 31870 28333 379 27954 207 27921 3537 1927 1110 1610 1568 817
is_linear=0
shrinkage=0.095152


Tree=453
num_leaves=6
num_cat=0
split_feature=0 6 6 6 6
split_gain=2.87473 2.217 2.10023 3.32964 2.48144
threshold=-1.2285561363750326 -1.3781372461623391 -1.317565891610319 -1.2874680529497173 -1.2606378347608216
decision_type=2 2 2 2 2
left_child=-1 -2 -3 -4 -5
right_child=1 2 3 4 -6
leaf_value=0.00030656728800147065 0.00060863207040957575 -0.0044662336968651611 0.038811505046633228 -0.0036415506757796778 -4.276257841287194e-06
leaf_weight=158.74910867214203 650.95837068557739 148.81079006195068 62.319409132003784 60.348223924636841 18252.917057216167
leaf_count=41 166 33 15 16 31628
internal_value=0.000187589 8.08996e-05 -0.000110403 -1.81223e-05 -9.43294e-05
internal_weight=19334.1 19175.4 18524.4 18375.6 18313.3
internal_count=31899 31858 31692 31659 31644
is_linear=0
shrinkage=0.095152


Tree=454
num_leaves=13
num_cat=0
split_feature=2 7 3 3 2 7 5 9 3 5 5 2
split_gain=3.34937 1.65071 4.99838 5.75564 3.66993 1.67603 9.16851 8.56078 4.02842 3.6276 4.85985 2.25155
threshold=1.003250149981874 8.8950000000000014 1.181499766251304 2.0627388380468767 -0.11593459959550052 5.7800000000000002 0.27146259693822788 1.0000000180025095e-35 1.104330286324712 -1.0000000180025095e-35 -0.49899866845762536 -1.3489882688436168
decision_type=2 2 2 2 2 2 2 2 2 2 2 2
left_child=1 5 -3 -4 -5 9 7 -7 -8 10 -1 -11
right_child=-2 2 3 4 -6 6 8 -9 -10 11 -12 -13
leaf_value=0.00018785480516001155 -0.027462221765686998 0.0094273968415776229 -0.0057926412342718756 0.00073296797189067162 -0.0010361767547670383 -0.003035332946624821 -0.0001875125533324479 -3.8752446110147654e-05 0.0073242172842664351 -0.0096082461185537857 0.0051384584148855966 -0.00028215381545940984
leaf_weight=3379.7572975158691 64.540070533752441 158.88432434201241 162.43409571051598 181.75312215089798 235.83489999175072 1686.527652323246 223.85608524084091 4640.6743954718113 510.13662675023079 71.842762231826782 1279.7644132971764 6738.0972141325474
leaf_count=7767 20 102 114 76 172 2323 376 3631 668 20 1924 14706
internal_value=0.000223616 0.000149708 0.00455593 0.000422859 0.00635597 -2.56211e-05 -0.00117947 -0.00234937 0.00887386 0.000683689 0.00272963 -0.000714585
internal_weight=19334.1 19269.6 738.906 580.022 417.588 18530.7 7061.19 6327.2 733.993 11469.5 4659.52 6809.94
internal_count=31899 31879 464 362 248 31415 6998 5954 1044 24417 9691 14726
is_linear=0
shrinkage=0.095152


Tree=455
num_leaves=14
num_cat=0
split_feature=5 1 1 4 7 4 0 7 1 1 1 3 1
split_gain=2.98522 1.99685 4.29413 7.4694 9.16314 5.50958 3.81839 3.37252 3.37074 3.09972 5.43427 3.56717 2.80812
threshold=-1.1403983238194317 0.58834825398873847 0.53372120176115423 1005.7023375754328 5.080000000000001 1002.2050660130377 1.0645003376832403 8.8950000000000014 0.48641731991927689 0.66484924122790601 0.68719664214447729 3.3514905283583767 0.99166813670569354
decision_type=2 2 2 2 2 2 2 2 2 2 2 2 2
left_child=-1 2 6 5 -5 -4 8 9 -2 11 -11 -3 -9
right_child=1 7 3 4 -6 -7 -8 12 -10 10 -12 -13 -14
leaf_value=0.00045236136948574075 -0.00024988991962625535 0.012312421279420647 -0.0098133361426094527 0.048356097679720482 -0.001987555459718729 -0.022186074380940998 -0.0017533213318065035 0.0063125255548874149 0.0045585959405395303 -0.01834550796939555 0.00019180663196041484 -0.0040619912386672449 -5.6647493351342988e-05
leaf_weight=338.57154107093811 10665.068695485592 485.00856852531433 98.164631903171539 101.2603834271431 185.31429302692413 152.48665055632591 53.946352362632751 206.6874980032444 422.57391619682312 204.78702399134636 6009.1135611832142 198.04490023851395 253.13264626264572
leaf_count=89 21802 588 112 213 191 179 17 96 550 316 7280 307 154
internal_value=0.000412536 0.000254 -0.000518667 -0.00881712 0.00164225 -0.0207708 -0.000116367 0.00148221 -0.000241868 0.000953188 0.000281594 0.00703159 0.00936337
internal_weight=19374.2 19035.6 11678.8 537.226 286.575 250.651 11141.6 7356.77 11087.6 6896.95 6213.9 683.053 459.82
internal_count=31894 31805 23064 695 404 291 22369 8741 22352 8491 7596 895 250
is_linear=0
shrinkage=0.095152


Tree=456
num_leaves=6
num_cat=0
split_feature=6 0 0 4 4
split_gain=2.27456 2.14074 2.06361 1.39505 1.35531
threshold=-1.8088830948184842 -1.3671690527414386 -1.1818386040164222 997.93033254946954 1009.307120732164
decision_type=2 2 2 2 2
left_child=-1 -2 -3 -4 -5
right_child=1 2 3 4 -6
leaf_value=0.0011100611358784926 0.00016197995751599751 -0.004082237342993354 -0.0023727551837171715 -7.3762199941673355e-05 0.00043808757089347419
leaf_weight=119.61428207159042 100.23903918266296 90.33380514383316 65.356967926025391 13207.96442475915 5790.652143150568
leaf_count=34 29 23 31 22409 9368
internal_value=0.000294359 0.000211956 0.000138209 0.000207343 0.000158423
internal_weight=19374.2 19254.5 19154.3 19064 18998.6
internal_count=31894 31860 31831 31808 31777
is_linear=0
shrinkage=0.095152


Tree=457
num_leaves=6
num_cat=0
split_feature=8 6 0 6 6
split_gain=2.85365 2.60234 2.15825 1.72213 1.71258
threshold=11.200000000000005 -1.8088830948184842 -1.3671690527414386 -1.6615587815138919 -0.97609506267564228
decision_type=2 2 2 2 2
left_child=1 -1 -3 -4 -5
right_child=-2 2 3 4 -6
leaf_value=0.0010303897451272958 0.010342703746642333 0.00014656724648393285 -0.0054676987967696641 0.00034545293824032836 -6.5372372795597449e-05
leaf_weight=117.72634559869766 60.887648910284042 100.23903918266296 110.17769038677216 2908.9074112772942 16076.222526878119
leaf_count=33 67 29 25 1661 30079
internal_value=0.000310272 0.000244034 0.000156361 8.20938e-05 0.000152002
internal_weight=19374.2 19313.3 19195.5 19095.3 18985.1
internal_count=31894 31827 31794 31765 31740
is_linear=0
shrinkage=0.095152


Tree=458
num_leaves=6
num_cat=0
split_feature=2 5 0 0 0
split_gain=2.75879 2.16235 1.60063 4.84012 1.29946
threshold=1.003250149981874 -1.1403983238194317 -1.3671690527414386 -1.0030109275060868 0.97067606234733783
decision_type=2 2 2 2 2
left_child=1 -1 -3 -4 -5
right_child=-2 2 3 4 -6
leaf_value=0.00095537511313911532 -0.00031829793786535302 0.00013212668507259087 -0.0042830290352400035 1.0040839192218199e-05 0.00074194458868113457
leaf_weight=332.11870086193085 61.252801179885864 69.459645748138428 139.77857202291489 18086.104660928249 685.44628149271011
leaf_count=86 20 20 44 30377 1347
internal_value=0.000334478 0.000269146 0.000135005 8.08548e-05 0.000213497
internal_weight=19374.2 19312.9 18980.8 18911.3 18771.6
internal_count=31894 31874 31788 31768 31724
is_linear=0
shrinkage=0.095152


Tree=459
num_leaves=7
num_cat=0
split_feature=2 0 0 7 5 7
split_gain=2.74312 2.27345 2.34304 1.98884 5.57287 2.37969
threshold=1.003250149981874 -1.1225163061476626 -1.0030109275060868 8.1799999999999997 -0.020921860193484351 8.1000000000000014
decision_type=2 2 2 2 2 2
left_child=1 -1 -3 5 -5 -4
right_child=-2 2 3 4 -6 -7
leaf_value=8.2197438094618334e-05 -0.00028801126404714918 -0.0032217307990126702 2.0163913995893195e-05 0.00016497009147767725 0.0055366414452291731 -0.0038148609573722455
leaf_weight=220.61962157487869 61.252801179885864 62.585826635360718 17196.599423080683 1542.537110209465 159.89832299947739 130.66755655407906
leaf_count=62 20 23 30462 1057 159 111
internal_value=0.000390588 0.000325434 0.000213424 0.000275163 0.00337724 -2.91267e-05
internal_weight=19374.2 19312.9 19092.3 19029.7 1702.44 17327.3
internal_count=31894 31874 31812 31789 1216 30573
is_linear=0
shrinkage=0.095152


Tree=460
num_leaves=12
num_cat=0
split_feature=0 8 8 2 2 7 7 1 2 7 2
split_gain=5.59597 1.51685 2.85677 2.52408 4.8862 4.73224 1.94955 9.90026 4.67166 2.49965 1.77079
threshold=-1.0666459108822997 8.0900527530617072 8.1300000000000026 -0.39754281428255622 -0.34960951786646516 8.784332015617375 7.6300000000000017 -0.13574673742831869 0.12590087053897756 7.5731807435009602 0.99765581929545111
decision_type=2 2 2 2 2 2 2 2 2 2 2
left_child=-1 6 -3 5 -5 -4 9 -8 -9 10 -2
right_child=1 2 3 4 -6 -7 7 8 -10 -11 -12
leaf_value=0.00022036984660277702 -0.00012268040100849281 0.029103325219950595 -0.00075184061118610274 0.015040445700978705 0.00030995405331742213 0.0023287141914188148 0.013424054369294808 -0.0079018908390463289 0.0019577658469307779 0.0027069500549927847 0.004497416438620257
leaf_weight=259.82100766897202 14273.642076700926 95.69544705748558 1347.9941875040531 114.03168925642967 2023.8748227655888 257.75988504290581 222.76389670372009 373.16083323955536 162.67925310134888 77.800864726305008 250.63584381341934
leaf_count=71 26596 111 1592 74 2113 165 191 189 152 55 626
internal_value=0.000260661 7.18039e-05 0.00176367 0.00134166 0.00348379 -0.00150297 -0.000350362 -0.00504938 -0.0120621 -0.000104922 -0.000197671
internal_weight=19459.9 19200 3839.36 3743.66 2137.91 1605.75 15360.7 758.604 535.84 14602.1 14524.3
internal_count=31935 31864 4055 3944 2187 1757 27809 532 341 27277 27222
is_linear=0
shrinkage=0.095152


Tree=461
num_leaves=8
num_cat=0
split_feature=2 5 5 5 9 8 2
split_gain=4.35433 4.01729 1.48713 7.57433 6.11849 3.35255 2.68501
threshold=1.003250149981874 -1.1403983238194317 -0.4833538702244064 -0.30228335357533792 4.3890401347709682 7.7830212433267496 -0.42889193791248376
decision_type=2 2 2 2 2 2 2
left_child=1 -1 4 -4 6 -5 -3
right_child=-2 2 3 5 -6 -7 -8
leaf_value=0.00094124715104803333 -0.030409600653608791 0.00037904211303481963 0.00057160087028437204 -0.00022831922436406524 0.0084464760500260368 0.00040867810358157327 -0.0011170821499122074
leaf_weight=348.19771647453308 65.379085183143616 3067.6027559041977 487.30106568336487 8677.3732895553112 110.1532227396965 2869.4224792122841 3834.4301928281784
leaf_count=88 20 4209 124 16528 103 3323 7540
internal_value=0.000372333 0.000288161 0.000101963 0.000744355 -0.000998604 0.000252146 -0.0013573
internal_weight=19459.9 19394.5 19046.3 12034.1 7012.19 11546.8 6902.03
internal_count=31935 31915 31827 19975 11852 19851 11749
is_linear=0
shrinkage=0.095152


Tree=462
num_leaves=7
num_cat=0
split_feature=2 5 5 5 5 7
split_gain=4.4246 1.907 5.7349 1.5312 4.96039 2.77521
threshold=1.003250149981874 -1.540240920937143 -1.1403983238194317 -0.4833538702244064 -0.30228335357533792 9.4600000000000009
decision_type=2 2 2 2 2 2
left_child=1 -1 -3 5 -5 -4
right_child=-2 2 3 4 -6 -7
leaf_value=-0.0034710044571040067 -0.027516067437179374 0.0010978731901114932 -0.00035844161470169751 0.00051721192504443109 3.9992659931491438e-05 -0.0021599827273251731
leaf_weight=92.175639986991882 65.379085183143616 256.0220764875412 6816.8023981451988 487.30106568336487 11546.795768767595 195.38377332687378
leaf_count=28 20 60 11712 124 19851 140
internal_value=0.000178868 9.40444e-05 0.000160361 -2.96191e-05 0.000620927 -0.00114779
internal_weight=19459.9 19394.5 19302.3 19046.3 12034.1 7012.19
internal_count=31935 31915 31887 31827 19975 11852
is_linear=0
shrinkage=0.095152


Tree=463
num_leaves=10
num_cat=0
split_feature=5 6 0 0 5 5 0 0 4
split_gain=2.79767 1.92346 5.34284 5.54085 1.67539 6.09546 3.87593 4.88798 3.50793
threshold=-1.1403983238194317 -1.0122207178162168 0.52369568181784298 0.050864728535752406 -0.49899866845762536 -0.30959086439895661 0.40724321670051672 0.071510967169407386 999.12062382229431
decision_type=2 2 2 2 2 2 2 2 2
left_child=-1 2 3 -2 6 -6 7 -3 -7
right_child=1 4 -4 -5 5 8 -8 -9 -10
leaf_value=0.00073680056295155009 0.00039913081094961891 -0.00061693517538310083 0.0014183885945548873 -0.0020847283478421957 0.012487077142849081 -0.026788586369637296 -0.003903884711200093 0.016123016454716324 7.325253425333967e-05
leaf_weight=354.55664777755737 763.33090788125992 6411.717642724514 393.50681245326996 408.50227159261703 310.64596748352051 81.876653850078583 89.758769273757935 102.44620895385742 10543.517925590277
leaf_count=91 199 11693 93 111 79 78 22 28 19541
internal_value=0.000214571 5.81823e-05 0.00325312 1.66811e-05 -0.000226449 0.000495336 -0.00142351 -0.0011486 0.000109196
internal_weight=19459.9 19105.3 1565.34 1171.83 17540 10936 6603.92 6514.16 10625.4
internal_count=31935 31844 403 310 31441 19698 11743 11721 19619
is_linear=0
shrinkage=0.095152


Tree=464
num_leaves=9
num_cat=0
split_feature=6 5 4 5 5 6 6 4
split_gain=2.44046 4.48348 5.88846 3.49471 2.11887 1.56486 5.09802 4.70234
threshold=-1.0122207178162168 0.27565180707182441 1008.4003875005861 -1.0818711854003358 -1.0013879852237297 -0.70674862550735462 -0.50248067388556295 1008.8986866046024
decision_type=2 2 2 2 2 2 2 2
left_child=1 2 -1 -2 -5 7 -7 -6
right_child=3 -3 -4 4 5 6 -8 -9
leaf_value=0.0004123843914297982 0.00075340282051258043 0.00070704301688274756 -0.0021357820111033272 -0.0085160809125924917 -0.0013271384494267331 0.0089671065401624693 0.0001113837624357757 0.00059932009369218257
leaf_weight=774.12660926580429 304.83000767230988 378.36087214946747 519.69390457868576 62.504609704017639 5171.3133581280708 419.51014375686646 8808.3238445818424 3021.1964577436447
leaf_count=199 81 96 133 15 5938 111 22114 3248
internal_value=0.000320204 0.00379407 0.00111398 -5.91307e-06 -0.00018311 -0.000118944 0.000729923 -0.00107661
internal_weight=19459.9 1672.18 1293.82 17787.7 17482.8 17420.3 9227.83 8192.51
internal_count=31935 428 332 31507 31426 31411 22225 9186
is_linear=0
shrinkage=0.095152


end of trees

feature_importances:
doy_sin=804
doy_cos=680
local_hour_cos=607
hour_cos=571
temp_range_24h=549
local_hour_sin=544
diurnal_amplitude_12h=503
pressure_hpa=495
wind_ms=489
hi_residual_lag1h=449

parameters:
[boosting: gbdt]
[objective: quantile]
[metric: quantile]
[tree_learner: serial]
[device_type: cpu]
[data_sample_strategy: bagging]
[data: ]
[valid: ]
[num_iterations: 465]
[learning_rate: 0.095152]
[num_leaves: 64]
[num_threads: 2]
[seed: 123]
[deterministic: 0]
[force_col_wise: 0]
[force_row_wise: 0]
[histogram_pool_size: -1]
[max_depth: 5]
[min_data_in_leaf: 100]
[min_sum_hessian_in_leaf: 0.00165865]
[bagging_fraction: 0.918515]
[pos_bagging_fraction: 1]
[neg_bagging_fraction: 1]
[bagging_freq: 5]
[bagging_seed: 19053]
[bagging_by_query: 0]
[feature_fraction: 0.647773]
[feature_fraction_bynode: 1]
[feature_fraction_seed: 13104]
[extra_trees: 0]
[extra_seed: 3265]
[early_stopping_round: 0]
[early_stopping_min_delta: 0]
[first_metric_only: 0]
[max_delta_step: 0]
[lambda_l1: 0.133967]
[lambda_l2: 1.35158]
[linear_lambda: 0]
[min_gain_to_split: 0]
[drop_rate: 0.1]
[max_drop: 50]
[skip_drop: 0.5]
[xgboost_dart_mode: 0]
[uniform_drop: 0]
[drop_seed: 23075]
[top_rate: 0.2]
[other_rate: 0.1]
[min_data_per_group: 100]
[max_cat_threshold: 32]
[cat_l2: 10]
[cat_smooth: 10]
[max_cat_to_onehot: 4]
[top_k: 20]
[monotone_constraints: ]
[monotone_constraints_method: basic]
[monotone_penalty: 0]
[feature_contri: ]
[forcedsplits_filename: ]
[refit_decay_rate: 0.9]
[cegb_tradeoff: 1]
[cegb_penalty_split: 0]
[cegb_penalty_feature_lazy: ]
[cegb_penalty_feature_coupled: ]
[path_smooth: 0]
[interaction_constraints: ]
[verbosity: -1]
[saved_feature_importance_type: 0]
[use_quantized_grad: 0]
[num_grad_quant_bins: 4]
[quant_train_renew_leaf: 0]
[stochastic_rounding: 1]
[linear_tree: 0]
[max_bin: 255]
[max_bin_by_feature: ]
[min_data_in_bin: 3]
[bin_construct_sample_cnt: 200000]
[data_random_seed: 440]
[is_enable_sparse: 1]
[enable_bundle: 1]
[use_missing: 1]
[zero_as_missing: 0]
[feature_pre_filter: 1]
[pre_partition: 0]
[two_round: 0]
[header: 0]
[label_column: ]
[weight_column: ]
[group_column: ]
[ignore_column: ]
[categorical_feature: ]
[forcedbins_filename: ]
[precise_float_parser: 0]
[parser_config_file: ]
[objective_seed: 32363]
[num_class: 1]
[is_unbalance: 0]
[scale_pos_weight: 1]
[sigmoid: 1]
[boost_from_average: 1]
[reg_sqrt: 0]
[alpha: 0.5]
[fair_c: 1]
[poisson_max_delta_step: 0.7]
[tweedie_variance_power: 1.5]
[lambdarank_truncation_level: 30]
[lambdarank_norm: 1]
[label_gain: ]
[lambdarank_position_bias_regularization: 0]
[eval_at: ]
[multi_error_top_k: 1]
[auc_mu_weights: ]
[num_machines: 1]
[local_listen_port: 12400]
[time_out: 120]
[machine_list_filename: ]
[machines: ]
[gpu_platform_id: -1]
[gpu_device_id: -1]
[gpu_use_dp: 0]
[num_gpu: 1]

end of parameters

pandas_categorical:[]
