tree
version=v4
num_class=1
num_tree_per_iteration=1
label_index=0
max_feature_idx=9
objective=quantile
feature_names=hour_cos doy_sin doy_cos wind_ms pressure_hpa local_hour_sin local_hour_cos diurnal_amplitude_12h temp_range_24h hi_residual_lag1h
feature_infos=[-2.0319489666547228:1.7157502781061855] [-1.9121118146779352:2.2748474139302846] [-2.4014980291591197:1.2077376194171088] [-0.64872547880507081:4.6799999999999997] [914.70000000000005:1023.1] [-2.0901831043690944:1.1070763078959558] [-2.4978157594452663:1.1248989009136094] [0.48000000000000043:20.010000000000002] [1.4400000000000013:20.010000000000002] [-13.973025970877725:15.390310082180081]
tree_sizes=1616 1897 1701 1692 1923 1809 2115 2036 1940 1696 2046 1727 1723 1792 1927 1731 1637 1730 1728 1739 1846 1304 2261 1749 1720 1760 1963 1744 2250 1830 2165 2565 2788 2184 2386 2055 2162 2683 2060 1727 2047 2042 2292 1960 1640 2359 2086 2284 1739 2713 2278 2399 2138 2786 2231 2180 2469 2386 2493 1863 2591 1944 2296 2720 3451 2784 2180 2491 2595

Tree=0
num_leaves=15
num_cat=0
split_feature=7 4 6 6 4 4 1 4 6 4 6 6 8 7
split_gain=194.297 198.451 38.499 15.3253 16.2196 4.30937 3.30979 7.09969 16.8644 0.603976 0.792573 0.196124 0.133183 0.0218224
threshold=12.76296878357233 924.45000000000016 -0.0088623294401669675 -0.53519773033883966 1006.4088372431141 921.43215539812297 0.83219004266160257 926.45000000000016 -0.5 933.35000000000002 -0.70710678118654757 -0.5 13.695000000000006 12.390000000000004
decision_type=2 2 2 2 2 2 2 2 2 2 2 2 2 2
left_child=6 2 -2 4 -3 -4 13 8 -8 10 -9 -5 -11 -1
right_child=1 3 5 11 -6 -7 7 9 -10 12 -12 -13 -14 -15
leaf_value=27.51519625814954 24.818676632618899 24.70433669149299 24.816332204481469 25.590472007607914 25.937808283396457 26.819627692316416 25.037828504486139 25.037828504486139 27.105477817739114 27.02925082684461 26.286040573441039 27.08642107001549 26.209813946023765 26.495664071446463
leaf_weight=11323.19278177619 648.707573980093 129.76328861713409 43.490932822227478 126.47865030169487 117.38913056254387 72.86081936955452 124.19585147500038 42.954709082841873 209.28800386190414 1104.4849298298359 132.22733753919601 720.68581649661064 216.2234602868557 179.09876307845116
leaf_count=19990 460 276 70 196 231 193 158 116 621 1277 371 1288 553 238
internal_value=25.6 25.5712 25.5341 25.5977 25.5768 25.5899 25.604 25.6 25.5878 25.6031 25.5999 25.6033 25.6038 25.6046
internal_weight=15191 1859.38 765.059 1094.32 247.152 116.352 13331.7 1829.37 333.484 1495.89 175.182 847.164 1320.71 11502.3
internal_count=26038 2714 723 1991 507 263 23324 3096 779 2317 487 1484 1830 20228
is_linear=0
shrinkage=1


Tree=1
num_leaves=17
num_cat=0
split_feature=7 4 6 6 4 1 4 6 2 6 4 4 6 6 8 7
split_gain=171.486 175.266 32.1739 13.3436 4.30937 2.71308 5.59577 13.2485 2.38404 2.25404 3.70399 0.567814 0.73969 0.196124 0.177497 0.0192182
threshold=12.76296878357233 924.45000000000016 -0.0088623294401669675 -0.96349353326193965 921.43215539812297 0.83219004266160257 926.25000000000011 -0.5 0.63874942205152718 -0.53519773033883966 1006.4088372431141 933.35000000000002 -0.70710678118654757 -0.5 13.695000000000006 12.390000000000004
decision_type=2 2 2 2 2 2 2 2 2 2 2 2 2 2 2 2
left_child=5 2 -2 8 -4 15 7 -7 -3 10 -5 12 -8 -11 -13 -1
right_child=1 3 4 9 -6 6 11 -9 -10 13 -12 14 -14 -15 -16 -17
leaf_value=1.7327095494938252 -0.70687658498257822 -0.74362357704913984 -0.7089976280943 -0.81985020446641366 1.1034171042551968 -0.50860624313529579 -0.50860624313529579 1.3334451616191179 -0.7920112261132296 -0.0086204782406552657 0.30782404249148942 1.2930666390179311 0.55397353170389696 1.344789508461862 0.55170846991662492 0.81032183060460061
leaf_weight=11323.19278177619 648.707573980093 53.927867233753204 43.490932822227478 58.668720722198486 72.86081936955452 120.26498517394066 44.88272362947464 201.5657744705677 41.121938109397888 126.47865030169487 93.433893114328384 1104.4849298298359 141.95241868495941 720.68581649661064 216.2234602868557 179.09876307845116
leaf_count=19990 460 117 70 111 193 148 121 597 108 196 171 1277 400 1288 553 238
internal_value=0.000231594 -0.0268089 -0.0616802 -0.00185424 -0.0101228 0.00404578 0.000347019 -0.0106667 -0.0353228 0.000995183 -0.00875381 0.00303442 0 0.00333589 0.00379431 0.00459262
internal_weight=15191 1859.38 765.059 1094.32 116.352 13331.7 1829.37 321.831 95.0498 999.267 152.103 1507.54 186.835 847.164 1320.71 11502.3
internal_count=26038 2714 723 1991 263 23324 3096 745 225 1766 282 2351 521 1484 1830 20228
is_linear=0
shrinkage=0.0952834


Tree=2
num_leaves=15
num_cat=0
split_feature=7 4 6 6 4 4 1 4 6 8 6 4 8 6
split_gain=162.306 155.571 21.4111 16.2249 10.3956 8.61329 3.48844 6.53577 17.5489 1.31691 0.872481 1.03449 0.329821 0.162184
threshold=12.941314850373493 924.05000000000007 -0.26000684011206787 -0.76586424664958674 1007.2184028480634 921.60049983910392 0.83219004266160257 931.05000000000007 -0.70710678118654757 14.415000000000001 -0.5 1006.4088372431141 13.695000000000006 -0.34677904159092959
decision_type=2 2 2 2 2 2 2 2 2 2 2 2 2 2
left_child=6 2 -2 4 -3 -4 -1 8 9 -8 11 -5 -9 -10
right_child=1 3 5 10 -6 -7 7 12 13 -11 -12 -13 -14 -15
leaf_value=1.548554387755559 -0.63952299815736502 -0.7633913131450889 -0.64144194112258257 -0.57022210731672318 0.020529241111911706 0.36940930435728503 -0.55542789881253141 1.1508025011238074 -0.09873395721219011 -0.33627620868390762 1.1880684853947199 0.41430474616504315 0.39432807580643409 1.168276874084724
leaf_weight=11577.623264223337 547.26131957769394 106.49416321516037 80.635417282581329 96.173900365829468 57.380036681890488 66.472249239683151 96.287386983633041 1123.2654993534088 62.283061683177948 72.066601395606995 656.30871671438217 113.20792511105537 234.20193195343018 301.380575299263
leaf_count=20348 321 234 113 125 124 176 118 1311 186 120 1216 202 588 856
internal_value=0.00035362 -0.0271022 -0.0618452 -0.00305444 -0.03031 -0.0234957 0.00391084 0 -0.00879511 -0.0339994 0.00168526 -0.00242399 0.00362086 0.00184773
internal_weight=15191 1723.93 694.369 1029.56 163.874 147.108 13467.1 1889.49 532.018 168.354 865.691 209.382 1357.47 363.664
internal_count=26038 2511 610 1901 358 289 23527 3179 1280 238 1543 327 1899 1042
is_linear=0
shrinkage=0.0952834


Tree=3
num_leaves=15
num_cat=0
split_feature=7 4 6 4 6 9 8 1 4 6 4 6 8 6
split_gain=147.384 146.726 20.0054 14.6018 10.6145 6.2875 3.62604 2.94655 6.30115 8.43389 1.20565 2.65641 0.362986 0.257089
threshold=12.941314850373493 923.24365163750679 -0.53519773033883966 1006.4088372431141 -0.41749678646600874 0.12013954118669547 16.455000000000005 0.84540758633253466 923.85000000000002 -0.26000684011206787 933.35000000000002 -0.5 13.695000000000006 -0.5
decision_type=2 2 2 2 2 2 2 2 2 2 2 2 2 2
left_child=7 4 3 6 -2 -6 -3 -1 9 -9 11 -10 -12 -4
right_child=1 2 13 -5 5 -7 -8 8 10 -11 12 -13 -14 -15
leaf_value=1.3914747069777615 -0.5785870884127039 -0.65258963483814425 -0.14403315329526303 0.24202584154051382 -0.53137990233269894 -0.58032318801549243 -0.69065281227538111 -2.0848313270522563 -0.42810299152864301 0.84733601241744505 1.0602065389425372 1.5999706371874485 0.29958510439851727 1.055808562484148
leaf_weight=11642.968261927366 490.33917611837387 103.94333481788635 129.33171537518501 106.40381354093552 70.689279586076736 57.202140808105469 79.929769843816757 83.549311369657516 115.56122928857803 86.870398133993149 1097.8532303571701 219.54246801137924 220.76342180371284 686.09449809789658
leaf_count=20494 260 180 205 205 167 52 154 65 273 262 1250 636 547 1288
internal_value=0.000542646 -0.0256172 -0.00430715 -0.0257668 -0.0626794 -0.0294935 -0.0417612 0.00393354 9.89792e-05 -0.016823 0.00216682 -0.00209404 0.00361023 0.00284998
internal_weight=15191 1723.93 1105.7 290.277 618.231 127.891 183.873 13467.1 1824.14 170.42 1653.72 335.104 1318.62 815.426
internal_count=26038 2511 2032 539 479 219 334 23527 3033 327 2706 909 1797 1493
is_linear=0
shrinkage=0.0952834


Tree=4
num_leaves=17
num_cat=0
split_feature=7 4 6 7 4 6 6 4 7 6 1 1 1 6 6 7
split_gain=137.694 104.252 17.9448 15.255 23.9027 5.44125 4.56564 3.51484 1.1225 1.48905 0.395164 0.276315 0.102006 0.0967973 0.0855085 0.00935329
threshold=14.155000000000003 924.45000000000016 -0.26000684011206787 12.941314850373493 921.43215539812297 -0.53519773033883966 -0.86658654440487759 928.6500000000002 12.390000000000004 -0.95102730602041718 0.97505550290239451 0.98930504265984687 0.96900085243778578 -0.5 -0.0088623294401669675 10.100000000000005
decision_type=2 2 2 2 2 2 2 2 2 2 2 2 2 2 2 2
left_child=3 2 -2 8 -5 7 -6 -3 10 -10 15 -12 -11 -8 -7 -1
right_child=1 5 -4 4 6 14 13 -9 9 12 11 -13 -14 -15 -16 -17
leaf_value=1.2762350704411807 -0.55784139513837849 -0.64492607059378804 -0.5250280359888494 -0.40445452959184264 -0.41527171953720238 -0.0071545661228163563 -0.035207003658728177 0.0093413044817909734 -1.0203928481961995 1.0723176748914562 -0.25301893876546216 0.55241622248552591 -0.17898018746191741 1.4792661224229464 1.0314341865652703 0.35369823663517563
leaf_weight=10788.101266562939 419.24601221084595 55.631920218467712 112.96713531017303 125.41244426369667 75.14459639787674 131.94875058531761 146.17601501941681 37.461337119340897 77.37955704331398 278.61818495392799 248.22243389487267 405.31731313467026 70.987395465373993 301.16490617394447 318.7806108891964 1598.4821698367596
leaf_count=19369 265 143 201 84 116 253 219 95 78 434 429 687 98 562 573 2432
internal_value=0.000884415 -0.0318598 -0.0616909 0.00342299 -0.0106115 -0.00154958 -0.000593011 -0.0224505 0.00413643 0 0.0042955 0.000921947 0.00194527 0.00218275 0.00189879 0.00443497
internal_weight=15191 1076.04 532.213 14115 647.898 543.823 522.486 93.0933 13467.1 426.985 13040.1 653.54 349.606 447.341 450.729 12386.6
internal_count=26038 1530 466 24508 981 1064 897 238 23527 610 22917 1116 532 781 826 21801
is_linear=0
shrinkage=0.0952834


Tree=5
num_leaves=16
num_cat=0
split_feature=7 4 7 4 9 6 1 6 1 9 1 6 8 2 4
split_gain=122.141 56.7564 30.2935 43.075 7.83341 5.95504 3.75607 3.10965 2.82134 1.81916 0.822426 1.61899 2.15896 0.115932 0.0187058
threshold=15.135000000000003 924.45000000000016 12.941314850373493 923.05000000000007 0.24448328862192173 -0.76586424664958674 0.70197895670245292 -0.50962891099908625 0.9927395293426734 -0.1742868364499017 0.44099124915691507 -0.5 13.695000000000006 -0.13425827411848565 927.85000000000002
decision_type=2 2 2 2 2 2 2 2 2 2 2 2 2 2 2
left_child=2 8 10 4 -4 6 -5 -3 9 -2 -1 12 -12 -7 -9
right_child=1 7 3 5 -6 13 -8 14 -10 -11 11 -13 -14 -15 -16
leaf_value=1.7665884718422931 -0.54087672251161434 -0.58250114167441258 -0.29700909824029526 0.12849747473683792 -0.35597044910393361 -0.088841232471265172 -0.53356849764422398 -0.37222665609215316 -0.5097629189428079 -0.61128971541263766 0.18650191298173102 1.1333343675782424 -0.30085972906738739 0.42241438702941619 0.53735614887704708
leaf_weight=9433.2604113519192 106.77434211969376 51.365511059761047 128.46194738149643 52.005859822034836 160.73259961605072 71.156771928071976 92.988615036010742 61.227563709020615 181.57421615719795 78.747047990560532 1479.1411719620228 2202.0616402328014 352.64509734511375 596.55791315436363 142.34134021401405
leaf_count=17016 190 133 158 126 75 60 147 139 83 52 1351 4460 700 1012 336
internal_value=0.00105006 -0.0401024 0.00285077 -0.0122018 -0.0435144 -0.000311476 -0.0180106 -0.00342952 -0.0639648 -0.0456645 0.00412097 0.0026774 0.000296278 0.0029186 0
internal_weight=15191 622.03 14569 1101.9 289.195 812.709 144.994 254.934 367.096 185.521 13467.1 4033.85 1831.79 667.715 203.569
internal_count=26038 933 25105 1578 233 1345 273 608 325 242 23527 6511 2051 1072 475
is_linear=0
shrinkage=0.0952834


Tree=6
num_leaves=19
num_cat=0
split_feature=7 4 7 4 9 1 6 6 6 7 6 4 9 6 1 6 1 4
split_gain=110.006 51.7988 19.7978 25.8162 4.37255 3.97164 3.15574 2.36186 2.29678 1.04896 3.05358 3.26259 0.597056 0.468808 0.2899 0.234674 0.0708933 0.0187058
threshold=15.135000000000003 924.45000000000016 12.941314850373493 924.05000000000007 0.30836274824765125 0.9927395293426734 -0.50962891099908625 -0.96349353326193965 -0.50962891099908625 10.100000000000005 -0.76586424664958674 1003.2330323434704 -0.1742868364499017 -0.5 0.97505550290239451 -0.5 0.9927395293426734 927.85000000000002
decision_type=2 2 2 2 2 2 2 2 2 2 2 2 2 2 2 2 2 2
left_child=2 5 9 4 6 12 -4 -5 -3 14 11 -11 -2 -12 -1 -9 -16 -10
right_child=1 8 3 7 -6 -7 -8 15 17 10 13 -13 -14 -15 16 -17 -18 -19
leaf_value=1.1056620902643863 -0.48934016285555954 -0.52699846687224694 -0.23559758384824728 -0.46496258992524303 -0.32205051880270824 -0.46119098750426013 -0.0021589252423154705 -0.071920239543239312 -0.33675964398228186 -0.65181201542135592 0.0031625047544506643 0.62250444317030051 -0.5530439681392012 1.3268239495279044 -0.12247773888891322 1.0166708989440256 0.7499660959095733 0.48615504135932597
leaf_weight=10788.101266562939 106.77434211969376 51.365511059761047 88.172725588083267 70.483687341213226 186.59840154647827 181.57421615719795 71.200526654720306 199.41508194804192 61.227563709020615 205.50009450316429 306.76718235015869 246.88088801503181 78.747047990560532 1527.337978631258 184.13755574822426 486.03328385949135 208.38335508108139 142.34134021401405
leaf_count=19369 190 133 57 157 96 83 165 296 139 372 389 261 52 2352 394 807 390 336
internal_value=0.00127634 -0.0377707 0.0029865 -0.00914009 -0.0305449 -0.0605582 -0.0135019 0.000151264 -0.00267646 0.0040164 0.00177892 -0.00476659 -0.0418656 0.00365783 0.00443085 0.00249463 0.000296453 0
internal_weight=15191 622.03 14569 1101.9 345.972 367.096 159.373 755.932 254.934 13467.1 2286.49 452.381 185.521 1834.11 11180.6 685.448 392.521 203.569
internal_count=26038 933 25105 1578 318 325 222 1260 608 23527 3374 633 242 2741 20153 1103 784 475
is_linear=0
shrinkage=0.0952834


Tree=7
num_leaves=18
num_cat=0
split_feature=7 4 7 4 1 9 9 6 6 1 4 6 6 4 7 6 9
split_gain=103.66 44.2088 17.5914 22.4618 5.3377 2.84603 2.68862 2.59274 2.1026 1.43988 2.12969 7.36604 0.579602 1.52837 0.0519475 0.0284546 0.00171043
threshold=15.135000000000003 924.45000000000016 13.175000000000002 924.05000000000007 0.9927395293426734 0.50248361563511079 -0.27840139202804787 -0.60990840994973461 -0.50962891099908625 0.44099124915691507 1000.5060216028497 -0.70710678118654757 -0.5 1006.0061067655964 12.76296878357233 -0.0088623294401669675 -0.11523835942085368
decision_type=2 2 2 2 2 2 2 2 2 2 2 2 2 2 2 2 2
left_child=2 4 9 5 6 7 -2 -4 -3 -1 11 -11 13 -5 -12 -14 -10
right_child=1 8 3 12 -6 -7 -8 -9 16 10 14 -13 15 -15 -16 -17 -18
leaf_value=1.5389154787710611 -0.41381247029338419 -0.47348083948690911 -0.21354330505877248 -0.40313726568969299 -0.43319905849895024 -0.29644694218047579 -0.48771164804119826 -0.026119136413373611 -0.19342832349285241 -0.55991581964737913 0.67452374551234939 0.77162449726505644 0.17484159130805607 0.069803586095226258 -0.057159328936300505 0.90642326475653523 0.70591205134386759
leaf_weight=9395.4751324057579 105.29381355643272 51.505287736654282 80.892523020505905 89.453163862228394 180.27131193876266 126.69323691725731 101.89958745241165 84.479302138090134 87.193322628736496 381.71589168906212 2488.5440095663071 1176.1424996256828 56.384860247373581 120.90714368224144 74.289093852043152 338.76830485463142 118.40781971812248
leaf_count=17115 186 133 57 185 84 62 65 162 216 698 3351 2541 122 201 97 569 241
internal_value=0.00136723 -0.0358318 0.00307365 -0.00966258 -0.0560782 -0.0311814 -0.0384542 -0.0169344 -0.00309333 0.00395719 0.00223541 -0.000268103 8.75303e-05 -0.00296371 0.00393925 0.00290964 0
internal_weight=15058.3 644.571 14413.7 897.579 387.465 292.065 207.193 165.372 257.106 13516.2 4120.69 1557.86 605.513 210.36 2562.83 395.153 205.601
internal_count=26085 925 25160 1358 335 281 251 219 590 23802 6687 3239 1077 386 3448 691 457
is_linear=0
shrinkage=0.0952834


Tree=8
num_leaves=17
num_cat=0
split_feature=7 4 7 4 6 9 1 1 6 7 1 6 3 3 1 9
split_gain=94.3687 36.2012 18.6769 23.5201 2.52775 2.22216 3.49497 1.18376 1.03114 0.436736 0.303211 0.919804 0.371052 0.183788 0.125173 0.000136203
threshold=15.515000000000002 923.85000000000002 12.941314850373493 923.85000000000002 -0.50962891099908625 0.43898668222203524 0.93823075653444021 0.97505550290239451 -0.86658654440487759 12.045000000000003 0.44099124915691507 -0.86479707238577597 2.6540336670005602 0.90326307960854468 0.9927395293426734 -0.90457480417215297
decision_type=2 2 2 2 2 2 2 2 2 2 2 2 2 2 2 2
left_child=2 -2 7 5 -3 6 -4 10 -5 14 12 -12 -1 -10 -9 -6
right_child=1 4 3 8 15 -7 -8 9 13 -11 11 -13 -14 -15 -16 -17
leaf_value=1.423171439908838 -0.38216577656264966 -0.43264361800056111 -0.19351259758425482 -0.32908034145567305 -0.54864418155058048 -0.2682004769793207 -0.37089595050212693 -0.050364013137847406 -0.11261156744250995 -0.19210273056032598 0.04477623586607337 0.62500192743467042 -0.043550781862657484 0.18591651307197821 0.61423589596496775 0.57414014140147007
leaf_weight=9235.3221631348133 305.76985457539558 47.943781316280365 119.35379660129547 100.39047142863274 40.715727180242538 158.2716720700264 100.77524667978287 289.87443655729294 109.67373588681221 136.65415516495705 942.53150886297226 2311.9581086337566 134.74773800373077 585.72569593787193 322.27926200628281 116.32895085215569
leaf_count=16971 240 117 129 179 121 81 134 550 259 137 1113 4234 88 950 518 264
internal_value=0.00145844 -0.0385612 0.00290692 -0.00846811 -0.00481257 -0.0279047 -0.0167995 0.00394338 0.000282975 0 0.00416212 0.0028842 0.00455404 0.00214978 0.00133874 0
internal_weight=15058.3 510.758 14547.6 1174.19 204.988 378.401 220.129 13373.4 795.79 748.808 12624.6 3254.49 9370.07 695.399 612.154 157.045
internal_count=26085 742 25343 1732 502 344 263 23611 1388 1205 22406 5347 17059 1209 1068 385
is_linear=0
shrinkage=0.0952834


Tree=9
num_leaves=15
num_cat=0
split_feature=7 4 7 4 6 4 6 1 7 6 4 1 6 3
split_gain=89.1513 34.4914 16.9318 16.1798 2.02187 2.19789 1.9883 1.86884 1.58315 2.09479 2.02138 0.390101 0.648014 0.254468
threshold=15.515000000000002 923.85000000000002 13.390000000000004 923.05000000000007 -0.5 1006.4088372431141 -0.26000684011206787 0.90880922144842613 11.665000000000004 -0.30301485257282251 932.25000000000011 0.5772862706790628 -0.5 2.6540336670005602
decision_type=2 2 2 2 2 2 2 2 2 2 2 2 2 2
left_child=2 -2 8 7 5 -5 -3 -4 11 10 -10 13 -13 -1
right_child=1 6 3 4 -6 -7 -8 -9 9 -11 -12 12 -14 -15
leaf_value=1.1624371861837044 -0.34575173150841715 -0.39667589247871315 -0.29470736234508854 -0.32474867551627123 0.57305536627662823 0.35119169847874071 0.52309761177033565 -0.24264543031833183 -0.26209887194323345 1.1085908005359215 0.0040182024505949496 0.074005441301915664 0.92745070384198358 0.061375939402120855
leaf_weight=9746.7475955784321 305.76985457539558 70.387126982212067 135.47638460993767 160.63001042604446 413.11191084980965 91.692309647798538 134.60133236646652 125.05551996827126 217.86022716760635 670.44543147087097 260.42046993970871 1245.7970333099365 1303.5378927886486 176.78320521116257
leaf_count=17504 240 178 92 229 720 184 324 119 256 1164 325 1494 3158 98
internal_value=0.0015283 -0.0373651 0.00293689 -0.009357 -0.00068829 -0.00786186 -0.00438207 -0.0293444 0.00380997 0 -0.00436995 0.00412362 0.00255655 0.00447731
internal_weight=15058.3 510.758 14547.6 925.966 665.434 252.322 204.988 260.532 13621.6 1148.73 478.281 12472.9 2549.33 9923.53
internal_count=26085 742 25343 1344 1133 413 502 211 23999 1745 581 22254 4652 17602
is_linear=0
shrinkage=0.0952834


Tree=10
num_leaves=18
num_cat=0
split_feature=7 4 7 4 6 6 7 6 4 6 6 4 1 6 3 4 3
split_gain=77.2651 29.4419 14.8221 15.0532 5.1903 2.99388 1.20115 1.74243 1.28712 0.493779 0.285846 0.632379 0.228369 0.499207 0.234995 0.0561926 0.00207009
threshold=16.045000000000005 922.80599185709355 13.390000000000004 924.45000000000016 -0.60990840994973461 -0.26000684011206787 11.295000000000003 -0.30301485257282251 933.35000000000002 -0.17771884334599816 -0.0088623294401669675 1004.1302876865988 0.5772862706790628 -0.5 2.6540336670005602 923.85000000000002 2.0839825755699
decision_type=2 2 2 2 2 2 2 2 2 2 2 2 2 2 2 2 2
left_child=2 -2 6 4 -4 -3 12 8 -8 -6 11 -5 14 -14 -1 -9 -12
right_child=1 5 3 10 9 -7 7 15 -10 -11 16 -13 13 -15 -16 -17 -18
leaf_value=1.0314698985483925 -0.30502458445527247 -0.37578051712469135 -0.27549340556982482 -0.32362117965522358 0.022888828653081283 0.2389009856652978 -0.32235525462793158 0.3987505972851475 0.0036353345591027988 -0.2094692239188953 0.79087601084673653 0.022013622736458672 0.086427190928964587 0.83478502863716786 0.055527832743443632 1.1714599608526191 0.076711031811524361
leaf_weight=9648.3547205328941 195.46470496058464 68.896515667438507 256.17147195339203 94.165821969509125 90.149331629276276 104.14006423950195 259.9316211938858 61.314554899930954 292.68401247262955 74.505700498819351 306.82751014828682 184.37224107980728 1191.6384249031544 1229.0176979005337 176.78320521116257 761.86761835217476 62.031087279319763
leaf_count=17349 119 166 135 224 92 268 325 207 373 168 523 315 1427 2986 98 1234 76
internal_value=0.00173678 -0.0410216 0.00285319 -0.00779269 -0.0217726 -0.00876382 0.00372493 0.000619498 -0.00306353 -0.00471613 0.000652516 -0.000449247 0.0040349 0.00259343 0.00434066 0.0036663 0.00274695
internal_weight=15058.3 368.501 14689.8 1068.22 420.827 173.037 13621.6 1375.8 552.616 164.655 647.397 278.538 12245.8 2420.66 9825.14 823.182 368.859
internal_count=26085 553 25532 1533 395 434 23999 2139 698 260 1138 539 21860 4413 17447 1441 599
is_linear=0
shrinkage=0.0952834


Tree=11
num_leaves=15
num_cat=0
split_feature=7 4 7 4 1 6 1 6 2 6 4 3 3 3
split_gain=56.6889 20.9359 9.82457 11.6546 6.0737 2.08666 1.72595 3.4809 2.95369 0.514396 0.551008 0.351046 0.323672 0.0417674
threshold=16.045000000000005 922.80599185709355 13.390000000000004 923.05000000000007 0.90880922144842613 -0.26000684011206787 0.15005400879207817 -0.5 0.53435276464917691 -0.53519773033883966 1006.0061067655964 2.2738909580739119 0.26423164388591186 2.1201984953561079
decision_type=2 2 2 2 2 2 2 2 2 2 2 2 2 2
left_child=2 -2 6 4 -4 -3 11 8 -8 10 -5 -1 -9 -11
right_child=1 5 3 9 -6 -7 7 12 -10 13 -12 -13 -14 -15
leaf_value=1.2298784530977984 -0.27596081254742372 -0.33997488114085789 -0.23238456515063824 -0.30687805235073101 -0.25028351142531413 0.21613769342662062 0.029575259465401463 -0.08049426164862912 -0.59091188156522323 0.44309538120373831 0.016203266325730992 0.18437972818584455 1.0228739081587868 0.0089530577753151042
leaf_weight=7343.1655723750591 195.46470496058464 68.896515667438507 154.92309367656708 113.98852947354317 182.48080137372017 104.14006423950195 2167.4816806018353 64.841549158096313 310.68511220812798 462.40177860856056 72.592414617538452 234.7486452460289 3500.6692958772182 81.836546808481216
leaf_count=14510 119 166 106 203 156 268 2096 103 909 820 151 159 6222 97
internal_value=0.00184661 -0.0347548 0.00280679 -0.00581181 -0.0203823 -0.0070607 0.00351897 0.00216011 -0.000412832 0.000351444 -0.00297313 0.00453855 0.00407917 0.00236728
internal_weight=15058.3 368.501 14689.8 1068.22 337.404 173.037 13621.6 6043.68 2478.17 730.819 186.581 7577.91 3565.51 544.238
internal_count=26085 553 25532 1533 262 434 23999 9330 3005 1271 354 14669 6325 917
is_linear=0
shrinkage=0.0952834


Tree=12
num_leaves=15
num_cat=0
split_feature=7 4 7 6 4 1 6 4 6 2 3 5 0 4
split_gain=44.273 15.629 8.09115 7.93735 4.36595 1.84853 3.10084 2.84489 1.59117 0.592273 0.349172 0.313671 0.184479 0.14949
threshold=16.045000000000005 922.80599185709355 13.390000000000004 -0.60990840994973461 923.85000000000002 0.15005400879207817 -0.5 1000.5060216028497 -0.26000684011206787 -0.97502841500522164 2.2738909580739119 -0.8146544009648502 -0.70710678118654757 1006.0061067655964
decision_type=2 2 2 2 2 2 2 2 2 2 2 2 2 2
left_child=2 -2 5 4 -4 10 7 -7 -3 -8 -1 12 -5 -6
right_child=1 8 3 11 13 6 9 -9 -10 -11 -12 -13 -14 -15
leaf_value=1.1126914830735712 -0.2496663349212799 -0.30758092700263068 -0.22568266860787278 0.17735013418984663 -0.27763767576608772 -0.28599315824065674 -0.077368491298428849 0.13317374242332908 0.1955433645017631 0.97331985320227843 0.16681140537673544 0.021863321648149945 -0.16736790357755488 0.01465936442190835
leaf_weight=7343.1655723750591 195.46470496058464 68.896515667438507 234.8423627614975 234.687260389328 84.90077155828476 644.2192055284977 78.494122445583344 1833.9475872814655 104.14006423950195 3487.0167225897312 234.7486452460289 306.18440225720406 135.01595297455788 72.592414617538452
leaf_count=14510 119 166 114 534 180 1402 201 1603 268 6124 159 403 151 151
internal_value=0.00198146 -0.0303403 0.00283303 -0.00495853 -0.0157302 0.00348011 0.0020844 -0.000332311 -0.0059719 0.00389491 0.00452909 0.000658742 -0.000174506 -0.000163357
internal_weight=15058.3 368.501 14689.8 1068.22 392.336 13621.6 6043.68 2478.17 173.037 3565.51 7577.91 675.888 369.703 157.493
internal_count=26085 553 25532 1533 445 23999 9330 3005 434 6325 14669 1088 685 331
is_linear=0
shrinkage=0.0952834


Tree=13
num_leaves=16
num_cat=0
split_feature=7 1 7 6 4 3 8 8 1 4 4 8 8 4 6
split_gain=28.5417 13.474 6.99458 6.53387 3.83902 2.39206 2.0747 5.43385 1.21992 1.54732 1.20581 0.334134 0.603139 0.075054 0.0238342
threshold=16.045000000000005 0.98930504265984687 13.390000000000004 -0.60990840994973461 923.85000000000002 1.941229696683463 9.0000000000000036 10.775 0.44099124915691507 1000.5060216028497 924.6500000000002 14.831811838245857 14.305000000000003 1006.0061067655964 -0.5
decision_type=2 2 2 2 2 2 2 2 2 2 2 2 2 2 2
left_child=2 10 5 4 -4 8 -7 -8 -1 -10 -2 12 -5 -6 -13
right_child=1 -3 3 11 13 6 7 -9 9 -11 -12 14 -14 -15 -16
leaf_value=0.98172031553505923 -0.22587728387092204 -0.23564786317247838 -0.20417886223210932 -0.0012082146127012465 -0.25118342095282015 0.45627049426329919 -0.1444833411547618 0.17885127643044149 -0.022294133088129411 0.58768696867132519 0.0047755657253162834 0.045538428004936203 -0.15142052483442861 0.013262570702368384 0.051650148860017758
leaf_weight=8618.6486023664474 107.91970378160477 143.46953266859055 234.8423627614975 134.5695928633213 84.90077155828476 704.67948833107948 262.00931864976883 510.1306474506855 1496.0743508636951 2030.0494478046894 117.11204841732979 73.381041616201401 77.533705592155457 72.592414617538452 390.40327554941177
leaf_count=16570 146 104 114 217 180 452 212 625 3193 2947 303 72 131 151 668
internal_value=0.00207838 -0.0238292 0.0027672 -0.0044571 -0.0142377 0.00336966 0 -0.00365202 0.00381083 0.00205058 -0.00648805 0.000579143 -0.0013493 0 0.00247526
internal_weight=15058.3 368.501 14689.8 1068.22 392.336 13621.6 1476.82 772.14 12144.8 3526.12 225.032 675.888 212.103 157.493 463.784
internal_count=26085 553 25532 1533 445 23999 1289 837 22710 6140 449 1088 348 331 740
is_linear=0
shrinkage=0.0952834


Tree=14
num_leaves=17
num_cat=0
split_feature=7 1 7 6 2 4 3 8 2 4 1 9 6 8 6 0
split_gain=23.8157 23.7361 4.76459 5.13479 2.51839 4.75595 2.35579 2.38853 6.61531 1.04496 0.444619 0.408895 1.14149 0.385356 0.382514 0.000204436
threshold=15.515000000000002 0.98930504265984687 11.295000000000003 -0.6354515070312855 -0.41327860778290426 923.05000000000007 1.941229696683463 8.8250000000000011 -0.96802224025929329 919.81198689021301 0.48672566630006897 -0.50756307005498857 -0.26000684011206787 12.185 -0.67496744027797773 -0.70710678118654757
decision_type=2 2 2 2 2 2 2 2 2 2 2 2 2 2 2 2
left_child=2 11 6 4 -4 -6 10 -8 -9 -5 -1 12 -2 -11 -12 -13
right_child=1 -3 3 9 5 -7 7 8 -10 13 14 15 -14 -15 -16 -17
leaf_value=0.90360030236679012 -0.3029388556242425 -0.21319453942466371 0.0091085023124882238 -0.1151895334048237 -0.28176371573170833 -0.19735655004247923 0.41279550159268524 -0.13306131880450203 0.048496539621477319 -0.0076003615456961843 0.074043427662574116 -0.14756105004388625 0.4510320321790674 0.36326031783471352 0.63828849150003197 6.1258449995600734e-05
leaf_weight=8640.2336140275002 58.833983391523361 169.68211737275124 186.67155790328979 57.526184260845184 136.39510974287987 442.61354497075081 748.83308809995651 114.88561755418777 512.17877298593521 120.4934261739254 1031.573812931776 67.610996544361115 56.755724608898163 1363.2897554337978 1397.1436469852924 155.60416513681412
leaf_count=16345 134 125 118 69 56 768 457 76 525 165 1334 175 155 2340 3239 169
internal_value=0.00214919 -0.0179127 0.00287773 -0.000938168 -0.00743074 -0.0105871 0.00362316 0 -0.00441708 0.00199296 0.00408533 -0.00172701 -0.0062855 0.00274019 0.00244438 0
internal_weight=15260.3 508.487 14751.8 2306.99 765.68 579.009 12444.8 1375.9 627.064 1541.31 11069 338.805 115.59 1483.78 2428.72 223.215
internal_count=26250 758 25492 3516 942 824 21976 1058 601 2574 20918 633 289 2505 4573 344
is_linear=0
shrinkage=0.0952834


Tree=15
num_leaves=15
num_cat=0
split_feature=7 1 1 6 4 2 1 5 3 9 6 6 7 0
split_gain=23.6677 23.628 4.44957 6.12942 5.29057 8.46596 4.44902 1.0565 0.783207 0.439926 1.01844 0.414207 0.407843 0.000204436
threshold=15.515000000000002 0.98930504265984687 0.1215423353634079 -0.5 1002.4405148897658 -0.41327860778290426 0.24835545321301686 -0.065932877997374628 2.2738909580739119 -0.50756307005498857 -0.26000684011206787 -1.4197622707309296 8.1800000000000033 -0.70710678118654757
decision_type=2 2 2 2 2 2 2 2 2 2 2 2 2 2
left_child=2 9 8 4 5 -4 -6 12 11 10 -2 -1 -5 -11
right_child=1 -3 3 7 6 -7 -8 -9 -10 13 -12 -13 -14 -15
leaf_value=-0.029726134094306272 -0.27407381899904304 -0.19288064414667219 0.045522880407016922 0.7971540318886019 -0.10614966498058515 -0.39264548682881423 0.1371006161307162 2.0554395917611608 -0.12054786653645611 -0.13350093515636946 0.40805617785638715 0.86818220952005953 -0.0068761734453309407 5.5421538124066557e-05
leaf_weight=65.138070106506348 58.833983391523361 169.68211737275124 454.58688887953758 413.11383986473083 186.0719750225544 535.82940092682838 1815.004440933466 2653.4255512952805 274.75234603881836 67.610996544361115 56.755724608898163 7374.9022855162621 979.01333248615265 155.60416513681412
leaf_count=12 134 125 749 1076 186 979 1566 4191 175 175 155 14587 1971 169
internal_value=0.00203198 -0.0179719 0.00275855 0.000938201 -0.00223594 -0.00794227 0.000363548 0.00340193 0.0043563 -0.00181548 -0.00653872 0.00454235 0.00083049 0
internal_weight=15260.3 508.487 14751.8 7037.05 2991.49 990.416 2001.08 4045.55 7714.79 338.805 115.59 7440.04 1392.13 223.215
internal_count=26250 758 25492 10718 3480 1728 1752 7238 14774 633 289 14599 3047 344
is_linear=0
shrinkage=0.0952834


Tree=16
num_leaves=14
num_cat=0
split_feature=7 1 1 5 6 1 6 6 3 1 2 3 2
split_gain=21.3933 19.2233 4.5126 4.68541 2.86623 4.21274 1.1892 0.399715 0.310402 0.207751 0.505466 0.0612306 0.0478546
threshold=16.045000000000005 0.98930504265984687 0.047320950113892181 0.094460414972737869 0.55482075755648574 0.24835545321301686 -0.86479707238577597 -1.4197622707309296 2.2738909580739119 0.70197895670245292 0.3090169943749474 1.1206397064287901 0.49933926423444014
decision_type=2 2 2 2 2 2 2 2 2 2 2 2 2
left_child=2 9 7 4 5 -4 11 -1 -9 -2 -11 -5 -12
right_child=1 -3 3 6 -6 -7 -8 8 -10 10 12 -13 -14
leaf_value=-0.026893727707910025 0.044318759657309734 -0.17450232537302635 -0.12421923706245078 -0.14383369237949772 0.94042551786145312 -0.039604374129307236 1.7027468081145045 0.81100551203586335 -0.10255026619895849 -0.12396332308906052 -0.21125589707521716 0.092198544676435221 -0.21274744628140932
leaf_weight=65.138070106506348 79.838955938816071 139.02342966198921 436.24005323648453 247.85680937767029 784.51808935403824 3055.4817372858524 2854.6626214981079 6999.0671479403973 248.15885704755783 56.895738989114761 49.934375792741776 193.55722939968109 49.952002495527267
leaf_count=12 200 98 659 622 2014 3431 4453 13977 154 47 110 361 112
internal_value=0.00211904 -0.0200629 0.0027162 0.00100319 -0.000991092 -0.00224866 0.00373168 0.00442387 0.00449965 -0.00125995 -0.00375306 0 -0.00811396
internal_weight=15260.3 375.645 14884.7 7572.32 4276.24 3491.72 3296.08 7312.36 7247.23 236.621 156.782 441.414 99.8864
internal_count=26250 567 25683 11540 6104 4090 5436 14143 14131 469 269 983 222
is_linear=0
shrinkage=0.0952834


Tree=17
num_leaves=15
num_cat=0
split_feature=7 1 1 6 4 2 1 5 0 4 2 6 3 6
split_gain=13.7145 8.14779 4.17938 4.3916 3.01037 5.57355 3.67946 1.51616 3.76687 0.732574 0.904369 0.394588 0.302148 2.43299e-06
threshold=15.515000000000002 0.98930504265984687 0.047320950113892181 -0.5 1000.5060216028497 -0.41327860778290426 0.24835545321301686 0.25403556033430663 -0.14350367246483695 924.6500000000002 -0.22377770739604755 -1.4197622707309296 2.2738909580739119 -0.26000684011206787
decision_type=2 2 2 2 2 2 2 2 2 2 2 2 2 2
left_child=2 9 11 4 5 -4 -6 8 -5 10 -2 -1 -13 -11
right_child=1 -3 3 7 6 -7 -8 -9 -10 13 -12 12 -14 -15
leaf_value=-0.024331202561780254 -0.036087087221715226 -0.15787515484154885 0.051241427041637019 0.22947250597555002 -0.084613666353392999 -0.3856998728294469 0.15755617081030462 1.8042787515017598 -0.18815560118690525 -0.19112672218347204 -0.24418550204967476 0.73373016959121262 -0.092778930713923791 0.5571737961861809
leaf_weight=65.138070106506348 85.336364686489105 169.68211737275124 419.16731855273247 1651.2616995573044 271.91459509730339 552.06211918592453 1852.549314469099 2636.4687586426735 63.857041358947754 49.166214317083359 83.061597317457199 6991.2603570520878 248.15885704755783 121.24069336056709
leaf_count=12 45 125 778 3727 291 1039 1585 3931 11 138 159 13964 154 291
internal_value=0.0021827 -0.0129789 0.00274095 0.00106657 -0.00157609 -0.00598338 0.000224685 0.00305477 0.000522403 -0.00275115 -0.00731819 0.00438175 0.00445723 0
internal_weight=15260.3 508.487 14751.8 7447.28 3095.69 971.229 2124.46 4351.59 1715.12 338.805 168.398 7304.56 7239.42 170.407
internal_count=26250 758 25492 11362 3693 1817 1876 7669 3738 633 204 14130 14118 429
is_linear=0
shrinkage=0.0952834


Tree=18
num_leaves=15
num_cat=0
split_feature=7 1 1 6 4 2 1 5 6 4 2 6 3 6
split_gain=12.9837 8.07022 3.65766 4.24841 2.22582 3.85375 1.958 1.3014 1.76375 0.648758 0.759831 0.604942 0.308837 2.43299e-06
threshold=15.515000000000002 0.98930504265984687 0.047320950113892181 -0.5 1003.2330323434704 -0.41327860778290426 0.24835545321301686 0.25403556033430663 0.41940277674111287 924.6500000000002 -0.22377770739604755 -1.1484105347498994 2.2738909580739119 -0.26000684011206787
decision_type=2 2 2 2 2 2 2 2 2 2 2 2 2 2
left_child=2 9 11 4 5 -4 -6 8 -5 10 -2 -1 -13 -11
right_child=1 -3 3 7 6 -7 -8 -9 -10 13 -12 12 -14 -15
leaf_value=-0.037270973599465684 -0.032648587752226059 -0.14283227723735395 0.025193707534970241 -0.064979655596592856 -0.072666634495388571 -0.34894908715484113 0.16240702832517964 1.6323609823636627 0.4364874468656943 -0.17291552301421365 -0.22091868325390662 0.66125655704003061 -0.089695748085453428 0.50408439634549329
leaf_weight=144.9643030166626 85.336364686489105 169.68211737275124 519.64558240771294 710.37837401032448 244.12975782155991 554.35064128041267 1777.5673657953739 2636.4687586426735 1004.7403669059277 49.166214317083359 83.061597317457199 6917.4341241419315 242.15885704755783 121.24069336056709
leaf_count=27 45 125 822 1252 280 1042 1549 3931 2486 138 159 13950 153 291
internal_value=0.00219896 -0.0125444 0.00274268 0.00116711 -0.00142661 -0.00495002 0.000218322 0.00312037 0.000729287 -0.00238212 -0.00673686 0.00428273 0.00441357 0
internal_weight=15260.3 508.487 14751.8 7447.28 3095.69 1074 2021.7 4351.59 1715.12 338.805 168.398 7304.56 7159.59 170.407
internal_count=26250 758 25492 11362 3693 1864 1829 7669 3738 633 204 14130 14103 429
is_linear=0
shrinkage=0.0952834


Tree=19
num_leaves=15
num_cat=0
split_feature=7 1 3 8 2 1 6 2 5 4 2 5 6 1
split_gain=9.7586 4.73039 3.20571 2.18077 6.2567 1.63109 1.49213 2.84238 1.0719 0.611547 0.86007 0.592084 0.591652 0.181088
threshold=15.515000000000002 0.98930504265984687 1.941229696683463 8.8250000000000011 -0.96802224025929329 0.22578186505226902 -0.30301485257282251 -0.19879162600144831 -0.50275985764693021 924.85000000000002 0.14930660811163324 -1.0000000180025095e-35 -1.1484105347498994 0.46735488928835739
decision_type=2 2 2 2 2 2 2 2 2 2 2 2 2 2
left_child=2 9 5 13 -5 12 7 -7 -6 10 -2 -8 -1 -4
right_child=1 -3 3 4 8 6 11 -9 -10 -11 -12 -13 -14 -15
leaf_value=-0.035575318845952074 -0.029537720117609984 -0.12922273578311816 0.36763282389854646 -0.11267986977842587 -0.079537055203642473 0.064922656722060351 0.17944130972473366 -0.15707233396726614 0.35695428096990167 0.18517162510377966 -0.19986880548179103 1.447142834966969 0.61222176670155604 0.0033488402197685025
leaf_weight=143.53383827209473 90.932845622301102 169.68211737275124 559.48476165533066 115.33721458911896 425.92986854910851 1300.4620710909367 1019.7373791635036 1062.0829416811466 476.18366932868958 167.84829610586166 80.02372795343399 1797.4721411168575 7662.2659191787243 189.34832644462585
leaf_count=27 54 125 354 77 439 1348 2386 1844 521 422 157 3228 15165 103
internal_value=0.00228664 -0.0104472 0.0027605 -0.000838432 -0.00390331 0.00328653 0.0018067 0 -0.000640784 -0.00225262 -0.00645132 0.00328615 0.00420645 0.00269672
internal_weight=15260.3 508.487 14751.8 1766.28 1017.45 12985.6 5179.75 2362.55 902.114 338.805 170.957 2817.21 7805.8 748.833
internal_count=26250 758 25492 1494 1037 23998 8806 3192 960 633 211 5614 15192 457
is_linear=0
shrinkage=0.0952834


Tree=20
num_leaves=16
num_cat=0
split_feature=7 2 2 3 8 2 6 8 4 5 7 2 1 1 2
split_gain=7.43176 3.11404 4.68921 2.91488 2.18077 6.2567 1.54633 1.93012 1.25178 1.0719 0.520633 0.3747 0.223953 0.181088 0.0535288
threshold=15.515000000000002 0.43665123195606398 -0.098820138732871751 1.941229696683463 8.8250000000000011 -0.96802224025929329 -0.30301485257282251 8.940665073359062 1002.4405148897658 -0.50275985764693021 13.655000000000003 -0.06439849657694495 0.7858464062931948 0.46735488928835739 -0.92426517991628987
decision_type=2 2 2 2 2 2 2 2 2 2 2 2 2 2 2
left_child=3 2 -2 6 13 -6 7 14 -9 -7 12 -12 -8 -5 -1
right_child=1 -3 -4 4 5 9 10 8 -10 -11 11 -13 -14 -15 -16
leaf_value=0.24615830007072856 -0.071647245008531604 0.079737420880751197 -0.18082463111010588 0.33260352762491285 -0.10194335147550042 -0.071958496135071132 1.3024537104148415 -0.068379362168655422 0.21732148659762848 0.32294247230809631 -0.10385374151511681 0.72084847579279543 0.37937174797103357 0.0030297514208210436 0.54247656973498248
leaf_weight=666.05345740914345 115.03265410661697 186.09107252955437 207.36326041817665 559.48476165533066 115.33721458911896 425.92986854910851 5983.0930867195129 1254.529027223587 2006.9460067749023 476.18366932868958 66.434709489345551 234.22796466946602 856.23037368059158 189.34832644462585 1918.0396645367146
leaf_count=767 65 463 230 354 77 439 12326 2374 2399 521 107 473 2273 103 3279
internal_value=0.00217028 -0.00890393 -0.0145254 0.00258651 -0.000838432 -0.00390331 0.00308887 0.00178812 9.42857e-05 -0.000640784 0.00408594 0 0.00425665 0.00269672 0.00373967
internal_weight=15260.3 508.487 322.396 14751.8 1766.28 1017.45 12985.6 5845.57 3261.48 902.114 7139.99 300.663 6839.32 748.833 2584.09
internal_count=26250 758 295 25492 1494 1037 23998 8819 4773 960 15179 580 14599 457 4046
is_linear=0
shrinkage=0.0952834


Tree=21
num_leaves=11
num_cat=0
split_feature=7 4 1 5 0 2 2 6 6 9
split_gain=7.62202 3.7468 2.38718 3.35212 3.13871 1.49693 0.696036 0.665412 0.148125 0.319142
threshold=15.515000000000002 922.01250516835557 0.047320950113892181 0.094460414972737869 0.38330483278723043 -0.96802224025929329 -0.99981480381338828 -0.70235549495563165 -0.26000684011206787 0.061333511909449363
decision_type=2 2 2 2 2 2 2 2 2 2
left_child=2 -2 6 4 5 -4 -1 -5 9 -3
right_child=1 8 3 7 -6 -7 -8 -9 -10 -11
leaf_value=-0.0079996733067751197 -0.11643288980794274 -0.18861206185176635 -0.052392556748583584 0.083281698433059687 -0.70944842647649708 0.012734045816647692 0.57887612797333055 1.265492574913494 0.28788704298771989 0.025893255308410634
leaf_weight=310.0100160241127 229.9327158331871 78.019640535116196 402.1695177257061 637.91448441147804 87.567885398864746 3718.1758188009262 6863.4089159071445 2637.127345174551 156.14884421229362 58.92166730761528
leaf_count=186 125 158 507 1535 16 5466 13848 3937 377 92
internal_value=0.00224423 -0.00880714 0.00267331 0.00138214 -0.000294732 0 0.0039527 0.00367838 0 -0.00308594
internal_weight=15179.4 523.023 14656.4 7482.96 4207.91 4120.35 7173.42 3275.04 293.09 136.941
internal_count=26247 752 25495 11461 5989 5973 14034 5472 627 250
is_linear=0
shrinkage=0.0952834


Tree=22
num_leaves=20
num_cat=0
split_feature=7 9 3 6 8 2 0 6 7 4 0 3 6 2 2 1 2 1 9
split_gain=5.01881 4.275 4.59365 3.13009 3.95775 2.81944 1.65909 1.44236 1.02688 2.12451 0.619281 0.292977 0.409183 0.273711 0.237959 0.204187 0.0334421 0.0195799 0.00126276
threshold=15.515000000000002 -1.2027238903131801 1.590838829028639 -0.30301485257282251 8.8250000000000011 -0.90878397393106225 0.25881904510252057 -1.0218755295440607 13.910077477077424 923.45000000000016 -0.68158846751286239 1.1613479575584926 -0.71020463635804898 -0.99981480381338828 -0.92426517991628987 0.48672566630006897 0.87377473702374975 0.98046008095854986 0.061333511909449363
decision_type=2 2 2 2 2 2 2 2 2 2 2 2 2 2 2 2 2 2 2
left_child=3 2 -2 4 10 6 -6 -7 13 -10 14 12 -3 -5 -1 -15 -12 -11 -13
right_child=1 11 -4 8 5 7 -8 -9 9 17 16 18 -14 15 -16 -17 -18 -19 -20
leaf_value=-0.26799557023799869 -0.1074332548244589 0.031249115878383492 -0.17818081512780001 -0.0072374374340808132 -0.095559521505443237 -1.0432574822309222 0.0073411398138647993 0.0086805816007554885 -0.043550403907475395 0.62237407163427416 0.43492962529699286 -0.0029542935350563076 -0.12929065007055207 1.4018060474067757 0.27184019567883794 0.31704014532290115 0.20695041772215969 0.017588094326105076 -0.14094823052878228
leaf_weight=169.20350626111031 79.153201013803482 90.291940599679947 52.109450072050095 100.03215163946152 306.42256638407707 140.82358264923096 133.9683872461319 3232.4540569186211 59.938658982515335 243.79194661974907 2525.095192104578 80.130023509263992 97.340522080659866 5277.9188759028912 378.13520115613937 1955.4018104076385 74.581261157989502 58.606786012649536 123.99773061275482
leaf_count=101 205 65 53 108 247 27 259 4772 96 420 3560 112 153 11002 366 4219 229 89 164
internal_value=0.0021397 -0.00675835 -0.0215289 0.00249136 0.000935025 -0.00103428 -0.00817008 0 0.00383636 0 0.00346967 -0.000436758 -0.00375665 0.00408839 0 0.00415804 0.00409002 0.00201251 0.000361122
internal_weight=15179.4 523.023 131.263 14656.4 6960.68 3813.67 440.391 3373.28 7695.69 362.337 3147.02 391.76 187.632 7333.35 547.339 7233.32 2599.68 302.399 204.128
internal_count=26247 752 258 25495 9561 5305 506 4799 15934 605 4256 494 218 15329 467 15221 3789 509 276
is_linear=0
shrinkage=0.0952834


Tree=23
num_leaves=15
num_cat=0
split_feature=7 5 0 3 4 2 6 8 2 6 5 8 2 7
split_gain=3.42999 4.15944 2.17512 1.6173 5.55035 1.00846 0.672169 1.01738 0.91862 0.577301 0.494997 0.397843 0.316042 0.285773
threshold=8.5950000000000042 0.12804805504023634 0.31820622317901487 1.6711817045488084 923.05000000000007 -0.99862982478704421 -0.34677904159092959 9.2900000000000027 -0.96802224025929329 -0.70710678118654757 -1.0629537509553189 14.305000000000003 -0.99981480381338828 5.7299999999999995
decision_type=2 2 2 2 2 2 2 2 2 2 2 2 2 2
left_child=6 2 3 5 -5 -2 7 10 -9 -3 -1 -10 -8 -12
right_child=1 9 -4 4 -6 -7 12 8 11 -11 13 -13 -14 -15
leaf_value=-0.051866364837164648 -0.41683237842068765 -0.1326194418245327 -0.54244469186545607 -0.13552326178028412 -0.027927425443679491 0.0078534664876493739 -0.0065478299679907438 -0.064886949517597547 0.22621422207841954 1.1909305069529652 0.50209343314841837 -0.19198180275860743 1.1346480414985569 0.18456560279872117
leaf_weight=137.77761697769165 63.652744054794312 144.2318774163723 65.135533332824707 100.66896632313728 934.44868493080139 2766.9862059950829 94.671499788761139 129.87202057242393 903.96029344201088 1923.1582252681255 1820.6940863132477 215.71003422141075 4474.8549399971962 1403.5741226971149
leaf_count=24 43 265 12 69 1131 4718 104 167 1558 2611 2819 527 10486 1713
internal_value=0.00219599 0.000334699 -0.00139756 -0.000966707 -0.00419513 5.16791e-05 0.00335984 0.00230537 0 0.00385265 0.00316723 0.000873072 0.00431752 0.00344259
internal_weight=15179.4 5998.28 3930.89 3865.76 1035.12 2830.64 9181.11 4611.59 1249.54 2067.39 3362.05 1119.67 4569.53 3224.27
internal_count=26247 8849 5973 5961 1200 4761 17398 6808 2252 2876 4556 2085 10590 4532
is_linear=0
shrinkage=0.0952834


Tree=24
num_leaves=15
num_cat=0
split_feature=7 9 3 6 6 8 3 4 5 7 4 2 6 8
split_gain=3.25739 5.66064 4.59365 1.94263 2.53063 1.7506 0.922848 0.858665 0.395199 0.364209 0.293407 0.279624 0.0548516 0.0003286
threshold=15.515000000000002 -1.2027238903131801 1.590838829028639 -0.30301485257282251 -0.44881352101930361 9.2900000000000027 2.2150000000000003 932.25000000000011 -0.8683924500492487 5.4700000000000015 919.81198689021301 -0.99981480381338828 -0.58026186692393 12.295000000000003
decision_type=2 2 2 2 2 2 2 2 2 2 2 2 2 2
left_child=3 2 -2 4 5 9 10 -7 -8 -1 13 -12 -3 -5
right_child=1 12 -4 6 -6 7 8 -9 -10 -11 11 -13 -14 -15
leaf_value=0.46648259691903954 -0.097944956495911104 -0.029373625203839768 -0.14829003188453724 1.9250749410290011 -0.17256552493662988 -0.15479255217287344 -0.055464849451119166 0.027214727674037886 0.053844994301279425 0.15709072696212154 -0.0059239306287916958 0.75720611490367173 0.0025326228884020793 -0.71626221475918173
leaf_weight=1653.6159147918224 79.153201013803482 188.91065311431885 52.109450072050095 75.804320842027664 76.13518238067627 1038.4972541630268 75.836006075143814 2231.1077778041363 100.83840107917786 1961.3276247382164 94.032151639461517 7317.6102286279202 202.84956368803978 31.569121301174164
leaf_count=2679 205 144 53 296 14 2053 99 2665 182 2150 107 15192 350 58
internal_value=0.00238685 -0.00465559 -0.0215289 0.00267169 0.00140536 0.00166263 0.00375427 0 -0.00130897 0.00310694 0.00393675 0.00401019 0 0
internal_weight=15179.4 523.023 131.263 14656.4 6960.68 6884.55 7695.69 3269.61 176.674 3614.94 7519.02 7411.64 391.76 107.373
internal_count=26247 752 258 25495 9561 9547 15934 4718 281 4829 15653 15299 494 354
is_linear=0
shrinkage=0.0952834


Tree=25
num_leaves=15
num_cat=0
split_feature=6 7 9 6 1 1 3 2 1 5 2 2 1 0
split_gain=3.68177 3.63369 5.05504 2.42478 1.71532 2.53236 0.893729 0.764272 0.428902 0.423089 0.304178 0.293487 0.308927 0.0538456
threshold=-0.30301485257282251 15.515000000000002 -1.0292063731106855 -0.44881352101930361 -0.39859592396397175 -0.35002115291577901 2.2150000000000003 -0.92426517991628987 0.7858464062931948 -0.8683924500492487 -0.99981480381338828 -0.3949085104566516 0.81900730237416519 0.19955613974124922
decision_type=2 2 2 2 2 2 2 2 2 2 2 2 2 2
left_child=1 3 -3 4 7 -6 8 -1 10 -8 -2 13 -13 -10
right_child=6 2 -4 -5 5 -7 9 -9 11 -11 -12 12 -14 -15
leaf_value=-0.022321921528521908 -0.005359478524380101 -0.10848057325004426 -0.026574807054294224 -0.15612289928770667 -0.26699223832074193 0.016238704846030648 -0.051033128616679552 0.4552481241771193 -0.26608824136881049 -0.023956734461706257 0.85530280046320806 -0.06242804839091682 0.24106675908913178 0.087011260240704963
leaf_weight=83.632420063018799 94.032151639461517 101.18765088915825 224.92724338173866 76.13518238067627 137.54452189803123 4315.8858376443386 81.132619887590408 2347.4857918918133 118.66014784574509 112.77273327112198 6396.0187041461468 57.430229127407074 959.71804964542389 72.83356761932373
leaf_count=15 107 137 190 14 159 5611 114 3762 319 195 13003 127 2273 221
internal_value=0.00223623 0.000612334 -0.00899657 0.00113564 0.00138993 0.00016443 0.00367448 0.00343652 0.00385565 -0.00106151 0.00422053 0.0014987 0.00229391 -0.000268473
internal_weight=15179.4 7286.8 326.115 6960.68 6884.55 4453.43 7892.6 2431.12 7698.69 193.905 6490.05 1208.64 1017.15 191.494
internal_count=26247 9888 327 9561 9547 5770 16359 3777 16050 309 13110 2940 2400 540
is_linear=0
shrinkage=0.0952834


Tree=26
num_leaves=17
num_cat=0
split_feature=5 1 6 2 4 1 6 2 3 3 4 5 2 2 0 2
split_gain=3.58099 4.31556 2.24316 2.5157 4.68169 4.24769 0.482004 0.297417 0.56845 0.910013 0.242428 0.222299 0.195614 0.239161 0.151145 0.0110288
threshold=0.094460414972737869 0.018735963039041265 0.55482075755648574 -0.046242763150673556 922.01250516835557 0.55272762909766537 -0.86479707238577597 -0.90878397393106225 1.1523453300049016 1.4332334558743229 923.6500000000002 -1.3907153852916416 0.58555287858166738 -0.99862982478704421 0.090339518630936422 0.87377473702374975
decision_type=2 2 2 2 2 2 2 2 2 2 2 2 2 2 2 2
left_child=1 7 3 5 -5 -3 12 8 -1 -10 -4 -9 13 -2 -13 -14
right_child=6 2 10 4 -6 -7 -8 11 9 -11 -12 14 15 -15 -16 -17
leaf_value=0.24670886074404463 -0.020195013505653954 -0.079242887106723892 -0.19322370759512861 -0.098144178093560352 -0.15155346047012117 0.063071106647375474 1.0725984625093334 -0.066288780962018845 -0.080192294632214889 0.14707510235801363 0.65331641612950853 0.38239064476831103 -0.45108618340983619 0.19306521492531262 0.29920060704449619 0.031191773924954265
leaf_weight=491.73476967215538 51.007603794336319 851.14663878083229 88.22037348151207 85.619882673025131 1202.4386320412159 1745.8334082961082 5128.2256999313831 50.854153633117676 186.24078485369682 313.2797591984272 746.08929747343063 3069.5050147473812 90.558795094490051 592.12242516875267 375.9095561504364 110.61005634069443
leaf_count=663 43 965 299 65 2475 1200 9738 9 182 241 1771 5937 301 1484 495 379
internal_value=0.00212444 0.000878246 -0.00105963 -0.00209736 -0.00555294 -0.000195421 0.00396441 0.00302054 0.000830566 -0.000723812 0.00319503 0.00350462 0.0010115 0.00202095 0.00361227 0
internal_weight=15179.4 9206.87 4719.35 3885.04 1288.06 2596.98 5972.52 4487.52 991.255 499.521 834.31 3496.27 844.299 643.13 3445.41 201.169
internal_count=26247 14302 6775 4705 2540 2165 11945 7527 1086 423 2070 6441 2207 1527 6432 680
is_linear=0
shrinkage=0.0952834


Tree=27
num_leaves=15
num_cat=0
split_feature=7 6 7 1 1 4 3 5 1 1 6 8 9 6
split_gain=3.52538 2.29743 2.6362 1.69952 3.53779 1.56654 0.551127 0.509434 0.352943 0.375625 0.350842 0.0680615 0.0287492 0.126528
threshold=15.515000000000002 -0.051165479113440347 5.3250000000000002 -0.39859592396397175 -0.35002115291577901 922.01250516835557 2.3534514673252391 -0.97493417599029863 -0.99965739133362397 0.7858464062931948 -1.3774988378559516 12.383449686483866 -1.0000000180025095e-35 -0.0088623294401669675
decision_type=2 2 2 2 2 2 2 2 2 2 2 2 2 2
left_child=1 2 10 7 -5 -2 8 -4 -3 -10 -1 -12 13 -7
right_child=5 6 3 4 -6 12 -8 -9 9 -11 11 -13 -14 -15
leaf_value=-0.018270764457818962 -0.076968922673492382 -0.049208288384592069 -0.059972562177981865 -0.15800010512547552 -0.016514819036060398 -0.13141381149755416 -0.0087896441064730501 0.30087826775868792 0.94142198140509181 0.14000947575489106 0.4339137535211518 0.1316456662409787 0.026844617397986246 0.34765527207876196
leaf_weight=60.996111869812012 229.9327158331871 55.540573507547379 68.778266429901123 99.173753559589386 3976.554772824049 95.429516911506653 85.766834557056427 1639.5895618200302 5398.6526449322701 966.11278888583183 2228.9997440874577 76.208930969238281 140.25484761595726 57.405787527561188
leaf_count=11 125 123 12 103 5034 209 152 2372 11170 2469 3867 182 275 143
internal_value=0.00202932 0.00232682 0.00117334 0 -0.00098056 -0.00536213 0.00369749 0.00259206 0.00382508 0.00390665 0.00385131 0.00407475 0 -0.00128892
internal_weight=15179.4 14656.4 8150.3 5784.1 4075.73 523.023 6506.07 1708.37 6420.31 6364.77 2366.2 2305.21 293.09 152.835
internal_count=26247 25495 11581 7521 5137 752 13914 2384 13762 13639 4060 4049 627 352
is_linear=0
shrinkage=0.0952834


Tree=28
num_leaves=20
num_cat=0
split_feature=5 7 5 1 2 1 7 1 3 9 6 6 1 8 2 8 6 1 0
split_gain=3.2787 3.99546 1.31692 1.61155 1.53825 2.26482 1.47362 0.785916 0.647241 0.607401 0.403297 0.252491 0.179757 0.308616 0.177708 0.137795 0.0454959 0.0384767 0.00658072
threshold=0.25403556033430663 8.0300000000000047 1.0000000180025095e-35 0.6768278334262281 -0.84737995460388371 0.5097641122282992 15.515000000000002 0.83219004266160257 2.0839825755699 -1.0916940551513006 -0.97003833278738039 -0.26000684011206787 -0.99466160899732459 5.9450000000000012 -0.44362851136644649 13.844659830959513 -0.79041609697728321 0.99762106698677389 0.25068945632615092
decision_type=2 2 2 2 2 2 2 2 2 2 2 2 2 2 2 2 2 2 2
left_child=1 8 4 -4 5 -3 -6 10 12 -10 -2 17 13 -1 -13 -14 -12 -9 -16
right_child=7 2 3 -5 6 -7 -8 11 9 -11 16 14 15 -15 18 -17 -18 -19 -20
leaf_value=-0.48387451710071439 -0.016529864353873738 -0.053229635875912458 -0.46843273514815642 -0.030911091675023507 0.043529688648270871 -0.5655993749067304 -0.022718438926386784 -0.17211479511424096 -0.07849025471755354 0.16009700250666134 0.33555242022951687 -0.38908826728532003 0.25315282317646631 0.39331907719170311 0.15100447641751161 -0.022337602445839252 1.2106150170059577 0.093756150781271391 0.7163018982893079
leaf_weight=130.32466271519661 49.708605766296387 464.65344390273094 94.009752631187439 140.70100194215775 3201.3171968460083 140.41433355212212 468.13488963246346 233.479975938797 215.80666416883469 291.58491653203964 565.23167449235916 31.836641550064087 3753.6042270064354 244.83186674118042 47.057561814785004 55.467177480459213 4574.3320711255074 39.799571454524994 324.38305392861366
leaf_count=162 9 729 167 162 5023 60 678 643 138 189 1778 120 6548 249 155 120 8157 87 968
internal_value=0.00193565 0.000747619 -0.00120533 -0.0082914 -0.000697867 -0.00513215 0 0.0037167 0.0027247 0 0.00412156 0 0.00311869 0 0.00202689 0.00333333 0.00422649 -0.00149218 0.00295814
internal_weight=15066.7 9200.85 4509.23 234.711 4274.52 605.068 3669.45 5865.83 4691.62 507.392 5189.27 676.557 4184.23 375.157 403.277 3809.07 5139.56 273.28 371.441
internal_count=26142 14225 6819 329 6490 789 5701 11917 7406 327 9944 1973 7079 411 1243 6668 9935 730 1123
is_linear=0
shrinkage=0.0952834


Tree=29
num_leaves=16
num_cat=0
split_feature=7 4 1 5 6 1 2 4 0 6 6 1 5 4 9
split_gain=3.09476 2.42698 2.11568 2.1425 1.86598 3.35398 0.747384 0.8807 1.76125 0.494911 0.485585 0.45899 0.271174 0.27105 0.00562561
threshold=15.515000000000002 921.43215539812297 0.095031691240772306 0.6397301639442462 0.63623659691850942 0.27609441636666071 -0.90878397393106225 1006.4088372431141 -0.040152330783934841 -0.90076234615298656 -0.26000684011206787 0.6768278334262281 -1.3907153852916416 923.45000000000016 -0.11523835942085368
decision_type=2 2 2 2 2 2 2 2 2 2 2 2 2 2 2
left_child=2 -2 6 4 5 -4 7 9 -9 -1 11 -5 -8 -6 -3
right_child=1 14 3 10 13 -7 12 8 -10 -11 -12 -13 -14 -15 -16
leaf_value=-0.008833365404847764 -0.083777319005265985 -0.062944907274240625 -0.220291506828623 0.92327635805012154 -0.10661844520094907 -0.0098406471436549049 -0.058405829691055927 -0.20917014130407699 0.23582295406819501 0.098345286670681376 0.84659029185135692 -0.27079550133701646 0.4027964250185711 0.52968494107946817 0.026451461186778349
leaf_weight=145.38578140735626 210.44771119952202 156.64109683036804 447.06770461797714 279.23248934745789 115.65647968649864 3190.3261999189854 45.711844444274902 236.63491505384445 231.91242703795433 836.53080919384956 1729.3163686394691 167.78193312883377 5999.7251829206944 1119.8158828020096 154.49246299266815
leaf_count=210 96 372 699 442 410 4000 8 173 345 1648 2329 506 12170 2444 290
internal_value=0.00202685 -0.00487464 0.00230819 0.0010247 0 -0.00117287 0.00345089 0.00102399 -0.00179159 0.00284879 0.00350951 0 0.0039539 0.00310228 0
internal_weight=15066.7 521.581 14545.1 7049.2 4872.87 3637.39 7495.9 1450.46 468.547 981.917 2176.33 447.014 6045.44 1235.47 311.134
internal_count=26142 758 25384 10830 7553 4699 14554 2376 518 1858 3277 948 12178 2854 662
is_linear=0
shrinkage=0.0952834


Tree=30
num_leaves=19
num_cat=0
split_feature=5 7 0 3 9 1 1 8 0 6 4 4 6 9 0 6 8 8
split_gain=1.99999 2.25129 0.974056 0.846337 0.862933 0.770771 0.479479 0.827816 0.38161 0.247805 0.185996 0.688009 0.159886 0.125459 0.104199 0.103121 0.0778424 0.0454859
threshold=0.21821533649848263 8.0300000000000047 0.31820622317901487 2.2150000000000003 -1.1450628404258969 0.83219004266160257 -0.39859592396397175 10.525000000000002 -0.073830092121296778 -0.13486563316334085 1006.2011889637492 1007.6206403612906 -0.26000684011206787 0.69340791901351395 0.25068945632615092 -0.76586424664958674 11.305000000000003 13.165000000000001
decision_type=2 2 2 2 2 2 2 2 2 2 2 2 2 2 2 2 2 2
left_child=1 3 6 10 -5 8 9 -8 -2 -3 16 -12 13 -7 -14 -10 -1 -15
right_child=5 2 -4 4 -6 12 7 -9 15 -11 11 -13 14 17 -16 -17 -18 -19
leaf_value=0.22159519639548989 -0.053106823082635174 0.16944011150274588 -0.42286123304333878 -0.12966432842962519 0.18452983410694651 0.066042538480423393 -0.14447848715427883 0.0017902226011709305 0.31899567432259335 -0.060030534599940275 -0.10266883031874788 0.22703401232281822 -0.14410116746037738 -0.19497071862826418 0.51473035216159191 1.0610686348548692 0.007347626096338232 -0.26066583040402219
leaf_weight=2228.3888972997665 51.857041358947754 581.89132794737816 65.420450210571289 152.20544496178627 226.07340183854103 132.52881115674973 910.66113287210464 2772.9491280019283 596.94028025865555 166.30857947468758 578.05634734034538 1433.5456228554249 53.06063574552536 49.01825949549675 350.21662154793739 4552.4750297665596 67.34980034828186 97.732476741075516
leaf_count=4402 9 817 12 98 147 369 1170 4379 1784 439 545 2069 173 132 1070 8153 144 230
internal_value=0.00216939 0.00121041 -0.000216936 0.00268011 -0.00073306 0.00358383 0 -0.000487878 0.00398399 0.00214908 0.00308992 0.00187507 0 -0.00109395 0.001652 0.00408707 0.00394343 -0.00312871
internal_weight=15066.7 9182.85 4497.23 4685.62 378.279 5883.83 4431.81 3683.61 5201.27 748.2 4307.34 2011.6 682.557 279.28 403.277 5149.42 2295.74 146.751
internal_count=26142 14222 6817 7405 245 11920 6805 5549 9946 1256 7160 2614 1974 731 1243 9937 4546 362
is_linear=0
shrinkage=0.0952834


Tree=31
num_leaves=23
num_cat=0
split_feature=1 5 6 1 5 2 7 2 2 6 6 1 1 4 7 1 8 8 1 2 6 1
split_gain=2.27905 1.73751 1.45627 2.70255 4.89733 3.06377 0.598692 0.998948 0.737549 0.553496 0.414634 0.329179 0.286747 0.237733 0.163947 0.117311 0.109978 0.547869 0.426491 0.32005 0.0904888 0.000287166
threshold=0.1721660691770612 0.6397301639442462 0.63623659691850942 0.27609441636666071 -0.66179353966842491 -0.20534074090205537 7.950000000000002 -0.24369202024986789 -0.60505606964884906 -0.70710678118654757 -0.26000684011206787 0.6768278334262281 -0.19632684303900214 923.45000000000016 7.5200000000000022 0.98930504265984687 5.9450000000000012 5.6613578113345993 -0.93535928755917819 -0.99981480381338828 -0.49798113581193387 0.83219004266160257
decision_type=2 2 2 2 2 2 2 2 2 2 2 2 2 2 2 2 2 2 2 2 2 2
left_child=6 2 3 4 -2 -5 16 8 20 12 11 -3 -9 21 -13 -15 17 19 -19 -1 -8 -4
right_child=1 10 13 5 -6 -7 7 9 -10 -11 -12 14 -14 15 -16 -17 -18 18 -20 -21 -22 -23
leaf_value=-0.081317866350852516 0.032487764885090836 0.72946085115251036 2.1074234817073396 0.067298566519833181 -0.65951795926503998 -0.099533066851761332 -0.01514259558365875 0.28023572196223895 -0.15341717173748384 0.41631145960827171 0.66589285165004486 -0.3344960130177636 -0.37311018905634502 0.50330912063094368 0.69527350344469663 -0.061466708162355575 0.33080356198963062 -0.352197761243847 -0.032246191715351771 0.33010178508130988 0.29613771973493869 -0.22982329282452679
leaf_weight=57.737980365753174 151.30818894505501 243.4666893184185 61 1939.2928784787655 108.4469113945961 1714.9233032166958 297.17870882153511 222.02417829632759 199.88339129090309 1087.8156889677048 1600.1029737889767 132.87090876698494 97.041898101568222 948.68805772066116 34.911024361848831 70.030011594295502 4863.1519823074341 80.667736321687698 219.34814175963402 706.73977991938591 181.14237579703331 48.906479686498642
leaf_count=37 226 389 244 1807 190 2835 327 445 160 1827 2236 394 231 2103 112 217 9772 117 275 1627 428 143
internal_value=0.00206652 0.000728287 -0.000127981 -0.00108596 -0.0104571 -0.000279172 0.00318465 0.00139358 -0.00113326 0.00294639 0.00310525 0 0 0.0027685 -0.00279316 0.00325544 0.00373352 0.00178336 -0.000484866 0.00328615 0 0
internal_weight=15066.7 7053.95 5042.6 3913.97 259.755 3654.22 8012.73 2085.09 678.204 1406.88 2011.35 411.249 319.066 1128.62 167.782 1018.72 5927.65 1064.49 300.016 764.478 478.321 109.906
internal_count=26142 10896 7765 5058 416 4642 15246 3418 915 2503 3131 895 676 2707 506 2320 11828 2056 392 1664 755 387
is_linear=0
shrinkage=0.0952834


Tree=32
num_leaves=25
num_cat=0
split_feature=5 1 0 6 8 4 2 4 3 1 4 3 2 2 2 1 2 4 4 3 7 1 5 2
split_gain=2.18922 1.84942 1.12998 1.05786 1.3318 1.1887 1.07481 1.0411 1.59994 0.73783 1.88315 1.72701 0.792955 0.507545 0.49245 0.356795 0.318043 0.220001 0.188766 0.127647 0.104006 0.0808523 0.0514072 0.000725937
threshold=-0.62840542005729572 1.0000000180025095e-35 -0.72052866806755789 -0.34677904159092959 9.2900000000000027 1007.2184028480634 0.055916990100603255 1006.2011889637492 1.4332334558743229 0.59516636799361444 1000.5060216028497 1.9725248291011286 -0.20534074090205537 0.22611568550828817 -0.9574497222574998 -0.99965739133362397 -0.99862982478704421 1003.2330323434704 923.85000000000002 2.2738909580739119 8.3400000000000034 0.7858464062931948 -0.70710678118654735 -0.96802224025929329
decision_type=2 2 2 2 2 2 2 2 2 2 2 2 2 2 2 2 2 2 2 2 2 2 2 2
left_child=1 2 -1 4 18 6 -6 19 -9 10 22 -12 17 -14 -7 -5 -17 -11 23 -4 -20 -18 -3 -2
right_child=3 9 7 15 5 14 -8 8 -10 12 11 -13 13 -15 -16 16 21 -19 20 -21 -22 -23 -24 -25
leaf_value=0.44420287686582582 -0.21456273746751511 0.44335760706225941 0.045760640248153364 -0.017927489545546939 -0.0030176800609042266 -0.059422680099715901 -0.29551473135795603 -0.16887358743351819 0.22167866416902388 0.018641301140594119 -0.34900763350913411 -0.073841810609644329 -0.067967116077795597 0.012112605219002308 0.2961852525358914 -0.073569625585686818 0.8963979987588977 0.36544479022803295 0.27556124407262411 -0.027156917582072275 0.13697477472655475 0.076403004411623968 -0.2057740919916646 0.17613084221198255
leaf_weight=1156.4637748897076 31.980614215135574 255.95809152722359 660.29705163836479 52.986117094755173 870.61920428276062 59.927058696746826 517.87712025642395 289.05468374490738 186.54132616519928 329.60147249698639 336.88190925121307 250.19131380319595 392.75687581300735 401.36256048083305 1103.1722990870476 73.494549512863159 4664.9293200671673 396.41433325409889 1903.8270787000656 91.313594818115234 121.10705959796906 708.74573576450348 36.160389095544815 175.01575496792793
leaf_count=2833 106 698 758 98 961 26 1075 260 99 486 604 184 438 896 1837 198 8513 226 2947 38 111 2021 117 612
internal_value=0.00203776 0.000242787 0.00220383 0.00282622 0.00160756 0 -0.00175933 0 -0.00328081 -0.00150925 -0.00371207 -0.0069784 0 -0.00229177 0.00235624 0.00379815 0.00389364 0.00202877 0.00330757 0.00238145 0.00359174 0.00398804 0.00126344 0
internal_weight=15066.7 4783 2383.67 10283.7 4783.53 2551.6 1388.5 1227.21 475.596 2399.33 879.192 587.073 1520.14 794.119 1163.1 5500.16 5447.17 726.016 2231.93 751.611 2024.93 5373.68 292.118 206.996
internal_count=26142 7637 3988 18505 7675 3899 2036 1155 359 3649 1603 788 2046 1334 1863 10830 10732 712 3776 796 3058 10534 815 718
is_linear=0
shrinkage=0.0952834


Tree=33
num_leaves=19
num_cat=0
split_feature=6 7 4 9 2 8 8 7 5 0 7 3 2 1 1 1 0 3
split_gain=1.50599 1.32405 0.732315 0.875248 0.978548 0.95828 0.402903 0.310693 0.622927 0.56509 0.197191 0.142605 0.115423 0.102631 0.0799575 0.0764505 0.0708114 0.0302408
threshold=1.0000000180025095e-35 5.1000000000000041 1009.6035925046193 -1.2027238903131801 0.43665123195606398 5.9450000000000012 9.663582501158098 8.0300000000000047 0.25403556033430663 0.0083671642178657826 8.5000000000000036 1.8524606034968203 -0.86400894836443254 0.5772862706790628 0.75368047425393769 0.98521098335796142 -0.47841207467782482 0.68050782431014367
decision_type=2 2 2 2 2 2 2 2 2 2 2 2 2 2 2 2 2 2
left_child=1 6 3 5 -5 -3 14 -2 9 10 -9 16 -8 -14 -1 17 -4 -10
right_child=7 2 11 4 -6 -7 12 8 15 -11 -12 -13 13 -15 -16 -17 -18 -19
leaf_value=0.2593550165340443 0.98592573588893351 -0.13277038456295634 0.059772621668285515 0.030475362076946677 -0.25618826985967219 -0.019763057441132319 -0.053760686579897077 -0.56342223686954018 0.6924638312946253 -0.016219297833843807 0.07122430482053449 -0.032592007860970697 0.24567708977778485 -0.1279465408008951 0.33906710390725159 0.0096824576341380548 0.43520633350309146 0.62367167034515258
leaf_weight=1670.7513101398945 3134.0136591792107 148.16103050112724 230.23045960068703 3414.6367174983025 524.81141114234924 1374.8130631446838 61.545979201793671 148.05373951792717 106.43522465229034 45.284267425537109 912.58932694792747 90.024540305137634 248.25958055257797 101.44913133978844 73.759709477424622 78.890680581331253 999.37256824970245 1703.5968897640705
leaf_count=3078 8042 144 597 2626 1059 2966 145 317 199 8 2035 202 279 262 114 257 1650 2162
internal_value=0.00223669 0.00135703 0.000616015 3.93072e-05 0.000871974 -0.00180144 0.00346358 0.00344059 0.00234258 7.52494e-05 0.000949557 0.00263833 0 0.00130412 0.00411209 0.00341721 0.00291855 0.00354509
internal_weight=15066.7 8937.82 6782.05 5462.42 3939.45 1522.97 2155.77 6128.86 2994.85 1105.93 1060.64 1319.63 411.255 349.709 1744.51 1888.92 1229.6 1810.03
internal_count=26142 13122 9244 6795 3685 3110 3878 13020 4978 2360 2352 2449 686 541 3192 2618 2247 2361
is_linear=0
shrinkage=0.0952834


Tree=34
num_leaves=21
num_cat=0
split_feature=5 1 1 6 8 3 2 0 8 7 9 4 1 1 0 5 1 1 4 2
split_gain=1.89954 1.37138 2.95146 0.640388 0.953399 0.527833 0.685049 0.524511 0.485547 0.503711 0.741661 0.424656 0.690603 0.323942 0.303668 0.219761 0.200806 0.0745915 0.07393 0.0556372
threshold=-0.065932877997374628 -0.39859592396397175 -0.37371625404731884 -0.6354515070312855 9.2900000000000027 1.8221925072322347 -0.65644987677374977 0.059765869246927852 6.2900000000000009 5.1000000000000041 -1.2027238903131801 1010.2186137471202 0.80202313715433193 -0.99865756837029884 0.14289713551224942 -1.2183541597786867 0.46735488928835739 0.9927395293426734 923.85000000000002 0.87377473702374975
decision_type=2 2 2 2 2 2 2 2 2 2 2 2 2 2 2 2 2 2 2 2
left_child=1 8 -3 4 18 7 -7 -4 9 -1 -11 12 -6 -5 15 -10 -15 -18 -2 -20
right_child=3 2 5 13 11 6 -8 -9 14 10 -12 -13 -14 16 -16 -17 17 -19 19 -21
leaf_value=0.544022226665964 0.039359398506074582 -0.19664162476101596 0.019094068826538003 -0.014673868393819811 -0.25008134357779654 0.025715104112197282 -0.084285923040582064 -0.017231253995596375 -0.019315657208790089 -0.14627729908190854 0.061510464683526375 0.35941293349050374 0.049896992792884072 1.0849661739339302 -0.042171248940859128 0.23663767278182921 0.24442888754438066 -0.034350863629418645 0.25696161049229727 0.094522008269008431
leaf_weight=281.40053781867027 104.27538987994194 112.11643135547638 3721.6516816318035 65.129725724458694 366.40288680791855 614.78917068243027 558.65933430194855 139.70984363555908 55.423688888549805 185.11079332232475 109.09109878540039 351.38554909825325 339.96754404902458 3664.7279605865479 56.281379699707031 1960.3546041846275 1374.4498842656612 90.014921844005585 862.70535928010941 53.03150337934494
leaf_count=615 357 109 6079 170 758 378 825 25 10 245 56 913 504 6512 10 3720 2731 310 1643 172
internal_value=0.00200128 0.000880991 0 0.00313588 0.00133305 0.00032041 -0.0012871 0.00093209 0.00264148 0 -0.00254693 -0.000279958 -0.00198216 0.00376441 0.00332187 0.0035647 0.00386309 0.00213369 0.00346142 0.00375086
internal_weight=15066.7 7794.59 5146.93 7272.09 2077.77 5034.81 1173.45 3861.36 2647.66 575.602 294.202 1057.76 706.37 5194.32 2072.06 2015.78 5129.19 1464.46 1020.01 915.737
internal_count=26142 12072 7416 14070 4347 7307 1203 6104 4656 916 301 2175 1262 9723 3740 3730 9553 3041 2172 1815
is_linear=0
shrinkage=0.0952834


Tree=35
num_leaves=18
num_cat=0
split_feature=1 5 6 6 6 6 0 4 2 7 5 4 0 9 7 2 1
split_gain=2.32546 2.05678 0.775758 3.61171 0.741593 0.595147 0.623273 0.50885 1.105 0.485257 0.42136 0.361228 0.342817 0.30233 0.226015 0.157708 0.127015
threshold=0.018735963039041265 -0.42533692080581526 -0.26792884975287096 -0.46055793700185871 -0.5 -0.71020463635804898 -1.0088349801610241 1000.5060216028497 0.055916990100603255 5.1000000000000041 -0.065932877997374628 920.5154209492847 -0.70710678118654757 0.6291819394384498 11.295000000000003 0.090251610031040944 0.46735488928835739
decision_type=2 2 2 2 2 2 2 2 2 2 2 2 2 2 2 2 2
left_child=2 5 3 9 7 15 -7 8 -3 -1 14 -8 -11 -9 -6 -2 -12
right_child=1 4 -4 -5 10 6 11 13 -10 12 16 -13 -14 -15 -16 -17 -18
leaf_value=0.21190261881457714 0.044908489819293129 0.062970993839995715 0.72739916653067782 -0.081738118070144375 0.59562615141306252 -0.38682188820201507 0.013658263158185999 0.17032586690389825 -0.34578018014816075 -0.061445469022124076 0.79158448330315734 -0.045308884711028022 0.071855405139405679 -0.016469320510747613 -1.3712655839726422 -0.17291196770437606 0.17721247106325508
leaf_weight=1316.7910621464252 539.59591093659401 456.11522775888443 3521.7405054867268 74.999350547790527 179.80407398939133 64.13518238067627 206.62572488188744 580.98942452669144 263.69090497493744 82.492349147796631 1501.4676398038864 2196.9256004393101 2052.9184902012348 395.52359059453011 66.652911752462387 134.02074977755547 1522.5931588411331
leaf_count=2264 282 671 8610 13 425 12 260 822 698 15 1486 3829 2930 449 91 267 3106
internal_value=0.00200197 0.000821769 0.00329118 0.00202287 0.00205996 -0.000985845 -0.00175391 0.000133254 -0.00145168 0.00260135 0.00291346 -0.00127183 0.00135799 0.00178474 0 0.00112384 0.00323145
internal_weight=15157.1 8108.14 7048.94 3527.2 4966.84 3141.3 2467.69 1696.32 719.806 3452.2 3270.52 2403.55 2135.41 976.513 246.457 673.617 3024.06
internal_count=26230 12398 13832 5222 7748 4650 4101 2640 1369 5209 5108 4089 2945 1271 516 549 4592
is_linear=0
shrinkage=0.0952834


Tree=36
num_leaves=19
num_cat=0
split_feature=6 6 5 1 7 4 1 7 0 3 6 1 7 1 8 7 1 1
split_gain=1.84162 3.93692 1.31295 1.63088 1.6838 1.10247 1.04185 1.67887 0.988395 0.80698 0.403016 0.365074 0.410371 0.438529 0.328444 0.207673 0.0864543 0.0398292
threshold=-0.26792884975287096 -0.46055793700185871 -0.89428481511969204 -0.08348555728681771 10.370000000000005 1003.2330323434704 -0.25183564541141551 12.595000000000004 -0.38756952128111782 0.74036543453914694 -0.70235549495563165 0.46735488928835739 13.910077477077424 -0.99965739133362397 13.445 8.4150000000000045 0.48672566630006897 0.96900085243778578
decision_type=2 2 2 2 2 2 2 2 2 2 2 2 2 2 2 2 2 2
left_child=1 5 3 -2 9 6 15 -8 10 -5 -7 12 13 -4 -10 -1 -13 -6
right_child=2 -3 11 4 17 8 7 -9 14 -11 -12 16 -14 -15 -16 -17 -18 -19
leaf_value=0.25351785837363311 0.16086034573372954 -0.34996419311575122 -0.08258474034860401 5.5704303783906078e-05 0.090149205710142566 -0.015680796912563241 -0.15593077430291349 0.013219301924541455 0.15917532621064392 -0.32004166425763925 0.045173703698218937 -0.36251162288366867 -0.0053800527112740143 0.8569468225880289 0.070951492124646395 -0.16623940450491306 0.11775190146088313 -0.16872631593470791
leaf_weight=652.13149178028107 662.05223742127419 102.28361797332764 48.826337784528732 54.008232206106186 381.33334141969681 855.93303951621056 1055.7384353578091 739.37716102600098 2641.0645614862442 221.11925181746483 720.31708315014839 87.419718950986862 54.079116106033325 4389.6994944214821 439.53434675931931 86.109085559844971 1835.8911182582378 130.16418719291687
leaf_count=1927 1624 18 124 170 875 530 2259 702 2922 404 491 105 70 8672 880 242 4014 201
internal_value=0.00203676 0.000853488 0.00307283 0.000125581 -0.00244926 0.00118385 -0.000255227 -0.00165822 0.00206764 -0.00846724 0 0.00366415 0.00426165 0.00438422 0.0030608 0.00250959 0.00201687 0
internal_weight=15157.1 7292.49 7864.59 1448.68 786.625 7190.21 2533.36 1795.12 4656.85 275.127 1576.25 6415.92 4492.6 4438.53 3080.6 738.241 1923.31 511.498
internal_count=26230 9971 16259 3274 1650 9953 5130 2961 4823 574 1021 12985 8866 8796 3802 2169 4119 1076
is_linear=0
shrinkage=0.0952834


Tree=37
num_leaves=24
num_cat=0
split_feature=1 5 6 6 0 1 0 3 4 3 7 2 6 9 1 5 4 4 2 1 2 2 3
split_gain=2.16607 1.76504 0.953417 0.760312 0.885861 0.574992 0.733891 1.25392 0.597388 0.570621 0.551714 0.536071 0.391664 0.381812 0.781408 0.373253 0.26979 0.226813 0.180589 0.143953 0.101201 0.0931166 0.000798207
threshold=1.0000000180025095e-35 -0.42533692080581526 -0.5 -0.70710678118654757 -0.38756952128111782 0.59516636799361444 -0.5 1.3515732389122377 1000.5060216028497 1.8221925072322347 7.8200000000000003 1.0000000180025095e-35 -0.74273602057931887 0.17919815814159537 0.73742559186313039 -1.1245305845874645 1000.5060216028497 924.05000000000007 0.97308229207007257 0.98930504265984687 -0.56148775242179183 -0.98335517388156235 1.0620626455788378
decision_type=2 2 2 2 2 2 2 2 2 2 2 2 2 2 2 2 2 2 2 2 2 2 2
left_child=3 5 13 4 12 6 8 -8 -2 11 -11 -7 -1 16 -15 -5 -3 20 21 -19 -4 -6 -14
right_child=1 2 17 15 18 9 7 -9 -10 10 -12 -13 22 14 -16 -17 -18 19 -20 -21 -22 -23 -24
leaf_value=-0.054096618091852441 0.3885531666899586 -0.041052211007522821 1.4375653705386262 -0.040604064804225258 0.063329198996023392 0.039820088305195532 -0.042230559220827399 -0.066516289743945509 -0.10118794762783762 -0.31661842361722065 -0.020234933982753302 -0.055827023634056706 -0.060313682580419567 -0.22235246618899945 0.052806767092118165 0.28308938653177995 0.13892988111099092 0.40582661072335779 -0.1338589688408601 -0.016072254343703078 -0.099235952342951975 0.20688137324790379 0.0080482259802944333
leaf_weight=108.89813184738159 323.02870911359787 312.81153094768524 162.74473911523819 62.569236755371094 167.17521938681602 987.35673031210899 152.49809688329697 247.59399744868279 464.72669211030006 90.507811009883881 410.18643951416016 520.4952427148819 235.33248665928841 344.5624665915966 568.01764315366745 4446.9708752334118 506.766746789217 2956.2473999857903 65.403158634901047 114.04418343305588 111.24200591444969 1536.7789289951324 261.12338563799858
leaf_count=20 803 719 649 11 185 976 279 193 794 101 462 1129 344 662 625 10184 686 3899 202 360 296 2438 213
internal_value=0.0020453 0.00092478 0.00205411 0.00332181 0.0015874 -0.000721456 -0.00240284 -0.00578709 -6.52295e-05 4.10533e-05 -0.00245763 0.00118797 -0.00102566 0 -0.0010914 0.00412805 0.00169764 0.00299783 0.00274825 0.00323382 0 0.00296679 0
internal_weight=15157.1 8272.83 5076.44 6884.25 2374.71 3196.39 1187.85 400.092 787.755 2008.55 500.694 1507.85 605.354 1732.16 912.58 4509.54 819.578 3344.28 1769.36 3070.29 273.987 1703.95 496.456
internal_count=26230 12633 7896 13597 3402 4737 2069 472 1597 2668 563 2105 577 2692 1287 10195 1405 5204 2825 4259 945 2623 557
is_linear=0
shrinkage=0.0952834


Tree=38
num_leaves=18
num_cat=0
split_feature=5 0 1 1 6 0 7 8 1 6 1 2 0 8 1 1 5
split_gain=2.14415 2.07607 1.47133 1.50339 0.958279 1.81385 1.52184 1.18091 0.63734 0.402988 0.368107 0.273139 0.248886 0.236173 0.0310291 0.0297643 0.00031708
threshold=-0.016122077584424657 0.38330483278723043 -0.39859592396397175 -0.37371625404731884 -0.5 -0.062452745022527532 6.9300000000000015 13.955000000000002 0.46735488928835739 0.41940277674111287 -0.99699193743116266 0.87377473702374975 -1.0088349801610241 14.695000000000004 0.5097641122282992 0.9927395293426734 -0.70710678118654735
decision_type=2 2 2 2 2 2 2 2 2 2 2 2 2 2 2 2 2
left_child=1 2 11 -4 5 -2 13 -8 10 -5 -6 12 -1 -7 -10 -16 -13
right_child=4 -3 3 9 8 6 7 -9 14 -11 -12 16 -14 -15 15 -17 -18
leaf_value=-0.048942109736352268 -0.079156351029911476 -0.02450949270325203 -0.17751056208622779 -0.0037379572728750282 -0.10168949976836907 0.20008410396665738 -0.33772567315879698 0.043485915958228809 0.32622850892878019 0.18186116955938073 0.88249250620554864 0.9223561510973981 0.16559589619574494 -0.23935150607218986 0.16767354887761332 -0.01454083570371191 -0.083133874260267832
leaf_weight=59.142309188842773 63.857041358947754 138.91892576217651 107.74081897735596 3907.2003206014633 76.622679084539413 1503.9233257472515 189.16244658827782 322.96547377109528 200.76877838373184 1053.5690053999424 3677.4621090888977 34.256732165813446 2415.9597196578979 51.255570381879807 1228.1222726404667 87.702107816934586 38.452221572399139
leaf_count=10 11 25 97 4694 276 3103 535 598 169 2613 6387 119 4406 162 2632 304 89
internal_value=0.00171535 0.000531731 0.000802884 -4.63789e-05 0.00289064 0.000872642 0.0015806 -0.00241267 0.00361562 0.00010604 0.00436361 0.00267484 0.00289219 0.00320174 0.00144622 0.00161958 0
internal_weight=15157.1 7755.24 7616.32 5068.51 7401.84 2131.16 2067.31 512.128 5270.68 4960.77 3754.08 2547.81 2475.1 1555.18 1516.59 1315.82 72.709
internal_count=26230 12053 12028 7404 14177 4409 4398 1133 9768 7307 6663 4624 4416 3265 3105 2936 208
is_linear=0
shrinkage=0.0952834


Tree=39
num_leaves=15
num_cat=0
split_feature=5 6 6 1 6 1 1 4 4 9 3 9 8 0
split_gain=2.06299 1.89501 6.26969 1.33928 1.34596 1.11181 0.556436 0.461696 0.364945 0.266096 0.434737 0.256647 0.0692339 0.057478
threshold=0.6397301639442462 0.49991850496799728 0.26528273655489853 -0.39859592396397175 -0.71020463635804898 0.6254047815183511 0.22578186505226902 1000.5060216028497 929.35000000000002 -0.27840139202804787 1.1839560633711947 3.8266616181973174 13.844659830959513 -0.8806051102930178
decision_type=2 2 2 2 2 2 2 2 2 2 2 2 2 2
left_child=1 2 3 11 -5 -2 -3 8 12 13 -11 -1 -7 -8
right_child=5 6 -4 4 -6 7 9 -9 -10 10 -12 -13 -14 -15
leaf_value=0.1325488037826596 0.69258920761843412 0.86218206380676343 -0.27954931994280802 0.032939915148445575 -0.025557317570128791 -0.15268396769121423 0.01309417226555953 1.0856145825963854 -0.16160366430938253 -0.19671404809354431 0.070198920856474709 -0.021657341769505161 0.027958951439739522 0.35323996239872457
leaf_weight=2530.5330328643322 3394.9940108060837 1695.8110482394695 71.142309188842773 2726.5906017124653 2475.5093148350716 106.31375262141228 111.94216576218605 328.61180943250656 74.738621830940247 177.08450213074684 365.95887398719788 176.99782639741898 342.74969607591629 578.10429230332375
leaf_count=4105 5632 4510 12 3497 3356 296 303 906 140 433 651 123 608 1658
internal_value=0.00168897 0.000934789 0.00011139 0.000430764 -0.000387987 0.00351205 0.00301383 0 -0.00131261 0.000931159 0 0.00217631 0 0.00224158
internal_weight=15157.1 10909.7 7980.77 7909.63 5202.1 4247.41 2928.9 852.414 523.802 1233.09 543.043 2707.53 449.063 690.046
internal_count=26230 18648 11093 11081 6853 7582 7555 1950 1044 3045 1084 4228 904 1961
is_linear=0
shrinkage=0.0952834


Tree=40
num_leaves=18
num_cat=0
split_feature=6 6 5 0 1 7 7 4 4 3 1 0 4 1 4 1 1
split_gain=1.8435 3.77159 1.28605 1.60735 1.14347 1.12651 0.793637 0.594879 1.1486 0.626138 0.430794 0.352309 0.310571 0.318458 0.202369 0.166299 0.024612
threshold=-0.26792884975287096 -0.46055793700185871 -0.89428481511969204 -0.83305276264691031 0.018735963039041265 4.415 10.370000000000005 1000.5060216028497 921.1500000000002 1.6515093304880548 0.46735488928835739 -0.66084874927563031 919.81198689021301 -0.99865756837029884 923.45000000000016 0.7206604759859373 0.83219004266160257
decision_type=2 2 2 2 2 2 2 2 2 2 2 2 2 2 2 2 2
left_child=1 5 3 4 -2 11 -6 8 -7 -9 12 -1 -4 -14 16 -16 -12
right_child=2 -3 10 -5 6 7 -8 9 -10 -11 14 -13 13 -15 15 -17 -18
leaf_value=-0.022561214615979982 0.15678076489682782 -0.28365859892045908 -0.018483223311459664 -0.023710241454951 -0.25291291722031384 0.029686591697423763 0.056576794772017151 0.068681458454123712 -0.11445978949002894 -0.013586682071862905 1.9916384237023401 0.21136555072674387 -0.065363778291554889 0.58754987941200076 0.037956870552467895 0.091798215993632165 -0.23533966504218537
leaf_weight=57.738628029823303 678.88222256302834 102.28361797332764 49.037902772426605 44.999350547790527 235.79416516423225 465.68347203731537 489.00151178240776 2720.7114033401012 1303.0092534422874 1420.5494097471237 59.173742681741714 1222.5130380392075 80.338459253311157 4363.2285862863064 746.71393021941185 1007.1388846039772 110.28427970409393
leaf_count=48 1734 18 175 8 497 596 1035 2794 3162 959 236 2394 247 8444 1062 2532 289
internal_value=0.00171414 0.000540034 0.00274187 0 0.000762894 0.000865939 -0.00141623 0.000223203 -0.00112382 0.000913095 0.00332157 0.00345435 0.0039322 0.00403319 0.00164445 0.00200247 0
internal_weight=15157.1 7292.49 7864.59 1448.68 1403.68 7190.21 724.796 5909.95 1768.69 4141.26 6415.92 1280.25 4492.6 4443.57 1923.31 1753.85 169.458
internal_count=26230 9971 16259 3274 3266 9953 1532 7511 3758 3753 12985 2442 8866 8691 4119 3594 525
is_linear=0
shrinkage=0.0952834


Tree=41
num_leaves=18
num_cat=0
split_feature=5 5 6 0 7 2 1 1 8 4 4 6 7 1 9 1 8
split_gain=2.28776 1.82332 1.16709 1.00241 1.53718 0.987005 0.641504 0.768409 0.522928 0.426239 1.16217 0.39908 0.450545 0.345593 0.286982 0.193678 0.158744
threshold=-0.38001311025300649 -0.49893028698971637 -0.5 -0.062452745022527532 6.4800000000000022 -0.96802224025929329 -0.39859592396397175 -0.37371625404731884 14.545000000000003 1010.85 929.35000000000002 -0.0088623294401669675 5.5300000000000038 -0.99865756837029884 2.2780671573162876 0.6254047815183511 13.165000000000001
decision_type=2 2 2 2 2 2 2 2 2 2 2 2 2 2 2 2 2
left_child=1 6 3 -2 16 -6 11 -8 13 10 -10 12 -1 -4 -9 -15 -5
right_child=2 -3 8 4 5 -7 7 14 9 -11 -12 -13 -14 15 -16 -17 -18
leaf_value=-0.08633771267372671 -0.081583332858280497 -0.15491606074262709 -0.05913569688397402 0.15763112379035676 -0.16694332287475364 -0.0041953581589458458 -0.16470577030097275 -0.013561641608419679 0.083051372141845339 0.57275651000114758 -0.46733187054120895 0.67535118825086127 0.075193820713599799 0.6428739780725482 0.13267274261986955 0.054763286894233848 -0.099687561864504712
leaf_weight=333.80898770689964 171.82817268371582 149.56140804290771 62.302587032318115 1633.7672275006771 86.934351950883865 1196.8345436453819 92.921754419803619 3350.7076397836208 527.27572420239449 541.44310358166695 135.74110922217369 667.67135992646217 1059.1512070298195 3893.9327156841755 591.1532339155674 569.38304355740547 92.6636883020401
leaf_count=286 31 27 203 3006 122 2117 79 5503 829 656 254 2092 1399 7279 449 1635 263
internal_value=0.00153738 5.99686e-05 0.0025191 0.000846783 0.00138209 -0.000830092 0.000393177 -0.000203213 0.00336402 0.00100274 0 0.00178785 0.000454715 0.00388656 0 0.00400229 0.00329818
internal_weight=15157.1 6244.98 8912.11 3182.03 3010.2 1283.77 6095.41 4034.78 5730.08 1204.46 663.017 2060.63 1392.96 4525.62 3941.86 4463.32 1726.43
internal_count=26230 9835 16395 5539 5508 2239 9808 6031 10856 1739 1083 3777 1685 9117 5952 8914 3269
is_linear=0
shrinkage=0.0952834


Tree=42
num_leaves=20
num_cat=0
split_feature=5 6 6 1 2 9 4 0 4 4 2 1 0 6 4 8 9 1 9
split_gain=2.71678 1.89875 8.20532 0.853063 0.775383 1.08836 0.854792 0.711932 0.474492 0.465876 0.740278 0.271136 0.229021 0.217141 0.155366 0.0837463 0.0533218 0.0424057 0.00444591
threshold=0.094460414972737869 0.49991850496799728 0.26528273655489853 0.6254047815183511 -0.31717467192874066 1.9240578435693723 921.43215539812297 -0.040152330783934841 1000.5060216028497 929.35000000000002 0.67761478904668893 0.15005400879207817 -0.8806051102930178 -0.26000684011206787 924.6500000000002 9.6050000000000004 3.8266616181973174 0.97505550290239451 6.0913149315726356
decision_type=2 2 2 2 2 2 2 2 2 2 2 2 2 2 2 2 2 2 2
left_child=1 2 4 7 5 -1 -6 -2 9 13 -11 -3 15 -5 -14 -13 -9 -10 -18
right_child=3 11 -4 8 6 -7 -8 16 17 10 -12 12 14 -15 -16 -17 18 -19 -20
leaf_value=-0.0047402964628990348 -0.057633988902063317 0.80385547639267541 -0.59709945890827865 -0.12735780100039384 -0.083950549618850207 0.11026790820076557 -0.033147035479024381 0.59172042208395614 1.0551683646746171 0.0002261936833072134 -0.28115787590289432 -0.29736192424540325 -0.09516696464445476 0.17065419378765939 0.36252650342639614 0.018425099097685679 0.02304434739654147 0.13519477162217639 0.25564943986431493
leaf_weight=3221.8705739676952 69.857041358947754 1068.1685470342636 82.284618377685547 209.09873765707016 183.10077965259552 791.06113567948341 2861.2052745223045 3935.7352187037468 376.02866321802139 61.494858086109161 47.810058861970901 47.69721257686615 108.9113697707653 476.82048374414444 617.4351002573967 157.00119698047638 403.30061504244804 140.65461811423302 305.89154759049416
leaf_count=3117 12 3108 14 467 170 378 5196 8378 986 164 61 100 371 942 1503 361 303 430 135
internal_value=0.00129688 0.000204615 -0.000466201 0.00287347 -4.13878e-05 0.000756883 -0.00124829 0.0034883 0.000300567 -0.000721816 -0.00639584 0.00283203 0.000891282 0 0.00194372 -0.000544505 0.00368872 0.00277449 0.00141094
internal_weight=15165.4 9138.74 7139.52 6026.69 7057.24 4012.93 3044.31 4714.78 1311.91 795.224 109.305 1999.21 931.045 685.919 726.346 204.698 4644.93 516.683 709.192
internal_count=26196 14318 8875 11878 8861 3495 5366 8828 3050 1634 225 5443 2335 1409 1874 461 8816 1416 438
is_linear=0
shrinkage=0.0952834


Tree=43
num_leaves=17
num_cat=0
split_feature=0 6 5 0 6 1 1 4 7 9 7 3 4 1 4 9
split_gain=1.95031 2.48863 1.07317 0.785878 13.9534 0.742656 0.551453 0.544143 0.741312 0.654628 0.377177 0.354744 0.149259 0.190193 0.112358 0.0080254
threshold=0.43906064653612487 0.41940277674111287 0.023707643669621723 -0.90259895408448376 -0.051165479113440347 0.6254047815183511 0.1215423353634079 1000.5060216028497 9.9750000000000032 0.69340791901351395 13.390000000000004 1.6515093304880548 923.6500000000002 0.83219004266160257 1007.4500000000002 -0.73484597085196046
decision_type=2 2 2 2 2 2 2 2 2 2 2 2 2 2 2 2
left_child=1 2 3 11 -5 10 -3 8 9 -7 -2 -1 13 -8 -14 -10
right_child=5 6 -4 4 -6 7 12 -9 15 -11 -12 -13 14 -15 -16 -17
leaf_value=0.098603815284569463 0.42910808959432462 0.84231504963264969 -0.27233923873708721 0.0040664975598070311 -0.54020580716869238 -0.01826506786188857 1.3108918920506314 0.45764869588672541 0.033818235977135118 -0.19248677420078228 -0.97088898559004477 -0.029988674062667673 0.12624038897864684 -0.38414095476835747 0.016120526418881478 0.14714560756735073
leaf_weight=940.2605487704277 3873.8869377374649 1530.6518061757088 151.70984363555908 5710.7229408621788 111.13777160644531 178.22039583325386 85.603500783443451 466.6856195628643 60.02050593495369 179.08680295944214 77.304219216108322 211.62126570940018 882.61775028705597 70.796667456626892 384.79271745681763 250.30835720896721
leaf_count=1902 7139 4287 27 6615 20 485 341 1161 156 348 76 309 1620 204 1154 352
internal_value=0.00138378 0.000557088 -0.000348599 -0.000104745 -0.000618543 0.00292763 0.0028985 0.000286956 -0.000957136 -0.00431154 0.00356509 0.00207593 0.00106316 0 0.00152804 0.00140865
internal_weight=15165.4 10079.9 7125.45 6973.74 5821.86 5085.51 2954.46 1134.32 667.636 357.307 3951.19 1151.88 1423.81 156.4 1267.41 310.329
internal_count=26196 16479 8873 8846 6635 9717 7606 2502 1341 833 7215 2211 3319 545 2774 508
is_linear=0
shrinkage=0.0952834


Tree=44
num_leaves=14
num_cat=0
split_feature=0 6 1 1 5 1 2 1 4 6 9 1 7
split_gain=1.70101 1.93353 0.66997 1.09157 0.916257 0.552411 0.672667 0.385566 0.210544 0.242147 0.19961 0.0714144 0.000241859
threshold=0.43906064653612487 0.55482075755648574 -0.99699193743116266 -0.99466160899732459 0.023707643669621723 0.095031691240772306 0.98662138620987927 0.1215423353634079 1009.6035925046193 -0.26000684011206787 0.96136421648583881 0.98521098335796142 12.76296878357233
decision_type=2 2 2 2 2 2 2 2 2 2 2 2 2
left_child=1 2 -1 -4 -5 -2 8 -3 9 -7 11 -9 -12
right_child=5 7 3 4 -6 6 -8 10 -10 -11 12 -13 -14
leaf_value=0.1789913896947718 0.74717106875438655 1.2194169202297809 -0.56713977412968342 0.000630244009360651 -0.18115978650658346 -0.026674537419953324 -0.11813165249292623 0.24079363760428266 0.6249036462038331 0.10836317778150442 -0.12200864207574608 -0.030803130768459072 0.28012267052698081
leaf_weight=413.28578978776932 2327.2643140554428 1279.9192780852318 100.91311046481133 6953.411634773016 115.70984363555908 546.87799990177155 147.3113642334938 800.59415629506111 792.73303669691086 1271.3261235654354 271.23340278863907 79.004441648721695 65.843155264854431
leaf_count=288 5373 3675 86 9559 21 1204 113 2008 1267 1760 536 243 63
internal_value=0.00143257 0.000653668 -4.31726e-05 -0.000320106 -0.000108832 0.0028817 0.00165488 0.00295577 0.00212939 0.00114317 0.00114365 0.00196394 0
internal_weight=15165.4 10079.9 7583.32 7170.03 7069.12 5085.51 2758.25 2496.59 2610.94 1818.2 1216.68 879.599 337.077
internal_count=26196 16479 9954 9666 9580 9717 4344 6525 4231 2964 2850 2251 599
is_linear=0
shrinkage=0.0952834


Tree=45
num_leaves=21
num_cat=0
split_feature=5 6 1 4 8 7 8 0 7 6 1 1 3 2 6 2 2 9 8 1
split_gain=1.53998 1.37488 1.1264 0.650856 0.6547 0.60481 1.26513 1.22369 1.06164 0.505324 0.48855 0.397131 0.254418 0.174981 0.162577 0.139065 0.114174 0.0307274 0.0204321 0.0152927
threshold=0.094460414972737869 0.78656609248549303 0.1215423353634079 1010.85 10.775 5.1000000000000041 5.9450000000000012 0.38330483278723043 5.5300000000000038 -0.79041609697728321 1.0000000180025095e-35 0.37243485760939726 1.941229696683463 0.41014160931564131 0.78656609248549303 -0.98335517388156235 0.97690230611205509 6.0913149315726356 16.045000000000005 0.87379901192678244
decision_type=2 2 2 2 2 2 2 2 2 2 2 2 2 2 2 2 2 2 2 2
left_child=1 5 9 4 19 10 8 -8 -7 15 13 -12 -6 -1 -5 -2 -17 -11 -3 -4
right_child=2 18 3 14 12 6 7 -9 -10 17 11 -13 -14 -15 -16 16 -18 -19 -20 -21
leaf_value=0.077851608916622073 -0.074014258883732975 0.69755939127195477 0.38209586694048625 0.58085874637236756 -0.028746473631725437 -0.028013993939880355 0.0036189761709326559 -0.051110170849773658 -0.32736365541384232 1.0400048528578039 -0.24784729087643834 0.15353628957013501 0.31343395881891345 -0.021468363723481067 -0.052583088032904436 0.32146244612270475 -0.34692796536208453 1.0201978736474979 0.10479593157061445 0.056341700253731086
leaf_weight=871.51079878211021 44.763588309288025 1095.4854495227337 571.87015357613564 681.73873484134674 1569.5271799564362 134.73158651590347 6293.052898645401 105.99546241760254 187.09190273284912 2413.3922824561596 104.66205802559853 163.7129237651825 205.78748589754105 88.488335847854614 73.102547734975815 326.85094994306564 33.551605939865112 60.695209592580795 94.004392564296722 45.41210412979126
leaf_count=973 112 3003 1257 1044 2470 124 9292 19 127 5440 105 175 143 233 177 992 117 29 267 97
internal_value=0.00126248 0.000418994 0.00246194 0.00100304 2.6462e-05 0 -0.000389265 -1.96756e-05 -0.00619191 0.00388894 0.00190471 -0.000380346 -0.000697286 0.00303259 0.00345818 0 0.00127649 0.00440993 0.00343525 0.00285896
internal_weight=15165.4 9138.74 6026.69 3147.44 2392.6 7949.25 6720.87 6399.05 321.823 2879.25 1228.37 268.375 1775.31 959.999 754.841 405.166 360.403 2474.09 1189.49 617.282
internal_count=26196 14318 11878 5188 3967 11048 9562 9311 251 6690 1486 280 2613 1206 1221 1221 1109 5469 3270 1354
is_linear=0
shrinkage=0.0952834


Tree=46
num_leaves=18
num_cat=0
split_feature=4 6 8 1 3 1 4 6 4 1 6 0 4 2 3 5 6
split_gain=1.62436 1.57961 1.41642 2.0734 1.22244 0.896228 0.886722 3.49898 0.846201 2.21248 0.779837 0.393992 0.257814 0.237414 0.194302 0.0868896 0.0882189
threshold=1010.2186137471202 0.039069439178582972 13.165000000000001 0.34964421742355262 1.6304268983444494 0.018735963039041265 1006.4088372431141 -0.71020463635804898 1003.7099524778454 0.53092497938659233 -0.80261267061759023 -1.0267159014566976 1008.8055483668105 0.93643540676382131 2.2738909580739119 -0.82999181145595813 -0.99840317715881977
decision_type=2 2 2 2 2 2 2 2 2 2 2 2 2 2 2 2 2
left_child=1 2 6 -4 -5 11 10 -8 13 -10 -1 -3 -13 -7 15 -2 -17
right_child=14 5 3 4 -6 8 7 -9 9 -11 -12 12 -14 -15 -16 16 -18
leaf_value=-0.01485326031825358 0.098957754410538362 -0.060657694276807651 -0.27346932147116798 -0.0050809746697416938 -0.032172635001259865 0.22056282791162993 0.03506943423143654 -0.064339862305602888 -0.51376795472887249 0.021833420522815731 0.049495788404069388 0.68721605356592086 -0.2247159112379398 -0.0085993804820957889 -0.13528580703779416 0.12802696053598028 0.49744547081279711
leaf_weight=1429.9294376075268 246.18650290369987 38.854153633117676 78.375632077455521 1199.8866449892521 387.65556427836418 1322.0272619724274 1235.7814155519009 832.84874776005745 199.43142938613892 380.44463700056076 2809.9065576791763 1704.5093620121479 115.82616886496544 490.85354927182198 62.19982522726059 224.58062043786049 2406.130140542984
leaf_count=2547 777 7 71 1756 312 2713 798 1048 568 869 4411 4362 368 328 166 278 4817
internal_value=0.00113843 0.000606147 -0.000129757 -0.00264192 -0.00154186 0.00209611 0.000460106 -0.00103292 0.000626675 -0.00218888 0.00130024 0.00372782 0.00401908 0.00179043 0.00318798 0.00331585 0.0035102
internal_weight=15165.4 12226.3 7974.38 1665.92 1587.54 4251.95 6308.47 2068.63 2392.76 579.876 4239.84 1859.19 1820.34 1812.88 2939.1 2876.9 2630.71
internal_count=26196 20158 10943 2139 2068 9215 8804 1846 4478 1437 6958 4737 4730 3041 6038 5872 5095
is_linear=0
shrinkage=0.0952834


Tree=47
num_leaves=20
num_cat=0
split_feature=6 6 4 3 1 0 1 1 5 8 1 2 0 9 1 9 7 7 1
split_gain=1.74969 2.2663 1.03997 1.02504 0.921371 1.13189 0.766754 1.01202 0.573581 0.384479 0.311036 0.380442 0.28091 0.398938 0.251758 0.14714 0.101516 0.629213 0.0404955
threshold=-0.26000684011206787 -0.44881352101930361 1003.2330323434704 1.6515093304880548 0.1215423353634079 -1.0267159014566976 -0.81404958770977986 -0.75043541172651274 -0.14739711770861325 5.9450000000000012 -0.99965739133362397 -0.92426517991628987 -0.78622216376625575 4.1878996480115571 0.15005400879207817 6.0913149315726356 10.100000000000005 8.1800000000000033 0.96900085243778578
decision_type=2 2 2 2 2 2 2 2 2 2 2 2 2 2 2 2 2 2 2
left_child=1 2 6 9 5 -2 -1 -8 -5 -4 -7 -12 16 14 -14 -15 17 -6 -18
right_child=4 -3 3 8 12 10 7 -9 -10 -11 11 -13 13 15 -16 -17 18 -19 -20
leaf_value=0.48914057600051969 -0.054878024437848741 -0.27863018374072496 -0.01874734276864707 -0.0018749155074988511 0.025688036569866575 -0.053537991533970028 -0.20878021924489437 -0.011865878007932755 -0.040809909755157608 0.13395895758438417 0.0029149902580026792 0.53788003843373 -0.34275154092854559 -0.11927426321579788 0.16459371539938 0.13762638115033446 0.047769794456701306 -0.45782841672889096 -0.048964768532142676
leaf_weight=304.39057642221451 50.854153633117676 118.84767627716064 368.61261615157127 1198.5711181163788 240.20892256498337 65.846012353897095 86.695818573236465 2087.2599289417267 274.70856308937073 2855.565292775631 494.35493212938309 3277.5626083612442 61.860724627971649 305.33437740802765 2288.4211060404778 257.10284066200256 469.7482987344265 175.708835542202 183.77324879169464
leaf_count=1049 9 21 298 757 622 140 182 3909 379 3349 1366 7610 99 178 4366 107 1080 389 286
internal_value=0.0012718 0.000138285 0.000421865 0.0013013 0.00226168 0.00336839 -0.00105397 -0.00182114 -0.000531154 0.00228464 0.00364751 0.00377944 0.00105994 0.00155231 0.00212685 -1.23655e-05 0 -0.00138307 0.000423307
internal_weight=15165.4 7294.65 7175.8 4697.46 7870.78 3888.62 2478.35 2173.96 1473.28 3224.18 3837.76 3771.92 3982.16 2912.72 2350.28 562.437 1069.44 415.918 653.522
internal_count=26196 9944 9923 4783 16252 9125 5140 4091 1136 3647 9116 8976 7127 4750 4465 285 2377 1011 1366
is_linear=0
shrinkage=0.0952834


Tree=48
num_leaves=15
num_cat=0
split_feature=5 0 6 0 6 0 1 2 4 8 1 8 9 4
split_gain=1.6262 2.51345 1.62062 1.44543 1.34216 8.79276 0.987624 0.811188 0.473334 0.334834 0.211826 0.0829482 0.00716849 0.00571311
threshold=0.094460414972737869 0.27961175728597193 0.55482075755648574 -0.040152330783934841 0.29757731304484014 -0.90259895408448376 0.095031691240772306 0.11279001791991454 1012.2500000000001 10.775 0.83219004266160257 16.245000000000005 6.0913149315726356 924.6500000000002
decision_type=2 2 2 2 2 2 2 2 2 2 2 2 2 2
left_child=1 2 4 -2 7 -6 12 -1 9 -8 11 -4 -5 -12
right_child=3 -3 10 6 5 -7 8 -9 -10 -11 13 -13 -14 -15
leaf_value=0.009663047686586608 -0.05432083712835778 -0.031450016850626664 0.71541446036577072 0.80763834291483205 -0.049649061048345822 -0.39656107308429317 0.2441473424225333 -0.059491424104048479 0.84801971116571551 -0.012834472521164434 -0.24230378271440467 0.04102394533388716 0.91940447206600151 0.16920241713554679
leaf_weight=5182.9319961667061 75.857041358947754 227.75128507614136 1250.1767829060555 2688.2233136594296 448.15616363286972 46.569535255432129 698.02681374549866 1680.8391009569168 568.67399644851685 1934.1318999528885 54.161369770765305 60.554635733366013 61.778777211904526 187.59493932127953
leaf_count=4642 13 41 3452 6542 1079 8 1506 4184 949 2836 152 169 32 591
internal_value=0.000921791 6.62422e-05 0.000372207 0.00213978 -0.000157956 -0.00495808 0.00237379 0.000122072 0.00102217 0.000280286 0.00318225 0.00366755 0.00377134 0
internal_weight=15165.4 9138.74 8910.98 6026.69 7358.5 494.726 5950.83 6863.77 3200.83 2632.16 1552.49 1310.73 2750 241.756
internal_count=26196 14318 14277 11878 9913 1087 11865 8826 5291 4342 4364 3621 6574 743
is_linear=0
shrinkage=0.0952834


Tree=49
num_leaves=24
num_cat=0
split_feature=1 6 4 1 4 5 4 5 2 6 4 0 5 9 4 2 2 0 2 9 5 8 8
split_gain=2.41445 1.38902 1.13435 2.0147 3.50468 2.61331 2.00315 0.821566 0.640463 1.28344 0.621202 0.617446 3.14399 0.872853 0.47398 0.30912 0.308819 0.281733 0.193243 0.100401 0.00945421 0.0826528 0.0596929
threshold=0.018735963039041265 -0.34677904159092959 1010.4211287902325 0.34964421742355262 1006.8020704774896 0.48315971074778008 927.45000000000016 -1.0007361086599533 -0.20534074090205537 1.0000000180025095e-35 1005.6121894431027 -0.040152330783934841 -0.39445884641990425 -0.1742868364499017 925.25000000000011 0.97690230611205509 -0.99981480381338828 0.49944537339916317 -0.59068717719684971 4.1878996480115571 1.0000000180025095e-35 12.383449686483866 14.695000000000004
decision_type=2 2 2 2 2 2 2 2 2 2 2 2 2 2 2 2 2 2 2 2 2 2 2
left_child=1 11 3 4 6 -6 -2 -3 10 -10 -5 12 13 -1 18 -16 -9 20 -13 -19 21 -4 -22
right_child=2 7 17 8 5 -7 -8 16 9 -11 -12 14 -14 -15 15 -17 -18 19 -20 -21 22 -23 -24
leaf_value=-0.02042401804505423 -0.25900062238376359 -0.18889671283798087 -0.25754873144422563 -0.0018417988408836806 -0.1480523566762387 0.076277399552777111 0.053649198052798421 -0.27556516740553139 -0.11698511440053715 0.04888667089165219 0.18791568697756622 -0.25891213585800849 -0.053863816052560499 0.11661504823479965 0.13434501915720881 -0.17695598078070862 0.447613844024492 0.61680315772163863 0.27481332623860649 -0.0061405401038429272 0.24215254674941983 0.26749266211504269 -0.47351206716938188
leaf_weight=910.37459579110146 402.21957847476006 55.423688888549805 123.59399735927582 1567.0448855161667 177.95083054900169 60.968018352985382 850.92388659715652 75.206141442060471 1413.665029913187 1377.699727922678 754.68267089128494 132.48756971955299 98.494587421417236 788.69631692767143 1425.076563835144 124.64107885956764 3423.9301528632641 733.80801352858543 77.332992047071457 70.140654414892197 126.37475714087486 271.80851745605469 69.123363763093948
leaf_count=1272 966 10 309 2570 222 164 827 102 2055 2137 801 458 18 483 2492 261 8546 1166 286 40 198 746 158
internal_value=0.000903845 0.00218639 -0.000177787 -0.000753481 -0.00383678 -0.0145471 -0.00137636 0.00355437 5.63461e-05 -0.000815184 0.00130697 0.00068403 -0.000343958 0.000363937 0.00200052 0.00268704 0.0038227 0.00220447 -0.000814554 0.00340255 0 0.00046342 0
internal_weight=15111.7 7111.66 8000 6605.15 1492.06 238.919 1253.14 3554.56 5113.09 2791.36 2321.73 3557.1 1797.57 1699.07 1759.54 1549.72 3499.14 1394.85 209.821 803.949 590.901 395.403 195.498
internal_count=26287 13928 12359 9742 2179 386 1793 8658 7563 4192 3371 5270 1773 1755 3497 2753 8648 2617 744 1206 1411 1055 356
is_linear=0
shrinkage=0.0952834


Tree=50
num_leaves=20
num_cat=0
split_feature=9 4 4 2 7 4 1 5 9 1 0 6 1 9 2 8 2 2 6
split_gain=1.64531 1.81418 0.922865 3.38241 3.45284 1.3132 1.0045 0.936292 0.77447 0.407837 0.354326 0.158367 0.220174 0.104876 0.0854627 0.0483678 0.0699526 0.0251445 0.0171274
threshold=-3.2638312637876097 1010.6099354084278 1006.2011889637492 0.85651926849515192 11.665000000000004 1007.6206403612906 -0.25183564541141551 -0.97493417599029863 -2.7946073598415988 0.90880922144842613 0.49944537339916317 -0.39437852835827231 0.39753913293121995 4.1878996480115571 0.17553149042142802 14.831811838245857 0.98927755889796032 -0.99862982478704421 -0.0088623294401669675
decision_type=2 2 2 2 2 2 2 2 2 2 2 2 2 2 2 2 2 2 2
left_child=9 2 6 5 -5 -4 7 -2 -8 15 11 14 -13 -12 -3 16 17 -1 -11
right_child=1 10 3 4 -6 -7 8 -9 -10 18 13 12 -14 -15 -16 -17 -18 -19 -20
leaf_value=0.19304968728254659 -0.029209266658155535 0.066598433951581479 -0.053509226673858407 -0.94017610242400806 -0.10694993403604443 0.0062924402551587568 -0.23442412863085796 0.30114873472692588 -0.0004648241198675862 -0.31178026262529174 0.7052335053490606 0.50063054979330213 -0.10018892794500234 -0.011301290722693161 -0.089631884604189055 0.155408402139639 -0.09559000884525809 0.36460418687645796 0.08748708413962715
leaf_weight=68.61050933599472 145.45743292570114 131.99074873328209 1225.1784973144531 56.345867216587067 55.503880202770233 1821.3738852441311 231.44693148136139 1504.9965535998344 4892.4449402987957 63.581805109977722 1193.0368304550648 442.17600119113922 158.93445122241974 78.814926862716675 336.56842613220215 112.51407909393311 101.00930950045586 2405.3934061527252 86.289137601852417
leaf_count=159 218 94 1435 88 126 2842 501 3179 5953 114 2104 1349 492 66 768 264 141 6142 252
internal_value=0.000785979 0.000264776 -0.000254867 -0.00162507 -0.0178132 -0.000851668 0.00031485 0.00238835 -0.000262301 0.00287051 0.00266706 0.000768016 0.0018497 0.00388588 0 0.00317398 0.00326862 0.00337277 0
internal_weight=15111.7 12274.3 9932.75 3158.4 111.85 3046.55 6774.35 1650.45 5123.89 2837.4 2341.52 1069.67 601.11 1271.85 468.559 2687.53 2575.01 2474 149.871
internal_count=26287 19215 14342 4491 214 4277 9851 3397 6454 7072 4873 2703 1841 2170 862 6706 6442 6301 366
is_linear=0
shrinkage=0.0952834


Tree=51
num_leaves=21
num_cat=0
split_feature=5 6 6 0 5 1 2 2 1 9 8 8 2 4 2 4 9 7 1 8
split_gain=1.40257 1.36342 1.26803 12.0377 1.03119 0.997745 0.886849 0.885811 0.809039 0.401403 0.680376 0.442563 0.266118 0.236575 0.234008 0.533876 0.191407 0.0921694 0.082008 0.0650526
threshold=0.6397301639442462 0.55482075755648574 -0.60990840994973461 -0.14350367246483695 -0.70445142022310681 0.1215423353634079 0.63874942205152718 -0.90878397393106225 -0.22611359161738934 3.0664019660505191 15.235000000000003 16.872964795659183 -0.99626127116974506 927.25000000000011 0.97308229207007257 931.05000000000007 -0.33431833108818582 12.941314850373493 0.6254047815183511 14.073321743672466
decision_type=2 2 2 2 2 2 2 2 2 2 2 2 2 2 2 2 2 2 2 2
left_child=1 2 6 4 -4 -3 7 -1 -8 12 13 -12 -2 -11 18 -16 19 -18 -14 -7
right_child=9 5 3 -5 -6 16 8 -9 -10 10 11 -13 14 -15 15 -17 17 -19 -20 -21
leaf_value=-0.073168105072490261 -0.0082761434920298176 0.86220319367931919 0.0015802847095282232 -0.25345335111475226 -0.4380490088533362 0.2867198954064572 0.19477648921250973 0.039291926990141446 -0.32007898577458171 -0.24538237153204959 -0.13261594967344759 0.16107726386230195 0.51257001264811908 0.47920463885250497 -0.12238372998985292 0.44265719544331283 -0.093565041907794438 -0.21994687148333353 0.12637627985673869 -0.0052863268527624284
leaf_weight=985.41282498836517 59.271473526954651 1270.7683653533459 2970.4745044410229 180.56175899505615 190.7679899930954 423.45365273952484 215.1664656996727 3480.9604126513004 401.88995775580406 171.99879375100136 156.44839882850647 133.00229713320732 1885.5954329371452 515.25299575924873 266.29319122433662 371.49388211965561 485.51080450415611 81.008234143257141 656.52886229753494 209.80732083320618
leaf_count=984 207 3682 5508 32 35 1127 686 3759 1184 72 104 124 4478 425 126 334 1011 111 1692 606
internal_value=0.000880343 0.0002597 -0.000268127 -0.00174711 -0.000213632 0.00224809 0.000611885 0.00115457 -0.00253631 0.00237047 0.000115634 -0.00314122 0.00290358 0.00218183 0.0030572 0.000415804 0 -0.000971477 0.00353245 0.00137142
internal_weight=15111.7 10895.8 8425.23 3341.8 3161.24 2470.55 5083.43 4466.37 617.056 4215.89 976.702 289.451 3239.18 687.252 3179.91 637.787 1199.78 566.519 2542.12 633.261
internal_count=26287 18725 12188 5575 5543 6537 6613 4743 1870 7562 725 228 6837 497 6630 460 2855 1122 6170 1733
is_linear=0
shrinkage=0.0952834


Tree=52
num_leaves=19
num_cat=0
split_feature=5 9 3 6 6 6 5 2 1 1 1 4 1 3 3 8 9 2
split_gain=1.37333 1.23396 0.742465 0.782248 2.00473 0.55709 0.446859 0.561737 0.350346 0.306921 0.269756 0.453185 0.417866 0.246073 0.1414 0.0893259 0.0329272 0.0179555
threshold=0.6397301639442462 -4.3021448570800134 0.97217855851858659 0.63623659691850942 0.29757731304484014 -0.5 -1.3000434335095721 -0.11593459959550052 0.1215423353634079 0.90880922144842613 0.095031691240772306 927.25000000000011 0.32533907195844747 0.65038849942303012 1.1704926856298179 14.831811838245857 1.5110056751152394 -0.99626127116974506
decision_type=2 2 2 2 2 2 2 2 2 2 2 2 2 2 2 2 2 2
left_child=1 9 6 4 -4 14 -3 -8 -5 15 -7 12 -12 -13 16 17 -2 -1
right_child=5 2 3 8 -6 10 7 -9 -10 -11 11 13 -14 -15 -16 -17 -18 -19
leaf_value=0.17272763675664263 0.4106135027172983 -0.17164813629194789 -0.0030628791313641853 0.76498850364778381 -0.06501782771366782 1.3134597602363054 0.07790995503018236 0.0014297098487210417 0.0024767584294922143 -0.28581665431944842 -1.0902044389610845 -0.021057077633307893 0.099961873283187216 0.21491324868895617 -0.064521653111118515 -0.071093432292856765 -0.16533114623076811 0.40369614832589656
leaf_weight=42.383788615465164 197.17191782593727 46.569535255432129 4779.480340898037 467.10312983393669 295.03405895829201 1734.7237172722816 1494.5328415632248 1698.9989726245403 778.48850309848785 58.284805238246918 97.451133817434311 146.99796271324158 521.01115775108337 1335.2362054586411 84.392873257398605 37.832668125629425 98.900359481573105 1197.0736478865147
leaf_count=121 608 8 4932 1283 521 3584 2536 4062 1763 155 157 331 898 1500 201 105 283 3239
internal_value=0.00100351 0.000386061 0 -0.000594617 -0.00117191 0.00248527 0.00117833 0.00144104 0.00137501 0.00309418 0.00284707 0.00167253 0 0.00259404 0 0.00349051 0 0.00363405
internal_weight=15111.7 10895.8 9560.21 6320.11 5074.51 4215.89 3240.1 3193.53 1245.59 1335.57 3835.42 2100.7 618.462 1482.23 380.465 1277.29 296.072 1239.46
internal_count=26287 18725 15105 8499 5453 7562 6606 6598 3046 3620 6470 2886 1055 1831 1092 3465 891 3360
is_linear=0
shrinkage=0.0952834


Tree=53
num_leaves=25
num_cat=0
split_feature=1 6 4 1 3 8 5 2 4 8 0 5 9 4 0 2 7 2 2 9 5 4 5 5
split_gain=1.47098 1.12325 0.809033 0.779289 1.30915 1.53503 0.744028 0.685143 0.91698 0.896933 0.618748 1.54487 0.615396 0.510671 0.407424 0.33851 0.25321 0.214226 0.182973 0.0236537 0.0159878 0.000480418 0.0135473 0.00256225
threshold=-0.030120025924939096 -0.26792884975287096 1011.4500000000002 0.34964421742355262 1.3104814718431645 9.8500000000000014 -1.0007361086599533 -0.20534074090205537 930.6500000000002 12.886549817163232 -0.040152330783934841 -0.39445884641990425 -0.1742868364499017 925.6500000000002 0.49944537339916317 -0.99981480381338828 6.8200000000000003 -0.56148775242179183 0.97690230611205509 3.5550326039583919 -0.97493417599029863 1013.85 1.0000000180025095e-35 -0.50275985764693021
decision_type=2 2 2 2 2 2 2 2 2 2 2 2 2 2 2 2 2 2 2 2 2 2 2 2
left_child=1 10 3 4 16 -6 -3 9 -9 -5 11 12 -1 17 21 -8 -2 -12 -15 -16 -17 22 -4 -23
right_child=2 6 14 7 5 -7 15 8 -10 -11 13 -13 -14 18 19 20 -18 -19 -20 -21 -22 23 -24 -25
leaf_value=-0.025791011331926381 0.031088024769369196 -0.15529292252940574 0.046538038171240019 0.090010262936788168 -0.0021835988877038125 -0.2182493223161735 -0.2197681162689305 0.01465319047591058 -0.097347172935331752 -0.014888228037300335 -0.26410130395678055 -0.050167252735422059 0.10042699918099904 0.18976002036830994 0.62137834016970106 0.025156812350894141 -0.029916275166021324 0.33598135769562804 -0.22193308910949217 0.0048752656646765865 0.47457129420191241 -0.058748445757971217 -0.44123108377731746 0.28167561409387498
leaf_weight=878.23687824606895 483.7450832426548 55.423688888549805 166.42317965626717 1684.7168586850166 391.91657423973083 332.06722167134285 45.429464340209961 1758.3479104340076 1207.0907324552536 667.94143575429916 133.5997126698494 98.494587421417236 752.1515040397644 1374.4664148390293 657.48676788806915 207.99292626976967 573.97248843312263 81.824570149183273 100.10866233706474 76.262959450483322 3065.632924169302 60.598357856273651 63.298110961914062 194.43860557675362
leaf_count=1232 844 10 437 2452 496 307 8 2531 2003 977 461 18 464 2415 1018 562 945 303 203 45 7780 200 121 455
internal_value=0.000869409 0.00190931 0 -0.00036998 -0.00211157 -0.00522065 0.00317469 0.000125911 -0.000735634 0.00141178 0.000519874 -0.000544506 0 0.00188637 0.0022829 0.00345122 0 -0.00113595 0.00264955 0.00369416 0.00360744 0 0 0.000129692
internal_weight=15111.7 6793.36 8318.31 7099.8 1781.7 723.984 3374.48 5318.1 2965.44 2352.66 3418.88 1728.88 1630.39 1690 1218.51 3319.06 1057.72 215.424 1474.58 733.75 3273.63 484.758 229.721 255.037
internal_count=26287 13456 12831 10555 2592 803 8360 7963 4534 3429 5096 1714 1696 3382 2276 8350 1789 764 2618 1063 8342 1213 558 655
is_linear=0
shrinkage=0.0952834


Tree=54
num_leaves=20
num_cat=0
split_feature=9 4 3 3 1 2 6 9 0 1 5 6 1 9 6 8 8 6 8
split_gain=1.14584 1.38977 0.921802 2.32803 2.93251 0.848472 1.18241 0.772329 0.404548 0.326403 0.157617 0.106202 0.142469 0.100972 0.0933384 0.204039 0.0784291 0.0396618 0.0230339
threshold=-3.2638312637876097 1010.6099354084278 0.96500000000000008 1.0108249774785718 -0.19632684303900214 -0.11593459959550052 -0.5 -2.7946073598415988 0.49944537339916317 0.98046008095854986 -1.1899018673893804 -0.39437852835827231 0.39753913293121995 4.1878996480115571 -0.5 7.6810944172980795 8.4499999999999993 -0.76586424664958674 14.831811838245857
decision_type=2 2 2 2 2 2 2 2 2 2 2 2 2 2 2 2 2 2 2
left_child=9 2 5 4 -4 10 -7 -5 11 14 -2 17 -13 -10 15 -1 -17 -3 -16
right_child=1 8 3 7 -6 6 -8 -9 13 -11 -12 12 -14 -15 18 16 -18 -19 -20
leaf_value=0.34077582815635699 -0.14049608873530972 0.13503333987884966 -0.16315820990368401 -0.20726991945724241 -0.027036934230506873 -0.10133930211592163 0.1512877125613025 -0.00029488741358038118 0.53927668905912163 -0.2315466712134433 0.086234611366772657 0.40674084519473547 -0.076056468793507165 -0.018530561781602572 0.48074010340965317 -0.07460426905305155 0.040871305489283562 -0.11598677001697806 0.12403397484215008
leaf_weight=458.47816589474678 61.347801685333252 363.87616142630577 137.8096789419651 222.14567863941193 172.55647814273834 703.48953208327293 1003.2744566500187 6155.1882787048817 1193.0368304550648 69.365364700555801 1476.9360834360123 442.17600119113922 158.93445122241974 78.814926862716675 1796.8998054563999 103.74450421333313 280.52606627345085 104.68301343917847 128.38434025645256
leaf_count=850 11 636 227 420 314 1616 1666 7062 2104 130 3026 1349 492 66 5003 223 558 226 308
internal_value=0.00092102 0.000474305 0 -0.000657595 -0.0086986 0.00129808 0 -0.000186625 0.00256054 0.00268349 0.00292287 0.000609763 0.00150076 0.00382325 0.00290693 0.0010263 0 0 0.00348105
internal_weight=15111.7 12274.3 9932.75 6687.7 310.366 3245.05 1706.76 6377.33 2341.52 2837.4 1538.28 1069.67 601.11 1271.85 2768.03 842.749 384.271 468.559 1925.28
internal_count=26287 19215 14342 8023 541 6319 3282 7482 4873 7072 3037 2703 1841 2170 6942 1631 781 862 5311
is_linear=0
shrinkage=0.0952834


Tree=55
num_leaves=19
num_cat=0
split_feature=1 1 9 4 6 0 8 3 7 0 1 1 1 4 4 4 9 2
split_gain=1.20407 1.68902 1.9693 0.745959 0.721148 0.601506 0.583652 1.13582 0.86858 0.516573 0.36312 0.666877 0.358169 0.303112 0.864465 0.455112 0.0372127 0.0290455
threshold=-0.39859592396397175 -0.37371625404731884 -0.27840139202804787 1011.4500000000002 -0.0088623294401669675 -0.57872680893761708 9.070931720865417 1.6515093304880548 13.390000000000004 0.49944537339916317 -0.61866567420209784 -0.99699193743116266 -0.99965739133362397 1007.0019900510325 1007.6206403612906 924.85000000000002 3.8266616181973174 0.55968858431504775
decision_type=2 2 2 2 2 2 2 2 2 2 2 2 2 2 2 2 2 2
left_child=4 2 -2 6 5 10 7 -3 -8 17 11 -1 -6 15 -15 -7 -11 -5
right_child=1 3 -4 9 12 13 8 -9 -10 16 -12 -13 -14 14 -16 -17 -18 -19
leaf_value=0.0013804095716535461 0.092457306551877644 0.083266372406115036 -0.14011328994525241 0.59808053893369006 -0.063048299593779347 -0.033239200839183379 -0.02669313751877006 -0.0079492681790880506 0.01713827748158938 0.60685789322679995 0.030626548729867729 -0.086599297697261823 0.52155532657597203 -0.20359714537197846 0.13122046484559427 0.20893164687660429 0.0053417722425458209 -0.042131447519784093
leaf_weight=116.58053621649742 77.74999463558197 1830.8933200836182 96.64485165476799 148.30771753191948 56.306876808404922 221.20485579967499 4953.0872297585011 632.24766525626183 1306.9448745548725 875.8633177280426 143.52234679460526 383.76364883780479 1732.9222177863121 142.10703003406525 975.4616881608963 852.22773337364197 71.739906668663025 494.09180799126625
leaf_count=72 176 3399 62 359 125 801 7324 515 1726 1306 194 588 5320 90 1483 1432 46 1269
internal_value=0.000876775 0.000259791 -0.00880013 0.000462392 0.00217245 0.000987317 5.97159e-05 0.00134543 -0.000371289 0.002369 -0.00115145 -0.00278675 0.00377978 0.00183218 0.000228487 0.00305566 0.00378506 0
internal_weight=15111.7 10487.6 174.395 10313.2 4624.1 2834.87 8723.17 2463.14 6260.03 1590 643.867 500.344 1789.23 2191 1117.57 1073.43 947.603 642.4
internal_count=26287 16182 238 15944 10105 4660 12964 3914 9050 2980 854 660 5445 3806 1573 2233 1352 1628
is_linear=0
shrinkage=0.0952834


Tree=56
num_leaves=22
num_cat=0
split_feature=5 6 6 5 4 1 2 1 1 2 4 4 2 6 0 7 6 2 2 2 2
split_gain=1.5615 1.50206 2.07894 10.0347 1.33565 0.748205 0.684678 0.915524 0.670134 0.543395 0.53919 0.596736 1.11013 0.256159 0.23202 0.104233 0.0555594 0.0511331 0.0477319 0.0436308 0.0242561
threshold=0.6397301639442462 0.63623659691850942 -0.41749678646600874 -0.70445142022310681 1003.7099524778454 0.095031691240772306 0.11279001791991454 0.46735488928835739 0.6254047815183511 0.25118075958286767 1000.5060216028497 927.45000000000016 0.63874942205152718 -0.5 -0.0076664023548649535 12.390000000000004 1.0000000180025095e-35 -0.9574497222574998 0.99903710851409044 0.98367285631203072 0.96457844552971317
decision_type=2 2 2 2 2 2 2 2 2 2 2 2 2 2 2 2 2 2 2 2 2
left_child=1 2 6 4 -4 18 7 -1 13 -8 11 16 -13 17 19 -16 -10 -2 -3 -7 -19
right_child=8 5 3 -5 -6 14 9 -9 10 -11 -12 12 -14 -15 15 -17 -18 20 -20 -21 -22
leaf_value=-0.0033671045028691895 -0.0090346494766768877 0.65320789931733103 0.11924307258874675 -0.77000253642017347 -0.046939373342479544 0.10222748600213909 -0.15353996906962192 0.040081338609942611 -0.19791083328715761 -0.028051688649656258 0.58265822473849982 0.061687135904572157 -0.31008224520579863 0.32255687011657064 -0.12782077481581816 0.29285834978016489 0.1518327637273747 0.36103461060276765 0.60487487821864305 -0.26738347937805651 -0.26959077901995249
leaf_weight=2869.6029045283794 41.122742086648941 1212.62020149827 936.88959711790085 218.90741145610809 1026.6721440553665 671.62218967080116 165.46417596936226 1935.6996685564518 87.910752266645432 1340.2918298840523 328.66212791204453 97.646057277917862 87.938478797674179 3037.4814467132092 354.59922227263451 117.39034149050713 237.69900929927826 195.3693633377552 55.305689692497253 47.425149261951447 32.706939905881882
leaf_count=2832 105 3517 2520 40 1853 1828 350 1250 238 3307 899 237 77 4732 737 213 507 608 99 60 81
internal_value=0.000763334 0.000120865 -0.000433618 -0.0029917 -0.000565863 0.00222544 0.000377586 0.000990064 0.00234457 -0.00126124 0 -0.00198915 -0.0062672 0.00295448 7.91151e-05 -0.00105577 0 0 0.003863 0.00147941 0.00069874
internal_weight=15099 10952.5 8493.53 2182.47 1963.56 2458.96 6311.06 4805.3 4146.54 1505.76 839.856 511.194 185.585 3306.68 1191.04 471.99 325.61 269.199 1267.93 719.047 228.076
internal_count=26090 18606 12152 4413 4373 6454 7739 4082 7484 3657 1958 1059 314 5526 2838 950 745 794 3616 1888 689
is_linear=0
shrinkage=0.0952834


Tree=57
num_leaves=21
num_cat=0
split_feature=5 6 8 7 4 1 5 9 1 1 4 2 6 2 0 6 6 7 2 9
split_gain=1.15612 1.01196 1.23237 1.32723 2.34783 0.596805 0.581604 0.510544 0.398996 0.35396 0.427685 1.52504 0.365566 0.304677 0.182564 0.118427 0.0788764 0.0662952 0.0432714 0.035325
threshold=0.6397301639442462 0.78656609248549303 7.330000000000001 4.4900000000000002 1004.5087929758848 0.095031691240772306 0.023707643669621723 3.8266616181973174 -0.82962914361201257 0.095031691240772306 928.85000000000002 0.93643540676382131 -0.26000684011206787 -0.99626127116974506 -0.0076664023548649535 0.63623659691850942 -0.5 12.390000000000004 0.99903710851409044 0.76097714496154378
decision_type=2 2 2 2 2 2 2 2 2 2 2 2 2 2 2 2 2 2 2 2
left_child=1 2 3 6 -5 18 -1 8 -4 13 11 12 -11 -2 19 16 -12 -16 -3 -7
right_child=9 5 7 4 -6 14 -8 -9 -10 10 15 -13 -14 -15 17 -17 -18 -19 -20 -21
leaf_value=0.11886401016923653 -0.0081737975813243394 0.67184054074799859 0.09750472409985253 0.0056590559042293083 -0.063967934365257731 0.27572854095602262 -0.20196416389230515 0.080264337023150167 -0.002719293158013736 -0.10496415683510522 0.006325764179101202 -0.25533644821687607 0.2281850657204729 0.95532694252741368 -0.11564157997824219 -0.020111928922264717 0.18382975687280104 0.26495381777491622 0.54724035828403039 0.014015841045910405
leaf_weight=525.99066010117531 58.624442964792252 1023.5572185218334 816.52295270562172 556.46070501208305 889.25599735975266 416.06756404042244 170.84754142165184 575.96793627738953 5331.9322846531868 123.20565289258957 124.69279855489731 189.81534510850906 647.3432100713253 1822.8160961866379 354.59922227263451 132.76551789045334 1047.2738539278507 117.39034149050713 47.175620257854462 126.72248134016991
leaf_count=737 205 2916 1373 1164 598 1113 391 356 8624 337 318 82 1015 3908 737 249 1370 213 81 303
internal_value=0.000870986 0.000306949 -8.68389e-05 -0.00211824 -0.00383053 0.00220417 0.000761715 0.000491094 0.00015417 0.00224508 0.00109933 0 0.001413 0.00336817 4.16174e-05 0.00224977 0.00255868 -0.000750194 0.00380567 0.00159469
internal_weight=15099 10952.5 8866.98 2142.55 1445.72 2085.51 696.838 6724.42 6148.46 4146.54 2265.1 960.364 770.549 1881.44 1014.78 1304.73 1171.97 471.99 1070.73 542.79
internal_count=26090 18606 13243 2890 1762 5363 1128 10353 9997 7484 3371 1434 1352 4113 2366 1937 1688 950 2997 1416
is_linear=0
shrinkage=0.0952834


Tree=58
num_leaves=22
num_cat=0
split_feature=5 6 1 1 5 6 4 2 7 6 6 1 1 9 2 2 4 7 2 9 2
split_gain=1.11528 1.16578 0.644223 0.637459 0.965709 5.85468 0.974643 0.738298 0.857313 0.587611 0.341438 0.354083 0.33868 0.105072 0.0899765 0.0779655 0.0542429 0.0475268 0.0461855 0.0425646 0.00945801
threshold=0.6397301639442462 0.63623659691850942 0.1215423353634079 0.39753913293121995 -0.66179353966842491 -0.82156929124863254 1006.8020704774896 0.53435276464917691 11.665000000000004 -0.41749678646600874 -0.58026186692393 0.27609441636666071 0.34964421742355262 -0.33431833108818582 -0.9574497222574998 0.998148560797531 1000.5060216028497 9.3000000000000043 0.73832635400310653 -6.4429882688359159 0.11279001791991454
decision_type=2 2 2 2 2 2 2 2 2 2 2 2 2 2 2 2 2 2 2 2 2
left_child=1 3 15 4 6 -6 -1 9 -9 -5 14 -12 -13 18 -2 -3 20 -15 -4 -14 -16
right_child=10 2 13 7 5 -7 -8 8 -10 -11 11 12 19 17 16 -17 -18 -19 -20 -21 -22
leaf_value=0.0042238403684998708 -0.097208441321856978 0.56458187150350025 0.22339061902869067 0.031826891218458678 -0.010535238359990795 -0.42634385117397555 -0.11412602848792337 -0.431206421819466 0.042168539044416482 -0.041800069144378421 0.76591124564010038 -0.075952308709149693 -0.039529928264676356 0.004207229035873083 0.19366648214732549 0.13629793004604368 0.34637700207532601 -0.13553027183432484 -0.0068834575855788553 0.11501130590557621 -0.32021820397283079
leaf_weight=1865.058386862278 41.122742086648941 1218.1951574385166 426.8877389729023 2448.1735975146294 1983.0085117220879 309.75722587108612 781.0584072470665 163.72974640130997 278.44061526656151 664.30124068260193 2128.1288380622864 192.07779642939568 61.534255683422089 250.14423862099648 66.575200140476227 77.069251149892807 164.7849970459938 310.54222548007965 176.12418222427368 1405.5678080320358 86.745280116796494
leaf_count=3120 105 3536 1445 1909 3559 56 1270 454 732 1052 3912 160 152 585 238 138 469 501 249 2200 248
internal_value=0.000903972 0.000347977 0.0021858 -0.000129299 -0.000875863 -0.00232787 0.000205624 0.000774975 -0.00249642 0.00139417 0.0022568 0.00252849 0.00102949 0.000110049 0 0.00368047 0 -0.000264889 0.00123646 0.00170778 0
internal_weight=15099 10952.5 2458.96 8493.53 4938.88 2292.77 2646.12 3554.65 442.17 3112.47 4146.54 3787.31 1659.18 1163.7 359.228 1295.26 318.105 560.686 603.012 1467.1 153.32
internal_count=26090 18606 6454 12152 8005 3615 4390 4147 1186 2961 7484 6424 2512 2780 1060 3674 955 1086 1694 2352 486
is_linear=0
shrinkage=0.0952834


Tree=59
num_leaves=16
num_cat=0
split_feature=5 9 1 4 9 6 6 1 1 1 9 1 8 8 6
split_gain=0.719121 0.754065 0.625773 0.660744 0.60734 0.555278 1.14534 0.556358 0.28293 0.232858 0.222887 0.175387 0.169028 0.126121 0.0503162
threshold=0.6397301639442462 -4.74450078989367 -0.22611359161738934 933.35000000000002 3.8266616181973174 0.63623659691850942 -0.41749678646600874 -0.030120025924939096 -0.17909572433483589 0.6254047815183511 4.5838072974155351 0.80202313715433193 12.660000000000004 11.042119306833408 0.63623659691850942
decision_type=2 2 2 2 2 2 2 2 2 2 2 2 2 2 2
left_child=1 11 -2 8 5 6 -3 -7 -4 -10 14 13 -6 -1 -5
right_child=2 4 3 10 12 7 -8 -9 9 -11 -12 -13 -14 -15 -16
leaf_value=0.35566819279920464 0.91508432719944244 0.0039810575315639245 -0.52226745632768445 0.2970166949705968 0.073620313156991468 0.45985736180281239 -0.052072144540452954 0.0038063500533445619 0.082096424781905583 -0.036798108119343503 -0.042184605593591815 -0.013557240313351615 -0.010198027781993959 -0.23254572665123208 0.14067554637613744
leaf_weight=932.98057189583778 1213.6016417443752 5557.1728837788105 82.994184494018555 972.16038477420807 563.23676225543022 792.04794895648956 1772.8858272731304 1075.3210277557373 1062.7873018682003 505.08190062642097 170.08061993122101 84.767243236303329 137.20850202441216 36.869758278131485 139.8308841586113
leaf_count=2626 3317 6804 62 1688 443 2253 3466 2549 998 1042 91 251 112 102 286
internal_value=0.00105716 0.000591379 0.00217168 0.00117918 0.000279586 2.08008e-05 -0.000300055 0.00153064 0 0.000209372 0.00279972 0.00305829 0.00298615 0.00343535 0.00329326
internal_weight=15099 10952.5 4146.54 2932.94 9897.87 9197.43 7330.06 1867.37 1650.86 1567.87 1282.07 1054.62 700.445 969.85 1111.99
internal_count=26090 18606 7484 4167 15627 15072 10270 4802 2102 2040 2065 2979 555 2728 1974
is_linear=0
shrinkage=0.0952834


Tree=60
num_leaves=23
num_cat=0
split_feature=6 4 0 1 2 1 1 2 5 1 2 2 7 3 1 7 8 4 1 5 2 3
split_gain=0.840266 0.874977 1.23887 1.23653 1.60705 1.13265 0.956959 1.13341 1.004 0.853643 0.446085 0.434523 0.30807 0.471954 0.48428 0.296366 0.159584 0.16925 0.122391 0.0771523 0.0704453 0.0186991
threshold=1.0000000180025095e-35 1004.1302876865988 0.34088819298531903 0.39753913293121995 -0.80605957001397266 -0.81404958770977986 -0.75043541172651274 -0.63095668608417921 -0.60973712954479142 -0.030120025924939096 -0.20534074090205537 -0.98857589196446161 12.045000000000003 0.90326307960854468 0.34964421742355262 9.5100000000000051 5.9450000000000012 1006.8020704774896 -0.1362872767379803 0.21821533649848263 0.023462419734897193 1.1405293090953765
decision_type=2 2 2 2 2 2 2 2 2 2 2 2 2 2 2 2 2 2 2 2 2 2
left_child=1 5 3 4 -3 -1 7 -7 -8 11 -5 18 13 15 -15 -11 17 -13 -2 -4 -14 -22
right_child=9 2 19 10 -6 6 8 -9 -10 12 -12 16 20 14 -16 -17 -18 -19 -20 -21 21 -23
leaf_value=0.32273494909270051 -0.31680430323103798 -0.05435173533697555 -0.089332437499274955 0.14659379220420296 0.018952582989463923 -0.24583363850172915 0.011693256777803631 -0.15941728669936425 -0.041738263367358419 0.14513701075637753 0.0037310438215236324 0.75642403339358777 -0.010687453143841464 -0.13017511842337234 0.0041145139186785527 -0.12412205872191273 0.39251476038821653 -0.1054498554543864 1.1180578349032115 0.45009356326808353 0.1658744082221156 0.21639278515069579
leaf_weight=457.34310328960419 52.318106830120087 926.58059903979301 118.06477212905884 753.18562242388725 1506.8038003742695 46.606158077716827 1293.0894122123718 68.464997053146362 1985.5947957932949 626.21185266971588 735.33485817909241 206.95019453763962 111.78670337796211 690.84853228926659 1223.6649812757969 145.32794231176376 2187.4449537992477 103.92153450846672 59.026085615158081 1148.9565781056881 114.04065015912056 537.46120899915695
leaf_count=1373 41 460 21 274 1745 74 2108 183 3469 1419 814 682 256 912 2376 307 5344 336 223 2620 255 798
internal_value=0.000806557 0.000165272 0.00101551 5.30482e-05 -0.00114298 -0.000857574 -0.00155487 -0.0104509 -0.00108545 0.0016846 0.0023226 0.00302987 0.000527455 0 -0.00075555 0.00202759 0.00334139 0 0 0.00361266 0.00221262 0.0025895
internal_weight=15099 9040.02 5188.93 3921.9 2433.38 3851.1 3393.76 115.071 3278.68 6059 1488.52 2609.66 3449.34 2686.05 1914.51 771.54 2498.32 310.872 111.344 1267.02 763.289 651.502
internal_count=26090 13141 5934 3293 2205 7207 5834 257 5577 12949 1088 6626 6323 5014 3288 1726 6362 1018 264 2641 1309 1053
is_linear=0
shrinkage=0.0952834


Tree=61
num_leaves=17
num_cat=0
split_feature=9 4 5 1 8 7 1 6 2 2 7 1 8 6 6 1
split_gain=0.740752 0.856387 0.570489 0.518214 0.670602 1.09163 0.509527 2.56172 0.559802 0.474431 0.327729 0.0615169 0.0271528 0.100611 0.0138 0.00185453
threshold=-4.74450078989367 1012.6500000000002 0.25881904510252091 -0.82962914361201257 5.9450000000000012 4.4900000000000002 0.53092497938659233 -1.0218755295440607 -0.56148775242179183 0.17553149042142802 8.7850000000000037 0.80202313715433193 11.775000000000004 0.78656609248549303 -0.50962891099908625 0.55272762909766537
decision_type=2 2 2 2 2 2 2 2 2 2 2 2 2 2 2 2
left_child=10 3 12 4 5 -2 7 -5 -8 -6 11 -1 13 -3 -14 -12
right_child=1 2 -4 6 9 -7 8 -9 -10 -11 15 -13 14 -15 -16 -17
leaf_value=0.26832389702736742 0.37650216188602392 -0.25842756744884515 0.80564014200681378 -0.4295798226990154 0.19305851952344336 -0.019133458311369211 0.097148167092266216 -0.0024845746280352781 0.0030667075653980779 -0.012545689797890424 0.25015071757495166 0.40519724310739091 -0.011672399557196624 0.22631110554987677 0.30365175867035582 -0.12621108028670364
leaf_weight=1160.8835167586803 173.91840264201164 125.32740864157677 1108.3186536729336 163.24668312072754 1091.1646190881729 129.14543101191521 765.45710784196854 6040.219813644886 3363.1041974723339 273.73795121908188 70.396012276411057 61.294980019330978 135.22744885087013 79.610494405031204 262.97059082984924 95.004131555557251
leaf_count=3273 430 323 1816 30 2081 147 1074 9082 5002 866 172 168 329 271 753 273
internal_value=0.000847949 0.000591747 0.00261687 0.000262715 0.00181905 -0.00126571 0 -0.000534856 0.000830435 0.00285105 0.00303042 0.00358441 0 -0.000567128 0.00066732 0
internal_weight=15099 13711.4 1711.45 12000 1667.97 303.064 10332 6203.47 4128.56 1364.9 1387.58 1222.18 603.136 204.938 398.198 165.4
internal_count=26090 22204 3492 18712 3524 577 15188 9112 6076 2947 3886 3441 1676 594 1082 445
is_linear=0
shrinkage=0.0952834


Tree=62
num_leaves=20
num_cat=0
split_feature=4 4 4 6 1 1 6 2 4 2 3 5 1 1 3 8 6 8 6
split_gain=0.717731 0.52849 1.85046 3.98623 3.64556 0.742168 0.889454 0.501812 2.05972 0.53676 0.499467 0.402508 0.392383 0.656327 0.308265 0.173963 0.101925 0.00157884 0.000564885
threshold=1013.6463295985562 1006.8020704774896 1007.2184028480634 -0.50962891099908625 0.27609441636666071 -0.04732095011389225 1.0000000180025095e-35 0.93643540676382131 928.25000000000011 0.83824865459667641 1.6946292433042793 -0.26257438772795877 0.64993178584584876 0.32533907195844747 0.40500000000000008 13.305000000000001 -0.97003833278738039 12.383449686483866 0.19252520273518883
decision_type=2 2 2 2 2 2 2 2 2 2 2 2 2 2 2 2 2 2 2
left_child=1 5 3 -3 -5 6 10 9 -9 -7 -1 17 13 -4 -8 -14 -13 18 -2
right_child=11 2 12 4 -6 7 14 8 -10 -11 -12 16 15 -15 -16 -17 -18 -19 -20
leaf_value=-0.0091199571519314255 -0.26091638329075906 0.036843415569196979 0.028916551681325255 -0.52072682058741115 0.1301517308803358 0.0014529206484198635 -0.30501338729992222 -0.41373853043309755 0.16910753886133909 0.22397714093960036 0.081935972843402982 -0.036779192809231857 0.39726770297765557 -0.11267067518575763 0.60798342603529976 0.0030833311260088686 0.61718662904600274 0.13763777876678723 -0.080817911074797216
leaf_weight=1891.4686048924923 33.645598083734512 224.05942273139954 2184.9346379339695 133.32980254292488 68.47119528055191 4219.2385374009609 45.145310163497925 305.68399930000305 541.64714580774307 592.68400454521179 413.96470803022385 64.015954434871674 646.29054760932922 516.60620093345642 1531.4426614940166 329.91464617848396 1193.3010275959969 114.83594855666161 48.347489535808563
leaf_count=3896 86 147 3915 172 130 6815 118 360 496 491 265 155 1065 774 3897 687 2084 370 167
internal_value=0.000812267 0.000553962 -0.000263024 -0.00623797 -0.0160124 0.00095482 0.00198329 0.000164899 -0.0018378 0.00061702 0.000539397 0.00290321 0.000306898 -0.000127166 0.00378851 0.00198555 0.00355531 0 -0.000407624
internal_weight=15099 13644.9 4103.61 425.86 201.801 9541.27 3882.02 5659.25 847.331 4811.92 2305.43 1454.15 3677.75 2701.54 1576.59 976.205 1257.32 196.829 81.9931
internal_count=26090 23228 6890 449 302 16338 8176 8162 856 7306 4161 2862 6441 4689 4015 1752 2239 623 253
is_linear=0
shrinkage=0.0952834


Tree=63
num_leaves=24
num_cat=0
split_feature=5 6 1 4 8 1 5 0 9 9 4 4 1 8 2 9 8 2 1 4 4 8 1
split_gain=0.872944 0.652039 0.994127 0.986752 0.74519 0.918609 0.739693 6.30687 0.511251 1.27344 2.42786 0.906012 0.716106 0.674579 0.432511 0.2657 0.517681 0.257411 0.159586 0.118538 0.109711 0.0914653 0.0640953
threshold=-0.50275985764693021 -0.70235549495563165 0.44099124915691507 1000.5060216028497 14.415000000000001 -0.21240288490192169 0.29945571934894966 0.70257548847135232 2.4255039413879893 1.6052569990175842 1004.1302876865988 1006.2011889637492 0.81900730237416519 13.305000000000001 0.73832635400310653 3.2900661169198107 15.825000000000003 0.055916990100603255 -0.99965739133362397 1007.4500000000002 924.6500000000002 6.1804956944190685 -0.1362872767379803
decision_type=2 2 2 2 2 2 2 2 2 2 2 2 2 2 2 2 2 2 2 2 2 2 2
left_child=8 3 18 4 5 -2 14 -8 9 11 -11 12 -1 -13 -5 20 -17 -6 -3 -10 -4 -20 -12
right_child=1 2 15 6 17 -7 7 -9 19 10 22 13 -14 -15 -16 16 -18 -19 21 -21 -22 -23 -24
leaf_value=0.045946735816710688 0.038719397416452257 -0.27595068229482711 -0.089411905477623246 0.062717210048842995 0.0038647594354020492 -0.17694135180333256 -0.11210964760646459 0.2707361361317715 0.08216390450349742 -0.31257255605778012 0.042485359429241122 -0.10719163961866815 -0.047156345193693126 0.30195655116260789 -0.10915302686419609 0.18976998285127528 -0.095847619889108032 -0.10769114137222371 0.058279013188839046 -0.045905950600108256 0.088411146232005466 0.21511535301665866 -0.054091234373147966
leaf_weight=1990.7772563695908 408.10413774847984 65.505412489175797 244.15791389346123 2053.2942006886005 312.03807857632637 513.32268467545509 60.138421058654785 363.22800496220589 588.61689046025276 120.11864495277405 139.75578641891479 994.08767995238304 530.56186324357986 244.45358747243881 192.95852690935135 182.56858545541763 212.42882281541824 160.34787741303444 376.465216755867 137.75744712352753 1264.759371638298 3818.8620772957802 142.42137259244919
leaf_count=3945 1459 107 755 1629 187 1270 11 1057 347 98 127 1309 809 667 521 182 144 393 1195 199 2799 6703 141
internal_value=0.00117089 0.0016734 0.00232118 0.000573034 -0.0012935 -0.00303398 0.00172485 -0.00124117 2.23528e-05 -0.000285894 -0.00539363 0.000140545 0.00129005 -0.00181558 0.00249521 0.000228772 -0.00155474 0.00110651 0.00314415 0.00242692 0.00101111 0.00322256 0
internal_weight=15116.7 10228.2 6164.75 4063.43 1393.81 921.427 2669.62 423.366 4888.55 4162.18 402.296 3759.88 2521.34 1238.54 2246.25 1903.91 394.997 472.386 4260.83 726.374 1508.92 4195.33 282.177
internal_count=26054 18412 11885 6527 3309 2729 3218 1068 7642 7096 366 6730 4754 1976 2150 3880 326 580 8005 546 3554 7898 268
is_linear=0
shrinkage=0.0952834


Tree=64
num_leaves=31
num_cat=0
split_feature=0 6 4 1 8 1 4 1 3 2 1 6 7 2 5 4 8 8 8 9 2 8 7 2 7 2 8 8 1 7
split_gain=0.671795 0.66936 0.862552 0.676957 0.676772 0.785743 0.654316 1.30738 1.93679 1.63796 0.784267 0.530322 0.482761 0.425146 0.402392 0.431548 0.369513 0.342942 0.334062 0.299451 0.238447 0.236745 0.369703 0.214245 0.115867 0.108279 0.047283 0.140464 0.110255 0.00168821
threshold=-0.28153681165095101 -0.70235549495563165 1000.5060216028497 0.44099124915691507 14.415000000000001 -0.21240288490192169 1000.5060216028497 -0.099040233465519961 1.0620626455788378 -0.53403234714916048 0.83219004266160257 -0.76586424664958674 13.175000000000002 0.11279001791991454 0.29945571934894966 1011.8325724864043 13.445 10.525000000000002 14.831811838245857 -3.0284706416268956 0.055916990100603255 14.073321743672466 12.390000000000004 0.98367285631203072 15.135000000000003 1.0000000180025095e-35 6.1804956944190685 5.6613578113345993 0.095031691240772306 11.665000000000004
decision_type=2 2 2 2 2 2 2 2 2 2 2 2 2 2 2 2 2 2 2 2 2 2 2 2 2 2 2 2 2 2
left_child=6 2 4 26 5 -2 10 8 9 -8 23 -10 18 19 16 -16 -4 -15 -12 -9 -6 29 -23 24 -1 -14 27 -3 -28 -5
right_child=1 3 14 21 20 -7 7 13 11 -11 12 -13 25 17 15 -17 -18 -19 -20 -21 -22 22 -24 -25 -26 -27 28 -29 -30 -31
leaf_value=0.39941544059186951 0.035030082547191026 0.36204988337425292 0.060485797531067233 0.10736408399696548 0.0023758088699427577 -0.159543116640355 -0.15960598826412478 -0.045296087352436079 -0.03128739425779644 -0.05740593846843689 -0.4512632437266334 0.025036885509977486 -0.0011426638821896201 -0.71501911384151307 -0.091039563582022892 0.50508041519746705 -0.14011591830863901 0.0033900337784771384 -0.010266138539844955 0.040139887856074828 -0.086968804468582184 -0.086714935166851928 0.28809601259724738 -0.059288417109593497 -0.13595539112540483 -0.14218910541407001 0.48458592521949462 -0.59678261723982418 0.030359188768082114 0.16431670266507398
leaf_weight=1196.2067019641399 408.10413774847984 220.08973225951195 1996.8800010681152 732.67923057079315 306.03807857632637 523.03452911973 337.50155818462372 149.7487900853157 110.05899667739868 391.54353240132332 93.484037071466446 1080.1588783860207 191.24280989170074 61.643199920654297 226.22246584296227 179.14396017789841 223.46383056044579 495.63517805933952 69.6475550532341 1170.9992100298405 166.34787741303444 556.49910348653793 361.37103223800659 163.52029818296432 34.196747571229935 93.609928280115128 2256.2603323757648 110.92912152409554 1165.0806020498276 45.388404190540314
leaf_count=3758 1459 737 1664 1641 186 1272 228 152 20 869 225 1275 166 145 476 589 481 1110 209 1003 394 907 572 298 94 228 4448 276 1102 70
internal_value=0.00117721 0.00167802 0.000583234 0.00239987 -0.00112881 -0.00279365 0.000251134 -0.000363235 -0.00220423 -0.00605995 0.00177167 0 -0.000964399 0.00126779 0.00167846 -0.000173459 0.00222873 -0.000271239 -0.00535667 0.0022727 0.00115675 0.00046748 -0.000142721 0.00298934 0.0034198 0 0.00314588 0 0.00331333 0.00178838
internal_weight=15116.7 9477.53 4029.23 5448.3 1403.52 931.139 5639.2 3797.29 1919.26 729.045 1841.91 1190.22 447.984 1878.03 2625.71 405.366 2220.34 557.278 163.132 1320.75 472.386 1695.94 917.87 1393.92 1230.4 284.853 3752.36 331.019 3421.34 778.068
internal_count=26054 16274 6521 9753 3311 2731 9780 4802 2392 1097 4978 1295 828 2410 3210 1065 2145 1255 434 1155 580 3190 1479 4150 3852 394 6563 1013 5550 1711
is_linear=0
shrinkage=0.0952834


Tree=65
num_leaves=25
num_cat=0
split_feature=5 9 9 4 4 8 6 1 4 7 1 2 8 1 8 2 8 7 9 9 4 4 6 2
split_gain=1.03749 0.613052 1.09892 2.49482 0.616407 0.703688 0.558279 0.810464 0.581147 0.774315 0.573341 0.436015 0.656358 0.388709 0.352779 0.263968 0.198741 0.331559 0.169302 0.354266 0.131702 0.111039 0.037861 0.0290915
threshold=-0.50275985764693021 2.2780671573162876 1.4217959476591358 1003.7099524778454 1005.1048154731093 6.9250000000000016 -0.58026186692393 0.44099124915691507 1004.1302876865988 11.48 -0.81404958770977986 -0.90878397393106225 9.070931720865417 0.81900730237416519 13.445 -0.046242763150673556 14.073321743672466 12.390000000000004 -0.39389074949827568 -0.056178572106912121 925.45000000000016 1007.6206403612906 -0.0088623294401669675 -0.22377770739604755
decision_type=2 2 2 2 2 2 2 2 2 2 2 2 2 2 2 2 2 2 2 2 2 2 2 2
left_child=1 2 4 -4 13 -6 8 18 9 10 -2 12 -10 -1 -13 -11 20 -18 -8 -20 -9 23 -5 -3
right_child=6 21 3 22 5 -7 7 16 11 15 -12 14 -14 -15 -16 -17 17 -19 19 -21 -22 -23 -24 -25
leaf_value=0.05496113150339816 0.26562410829404398 0.045084346206486374 -0.31383146020657171 0.0069152044472729724 -0.14395304706168136 -0.0048454032594018644 0.36979439580620327 -0.096391404393776942 0.01426276384736341 -0.0022630323874442155 -0.15305693048659638 0.071265048889226315 -0.082365006692573253 -0.038347165380711958 -0.041005376442560595 -0.00018415760366422462 -0.078452443469029853 0.188398793455925 -0.45180882277984374 0.16210716605741449 0.099096309976424546 0.045332489349988896 -0.051322837950943972 0.2173324652730611
leaf_weight=1729.0654951334 187.15619647502899 468.17021831870079 123.248998939991 160.78974905610085 469.3937756717205 999.36577841639519 2180.0274566709995 142.89811795949936 405.64236563444138 363.59151592850685 795.82329261302948 1757.2798966765404 118.75464761257172 477.02480083703995 309.04763290286064 176.70815771818161 635.49422162771225 383.11177635192871 199.52313748002052 1841.852648049593 731.26826867461205 140.45773988962173 124.98959189653397 196.04438042640686
leaf_count=3710 657 269 90 129 427 1739 5152 490 367 182 2206 1959 85 741 730 350 1145 639 350 2496 1604 206 202 129
internal_value=0.00118419 0 -0.000432148 -0.00509773 0 -0.0014133 0.00172997 0.00234652 0.000697389 -0.000560276 -0.00238031 0.00161873 -8.62083e-05 0.00109578 0.00227898 0.00187563 0.000402541 -0.000118328 0.00310501 0.0019293 0.00154521 0.00243651 0 0.00294821
internal_weight=15116.7 4888.55 4083.88 409.028 3674.85 1468.76 10228.2 6114.18 4114 1523.28 982.979 2590.72 524.397 2206.09 2066.33 540.3 1892.77 1018.61 4221.4 2041.38 874.166 804.672 285.779 664.215
internal_count=26054 7642 7038 421 6617 2166 18412 11876 6536 3395 2863 3141 452 4451 2689 532 3878 1784 7998 2846 2094 604 331 398
is_linear=0
shrinkage=0.0952834


Tree=66
num_leaves=19
num_cat=0
split_feature=0 5 6 3 1 2 1 4 8 4 6 0 2 0 2 1 2 0
split_gain=0.760202 3.01957 0.664032 0.812643 1.54563 0.789062 0.375439 0.256782 0.496746 0.359015 0.262474 0.246032 0.192614 0.267485 0.135313 0.0980262 0.0768809 0.0647751
threshold=1.0000000180025095e-35 0.26512407867065962 0.63623659691850942 1.0620626455788378 -0.71639006612811107 -0.24369202024986789 0.83219004266160257 1012.6500000000002 11.305000000000003 926.05000000000007 -0.97003833278738039 0.99995898683221995 0.97308229207007257 0.34088819298531903 -0.3949085104566516 -0.15028476386771489 0.98367285631203072 0.91800777036430203
decision_type=2 2 2 2 2 2 2 2 2 2 2 2 2 2 2 2 2 2
left_child=1 2 3 4 -1 -5 16 8 12 17 -9 -11 13 -2 -8 -14 -4 -10
right_child=7 -3 6 5 -6 -7 14 10 9 11 -12 -13 15 -15 -16 -17 -18 -19
leaf_value=-0.086413981395944167 0.020234647914107302 -0.084904889276042408 0.24938064637444529 0.019097266925376624 0.0068996761012405884 -0.0080655683119498917 -0.34359309781243419 -0.12285807003485487 0.036078696526011624 -0.070977229867249775 0.52577638674811855 0.021680935542428788 -0.25923525759268867 0.17806681170838218 0.083630542376496503 0.28141395083409088 0.06984119528090621 -0.081937951292867156
leaf_weight=640.60991004109383 1346.011684179306 62.571773529052734 1454.8638644814491 2231.2392168343067 1401.6835360825062 1338.4880095720291 41.846623599529266 91.891142457723618 584.01903527975082 1364.9639267325401 1242.9495922923088 231.63480594754219 189.38177746534348 1907.0313983261585 241.09943875670433 427.00133454799652 226.85155618190765 92.591234654188156
leaf_count=1303 1829 11 4143 1549 2695 2128 128 209 764 1965 2112 204 93 5354 761 308 319 179
internal_value=0.00109344 0.000345706 0.000583953 0 -0.00145739 0.000920907 0.00209162 0.00179354 0.00138777 4.4337e-05 0.00329741 -0.000511153 0.00205406 0.00235679 0 0 0.00267035 0.00204435
internal_weight=15116.7 7639.25 7576.68 5612.02 2042.29 3569.73 1964.66 7477.48 6142.64 2273.21 1334.84 1596.6 3869.43 3253.04 282.946 616.383 1681.72 676.61
internal_count=26054 13037 13026 7675 3998 3677 5351 13017 10696 3112 2321 2169 7584 7183 889 401 4462 943
is_linear=0
shrinkage=0.0952834


Tree=67
num_leaves=22
num_cat=0
split_feature=2 1 0 8 7 1 3 2 6 1 6 8 4 3 3 7 8 7 4 8 4
split_gain=0.688342 1.29574 0.977416 0.849786 3.38619 1.68349 1.20821 0.486385 0.844228 0.826364 0.510751 0.868562 0.42026 0.368481 0.376694 0.938634 0.491307 0.356159 0.0333675 0.0190143 0.0350039
threshold=-0.90878397393106225 -0.37371625404731884 -0.2589134382064528 5.9450000000000012 4.4900000000000002 -0.99466160899732459 1.5126115750651905 0.055916990100603255 -0.5 0.27609441636666071 -0.5 12.770000000000003 1003.7099524778454 0.94500000000000006 1.0620626455788378 5.8528013002828754 9.7900000000000027 3.0649999999999999 1014.0500000000001 11.175000000000002 1008.6212064025289
decision_type=2 2 2 2 2 2 2 2 2 2 2 2 2 2 2 2 2 2 2 2 2
left_child=1 2 -1 4 18 -6 -7 10 12 -10 17 -12 -9 19 15 -15 -16 -5 -2 20 -3
right_child=3 13 -4 7 5 6 -8 8 9 -11 11 -13 -14 14 16 -17 -18 -19 -20 -21 -22
leaf_value=-0.27561035928168415 0.35008948689289465 0.18735569639916294 -0.041828794917599818 -0.00090587308070971904 -0.20820940352996348 -0.015580079378476403 -0.036512970084768018 -0.12889540912788708 0.3073735728572824 0.0042972208658884486 0.063404118235523096 -0.10166424615435878 0.015543875393294175 0.30578055593268794 0.018306622366063278 -0.12938850796035553 -0.067754040841498359 0.04217877611881047 0.18651120608087832 -0.82274791347759757 0.051583006162600163
leaf_weight=178.05321484804153 491.51102370023727 532.51007699966431 148.0079171359539 167.18855518102646 78.794589877128601 187.2077225446701 60.524724513292313 706.79058754444122 2908.3736798167229 2320.1802015602589 1505.9023638963699 417.12942990660667 1032.5805671215057 82.310009241104126 873.4946423470974 93.950941741466522 207.02667298913002 2997.3706612288952 39.653594374656677 37.540521204471588 50.628163188695908
leaf_count=97 1283 1429 147 263 71 355 43 2079 4690 3495 4254 1049 2104 145 1272 184 285 2528 102 74 105
internal_value=0.00104962 -0.000344128 -0.00596075 0.00132408 -0.00128326 -0.00921989 -0.00287507 0.00154917 0.000913245 0.00154922 0.00232579 0.000748459 -0.000726517 0.000391442 -0.00022546 -0.00439225 3.31349e-05 0.00313283 0.00274753 0.00238995 0.00252404
internal_weight=15116.7 2203.52 326.061 12913.2 857.692 326.527 247.732 12055.5 6967.93 5228.55 5087.59 1923.03 1739.37 1877.46 1256.78 176.261 1080.52 3164.56 531.165 620.679 583.138
internal_count=26054 3738 244 22316 1854 469 398 20462 12368 8185 8094 5303 4183 3494 1886 329 1557 2791 1385 1608 1534
is_linear=0
shrinkage=0.0952834


Tree=68
num_leaves=23
num_cat=0
split_feature=5 9 9 4 4 6 0 1 2 5 1 2 2 6 1 1 3 4 6 1 6 3
split_gain=0.52456 0.717386 0.562626 0.621617 0.527526 1.2518 1.59953 0.489179 0.359204 0.413998 0.331195 0.227292 0.211245 0.180391 0.468399 0.357824 0.134356 0.132623 0.091367 0.0736673 0.00857123 0.000128903
threshold=-0.26257438772795877 2.2780671573162876 -0.68046414600536476 1012.6500000000002 1000.5060216028497 -0.71020463635804898 -0.29088842478428262 -0.19632684303900214 -0.90878397393106225 -0.25594720226503759 -0.57728627067906269 -0.046242763150673556 -0.17503757646876528 -0.72558508612780948 0.53092497938659233 0.6768278334262281 2.0406643931217108 1007.6206403612906 -0.86658654440487759 0.39753913293121995 -0.97003833278738039 1.0439385217798576
decision_type=2 2 2 2 2 2 2 2 2 2 2 2 2 2 2 2 2 2 2 2 2 2
left_child=1 4 13 8 7 12 -7 -1 9 -4 -10 -9 -6 19 -15 -16 17 -3 -5 20 -2 -19
right_child=2 16 3 18 5 6 -8 11 10 -11 -12 -13 -14 14 15 -17 -18 21 -20 -21 -22 -23
leaf_value=0.56981548211306232 0.031442749750779014 0.081207426999886007 0.069203240162775528 0.078525920394412918 0.054184792807536165 -0.0081305880751788781 -0.074951701608935786 0.0079383276976366969 0.15786091402169328 -0.078859368983322894 0.0032995553386206715 -0.061045784444931313 -0.003105628386150013 0.24885213353858388 -0.19976518505180565 0.28930667632900564 -0.031538498249153293 -0.085159603678303317 0.66992393262509575 0.019827104928145923 -0.0049482911188920746 0.14753982456791204
leaf_weight=621.01368141174316 225.4066621363163 689.55147624015808 105.0345763862133 120.06619474291801 573.64687353372574 2504.2985419034958 109.70984363555908 704.91860410571098 562.48223114013672 319.8144009411335 3154.7344201207161 614.08556532859802 249.35708343982697 2119.4320480525494 165.2651132941246 428.16559919714928 139.30157858133316 75.402340203523636 678.88748425245285 346.10455104708672 478.86243173480034 131.18855953216553
leaf_count=2221 325 418 110 338 224 3551 20 1335 1324 756 3933 1407 289 4900 383 1294 74 148 1122 516 1231 135
internal_value=0.00115455 0.000398804 0.00165656 0.000838415 0 -0.00075255 -0.00187435 0.00120869 0.000241957 -0.0021393 0.00064328 0 0.00223037 0.00260313 0.00312169 0 0.00269181 0.00311794 0.00332442 0.000808401 0 0
internal_weight=15116.7 6412.47 8704.26 4941.02 5377.03 3437.01 2614.01 1940.02 4142.07 424.849 3717.22 1319 823.004 3763.24 2712.86 593.431 1035.44 896.142 798.954 1050.37 704.269 206.591
internal_count=26054 9822 16232 7583 9047 4084 3571 4963 6123 866 5257 2742 513 8649 6577 1677 775 701 1460 2072 1556 283
is_linear=0
shrinkage=0.0952834


end of trees

feature_importances:
doy_sin=221
local_hour_cos=202
pressure_hpa=172
doy_cos=136
diurnal_amplitude_12h=105
temp_range_24h=89
local_hour_sin=79
hi_residual_lag1h=73
hour_cos=64
wind_ms=64

parameters:
[boosting: gbdt]
[objective: quantile]
[metric: quantile]
[tree_learner: serial]
[device_type: cpu]
[data_sample_strategy: bagging]
[data: ]
[valid: ]
[num_iterations: 69]
[learning_rate: 0.0952834]
[num_leaves: 64]
[num_threads: 2]
[seed: 42]
[deterministic: 0]
[force_col_wise: 0]
[force_row_wise: 0]
[histogram_pool_size: -1]
[max_depth: 5]
[min_data_in_leaf: 98]
[min_sum_hessian_in_leaf: 0.00112007]
[bagging_fraction: 0.771033]
[pos_bagging_fraction: 1]
[neg_bagging_fraction: 1]
[bagging_freq: 7]
[bagging_seed: 400]
[bagging_by_query: 0]
[feature_fraction: 0.973961]
[feature_fraction_bynode: 1]
[feature_fraction_seed: 30056]
[extra_trees: 0]
[extra_seed: 12879]
[early_stopping_round: 0]
[early_stopping_min_delta: 0]
[first_metric_only: 0]
[max_delta_step: 0]
[lambda_l1: 4.96099]
[lambda_l2: 4.27571]
[linear_lambda: 0]
[min_gain_to_split: 0]
[drop_rate: 0.1]
[max_drop: 50]
[skip_drop: 0.5]
[xgboost_dart_mode: 0]
[uniform_drop: 0]
[drop_seed: 17869]
[top_rate: 0.2]
[other_rate: 0.1]
[min_data_per_group: 100]
[max_cat_threshold: 32]
[cat_l2: 10]
[cat_smooth: 10]
[max_cat_to_onehot: 4]
[top_k: 20]
[monotone_constraints: ]
[monotone_constraints_method: basic]
[monotone_penalty: 0]
[feature_contri: ]
[forcedsplits_filename: ]
[refit_decay_rate: 0.9]
[cegb_tradeoff: 1]
[cegb_penalty_split: 0]
[cegb_penalty_feature_lazy: ]
[cegb_penalty_feature_coupled: ]
[path_smooth: 0]
[interaction_constraints: ]
[verbosity: -1]
[saved_feature_importance_type: 0]
[use_quantized_grad: 0]
[num_grad_quant_bins: 4]
[quant_train_renew_leaf: 0]
[stochastic_rounding: 1]
[linear_tree: 0]
[max_bin: 127]
[max_bin_by_feature: ]
[min_data_in_bin: 3]
[bin_construct_sample_cnt: 200000]
[data_random_seed: 175]
[is_enable_sparse: 1]
[enable_bundle: 1]
[use_missing: 1]
[zero_as_missing: 0]
[feature_pre_filter: 1]
[pre_partition: 0]
[two_round: 0]
[header: 0]
[label_column: ]
[weight_column: ]
[group_column: ]
[ignore_column: ]
[categorical_feature: ]
[forcedbins_filename: ]
[precise_float_parser: 0]
[parser_config_file: ]
[objective_seed: 16083]
[num_class: 1]
[is_unbalance: 0]
[scale_pos_weight: 1]
[sigmoid: 1]
[boost_from_average: 1]
[reg_sqrt: 0]
[alpha: 0.05]
[fair_c: 1]
[poisson_max_delta_step: 0.7]
[tweedie_variance_power: 1.5]
[lambdarank_truncation_level: 30]
[lambdarank_norm: 1]
[label_gain: ]
[lambdarank_position_bias_regularization: 0]
[eval_at: ]
[multi_error_top_k: 1]
[auc_mu_weights: ]
[num_machines: 1]
[local_listen_port: 12400]
[time_out: 120]
[machine_list_filename: ]
[machines: ]
[gpu_platform_id: -1]
[gpu_device_id: -1]
[gpu_use_dp: 0]
[num_gpu: 1]

end of parameters

pandas_categorical:[]
