tree
version=v4
num_class=1
num_tree_per_iteration=1
label_index=0
max_feature_idx=57
objective=quantile
feature_names=hour_cos doy_sin doy_cos wind_ms pressure_hpa local_hour_sin local_hour_cos diurnal_amplitude_12h temp_range_24h hi_residual_lag1h heat_index_c_lag1h heat_index_c_lag6h heat_index_c_lag12h heat_index_c_lag24h temp_c_lag1h temp_c_lag6h temp_c_lag12h temp_c_lag24h rh_lag24h dewpoint_c_lag1h dewpoint_c_lag6h dewpoint_c_lag12h dewpoint_c_lag24h wbgt_stull_c_lag1h wbgt_stull_c_lag3h wbgt_stull_c_lag6h wbgt_stull_c_lag12h wbgt_stull_c_lag24h vpd_kpa_lag12h heat_index_c_roll3h_std heat_index_c_roll6h_std heat_index_c_roll12h_std heat_index_c_roll24h_mean heat_index_c_roll24h_std temp_c_roll3h_std temp_c_roll6h_std temp_c_roll12h_std temp_c_roll24h_mean temp_c_roll24h_std rh_roll3h_std rh_roll6h_std rh_roll12h_mean rh_roll12h_std rh_roll24h_mean rh_roll24h_std dewpoint_c_roll3h_std dewpoint_c_roll6h_mean dewpoint_c_roll6h_std dewpoint_c_roll12h_mean dewpoint_c_roll12h_std dewpoint_c_roll24h_mean dewpoint_c_roll24h_std solar_wm2_roll6h_mean pressure_hpa_lag1h pressure_hpa_lag3h pressure_hpa_lag6h wind_ms_lag1h wind_ms_lag3h
feature_infos=[-2.1483975746947221:2.2706308343991903] [-2.4773556928598923:2.3770807915821042] [-2.3020557743192529:2.001278387367444] [-0.19279830122883607:11.44] [999:1019.6] [-2.1775849425891503:2.3540338353706218] [-2.354864871390475:2.9788378476527004] [-0.7116642006134114:11.789999999999999] [-0.6728624509412926:13.239999999999998] [-12.37480379802372:10.115943512824281] [16.028542782112325:45.02597877075236] [16.028542782112325:45.02597877075236] [16.028542782112325:45.02597877075236] [16.028542782112325:45.02597877075236] [18.5:35.170000000000002] [18.5:35.170000000000002] [18.5:35.170000000000002] [18.5:35.170000000000002] [31.300000000000001:98.799999999999997] [11.205607328798214:28.248227478004303] [11.205607328798214:28.265846442796864] [11.205607328798214:28.601905686278268] [11.205607328798214:28.297982379637908] [13.993753446219294:29.199402258068442] [13.993753446219294:29.145985594753782] [13.993753446219294:29.12033677723057] [13.993753446219294:29.589580984465329] [13.993753446219294:29.57185738541542] [-0.48999981083842303:3.8076170276126637] [-1.7287545320475386:7.078336055639614] [-1.1075382700433445:6.9277123219810308] [-1.0924240025055816:8.1498913156324946] [22.48970772685907:42.419903861150246] [-1.0327926022091971:7.8454006330550099] [-1.675685205213409:4.3715481620741103] [-1.5895575232823171:4.6405990992542883] [-1.3611121937808717:5.2173912992699334] [22.252916666666668:32.711904932461977] [-0.93858930856527012:4.7879159296373874] [-0.99788701414168746:21.865574159699843] [-1.0067604964916395:23.071974341178596] [41.31666666666667:96.700000000000003] [-0.38185269203066752:24.701453766566463] [46.570833333333333:94.329166666666666] [0.46803629240505012:24.058044242074995] [-1.6046231409273617:2.6167201609916133] [11.492741612205208:28.632754130819961] [-1.6297264927415924:3.4123425267830201] [11.93803239537325:28.004468862464513] [-1.5169095646826629:3.9326696259513207] [12.733557818060619:28.086970785935137] [-1.4436021615927117:3.7087141624547315] [-1.4091209193180221:888.14833333333308] [999:1019.6] [999:1019.6] [998.80529599202328:1019.6] [-0.63738928979461573:11.44] [-0.17550606172980132:11.44]
tree_sizes=1769 1846 1852 1849 1636 1854 1860 1845 1851 1849 1851 1752 1744 1850 1756 1751 1752 1747 1749 1849 1747 1861 1647 1756 1643 1765 1754 1764 1866 1646 1653 1856 1763 1854 1762 1763 1760 1759 1769 1872 1664 1872 1878 1646 1719 1862 1552 1866 1558 1873 1633 1669 1552 1867 1773 1221 1645 1545 1764 1660 1872 1883 1547 1734 1333 1124 1756 1229 1533 1435 1874 1871 1519 1533 1628 1645 1213 1018 1009 804 1013 1121 1016 1113 1121 1873 1539 1650 1012 1866 1021 1007 1111 1542 1022 1660 1124 1011 1775 1652 1544 1127 1116 1651 1124 1124 1315 1211 1126 902 1012 1433 1537 1426 1333 1434 1444 1229 1652 916 1122 1442 1238 1640 1871 1442 1762 1228 802 1539 1651 1016 1776 1019 1224 1644 1341 1646 1322 1231 1017 1437 1013 1115 1437 1654 1544 1456 1649 1113 1775 1555 1559 1008 1852 1559 1551 1759 1550 1761 1773 1448 1524 1871 1887 1754 1434 1882 1326 1782 1549 1443 794 1445 1015 1343 1760 1463 1748 1527 1544 1121 1448 1132 1118 1872 1756 1763 1761 1433 1009 1538 1636 1012 1546 1534 1759 1224 1448 1551 1772 1238 1110 1772 1766 1556 1331 1215 1005 1662 1869 1668 1536 1758 1231 1008 1347 1124 1546 1433 1438 1773 1772 1235 1111 1767 1657 1441 1108 1225 1448 1123 1656 1112 1437 1565 1880 1012 1768 1864 1543 1648

Tree=0
num_leaves=16
num_cat=0
split_feature=16 16 16 6 41 6 11 12 2 23 2 52 15 16 1
split_gain=5595.84 158.513 149.721 51.8322 61.5702 24.2135 23.6404 18.2834 16.4288 12.6354 6.38392 5.92063 5.79438 5.28715 3.49475
threshold=28.835000000000004 29.463109841803085 28.355000000000004 0.51424873335120436 77.062500000000014 0.47174635372517287 34.727439987011927 36.102335139785048 0.8127900511466718 22.918323521234111 0.55520727629337141 0.37532398402995254 32.553169290221767 28.705000000000002 -0.79379683589487249
decision_type=2 2 2 2 2 2 2 2 2 2 2 2 2 2 2
left_child=2 6 3 11 -5 13 9 12 -7 -2 -8 -1 -3 -4 -9
right_child=1 7 5 4 -6 8 10 14 -10 -11 -12 -13 -14 -15 -16
leaf_value=28.749466927126605 28.806164223244124 28.93285479578504 28.809822459963591 28.736704219561148 28.857023439885733 28.853154557914348 28.874820680683918 29.010958705949335 28.807501042227727 28.862439933681031 28.843869034559276 28.589292793061645 28.868630233388281 28.829167164997298 29.038089890808308
leaf_weight=1186.5414946377277 251.54447907209396 1904.444888651371 1023.1662219464779 1040.6066967248917 406.56638199090958 477.56446141004562 1020.4867431819439 739.51837372779846 261.43800786137581 1365.4145912826061 76.37768080830574 11156.137635111809 51.885173618793488 376.33569726347923 10467.700545072556
leaf_count=1442 223 2897 1809 779 612 800 1732 734 252 2320 134 11688 55 677 5819
internal_value=28.8399 28.8724 28.8075 28.8045 28.819 28.8268 28.8551 28.8759 28.8387 28.8487 28.864 28.8028 28.868 28.8208 28.8772
internal_weight=31805.7 15877.4 15928.4 13789.9 1447.17 2138.5 2713.82 13163.5 739.002 1616.96 1096.86 12342.7 1956.33 1399.5 11207.2
internal_count=31973 13914 18059 14521 1391 3538 4409 9505 1052 2543 1866 13130 2952 2486 6553
is_linear=0
shrinkage=1


Tree=1
num_leaves=16
num_cat=0
split_feature=16 16 16 16 19 12 43 52 12 15 18 15 1 28 1
split_gain=5330.85 216.675 138.283 27.7131 22.0115 20.8427 18.1829 14.6153 14.3426 12.0224 7.28473 6.10282 2.6321 2.09538 2.02513
threshold=28.873730590947044 28.030321272322563 29.485000000000003 28.56165836404961 21.140904732172974 36.909808107885645 85.831250000000011 75.114166666666463 30.455076155063917 28.663056004592356 84.305750530325469 32.504551994512923 0.28278935326469212 1.5975693211761082 -0.78839372097872551
decision_type=2 2 2 2 2 2 2 2 2 2 2 2 2 2 2
left_child=1 7 4 6 12 11 -3 8 -1 -6 -5 -4 -2 -9 -7
right_child=2 3 5 10 9 14 -8 13 -10 -11 -12 -13 -14 -15 -16
leaf_value=-0.11525317574030196 -0.059546039373981841 -0.033218181626567034 0.093776174358726816 -0.013089967440116044 0.019745409712597434 0.1830474182497086 0.011362727050765381 -0.26767605976692299 -0.061861748522520549 0.032899815039054106 0.0051724273435144056 0.026309334170030309 0.0095822899099918205 -0.069385902712494729 0.19282111726312923
leaf_weight=1919.8930172324181 130.70246043801308 2071.7435791790485 3110.6869285404682 979.55934488773346 1046.9295009672642 495.11707293987274 167.9345600605011 9653.1775078475475 814.96359232068062 1365.7042948901653 428.09514072537422 57.634997457265854 71.405307501554489 67.655901312828064 9424.5258660614491
leaf_count=1889 87 3262 4293 1629 1757 432 269 9310 1231 2316 717 62 76 40 4603
internal_value=8.0776e-05 -0.031186 0.0321676 -0.0144082 0.0156336 0.0354367 -0.0198151 -0.036063 -0.0301885 0.0177349 -0.005513 0.0292918 -0.00753196 -0.037664 0.0373489
internal_weight=31805.7 16103 15702.7 3647.33 2614.74 13088 2239.68 12455.7 2734.86 2412.63 1407.65 3168.32 202.108 9720.83 9919.64
internal_count=31973 18347 13626 5877 4236 9390 3531 12470 3120 4073 2346 4355 163 9350 5035
is_linear=0
shrinkage=0.0773788


Tree=2
num_leaves=16
num_cat=0
split_feature=16 16 16 6 2 12 22 6 26 16 1 41 1 26 19
split_gain=5096.61 230.015 145.237 39.3794 37.0943 23.8773 20.3946 19.1151 35.8623 17.2656 11.0719 6.93736 4.17556 3.79915 3.77417
threshold=28.873730590947044 27.833836819411982 29.523898492185424 0.47174635372517287 0.67586815153254209 36.934261601873693 24.141052553856156 0.70447623832055917 24.616678659784938 28.655000000000005 -0.86958133671945925 50.304166666666674 -0.78839372097872551 26.149942611947665 21.140904732172974
decision_type=2 2 2 2 2 2 2 2 2 2 2 2 2 2 2
left_child=1 7 6 9 -5 11 14 13 -9 -3 -8 -4 -7 -1 -2
right_child=2 3 5 4 -6 12 10 8 -10 -11 -12 -13 -14 -15 -16
leaf_value=-0.22916636128563303 -0.03102317175988754 -0.032300274485803589 -0.017923917515332458 0.01285993531791212 -0.032056671727116584 0.17077650297258326 0.010663970946700596 -0.10017041330053549 0.042932763205596983 -0.008981857556177605 0.031556287804317684 0.090388766601477211 0.17867465262418317 -0.050421328098922663 0.01506259237826028
leaf_weight=10587.686632752419 209.75970864295959 2373.5864095985889 45.208861827850342 777.90816497802734 654.00581383705139 485.74473798274994 388.16950589418411 815.34085801243782 170.52258113026619 615.45613867044449 1792.5401750802994 3031.0938909053802 9354.4883425235748 108.5160445868969 395.70120593905449
leaf_count=10308 169 3966 34 1276 657 422 707 602 266 1099 2940 4158 4528 173 668
internal_value=0.000189058 -0.0303828 0.0315632 -0.0151857 -0.00429077 0.0350426 0.0152731 -0.036095 -0.0244174 -0.0202694 0.0187795 0.0284469 0.037054 -0.0371269 0.00200308
internal_weight=31805.7 16103 15702.7 4420.96 1431.91 12916.5 2786.17 11682.1 985.863 2989.04 2180.71 3076.3 9840.23 10696.2 605.461
internal_count=31973 18347 13626 6998 1933 9142 4484 11349 868 5065 3647 4192 4950 10481 837
is_linear=0
shrinkage=0.0773788


Tree=3
num_leaves=16
num_cat=0
split_feature=16 16 16 6 2 11 16 23 16 12 18 1 15 1 28
split_gain=4832.95 242.56 162.966 38.8176 41.7714 33.1809 18.2475 14.2039 11.6206 10.9838 10.1942 9.18587 5.55787 2.51438 2.25956
threshold=28.873730590947044 27.625000000000004 29.860870337041423 0.47174635372517287 0.71419083690982965 34.947092877844064 28.655000000000005 22.951393580477781 26.745000000000001 37.176667527026815 82.324411760791392 0.17294571800586983 32.587516794351309 -0.78839372097872551 1.5296234914164171
decision_type=2 2 2 2 2 2 2 2 2 2 2 2 2 2 2
left_child=1 8 5 6 -5 7 -3 -2 14 12 -10 -7 -4 -11 -1
right_child=2 3 9 4 -6 11 -8 -9 10 13 -12 -13 -14 -15 -16
leaf_value=-0.27720576526704188 -0.015752325830386479 -0.031929992704206045 0.11242987483570659 0.011864848696001802 -0.035002691316365034 0.024112406883573696 -0.0082868520158613374 0.027391832214909057 -0.069830503691554011 0.1799625892842413 -0.057153379363527608 0.050328252849399797 0.025896475021131949 0.16949170669946456 -0.05817533434501744
leaf_weight=8150.3794288933277 327.41479581594467 2975.9093983769417 2310.6640590131283 887.20842090249062 726.86166742444038 876.55337113142014 615.45613867044449 2027.4484081566334 2068.2904074788094 397.52004796266556 609.930589646101 964.0834669470787 49.730908334255219 8749.291371434927 68.986592173576355
leaf_count=6869 295 4832 2953 1443 689 1502 1099 3335 2464 310 904 1223 51 3957 47
internal_value=0.00037707 -0.0293932 0.0309291 -0.01551 -0.00521556 0.0176731 -0.0200234 0.0112758 -0.0359825 0.0357221 -0.0305955 0.0256142 0.0299578 0.0371547 -0.0376763
internal_weight=31805.7 16103 15702.7 5205.44 1614.07 4195.5 3591.37 2354.86 10897.6 11507.2 2678.22 1840.64 2360.39 9146.81 8219.37
internal_count=31973 18347 13626 8063 2132 6355 5931 3630 10284 7271 3368 2725 3004 4267 6916
is_linear=0
shrinkage=0.0773788


Tree=4
num_leaves=14
num_cat=0
split_feature=16 16 16 18 11 6 16 6 16 12 18 2 41
split_gain=4592.85 253.663 172.561 38.9216 35.9691 32.2035 22.7412 15.6882 13.9244 11.0259 9.25999 8.12094 3.37837
threshold=28.873730590947044 27.545000000000005 29.952292874352292 81.308789095519117 35.157192300135115 0.47174635372517287 28.56165836404961 0.27187385419850907 26.275000000000002 37.7512626898178 83.702131070817543 0.31346684475228387 54.912500000000001
decision_type=2 2 2 2 2 2 2 2 2 2 2 2 2
left_child=1 8 4 6 7 -5 -3 -2 -1 12 -10 -6 -4
right_child=2 3 9 5 11 -7 -8 -9 10 -11 -12 -13 -14
leaf_value=-0.28921633591320522 0.0056743668351480646 -0.034230343619655684 0.033220978458265556 -0.021035047749829502 0.038466974746707586 0.010517753162419778 -0.011026642255820411 0.046598047189766088 -0.07293881914959563 0.16256693811967224 -0.066382844062184213 0.01760850252304573 0.10992048348026404
leaf_weight=6996.4835796654224 1126.7541634738445 2611.7657423615456 73.319761484861374 1272.7045230567455 1769.9087411165237 880.21267685294151 746.78153195977211 1534.242893576622 2900.7374717891216 8119.9945038855076 694.33711788058281 156.77641353011131 2921.7099517285824
leaf_count=5350 1905 3703 74 2203 2474 1350 1207 2179 3505 3414 1029 262 3318
internal_value=0.000398792 -0.0286223 0.0301825 -0.0150274 0.0173746 -0.00663274 -0.0202846 0.0112671 -0.0356531 0.0354273 -0.0310132 0.0255767 0.0305137
internal_weight=31805.7 16103 15702.7 5511.46 4587.68 2152.92 3358.55 2661 10591.6 11115 3595.07 1926.69 2995.03
internal_count=31973 18347 13626 8463 6820 3553 4910 4084 9884 6806 4534 2736 3392
is_linear=0
shrinkage=0.0773788


Tree=5
num_leaves=16
num_cat=0
split_feature=16 16 12 16 16 43 52 28 1 38 1 16 43 24 3
split_gain=4306.7 289.496 145.744 41.9061 28.9136 24.638 21.1788 14.0737 11.548 10.4252 7.52575 6.58376 6.50949 6.2871 5.50139
threshold=28.941292784994165 27.545000000000005 36.699549018459663 28.56165836404961 29.200849625436607 85.831250000000011 10.549999999999793 1.5758879714588399 -0.79379683589487249 1.0221796550015088 -0.82706400691555104 30.150883169518032 78.831125695530332 25.14722938178069 4.0003062181899507
decision_type=2 2 2 2 2 2 2 2 2 2 2 2 2 2 2
left_child=1 6 4 5 13 -3 9 -8 14 -1 -6 -10 -5 -2 -4
right_child=2 3 8 12 10 -7 7 -9 11 -11 -12 -13 -14 -15 -16
leaf_value=-0.0017205133785901524 -0.0093812095764098848 -0.028800148393509941 0.16349121572012681 -0.016851093186859723 0.039738627824035186 0.0075703712547849572 -0.20213720461418361 -0.040786002220231418 0.047698226926966569 -0.067266927496703377 0.054021605259867746 0.14800688845704238 0.0012817817072717785 0.011900665258751112 0.010472079305141187
leaf_weight=104.43424347043037 252.61663973331451 3757.098743468523 494.01990190148354 637.01286128163338 684.45676502585411 339.59799239039421 9359.1057259738445 81.855961382389069 1188.9212478399277 982.41936227679253 3146.5071288347244 8731.7557235062122 1065.6797422170639 841.2090191245079 88.43244406580925
leaf_count=148 337 5555 390 897 1034 548 8624 46 1129 1060 4603 3957 1944 1494 134
internal_value=0.000636507 -0.0270486 0.0299583 -0.0130514 0.0187881 -0.0173049 -0.0347159 -0.0359804 0.0351512 -0.0232984 0.0220036 0.0358524 -0.00258613 0.00715225 0.0224102
internal_weight=31755.1 16327.2 15427.9 5799.39 4924.79 4096.7 10527.8 9440.96 10503.1 1086.85 3830.96 9920.68 1702.69 1093.83 582.452
internal_count=31900 18822 13078 8944 7468 6103 9878 8670 5610 1208 5637 5086 2841 1831 524
is_linear=0
shrinkage=0.0773788


Tree=6
num_leaves=16
num_cat=0
split_feature=16 16 16 12 18 16 6 52 16 14 2 28 38 16 1
split_gain=4000.94 238.596 217.819 35.967 35.0772 28.2592 25.4771 17.1369 14.5039 11.3641 11.2409 10.1944 7.42464 7.32842 0.85505
threshold=28.755000000000006 29.710268657149275 27.175000000000004 38.064313479298086 82.597401398948293 29.200849625436607 0.49979535608507236 7.6608333333331071 28.195000000000004 28.745000000000001 -0.11649092230912388 1.5758879714588399 1.0221796550015088 30.290653403423324 -0.78839372097872551
decision_type=2 2 2 2 2 2 2 2 2 2 2 2 2 2 2
left_child=2 5 7 13 8 10 -6 12 -4 -7 -2 -9 -1 -3 -5
right_child=1 3 4 14 6 9 -8 11 -10 -11 -12 -13 -14 -15 -16
leaf_value=0.00025300271925924017 0.0098791507743270796 0.048486246337059828 -0.035931352818976685 0.16256500880840877 -0.022212013885793507 0.027114207541532123 0.01253733429978802 -0.20690256539043195 -0.017705286880855525 0.031354801615645654 -0.003866844448036825 -0.034775959344471585 -0.06683551022226239 0.11454770893735741 0.13930890776636132
leaf_weight=75.224833339452744 1053.7075982093811 2041.9104834198952 2677.0144163966179 243.13775634765625 1155.6491238474846 1174.876060962677 739.75754570960999 8560.2817667722702 1549.5999411940575 959.3043093085289 924.10351797938347 62.793646514415741 643.4665718972683 2474.0576808452606 7420.2382497489452
leaf_count=103 1842 2500 3497 160 1935 1774 1095 7517 2484 1398 1452 34 714 2523 2872
internal_value=0.000844928 0.0276118 -0.0273307 0.0330681 -0.0158595 0.0113444 -0.00679561 -0.0347983 -0.0198269 0.0175712 0.00441768 -0.0358358 -0.0217053 0.0271967 0.0364631
internal_weight=31755.1 16291.3 15463.8 12179.3 6122.02 4111.99 1895.41 9341.77 4226.61 2134.18 1977.81 8623.08 718.691 4515.97 7663.38
internal_count=31900 14521 17379 8055 9011 6466 3030 8368 5981 3172 3294 7551 817 5023 3032
is_linear=0
shrinkage=0.0773788


Tree=7
num_leaves=16
num_cat=0
split_feature=16 16 16 16 10 18 6 6 32 6 57 7 36 15 1
split_gain=3661.58 264.469 172.803 70.2227 36.6817 24.0138 22.0686 15.604 7.78895 7.57494 6.68817 2.89799 2.63651 2.38628 2.37907
threshold=28.941292784994165 26.145000000000003 30.290653403423324 28.210238093109357 36.611934997484006 82.324411760791392 0.27187385419850907 0.58244116526816259 33.520282928773078 0.865214842993279 6.5947522713231086 1.9900000000000004 1.1201947159552472 31.170488168357277 -0.78839372097872551
decision_type=2 2 2 2 2 2 2 2 2 2 2 2 2 2 2
left_child=1 9 4 5 6 -3 -2 -5 13 11 -6 -1 -11 -4 -10
right_child=2 3 8 7 10 -7 -8 -9 14 12 -12 -13 -14 -15 -16
leaf_value=-0.085844955810978021 0.008417144556987808 -0.038712947003018229 0.15019532403031349 -0.012223495513530412 0.03964920593698823 -0.029735865273936221 0.041512379465159566 0.0042128246364764093 0.081728621648276684 -0.10451996579139478 0.0062708189396316104 -0.24892680409877357 -0.098721314882047412 0.084364932392645905 0.12494977413430755
leaf_weight=167.63218545913696 1537.7529346048832 4796.6894251406193 1882.4730670154095 2321.3675778508186 1416.3389524519444 1699.3068073987961 2735.3995580673218 868.43366199731827 197.20439875125885 87.571672230958939 70.5010966360569 6310.5378380417824 75.665464341640472 82.473869264125824 7505.7749932408333
leaf_count=226 2464 6062 1789 4050 1368 2570 3885 1190 189 85 81 4589 50 77 3225
internal_value=0.00124295 -0.0242834 0.0282801 -0.0160492 0.0175209 -0.0206905 0.0136864 -0.00646777 0.0346418 -0.036219 0.0282243 -0.0366891 -0.0149208 0.0290051 0.0360152
internal_weight=31755.1 16327.2 15427.9 9685.8 5759.99 6496 4273.15 3189.8 9667.93 6641.41 1486.84 6478.17 163.237 1964.95 7702.98
internal_count=31900 18822 13078 13872 7798 8632 6349 5240 5280 4950 1449 4815 135 1866 3414
is_linear=0
shrinkage=0.0773788


Tree=8
num_leaves=16
num_cat=0
split_feature=16 16 16 12 14 12 52 28 12 2 52 42 15 46 16
split_gain=3355.78 264.366 179.198 74.6918 38.8671 18.1854 16.1348 14.5191 13.6466 9.71174 7.05903 2.18843 1.09426 0.806133 0.454864
threshold=28.941292784994165 25.955000000000002 30.311610564024836 32.664584308908189 30.43928609042997 35.15103373531975 91.597499999999727 1.8273344811138779 37.983074647402439 -0.70862667826445969 167.09166666666647 7.4670082385557857 27.873865669412545 20.366599674710347 29.215000000000003
decision_type=2 2 2 2 2 2 2 2 2 2 2 2 2 2 2
left_child=1 9 4 7 5 -2 -5 -3 13 11 -11 -1 -10 -4 -6
right_child=2 3 8 6 14 -7 -8 -9 12 10 -12 -13 -14 -15 -16
leaf_value=-0.04627727303923776 0.013076198315595927 -0.03670471382392456 0.08758246973213718 0.0018020258086230835 0.019864265717055143 0.028696037815817511 -0.011051966222264302 0.0036667254568079396 0.13189710846293873 -0.14764363367950434 -0.25597395235058978 0.0047927364426794874 0.12653838608856063 0.099683390187204304 0.044345970885342534
leaf_weight=42.009522795677185 1723.0758254826069 6866.5560815632343 172.75747299194336 1397.7743683755398 64.983749836683273 3197.3803105056286 1685.3944968283176 164.52842104434967 365.6292462348938 841.02514845132828 5279.8079247176647 50.108668684959412 6925.4702988862991 2117.4863939285278 861.13557216525078
leaf_count=71 2775 8763 239 2415 100 4315 3145 108 235 786 3466 68 2592 2139 683
internal_value=0.00140246 -0.0230342 0.0272863 -0.0152434 0.0164695 0.0135784 -0.00503274 -0.0196631 0.0338382 -0.035639 -0.0360317 -0.00531864 0.0356957 0.0277096 0.0313027
internal_weight=31755.1 16327.2 15427.9 10114.3 5846.58 4920.46 3083.17 7031.08 9581.34 6212.95 6120.83 92.1182 7291.1 2290.24 926.119
internal_count=31900 18822 13078 14431 7873 7090 5560 8871 5205 4391 4252 139 2827 2378 783
is_linear=0
shrinkage=0.0773788


Tree=9
num_leaves=16
num_cat=0
split_feature=12 12 12 6 12 5 12 50 38 41 6 41 18 17 18
split_gain=2914.49 361.28 141.314 106.666 71.1514 37.2231 36.7253 22.2746 21.9752 15.7801 11.7898 7.67244 10.4068 1.74446 1.4451
threshold=34.664862743304148 29.69566165852622 38.112411076205881 0.47174635372517287 26.033791484921004 -0.48726728267496461 35.804956638382372 16.306168905520291 1.047436613413169 79.967424536337361 0.4304496215689706 81.504166666666691 78.80342930422124 23.585000000000004 71.103428276854729
decision_type=2 2 2 2 2 2 2 2 2 2 2 2 2 2 2
left_child=1 4 6 8 13 -5 10 -6 -3 -8 -2 14 -13 -1 -4
right_child=2 3 11 5 7 -7 9 -9 -10 -11 -12 12 -14 -15 -16
leaf_value=-0.17307135417719299 0.0037202301103549233 -0.0095182043100802728 0.041347146741618053 -0.016967356470840165 0.010769293229468927 0.03152581333428265 0.054773907477105963 -0.05664815083378668 -0.037754165583492351 0.034869540165105614 0.033758317236559553 0.0020413673435030022 0.10623145943439918 -0.26711848846870667 0.11948690247221452
leaf_weight=88.472925782203674 1005.4996852874756 2344.250529050827 389.09010481834412 942.99933725595474 147.88056045770645 1792.2732521593571 2624.0077945291996 4378.4486109316349 3134.0132616758347 1970.7540790736675 1158.3253141641617 96.479391664266586 826.57203796505928 4544.4231746196747 6311.6334430575371
leaf_count=62 1823 4112 186 1461 101 2628 2582 4888 4592 2341 1868 65 454 2450 2287
internal_value=0.00124887 -0.0200662 0.0270194 -0.00821558 -0.0306446 0.00415647 0.0187332 -0.0234834 -0.0144577 0.0227137 0.0100841 0.0343026 0.025749 -0.0375338 0.035409
internal_weight=31755.1 17372.8 14382.4 8213.54 9159.23 2735.27 6758.59 4526.33 5478.26 4594.76 2163.82 7623.77 923.051 4632.9 6700.72
internal_count=31900 20294 11606 12793 7501 4089 8614 4989 8704 4923 3691 2992 519 2512 2473
is_linear=0
shrinkage=0.0773788


Tree=10
num_leaves=16
num_cat=0
split_feature=16 16 16 12 14 6 6 45 32 7 41 18 16 16 52
split_gain=2885.13 324.489 183.966 74.7649 31.1558 29.2466 19.1139 18.1542 9.72233 8.47645 5.02134 4.40179 4.03819 3.16605 2.279
threshold=29.064873580056659 25.655000000000005 30.672754222784679 32.885376155537202 30.44052227213659 0.51424873335120436 0.59357561522533353 1.0000000180025095e-35 33.504355548176996 2.0200000000000018 57.862500000000004 66.837600843179914 24.865000000000006 30.840280259885017 21.849999999999643
decision_type=2 2 2 2 2 2 2 2 2 2 2 2 2 2 2
left_child=1 9 4 5 7 -3 -5 -2 10 14 -4 -6 -11 -10 -1
right_child=2 3 8 6 11 -7 -8 -9 13 12 -12 -13 -14 -15 -16
leaf_value=0.0098191867124450011 0.12660051171242395 -0.033637244720521361 0.065073527583797475 -0.0073791798127965536 0.0072662904062039202 -0.01651074827055506 0.015630458812921903 0.022520931893583875 0.046432308980556634 -0.26269865638068751 0.1329696052201676 0.035422094099631471 -0.094786610784569639 0.11762082940813626 -0.16315485416942627
leaf_weight=57.679108172655106 241.32715719938278 6661.8201224207878 75.655495703220367 2529.9175520241261 85.326750010251999 1469.1814289987087 699.47668054699898 5254.5669417381287 551.04408928751945 4191.0813174843788 1498.1381726264954 1267.8332605659962 1310.300350189209 6049.8744570314884 52.025508999824524
leaf_count=70 91 8923 94 4713 101 1427 1131 7194 332 2005 1381 833 1516 2247 52
internal_value=0.00124552 -0.0206022 0.0259486 -0.0130238 0.0164733 -0.0169878 -0.00292125 0.0137288 0.0338298 -0.0358585 0.0270654 0.0272718 -0.0363172 0.0353684 -0.00915834
internal_weight=31995.2 16971.5 15023.8 11360.4 6849.05 8131 3229.39 5495.89 8174.71 5611.09 1573.79 1353.16 5501.38 6600.92 109.705
internal_count=32110 19837 12273 16194 8219 10350 5844 7285 4054 3643 1475 934 3521 2579 122
is_linear=0
shrinkage=0.0773788


Tree=11
num_leaves=15
num_cat=0
split_feature=16 16 16 16 1 33 45 52 22 46 22 6 2 1
split_gain=2656.12 346.496 178.842 77.0447 27.9422 26.3364 20.0326 16.7807 14.0574 10.2846 8.24195 6.91947 6.65551 3.60369
threshold=29.135000000000002 25.625000000000004 30.840280259885017 28.495000000000001 0.51609462504876458 1.5596024577241643 0.0044764171446116698 1.3974999999997348 25.208831473365922 20.485207176689205 19.777745299518013 0.47174635372517287 -0.18399835165767994 -0.62087384377513488
decision_type=2 2 2 2 2 2 2 2 2 2 2 2 2 2
left_child=1 7 4 5 6 -3 -2 -1 -6 10 -4 -5 -9 -11
right_child=2 3 9 11 8 -7 -8 12 -10 13 -12 -13 -14 -15
leaf_value=-0.07705743771362128 0.093669882917308003 -0.009448893896031884 0.14236057664145299 -0.0036498288365121971 0.022686985508184657 -0.037281226447499163 0.019562057322007796 -0.064334320449694005 0.03563352821636085 0.1182522455608549 -0.01678224107716364 0.007480842235667742 -0.21064603985073491 0.11161454446468663
leaf_weight=77.759729027748108 244.87429556250572 2341.6644352674484 62.444331049919128 1700.3570432364941 1157.0905381441116 6537.4757761359215 3730.7965426743031 263.49035713076591 2112.4412536621094 691.31185477972031 73.378407329320908 1136.2894666194916 5219.4189716875553 6646.4553906917572
leaf_count=77 97 3584 114 3033 1490 8452 4978 336 1624 508 73 1712 3160 2872
internal_value=0.00118457 -0.0193797 0.0253456 -0.011776 0.0165677 -0.0153228 0.0119828 -0.0353128 0.0220081 0.0337919 0.00846648 -0.000539101 -0.0358187 0.0342058
internal_weight=31995.2 17276.5 14718.8 11715.8 7245.2 8879.14 3975.67 5560.67 3269.53 7473.59 135.823 2836.65 5482.91 7337.77
internal_count=32110 20354 11756 16781 8189 12036 5075 3573 3114 3567 187 4745 3496 3380
is_linear=0
shrinkage=0.0773788


Tree=12
num_leaves=15
num_cat=0
split_feature=16 16 16 16 12 51 6 6 16 23 46 22 52 16
split_gain=2431.46 270.62 267.01 54.8273 34.787 30.1406 17.4113 16.7361 14.7512 8.46487 8.35239 7.74697 7.63297 6.07437
threshold=28.755000000000006 25.565000000000001 30.840280259885017 29.342053315580625 31.406535003696504 0.1427681539784017 0.51424873335120436 0.70447623832055917 24.775000000000002 22.633707632543096 20.485207176689205 19.777745299518013 44.820833333333283 31.390313163124571
decision_type=2 2 2 2 2 2 2 2 2 2 2 2 2 2
left_child=1 8 3 9 7 -5 -6 -3 -1 -2 11 -4 -10 -12
right_child=2 4 10 5 6 -7 -8 -9 12 -11 13 -13 -14 -15
leaf_value=-0.22916702591703889 -0.041758051947868489 -0.033582769743242862 0.13134488318722309 0.051483669039747611 -0.013342737133129197 0.025637530276462015 0.012415624382617335 -0.01716045141162063 -0.040295823350646062 0.005642332268057243 0.051121318655530115 -0.015483651063394499 -0.078926969192596841 0.12170145383302243
leaf_weight=4095.8289410471916 230.3437827527523 5011.9745583236217 62.444331049919128 543.34174996614456 3432.1500287652016 5851.3973582983017 618.64726322889328 1068.3769509494305 125.4857442677021 2327.2142421603203 2267.7462314069271 73.378407329320908 1216.897789388895 5070.0210140645504
leaf_count=1917 189 6257 114 232 5984 6577 954 898 136 4040 1266 73 1359 2114
internal_value=0.00116768 -0.0207273 0.0219431 0.0128522 -0.0131856 0.0166933 -0.00745607 -0.0169347 -0.0346884 0.00309417 0.03277 0.00925743 -0.0264452 0.0331499
internal_weight=31995.2 15569.4 16425.9 8952.3 10131.1 6394.74 4050.8 6080.35 5438.21 2557.56 7473.59 135.823 1342.38 7337.77
internal_count=32110 17505 14605 11038 14093 6809 6938 7155 3412 4229 3567 187 1495 3380
is_linear=0
shrinkage=0.0773788


Tree=13
num_leaves=16
num_cat=0
split_feature=12 12 12 6 28 33 28 1 6 12 13 27 41 1 41
split_gain=2140.81 385.807 133.767 91.3637 53.1193 40.2674 38.4595 27.4433 21.0417 20.5911 18.0686 7.96652 5.55683 4.73949 1.58357
threshold=34.836661284240158 26.942965998886333 38.79801783761112 0.25881904510252057 1.1308944366090552 1.6855254325077733 2.0947706706103291 0.58807302280597018 -0.47890024381370416 25.655490176033908 40.02627493253717 19.814987599128361 85.478314435752281 -0.62087384377513488 83.71250000000002
decision_type=2 2 2 2 2 2 2 2 2 2 2 2 2 2 2
left_child=1 9 4 5 7 -3 -5 -2 10 12 -4 -11 -1 -6 -10
right_child=2 3 8 6 13 -7 -8 -9 14 11 -12 -13 -14 -15 -16
leaf_value=-0.21162621850425939 0.0096581268056830753 -0.0064187498296310857 0.0025823145862842465 -0.0055940855190603793 0.083201338938842864 -0.036363388109995488 0.074417708445361122 0.024181103043729398 0.099986931877241031 -0.024023374756954791 0.030928938603060372 -0.076688575411042362 -0.051117253244789752 0.066987827110178533 0.082910307037692907
leaf_weight=4094.8823080062866 3089.8513922095299 2733.2305422127247 388.99552464485168 4011.6197338700294 688.33408543467522 5051.1461173593998 430.98693844676018 1730.605382502079 5283.0060038864613 115.25778466463089 477.8036981523037 1215.4663497805595 181.86984217166901 2331.9590510725975 170.2336385846138
leaf_count=1924 4388 4475 188 5400 723 7049 601 1843 1714 93 154 1306 224 1922 106
internal_value=0.00120939 -0.0166123 0.0236784 -0.00885866 0.0168126 -0.0139094 0 0.0116114 0.0321211 -0.033434 0.0197009 -0.0240127 -0.0362529 0.0249646 0.0340113
internal_weight=31995.2 17834.5 14160.8 12227 7840.75 7784.38 4442.61 4820.46 6320.04 5607.48 866.799 1330.72 4276.75 3020.29 5453.24
internal_count=32110 21072 11038 17525 8876 11524 6001 6231 2162 3547 342 1399 2148 2645 1820
is_linear=0
shrinkage=0.0773788


Tree=14
num_leaves=15
num_cat=0
split_feature=16 16 16 12 1 6 33 22 3 23 12 6 16 48
split_gain=2069.61 346.353 183.261 70.0688 23.5425 21.5482 20.0553 19.4594 19.0832 14.3781 10.6324 10.2837 6.51203 1.73676
threshold=29.200849625436607 25.265000000000004 30.922866933152921 31.406535003696504 0.65593247868023885 0.51424873335120436 2.5845654814555297 25.388881994217716 7.0650000000000004 25.866643090528441 39.531051968819689 -0.2320817723296611 24.385000000000002 24.448351118963249
decision_type=2 2 2 2 2 2 2 2 2 2 2 2 2 2
left_child=1 9 4 8 6 -5 -2 -6 -3 12 11 -4 -1 -11
right_child=2 3 10 5 7 -7 -8 -9 -10 13 -12 -13 -14 -15
leaf_value=-0.21443346263420413 0.0093714844768514691 -0.025800043990044028 -0.0034364098524800241 -0.0077699096873596798 0.017249165934321974 0.012665434674428518 0.063563589453641031 0.028845385917103845 -0.052688972280792182 0.0038045793920580616 0.094077108415805785 0.085823956980267291 -0.083872591829077484 -0.02985306033054826
leaf_weight=3502.0253499746323 2891.6486800611019 6322.7649738490582 73.650701224803925 4645.4657971560955 1092.6805349290371 1215.201657384634 1644.8749001920223 1638.4244338572025 465.71679058670998 63.589636981487274 4083.177498370409 3023.0954848229885 1248.4704685807228 84.461485028266907
leaf_count=1435 3641 7582 38 8162 1394 1944 1714 1162 369 86 1180 2167 1111 125
internal_value=0.00116977 -0.0166735 0.0228656 -0.00986163 0.0140996 -0.0035779 0.0104929 0.0199311 -0.0152272 -0.0341646 0.0316739 0.0275175 -0.0349305 -0.00690333
internal_weight=31995.2 17547.7 14447.6 12649.1 7267.63 5860.67 4536.52 2731.1 6788.48 4898.55 7179.92 3096.75 4750.5 148.051
internal_count=32110 20814 11296 18057 7911 10106 5355 2556 7951 2757 3385 2205 2546 211
is_linear=0
shrinkage=0.0773788


Tree=15
num_leaves=15
num_cat=0
split_feature=16 16 16 16 1 2 51 16 2 16 1 1 10 11
split_gain=1852.3 330.895 193.568 58.3847 24.9755 19.6551 19.5015 17.9331 16.8642 16.2941 12.0271 7.76399 5.94113 0.811258
threshold=29.095000000000002 25.265000000000004 30.922866933152921 27.795000000000005 0.72481290014920419 0.67586815153254209 0.11449590028126373 31.823713485877494 -0.016027777881436816 24.385000000000002 0.82193640680400659 0.99906486341235867 35.825859929458204 33.370428608371746
decision_type=2 2 2 2 2 2 2 2 2 2 2 2 2 2
left_child=1 9 4 8 6 -5 -2 10 -3 -1 -4 -6 -11 -9
right_child=2 3 7 5 11 -7 -8 13 -10 12 -12 -13 -14 -15
leaf_value=-0.1957003446712591 0.049788928711098968 -0.016270436981900758 0.047658529117716425 -0.00077099208011311207 0.024120757079652458 -0.018277262597617444 0.013001298198755971 0.10992426101499105 -0.029714439661435249 -0.075996587159586931 0.052182682795143626 0.052656907178444214 -0.013957593503696889 0.10935436244053182
leaf_weight=3482.4647399783134 270.3941562473774 2056.8343263566494 1923.4302667975426 3965.9893926382065 2073.2924952208996 1580.5933963656425 4994.2290841341019 571.28484964370728 4576.7809893786907 1306.991118311882 1580.0890007019043 405.8504501581192 124.3114709854126 3032.2840003967285
leaf_count=1441 97 3202 1313 7019 2196 1812 6228 545 5240 1175 596 195 166 919
internal_value=0.00104123 -0.0163122 0.0210392 -0.00942626 0.0124849 -0.0034764 0.00931886 0.0302952 -0.0143407 -0.0332834 0.0258341 0.0190333 -0.0252769 0.0344949
internal_weight=31944.8 17094 14850.9 12180.2 7743.77 5546.58 5264.62 7107.09 6633.62 4913.77 3503.52 2479.14 1431.3 3603.57
internal_count=32144 20055 12089 17273 8716 8831 6325 3373 8442 2782 1909 2391 1341 1464
is_linear=0
shrinkage=0.0773788


Tree=16
num_leaves=15
num_cat=0
split_feature=16 16 16 33 6 47 16 16 23 14 51 2 16 11
split_gain=1674.72 267.677 245.377 41.6244 34.2473 32.5136 23.4461 21.1049 18.7865 13.3952 7.92364 3.69109 2.11397 0.563196
threshold=28.755000000000006 25.035000000000004 30.922866933152921 1.6855254325077733 0.51424873335120436 0.016028555746102614 29.373929765040454 31.997185258587226 24.612701822297961 29.641317320727342 0.51508050190316224 0.66290292898506553 23.585000000000004 33.370428608371746
decision_type=2 2 2 2 2 2 2 2 2 2 2 2 2 2
left_child=1 8 5 9 -5 -2 -7 10 12 -3 -4 -10 -1 -9
right_child=2 3 7 4 -6 6 -8 13 11 -11 -12 -13 -14 -15
leaf_value=-0.21702422167931087 0.049121670592585161 -0.006301744429673641 0.052227286708821 -0.032692839403255229 -0.0066489150873530372 0.0029693139604033188 0.019293013881374034 0.11376291501591856 -0.01106521738645974 0.0067781483209498321 0.04590632935975951 -0.054483254993249894 -0.10172425083336607 0.10369291046533977
leaf_weight=2491.3493595719337 489.92707297205925 2852.0019702613354 2825.8136643469334 6480.6099966466427 1293.5000188648701 2673.3193493187428 6102.7868171930313 470.40521645545959 182.11439746618271 437.79083558917046 1244.4259387850761 213.28423070907593 1621.047571182251 2566.4432979524136
leaf_count=862 180 4437 1293 8725 1259 4448 6633 448 241 752 882 221 1013 750
internal_value=0.000988656 -0.0171641 0.0182751 -0.0106324 -0.0137333 0.009912 0.00875996 0.0291147 -0.033089 -0.00318578 0.0250627 -0.0150269 -0.0347193 0.0343819
internal_weight=31944.8 15571.7 16373.1 11063.9 7774.11 9266.03 8776.11 7107.09 4507.8 3289.79 4070.24 395.399 4112.4 3036.85
internal_count=32144 17510 14634 15173 9984 11261 11081 3373 2337 5189 2175 462 1875 1198
is_linear=0
shrinkage=0.0773788


Tree=17
num_leaves=15
num_cat=0
split_feature=16 16 16 2 6 16 1 6 23 3 1 16 2 11
split_gain=1508.93 249.487 245.798 32.9485 32.8185 31.0164 30.8102 27.8761 20.0502 18.0551 13.1705 4.06905 3.80081 3.28173
threshold=28.670036906270251 30.922866933152921 25.035000000000004 0.66290292898506553 1.0068811655035541 31.803091963930516 0.72481290014920419 0.51424873335120436 24.545116305432593 7.7423560472980153 0.82193640680400659 23.585000000000004 0.80301379307352394 33.389718118145055
decision_type=2 2 2 2 2 2 2 2 2 2 2 2 2 2
left_child=2 4 8 7 6 10 -2 -4 11 -5 -3 -1 -10 -7
right_child=1 5 3 9 -6 13 -8 -9 12 -11 -12 -13 -14 -15
leaf_value=-0.19992914831596473 0.0080984396393408414 0.038954991101191931 -0.01301405443273753 -0.024387963784756491 0.12192088047811975 0.092614585220758147 0.021079338863014118 0.024380591039831014 -0.015060304064965552 -0.045472590705062342 0.043282359712269604 -0.094429215650906964 -0.060751176143601322 0.091840384119474733
leaf_weight=2488.4151659607887 6727.1279300451279 1876.2306266725063 5661.5594846010208 4030.5495409071445 262.83310329914093 581.63071742653847 2645.7923530340195 622.97384768724442 244.00467449426651 379.09980127215385 1543.7045203447342 1605.1431326270103 170.23258584737778 3105.5222530961037
leaf_count=859 8959 1283 8967 4399 83 560 2832 895 319 299 586 999 160 944
internal_value=0.000930952 0.0169644 -0.0167035 -0.0102578 0.00879075 0.0279828 0.00797414 -0.00655135 -0.0318897 -0.0154459 0.022281 -0.0336057 -0.0138884 0.03314
internal_weight=31944.8 16742.8 15202 10694.2 9635.75 7107.09 9372.92 6284.53 4507.8 4409.65 3419.94 4093.56 414.237 3687.15
internal_count=32144 15247 16897 14560 11874 3373 11791 9862 2337 4698 1869 1858 479 1504
is_linear=0
shrinkage=0.0773788


Tree=18
num_leaves=15
num_cat=0
split_feature=16 16 16 16 6 33 6 11 23 16 14 6 2 11
split_gain=1357.45 296.51 176.42 43.4131 34.6073 32.5906 35.9348 27.2656 16.7448 15.5064 14.5386 9.67089 3.09166 1.13817
threshold=29.195000000000004 25.925000000000004 31.310631397812546 23.825000000000003 1.0156171303062598 1.6855254325077733 0.51424873335120436 39.198040552118862 25.664241153493744 31.997185258587226 29.603424858697327 0.05288970207610983 0.43665123195606398 33.370428608371746
decision_type=2 2 2 2 2 2 2 2 2 2 2 2 2 2
left_child=1 3 4 12 7 10 -7 -2 -5 11 -3 -4 -1 -11
right_child=2 5 9 8 -6 6 -8 -9 -10 13 -12 -13 -14 -15
leaf_value=-0.13585237814803366 0.015206510130917981 -0.0033655078930924817 0.0065316882614142599 -0.069501319547324192 0.10492519411040388 -0.022430685530670669 0.002543837089445008 0.018287351625043285 -0.018323106295605771 0.097793667545228793 0.0065016544945928354 0.059953467009556484 -0.17949340960943685 0.08856277483329042
leaf_weight=170.39039903879166 7086.095828473568 3742.2816069126129 215.12886548042297 2865.8332732021809 372.1041247844696 5341.3321071565151 1496.0750345289707 1525.9348622262478 598.63415405154228 470.40521645545959 727.25865942239761 2200.2636162638664 2566.6386913657188 2566.4432979524136
leaf_count=100 8263 6166 68 2478 115 7457 1521 595 884 448 1247 1151 901 750
internal_value=0.000930593 -0.01354 0.0185045 -0.0271479 0.0117639 -0.00603664 -0.00939903 0.0106924 -0.0210702 0.0295264 -0.000807397 0.0242224 -0.0346622 0.0335844
internal_weight=31944.8 17508.4 14436.4 6201.5 8984.13 11306.9 6837.41 8612.03 3464.47 5452.24 4469.54 2415.39 2737.03 3036.85
internal_count=32144 20754 11390 4363 8973 16391 8978 8858 3362 2417 7413 1219 1001 1198
is_linear=0
shrinkage=0.0773788


Tree=19
num_leaves=16
num_cat=0
split_feature=20 28 28 2 6 28 31 7 36 37 33 42 9 28 56
split_gain=780.45 491.952 144.953 83.4918 79.8528 59.7003 51.016 45.1233 24.483 23.1138 23.0731 21.42 11.9438 8.13689 8.07144
threshold=21.806580289071601 0.90702519913666702 1.39942941499795 0.67586815153254209 0.5001494275055971 1.39942941499795 1.6253190372216826 4.5967343059224381 0.74704214698050098 27.505208333333336 2.6453352784538926 7.8128051453393024 1.8098490799043587 2.0947706706103291 5.1101516089120267
decision_type=2 2 2 2 2 2 2 2 2 2 2 2 2 2 2
left_child=2 4 7 5 6 -3 -2 9 -6 -1 -5 14 -9 -13 -4
right_child=1 3 11 10 8 -7 -8 12 -10 -11 -12 13 -14 -15 -16
leaf_value=-0.054298370567235812 -0.00089991391332523891 0.026418951939031793 -0.0066173269282102419 -0.011007903684215267 0.0037855621841104891 0.072364339358997679 -0.022097644036818444 -0.13496803976437849 0.077305438912678409 -0.0022680907957899035 0.042097277558476122 0.0062439970175760312 -0.045865605581493649 0.063312967493459368 -0.032258141055353157
leaf_weight=1655.1469527184963 5663.4791323542595 6374.6454401016235 751.2090257704258 810.73908063769341 1008.7259032130241 4115.1936776041985 4776.5624724328518 3675.9963648617268 914.89642319083214 430.69687929749489 746.83793818950653 313.49397832155228 178.52351087331772 289.92127358913422 238.75168415904045
leaf_count=1286 8317 5483 622 1186 1646 1958 6768 1732 871 397 917 250 137 405 169
internal_value=0.000935588 0.00766582 -0.0208154 0.0187952 -0.0031523 0.02128 -0.00584514 -0.0263706 0.0112538 -0.0167647 0.00181522 0 -0.0314496 0.0113543 -0.00708375
internal_weight=31944.8 24411.1 7533.74 12047.4 12363.7 10489.8 10440 5940.36 1923.62 2085.84 1557.58 1593.38 3854.52 603.415 989.961
internal_count=32144 27146 4998 9544 17602 7441 15085 3552 2517 1683 2103 1446 1869 655 791
is_linear=0
shrinkage=0.0773788


Tree=20
num_leaves=15
num_cat=0
split_feature=16 16 16 16 6 2 6 3 1 2 16 6 15 2
split_gain=1130.93 264.582 174.65 51.4734 32.7288 28.8385 24.1178 23.5948 23.4078 21.3479 15.2572 6.90774 4.38285 1.72672
threshold=29.195000000000004 25.995000000000001 31.270265821511256 22.965000000000003 1.0156171303062598 0.66290292898506553 0.51424873335120436 7.9750000000000005 0.72481290014920419 0.43665123195606398 31.997185258587226 0.05288970207610983 28.601357437729281 0.84750952922804634
decision_type=2 2 2 2 2 2 2 2 2 2 2 2 2 2
left_child=1 3 4 13 8 6 -3 -7 -2 -5 11 -4 -12 -1
right_child=2 5 10 9 -6 7 -8 -9 -10 -11 12 -13 -14 -15
leaf_value=-0.13645763924156273 0.010039320579278858 -0.0053236462254239291 0.012900939510156802 -0.02537852934094386 0.093311811457778795 -0.012371679420435195 0.017631542457666596 -0.044139515081668024 0.016455294304111402 -0.06374417951988455 0.067254473453826777 0.051739905666973514 0.081915803880247759 -0.19089386206134262
leaf_weight=230.55006867647171 5391.2508781552315 6122.1235016286373 260.67727220058441 1056.0467303693295 356.59644997119904 3554.2028153240681 1133.0386007130146 330.96192261576653 3029.746789008379 3447.4063205122948 567.02674376964569 2331.5231984853745 2475.6184006929398 1663.8117476701736
leaf_count=99 6136 10212 79 1313 109 3982 1755 252 2543 2701 428 1226 771 465
internal_value=0.00105903 -0.0121246 0.0171259 -0.0246745 0.0102271 -0.00487767 -0.00193229 -0.0102759 0.00918356 -0.0199515 0.0277916 0.0228172 0.0318712 -0.0356391
internal_weight=31950.6 17538.1 14412.4 6397.81 8777.59 11140.3 7255.16 3885.16 8421 4503.45 5634.85 2592.2 3042.65 1894.36
internal_count=32071 20779 11292 4578 8788 16201 11967 4234 8679 4014 2504 1305 1199 564
is_linear=0
shrinkage=0.0773788


Tree=21
num_leaves=16
num_cat=0
split_feature=12 12 28 12 7 23 0 32 28 12 8 13 2 57 52
split_gain=981.325 210.379 190.328 52.5199 37.3019 36.1357 32.9432 31.0129 27.5983 24.9648 22.7177 12.073 10.8701 7.56457 6.88124
threshold=33.571458453342728 26.395937862711357 1.0825249034587598 39.324557170008937 2.0900000000000021 24.04070729829775 0.86567724092360143 38.878543573550402 1.7623415307154562 30.481151940848502 4.0832838713613251 24.993143059701179 0.68209936438020558 3.3301761996125681 205.84833333333304
decision_type=2 2 2 2 2 2 2 2 2 2 2 2 2 2 2
left_child=1 5 4 10 7 11 -6 -2 9 -3 -4 -1 -7 -10 -5
right_child=2 8 3 14 6 12 -8 -9 13 -11 -12 -13 -14 -15 -16
leaf_value=-0.008792885339572027 -0.00056667171390565609 -0.020754208135918696 0.01495402409180843 0.063283134542847883 0.045846121410619244 -0.0040915389944516638 -0.010625299383538187 0.0095144152624585272 0.020550687806531569 -0.0053372466326365919 0.059944624236947831 -0.11995027419292718 -0.042204927595742278 -0.0087288549309949091 0.016131105037517884
leaf_weight=125.70886635780334 4667.9308920204639 5068.6141577959061 1707.1280737519264 3411.1815937459469 1813.0299357175827 452.22977289557457 417.33395481109619 1230.4035789370537 581.81195437908173 4641.049319177866 2827.747598618269 4028.0056089162827 465.03638410568237 162.24018695950508 351.12956160306931
leaf_count=96 7263 5827 1796 1005 1689 585 591 438 639 7273 2372 1805 435 151 106
internal_value=0.00109885 -0.0128359 0.0142912 0.0225481 0.00581074 -0.0257869 0.01436 0.00250805 -0.00651057 -0.00763041 0.0167238 -0.0289156 -0.011154 0.00757582 0.0294441
internal_weight=31950.6 15524.7 16425.9 8297.19 8128.7 5070.98 2230.36 5898.33 10453.7 9709.66 4534.88 4153.71 917.266 744.052 3762.31
internal_count=32071 16811 15260 5279 9981 2921 2280 7701 13890 13100 4168 1901 1020 790 1111
is_linear=0
shrinkage=0.0773788


Tree=22
num_leaves=14
num_cat=0
split_feature=16 16 16 16 6 1 16 2 2 44 51 30 2
split_gain=922.399 234.008 154.444 53.1678 42.7392 26.0809 25.5796 17.3278 17.0396 15.4164 9.79802 8.26781 3.32184
threshold=29.275000000000002 24.555000000000003 31.510732481193024 27.075000000000003 1.0156171303062598 0.82193640680400659 22.825000000000003 -0.63212869199765132 0.66290292898506553 3.1962330625086524 0.51233455969947617 2.9448337684424906 0.85651926849515192
decision_type=2 2 2 2 2 2 2 2 2 2 2 2 2
left_child=1 6 4 7 5 -2 12 -3 -5 -4 -11 -8 -1
right_child=2 3 9 8 -6 -7 11 -9 -10 10 -12 -13 -14
leaf_value=-0.12050466648627874 0.0095729420943541747 0.00062273153147246658 0.011488840298867256 0.00031239242206053798 0.076785576024090474 0.015904924025165804 -0.07197298228699138 -0.02968545561443859 -0.0096005981566708292 0.060286507692347113 0.061465439960751003 -0.015993941384642951 -0.1713848504802381
leaf_weight=218.98755127191544 6014.2862128615379 616.63928955793381 166.67790788412094 5973.3966287970543 479.80204474925995 2868.705143392086 1889.071854352951 4711.8059546947479 2778.4034753143787 2888.0291541218758 1641.2539578378201 187.43310844898224 1516.0891565084457
leaf_count=89 6462 960 48 10203 145 2115 1013 5431 3085 953 1014 145 408
internal_value=0.00121741 -0.0104236 0.0160568 -0.00578244 0.010243 0.00896103 -0.0274466 -0.0118872 -0.00201997 0.0275505 0.0284105 -0.0211076 -0.0347515
internal_weight=31950.6 17891.8 14058.8 14080.2 9362.79 8882.99 3811.58 5328.45 8751.8 4695.96 4529.28 2076.5 1735.08
internal_count=32071 21334 10737 19679 8722 8577 1655 6391 13288 2015 1967 1158 497
is_linear=0
shrinkage=0.0773788


Tree=23
num_leaves=15
num_cat=0
split_feature=16 16 16 16 7 2 16 12 9 2 13 44 41 2
split_gain=820.758 222.698 145.337 47.2869 38.8821 31.4791 28.2268 26.0152 17.4978 14.2023 10.1871 8.47753 7.12732 3.20582
threshold=29.342053315580625 24.555000000000003 31.750117015389879 27.075000000000003 2.2850000000000006 -0.69594250340733355 22.825000000000003 35.15103373531975 -3.6867029784485807 0.66290292898506553 29.329095140084107 3.3427931885715485 82.40940946228497 0.85651926849515192
decision_type=2 2 2 2 2 2 2 2 2 2 2 2 2 2
left_child=1 6 4 8 5 -2 13 -6 -3 -5 -8 -4 -13 -1
right_child=2 3 11 9 7 -7 10 -9 -10 -11 -12 12 -14 -15
leaf_value=-0.11118015757282913 -0.0011714623369200314 -0.080005533648010704 0.001247008124978603 0.00042256810053702072 0.0082337374046748159 0.010133419982961297 -0.034682493088884346 0.046703159941440267 -0.018335632976653065 -0.0083277744694042356 -0.073041443476909093 0.06289800104032689 0.044683519970489027 -0.15812329296109301
leaf_weight=218.98755127191544 2190.8602970838547 623.27175769209862 121.04692304134369 6199.0256129205227 792.22326773405075 3465.530600041151 605.65895146131516 3491.5758832991123 4705.1734865605831 2817.584158718586 1470.8460113406181 3479.7538229227066 252.95395919680595 1516.0891565084457
leaf_count=89 1921 648 31 10568 1131 3073 377 2597 5743 3151 781 1438 115 408
internal_value=0.00114065 -0.00965591 0.0153768 -0.00520309 0.0103653 0.00604223 -0.0262937 0.0159768 -0.0109922 -0.00173796 -0.0197017 0.0281825 0.0288619 -0.0339043
internal_weight=31950.6 18156.6 13793.9 14345.1 9940.19 5656.39 3811.58 4283.8 5328.45 9016.61 2076.5 3853.75 3732.71 1735.08
internal_count=32071 21765 10306 20110 8722 4994 1655 3728 6391 13719 1158 1584 1553 497
is_linear=0
shrinkage=0.0773788


Tree=24
num_leaves=14
num_cat=0
split_feature=16 16 16 16 6 16 57 15 2 16 2 40 41
split_gain=744.218 203.402 144.397 40.011 39.4721 29.7637 28.7732 16.3802 14.4062 13.8588 10.7699 10.7062 7.208
threshold=29.275000000000002 24.555000000000003 31.530651829776215 26.515000000000004 1.0156171303062598 22.445000000000004 3.3206723070018827 26.323941453000597 -0.50528627173416452 32.073642035650344 0.85651926849515192 1.117139203498495 82.379166666666677
decision_type=2 2 2 2 2 2 2 2 2 2 2 2 2
left_child=1 5 4 8 6 -1 -2 -5 -3 11 -7 -4 -11
right_child=2 3 9 7 -6 10 -8 -9 -10 12 -12 -13 -14
leaf_value=-0.15301797772597817 0.030484376011168369 0.0042350430529029216 0.028715088712492141 -0.014940664552590684 0.06501512152176904 -0.028764003093796484 0.00433879969701308 -0.00095004757852332916 -0.032159569991662966 0.064689789196508668 -0.068803435462837848 0.041226087876535242 0.039539915760072514
leaf_weight=1390.5605891346931 3686.1047996878624 416.63308650255203 337.87861022353172 2123.2551209926605 487.3732031583786 671.3469346165657 5254.4082485437393 8174.6040427088737 3365.7530981600285 2627.3637570738792 1749.6741468310356 1520.6363874077797 144.98941475152969
leaf_count=372 3841 649 162 2349 148 434 4768 12847 3834 1024 849 732 62
internal_value=0.00120281 -0.00925222 0.014533 -0.00492378 0.00897051 -0.0251224 0.00773747 -0.00237729 -0.0117499 0.0257598 -0.0195221 0.0198605 0.029546
internal_weight=31950.6 17891.8 14058.8 14080.2 9427.89 3811.58 8940.51 10297.9 3782.39 4630.87 2421.02 1858.51 2772.35
internal_count=32071 21334 10737 19679 8757 1655 8609 15196 4483 1980 1283 894 1086
is_linear=0
shrinkage=0.0773788


Tree=25
num_leaves=15
num_cat=0
split_feature=16 16 16 45 6 16 9 2 7 44 13 33 51 33
split_gain=662.017 183.021 159.706 42.6891 38.1324 27.9739 27.6243 24.3344 17.1018 13.8821 12.4735 10.3006 8.92681 0.171185
threshold=28.735000000000003 31.491600228382271 24.505000000000006 1.0000000180025095e-35 0.013647632889344093 22.445000000000004 -2.5375844638937433 0.66290292898506553 1.4816381274848986 3.3427931885715485 29.329095140084107 1.7675211677343869 0.50514137756786626 3.3004552471611981
decision_type=2 2 2 2 2 2 2 2 2 2 2 2 2 2
left_child=2 3 5 8 -5 13 11 -8 -2 -3 -7 -4 -11 -1
right_child=1 9 6 4 -6 10 7 -9 -10 12 -12 -13 -14 -15
leaf_value=-0.15711325745393043 0.016139403125531634 0.0091325721151849313 -0.0018948140779446571 -0.00077768416827653556 0.015494320555715218 -0.031964509277328544 -0.0017062142285824498 -0.014210694908851254 0.061835453074390485 0.049639820851263207 -0.073709571368666724 -0.045014226375319308 0.0458342342219972 -0.087157708417642615
leaf_weight=1039.2431133985519 325.71206736564636 230.28185129165649 273.10167300701141 3753.0449745059013 7103.8099223971367 714.09995913505554 5667.7564464509487 4302.6272637546062 512.5904580950737 2907.254290997982 1634.2160910367966 1532.6089704334736 1701.9368645250797 294.27364355325699
leaf_count=248 114 61 368 4273 8137 414 9119 4519 161 957 797 1721 1051 110
internal_value=0.00094406 0.0117154 -0.0105541 0.00643172 0.00508423 -0.0246439 -0.00611047 -0.00445938 0.023334 0.0243917 -0.0191334 -0.0149932 0.0253363 -0.0339815
internal_weight=31992.6 16534.6 15457.9 11695.2 10856.9 3681.83 11776.1 9970.38 838.303 4839.47 2348.32 1805.71 4609.19 1333.52
internal_count=32050 14754 17296 12685 12410 1569 15727 13638 275 2069 1211 2089 2008 358
is_linear=0
shrinkage=0.0773788


Tree=26
num_leaves=15
num_cat=0
split_feature=16 16 16 7 23 16 0 9 7 44 9 30 10 12
split_gain=581.859 176.886 128.147 37.9586 33.456 31.4719 23.9485 21.9915 19.1612 14.2205 13.9744 13.0991 11.2382 8.51069
threshold=29.373929765040454 24.505000000000006 31.491600228382271 2.2400000000000007 22.600533714218713 26.435000000000006 0.86567724092360143 1.7234794744325124 6.6400000000000032 3.3427931885715485 -2.1031376480061463 2.413495276529424 35.283984746738007 40.836909764942995
decision_type=2 2 2 2 2 2 2 2 2 2 2 2 2 2
left_child=1 4 3 7 8 12 -5 -2 -1 -4 -7 -6 -3 -11
right_child=2 5 9 6 11 10 -8 -9 -10 13 -12 -13 -14 -15
leaf_value=-0.073748267135394563 -0.0074036062757663777 -0.032565496270445707 0.0084259044601156848 0.037758322282759146 -0.034783464837147691 -0.018886922316508965 -0.0094504728187875236 0.0050423559457336044 -0.13022847902250412 0.041911259857176385 -0.0012155187677336755 0.024228028618188319 -0.0031123363233117587 0.050296846959572053
leaf_weight=983.81876134872437 930.68097630143166 2912.4595821201801 230.28185129165649 3349.4873570501804 1080.8408935070038 1447.1915869414806 359.44551885128021 4252.4826262295246 1452.316038608551 3114.8401440680027 9490.2790908515453 164.85711365938187 729.22503766417503 1494.3510114550591
leaf_count=431 1062 3202 61 2931 613 1822 458 3612 390 1655 14258 135 1067 353
internal_value=0.000882746 -0.00815336 0.0129247 0.00734387 -0.02332 -0.00429235 0.0133446 0.00297209 -0.0287146 0.023088 -0.0021739 -0.0124153 -0.0105448 0.0240378
internal_weight=31992.6 18261 13731.6 8892.1 3681.83 14579.2 3708.93 5183.16 2436.13 4839.47 10937.5 1245.7 3641.68 4609.19
internal_count=32050 21918 10132 8063 1569 20349 3389 4674 821 2069 16080 748 4269 2008
is_linear=0
shrinkage=0.0773788


Tree=27
num_leaves=15
num_cat=0
split_feature=16 16 16 7 16 45 23 41 2 56 2 53 43 7
split_gain=505.752 157.123 118.979 43.3335 41.1961 28.8946 26.0531 25.4343 18.2205 13.1182 7.65429 7.50985 8.87864 5.92274
threshold=29.342053315580625 23.465000000000003 31.909518296690141 2.2850000000000006 26.435000000000006 1.0000000180025095e-35 22.224715396409064 79.90245314980605 0.82349914170831806 9.3550000000000022 0.93382030193958954 1003.5823650094155 80.820893573396845 6.2230412333623644
decision_type=2 2 2 2 2 2 2 2 2 2 2 2 2 2
left_child=1 6 3 7 8 -5 13 -2 -3 -6 -8 -4 -13 -1
right_child=2 4 11 5 9 -7 10 -9 -10 -11 -12 12 -14 -15
leaf_value=-0.081157902492901515 0.0062315866415671344 -0.013708706370855054 -0.0001007586670089204 0.063534882313181384 -0.0021109622603172847 0.027597416676596914 -0.00053619551099101073 -0.0055153754516232773 -0.045517369677546014 -0.033438025456320984 -0.044369880901913086 0.050375936932984845 0.040554405990414599 -0.13229218605628329
leaf_weight=474.9220165014267 4317.109886020422 2574.9996824860573 121.71507942676544 510.5664079785347 10631.866139560938 4130.2203633189201 202.10801643133163 1540.6748776137829 2373.2690726518631 163.95206299424171 457.46866762638092 2610.7592416107655 642.17610451579094 1240.7499712109566
leaf_count=170 3459 3154 30 153 15702 3787 127 1604 1880 160 201 1085 232 306
internal_value=0.000917801 -0.00758219 0.0120445 0.00792451 -0.00475144 0.0135334 -0.0261493 0.00341203 -0.0106123 -0.00202818 -0.0120437 0.0247271 0.0254537 -0.031316
internal_weight=31992.6 18119.3 13873.2 10498.6 15744.1 4640.79 2375.25 5857.78 4948.27 10795.8 659.577 3374.65 3252.94 1715.67
internal_count=32050 21700 10350 9003 20896 3940 804 5063 5034 15862 328 1347 1317 476
is_linear=0
shrinkage=0.0773788


Tree=28
num_leaves=16
num_cat=0
split_feature=16 16 16 51 6 33 2 46 31 3 31 43 16 30 57
split_gain=442.888 132.321 128.952 36.0624 33.4358 32.0225 25.0553 19.7581 18.3802 25.6744 11.6335 10.5906 8.87221 7.63083 7.61165
threshold=28.735000000000003 31.491600228382271 23.465000000000003 0.10797943273494783 0.0012200792269447566 1.6692136572432399 0.82349914170831806 19.629060065130769 0.81032777371085463 4.8728432822804164 1.279256495762606 80.739583333333357 21.975000000000005 1.0673499038739458 5.1819366404433662
decision_type=2 2 2 2 2 2 2 2 2 2 2 2 2 2 2
left_child=2 3 7 14 -5 10 -7 12 9 -3 -4 -10 -1 -9 -2
right_child=1 8 5 4 -6 6 -8 13 11 -11 -12 -13 -14 -15 -16
leaf_value=-0.12650226021181013 0.036698224750717719 -0.0071664170227458517 -0.0010837179121837661 -0.0013704483965334131 0.013238767410228868 -0.010499147300774466 -0.027820897920031132 -0.058730858401465531 0.050429870715820856 0.023429035393859956 0.01232524529786787 0.035936415109124015 -0.084881298369451699 0.0022734801627501307 0.010214667584305295
leaf_weight=912.99937134981155 579.00638842582703 356.39298588037491 2768.3119299411774 3802.7770598530769 7168.516652315855 6034.8377618193626 3723.8123283982277 154.46566486358643 2779.5459463298321 654.35554653406143 555.71646884083748 1049.1785280704498 1093.1345155239105 214.64912003278732 144.8573217689991
leaf_count=220 228 153 4405 4271 8136 8279 3077 70 1337 161 731 418 385 129 50
internal_value=0.000850915 0.00966286 -0.00855134 0.00516464 0.00401537 -0.00549985 -0.0077376 -0.0251647 0.0204437 0.0104156 0.000961874 0.0229812 -0.0282605 -0.00723067 0.021955
internal_weight=31992.6 16534.6 15457.9 11695.2 10971.3 13082.7 9758.65 2375.25 4839.47 1010.75 3324.03 3828.72 2006.13 369.115 723.864
internal_count=32050 14754 17296 12685 12407 16492 11356 804 2069 314 5136 1755 605 199 278
is_linear=0
shrinkage=0.0773788


Tree=29
num_leaves=14
num_cat=0
split_feature=16 16 16 16 7 45 41 13 3 43 23 3 7
split_gain=384.111 141.705 94.4521 43.4254 40.8769 31.218 23.9521 20.1425 13.362 12.1291 10.9872 9.77614 3.35275
threshold=29.342053315580625 22.825000000000003 31.909518296690141 26.435000000000006 2.6300000000000012 0.011621342424615577 79.90245314980605 28.794701352971661 5.8225808232976171 81.652083333333351 22.457803121907606 9.3650000000000002 6.3100000000000014
decision_type=2 2 2 2 2 2 2 2 2 2 2 2 2
left_child=1 10 4 7 6 -6 -2 -3 9 -4 12 -5 -1
right_child=2 3 8 11 5 -7 -8 -9 -10 -11 -12 -13 -14
leaf_value=-0.081800138892980656 0.005580371839849294 -0.0025875479930949023 0.046847669668339371 -0.0017424318056926385 0.063653333920031599 0.024989303255063065 -0.0053468090842036797 -0.031879299310932578 -0.0020395842606478602 0.031450288597642123 -0.021133148349918605 -0.033413272521096805 -0.11373970596517399
leaf_weight=326.52158403396606 4592.2963927090168 1133.86255890131 2741.6227834522724 10633.345995038748 534.0010966360569 3734.94063565135 1637.333409935236 4509.9948417544365 187.33535408973694 445.69228801131248 234.60633552074432 162.47220751643181 1118.5321066975594
leaf_count=108 3682 1036 1124 15704 180 3410 1731 4319 56 167 106 158 269
internal_value=0.000776828 -0.00662922 0.0104749 -0.00441176 0.00679926 0.0126519 0.00272416 -0.00992094 0.0217784 0.022961 -0.0280486 -0.0014951 -0.0307168
internal_weight=31992.6 18119.3 13873.2 16439.7 10498.6 4268.94 6229.63 5643.86 3374.65 3187.32 1679.66 10795.8 1445.05
internal_count=32050 21700 10350 21217 9003 3590 5413 5355 1347 1291 483 15862 377
is_linear=0
shrinkage=0.0773788


Tree=30
num_leaves=14
num_cat=0
split_feature=16 16 16 57 33 10 43 5 33 43 33 16 45
split_gain=321.798 109.904 107.905 45.775 31.132 27.8614 27.2965 24.8855 9.40645 11.6991 7.4847 5.2299 1.36428
threshold=28.670036906270251 22.445000000000004 32.188630671921267 3.3426214641383485 1.9366113859284366 38.999149974537808 76.318646034120519 -0.5378920563229509 0.74368701477184329 81.543750000000017 0.91815961980871652 21.735000000000003 0.18161852187409736
decision_type=2 2 2 2 2 2 2 2 2 2 2 2 2
left_child=1 11 3 6 10 -5 -2 -6 -4 -10 -3 -1 -13
right_child=2 4 8 5 7 -7 -8 -9 9 -11 -12 12 -14
leaf_value=-0.11536599902926795 0.0018130939497968098 -0.0058938664222525977 0.0058857076644749694 -0.0017114293391648288 -0.028129155636777998 0.0062422767697274941 0.026848379390001613 -0.0099541779851783519 0.051036670837766973 0.023520482529470671 0.0032663350688417157 -0.11817211309748221 -0.042620908583592222
leaf_weight=772.36497801542282 1431.0252380371094 1079.4442532360554 198.03306525945663 5569.1530902385712 4294.12317314744 2316.9110984802246 5056.7176371514797 5760.3746509552002 1942.1106375157833 276.10677933692932 2705.9662091434002 245.93920719623566 356.0853773355484
leaf_count=181 1904 1869 47 7029 4224 829 4556 6777 787 102 3630 65 124
internal_value=0.000675847 -0.00746158 0.00807127 0.00549084 -0.00535175 0.00147453 0.0103124 -0.00760533 0.0232337 0.0247256 0.000539828 -0.0283588 -0.0208491
internal_weight=32004.4 15214.3 16790.1 14373.8 13839.9 7886.06 6487.74 10054.5 2416.25 2218.22 3785.41 1374.39 602.025
internal_count=32124 16870 15254 14318 16500 7858 6460 11001 936 889 5499 370 189
is_linear=0
shrinkage=0.0773788


Tree=31
num_leaves=16
num_cat=0
split_feature=12 16 7 5 6 23 52 15 10 52 18 10 48 2 8
split_gain=281.098 115.477 86.5446 31.2087 31.2609 30.2404 28.8057 34.9081 26.6264 28.2703 23.8175 18.3635 13.7034 12.5421 8.76465
threshold=34.920922213147257 23.585000000000004 2.5823691955839378 -0.5 0.47174635372517287 22.224715396409064 44.003333333333281 28.663056004592356 38.65324903551646 153.04166666666637 85.70274121771898 36.279605408258782 26.138824125074859 0.93382030193958954 6.6130247458573539
decision_type=2 2 2 2 2 2 2 2 2 2 2 2 2 2 2
left_child=1 5 8 11 -5 14 7 -4 12 -10 -8 -3 -2 -7 -1
right_child=2 3 6 4 -6 13 10 -9 9 -11 -12 -13 -14 -15 -16
leaf_value=-0.040954510976757806 0.0016344807856268359 -0.016219186402781308 0.034552946398710198 -0.005373095210680405 0.013818433271854618 0.010152333407426802 0.017087610842756791 0.05743566428389979 0.014272751464070707 0.00038492885649884021 -0.0050077631410021424 0.0040558904710813939 -0.0081170292478309758 -0.033330238619378859 -0.095619492766469152
leaf_weight=255.88797879219055 3772.0063317716122 5154.7003583312035 2346.4415748715401 7018.2373568415642 2538.9954239726067 232.47107261419296 997.30696725845337 2327.2941458821297 1659.0642071068287 1373.4151565432549 662.01498737931252 777.30572843551636 831.90023773908615 506.30140447616577 1551.0124630331993
leaf_count=100 4952 6229 1869 9632 3394 152 561 888 521 581 549 1245 816 229 406
internal_value=0.000576136 -0.00579345 0.00882473 -0.00325263 -0.000474661 -0.0210783 0.0155248 0.0186759 0.00321486 0.00884497 0.00640465 -0.00766333 -0.00041944 -0.00714537 -0.0265429
internal_weight=32004.4 18034.9 13969.4 15489.2 9557.23 2545.67 6333.06 4673.74 7636.39 3032.48 1659.32 5932.01 4603.91 738.772 1806.9
internal_count=32124 21387 10737 20500 13026 887 3867 2757 6870 1102 1110 7474 5768 381 506
is_linear=0
shrinkage=0.0773788


Tree=32
num_leaves=15
num_cat=0
split_feature=12 16 7 52 15 31 50 16 21 16 27 1 52 22
split_gain=251.597 110.169 80.1656 27.4491 29.6227 28.664 26.2929 23.1329 20.1465 19.5809 15.8059 15.4606 14.8618 13.0631
threshold=35.130626007509498 23.705000000000002 2.6032984139953599 44.003333333333281 28.703623894288665 2.4240181674649612 26.532129703862697 26.435000000000006 27.015808433373667 21.735000000000003 22.127603704380757 0.52293650109448864 22.858333333333071 17.424785254795811
decision_type=2 2 2 2 2 2 2 2 2 2 2 2 2 2
left_child=1 9 6 4 -4 -5 12 10 -8 -1 -3 -11 -2 -9
right_child=2 7 3 5 -6 -7 8 13 -10 11 -12 -13 -14 -15
leaf_value=-0.099040190608546672 0.0056454352983896601 0.0062246686608520519 0.032277442485968887 0.020163795358679772 0.053897004189395054 -0.0098402990912633895 0.014859804578792829 0.022813978504452281 -0.0034532851884085682 -0.054818044596945024 -0.022977792448752123 0.0058600982617486724 -0.002495097526764507 -0.0019855158352369753
leaf_weight=772.36497801542282 2845.0533842146397 738.20022115111351 2312.6121674478054 922.30867719650269 2259.9402552843094 688.87722796201706 1168.6224024295807 394.82648062705994 385.86592102050781 1705.9969310164452 3989.1382159292698 184.77114534378052 2997.5832973718643 10638.194090038538
leaf_count=181 2900 680 1789 530 844 521 376 359 122 667 4256 101 2972 15826
internal_value=0.000596183 -0.00528156 0.00859573 0.0151102 0.018211 0.00605932 0.00309496 -0.00279241 0.0120376 -0.0198471 -0.00732851 -0.0151558 0.000646207 -0.000813704
internal_weight=32004.4 18423.5 13580.9 6183.74 4572.55 1611.19 7397.13 15760.4 1554.49 2663.13 4727.34 1890.77 5842.64 11033
internal_count=32124 22070 10054 3684 2633 1051 6370 21121 498 949 4936 768 5872 16185
is_linear=0
shrinkage=0.0773788


Tree=33
num_leaves=16
num_cat=0
split_feature=6 46 3 0 37 16 51 23 27 31 4 37 38 51 23
split_gain=222.847 123.824 56.9231 49.2212 48.0436 32.1232 30.98 24.5347 23.6951 20.0816 19.433 18.8024 10.0496 9.13789 3.18146
threshold=0.51424873335120436 19.925819046587254 3.5904187462664852 -0.46373381436108829 30.920862540085221 22.235000000000003 0.1469074421764561 27.815327076604625 22.717106206431222 1.3763957134129259 1011.1015497900042 29.358125000000005 1.0076313852100627 0.21650763766063821 21.248663886333308
decision_type=2 2 2 2 2 2 2 2 2 2 2 2 2 2 2
left_child=1 5 3 11 10 14 12 -8 -7 -5 -4 -2 -3 -6 -1
right_child=2 6 4 9 13 8 7 -9 -10 -11 -12 -13 -14 -15 -16
leaf_value=-0.11082280657061053 0.0042828473218357449 0.005843603859282104 0.0011862972808642453 0.012212669351973942 0.0047824250628343591 -0.012690293914084218 -0.003264501783403873 0.0073551800008775777 -0.065023979743764976 0.050437962060256691 -0.045777986468132144 0.017138977754674205 0.035605406455719392 0.02766864400276401 -0.04458178328170323
leaf_weight=709.24503827095032 2129.511432081461 569.89412695169449 2965.1478385031223 570.8554165661335 238.76098495721817 2053.7336132824421 14738.472707152367 698.56918627023697 1189.0576521158218 3776.2193790376186 519.60574665665627 611.25386148691177 246.67750558257103 572.4593071937561 414.89159893989563
leaf_count=153 2228 415 3294 787 58 1380 19389 282 626 2437 450 290 78 132 125
internal_value=0.000628635 -0.00415651 0.00932663 0.0135947 0.00219357 -0.0157235 -0.00102298 -0.00182224 -0.0115912 0.0187454 -0.00166532 0.00527577 0.0135726 0.0191365 -0.0272301
internal_weight=32004.4 20620.5 11383.8 7087.84 4295.97 4366.93 16253.6 15437 3242.79 4347.07 3484.75 2740.77 816.572 811.22 1124.14
internal_count=32124 22448 9676 5742 3934 2284 20164 19671 2006 3224 3744 2518 493 190 278
is_linear=0
shrinkage=0.0773788


Tree=34
num_leaves=15
num_cat=0
split_feature=12 16 16 6 23 33 27 33 23 21 33 7 8 7
split_gain=194.206 75.0565 72.9388 44.6252 30.7956 23.0515 24.1084 22.9545 22.1623 15.6317 15.3201 9.93616 8.68877 8.23353
threshold=33.609308421102682 32.304745564642523 23.585000000000004 0.27187385419850907 21.956059213713633 1.6692136572432399 20.536822780926368 2.4593019100149802 27.815327076604625 18.289197660827316 0.77095388471753412 6.1976010560396366 7.3617584565709473 3.3899999999999992
decision_type=2 2 2 2 2 2 2 2 2 2 2 2 2 2
left_child=2 3 4 8 11 13 -7 -5 -2 -6 -3 -1 -12 -4
right_child=1 10 5 7 9 6 -8 -9 -10 -11 12 -13 -14 -15
leaf_value=-0.048676931117791339 -0.0023301693013416743 -0.0040425298982520678 0.0016121698708768434 0.0049700217205586117 0.013751423421096252 0.0072131448291003495 -0.013527181541215056 0.026768773681770584 0.0065877487149233142 -0.039505879296192467 0.036592491909984315 -0.081878304176470393 0.034933689467191636 0.030027710937682223
leaf_weight=451.22509950399399 5014.9389833807945 161.39143443107605 2644.71187967062 4122.1935382187366 235.15670204162598 1019.2519346773624 9153.3278574943542 4413.1649393737316 766.08120441436768 657.74759125709534 1639.4153973758221 1201.5435261130333 306.04539921879768 218.15990787744522
leaf_count=161 6398 40 3985 4459 115 902 10939 3308 263 319 472 292 279 192
internal_value=0.000635848 0.00651629 -0.00553914 0.00447347 -0.0175396 -0.00316257 -0.00490175 0.00803105 -0.000718279 -0.00538943 0.0201871 -0.0238525 0.0220966 0.00288831
internal_weight=32004.4 16423.2 15581.1 14316.4 2545.67 13035.5 10172.6 8535.36 5781.02 892.904 2106.85 1652.77 1945.46 2862.87
internal_count=32124 15219 16905 14428 887 16018 11841 7767 6661 434 791 453 751 4177
is_linear=0
shrinkage=0.0773788


Tree=35
num_leaves=15
num_cat=0
split_feature=16 16 2 6 5 9 8 51 52 33 5 18 1 48
split_gain=185.027 88.2761 53.2855 46.6157 33.3388 27.3576 23.0926 20.517 16.3856 11.6601 10.8109 10.4747 9.59301 7.17576
threshold=27.075000000000003 32.223958702344824 0.87377473702374975 0.27187385419850907 -0.25855724858188694 -3.1500777105003208 5.1800000000000024 0.1427681539784017 287.84083333333314 0.74857045082703644 -0.50025330813415425 91.711218481045861 -0.78839372097872551 18.700922822029241
decision_type=2 2 2 2 2 2 2 2 2 2 2 2 2 2
left_child=2 3 5 7 -5 10 13 -2 -8 -3 -1 -11 -7 -4
right_child=1 9 6 4 -6 12 8 -9 -10 11 -12 -13 -14 -15
leaf_value=-0.067971827480544214 0.0098736461830808923 -0.0012408940926146173 0.042533508660629625 0.00099633886058096374 0.019966304049054012 -0.011584180770642303 -0.02003166724951368 -0.0019399962436984709 -0.060223068678836984 0.036523724797760726 -0.019381056730683258 0.0034457607157301591 0.0053398210973291688 -0.013096348598814681
leaf_weight=480.5225505232811 611.97309145331383 195.30676966905594 75.652978956699371 4240.0271067321301 6261.0595969259739 1069.6202125251293 1011.9304482936859 9387.4230329990387 2677.4435036182404 2034.906731903553 592.00401988625526 156.13889649510384 2527.0364716351032 692.69096696376801
leaf_count=361 367 47 63 4382 6037 1465 779 12330 1102 768 606 107 3005 608
internal_value=0.000621004 0.00434639 -0.00867861 0.00268404 0.00628863 -0.00280058 -0.0147451 -0.00106611 -0.017299 0.0184439 -0.0136293 0.020056 0.000340099 -0.00198261
internal_weight=32013.7 22886.8 9126.9 20500.5 10501.1 4669.18 4457.72 9999.4 3689.37 2386.35 1072.53 2191.05 3596.66 768.344
internal_count=32027 24038 7989 23116 10419 5437 2552 12697 1881 922 967 875 4470 671
is_linear=0
shrinkage=0.0773788


Tree=36
num_leaves=15
num_cat=0
split_feature=16 16 23 45 6 36 27 21 2 32 35 27 52 20
split_gain=157.627 67.642 52.4022 43.4936 33.7788 32.2057 31.7393 19.0608 18.0647 22.6546 16.4589 12.8348 9.75023 8.94728
threshold=27.075000000000003 32.188630671921267 22.503874200578082 1.0000000180025095e-35 0.27187385419850907 2.4092547256457402 22.680852568725829 25.892574741306486 0.91586428826728705 28.970062385637309 3.0601366945796546 22.798922158099703 141.86166666666642 25.171684808164525
decision_type=2 2 2 2 2 2 2 2 2 2 2 2 2 2
left_child=2 3 5 7 -5 6 -1 -2 9 -4 -7 -10 13 -3
right_child=1 12 8 4 -6 10 -8 -9 11 -11 -12 -13 -14 -15
leaf_value=-0.0060090392408694441 0.041172721274165526 0.053330750514328625 0.021395622547874287 -0.0016317398848680459 0.0091364791224179433 -0.071501440107108863 -0.11829796906085731 0.0030768055209857256 0.0069468447939816172 -0.0071293925371015924 -0.025056328076113923 -0.03885160531061331 -0.004205277698422152 0.019549722650838514
leaf_weight=1541.4010791182518 633.22384923696518 833.19359791278839 849.61609870195389 9455.1799615323544 9673.6916071176529 1271.2705610394478 569.2298264503479 653.28492909669876 320.8947531580925 3149.9817011654377 234.45921039581299 1190.047922372818 141.96810835599899 1496.2931729257107
leaf_count=1103 198 491 879 12529 10149 324 283 203 227 4272 91 810 37 431
internal_value=0.000567803 0.00400713 -0.00801467 0.00252059 0.00157143 -0.0152736 -0.00880173 0.0162983 -0.00317656 -0.000355555 -0.0240526 -0.0103812 0.0161135 0.0173306
internal_weight=32013.7 22886.8 9126.9 20415.4 19128.9 3616.36 2110.63 1286.51 5510.54 3999.6 1505.73 1510.94 2471.45 2329.49
internal_count=32027 24038 7989 23079 22678 1801 1386 401 6188 5151 415 1037 959 922
is_linear=0
shrinkage=0.0773788


Tree=37
num_leaves=15
num_cat=0
split_feature=12 16 54 8 9 41 31 2 13 10 10 45 55 32
split_gain=133.168 64.7319 54.5315 31.6422 30.0588 28.7236 20.5084 19.8403 18.1547 14.0817 12.9588 9.11985 8.45978 5.1496
threshold=35.130626007509498 22.235000000000003 1008.3284604672175 3.4000000000000008 -3.2011639651004571 79.90245314980605 3.1734460679020757 -0.11649092230912388 31.729543270042164 32.142401915512487 30.258620899031335 0.013937438946661345 1012.5500000000001 37.797485088734952
decision_type=2 2 2 2 2 2 2 2 2 2 2 2 2 2
left_child=1 10 5 13 8 6 -2 -6 -3 -5 12 -7 -1 -4
right_child=2 4 3 9 7 11 -8 -9 -10 -11 -12 -13 -14 -15
leaf_value=-0.046597927037687135 0.0070870311596991763 -0.017827887327839412 0.0022010429173182932 0.028539291369257262 0.005395710488050316 0.012914081797553214 -0.016499571987729254 -0.0051285760954476629 -0.066419367704681209 0.04197090125085419 -0.013489085997731199 -0.005313341752030883 -0.08529123398359037 -0.017572271053269223
leaf_weight=226.62315720319748 6210.1559937894344 1173.9782353341579 642.33994421362877 2451.911506742239 3854.5064280629158 324.83967605233192 200.12187102437019 11379.998748749495 749.0473253428936 1290.0732846260071 281.59076285362244 2393.4820210337639 731.21290516853333 103.85451838374138
leaf_count=66 3674 1049 913 1742 6510 177 113 13379 716 542 92 2783 159 112
internal_value=0.000606772 -0.0036739 0.00641622 0.0134186 -0.00241354 0.0029288 0.00577633 -0.00123451 -0.0115411 0.0163219 -0.0207587 -0.00365095 -0.0251359 -0.000666124
internal_weight=32013.7 18397 13616.8 4488.18 17157.5 9128.6 6410.28 15234.5 1923.03 3741.98 1239.43 2718.32 957.836 746.194
internal_count=32027 21971 10056 3309 21654 6747 3787 19889 1765 2284 317 2960 225 1025
is_linear=0
shrinkage=0.0773788


Tree=38
num_leaves=15
num_cat=0
split_feature=52 23 0 3 14 40 27 16 13 0 8 51 2 49
split_gain=118.29 81.3334 57.2289 57.0074 28.3773 25.303 25.189 45.5034 23.8918 21.3458 14.6212 11.3035 8.70482 7.1869
threshold=35.799999999999748 21.956059213713633 0.86567724092360143 5.7406690866400831 28.733142048951503 3.2047360768875639 21.579882783834247 21.345000000000002 31.57701279860126 1.0510436506767795 1.7099999999999993 0.90189075078004832 -0.23634446393196776 0.70773902516823228
decision_type=2 2 2 2 2 2 2 2 2 2 2 2 2 2
left_child=2 6 3 5 8 -1 7 -2 -3 10 -4 -6 -5 -8
right_child=1 4 9 12 11 -7 13 -9 -10 -11 -12 -13 -14 -15
leaf_value=0.018313620333533922 -0.068718596279876268 -0.00092552437959013943 0.0085940338127864363 -0.0012574255467651852 0.00175375420656126 0.042886050446981926 -0.088698930884483163 0.0010018247403620272 -0.018369515217253784 0.027744606812589379 -0.0080373270473645207 -0.0085653128889599788 -0.029706554219526674 -0.052335713060113219
leaf_weight=5982.7202196717262 480.55753475427628 2574.0609529018402 754.13249328732491 664.86048194766045 8817.6699954271317 2196.3124893903732 724.0777296423912 925.01882004737854 2659.5262633562088 247.57898354530334 3463.4449554085732 1622.5640120208263 445.58208686113358 455.6293603181839
leaf_count=5285 106 2556 1093 883 10291 1429 243 504 3385 69 4298 1204 440 241
internal_value=0.000456566 -0.00361313 0.00588493 0.00934873 -0.00148819 0.0115986 -0.0163312 -0.00888116 -0.00614414 -0.00124193 -0.00262303 0.00081254 -0.00687649 -0.0248346
internal_weight=32013.7 18259.1 13754.6 9289.48 15673.8 8179.03 2585.28 1405.58 5233.59 4465.16 4217.58 10440.2 1110.44 1179.71
internal_count=32027 18530 13497 8037 17436 6714 1094 610 5941 5460 5391 11495 1323 484
is_linear=0
shrinkage=0.0773788


Tree=39
num_leaves=16
num_cat=0
split_feature=5 6 10 3 8 19 27 1 56 53 25 1 55 3 7
split_gain=108.626 73.3909 60.8963 46.1126 26.3741 21.7617 24.1498 21.4126 19.8137 13.1434 12.6958 9.98923 10.66 10.5594 7.92277
threshold=-0.70602415197119983 0.0012200792269447566 31.048988082279035 5.7601350638585282 6.6400000000000032 18.289197660827316 22.127603704380757 0.98508132756073608 4.7610599839665939 1011.2576963189866 27.735067681036 0.66189170072161563 1003.8004554152602 3.6939246784714883 6.9249999999999998
decision_type=2 2 2 2 2 2 2 2 2 2 2 2 2 2 2
left_child=2 4 5 7 10 14 -7 -3 -6 -5 -2 13 -13 -4 -1
right_child=1 3 11 9 8 6 -8 -9 -10 -11 -12 12 -14 -15 -16
leaf_value=-0.08154376175695105 -0.00021159028891983177 0.015173795551881428 -0.0032950547645644755 -0.0021449586807545926 -0.0094424521118615275 0.0052593857262763586 -0.042527764314273575 0.034995758646698454 -0.091637115943499228 -0.05449707918545852 0.0042708061220456742 0.0071966445297354815 -0.0001240784467392826 -0.010633825249790009 -0.075648892765943304
leaf_weight=220.07117718458176 6946.983545601368 9725.2150066792965 2865.0782029926777 1243.0120788812637 1979.6809224784374 409.99352818727493 1494.0323783457279 1419.990615427494 492.42928153276443 239.138054728508 565.64144065976143 156.05328875780106 2018.6781824231148 1520.6996932625771 717.03898143768311
leaf_count=89 9447 8774 3386 1476 1914 215 1088 643 241 190 185 56 2048 2123 152
internal_value=0.00043608 0.00335304 -0.00653916 0.00727719 -0.00157427 -0.0160158 -0.0108879 0.00899452 -0.00851038 -0.00538004 0.000663333 -0.00237174 0.00179518 -0.0045206 -0.0259492
internal_weight=32013.7 22612.1 9401.65 12627.4 9984.74 2841.14 1904.03 11145.2 2472.11 1482.15 7512.62 6560.51 2174.73 4385.78 937.11
internal_count=32027 22870 9157 11083 11787 1544 1303 9417 2155 1666 9632 7613 2104 5509 241
is_linear=0
shrinkage=0.0773788


Tree=40
num_leaves=14
num_cat=0
split_feature=5 6 23 57 15 1 10 17 1 23 13 36 43
split_gain=91.6767 53.6071 51.0012 37.3603 37.8355 27.7592 21.1358 18.955 17.1703 18.0658 13.6421 12.6562 11.9646
threshold=-0.70602415197119983 0.0012200792269447566 21.248663886333308 3.4221167910108163 30.730059392461186 0.98508132756073608 30.325465411935376 28.390750406741699 0.2895921430120037 23.549887620570079 34.025729559638471 2.4375530916953889 61.850000000000001
decision_type=2 2 2 2 2 2 2 2 2 2 2 2 2
left_child=2 6 11 5 -5 -3 7 -2 9 -4 -8 -1 -10
right_child=1 3 8 4 -6 -7 10 -9 12 -11 -12 -13 -14
leaf_value=-0.075321979005988055 -0.0056024298335040712 0.017244726432448423 -0.042020068825399895 -0.0036736981707378665 0.014880461673086383 0.050597545974688671 0.0097342624273252104 -0.056983160447019343 0.022089960231041057 -0.0067714702255286035 -0.00084508084466977044 -0.075983204054195341 -0.0015914495419283501
leaf_weight=214.54901081323624 2438.1190031468868 6686.1124394237995 1354.768429338932 3845.0750748217106 1186.8699662387371 873.38174644112587 1878.4952539801598 767.5184673666954 257.19954809546471 3500.4980330169201 4924.6289129555225 586.6423567533493 3406.9970605075359
leaf_count=88 2697 6044 588 4308 359 343 2587 594 135 4919 5980 120 3337
internal_value=0.000314807 0.00298867 -0.00612794 0.00635238 0.00110269 0.00979603 -0.0012076 -0.00640124 -0.00431401 -0.00733245 0.00118871 -0.0248362 -0.00021121
internal_weight=31920.9 22600.2 9320.65 12591.4 5031.95 7559.49 10008.8 3205.64 8519.46 4855.27 6803.12 801.191 3664.2
internal_count=32099 22912 9187 11054 4667 6387 11858 3291 8979 5507 8567 208 3472
is_linear=0
shrinkage=0.0773788


Tree=41
num_leaves=16
num_cat=0
split_feature=5 6 10 3 16 8 3 36 49 23 57 53 55 5 7
split_gain=78.9567 46.307 43.1374 34.7775 22.162 19.691 20.4921 18.879 27.6365 13.3774 11.5657 11.0209 10.8579 8.08301 6.12619
threshold=-0.70602415197119983 0.0012200792269447566 30.698712598712216 5.7601350638585282 32.70011262183332 6.5100000000000007 4.7525369478527137 2.875929316714688 0.75566294038036641 27.761427502443926 4.1914948970576829 1011.5644487616875 1004.5011301371846 -1.0695047331247718 9.3100000000000023
decision_type=2 2 2 2 2 2 2 2 2 2 2 2 2 2 2
left_child=2 5 7 4 -3 9 -7 8 -1 -2 13 -5 -12 -4 -9
right_child=1 3 10 11 -6 6 -8 14 -10 -11 12 -13 -14 -15 -16
leaf_value=-0.041285909668991837 -3.396496506283851e-05 0.012048287471705849 0.029347292273237048 -0.0015117333868847334 0.030730118658868908 -0.0063373056002016814 -0.078570314969921631 -0.070955057477211828 0.0098730682274411289 0.0063828751917264477 0.0018217443070050092 -0.053561899422260299 -0.0091281445121708885 -0.0012524782489220512 -0.027662738999254224
leaf_weight=1283.3652064204216 6906.2335484921932 9972.9824891090393 114.41498917341232 1258.054816454649 1138.9332195818424 2084.0464942455292 469.46431940793991 477.93019247055054 475.33516097068787 549.01727530360222 359.80110079050064 221.46870177984238 2009.0249771475792 4359.2537120878696 241.5290994644165
leaf_count=831 9351 8950 36 1488 447 2033 249 112 287 225 298 169 2362 5194 67
internal_value=0.000309521 0.0027917 -0.00566858 0.00591828 0.00741545 -0.00110617 -0.0069804 -0.0144367 -0.00973342 0.00085993 -0.00243265 -0.0050696 -0.0068008 -3.40231e-05 -0.0253025
internal_weight=31920.9 22600.2 9320.65 12591.4 11111.9 10008.8 2553.51 2478.16 1758.7 7455.25 6842.49 1479.52 2368.83 4473.67 719.459
internal_count=32099 22912 9187 11054 9397 11858 2282 1297 1118 9576 7890 1657 2660 5230 179
is_linear=0
shrinkage=0.0773788


Tree=42
num_leaves=16
num_cat=0
split_feature=2 6 56 16 51 1 1 9 13 40 12 0 27 51 23
split_gain=73.6265 41.8045 29.0072 25.492 24.242 22.4667 21.8165 17.7022 17.5574 16.2129 15.5816 12.9926 12.9913 13.891 12.0355
threshold=0.82349914170831806 0.71217259090768592 3.3029425464182114 25.905000000000005 1.0483044462537745 0.00862137604493079 -0.78839372097872551 -1.6746372766160176 35.110466608875633 8.6673140762491983 40.300015347048088 -0.46373381436108829 20.536822780926368 0.42760245709745553 19.173638274940558
decision_type=2 2 2 2 2 2 2 2 2 2 2 2 2 2 2
left_child=1 6 11 4 5 -2 7 -1 -8 -6 -4 -3 14 -14 -5
right_child=3 2 10 12 9 -7 8 -9 -10 -11 -12 -13 13 -15 -16
leaf_value=-0.040498180022830038 -0.029606952511274529 0.0061157861098587426 -0.0017423113758199887 -0.0065937574532812715 -0.059646714558423679 0.0055661177216740337 0.0068713695567349728 -0.0033352553997672545 -0.0010183508187698671 -0.0037059637142214056 0.015165979848232015 0.032629198918841071 0.0063106777455252134 -0.012496007170723062 0.01409615398570379
leaf_weight=798.72666266560555 1565.7751774191856 1343.5096495747566 2397.6718457043171 275.58388885855675 1319.0422737002373 922.04461681842804 6472.5682651400566 2799.1187917292118 6601.3274460434914 245.22699248790741 735.68858748674393 2865.1360884010792 747.28274545073509 2319.8128378093243 512.3394336104393
leaf_count=850 836 1175 2551 208 495 653 8070 4535 6659 152 169 1758 1013 2512 463
internal_value=0.000245397 0.00238889 0.0072537 -0.00621605 -0.0105149 -0.00554019 0.000223319 -0.00508357 0.00171278 -0.018157 0.00147908 0.0114605 -0.00159636 -0.0039502 0.00707802
internal_weight=31920.9 24013.7 7342.01 7907.11 4052.09 2487.82 16671.7 3597.85 13073.9 1564.27 3133.36 4208.65 3855.02 3067.1 787.923
internal_count=32099 25767 5653 6332 2136 1489 20114 5385 14729 647 2720 2933 4196 3525 671
is_linear=0
shrinkage=0.0773788


Tree=43
num_leaves=14
num_cat=0
split_feature=5 23 16 2 17 57 51 3 1 41 57 1 28
split_gain=60.2116 36.2941 35.1633 24.451 22.167 15.5358 20.758 12.8055 11.8382 10.688 10.3638 8.68349 6.47533
threshold=-0.70602415197119983 21.131029537873349 32.70011262183332 0.6577658605988953 28.781236942871463 4.2033992360864447 1.037903822732851 4.7402543500797849 0.2895921430120037 76.779999847250053 3.231696100797814 -0.033823989918429762 1.7908853284625497
decision_type=2 2 2 2 2 2 2 2 2 2 2 2 2
left_child=1 10 3 4 -2 8 -7 -5 -3 11 -1 -4 -11
right_child=2 5 9 7 -6 6 -8 -9 -10 12 -12 -13 -14
leaf_value=-0.029038445564359201 0.011843424245800493 -0.0082864888718524911 0.0083074589992941702 -0.00022968305147358074 0.00019939564201453081 -0.0054890391794120202 -0.080944581699303048 -0.015251770621609841 0.0034330443669427372 0.017392579668757239 -0.10079862498118776 0.037549804936554111 -0.0129207706036023
leaf_weight=301.56096714735031 7973.3475295603275 3281.2563861310482 132.28571611642838 4117.0442031621933 7536.1191044151783 2419.7411571741104 494.60620138049126 1766.5442117154598 2389.176991969347 228.41596186161041 434.31273472309113 661.98212060332298 184.46201694011688
leaf_count=91 8751 3732 53 4556 7510 2682 211 1627 2376 59 95 269 87
internal_value=0.000293076 -0.00492564 0.00246199 0.00171617 0.00333724 -0.00345551 -0.00806145 -0.00249455 -0.00101973 0.015325 -0.0214627 0.0206861 0.00403067
internal_weight=31920.9 9320.65 22600.2 21393.1 15509.5 8584.78 2914.35 5883.59 5670.43 1207.15 735.874 794.268 412.878
internal_count=32099 9187 22912 22444 16261 9001 2893 6183 6108 468 186 322 146
is_linear=0
shrinkage=0.0773788


Tree=44
num_leaves=15
num_cat=0
split_feature=19 16 22 22 2 7 44 55 14 20 10 38 8 32
split_gain=56.1971 38.2434 32.5792 28.3502 34.75 21.6736 20.9657 13.9651 9.19778 7.81434 14.7268 6.35504 6.25187 1.9886
threshold=18.007056704426258 32.70011262183332 16.826040265182389 18.69182886522648 0.82349914170831806 6.035000000000001 6.453399704123739 1015.7500000000001 26.7603670737162 25.035409381861271 32.61482969673915 2.5444844650848979 9.2850000000000019 34.124058492642426
decision_type=2 2 2 2 2 2 2 2 2 2 2 2 2 2
left_child=2 3 6 11 -5 8 -1 -8 -4 13 -11 -2 -7 -3
right_child=1 9 5 4 -6 12 7 -9 -10 10 -12 -13 -14 -15
leaf_value=-0.067528666555429648 0.006685274061535379 0.042681557555108933 -0.02607018640316382 0.0019084068904901609 -0.012072968101801878 -0.071001792203547631 0.011000985350731796 -0.045368746094239916 0.022220067942279265 -0.022187791618172335 0.018236167806864354 0.029177879753434766 -0.044741755065699218 0.046914814770414683
leaf_weight=169.75169298052788 366.54644736647606 164.07625779509544 467.26953884959221 22279.245477586985 4957.3958823978901 506.41242879629135 632.28788352012634 168.4889925122261 108.96796041727066 178.62375861406326 641.67270845174789 576.92737358808517 456.81455156207085 246.37434846162796
leaf_count=68 290 171 280 24923 4720 154 360 60 91 79 155 500 181 67
internal_value=0.000283336 0.0012435 -0.0108052 0.000645758 0.000174375 -0.0177904 0 0.005567 -0.00505579 0.0145843 0.00937963 0.0138062 -0.0249752 0.0238998
internal_weight=31920.9 29410.9 2509.99 28180.1 27236.6 1539.46 970.529 800.777 576.237 1230.75 820.296 943.474 963.227 410.451
internal_count=32099 30905 1194 30433 29643 706 488 420 371 472 234 790 335 238
is_linear=0
shrinkage=0.0773788


Tree=45
num_leaves=16
num_cat=0
split_feature=46 22 52 40 1 19 2 29 14 17 17 22 31 43 16
split_gain=57.7203 33.0249 31.7589 43.037 30.0151 29.7376 22.4921 22.2831 20.3384 25.685 20.3919 16.0511 15.8386 15.4015 11.9445
threshold=19.925819046587254 17.424785254795811 35.799999999999748 3.4731349911371834 0.26383187580501505 16.064484976126629 0.99696424012059681 0.028127850005651201 29.423754613956024 29.434744219073501 29.851247770836917 22.098577687765896 1.477415737303813 62.98541666666668 21.345000000000002
decision_type=2 2 2 2 2 2 2 2 2 2 2 2 2 2 2
left_child=1 5 3 7 6 14 -3 -2 9 -4 -10 -6 -5 -7 -1
right_child=2 4 8 12 11 13 -8 -9 10 -11 -12 -13 -14 -15 -16
leaf_value=-0.052646614035178986 0.018677076398742293 -0.052929356420524487 -0.0026245069164846841 -0.0091153110774450184 0.0030197291708348802 0.037103423400830046 -0.004018859060390209 0.0022138881330476968 0.0093753234251175675 -0.02103110275476229 -0.00054749244369277903 -0.078027380890103332 0.039371170299154101 -0.0021233564650193293 -0.01205918935318623
leaf_weight=196.49017858505249 799.60696962475777 1866.6020556092262 6175.6662927865982 224.50390902161598 1106.2260102033615 538.97334614396095 460.82000377774239 9692.4285936951637 2306.8671913146973 1142.807324886322 4659.7349484264851 173.97510212659836 1748.3898103535175 314.32657486200333 401.05563676357269
leaf_count=39 427 918 7605 249 712 368 287 10705 2978 1656 4491 82 1070 183 232
internal_value=0.000133595 -0.00743014 0.0015785 0.00443695 -0.0114082 0.00221606 -0.016653 0.00242092 -0.000890866 -0.00375623 0.00206747 -0.00156555 0.0149452 0.0116678 -0.010663
internal_weight=31808.5 5058.47 26750 12464.9 3607.62 1450.85 2327.42 10492 14285.1 7318.47 6966.6 1280.2 1972.89 853.3 597.546
internal_count=32002 2821 29181 12451 1999 822 1205 11132 16730 9261 7469 794 1319 551 271
is_linear=0
shrinkage=0.0773788


Tree=46
num_leaves=13
num_cat=0
split_feature=2 52 40 16 27 48 9 16 29 7 42 32
split_gain=48.66 32.6151 49.7417 23.0538 28.9952 35.1478 21.1724 23.0946 17.9374 14.9015 13.8272 10.4826
threshold=0.6577658605988953 34.534166666666486 2.471234509306524 21.345000000000002 21.354078294507698 19.42348611471435 -1.6542683632643926 30.840280259885017 0.038261680406143063 2.393284882635994 4.7566062513164393 25.516584845572474
decision_type=2 2 2 2 2 2 2 2 2 2 2 2
left_child=1 2 8 -2 10 -6 11 -8 -1 -4 -5 -3
right_child=3 6 9 4 5 -7 7 -9 -10 -11 -12 -13
leaf_value=0.01535444282747052 -0.047752017407640485 0.016588935225968784 -0.0013549857072643269 -0.0053458519135853467 -0.037878230433306244 -0.0054682905678482916 0.0031998902919931098 -0.0039477500886694154 0.00085106613829950947 0.032451274392855764 0.011479334314681929 -0.020498606777268953
leaf_weight=827.42316654324532 509.51790452003479 86.145105481147766 319.30196464061737 687.39779007434845 1674.4541636705399 5567.8197476863861 7873.8717800676823 1947.9524121880531 6442.5135021209717 2644.9034394919872 1353.5393601953983 1873.6336115002632
leaf_count=510 110 55 411 534 743 6390 10565 757 7253 1421 1002 2251
internal_value=9.1605e-05 0.00212123 0.00531959 -0.00443309 -0.00350075 -0.00581801 -0.000627094 0.000805583 0.00181414 0.013779 0.00453891 -0.00797838
internal_weight=31808.5 22015.7 10234.1 9792.73 9283.21 7242.27 11781.6 9821.82 7269.94 2964.21 2040.94 1959.78
internal_count=32002 23223 9595 8779 8669 7133 13628 11322 7763 1832 1536 2306
is_linear=0
shrinkage=0.0773788


Tree=47
num_leaves=16
num_cat=0
split_feature=5 23 27 6 57 8 23 53 32 17 14 44 2 2 3
split_gain=45.3101 40.6623 33.8493 33.6749 28.713 26.1461 18.6633 15.3357 14.9799 14.2988 18.0533 10.5924 5.25875 4.49076 1.37875
threshold=-0.24432849619248678 22.224715396409064 22.503874200578082 0.25888556959579373 3.4509302832658908 9.2550000000000008 27.761427502443926 1008.7483174940205 40.52473001432184 25.584321124414277 29.010933536433686 2.552589973913427 -0.53441128479339051 0.84750952922804634 3.7034237680041557
decision_type=2 2 2 2 2 2 2 2 2 2 2 2 2 2 2
left_child=1 2 5 6 7 -1 11 -5 -6 13 -11 -2 -8 -3 -4
right_child=3 9 14 4 8 -7 12 -9 -10 10 -12 -13 -14 -15 -16
leaf_value=-0.036745269694572355 0.0073460975391192746 0.048141117183363641 -0.029200480982650611 0.011545930014697749 -0.0014200697629338532 0.0090954252008084348 0.00090697425376080909 0.028089440219267348 0.019774892648245328 -0.009568603038807761 0.0011034677581619183 -0.0026794070165434185 0.0081640896985395051 0.0063999466483370664 -0.11763638761461898
leaf_weight=1161.9373615980148 855.37414568662643 152.31464400887489 211.11386728286743 1932.3409983515739 2908.8628634214401 545.49882531166077 196.8459854722023 3196.4595261216164 252.0184925198555 5177.1425963044167 7062.5137766301632 7431.0465149879456 297.8710215985775 80.423936873674393 346.70939201116562
leaf_count=459 1260 150 77 1351 2861 191 78 2681 48 5919 7520 9128 94 91 94
internal_value=0.000123384 -0.00300727 -0.0125518 0.00284755 0.00638636 -0.00682874 -0.000453278 0.00996294 0.000462294 -0.0012408 -0.00163207 -0.00136794 0.0140154 0.0174509 -0.0292326
internal_weight=31808.5 14737.7 2265.26 17070.8 8289.68 1707.44 8781.14 5128.8 3160.88 12472.4 12239.7 8286.42 494.717 232.739 557.823
internal_count=32002 14501 821 17501 6941 650 10560 4032 2909 13680 13439 10388 172 241 171
is_linear=0
shrinkage=0.0773788


Tree=48
num_leaves=13
num_cat=0
split_feature=5 10 56 6 38 50 2 51 57 14 41 22
split_gain=39.0689 35.1883 26.4283 24.8517 16.684 16.8685 16.5998 16.3438 23.3901 14.5369 13.0042 5.1501
threshold=-0.70602415197119983 27.363285472232011 5.8023597380434557 0.0012200792269447566 2.5818273581173048 25.921128465744591 0.20143756466568655 0.97202840164600557 3.55927689605541 27.973177093901391 78.650319451263258 18.44453604523132
decision_type=2 2 2 2 2 2 2 2 2 2 2 2
left_child=1 11 3 9 5 -4 -5 10 -9 -2 -3 -1
right_child=2 7 4 6 -6 -7 -8 8 -10 -11 -12 -13
leaf_value=-0.030430091167680678 -0.010050914367433139 0.0013976426476488724 -0.00066534483871154694 0.012466370382958752 -0.10541073916146547 -0.0079378556268410779 0.0023503469103152721 -0.0034686463284860744 -0.053564457974308553 0.0022669773283686221 -0.008692312552815086 -0.091004275640242133
leaf_weight=195.71589422225952 2825.4010364413261 4776.8505344092846 2278.1125531196594 7332.5639143586159 127.14554667472839 517.86336788535118 3800.6890713870525 1114.9863297045231 813.32065144181252 5591.8860611617565 2110.0337852835655 323.9052020907402
leaf_count=59 3443 4797 2964 5020 59 357 4458 658 346 6542 3185 114
internal_value=0.000129151 -0.00406514 0.00188797 0.00292585 -0.00492327 -0.00350393 0.00532525 -0.00285856 -0.00917137 -0.000205651 -0.00103347 -0.0236448
internal_weight=31808.5 9334.81 22473.7 19550.5 2923.12 2795.98 11133.3 8815.19 1928.31 8417.29 6886.88 519.621
internal_count=32002 9159 22843 19463 3380 3321 9478 8986 1004 9985 7982 173
is_linear=0
shrinkage=0.0773788


Tree=49
num_leaves=16
num_cat=0
split_feature=6 3 37 8 57 0 38 9 53 20 1 30 38 7 42
split_gain=35.3017 34.5158 28.816 27.364 34.7048 24.2223 23.7969 23.4558 19.7439 14.5347 13.1758 13.1062 11.9427 11.2671 5.45615
threshold=0.27187385419850907 3.5904187462664852 30.920862540085221 6.6400000000000032 5.0002448668790151 -0.49931170690037036 0.75548381549763577 0.49853727084673777 1008.4002628374141 18.289197660827316 0.21440734918472434 1.8296330648031327 2.290331182661093 4.0700000000000029 6.2987943743372847
decision_type=2 2 2 2 2 2 2 2 2 2 2 2 2 2 2
left_child=3 5 11 9 7 13 -4 -5 -7 14 -6 -3 -11 -2 -1
right_child=1 2 6 4 10 8 -8 -9 -10 12 -12 -13 -14 -15 -16
leaf_value=0.0095016549847682704 0.009787501914393754 -0.005219200117794723 0.0202693782586265 -0.017358006654747855 -0.092014255332982048 0.0078355186563802172 -0.0043530316832478544 0.0059264598465907413 0.025075454072739412 -0.00090653148522978758 -0.059104569801199901 -0.042199674273196326 0.029711279617053724 -0.0073575767327005688 0.070045147448219408
leaf_weight=152.30180943012238 1604.2675434052944 4158.3872852623463 625.42838123440742 2982.3676145970821 341.83853596448898 1651.9129086732864 369.17503577470779 1324.5502872169018 3512.4513630867004 12400.418603986502 268.61853170394897 152.78154364228249 240.89343819022179 1919.3521727323532 103.7288932800293
leaf_count=114 1751 4605 147 2011 119 1177 91 1342 2821 15683 118 126 223 1603 71
internal_value=0.00020795 0.00312631 -0.00173716 -0.00206424 -0.00697479 0.0061377 0.0099945 -0.00441118 0.00951986 -0.000162054 -0.0243094 -0.00453545 -0.000562565 0.00107183 0.0178921
internal_weight=31808.5 13993.8 5305.77 17814.7 4917.37 8687.98 994.603 4306.92 5164.36 12897.3 610.457 4311.17 12641.3 3523.62 256.031
internal_count=32002 12321 4969 19681 3590 7352 238 3353 3998 16091 237 4731 15906 3354 185
is_linear=0
shrinkage=0.0773788


Tree=50
num_leaves=14
num_cat=0
split_feature=19 28 22 2 27 44 33 1 32 3 52 44 7
split_gain=36.7614 30.5819 23.5965 30.0274 21.611 18.7499 10.4905 8.07895 7.78113 7.64209 7.29471 7.09937 0.190739
threshold=16.490010897155415 1.850429247694795 17.264356537454706 0.93070703298460267 20.155679974963999 6.453399704123739 2.3182293979616415 -0.4158094226454716 25.88280186780695 3.2701285273020964 34.534166666666486 12.667102984628972 6.3800000000000017
decision_type=2 2 2 2 2 2 2 2 2 2 2 2 2
left_child=4 2 8 -4 5 -1 -7 11 -2 -6 -9 -3 -11
right_child=1 7 3 -5 9 6 -8 10 -10 12 -12 -13 -14
leaf_value=-0.073463151010889113 -0.0034601306908769438 -0.012837062216485921 0.0010305980229420577 -0.01256073567314317 -0.04304171256683853 0.018663291870758297 -0.011204789888007898 0.02139414213438167 0.032365650103500489 -0.045163938951627125 0.0024853424033607976 0.033692953559969492 -0.073678425800637562
leaf_weight=127.73091545701027 163.85946249961853 211.561587870121 24210.167223930359 3967.2153390944004 245.63101595640182 245.29010164737701 176.86253878474236 1399.1358502805233 460.98895853757858 157.5108128786087 271.69257029891014 85.209934234619141 255.2986204624176
leaf_count=51 85 157 26820 2989 71 121 108 993 294 74 180 72 73
internal_value=0.000202321 0.000734228 8.32013e-05 -0.000234991 -0.0129962 -0.000944843 0.00626811 0.0100582 0.0149124 -0.0224388 0.0121616 -0.000579915 -0.0293265
internal_weight=31978.2 30769.8 28802.2 28177.4 1208.32 549.884 422.153 1967.6 624.848 658.44 1670.83 296.772 412.809
internal_count=32088 31590 30188 29809 498 280 229 1402 379 218 1173 229 147
is_linear=0
shrinkage=0.0773788


Tree=51
num_leaves=14
num_cat=0
split_feature=5 10 1 17 10 31 32 52 30 9 1 38 29
split_gain=34.367 29.969 23.2444 21.7368 27.9157 16.4904 13.8479 12.8594 12.8102 13.0933 12.5826 12.052 5.30664
threshold=-0.86239724355637637 27.651680183606114 -0.059920032139521136 28.951270417776218 30.599640457699056 1.4391896947408229 40.52473001432184 -1.0000000180025095e-35 0.51776237956735305 0.28551858944838676 0.97654153853690362 0.44259036480230679 0.80575767194881709
decision_type=2 2 2 2 2 2 2 2 2 2 2 2 2
left_child=1 12 3 7 -5 6 -4 -2 11 -10 -7 -3 -1
right_child=2 8 5 4 -6 10 -8 -9 9 -11 -12 -13 -14
leaf_value=-0.061432492147075191 0.037888007223550894 -0.0062884431840312168 -0.00020960555789917678 -0.059340204254015677 -0.0054010790951295245 0.0074403536046381427 0.0053853826039418646 0.00071903072087544588 -0.018687603844143096 -0.00068886309694115298 0.024752799639824873 0.0054136602187345971 -0.068073922471848167
leaf_weight=289.78374606370926 128.82960540056229 564.21347239613533 6852.3110625743866 424.97252348065376 2318.7872844338417 6134.7035525143147 786.36329525709152 6981.427444756031 2498.3362401425838 1729.3664946854115 1564.9658440947533 1448.3905104994774 255.70385563373566
leaf_count=83 40 872 6565 256 3463 5339 187 8725 2088 1785 919 1697 69
internal_value=0.000182621 -0.00469023 0.0015102 -0.00139576 -0.007254 0.00340071 0.000797228 0.00081676 -0.00309395 -0.00553323 0.0059344 0.00185044 -0.0221195
internal_weight=31978.2 6785.79 25192.4 9854.02 2743.76 15338.3 7638.67 7110.26 6240.31 4227.7 7699.67 2012.6 545.488
internal_count=32088 6594 25494 12484 3719 13010 6752 8765 6442 3873 6258 2569 152
is_linear=0
shrinkage=0.0773788


Tree=52
num_leaves=13
num_cat=0
split_feature=9 2 48 13 31 32 8 27 48 18 5 40
split_gain=29.9151 19.4043 33.1212 19.4958 18.4916 18.0575 18.2623 18.966 16.4922 15.2684 11.5799 5.44368
threshold=-2.6394570688335075 0.20143756466568655 24.493810816003322 25.782808138682572 0.85863251845566646 24.722823443068098 6.3026596854665442 20.768878859875063 18.627230837915945 45.250000000000007 0.96320205345224807 2.0801442257675311
decision_type=2 2 2 2 2 2 2 2 2 2 2 2
left_child=5 2 11 10 -4 -1 8 -8 -7 -5 -3 -2
right_child=1 3 4 9 -6 6 7 -9 -10 -11 -12 -13
leaf_value=0.022133738051608835 0.0094580775500485628 0.014763997920354949 -0.001134775146290331 0.014393178560230105 0.0059851961836203506 0.059183569098605095 -0.0031517284295953601 -0.043801381293814112 -0.013485346614834904 -0.0061726234844733429 -0.0014529544891141082 0.02997803732056268
leaf_weight=181.57187855243683 445.49480310082436 1058.0909259021282 6210.1595406234264 360.10619240999222 8888.4665892720222 143.10648441314697 393.95745301246643 1096.100553393364 1618.0127722322941 9853.4597011804581 651.4351834654808 1078.1928543746471
leaf_count=102 638 1069 6368 204 8350 109 215 609 1859 10785 607 1173
internal_value=0.000232641 0.00106466 0.00278001 -0.00129638 0.00165334 -0.00657272 -0.0079807 -0.0143248 -0.00238467 -0.00260221 0.00627962 0.0136695
internal_weight=31978.2 28545.4 16622.3 11923.1 15098.6 3432.75 3251.18 1490.06 1761.12 10213.6 1709.53 1523.69
internal_count=32088 29194 16529 12665 14718 2894 2792 824 1968 10989 1676 1811
is_linear=0
shrinkage=0.0773788


Tree=53
num_leaves=16
num_cat=0
split_feature=5 0 1 19 27 3 26 57 55 22 31 32 32 14 27
split_gain=28.1954 26.7066 25.5836 23.9457 18.8509 17.259 14.6001 14.1166 18.3307 13.8128 13.117 11.4995 8.76334 10.2342 1.36684
threshold=-0.24432849619248678 0.25881904510252057 0.2895921430120037 19.846740071463298 20.339173374770166 3.4508014674044385 27.935569506433204 4.3625169819125018 1002.8980977425595 21.200282190407112 3.0942784878361262 27.326117337902222 25.194070615279944 21.345000000000002 19.647875999588464
decision_type=2 2 2 2 2 2 2 2 2 2 2 2 2 2 2
left_child=2 5 3 4 -1 10 -7 9 -9 -4 -2 -5 14 -14 -3
right_child=1 12 7 11 -6 6 -8 8 -10 -11 -12 -13 13 -15 -16
leaf_value=0.0043222616046100018 0.024941864481252594 0.043051605585492758 0.015954374069679048 0.016636192545753156 -0.036564336620227254 -0.00061530575725479827 0.017171501728630204 0.022916284493473323 -0.0052054617232616483 0.001665188092503505 0.00096348675782394633 -0.0061389816694464878 -0.065402610682741849 0.00025894880869366921 0.021261778758391397
leaf_weight=370.53265559673309 2389.538534373045 86.470187902450562 857.42507761716843 374.93256023526192 1607.2754521965981 2000.2737948000431 174.14498493075371 157.1121643781662 2005.7583354115486 3597.1130426228046 981.25948047637939 5949.6877347826958 99.28299081325531 11252.072583317757 75.275352478027344
leaf_count=136 1753 67 570 244 579 1841 43 51 1549 3514 580 7973 71 13058 59
internal_value=0.000206313 0.00236524 -0.00223764 -0.00510623 -0.0125795 0.00677682 0.00120619 0.00130742 -0.00373212 0.00383724 0.0102562 -0.00270464 0.00020706 -1.91326e-05 0.0178551
internal_weight=31978.2 17058.3 14919.8 8302.43 1977.81 5545.22 2174.42 6617.41 2162.87 4454.54 3370.8 6324.62 11513.1 11351.4 161.746
internal_count=32088 17472 14616 8932 715 4217 1884 5684 1600 4084 2333 8217 13255 13129 126
is_linear=0
shrinkage=0.0773788


Tree=54
num_leaves=15
num_cat=0
split_feature=6 10 57 21 7 27 1 17 16 52 7 1 12 14
split_gain=27.4694 26.8959 23.4902 25.3943 22.7371 21.571 19.8392 14.0632 17.6181 13.9457 13.4536 11.2238 9.82557 5.44408
threshold=0.27187385419850907 31.246725917150986 3.4109146806342445 26.667561244114257 6.6400000000000032 24.080631646456698 0.98508132756073608 28.595000000000002 30.800142716533216 34.534166666666486 9.1600000000000001 0.81699218538162621 38.246699474915424 28.030808854679343
decision_type=2 2 2 2 2 2 2 2 2 2 2 2 2 2
left_child=1 4 6 11 5 -1 9 13 -9 -2 -6 -4 -8 -3
right_child=2 7 3 -5 10 -7 12 8 -10 -11 -12 -13 -14 -15
leaf_value=0.0011559659114043308 0.012495927001115157 -0.00082889527775123495 -0.0077288831986625558 0.02214872021446207 -0.036282121272444741 -0.023399014051315961 0.067322889024033189 0.00016433729915934334 -0.0045369764719767162 -0.00059558771483727907 -0.0020572292512516452 0.0039188026371167178 0.011140634321036617 0.0094521228607941672
leaf_weight=3017.681304037571 4719.7096692025661 623.57142093777657 3454.4834500253201 345.75343883037567 928.99986860156059 1977.1048727035522 318.13527947664261 8339.8338072299957 926.88517206907272 2893.4042601287365 415.28017908334732 1666.8200743794441 641.25889191031456 1709.233243316412
leaf_count=2587 4158 903 3919 103 297 2584 175 10671 333 2696 118 1072 200 2272
internal_value=0.000159364 -0.00183467 0.00273287 -0.00117585 -0.00588916 -0.0033837 0.00526741 0.000351095 -0.000967798 0.00387715 -0.0148873 -0.00261465 0.0158542 0.00573796
internal_weight=31978.2 17938.6 14039.6 5467.06 6339.07 4994.79 8572.51 11599.5 9266.72 7613.11 1344.28 5121.3 959.394 2332.8
internal_count=32088 19765 12323 5094 5586 5171 7229 14179 11004 6854 415 4991 375 3175
is_linear=0
shrinkage=0.0773788


Tree=55
num_leaves=10
num_cat=0
split_feature=52 1 29 1 17 6 23 13 20
split_gain=24.0114 23.1966 18.1198 17.9008 14.8284 12.8669 11.2666 10.7546 5.37424
threshold=-1.0000000180025095e-35 0.82193640680400659 0.028127850005651201 0.60874066598873433 28.470192510392646 0.80802312562503242 27.815327076604625 40.258910733564242 26.915479807158288
decision_type=2 2 2 2 2 2 2 2 2
left_child=3 2 8 -1 -4 6 -3 -7 -2
right_child=1 5 4 -5 -6 7 -8 -9 -10
leaf_value=0.043019526790095353 0.014385383626028066 5.4233073227076781e-05 0.00031844914314611627 -0.0014237572710242075 -0.0054841822674635658 0.0099652002622651042 0.0063789191685349727 0.027603501392004456 -0.0087604520571705913
leaf_weight=338.44722437858582 751.88715133070946 4159.7293561697006 12942.289802223444 288.27121782302856 10360.110262811184 2169.6568482220173 606.79804322123528 109.47063148021698 76.503087222576141
leaf_count=107 599 4264 13299 77 12145 1224 200 19 27
internal_value=0.000305572 0 -0.0011375 0.0152484 -0.00155158 0.0039078 0.00152498 0.0087193 0.0100201
internal_weight=31803.2 31176.4 24130.8 626.718 23302.4 7045.65 4766.53 2279.13 828.39
internal_count=31961 31777 26070 184 25444 5707 4464 1243 626
is_linear=0
shrinkage=0.0773788


Tree=56
num_leaves=14
num_cat=0
split_feature=9 1 8 2 12 27 52 1 9 1 43 27 48
split_gain=23.3137 19.3219 30.5426 20.3686 18.0396 17.0397 15.4339 13.9524 11.788 10.6035 9.29797 8.76953 3.94823
threshold=-1.8764066244294673 0.20557623628788571 5.8100000000000014 0.998148560797531 42.091443635553183 24.491305699365345 -1.0000000180025095e-35 0.82193640680400659 -4.0060624651992169 0.85096381065484017 58.456250000000004 21.579882783834247 26.269485704841276
decision_type=2 2 2 2 2 2 2 2 2 2 2 2 2
left_child=1 2 11 -4 6 10 9 -8 -7 -2 -3 -1 -6
right_child=4 5 3 -5 12 8 7 -9 -10 -11 -12 -13 -14
leaf_value=0.016247659897060923 0.033417957677580795 -0.018432942276379344 -0.035896396890508407 0.0396019487877401 0.0083839989443013577 -0.10839592098232483 -0.00049543671653118739 0.0039040454610789117 -0.0027492770326048984 -0.002004756893536944 0.017387292425121541 -0.0089851352802746108 0.0313699840822214
leaf_weight=179.58255875110626 345.50590407848358 286.21674916148186 1556.3737414479256 99.779149353504181 256.74080035090446 199.724066644907 19442.214981734753 6055.0582990646362 614.4413734972477 216.11435556411743 818.20413422584534 1486.9329405426979 246.27457046508789
leaf_count=154 109 105 906 57 62 172 22067 4931 772 55 727 1794 50
internal_value=0.000336962 -0.00436154 -0.00794768 -0.0153813 0.00127835 0.00166369 0.000981913 0.000686203 -0.00656653 0.0136548 0.00806118 -0.000321482 0.015777
internal_weight=31803.2 5241.25 3322.67 1656.15 26561.9 1918.59 26058.9 25497.3 814.165 561.62 1104.42 1666.52 503.015
internal_count=31961 4687 2911 963 27274 1776 27162 26998 944 164 832 1948 112
is_linear=0
shrinkage=0.0773788


Tree=57
num_leaves=13
num_cat=0
split_feature=5 23 27 23 32 52 1 5 57 42 54 1
split_gain=21.5438 21.6052 20.5957 31.2622 18.3561 15.3228 13.7049 13.6002 11.918 11.388 9.53581 7.10544
threshold=-0.45128840335427717 21.074445248303132 22.127603704380757 22.457803121907606 40.92739405061058 -1.0000000180025095e-35 0.60874066598873433 -0.27710236579704933 3.1202046985650136 9.5778943717865896 1012.0053407242411 0.094651608685454539
decision_type=2 2 2 2 2 2 2 2 2 2 2 2
left_child=1 8 9 -4 5 6 -2 -7 10 -3 -1 -10
right_child=4 2 3 -5 -6 7 -8 -9 11 -11 -12 -13
leaf_value=0.0073025408246202997 0.034979009255619066 0.023322909736474089 -0.037782111616862631 -0.0013440080997985712 0.0097388947165387239 0.0205109604055752 -0.011672193767079665 0.0011913323018403173 -0.050639127693588727 0.00052084080187334459 -0.031406019306850066 -0.04939943967518623
leaf_weight=151.72275078296661 312.77960085868835 460.62458246946335 629.35823115706444 9777.2688830494881 363.47132062911987 292.49330723285675 249.44195687770844 18457.637515246868 267.28457283973694 425.17533096671104 151.06347024440765 264.84210252761841
leaf_count=57 100 268 231 10938 78 77 68 19793 63 166 57 65
internal_value=0.000343796 -0.00220702 -0.00128079 -0.00227474 0.00193465 0.00158755 0.0141843 0.00118721 -0.0142288 0.00994135 -0.000663298 -0.0212009
internal_weight=31803.2 12127.3 11292.4 10406.6 19675.8 19312.4 562.222 18750.1 834.913 885.8 302.786 532.127
internal_count=31961 11845 11603 11169 20116 20038 168 19870 242 434 114 128
is_linear=0
shrinkage=0.0773788


Tree=58
num_leaves=15
num_cat=0
split_feature=6 57 26 51 56 1 35 21 14 15 52 8 44 31
split_gain=20.8 22.4263 20.7629 16.8125 23.5122 16.3331 15.7217 14.1087 13.43 13.1297 12.7058 12.2275 11.0174 10.0716
threshold=0.0012200792269447566 3.371413834600697 28.112929339084918 0.90726388263085866 4.8909184286092575 0.98508132756073608 1.3840887495050411 24.364140736622151 30.850451226509801 25.445000000000004 -1.0000000180025095e-35 6.5400000000000018 9.9205740676691967 2.763216280721021
decision_type=2 2 2 2 2 2 2 2 2 2 2 2 2 2
left_child=3 5 6 7 9 10 -3 12 -9 -5 -2 -6 -1 -7
right_child=1 2 -4 4 11 13 -8 8 -10 -11 -12 -13 -14 -15
leaf_value=0.008911743163241382 0.029581281253468907 -0.001324643726059073 0.020158610493782269 0.0059399544925295179 -0.016141232725615143 0.033419996635183899 -0.038722152918202364 -0.0048033933091660491 0.0024281963056236155 -0.014433296490859313 0.004441638393577787 -0.066723046072595715 -0.0074056247801443835 0.0087365786078758018
leaf_weight=2966.6828691363335 217.29855537414551 6437.8842450976372 247.74470829963684 1024.864150583744 509.2963190972805 569.12258988618851 302.3290448486805 5709.9241540133953 2038.8636710941792 1420.1669441461563 8381.0898484289646 499.3504450917244 1055.4335924088955 423.11248737573624
leaf_count=3402 73 6279 58 834 400 252 205 8640 1777 959 7895 202 809 176
internal_value=0.000315623 0.00222135 -0.00107024 -0.00173573 -0.00648474 0.00465702 -0.00193398 -0.000309528 -0.00226747 -0.00220052 0.0035115 -0.0164563 0.00337048 0.0141595
internal_weight=31803.2 16578.6 6987.96 15224.6 3453.68 9590.62 6740.21 11770.9 7748.79 2445.03 8598.39 1008.65 4022.12 992.235
internal_count=31961 14938 6542 17023 2395 8396 6484 14628 10417 1793 7968 602 4211 428
is_linear=0
shrinkage=0.0773788


Tree=59
num_leaves=14
num_cat=0
split_feature=3 1 52 51 0 2 9 28 2 37 1 3 53
split_gain=19.2283 24.7777 24.5841 24.5742 19.8044 18.8819 11.8636 10.2901 9.61021 9.68929 9.48652 9.19499 7.03822
threshold=3.6004125302897143 0.98508132756073608 -1.0000000180025095e-35 1.037903822732851 0.093768421763774354 -0.60721166602859522 7.1536966224766596 0.62115805505936172 0.0043035382962440553 28.264654126515499 -0.086586525315958007 4.3195681632406355 1006.5747017855193
decision_type=2 2 2 2 2 2 2 2 2 2 2 2 2
left_child=1 2 -1 6 11 -4 7 -2 12 -10 -6 -5 -3
right_child=3 8 5 4 10 -7 -8 -9 9 -11 -12 -13 -14
leaf_value=0.03300337212346488 0.0045668184293467841 -0.0044650410984677005 0.0068344746127801895 -0.020437059142491221 -0.039958534287202939 -0.0016522729853126552 0.017083473429628761 -0.0018512414594976402 0.056552891809433854 -0.0002814164908217618 0.0074426328052084115 -0.058997410994963626 0.032908761206732508
leaf_weight=266.39596396684647 2294.8873645365238 95.340668499469757 4157.0689296126366 252.9757142663002 232.34020718932152 11860.637375891209 237.5164940059185 9707.5933655202389 146.16667908430099 557.38381043076515 584.7312873005867 720.2046914100647 689.92107316851616
leaf_count=84 3144 42 4084 137 200 12753 84 9756 101 413 460 308 395
internal_value=0.000261371 0.00196166 0.00106193 -0.00186648 -0.0103353 0.000647534 -0.000594833 -0.000965081 0.0115268 0.00421756 -0.000960945 -0.0177939 0.0175549
internal_weight=31803.2 17772.9 16284.1 14030.2 1790.25 16017.7 12240 12002.5 1488.81 703.55 817.071 973.18 785.262
internal_count=31961 17872 16921 14089 1105 16837 12984 12900 951 514 660 445 437
is_linear=0
shrinkage=0.0773788


Tree=60
num_leaves=16
num_cat=0
split_feature=6 56 8 57 16 8 32 9 36 0 48 31 32 27 43
split_gain=19.9842 26.7148 18.8606 37.6954 19.9508 20.9564 20.9141 17.7354 13.4469 13.4195 14.6395 13.6979 9.34517 9.10485 7.74271
threshold=0.27187385419850907 5.7502483547278516 6.7600000000000007 5.0002448668790151 30.820312003852536 4.0832838713613251 39.257168117663504 0.2555715111922901 0.81383096054905957 -0.46373381436108829 26.437324264039905 1.3671924244206826 26.098309078342904 21.579882783834247 76.61041666666668
decision_type=2 2 2 2 2 2 2 2 2 2 2 2 2 2 2
left_child=2 9 4 7 6 -6 -1 -4 14 10 -2 -11 -5 -10 -3
right_child=1 8 3 12 5 -7 -8 -9 13 11 -12 -13 -14 -15 -16
leaf_value=0.00018725458540500714 -0.00071229766062235703 0.0031609387325298808 -0.013571201925845662 -0.020534098841711552 -0.0063627694649129058 0.017645661585407448 0.0058778372281372091 0.0061389758570338394 -0.0037183966522584973 0.0013133424060530914 0.018199818937178761 0.016527638190904897 -0.065990438631022483 -0.032735573324874534 -0.0060373554634101578
leaf_weight=11337.917121469975 4830.3087597489357 348.5213628411293 2745.9827861785889 156.54705733060837 913.4524065554142 172.96079441905022 738.09737005829811 1444.9621530175209 120.68314641714096 2315.2046947479248 298.92594081163406 5080.5190981924534 434.5091410279274 321.281354367733 702.04562801122665
leaf_count=15692 4784 181 1757 58 324 56 265 1398 84 2298 91 3571 165 190 1108
internal_value=0.000276757 0.00247502 -0.00142034 -0.00558096 6.49406e-05 -0.00992718 0.000997281 -0.00289029 -0.00721514 0.00366092 0.000539814 0.00577473 -0.0238866 -0.0185801 -0.00203172
internal_weight=31961.9 14017.5 17944.4 4782 13162.4 1086.41 12076 4190.94 1492.53 12525 5129.23 7395.72 591.056 441.965 1050.57
internal_count=32022 12307 19715 3378 16337 380 15957 3155 1563 10744 4875 5869 223 274 1289
is_linear=0
shrinkage=0.0773788


Tree=61
num_leaves=16
num_cat=0
split_feature=1 19 27 48 9 3 3 2 22 20 23 47 1 51 49
split_gain=17.8842 29.5553 26.3076 19.7037 17.5074 16.1918 15.885 20.3167 26.6089 17.0604 13.0456 12.2625 10.3225 11.8815 10.7456
threshold=-0.059920032139521136 20.043213327721087 22.073454084725295 24.46290671569928 0.3793547684865804 6.5750000000000011 3.6939246784714883 0.15593225423283555 18.44453604523132 24.444931893726501 22.600533714218713 0.026385525812449993 0.99762106698677389 0.17369813417320587 0.064047684373292182
decision_type=2 2 2 2 2 2 2 2 2 2 2 2 2 2 2
left_child=1 2 4 5 -1 -3 7 9 -9 -2 -4 -5 13 -8 -14
right_child=6 3 10 11 -6 -7 12 8 -10 -11 -12 -13 14 -15 -16
leaf_value=-0.017516597392257204 0.029240277221403082 0.011834721896364458 -0.04942277356561995 0.01682838021208332 0.0086497735568584529 -0.026419908285748091 0.0071157343912787588 0.024150767458613227 -0.0037083901729842656 0.0071754737131157088 -0.0055190346755519407 -0.0050097675397557584 0.00064234530738816343 -0.00053528907195705673 -0.011379748648614154
leaf_weight=1361.0845302343369 701.40742626786232 3161.8377686142921 556.72953653335571 289.08211967349052 201.55613446235657 333.42216971516609 699.47282555699348 725.56017211079597 4602.8970459103584 4665.7712620794773 140.72063934803009 6833.1405582427979 207.17803919315338 6813.6178013086319 668.44078594446182
leaf_count=708 597 3917 202 156 120 358 481 485 4833 3586 90 10175 69 5882 363
internal_value=0.000277122 -0.0019372 -0.00996623 -0.000190433 -0.00407711 0.00452718 0.00179046 0.00377232 0.000314836 0.00713404 -0.0225344 -0.00255806 -0.000693701 0.000187614 -0.00863267
internal_weight=31961.9 12877.6 2260.09 10617.5 1562.64 3495.26 19084.3 10695.6 5328.46 5367.18 697.45 7122.22 8388.71 7513.09 875.619
internal_count=32022 15726 1120 14606 828 4275 16296 9501 5318 4183 292 10331 6795 6363 432
is_linear=0
shrinkage=0.0773788


Tree=62
num_leaves=13
num_cat=0
split_feature=5 10 44 26 17 8 40 17 1 25 42 57
split_gain=19.1689 23.1585 14.8969 13.09 14.9061 18.9743 17.4992 12.6965 12.1496 8.41986 5.24326 4.80142
threshold=-0.45128840335427717 27.268764825007477 10.040612728085547 28.112929339084918 28.842487246272267 2.1300000000000012 2.8175935357047033 26.555000000000003 0.28278935326469212 27.572628835722959 5.2119909008580834 3.1450000000000005
decision_type=2 2 2 2 2 2 2 2 2 2 2 2
left_child=1 2 11 4 6 -6 -2 10 -9 -5 -3 -1
right_child=3 7 -4 9 5 -7 -8 8 -10 -11 -12 -13
leaf_value=-0.022221607952709138 0.00099156498021595713 -0.012952823060917985 0.00064457414222549481 0.0010488946581734986 0.0022708494520266255 -0.0071896665260589871 0.013363763626117377 -0.0073731979643025421 0.00072426701164273139 0.021970025603727312 0.012627429557742409 -0.062187807676928109
leaf_weight=115.89969778060913 7754.2765094637871 193.43269801139832 194.73258817195892 268.71107983589172 3709.0863206386566 3437.3724139630795 4336.5314411222935 5617.242865383625 4973.2216898798943 216.84561049938202 757.63253605365753 386.9333643913269
leaf_count=92 9438 188 97 76 3466 3613 3465 6427 4377 49 616 118
internal_value=0.000254921 -0.0021368 -0.0158292 0.00175771 0.00141825 -0.00134761 0.00308305 -0.00127202 -0.00206874 0.014331 0.00718758 -0.0228578
internal_weight=31961.9 12239.1 697.566 19722.8 19237.3 7146.46 12090.8 11541.5 10590.5 485.557 951.065 502.833
internal_count=32022 11915 307 20107 19982 7079 12903 11608 10804 125 804 210
is_linear=0
shrinkage=0.0773788


Tree=63
num_leaves=15
num_cat=0
split_feature=9 22 19 1 6 13 0 3 10 32 7 1 0 7
split_gain=17.1351 17.4049 39.8956 17.1274 14.764 13.9554 16.0213 15.6261 13.4158 11.7969 10.2919 8.60904 6.33322 1.17874
threshold=-2.6394570688335075 17.264356537454706 18.007056704426258 0.29738515968475593 1.7491529660644984 31.546147882565304 -0.5 7.0650000000000004 29.289600989352806 27.269980658039817 8.5650000000000031 -0.41833786098732351 0.9642429010242235 3.2312465120443372
decision_type=2 2 2 2 2 2 2 2 2 2 2 2 2 2
left_child=5 11 3 -3 -4 6 10 -8 13 -10 -1 -2 -13 -7
right_child=1 2 4 -5 -6 8 7 -9 9 -11 -12 12 -14 -15
leaf_value=-0.012310398097245363 -0.030410814119098652 -0.051773802255284912 0.0010529346286173354 0.0021455500541933221 0.025116606946290622 -0.037083484086003184 0.015116354128300577 -0.022177957727460236 -0.033703507677694984 -0.0063859421951472841 -0.031033639535367235 0.022672056708433912 -0.001104776476919188 -0.076994441356535312
leaf_weight=692.70599290728569 125.38344359397888 531.99664053320885 26593.69878423214 231.24134370684624 125.73712825775146 90.561012804508209 1162.6747750043869 237.9764461517334 92.253262042999268 748.01796582341194 191.78142642974854 723.721858471632 171.48259922862053 242.68613600730896
leaf_count=427 54 229 28090 132 31 104 1072 175 22 932 41 447 132 134
internal_value=0.000292235 0.000927284 0.000544006 -0.0168209 0.00105633 -0.00483074 -0.00112405 0.00383957 -0.0117086 -0.00586244 -0.00937405 0.0108468 0.0136393 -0.0251042
internal_weight=31961.9 28503.3 27482.7 763.238 26719.4 3458.66 2285.14 1400.65 1173.52 840.271 884.487 1020.59 895.204 333.247
internal_count=32022 29115 28482 361 28121 2907 1715 1247 1192 954 468 633 579 238
is_linear=0
shrinkage=0.0773788


Tree=64
num_leaves=11
num_cat=0
split_feature=5 14 6 30 7 1 56 57 50 13
split_gain=16.2278 17.1338 13.6583 12.0829 12.671 11.825 13.1463 11.2586 10.1111 6.6119
threshold=-0.84516252513385659 26.022320296746518 1.7491529660644984 0.38405500969484735 1.9500000000000013 -0.83108446127122859 5.734163572827252 3.7003985749027994 24.76442174904879 27.391503192658849
decision_type=2 2 2 2 2 2 2 2 2 2
left_child=1 9 5 4 -3 8 -7 -5 -2 -1
right_child=2 3 -4 7 -6 6 -8 -9 -10 -11
leaf_value=-0.025252375398327483 0.0030794196234935982 -0.00094867359735913007 0.036311245318795905 -0.001784391395849546 0.013646928525240751 0.0029227798322910845 -0.0032183256843027175 -0.011568219232152075 -0.012732979895710357 -0.066398913035609075
leaf_weight=142.58077096939087 1437.3005128800869 1117.8011646568775 121.25845468044281 2908.8200986385345 463.46620345115662 18683.726498693228 2962.1401453912258 2024.9731682240963 1913.71123072505 186.14056688547134
leaf_count=34 1812 1587 31 2711 484 17505 3054 1688 3036 80
internal_value=0.00025749 -0.00306691 0.00117813 -0.00212768 0.00363146 0.00103489 0.00170816 -0.00404877 -0.00320221 -0.0203164
internal_weight=31961.9 6843.78 25118.1 6515.06 1581.27 24996.9 21645.9 4933.79 3351.01 328.721
internal_count=32022 6584 25438 6470 2071 25407 20559 4399 4848 114
is_linear=0
shrinkage=0.0773788


Tree=65
num_leaves=9
num_cat=0
split_feature=6 9 13 8 5 52 12 1
split_gain=15.6804 14.9439 17.2893 18.2493 11.7417 10.3684 12.7051 11.6798
threshold=1.7491529660644984 -2.6394570688335075 29.945109709634085 6.7200000000000015 -0.86809259322582466 -1.0000000180025095e-35 39.737227015339535 0.82193640680400659
decision_type=2 2 2 2 2 2 2 2
left_child=1 2 4 -4 -1 6 -3 -7
right_child=-2 5 3 -5 -6 7 -8 -9
leaf_value=-0.023186303662075254 0.040434954039515851 0.022500587361762241 -0.0088770868316341879 -0.032979533471824134 0.0057702302356427339 -0.00056133831294528523 -0.0017687766468412051 0.0028117501062055236
leaf_weight=320.3027263879776 119.73317003250122 334.08800542354584 1077.4381963014603 650.1129390001297 1340.8843929767609 21228.217308610678 241.13158720731735 6471.4830836951733
leaf_count=115 29 109 1299 312 1176 23666 62 5208
internal_value=0.000167862 4.8741e-05 -0.00479102 -0.0102149 0.000642988 0.000642308 0.0109104 0.000414249
internal_weight=31783.4 31663.7 3388.74 1727.55 1661.19 28274.9 575.22 27699.7
internal_count=31976 31947 2902 1611 1291 29045 171 28874
is_linear=0
shrinkage=0.0773788


Tree=66
num_leaves=15
num_cat=0
split_feature=9 8 21 13 30 2 54 48 37 37 17 18 18 54
split_gain=14.9307 16.3752 17.7709 16.2127 18.2046 11.0899 29.6117 17.4904 14.5283 14.095 10.5689 9.52149 9.0996 8.9006
threshold=-2.6394570688335075 6.6400000000000032 18.289197660827316 29.945109709634085 1.4966379040850637 -0.012910296075008829 1008.9081442884049 24.685497309899372 28.393125000000005 29.703125000000004 29.701481350588406 44.550000000000004 62.850000000000001 1015.5500000000001
decision_type=2 2 2 2 2 2 2 2 2 2 2 2 2 2
left_child=1 2 -1 4 -3 6 7 -2 11 -10 -8 -7 -4 -5
right_child=5 3 12 13 -6 8 10 -9 9 -11 -12 -13 -14 -15
leaf_value=0.057258862836613224 0.015272416032997291 -0.021225351342914551 0.020202291860238794 -0.038909640431643987 0.011043583383301605 0.01758131139937328 0.021653148528784839 -0.00038660470305886647 -0.0087041391427253693 0.010583621510436691 0.00085544200425799368 0.00016113196750961421 -0.010878903617344922 -0.021590842825573116
leaf_weight=114.81374192237854 1161.1548132300377 487.60990810394287 211.13461357355118 514.58900588750839 312.94648733735085 292.77154219150543 2143.9708755016327 10931.96679392457 3143.2459423243999 522.66443705558777 623.71041849255562 9573.6470058262348 1607.6698366105556 141.4959876537323
leaf_count=71 1500 234 186 253 215 160 1657 10340 4544 313 921 9638 1877 67
internal_value=9.66225e-05 -0.00473996 0 -0.0109229 -0.00295849 0.000687591 0.00215386 0.000468455 -0.000895903 -0.00506325 0.00937438 0.00061717 -0.00196022 -0.020006
internal_weight=31783.4 3390.26 1933.62 1456.64 800.556 28393.1 14860.8 12093.1 13532.3 3665.91 2767.68 9866.42 1818.8 656.085
internal_count=31976 2903 2134 769 449 29073 14418 11840 14655 4857 2578 9798 2063 320
is_linear=0
shrinkage=0.0773788


Tree=67
num_leaves=10
num_cat=0
split_feature=19 57 27 23 51 1 43 32 1
split_gain=13.7071 18.2643 16.5797 32.1161 14.2167 14.0734 13.3071 10.881 10.2649
threshold=14.994812738037348 4.4038024660677442 21.354078294507698 22.175504671048831 0.74174406635595425 -0.10576192554103797 62.193750000000009 27.374668501020192 -0.43993348031440127
decision_type=2 2 2 2 2 2 2 2 2
left_child=1 -1 4 5 6 -4 -2 -5 -6
right_child=2 -3 3 7 8 -7 -8 -9 -10
leaf_value=-0.00026572656894644718 0.034449678419067778 -0.065590477981120207 -0.029438533993158499 0.021962590958101307 -0.0097794519080385018 -0.0079651190725880915 -0.014338013996111733 0.00030956972733177688 0.012548120725967216
leaf_weight=226.20378136634827 213.67425870895386 240.92675596475601 903.84840381145477 549.97107729315758 229.90228086709976 1156.6627196371555 590.7552684545517 26280.818112254143 1390.6287512779236
leaf_count=107 144 83 462 403 154 690 364 28427 1142
internal_value=8.36803e-05 -0.0129947 0.000292176 -0.00021185 0.00643662 -0.00951961 -0.00158081 0.000490824 0.010634
internal_weight=31783.4 467.131 31316.3 28891.3 2424.96 2060.51 804.43 26830.8 1620.53
internal_count=31976 190 31786 29982 1804 1152 508 28830 1296
is_linear=0
shrinkage=0.0773788


Tree=68
num_leaves=13
num_cat=0
split_feature=19 43 27 41 28 44 21 22 54 1 57 51
split_gain=14.249 20.3435 19.3998 12.3978 11.9134 11.754 8.48374 8.02204 7.89322 7.78687 12.6157 5.96756
threshold=16.490010897155415 60.335416666666681 20.339173374770166 54.337500000000013 2.0947706706103291 6.453399704123739 16.064484976126629 19.719538220445454 1010.1947825755868 -0.042589523029208536 5.0115353294966987 1.4301575435344553
decision_type=2 2 2 2 2 2 2 2 2 2 2 2
left_child=2 7 5 11 -5 -1 -7 8 -2 -4 -11 -3
right_child=1 3 9 4 -6 6 -8 -9 -10 10 -12 -13
leaf_value=-0.042222940652376868 -0.0073837207097791364 -0.003479461675651321 -0.035696571847370052 -8.8522232968784591e-06 0.012954291124846378 0.016881297199542667 -0.0076828091879001456 -0.029156828761003253 0.02911997823929742 0.02488573413090963 -0.031117810992831119 -0.052810825407177561
leaf_weight=123.06230613589287 126.64139473438263 195.71531680226326 334.5297189950943 28650.649517506361 874.27474787831306 230.73739814758301 196.68432268500328 113.90237951278687 436.52429029345512 162.06461900472641 136.00157934427261 202.60381859540939
leaf_count=50 55 100 90 30078 712 107 128 80 356 74 51 95
internal_value=5.34722e-05 0.000387512 -0.00824947 7.42042e-05 0.000270186 0.00178546 0.00845092 0.0136106 0.0174882 -0.0175056 -0.00654518 -0.0133938
internal_weight=31783.4 30600.3 1183.08 29923.2 29524.9 550.484 427.422 677.068 563.166 632.596 298.066 398.319
internal_count=31976 31476 500 30985 30790 285 235 491 411 215 125 195
is_linear=0
shrinkage=0.0773788


Tree=69
num_leaves=12
num_cat=0
split_feature=0 23 32 57 1 13 14 14 31 27 3
split_gain=13.499 18.8908 18.1071 17.5352 16.8364 12.8834 19.7911 17.0487 11.1817 12.4747 10.919
threshold=-0.49931170690037036 21.248663886333308 25.024406781545384 5.0914663940017002 0.017213356155834299 35.386543744508494 29.461095437533142 28.641924796767473 2.1739747603751156 22.600901216985367 3.3903753669966803
decision_type=2 2 2 2 2 2 2 2 2 2 2
left_child=1 3 -2 4 -1 7 -7 -4 10 -10 -3
right_child=2 8 5 -5 -6 6 -8 -9 9 -11 -12
leaf_value=-0.017315087879944232 0.035995859597755926 0.0068116310599767279 0.0013718724087858898 -0.07385999195453527 0.016171149185388461 -0.01462802527857127 0.00062588341778458442 0.009875544498600947 0.0077256906109944437 -0.010142314264690432 -0.0015500947531995066
leaf_weight=522.66417092084885 170.40501606464386 2286.5447439849377 10809.078204900026 199.32048571109772 267.55429345369339 1203.5689361393452 4617.0309362411499 2723.0805173516273 730.74812078475952 4476.0122338533401 3777.3837502300739
leaf_count=164 125 2628 11442 43 112 1663 3658 3276 337 4492 4036
internal_value=0 -0.00200214 0.00127333 -0.0122642 -0.00642568 0.00102958 -0.0019798 0.00235112 -0.00106446 -0.00370999 0.00114816
internal_weight=31783.4 12260.2 19523.2 989.539 790.218 19352.8 5820.6 13532.2 11270.7 5206.76 6063.93
internal_count=31976 11812 20164 319 276 20039 5321 14718 11493 4829 6664
is_linear=0
shrinkage=0.0773788


Tree=70
num_leaves=16
num_cat=0
split_feature=2 27 1 43 12 0 56 44 2 19 49 22 6 54 1
split_gain=13.6848 19.4658 13.9704 19.4825 14.8445 13.6127 25.3931 18.8993 10.4165 9.94505 26.9757 10.1815 6.05927 7.52626 0.769671
threshold=0.87377473702374975 21.637639736799539 -0.83108446127122859 73.535416666666677 37.786635424362281 -0.44223725300475042 3.6040634277768659 12.158131916539388 0.99370977118463066 16.490010897155415 0.51305432309727006 17.680346693720335 0.49979535608507236 1010.8593134666515 -0.5123666674339783
decision_type=2 2 2 2 2 2 2 2 2 2 2 2 2 2 2
left_child=1 12 3 -3 -4 6 7 -2 -8 10 -7 -11 13 -1 -14
right_child=5 2 4 -5 -6 9 8 -9 -10 11 -12 -13 14 -15 -16
leaf_value=-0.0037462707034416347 0.0027328012582754475 -0.028877272063686746 0.0045023634894946155 -0.003367887261788926 -0.00098721012696359033 0.025541136954799273 -0.041859586895391883 -0.020446507316274894 -0.0043496930096046937 0.015191819780614823 -0.03236404409855162 0.00060454894184943178 0.021201403931461058 0.016996583411378417 0.047439029483904473
leaf_weight=179.61051347851753 1575.486845433712 374.26476231217384 12127.743354707956 3804.1668145656586 7961.9602533578873 156.30401945114136 819.29628694057465 795.1919746696949 170.7939732670784 439.72650089859962 392.03785192966461 2507.5818862318993 64.078257203102112 339.34141731262207 174.64500337839127
leaf_count=135 1099 297 16791 5793 3314 88 342 400 109 357 190 2638 74 281 176
internal_value=7.13774e-05 0.000921689 0.000523574 -0.00352061 0.00138342 -0.00297779 -0.00649633 -0.00196417 -0.0169257 0.000304867 -0.0090967 0.00218823 0.0131193 0.00726904 0.0239797
internal_weight=31882.2 25025.8 24268.1 4178.43 20089.7 6856.42 3360.77 2370.68 990.09 3495.65 548.342 2947.31 757.675 518.952 238.723
internal_count=32084 26861 26195 6090 20105 5223 1950 1499 451 3273 278 2995 666 416 250
is_linear=0
shrinkage=0.0773788


Tree=71
num_leaves=16
num_cat=0
split_feature=0 55 56 17 40 14 1 22 14 1 8 16 43 36 44
split_gain=12.3321 18.1334 19.4967 16.6929 16.9764 15.6793 14.4093 14.3803 14.8642 14.1621 13.7923 12.4139 7.33285 5.22141 4.61795
threshold=-0.45594138630402237 1010.85 5.1101516089120267 28.842487246272267 2.8175935357047033 28.111411698319401 0.00862137604493079 20.093125427498592 29.143431146391606 0.98905580953489702 5.8338014641011204 30.281675378504556 72.458333333333343 0.40347308432530121 6.391420311816967
decision_type=2 2 2 2 2 2 2 2 2 2 2 2 2 2 2
left_child=1 7 6 4 10 13 -3 14 -9 -6 -2 -7 -4 -5 -1
right_child=3 2 12 5 9 11 -8 8 -10 -11 -12 -13 -14 -15 -16
leaf_value=-0.001651384856820793 0.0051380321616550121 -0.014000165941444005 -0.066667297393944516 0.0023061818593100823 0.0088297325446924629 0.0026271999004287422 0.00057066932143577361 -0.00530212849975676 0.0025442224865036781 0.030223457048584687 -0.0063634525928106507 -0.0032189451824175897 -0.023800940043278099 -0.035427294417167333 0.033096908332145465
leaf_weight=84.659688800573349 5014.8793891072273 1576.3955356180668 190.49074310064316 107.49105831980705 3613.4754291772842 4478.3230550587177 1926.7371815145016 4321.8825218379498 3789.5671023726463 463.25070875883102 2383.0573380291462 2804.4683889448643 302.95134118199348 560.74587768316269 263.85435563325882
leaf_count=62 6734 979 43 170 2966 5924 1490 5254 3801 174 2306 1283 170 569 159
internal_value=5.46327e-05 -0.00183346 -0.00612829 0.00128423 0.00318173 -0.00140867 -0.00395727 0.000154572 -0.000466919 0.0072017 0.000914352 -0.000313153 -0.0206397 -0.0127272 0.0154774
internal_weight=31882.2 12456.5 3996.57 19425.7 11474.7 7951.03 3503.13 8459.96 8111.45 4076.73 7397.94 7282.79 493.442 668.237 348.514
internal_count=32084 11958 2682 20126 12180 7946 2469 9276 9055 3140 9040 7207 213 739 221
is_linear=0
shrinkage=0.0773788


Tree=72
num_leaves=13
num_cat=0
split_feature=2 41 57 1 6 13 14 14 2 27 8 51
split_gain=14.0152 24.021 17.9901 14.8165 12.3753 11.8874 26.8211 15.2044 7.15013 8.11928 4.52833 2.71723
threshold=0.96897393274411414 72.96250000000002 6.3616332495169372 0.00862137604493079 1.7491529660644984 35.232922286586934 29.451725192924979 28.210015551152598 0.99370977118463066 21.413767154958403 4.1500000000000012 1.2511791814897999
decision_type=2 2 2 2 2 2 2 2 2 2 2 2
left_child=4 2 3 -2 5 7 -7 -1 9 -3 -10 -4
right_child=1 8 11 -5 -6 6 -8 -9 10 -11 -12 -13
leaf_value=-0.00031961448571675021 -0.015840720340720101 0.018761188637881291 -0.025372738768872815 0.0014063885008961893 0.025859426154569393 -0.011980458015792278 0.00023706260090456722 0.0052070137594615084 -0.008637830242309661 -0.01031827998299643 0.021007374402582154 -0.089181164193272475
leaf_weight=11250.677336752415 1313.9535636007786 101.60037836432457 158.73396420478821 1065.9765065908432 124.90701341629028 2133.3611943125725 7238.7917570769787 7476.2190596759319 63.164393037557602 444.64587494730949 346.66394200921059 163.53473114967346
leaf_count=11616 696 87 94 804 30 2966 6124 8773 74 446 334 40
internal_value=0 -0.00450055 -0.00828312 -0.00573541 0.000587073 0.000463896 -0.00176695 0.00159994 0.00580034 0 0.0134674 -0.0256545
internal_weight=31882.2 3658.27 2702.2 2379.93 28224 28099 9372.15 18726.9 956.075 546.246 409.828 322.269
internal_count=32084 2575 1634 1500 29509 29479 9090 20389 941 533 408 134
is_linear=0
shrinkage=0.0773788


Tree=73
num_leaves=13
num_cat=0
split_feature=5 10 27 6 18 0 26 44 53 54 52 38
split_gain=13.9551 13.8643 12.9527 12.0504 11.2207 10.5332 13.3732 12.9495 8.92845 6.36534 4.45243 3.98249
threshold=-0.45128840335427717 27.268764825007477 21.354078294507698 1.7491529660644984 90.49388317641511 0.77579695708692298 27.771966592293921 2.4224382698226639 1008.4659747279671 1012.0053407242411 244.31916666666652 1.4982385188633418
decision_type=2 2 2 2 2 2 2 2 2 2 2 2
left_child=1 2 9 5 8 6 -2 -7 -3 -1 -4 -6
right_child=3 4 10 -5 11 7 -8 -9 -10 -11 -12 -13
leaf_value=0.011449819112018983 0.0021404107886980072 0.00011936532268893795 -0.029435768248654206 0.028756987777166985 -0.016179013241220161 0.0098311816285897788 0.011285216917224436 -0.0035619727651589688 -0.0069164310944683366 -0.01996763746261021 -0.049060878358880282 0.020610805429179768
leaf_weight=176.88307708501816 12947.644392758608 5847.3155310153961 172.69983702898026 103.10125410556793 72.227718234062195 495.40602403879166 1107.4027484953403 5040.0614452064037 5223.0928094983101 139.25260454416275 210.82164013385773 346.32063299417496
leaf_count=72 13186 6839 127 25 96 722 304 5931 4280 52 57 393
internal_value=3.62838e-05 -0.00200929 -0.0126122 0.00132096 -0.00132737 0.00115952 0.00229629 -0.00166066 -0.00182748 0 -0.0221052 0.0109217
internal_weight=31882.2 12188.6 699.657 19693.6 11489 19590.5 14055 5535.47 11070.4 316.136 383.521 418.548
internal_count=32084 11916 308 20168 11608 20143 13490 6653 11119 124 184 489
is_linear=0
shrinkage=0.0773788


Tree=74
num_leaves=14
num_cat=0
split_feature=17 10 52 6 13 21 4 13 12 12 35 51 4
split_gain=13.0917 33.5494 13.8455 10.8736 10.3187 8.77038 7.9741 7.57749 7.28681 7.56842 4.37022 2.85563 1.6648
threshold=25.360495962710704 27.705836321333432 244.31916666666652 1.7491529660644984 33.4517357889926 17.121909071179765 1008.4993377516751 28.353739127707566 32.983895381624457 24.679230927028279 0.51087017017691305 0.51651018826337924 1007.767922417926
decision_type=2 2 2 2 2 2 2 2 2 2 2 2 2
left_child=6 2 5 4 -3 -2 11 -4 9 -8 -10 -1 -13
right_child=1 3 7 -5 -6 -7 8 -9 10 -11 -12 12 -14
leaf_value=0.01145561495252684 0.019707568057383263 0.0024675976652079592 -0.01611056607908282 0.01681416159055997 -0.001065743998215586 -0.015826301502502593 0.016079881454589003 -0.039226529752553072 0.0057724954279241543 0.0024586862023416277 0.04033818992397066 -0.018716701432014503 -0.031936291765466036
leaf_weight=78.874659657478333 91.256205439567566 12466.093002140522 300.66490596532822 121.0551905632019 13874.284045279026 1655.305999904871 229.69268423318863 338.46206229925156 150.98104897141457 2070.1250967681408 366.56742826104164 67.545305818319321 71.322079837322235
leaf_count=107 53 11922 93 29 15107 1773 103 117 213 1938 484 87 58
internal_value=0 -0.000503445 -0.0092877 0.000276169 0.000153994 -0.00540259 0.00483565 -0.01923 0.00601849 0.00391658 0.0145501 -0.00864727 -0.0153399
internal_weight=31882.2 28847.1 2385.69 26461.4 26340.4 1746.56 3035.11 639.127 2817.37 2299.82 517.548 217.742 138.867
internal_count=32084 29094 2036 27058 27029 1826 2990 210 2738 2041 697 252 145
is_linear=0
shrinkage=0.0773788


Tree=75
num_leaves=14
num_cat=0
split_feature=17 16 14 0 40 53 57 37 6 9 52 32 9
split_gain=13.8482 15.8442 21.2467 12.6691 18.856 17.3614 27.8149 13.7208 10.3432 9.91004 7.22981 6.80136 2.45449
threshold=31.402378665328129 30.800142716533216 29.765000000000004 -0.5 3.4731349911371834 1008.4928891854569 3.6022355318187351 29.082166289372442 1.6228874676610141 2.7249254676077297 1.081666666666468 40.92739405061058 -0.085700878685850398
decision_type=2 2 2 2 2 2 2 2 2 2 2 2 2
left_child=3 2 12 5 8 10 -7 -6 -5 -4 -1 -3 -2
right_child=1 11 9 4 7 6 -8 -9 -10 -11 -12 -13 -14
leaf_value=0.01592693642523977 -0.058334507558348306 -0.0082057286834704337 -0.0043074660667437531 -0.00012773385717768933 0.0048950681344535913 -0.0014878577984492509 -0.02183408769222735 0.021588239517828307 -0.053744071352547086 0.0069396964509241361 0.001046895507778366 -0.0027586546524322698 -0.014041042544433655
leaf_weight=67.666903018951416 195.4547264277935 258.23224458098412 1173.6619172990322 13671.413295805454 4229.6222532689571 3871.6985593438148 1735.7249691784382 1024.0611837208271 88.307155132293701 391.37108916044235 5093.5579859018326 191.04703211784363 55.37154558300972
leaf_count=18 164 101 1141 15279 4101 3277 1283 543 25 305 5754 48 78
internal_value=-5.70399e-05 -0.00589328 -0.00242375 0.000375427 0.0015864 -0.00172867 -0.00472334 0.00552872 5.34269e-05 0.000725649 0.00145566 -0.0189551 -0.0231765
internal_weight=32047.2 2265.14 1815.86 29782.1 19013.4 10768.6 5607.42 5253.68 13759.7 1565.03 5161.22 449.279 250.826
internal_count=32117 1837 1688 30280 19948 10332 4560 4644 15304 1446 5772 149 242
is_linear=0
shrinkage=0.0773788


Tree=76
num_leaves=10
num_cat=0
split_feature=39 1 17 16 14 55 26 48 47
split_gain=12.0119 13.3044 11.5609 19.073 19.6834 13.9346 12.0288 6.16744 5.46752
threshold=-1.0000000180025095e-35 0.91423980510751857 31.235000000000003 30.840280259885017 29.765000000000004 1016.35 28.260456232235629 26.577606423684408 0.27632790822840442
decision_type=2 2 2 2 2 2 2 2 2
left_child=1 -1 5 4 -4 6 -2 -5 -7
right_child=2 -3 3 7 -6 8 -8 -9 -10
leaf_value=0.033046463882453456 0.00018186740088359834 -0.0016465485744899329 -0.040289690445010538 -0.0084126030663588484 0.0014061573263110668 -0.020412443010393126 0.014029853144427474 -0.0028176837917375701 -0.011427605471328317
leaf_weight=275.83435696363449 28266.781571239233 195.67597138881683 294.19718950986862 253.84563878178596 1847.514081209898 171.35483068227768 313.82430055737495 252.09756842255592 176.06535178422928
leaf_count=85 29610 54 296 85 1715 46 79 72 75
internal_value=-4.3675e-05 0.0121439 -0.000238852 -0.00513379 -0.00173829 0.000197286 0.000398043 -0.0186558 -0.0150828
internal_weight=32047.2 471.51 31575.7 2647.65 2141.71 28928 28580.6 505.943 347.42
internal_count=32117 139 31978 2168 2011 29810 29689 157 121
is_linear=0
shrinkage=0.0773788


Tree=77
num_leaves=8
num_cat=0
split_feature=6 3 33 41 26 51 3
split_gain=12.5048 10.8034 22.7128 15.2208 14.0614 13.0827 12.0852
threshold=1.7491529660644984 5.7406690866400831 3.0784502454986673 71.804166666666688 27.771966592293921 0.12379831193961129 3.6804083899247257
decision_type=2 2 2 2 2 2 2
left_child=1 4 3 -3 5 -1 -6
right_child=-2 2 -4 -5 6 -7 -8
leaf_value=0.014201138431185511 0.011386140913358728 -0.017951911107587017 -0.059610085280896424 -3.7064571497144912e-05 0.019218392383709145 -0.00054550993956686085 0.00015477176625901536
leaf_weight=891.7143237888813 127.25845468044281 643.62898921966553 253.59538751840591 3074.9823688864708 805.87434333562851 25238.554060190916 1011.5829329192638
leaf_count=429 32 376 143 3811 219 26803 304
internal_value=-2.21981e-05 -0.000131674 -0.00391382 -0.00226335 0.000393387 -5.10472e-05 0.00696778
internal_weight=32047.2 31919.9 3972.21 3718.61 27947.7 26130.3 1817.46
internal_count=32117 32085 4330 4187 27755 27232 523
is_linear=0
shrinkage=0.0773788


Tree=78
num_leaves=8
num_cat=0
split_feature=6 36 16 52 16 28 41
split_gain=12.5078 10.6021 12.7674 12.6143 13.758 12.9621 5.49348
threshold=1.7491529660644984 0.13300574885939034 31.012791153300387 -1.0000000180025095e-35 30.861422811309303 2.0947706706103291 81.917761981843952
decision_type=2 2 2 2 2 2 2
left_child=1 2 6 4 -3 -5 -1
right_child=-2 3 -4 5 -6 -7 -8
leaf_value=0.018757202528344671 0.01050509476359408 0.061562759787718004 -0.0068615110298267 -0.0010718805429966302 0.0011723238989717394 0.0083724649126025678 0.003234434595610946
leaf_weight=455.88542994856834 127.25845468044281 168.57356745004654 274.89457058906555 29450.618067860603 402.86242747306824 939.01482504606247 228.08351749181747
leaf_count=361 32 53 78 30227 113 887 366
internal_value=-2.47946e-05 -0.000134281 0.00784257 -0.000394153 0.0109182 -0.000620384 0.0136353
internal_weight=32047.2 31919.9 958.864 30961.1 571.436 30389.6 683.969
internal_count=32117 32085 805 31280 166 31114 727
is_linear=0
shrinkage=0.0773788


Tree=79
num_leaves=6
num_cat=0
split_feature=6 12 12 45 45
split_gain=12.5548 10.1912 12.7177 30.0502 15.531
threshold=1.7491529660644984 42.535347155226397 37.824269723622123 1.0000000180025095e-35 0.29195620796362737
decision_type=2 2 2 2 2
left_child=1 2 3 -1 -4
right_child=-2 -3 4 -5 -6
leaf_value=0.034854792471716078 0.0096922229253825487 0.032529446771622068 -0.0032296676712440776 0.00031135186801048138 0.0062117137388726321
leaf_weight=319.80949485301971 127.25845468044281 256.77712827920914 6617.5378268063068 23399.219343870878 1326.588612049818
leaf_count=115 32 58 2898 28524 490
internal_value=-6.4889e-05 -0.000174535 -0.000311318 0.00057339 -0.00299748
internal_weight=32047.2 31919.9 31663.2 23719 7944.13
internal_count=32117 32085 32027 28639 3388
is_linear=0
shrinkage=0.0773788


Tree=80
num_leaves=8
num_cat=0
split_feature=6 0 19 37 10 0 11
split_gain=10.9317 10.2232 18.7553 11.5427 9.69815 8.55504 8.14555
threshold=1.7491529660644984 -0.70664466788349056 14.994812738037348 24.279166666666672 25.059548091907789 0.77579695708692298 24.402732168201123
decision_type=2 2 2 2 2 2 2
left_child=1 2 -1 6 -4 -5 -3
right_child=-2 3 4 5 -6 -7 -8
leaf_value=-0.049252926406889851 -0.0026036416719771474 0.016952502368989285 -0.097907263863503777 0.0019430001703258368 -0.0013678677447564679 -0.0022439101350498355 -0.0021842523336140281
leaf_weight=130.30952942371368 116.02607226371765 210.47202038764954 87.76529985666275 16411.8064853549 9445.8453180491924 5469.3741525411606 111.49141407012939
leaf_count=30 28 117 45 16051 9208 6577 66
internal_value=7.60789e-05 -4.27502e-07 -0.00211196 0.000902461 -0.00166571 0.00066948 0.0153995
internal_weight=31983.1 31867.1 9663.92 22203.1 9533.61 21881.2 321.963
internal_count=32122 32094 9283 22811 9253 22628 183
is_linear=0
shrinkage=0.0773788


Tree=81
num_leaves=9
num_cat=0
split_feature=6 17 10 0 12 53 47 15
split_gain=10.9079 9.89264 26.84 11.9861 10.1486 8.20377 12.673 8.64879
threshold=1.7491529660644984 25.445000000000004 27.705836321333432 -0.45177882377373063 42.535347155226397 1010.3878033056789 0.50482524959517006 29.112541314955696
decision_type=2 2 2 2 2 2 2 2
left_child=1 5 3 -3 -4 7 -7 -1
right_child=-2 2 4 -5 -6 6 -8 -9
leaf_value=-0.0072316793358077535 -0.0024021749513455848 -0.029427298290818565 9.5714803126801756e-05 -0.0093830199699936959 0.029102684767338131 0.014967206625812057 -0.0011795233577370824 0.039758286163490822
leaf_weight=887.55386310815811 116.02607226371765 743.82397642731667 26143.973699361086 1555.925850212574 257.3476774096489 1444.3886993825436 759.22094312310219 74.829510658979416
leaf_count=975 28 373 26949 1566 56 1470 659 46
internal_value=0.000101249 1.99051e-06 -0.000439591 -0.00845342 0.000245971 0.00411502 0.00674715 -0.00153859
internal_weight=31983.1 31867.1 28701.1 2299.75 26401.3 3165.99 2203.61 962.383
internal_count=32122 32094 28944 1939 27005 3150 2129 1021
is_linear=0
shrinkage=0.0773788


Tree=82
num_leaves=8
num_cat=0
split_feature=6 5 23 22 19 2 55
split_gain=10.9323 9.58696 18.8908 12.695 13.6985 9.18913 8.21906
threshold=1.7491529660644984 -0.86809259322582466 21.248663886333308 16.490010897155415 16.490010897155415 0.97792737797861629 1010.7801014665571
decision_type=2 2 2 2 2 2 2
left_child=1 2 -1 5 -5 -3 -4
right_child=-2 3 6 4 -6 -7 -8
leaf_value=-0.023396536270072904 -0.0022162974878529975 0.013769344167934643 0.0014675472230128764 -0.018337060285449732 0.00046311176543944673 -0.0027516411888487266 -0.011244721730335113
leaf_weight=403.57327854633331 116.02607226371765 526.2313811480999 2364.5098307728767 469.24406483769417 26334.113191008568 258.05302155017853 1511.3394518196583
leaf_count=85 28 329 2842 205 27404 140 1089
internal_value=7.53722e-05 -1.13672e-06 -0.00341813 0.000516175 0.000217546 0.0102026 -0.00164613
internal_weight=31983.1 31867.1 4279.42 27587.6 26803.4 784.284 3875.85
internal_count=32122 32094 4016 28078 27609 469 3931
is_linear=0
shrinkage=0.0773788


Tree=83
num_leaves=9
num_cat=0
split_feature=19 22 19 22 22 2 22 34
split_gain=12.0355 16.0358 12.7169 13.0522 12.4486 11.9556 10.6205 5.41923
threshold=14.994812738037348 16.685915182201224 18.107518921861594 20.19857667715301 18.923627171406114 0.99164058729498161 15.420261360258456 0.41016256939658885
decision_type=2 2 2 2 2 2 2 2
left_child=6 5 4 -4 -3 7 -1 -2
right_child=1 2 3 -5 -6 -7 -8 -9
leaf_value=-0.00094227044504335616 0.0039886506432782343 -0.0013675289766477377 0.0077465566611451975 -0.00018301791198116043 -0.037265608118520782 -0.01216695781957043 -0.038419833131774377 0.026053910737435668
leaf_weight=216.27627336978912 226.76723936200142 1084.89854824543 2304.2458128929138 26912.205693125725 516.16856378316879 128.85110378265381 246.44645315408707 347.23060423135757
leaf_count=98 163 528 1880 28853 240 64 90 206
internal_value=8.33386e-05 0.000277313 1.11773e-06 0.0003813 -0.00669187 0.0117979 -0.0122296 0.0167695
internal_weight=31983.1 31520.4 30817.5 29216.5 1601.07 702.849 462.723 573.998
internal_count=32122 31934 31501 30733 768 433 188 369
is_linear=0
shrinkage=0.0773788


Tree=84
num_leaves=9
num_cat=0
split_feature=6 8 57 22 38 49 12 48
split_gain=10.9456 9.0878 21.2754 20.583 19.7374 13.5499 12.3067 7.90132
threshold=1.7491529660644984 6.6606975011680118 5.0002448668790151 17.886775525827883 2.290331182661093 0.71712635156672955 37.711898397072503 25.142620232801431
decision_type=2 2 2 2 2 2 2 2
left_child=1 4 5 -4 6 -3 -1 -6
right_child=-2 2 3 -5 7 -7 -8 -9
leaf_value=0.0020875089934351233 -0.0020306412930824564 -0.0049643033619061862 0.00089868909030890536 -0.046586812337506535 0.023796709641564082 0.0040924984020412284 -0.0018009444517684096 0.0037019754904395285
leaf_weight=16350.224597930908 116.02607226371765 4070.5602379143238 213.04865753650665 454.49628549814224 512.28726321458817 2838.3192590773106 7100.1358084380627 327.99211007356644
leaf_count=22710 28 3313 94 175 367 2177 3114 144
internal_value=5.90955e-05 -1.74727e-05 -0.00236748 -0.0155521 0.000700823 -0.00103188 0.000266321 0.0123316
internal_weight=31983.1 31867.1 7576.42 667.545 24290.6 6908.88 23450.4 840.279
internal_count=32122 32094 5759 269 26335 5490 25824 511
is_linear=0
shrinkage=0.0773788


Tree=85
num_leaves=16
num_cat=0
split_feature=5 55 12 57 2 48 17 3 54 20 41 51 5 44 22
split_gain=10.7163 16.4007 13.5191 10.8293 10.8201 21.1939 10.8927 9.13231 12.0266 8.02728 7.793 7.77453 5.59249 5.06829 4.42312
threshold=-0.86809259322582466 1010.7801014665571 25.591711467556344 3.853178139910411 0.6577658605988953 24.408694934129525 31.235000000000003 4.7402543500797849 1016.1500000000002 26.230665467553006 73.037500000000023 0.87969783427905579 -1.0695047331247718 12.2455545023588 26.798102865391421
decision_type=2 2 2 2 2 2 2 2 2 2 2 2 2 2 2
left_child=1 9 7 13 5 -4 -6 8 -2 12 -9 -5 -1 -3 -11
right_child=2 3 4 11 6 -7 -8 10 -10 14 -12 -13 -14 -15 -16
leaf_value=0.010153374659052101 0.013391766108996632 -0.00083540517870364281 0.012581433184303305 -0.011672146132902742 -0.0025518648773073835 -6.5422861792141838e-05 -0.044038297262255922 -0.014326604180156202 -0.011559407801155622 -0.010553842604178706 0.015236944348108543 -0.042657864900146093 0.0016921343404712509 -0.010789179821607753 0.00048620886540519869
leaf_weight=150.22473895549774 1766.2386803627014 747.20392766594887 2898.3485980927944 272.33411595225334 5683.1366731822491 16315.272270321846 239.73128998279572 320.62170571088791 214.28463196754456 188.60340967774391 180.63019174337387 386.51386845111847 1925.1349127292633 483.99229711294174 88.508018791675568
leaf_count=47 1046 589 3504 215 6453 16497 237 110 72 145 95 115 2588 236 31
internal_value=8.08587e-05 -0.00352467 0.000648363 -0.00889758 9.52537e-05 0.00100062 -0.00277889 0.00609404 0.00849906 0.000646133 -0.00267991 -0.0170656 0.00244986 -0.00418704 -0.0113973
internal_weight=31860.8 4242.52 27618.3 1890.04 25136.5 19213.6 5922.87 2481.78 1980.52 2352.47 501.252 658.848 2075.36 1231.2 277.111
internal_count=31980 3966 28014 1155 26691 20001 6690 1323 1118 2811 205 330 2635 825 176
is_linear=0
shrinkage=0.0773788


Tree=86
num_leaves=13
num_cat=0
split_feature=3 41 32 9 27 46 36 1 54 2 39 13
split_gain=10.242 16.5272 15.0292 18.9975 13.5782 12.2588 9.2145 9.15765 5.72565 5.2379 4.42801 1.46881
threshold=5.7406690866400831 71.804166666666688 25.194070615279944 -7.2276824667012809 21.637639736799539 26.768389251893151 1.181787371685673 0.21440734918472434 1013.8282236735541 0.98662138620987927 2.4542480178933741 23.587639571983349
decision_type=2 2 2 2 2 2 2 2 2 2 2 2
left_child=2 7 8 -4 11 -5 -6 9 -1 -2 -9 -3
right_child=1 4 3 5 6 -7 -8 10 -10 -11 -12 -13
leaf_value=0.034519175886730265 -0.05191567639315902 0.001614571738415846 -0.10950075289957238 0.00042923320311174563 -0.00057619786094514783 0.0038486454276528016 -0.019713649673759513 -0.013751003122229105 -0.0011320558654150672 -0.0040954227365223852 0.0035264700523697391 0.0095905166071277078
leaf_weight=216.21018752455711 267.46936237812042 62.858907759189606 119.71185258030891 26395.97327247262 2646.1652254760265 1075.7613363564014 331.15123718976974 248.70828586816788 112.44049739837646 110.86787956953049 87.743535369634628 185.71775075793266
leaf_count=134 120 58 77 27074 3450 347 220 159 54 72 55 160
internal_value=0.000106313 -0.00357039 0.000638763 0.000427935 -0.00108139 0.000577294 -0.00264528 -0.0142223 0.0170073 -0.022634 -0.00352635 0.0159327
internal_weight=31860.8 3940.68 27920.1 27591.4 3225.89 27471.7 2977.32 714.789 328.651 378.337 336.452 248.577
internal_count=31980 4294 27686 27498 3888 27421 3670 406 188 192 214 218
is_linear=0
shrinkage=0.0773788


Tree=87
num_leaves=14
num_cat=0
split_feature=5 19 12 57 44 17 10 14 22 29 23 55 53
split_gain=10.639 17.1599 13.8027 11.5866 16.8542 9.88949 15.9105 10.6287 9.24395 8.36798 7.87924 7.09048 6.35242
threshold=-0.86809259322582466 19.846740071463298 25.591711467556344 3.853178139910411 11.881692622009423 31.431126782126732 35.933209154189356 30.215000000000003 20.142619546041978 0.37366135921062699 20.991944896489915 1009.7601744558172 1013.5645626589055
decision_type=2 2 2 2 2 2 2 2 2 2 2 2 2
left_child=1 3 9 4 -1 7 -7 -4 -3 10 -2 -10 -11
right_child=2 8 5 -5 -6 6 -8 -9 11 12 -12 -13 -14
leaf_value=0.0077759611155895853 -0.011092846002285914 0.025188233098276384 -0.00016739723671660149 -0.0297528829809049 -0.011315497496992495 -0.044100054500780743 -0.00064018812630027252 0.0037757370133248264 0.0013524985058781843 0.015856215960725336 0.0036632052901977622 -0.010703953957519666 0.00094945931889966497
leaf_weight=287.94758248329163 266.21439933776855 118.99448210000992 19939.34656059742 369.93946063518524 335.33971560001373 349.8894008398056 1279.0775812268257 3568.1752889156342 1860.4137508571148 999.80287319421768 668.76515328884125 1269.8802976608276 546.99278396368027
leaf_count=114 93 75 22568 94 104 360 1111 2652 2292 616 367 1287 247
internal_value=7.12644e-05 -0.00352137 0.000636788 -0.0124213 -0.00515025 7.81069e-05 -0.00572657 0.000496819 -0.000675941 0.00613883 0 -0.00160052 0.0096281
internal_weight=31860.8 4242.52 27618.3 993.227 623.287 25136.5 1628.97 23507.5 3249.29 2481.78 934.98 3130.29 1546.8
internal_count=31980 3966 28014 312 218 26691 1471 25220 3654 1323 460 3579 863
is_linear=0
shrinkage=0.0773788


Tree=88
num_leaves=8
num_cat=0
split_feature=32 9 3 36 1 2 42
split_gain=10.8277 11.8757 10.2344 14.5182 11.034 6.04103 2.31266
threshold=25.024406781545384 -7.2276824667012809 5.7406690866400831 1.3657084676860032 -0.83108446127122859 0.97792737797861629 8.6443587527455392
decision_type=2 2 2 2 2 2 2
left_child=5 -2 4 -4 -3 6 -1
right_child=1 2 3 -5 -6 -7 -8
leaf_value=0.035830351229792091 -0.097996493019809144 -0.0057173602774752783 -0.00093680829216016479 -0.019967161577705929 0.0013822941007001169 -0.0014882013123127401 0.00082044845336093743
leaf_weight=137.93148916959763 134.34494379162788 3725.312266856432 3182.988573372364 647.02345624566078 23813.081841468811 109.38337737321854 110.71338242292404
leaf_count=101 92 5242 3862 377 22218 46 42
internal_value=9.20586e-05 -4.9413e-05 3.89008e-05 -0.00369394 0.000571782 0.0133949 0.0199986
internal_weight=31860.8 31502.8 31368.4 3830.01 27538.4 358.028 248.645
internal_count=31980 31791 31699 4239 27460 189 143
is_linear=0
shrinkage=0.0773788


Tree=89
num_leaves=16
num_cat=0
split_feature=13 10 2 12 54 2 47 57 6 50 15 39 34 18 36
split_gain=10.7389 18.8611 9.18609 10.2154 8.67504 13.2391 8.02963 6.60022 10.503 7.31077 6.23535 6.4444 4.2925 4.0255 2.45492
threshold=26.666375440990418 27.651680183606114 -1.1589155246373082 37.824269723622123 1009.9045663912824 0.69927101800089619 0.52100498890493085 3.0515825925044289 -0.25990347202285902 24.76442174904879 27.565000000000001 1.0697656067646319 0.062449979984763503 68.350000000000009 1.3822242720073226
decision_type=2 2 2 2 2 2 2 2 2 2 2 2 2 2 2
left_child=4 7 12 -4 10 13 -7 9 -9 -2 11 -1 -3 -6 -12
right_child=1 2 3 -5 5 6 -8 8 -10 -11 14 -13 -14 -15 -16
leaf_value=0.0008117777289966331 0.0047948719030963503 -0.0011632505245214966 0.001264881588871433 -0.0016874860188331501 0.00089892107549933758 0.0062954025385746296 -0.0049011122582535635 -0.0044544994218548954 -0.033143408675421974 -0.024960197796810038 0.020570396776802714 -0.020074779641824098 0.021814573863789054 0.037092304815244836 0.0063867788323561251
leaf_weight=354.28868499398232 683.38778474926949 217.3578634262085 18211.768600463867 7714.1243371367455 89.147875279188156 1278.7673126757145 619.29513114690781 563.01364836096764 550.50410377979279 314.00897178053856 75.656406968832016 252.13838249444962 283.4490362405777 519.96705588698387 133.90413531661034
leaf_count=414 747 66 23528 3235 98 1211 462 367 340 369 65 250 93 643 92
internal_value=6.84049e-05 -0.000404969 0.000144271 -4.31135e-05 0.00423808 0.00653122 0.003091 -0.00743912 -0.0116187 -0.00237917 -0.00236125 -0.00667226 0.0104818 0.0165594 0.0082937
internal_weight=31860.8 28537.6 26426.7 25925.9 3323.16 2507.18 1898.06 2110.91 1113.52 997.397 815.988 606.427 500.807 609.115 209.561
internal_count=31980 28745 26922 26763 3235 2414 1673 1823 707 1116 821 664 159 741 157
is_linear=0
shrinkage=0.0773788


Tree=90
num_leaves=8
num_cat=0
split_feature=6 36 13 14 10 16 41
split_gain=11.501 8.44966 11.6931 20.3761 14.8698 9.57822 11.0736
threshold=1.7491529660644984 0.21510215852023984 33.974144030758488 29.315000000000001 31.99497921509192 31.630932584182556 79.409536742330332
decision_type=2 2 2 2 2 2 2
left_child=1 5 4 -4 -3 6 -1
right_child=-2 2 3 -5 -6 -7 -8
leaf_value=0.01065119442577761 0.0080655484134601052 -0.00062172724400159918 -0.010574266550077517 -0.00018508999937052429 0.005044436970930679 -0.011646991062683108 0.0015648577510555231
leaf_weight=762.99913972616196 111.36589252948761 12830.684442996979 3376.1949353516102 7509.0073993206024 5841.0489957928658 140.12663269042969 1256.1492793560028
leaf_count=556 29 11675 4549 7281 6042 37 1807
internal_value=-1.67645e-05 -0.000117025 -0.000469825 -0.00249235 0.000690078 0.00453517 0.00602861
internal_weight=31827.6 31716.2 29556.9 10885.2 18671.7 2159.28 2019.15
internal_count=31976 31947 29547 11830 17717 2400 2363
is_linear=0
shrinkage=0.0773788


Tree=91
num_leaves=8
num_cat=0
split_feature=6 35 16 12 12 54 35
split_gain=11.471 8.38371 15.0163 10.2737 14.2521 9.70711 4.24149
threshold=1.7491529660644984 0.039327683230739714 30.611192691867512 42.091443635553183 37.824269723622123 1006.4450504280425 0.027868739964315891
decision_type=2 2 2 2 2 2 2
left_child=1 2 6 4 -3 -4 -1
right_child=-2 3 5 -5 -6 -7 -8
leaf_value=0.023911474932659597 0.0074414457934865409 0.00047739048532066442 -0.0050170759553172092 0.017041427053780041 -0.0027012597833076511 0.016092372453311257 0.0096363060388303372
leaf_weight=323.47597134113312 111.36589252948761 23261.339563578367 393.79495143890381 468.91744083166122 6859.1596894562244 276.89431244134903 132.62889614701271
leaf_count=220 29 28129 116 111 3059 93 219
internal_value=0 -8.80611e-05 0.00643776 -0.000341232 -0.000530437 -0.000424899 0.0172278
internal_weight=31827.6 31716.2 1126.79 30589.4 30120.5 670.689 456.105
internal_count=31976 31947 648 31299 31188 209 439
is_linear=0
shrinkage=0.0773788


Tree=92
num_leaves=9
num_cat=0
split_feature=6 35 57 8 13 14 51 31
split_gain=11.4636 8.51733 12.2996 9.93613 8.34162 9.36056 8.18381 2.04033
threshold=1.7491529660644984 0.039327683230739714 3.2150000000000003 2.1618973918536342 24.840250272077991 28.190112409469183 0.72318307355373201 2.4240181674649612
decision_type=2 2 2 2 2 2 2 2
left_child=1 2 7 -4 6 -6 -3 -1
right_child=-2 4 3 -5 5 -7 -8 -9
leaf_value=0.044197318077490236 0.006865635497889557 -0.0029826191536175654 0.0095764189484427598 -0.0083627853447533259 -0.0028329220659579373 0.00061798315140646626 0.0084691699202025968 0.019433021787542332
leaf_weight=171.36115315556526 111.36589252948761 401.53180280327797 606.57967433333397 242.20858106017113 12432.580742150545 16769.279961436987 986.02418747544289 106.64472281932831
leaf_count=106 29 411 417 89 12332 17584 972 36
internal_value=0 -7.97753e-05 0.00649839 0.00137172 -0.000334883 -0.000624954 0.00549107 0.0205979
internal_weight=31827.6 31716.2 1126.79 848.788 30589.4 29201.9 1387.56 278.006
internal_count=31976 31947 648 506 31299 29916 1383 142
is_linear=0
shrinkage=0.0773788


Tree=93
num_leaves=13
num_cat=0
split_feature=28 16 47 17 43 49 24 3 50 12 16 44
split_gain=7.80584 10.35 28.6848 17.1913 22.1323 14.8684 9.42107 7.83116 7.43463 7.54716 4.62791 1.83971
threshold=2.1756957864472466 30.882506428742843 1.0000000180025095e-35 31.235000000000003 77.810416666666683 -0.12153316575862026 27.806711384911697 3.7210583128744101 25.318136878331341 32.983895381624457 30.23321275348685 7.2070762069291465
decision_type=2 2 2 2 2 2 2 2 2 2 2 2
left_child=1 2 10 4 -3 -4 -5 8 9 -2 -1 -9
right_child=7 3 5 6 -6 -7 -8 11 -10 -11 -12 -13
leaf_value=0.036359066700470052 0.0049908149436759548 0.0033940960382795129 0.030383701201964854 -0.0077467118462815222 -0.0081637944693795355 -3.7008825836911831e-05 -0.0021043340086379266 -0.0016156724617829884 -0.016721271396485968 0.027501745882014091 0.011860742849433992 -0.044151632878336781
leaf_weight=232.29080009460449 176.03980952501297 2600.7701117694378 153.43404912948608 296.87384182214737 3408.1919541656971 23859.214595884085 208.47547113895416 60.863911479711533 98.669381439685822 430.01939707994461 208.04579681158066 94.687597423791885
leaf_count=76 227 1118 48 100 1534 28178 56 30 26 423 70 90
internal_value=-9.08622e-06 -0.000222942 0.000494579 -0.00297069 -0.00174417 0.00011867 -0.0167006 0.0072302 0.0109034 0.0143038 0.0199724 -0.00697823
internal_weight=31827.6 30967.3 24453 6514.31 6008.96 24012.6 505.349 860.28 704.729 606.059 440.337 155.552
internal_count=31976 31180 28372 2808 2652 28226 156 796 676 650 146 120
is_linear=0
shrinkage=0.0773788


Tree=94
num_leaves=8
num_cat=0
split_feature=6 12 2 8 45 2 2
split_gain=11.5111 8.16971 29.1886 28.6822 24.035 17.7925 15.9035
threshold=1.7491529660644984 37.711898397072503 -0.57595924728727643 1.4708816214848375 1.0000000180025095e-35 -0.9993703818063705 -0.51988380915896559
decision_type=2 2 2 2 2 2 2
left_child=1 4 5 -4 -1 -3 -6
right_child=-2 2 3 -5 6 -7 -8
leaf_value=0.032471269343973486 0.0057952201856278848 0.0060755116706685212 0.018374814209131913 -0.0001858524107727376 0.0048981721562326172 -0.0088133920394295011 -0.00074990121424460814
leaf_weight=272.73968040943146 111.36589252948761 749.46136581897736 523.44283771514893 4078.9544579982758 5545.8751650452614 2962.0424765348434 17583.694841712713
leaf_count=102 29 232 160 1561 8329 1638 19925
internal_value=-2.62503e-05 -0.000126544 -0.0022189 0.00183512 0.000601509 -0.00734023 0.000314083
internal_weight=31827.6 31716.2 8313.9 4602.4 23402.3 3711.5 23129.6
internal_count=31976 31947 3591 1721 28356 1870 28254
is_linear=0
shrinkage=0.0773788


Tree=95
num_leaves=14
num_cat=0
split_feature=12 45 14 2 54 8 18 1 0 20 56 11 16
split_gain=9.59321 28.3693 15.8891 18.5057 16.5883 16.2315 13.4784 15.6037 13.8294 11.1555 7.39805 6.85157 1.35999
threshold=37.824269723622123 1.0000000180025095e-35 27.081302357074474 -0.57595924728727643 1008.9952030651336 1.4600400960168876 87.831430570274719 0.72481290014920419 0.86246482065514307 25.196416291600162 1.5430661874832732 32.064884336157874 30.290653403423324
decision_type=2 2 2 2 2 2 2 2 2 2 2 2 2
left_child=1 12 9 4 -4 -5 7 -3 -8 10 -2 -11 -1
right_child=2 6 3 5 -6 -7 8 -9 -10 11 -12 -13 -14
leaf_value=0.056673829071147021 0.013142468423790139 -0.0014915001310385077 -0.0067756739593845278 0.015664218442324625 0.0073186000708577361 0.00027872194804848185 0.01887210916827331 0.0052326301801626689 -0.0077634670183752575 -0.0049670155519722942 -0.008797476377538577 -0.021664768942629465 0.0056750230781303377
leaf_weight=178.90598046779633 120.91881680488586 16345.681018948555 2861.6162331402302 527.57022631168365 547.15362048149109 3468.2803794145584 2244.982499152422 3784.2852588891983 1001.7035790979862 78.733283817768097 310.2306666970253 362.3748160302639 150.73878872394562
leaf_count=64 60 19318 1393 158 222 1184 2735 4908 1548 48 188 202 54
internal_value=-6.83258e-05 0.000711815 -0.00234593 -0.00112472 -0.0053428 0.00238453 0.000375968 -0.000353717 0.00500649 -0.0122402 -0.00236264 -0.0209595 0.0231216
internal_weight=31983.2 23706.3 8276.88 7404.62 3408.77 3995.85 23376.7 20130 3246.69 872.258 431.149 441.108 329.645
internal_count=32082 28627 3455 2957 1615 1342 28509 24226 4283 498 248 250 118
is_linear=0
shrinkage=0.0773788


Tree=96
num_leaves=9
num_cat=0
split_feature=6 12 45 30 2 2 2 16
split_gain=12.1905 10.1272 24.6061 17.076 16.0037 13.6131 2.33396 0.352772
threshold=1.7491529660644984 37.824269723622123 1.0000000180025095e-35 2.200937695369356 -0.57595924728727643 -0.50528627173416452 -0.59297764191382385 30.290653403423324
decision_type=2 2 2 2 2 2 2 2
left_child=1 2 7 4 -3 -4 -5 -1
right_child=-2 3 5 6 -6 -7 -8 -9
leaf_value=0.052336297130898386 0.015660664926123374 -0.005424952796919103 0.0043108088901287452 -0.0051863362639984097 0.00073450527783299813 -0.00073953482645406699 -0.026449790687089088 0.0052358964881058252
leaf_weight=175.26993346214294 120.6717883348465 3517.865284383297 5728.5644759237766 129.34593966603279 4395.472046226263 17621.081353336573 144.16555792093277 150.73878872394562
leaf_count=62 30 1721 8499 62 1576 20002 76 54
internal_value=-4.68207e-05 -0.000152788 0.000646282 -0.00250718 -0.00179381 0.000333676 -0.0214834 0.0216333
internal_weight=31983.2 31862.5 23675.7 8186.85 7913.34 23349.6 273.511 326.009
internal_count=32082 32052 28617 3435 3297 28501 138 116
is_linear=0
shrinkage=0.0773788


Tree=97
num_leaves=8
num_cat=0
split_feature=6 5 22 24 1 26 49
split_gain=12.1039 10.4172 11.7357 9.19615 9.19607 8.95953 7.31597
threshold=1.7491529660644984 -0.86809259322582466 16.685915182201224 21.195087437267969 0.026235173914869792 28.260456232235629 1.1467815173080571
decision_type=2 2 2 2 2 2 2
left_child=1 3 4 -1 -3 -4 -5
right_child=-2 2 5 6 -6 -7 -8
leaf_value=-0.023232013961172665 0.014448861151613012 0.00039299668288478903 -2.9932060260930466e-05 -0.0041930866971023406 0.019963261140086362 0.013025374668093221 0.0069240838787960994
leaf_weight=244.8006637096405 120.6717883348465 451.6946562230587 26296.215967923403 3771.4564324021339 448.97769775986671 403.76420792937279 245.59375369548798
leaf_count=53 30 238 27424 3800 307 99 131
internal_value=1.20725e-05 -7.08244e-05 0.00046747 -0.00363917 0.00914062 0.000159817 -0.00263495
internal_weight=31983.2 31862.5 27600.7 4261.85 900.672 26700 4017.05
internal_count=32082 32052 28068 3984 545 27523 3931
is_linear=0
shrinkage=0.0773788


Tree=98
num_leaves=15
num_cat=0
split_feature=5 0 8 16 3 9 31 55 16 37 32 13 10 36
split_gain=9.9591 11.9342 14.4497 16.7707 11.3763 10.4979 13.4356 10.447 14.5755 9.63158 8.83812 12.2355 7.43517 5.49759
threshold=-0.25855724858188694 0.77579695708692298 1.6972152601751043 29.295000000000005 4.3217756412076058 0.97030160990787995 2.4511246740534949 1004.3400484748662 30.882506428742843 27.829375000000006 40.52473001432184 33.392880831328249 40.421659565887794 0.20958743642542965
decision_type=2 2 2 2 2 2 2 2 2 2 2 2 2 2
left_child=4 10 13 -4 5 6 -1 12 -9 -7 11 -2 -6 -3
right_child=1 2 3 -5 7 9 -8 8 -10 -11 -12 -13 -14 -15
leaf_value=0.0021317851304504584 0.0067760973406668836 0.0088904709409771826 -0.00047164390475170693 -0.008103034573449467 -0.00052291000051795018 0.015734968773684674 -0.0063890760210661736 -0.0054284912799719013 -0.0091160477421274207 0.0016846125036891241 0.0079722901570073324 -0.0012925151368563122 0.013690610196221019 0.00063883463001534384
leaf_weight=3263.4646366536617 6886.1694085597992 538.57306119799614 2917.5120328068733 1403.0705040693283 596.59111666679382 659.33666035532951 3798.2939753234386 3037.7800499796867 428.49508428573608 2919.7374997437 394.29019528627396 4341.2293580770493 136.46143686771393 662.17014810442924
leaf_count=3285 6220 650 3815 1252 536 695 3321 3306 147 3243 91 4605 26 890
internal_value=-2.29627e-05 0.00123571 -0.00168531 -0.00382272 -0.00150141 -0.000119786 -0.00188263 -0.004912 -0.00672016 0.0032549 0.00265488 0.00221337 0.00313346 0.00568951
internal_weight=31983.2 17143 5521.33 4320.58 14840.2 10640.8 7061.76 4199.33 3466.28 3579.07 11621.7 11227.4 733.053 1200.74
internal_count=32082 17523 6607 5067 14559 10544 6606 4015 3453 3938 10916 10825 562 1540
is_linear=0
shrinkage=0.0773788


Tree=99
num_leaves=14
num_cat=0
split_feature=0 12 10 17 1 4 31 56 12 1 18 27 3
split_gain=8.81471 13.4543 10.0422 18.285 11.2215 9.75761 8.31767 14.8835 9.68658 8.25721 11.9899 6.54673 2.08764
threshold=-0.36264047642534053 25.591711467556344 39.900416405421751 30.695000000000004 1.0000983579782405 1014.7500000000001 2.5528139975178927 3.3447605695329812 37.824269723622123 0.00862137604493079 60.150000000000013 22.919666406572016 2.2506445177344729
decision_type=2 2 2 2 2 2 2 2 2 2 2 2 2
left_child=5 9 3 -3 -4 6 7 -1 -8 10 -2 -11 -7
right_child=1 2 4 -5 -6 12 8 -9 -10 11 -12 -13 -14
leaf_value=0.006201831080148058 -0.0044769406554448924 0.0012031762307268506 0.0039388727193839356 -0.0075480931486862817 -0.0067540225429588803 -0.011595321491954663 -0.0029056980227827834 -0.0021402684801214091 -0.017019723206325253 0.028560656556899589 0.02156706528260369 0.015827902704808102 -0.042520707764810636
leaf_weight=3303.3796887993813 500.64953136444092 15320.125674217939 1036.1834742724895 1712.099780112505 172.61973631381989 117.87399795651436 4070.7402405142784 4532.6595705449581 506.88625636696815 227.17753159999847 157.40645533800125 160.11355447769165 165.25967609882355
leaf_count=3376 201 17166 500 1748 47 68 3784 4458 238 137 139 132 88
internal_value=6.73825e-08 0.00105361 0.000542078 3.60672e-05 0.00734594 -0.00157141 -0.00121275 0.000275337 -0.00383736 0.00959346 0.00357027 0.018744 -0.0157724
internal_weight=31983.2 19286.4 18241 17032.2 1208.8 12696.8 12413.7 7836.04 4577.63 1045.35 658.056 387.291 283.134
internal_count=32082 20070 19461 18914 547 12012 11856 7834 4022 609 340 269 156
is_linear=0
shrinkage=0.0773788


Tree=100
num_leaves=13
num_cat=0
split_feature=27 19 4 17 26 19 1 18 8 15 9 38
split_gain=7.60694 15.6384 14.4198 17.5808 12.3577 11.1651 14.1408 9.29235 8.98742 8.79301 8.27087 7.10161
threshold=21.354078294507698 18.994854562027804 1011.7072424839163 30.08210348730233 19.484322903552073 14.994812738037348 -0.43993348031440127 74.420521413702502 6.6606975011680118 30.170772043813034 -5.2704305870800061 3.2238827733214417
decision_type=2 2 2 2 2 2 2 2 2 2 2 2
left_child=5 2 8 -4 -3 11 7 -7 -2 -8 -6 -1
right_child=1 4 3 -5 10 6 9 -9 -10 -11 -12 -13
leaf_value=-0.011018640016883206 0.018935506009774675 0.022342136509402512 -0.028702337208271284 0.0042949033252793452 -0.029649028247692801 -0.040253177039626553 0.0040901882388224165 0.018265371986266984 -0.0055347871498563662 0.028705954713098177 0.00018667746466311842 0.0081552208879720686
leaf_weight=234.07241833209991 190.07151687145233 195.89621686935425 643.50045341253281 297.06304579973221 345.43029102683067 214.01281946897507 1919.4548874795437 86.161311686038971 548.67047989368439 235.9097526371479 26752.099554687738 129.10246443748474
leaf_count=102 120 85 282 162 285 134 1480 71 208 117 28929 57
internal_value=0.000113645 -0.000248115 -0.00749103 -0.0138327 0.00018532 0.00395564 0.00591726 -0.00916267 0.000127142 0.00820028 3.03175e-05 -0.0082296
internal_weight=31791.4 28972.7 1679.31 940.563 27293.4 2818.71 2455.54 300.174 738.742 2155.36 27097.5 363.175
internal_count=32032 30071 772 444 29299 1961 1802 205 328 1597 29214 159
is_linear=0
shrinkage=0.0773788


Tree=101
num_leaves=9
num_cat=0
split_feature=6 1 1 46 40 48 48 46
split_gain=7.55295 7.25356 13.0565 8.98853 7.70727 15.7739 9.80892 7.52107
threshold=1.7491529660644984 -0.96900085243778544 -0.99817629101047811 24.80807310676553 1.1254628677338412 26.611454513639675 26.082788114691073 22.245229774378341
decision_type=2 2 2 2 2 2 2 2
left_child=1 2 3 -1 6 -6 -3 -4
right_child=-2 4 7 -5 5 -7 -8 -9
leaf_value=0.032422456152210975 0.0038524090271263882 -0.00032923779753634731 -0.082762910381777438 -0.0013013058492079763 0.00065471093502149824 0.0046429283628053753 -0.0047815545988379162 -0.012911611701282364
leaf_weight=191.53255784511566 119.68710649013519 4339.2394648790359 120.92675185203552 389.55031216144562 23090.119391262531 955.96858042478561 1454.7818301320076 1129.6392175555229
leaf_count=168 29 5924 69 513 22286 320 836 1887
internal_value=0.000105403 1.92501e-05 -0.00468884 0.0044579 0.000321086 0.000942181 -0.00219254 -0.00922974
internal_weight=31791.4 31671.8 1831.65 581.083 29840.1 24046.1 5794.02 1250.57
internal_count=32032 32003 2637 681 29366 22606 6760 1956
is_linear=0
shrinkage=0.0773788


Tree=102
num_leaves=9
num_cat=0
split_feature=6 20 56 33 12 2 34 54
split_gain=7.58719 6.44432 19.7234 18.9197 13.1765 10.9742 11.942 10.16
threshold=1.7491529660644984 25.495289899261564 2.2813562503597979 2.6135053903668237 37.863260924160748 -0.029257309981287626 -0.080638307517446953 1011.5118622437996
decision_type=2 2 2 2 2 2 2 2
left_child=1 5 4 -4 -3 7 -7 -1
right_child=-2 2 3 -5 -6 6 -8 -9
leaf_value=0.0035881204660469413 0.0035543141619306657 -0.0061917214602588925 -0.0013422133455380045 0.010755437175074298 -0.021337177420607749 0.022372825806500338 -0.00083970926037001343 0.054515984910675552
leaf_weight=7351.2565725743771 119.68710649013519 607.31002199649811 6139.7541385293007 1675.5078903436661 613.76901093125343 128.1904205083847 14906.856669515371 249.11338171362877
leaf_count=9075 29 822 5209 1114 290 38 15238 217
internal_value=6.55105e-05 0 -0.00175566 -0.000276443 -0.0108912 0.000688072 -0.000502637 0.00309034
internal_weight=31791.4 31671.8 9036.34 7815.26 1221.08 22635.4 15035 7600.37
internal_count=32032 32003 7435 6323 1112 24568 15276 9292
is_linear=0
shrinkage=0.0773788


Tree=103
num_leaves=14
num_cat=0
split_feature=27 23 47 11 43 0 41 18 12 1 48 36 44
split_gain=6.39676 22.4078 14.2871 10.0471 7.97062 7.73583 7.62312 15.5431 12.0401 7.26813 7.08147 2.36072 0.815581
threshold=21.354078294507698 20.922501317165221 0.39573321724840221 30.966029013723208 64.668750000000017 -0.70847355507459209 82.141740549121394 93.500425068988292 37.299063964886408 -0.069412143716296545 16.489788359128418 1.8108875266591518 11.345281626570154
decision_type=2 2 2 2 2 2 2 2 2 2 2 2 2
left_child=3 2 11 4 5 -1 7 -3 -8 -4 -6 -2 -5
right_child=1 6 9 12 10 -7 8 -9 -10 -11 -12 -13 -14
leaf_value=-0.007823790051986107 -0.02279943726008982 0.00057192813954034605 -0.020759168299369361 0.050621535549013059 0.019406863434864415 0.00069082828803298667 -0.0011713171478305196 0.033168230126172427 -0.013699274180779085 0.018416634034696896 0.0027086237024428017 -0.026255230263438848 0.015016226117925663
leaf_weight=357.51672101020813 168.00379234552383 20595.642315983772 167.66001823544502 134.56754991412163 79.607866585254669 1350.9366125762463 6308.419332742691 300.0377484858036 1010.5381360352039 213.83687016367912 806.49511218070984 208.59334456920624 89.589791774749756
leaf_count=108 95 18931 76 86 25 995 9792 237 737 135 693 68 54
internal_value=0.00010973 -0.00022101 -0.0133149 0.00363333 0.00210135 -0.000798675 0.000119917 0.000884812 -0.00201338 -0.00165943 0.008078 -0.0240118 0.019393
internal_weight=31791.4 28972.7 758.094 2818.71 2594.56 1708.45 28214.6 20895.7 7318.96 381.497 886.103 376.597 224.157
internal_count=32032 30071 374 1961 1821 1103 29697 19168 10529 211 718 163 140
is_linear=0
shrinkage=0.0773788


Tree=104
num_leaves=9
num_cat=0
split_feature=6 5 12 55 20 29 57 17
split_gain=7.54154 6.66882 11.6867 10.1465 8.65131 8.53613 7.66894 6.73993
threshold=1.7491529660644984 -0.86809259322582466 25.591711467556344 1010.7801014665571 26.162605963459537 0.52093796728099273 3.853178139910411 31.431126782126732
decision_type=2 2 2 2 2 2 2 2
left_child=1 3 5 4 -1 -3 -5 -4
right_child=-2 2 7 6 -6 -7 -8 -9
leaf_value=0.002881087294594643 0.0032350304010525725 0.00044620875376091568 0.0003823577038262765 -0.0053187360373911337 -0.0046499417234329727 0.010796753083787539 -0.017247725844944547 -0.0037635085309924319
leaf_weight=2063.7727209925652 119.68710649013519 1316.1256446242332 23302.944932609797 1244.9741774201393 299.59643989801407 1204.7372885942459 623.8770506978035 1615.7298512756824
leaf_count=2620 29 644 25232 813 199 689 319 1487
internal_value=0.000117876 3.177e-05 0.000484204 -0.00281313 0.00041333 0.00550063 -0.00707911 -9.5461e-06
internal_weight=31791.4 31671.8 27439.5 4232.22 2363.37 2520.86 1868.85 24918.7
internal_count=32032 32003 28052 3951 2819 1333 1132 26719
is_linear=0
shrinkage=0.0773788


Tree=105
num_leaves=9
num_cat=0
split_feature=6 5 55 25 40 48 12 57
split_gain=7.94893 7.60199 8.76794 8.43295 8.03843 23.6195 8.46851 6.68839
threshold=1.7679267379094308 -0.86809259322582466 1010.7801014665571 27.921659634197315 2.1531372459701075 26.611454513639675 37.711898397072503 4.0893562500815488
decision_type=2 2 2 2 2 2 2 2
left_child=1 2 3 -1 6 -6 -3 -4
right_child=-2 4 7 -5 5 -7 -8 -9
leaf_value=0.0015974241011771821 0.0060066382991384639 0.0006499314764456829 -0.0055676722263324095 -0.015765946333094392 0.0012083480272377526 0.011315888627705257 -0.0023344236428557374 -0.016964749567375641
leaf_weight=2229.4005054533482 113.90160953998566 8310.3999747931957 1363.3244171440601 145.17510738968849 15058.765039950609 478.0280022919178 3783.8222306072712 532.20953416824341
leaf_count=2747 28 12243 897 70 13942 144 1771 259
internal_value=0.00023365 0.000147895 -0.00287377 0.000111558 0.000628419 0.00180021 -0.000846936 -0.00679681
internal_weight=32015 31901.1 4270.11 2374.58 27631 15536.8 12094.2 1895.53
internal_count=32101 32073 3973 2817 28100 14086 14014 1156
is_linear=0
shrinkage=0.0773788


Tree=106
num_leaves=11
num_cat=0
split_feature=19 22 2 48 37 49 42 5 54 57
split_gain=8.65399 10.4083 8.97681 16.648 9.72686 6.75263 6.487 6.37994 6.02022 5.51736
threshold=14.994812738037348 16.685915182201224 0.6577658605988953 24.643351040383781 28.42229166666667 0.64920550021015166 10.679093139537374 0.96320205345224807 1014.3041022642592 4.5731790175978047
decision_type=2 2 2 2 2 2 2 2 2 2
left_child=5 6 3 -3 -4 -1 7 -2 -8 -7
right_child=1 2 4 -5 -6 9 8 -9 -10 -11
leaf_value=-7.7328190562429566e-07 0.023200690435757256 0.0074233781644833597 -0.001086415809266966 -9.2631743401424798e-05 -0.015024828279176951 -0.0058020461840075869 0.015318045574831842 -0.0014744681993533607 -0.021240874068046929 -0.028401941111047289
leaf_weight=165.57673984766006 382.07829490303993 5081.9422051906586 7922.607849419117 16930.014910697937 861.62691923975945 158.61034989356995 133.04860693216324 96.576945900917053 125.01275882124901 157.93084049224854
leaf_count=70 244 5972 7033 17222 1232 67 82 80 44 55
internal_value=0.000277681 0.000446682 0.000216482 0.00106158 -0.00185925 -0.00993221 0.00952021 0.0148144 0 -0.0165901
internal_weight=32015 31532.9 30796.2 22012 8784.23 482.118 736.717 478.655 258.061 316.541
internal_count=32101 31909 31459 23194 8265 192 450 324 126 122
is_linear=0
shrinkage=0.0773788


Tree=107
num_leaves=10
num_cat=0
split_feature=32 19 43 9 53 16 9 17 8
split_gain=8.99464 9.8201 13.6669 12.85 11.5385 9.22248 8.35265 4.80423 2.65252
threshold=25.024406781545384 16.490010897155415 58.456250000000004 -4.884084211186523 1010.6883918681241 20.845000000000002 -3.1500777105003208 25.774351828610502 7.2250000000000005
decision_type=2 2 2 2 2 2 2 2 2
left_child=7 5 4 -4 -3 -2 -7 8 -1
right_child=1 2 3 -5 -6 6 -8 -9 -10
leaf_value=0.013003910390008575 -0.038688231792575745 -0.0094865147055241249 -0.025596470686378114 0.00032543019359857606 0.033831141414987664 0.0022319303155448724 -0.0094814068034503353 0.0005767560062446684 0.015866039405435236
leaf_weight=92.409393429756165 119.32856178283691 92.481910765171051 539.86256310343742 29680.822747081518 256.19307237863541 320.18814635276794 623.85939595103264 161.21514743566513 128.66548305749893
leaf_count=77 22 37 438 30765 208 113 321 56 64
internal_value=0.000272853 0.000117823 0.000383866 0.000194807 0.0155336 -0.00715953 -0.00407757 0.0120129 0.0193674
internal_weight=32015 31632.7 30569.4 30220.7 348.675 1063.38 944.048 382.29 221.075
internal_count=32101 31904 31448 31203 245 456 434 197 141
is_linear=0
shrinkage=0.0773788


Tree=108
num_leaves=9
num_cat=0
split_feature=6 1 2 54 32 43 46 43
split_gain=7.92286 7.03666 10.3738 23.9062 9.63606 7.57297 19.6642 9.86522
threshold=1.7679267379094308 -0.83108446127122859 0.6577658605988953 1008.602852768346 28.970062385637309 73.322916666666686 23.902579517285432 66.289583333333354
decision_type=2 2 2 2 2 2 2 2
left_child=1 5 3 -3 -4 7 -7 -1
right_child=-2 2 4 -5 -6 6 -8 -9
leaf_value=-0.0013262634928041116 0.0055238380451684181 -0.00017637762868905375 0.00054100673013064552 0.0078319880040348139 -0.0072379698783254466 0.023153521989828302 -0.005952572809206632 -0.057361343155594428
leaf_weight=218.37081980705261 113.90160953998566 11844.480618715286 5867.5084336698055 5912.2951503396034 3970.6215327382088 370.32976320385933 3444.3966725170612 273.12182080745697
leaf_count=129 28 11117 3881 6022 4908 473 5291 252
internal_value=0.000262085 0.000176431 0.000641212 0.00176674 -0.00135314 -0.00271513 -0.00143476 -0.0118183
internal_weight=32015 31901.1 27594.9 17756.8 9838.13 4306.22 3814.73 491.493
internal_count=32101 32073 25928 17139 8789 6145 5764 381
is_linear=0
shrinkage=0.0773788


Tree=109
num_leaves=7
num_cat=0
split_feature=6 9 26 1 13 27
split_gain=8.02165 7.75966 6.94119 8.36384 8.17906 3.72038
threshold=1.7679267379094308 -7.2276824667012809 27.982542592837319 0.58102169857916153 35.366286933890215 24.336553485683122
decision_type=2 2 2 2 2 2
left_child=1 5 4 -4 -3 -1
right_child=-2 2 3 -5 -6 -7
leaf_value=-0.0010749243722748471 0.0050964099746170621 0.00073030739988105885 0.014876406244550049 0.0001149913871377443 -0.0014939861569738169 -0.08395565357700864
leaf_weight=74.032355487346649 113.90160953998566 22314.662861913443 363.89801201224327 815.3812737762928 8227.3981262743473 105.75218233466148
leaf_count=48 28 23179 94 203 8467 82
internal_value=0.000154495 6.84577e-05 0.000171736 0.0059881 -4.17514e-05 -0.0157485
internal_weight=32015 31901.1 31721.3 1179.28 30542.1 179.785
internal_count=32101 32073 31943 297 31646 130
is_linear=0
shrinkage=0.0773788


Tree=110
num_leaves=8
num_cat=0
split_feature=6 36 16 13 14 1 35
split_gain=8.39982 7.91923 8.78314 8.05284 19.8284 12.9355 3.90191
threshold=1.7679267379094308 0.13300574885939034 31.012791153300387 35.366286933890215 29.423754613956024 0.97654153853690362 0.27612798727186877
decision_type=2 2 2 2 2 2 2
left_child=1 2 6 5 -5 -3 -1
right_child=-2 3 -4 4 -6 -7 -8
leaf_value=0.0089193183134948055 0.0049322978651887839 3.958174702497731e-05 -0.0048559010831637243 -0.011877837539877889 -0.00010558497769960464 0.011494907594600388 0.015052396241382056
leaf_weight=553.34275364875793 110.26556253433228 20708.354341119528 255.07146227359772 1800.1183446645737 6664.813297688961 1704.5779815018177 122.74263268709183
leaf_count=687 26 21622 76 2480 5869 1236 37
internal_value=9.9231e-05 1.2423e-05 0.00703669 -0.000188581 -0.00223009 0.000566502 0.0117838
internal_weight=31919.3 31809 931.157 30877.9 8464.93 22412.9 676.085
internal_count=32033 32007 800 31207 8349 22858 724
is_linear=0
shrinkage=0.0773788


Tree=111
num_leaves=12
num_cat=0
split_feature=2 33 47 4 8 46 19 17 16 13 28
split_gain=6.96615 13.7533 8.1958 14.6099 9.3753 8.93726 13.9282 8.53411 7.75538 8.29356 6.37978
threshold=-0.9993703818063705 3.4092856834341707 -0.086762794755094505 1005.3210200221494 5.5909725894680644 27.04394672139556 26.82405822315879 30.570196196627972 30.950864365091231 37.55749429296457 1.3875086562451873
decision_type=2 2 2 2 2 2 2 2 2 2 2
left_child=1 8 3 -2 -5 6 -4 -7 9 -1 -10
right_child=2 -3 5 4 -6 7 -8 -9 10 -11 -12
leaf_value=-0.00048667790468955941 -0.005664201617934796 0.03188253467820451 -0.00042068236052804564 0.017854034857812028 -0.00032109906357419635 -0.010928778363253882 0.0086061956267774464 -0.00038958115343975353 -0.018223431036158484 0.015946468983216035 -0.00081521018500020517
leaf_weight=232.40333339571953 253.93179190158844 288.03517657518387 28815.691015034914 461.57485032081604 226.39104449748993 191.36903220415115 704.73168084025383 181.75096768140793 181.09958255290985 197.97210106253624 184.33580005168915
leaf_count=293 76 109 30762 129 69 83 254 58 64 81 55
internal_value=3.67109e-05 0.00613042 -0.000166515 0.0069026 0.0129454 -0.000402404 -0.0002385 -0.0122528 0.000383544 0.00780721 -0.00736391
internal_weight=31919.3 1083.85 30835.4 941.898 687.966 29893.5 29520.4 373.12 795.811 430.375 365.435
internal_count=32033 602 31431 274 198 31157 31016 141 493 374 119
is_linear=0
shrinkage=0.0773788


Tree=112
num_leaves=13
num_cat=0
split_feature=2 33 16 8 37 37 2 33 1 29 52 13
split_gain=6.97389 13.4726 7.97987 6.54637 13.5999 24.8071 15.6044 12.6703 11.3799 8.37427 6.36951 6.35715
threshold=-0.9993703818063705 3.6983899128647981 30.950864365091231 6.0918322093034059 29.703125000000004 28.30895833333334 -0.066386301776886272 2.7156402049462436 -0.79379683589487249 0.97831641105634193 25.299166666666377 37.55749429296457
decision_type=2 2 2 2 2 2 2 2 2 2 2 2
left_child=1 2 11 7 5 -5 -6 9 -9 -2 -4 -1
right_child=3 -3 10 4 6 -7 -8 8 -10 -11 -12 -13
leaf_value=0.00051141347629667306 -9.7764024384622354e-05 0.030835058596813986 -0.0017729381430647351 -0.00040921862103287274 -0.0020301562569442311 -0.014999342730310517 0.047248881631548251 -0.0096888561023075765 0.0083619007930042753 -0.016884842033845764 -0.014820221064274811 0.015876880472196153
leaf_weight=252.20095658302307 14356.840649724007 219.88186094164848 248.84103792905807 7427.1802336871624 292.21095091104507 1825.8176655471325 177.25879448652267 1079.4577780663967 4868.8687607944012 807.80554926395416 163.87882792949677 199.04331025481224
leaf_count=303 16487 82 79 5948 176 1578 64 1505 4754 919 55 83
internal_value=0 0.0060916 0.00124838 -0.000211132 -0.00188056 -0.00256606 0.010761 0.000540626 0.00357512 -0.000626342 -0.0059887 0.00866053
internal_weight=31919.3 1083.85 863.964 30835.4 9722.47 9253 469.47 21113 5948.33 15164.6 412.72 451.244
internal_count=32033 602 520 31431 7766 7526 240 23665 6259 17406 134 386
is_linear=0
shrinkage=0.0773788


Tree=113
num_leaves=12
num_cat=0
split_feature=17 13 46 19 20 28 22 10 44 39 16
split_gain=6.05061 11.3306 10.9466 10.7569 10.0689 8.96232 7.04179 12.55 6.79063 4.35426 2.92905
threshold=31.431126782126732 40.643648449354679 27.04394672139556 26.82405822315879 26.847346798692509 0.98999982749259663 19.204282053864251 35.26789224443403 3.6917922083018468 1.0000000000060505 30.311610564024836
decision_type=2 2 2 2 2 2 2 2 2 2 2
left_child=1 2 3 -1 -4 6 9 -8 -7 -2 -10
right_child=5 -3 4 -5 -6 8 7 -9 10 -11 -12
leaf_value=8.4731751355346117e-05 -0.008585622358307933 0.0071612811223426328 0.0020824776843395725 0.0070591159765011069 -0.0075933283103461532 -0.00022343130697629305 -0.033775095215804851 0.00027109716670756288 -0.017531737409956241 0.026346494356295439 -0.016409634364595884
leaf_weight=28341.445131629705 109.65464818477631 306.02042153477669 167.31553906202316 698.32120329141617 223.24847269058228 195.97023630142212 366.69061794877052 1076.9081579148769 145.54904228448868 158.98784476518631 129.17506051063538
leaf_count=29778 53 73 52 250 88 72 319 1097 74 114 63
internal_value=0 0.000299263 0.000131652 0.000317859 -0.0126419 -0.00391728 -0.00107199 -0.00340827 -0.0133961 0.0100025 -0.0212378
internal_weight=31919.3 29736.4 29430.3 29039.8 390.564 2182.94 1712.24 1443.6 470.694 268.642 274.724
internal_count=32033 30241 30168 30028 140 1792 1583 1416 209 167 137
is_linear=0
shrinkage=0.0773788


Tree=114
num_leaves=11
num_cat=0
split_feature=2 33 16 49 12 2 8 45 38 2
split_gain=6.62175 11.924 8.03835 8.34374 6.807 20.9273 22.1219 12.8685 10.7429 9.21095
threshold=-0.9993703818063705 3.6983899128647981 31.270265821511256 0.038858426464948539 37.824269723622123 -0.57595924728727643 1.6019195943267766 -0.066549330757207217 0.45940848859659938 -0.012910296075008829
decision_type=2 2 2 2 2 2 2 2 2 2
left_child=1 2 3 -1 7 8 -7 -2 -6 -9
right_child=4 -3 -4 -5 5 6 -8 9 -10 -11
leaf_value=0.022760556566228315 0.031319669631829777 0.028442521700856135 -0.0096044390733245107 0.0016556571898851788 -0.0089287613014734091 0.014548450424856859 -0.00050450874670807339 0.002790870901827871 -0.004737954467228518 -0.00099723623054311984
leaf_weight=137.72736811637878 209.44456440210342 219.88186094164848 328.80073457956314 397.43603000044823 678.6735263466835 673.35650229454041 3926.0869235694408 8296.9109165370464 2220.9651246368885 14830.002824693918
leaf_count=40 73 82 100 380 420 221 1437 12272 1137 15871
internal_value=0 0.00592771 0.00134004 0.00751819 -0.000213818 -0.00224902 0.000927217 0.00042489 -0.00740636 0.000234205
internal_weight=31919.3 1083.85 863.964 535.163 30835.4 7499.08 4599.44 23336.4 2899.64 23126.9
internal_count=32033 602 520 420 31431 3215 1658 28216 1557 28143
is_linear=0
shrinkage=0.0773788


Tree=115
num_leaves=12
num_cat=0
split_feature=18 13 8 38 33 4 2 47 38 40 27
split_gain=8.06257 7.30989 16.2472 17.5798 17.3993 5.75501 10.2537 4.62996 3.82447 1.84946 1.13377
threshold=45.250000000000007 26.666375440990418 6.7600000000000007 2.290331182661093 2.5673378010296868 1008.896722142251 0.69927101800089619 0.22903961789683869 1.8866298956020628 4.1313637740696976 21.472692942570223
decision_type=2 2 2 2 2 2 2 2 2 2 2
left_child=7 5 3 -3 -4 8 -7 -1 -2 -9 -11
right_child=1 2 4 -5 -6 6 -8 9 -10 10 -12
leaf_value=-0.013264618057285569 0.0019199132739069846 -0.00028923476391673545 -0.016078925300133801 0.014784938426523999 -0.0048933957976799577 0.018863153892224996 0.0011874467329787159 0.0024188152447399344 -0.03334777753378558 0.017173240983087337 0.0085845276513865469
leaf_weight=108.53486829996109 174.95638090372086 22334.049315929413 461.28031688928604 906.11612546443939 4268.0213072001934 773.6577131152153 2208.3666310608387 100.54733097553253 137.84105169773102 140.31290304660797 216.31688737869263
leaf_count=48 214 24531 128 550 3230 888 1942 49 160 61 135
internal_value=-8.18572e-05 -0.000259433 -0.000676417 0.000150006 -0.00481081 0.00316617 0.00428897 0.00902007 -0.00630175 0.0125987 0.0152843
internal_weight=31830 31264.3 27969.5 23240.2 4729.3 3294.82 2982.02 565.712 312.797 457.177 356.63
internal_count=31936 31643 28439 25081 3358 3204 2830 293 374 245 196
is_linear=0
shrinkage=0.0773788


Tree=116
num_leaves=12
num_cat=0
split_feature=28 3 14 17 51 13 19 15 31 9 52
split_gain=6.7608 8.90132 7.27814 22.6609 12.3888 10.4335 11.197 8.33219 6.21432 6.20831 3.68907
threshold=2.3022651698261085 3.7450000000000006 28.190112409469183 28.330730954829672 0.13127069018483598 34.025729559638471 26.434987504818228 30.730059392461186 2.1649808868040044 2.6826432120765706 22.332499999999726
decision_type=2 2 2 2 2 2 2 2 2 2 2
left_child=2 9 3 4 -1 6 -4 -7 -5 10 -2
right_child=1 -3 5 8 -6 7 -8 -9 -10 -11 -12
leaf_value=0.022164874816183133 0.02489824381626116 -0.0064167827091752968 0.0040049547274510619 -0.011359703974826286 -0.00088536853357833927 -0.0016126226699238798 -0.018980575889014299 0.0015851083992242632 -0.019453379486702817 -0.040060230660458593 -0.0025926097944991805
leaf_weight=332.88294261693954 357.60604014992714 116.85576888918877 6003.5872204601765 1174.2454821765423 11448.64164224267 8059.432491004467 97.284427136182785 3534.9000793099403 585.32007479667664 61.381502509117126 57.863160669803619
leaf_count=141 431 81 5840 1386 11185 10286 52 1926 509 49 50
internal_value=-6.73302e-05 0.00806524 -0.000234666 -0.00159355 -0.000336736 0.000784777 0.00338232 -0.000551411 -0.00978072 0.013069 0.0167173
internal_weight=31830 593.706 31236.3 13541.1 11781.5 17695.2 6100.87 11594.3 1759.57 476.851 415.469
internal_count=31936 611 31325 13221 11326 18104 5892 12212 1895 530 481
is_linear=0
shrinkage=0.0773788


Tree=117
num_leaves=10
num_cat=0
split_feature=27 49 46 40 8 48 36 0 54
split_gain=7.5116 10.2599 8.80795 13.462 17.4103 15.0759 9.3629 6.95865 4.45289
threshold=27.980074644216813 0.21531892717100054 26.171522689980382 3.1263663669250015 2.1400000000000028 26.503560761280458 0.05736338807662298 -0.70710678118654757 1004.5856142153676
decision_type=2 2 2 2 2 2 2 2 2
left_child=2 -2 6 4 -4 -5 -1 -8 -3
right_child=1 8 3 5 -6 -7 7 -9 -10
leaf_value=0.021333854767049756 0.013100201243388105 -0.0076248296364227457 -0.0010935838070090737 -0.0010942851089751741 -0.0076048390310953177 0.012777498739732081 -0.0021660303523701801 0.00099497242492406837 0.0023909121093061052
leaf_weight=141.58001908659935 324.0847570002079 133.74067044258118 1982.0894187092781 390.16036474704742 736.68119317293167 205.18219137191772 7595.0721290707588 20081.570457369089 239.83963099122047
leaf_count=72 92 42 1198 189 358 62 7541 22273 109
internal_value=-0.000124354 0.00777117 -0.000314048 -0.00408547 -0.00645845 0.00611234 0.000122747 6.50205e-06 -5.31077e-05
internal_weight=31830 697.665 31132.3 3314.11 2718.77 595.343 27818.2 27676.6 373.58
internal_count=31936 243 31693 1807 1556 251 29886 29814 151
is_linear=0
shrinkage=0.0773788


Tree=118
num_leaves=14
num_cat=0
split_feature=0 37 37 53 14 13 49 26 1 3 38 4 47
split_gain=6.53908 9.79361 9.65222 10.6948 7.83298 12.0159 6.66511 15.797 8.2359 5.77738 5.6253 4.74446 0.633645
threshold=-0.45594138630402237 24.279166666666672 31.673541666666672 1007.0970459078434 28.182670776460789 31.57701279860126 0.24135451442632638 27.739560468841393 0.40204124937731051 2.3305965593331135 2.6583664591912366 1014.35 0.40401844585169089
decision_type=2 2 2 2 2 2 2 2 2 2 2 2 2
left_child=4 11 3 -3 5 9 7 -6 -8 -1 -7 12 -2
right_child=1 2 -4 -5 6 10 8 -9 -10 -11 -12 -13 -14
leaf_value=0.0021195621274241803 0.045623087629572567 -0.0016223732037363319 0.009607304702740278 0.0018139622404163098 -0.0013232922796217498 -0.018826016256211345 -0.0017426394371562758 -0.0058352924651151432 0.0037065772981691759 -0.0055713753502894276 0.00037752508035348269 -0.0014135005701143167 0.0026803289213182045
leaf_weight=1434.6864648163319 95.457738399505615 4763.321314573288 277.94390463829041 14082.379403859377 1848.729704618454 1032.821696549654 3373.9506797790527 330.82921355962753 2643.100725620985 1690.1893350481987 58.141808390617371 105.24423897266388 93.204603135585785
leaf_count=1269 78 4505 73 15297 2342 1153 3689 83 2194 1133 23 53 44
internal_value=-0.000151596 0.000722364 0.000485542 0.000253066 -0.00154787 -0.00425911 -0.000107462 -0.00380934 0.00117481 -0.00167419 -0.0112945 0.0146781 0.0219105
internal_weight=31830 19417.6 19123.6 18845.7 12412.4 4215.84 8196.61 2179.56 6017.05 3124.88 1090.96 293.907 188.662
internal_count=31936 20050 19875 19802 11886 3578 8308 2425 5883 2402 1176 175 122
is_linear=0
shrinkage=0.0773788


Tree=119
num_leaves=7
num_cat=0
split_feature=45 21 12 12 43 47
split_gain=8.30353 8.84385 6.5534 7.86228 18.3153 13.6764
threshold=-0.34185541487916887 25.884497119960404 42.535347155226397 37.176667527026815 77.597916666666691 1.0000000180025095e-35
decision_type=2 2 2 2 2 2
left_child=1 -1 3 5 -5 -2
right_child=2 -3 -4 4 -6 -7
leaf_value=0.011496637752217948 0.087269775979172556 -0.0010823441136030923 0.025841027529943574 0.00060334559116820838 -0.0053199490610476427 0.00017757142359426943
leaf_weight=342.72559654712677 115.63507908582687 339.66633427143097 258.81266194581985 3779.5529770851135 4989.487401008606 22004.120782017708
leaf_count=101 42 101 54 1638 2721 27279
internal_value=-0.000158895 0.00823571 -0.000355623 -0.000470492 -0.00243512 0.000292227
internal_weight=31830 682.392 31147.6 30888.8 8769.04 22119.8
internal_count=31936 202 31734 31680 4359 27321
is_linear=0
shrinkage=0.0773788


Tree=120
num_leaves=9
num_cat=0
split_feature=12 12 43 52 40 14 18 48
split_gain=7.57795 7.21066 15.525 13.8798 12.5566 12.5199 10.5552 6.39921
threshold=42.091443635553183 37.824269723622123 77.843750000000014 -1.0000000180025095e-35 3.7857848007553088 31.260526999129038 87.831430570274719 26.28624708373464
decision_type=2 2 2 2 2 2 2 2
left_child=1 3 4 -1 -3 -4 -5 -2
right_child=7 2 5 6 -6 -7 -8 -9
leaf_value=0.047312022628843466 -0.0030786330091215194 -0.00034653581394018427 -0.0060230515563312187 -0.00028585336738588314 0.0065985458942431977 0.013194569926607265 0.0088733050040769573 0.02057094680199429
leaf_weight=153.51810801029205 262.7442047894001 3010.553649276495 3918.5803517401218 20285.565176874399 696.24942308664322 120.51170668005943 3307.0631329119205 259.32637396454811
leaf_count=53 66 1178 1868 24267 250 35 4291 54
internal_value=2.44577e-05 -0.000118032 -0.00217683 0.000538491 0.00136052 -0.00551116 0.000369711 0.00924067
internal_weight=32014.1 31492 7745.9 23746.1 3706.8 4039.09 23592.6 522.071
internal_count=32062 31942 3331 28611 1428 1903 28558 120
is_linear=0
shrinkage=0.0773788


Tree=121
num_leaves=12
num_cat=0
split_feature=17 16 46 16 14 17 50 37 43 53 8
split_gain=6.7867 11.6173 8.15874 9.60973 7.34012 12.1321 12.5854 10.5556 9.94574 21.4309 13.4752
threshold=31.431126782126732 31.410867280576849 26.67386310751807 30.820312003852536 30.145000000000003 29.025000000000002 25.985956290933867 30.110376604109131 75.284577892769022 1003.9006259646653 0.96499999999999997
decision_type=2 2 2 2 2 2 2 2 2 2 2
left_child=4 2 3 -2 5 7 -7 -1 9 -6 -10
right_child=1 -3 -4 -5 8 6 -8 -9 10 -11 -12
leaf_value=0.00042321295664132433 -0.0030808303103811736 -0.015898667110399427 0.001101070348419834 -0.0032613405740940082 -0.017441398342796666 -0.0022051652497456411 -0.0085252872602109443 0.015552567370016231 -0.0088883182204858094 0.00045984362927273758 0.0047178957457930139
leaf_weight=18518.818082541227 1673.5882398188114 102.62651199102402 213.12069952487946 214.18772754073143 159.26846235990524 4602.4272469878197 866.19892308115959 511.26937568187714 267.73103666305542 1776.4793012738228 3108.396519869566
leaf_count=19333 1593 29 70 82 68 5974 785 169 122 1072 2765
internal_value=0 -0.00413308 -0.00266908 -0.00443431 0.000312902 -0.000238923 -0.00346047 0.000668303 0.00292453 -0.00134639 0.00547958
internal_weight=32014.1 2203.52 2100.9 1887.78 29810.6 24498.7 5468.63 19030.1 5311.88 1935.75 3376.13
internal_count=32062 1774 1745 1675 30288 26261 6759 19502 4027 1140 2887
is_linear=0
shrinkage=0.0773788


Tree=122
num_leaves=10
num_cat=0
split_feature=39 1 31 23 8 16 52 27 54
split_gain=6.53493 8.93518 6.57952 18.6797 9.22974 8.74426 11.1122 9.26619 4.57398
threshold=-1.0000000180025095e-35 0.71181803615648831 0.84821444168714055 27.468124708402296 5.6700000000000008 31.850306459096792 451.29999999999967 27.786971472571967 1004.6589568833255
decision_type=2 2 2 2 2 2 2 2 2
left_child=1 -1 5 4 -4 6 -2 -7 -5
right_child=2 -3 3 8 -6 7 -8 -9 -10
leaf_value=0.017394715796005919 -3.984766050281487e-05 -0.0028729008247835156 0.0025177627863209695 -0.00013499631110614816 -0.0013143218117482173 -0.0081949129727386556 -0.0039162345188644742 -0.001941833146712361 0.0080921987020756547
leaf_weight=233.38248372077942 6615.4017360806465 220.5258606672287 10931.481281846762 126.19819125533104 11629.678362935781 368.28091442584991 1095.4391877949238 212.45549064874649 581.26861795783043
leaf_count=71 8210 63 12438 45 9462 114 1240 50 369
internal_value=2.45152e-05 0.00920702 -9.72753e-05 0.000557526 0.000151762 -0.00197805 -0.00123206 -0.0111777 0.0129055
internal_weight=32014.1 453.908 31560.2 23268.6 22561.2 8291.58 7710.84 580.736 707.467
internal_count=32062 134 31928 22314 21900 9614 9450 164 414
is_linear=0
shrinkage=0.0773788


Tree=123
num_leaves=14
num_cat=0
split_feature=40 50 12 9 10 18 1 6 41 49 51 53 50
split_gain=5.84616 16.6119 11.651 17.259 15.6861 11.115 9.20269 9.01529 8.66121 7.77962 7.48322 7.30045 2.66544
threshold=2.1531372459701075 26.476319916617104 37.711898397072503 6.3009949807392056 39.750251974820053 92.700755736374759 0.97654153853690362 1.0526819689755473 83.679166666666688 0.21111210514707818 1.5454256358522942 1004.4870391902366 26.685971408937096
decision_type=2 2 2 2 2 2 2 2 2 2 2 2 2
left_child=2 5 7 11 -5 6 -2 10 -7 -3 -1 -4 -11
right_child=1 9 3 4 -6 8 -8 -9 -10 12 -12 -13 -14
leaf_value=0.00070507985306474 -0.00045828048395938487 -0.00083130663535742615 -0.006014699103375187 -0.004159882584917245 0.0049042479311616777 0.034088339074857997 0.0067708491897313329 0.043662282722407159 -0.00123417051345499 0.01619721230414432 -0.038230422881767472 -0.0022713760880001834 0.00048941546699461603
leaf_weight=9143.4599308371544 15495.32012590766 212.87142941355705 619.18564879894257 197.82627326250076 418.86070787906647 432.37553331255913 1646.2073947489262 74.951699137687683 236.98986878991127 228.35034355521202 273.49228033423424 2816.479970395565 217.74092096090317
leaf_count=13482 14469 61 228 77 102 364 1197 26 256 61 211 1466 62
internal_value=1.28142e-05 0.000919356 -0.00119644 -0.00467226 0.00692194 0.000450263 4.57166e-05 0.00025062 0.0102022 0.012963 0 -0.00686534 0.018731
internal_weight=32014.1 18469.9 13544.3 4052.35 616.687 17810.9 17141.5 9491.9 669.365 658.963 9416.95 3435.67 446.091
internal_count=32062 16470 15592 1873 179 16286 15666 13719 620 184 13693 1694 123
is_linear=0
shrinkage=0.0773788


Tree=124
num_leaves=16
num_cat=0
split_feature=1 3 41 27 5 16 48 45 18 48 9 51 22 9 3
split_gain=6.36527 7.81429 18.7543 21.8492 9.44808 11.8876 7.8772 7.2137 6.84679 10.6196 8.54453 5.19689 4.45248 4.12987 3.08439
threshold=-0.85827800130732224 4.3195681632406355 71.804166666666688 24.173542023296381 0.95196442786110935 30.741173424459699 26.503560761280458 0.026525271542487149 80.901129422058702 24.206000783156686 0.58967729170247918 1.1103201962465756 20.093125427498592 1.0908644466605699 3.3106308992183462
decision_type=2 2 2 2 2 2 2 2 2 2 2 2 2 2 2
left_child=8 4 7 -4 6 -6 -2 -3 10 13 12 -11 -1 -10 -12
right_child=1 2 3 -5 5 -7 -8 -9 9 11 14 -13 -14 -15 -16
leaf_value=0.0046065212509261485 0.0016714496935895616 0.0030055002608211476 0.011831436442104949 -0.00068677122775368188 -0.00092805416285732863 -0.012416469375139497 0.0048874239216705959 -0.010215145397842745 0.034314561215889355 -0.0049238196421026118 -0.0096310717915131221 0.032194010118790049 -0.024504472939910163 -0.0042334315459678241 0.0083618568485228102
leaf_weight=86.081425607204437 16401.035715281963 115.22612136602402 955.83021089434624 6467.9971327185631 1551.5021729171276 305.81604862213135 559.89647555351257 1804.8887409567833 221.26378935575485 2055.4434829950333 346.97315445542336 49.582123517990112 713.0662254691124 79.029421836137772 300.47988578677177
leaf_count=77 15454 58 874 6521 2066 132 199 1142 257 3104 609 23 925 124 497
internal_value=5.294e-05 0.000467737 -0.00134136 0.000376291 0.00138546 -0.00378149 0.00197356 -0.00815731 -0.00288242 -0.00019234 -0.00709037 -0.00229025 -0.0124279 0.0131407 0
internal_weight=32014.1 28162.2 9343.94 7423.83 18818.3 1857.32 16960.9 1920.11 3851.92 2405.32 1446.6 2105.03 799.148 300.293 647.453
internal_count=32062 26446 8595 7395 17851 2198 15653 1200 5616 3508 2108 3127 1002 381 1106
is_linear=0
shrinkage=0.0773788


Tree=125
num_leaves=12
num_cat=0
split_feature=0 40 44 53 37 18 37 30 8 14 16
split_gain=6.70547 9.66241 15.122 31.4341 10.4452 13.6824 9.28592 8.78972 8.78811 6.48791 5.91422
threshold=-0.39008871592856337 2.8437065014991925 6.599011097377419 1007.423864272499 29.082166289372442 73.80135365196729 28.651875000000008 3.040668454293789 3.1700000000000004 24.505000000000006 31.702320758905454
decision_type=2 2 2 2 2 2 2 2 2 2 2
left_child=7 2 8 -4 6 -6 -3 9 -2 -1 -11
right_child=1 4 3 -5 5 -7 -8 -9 -10 10 -12
leaf_value=-0.039687593389471726 0.00015151344405823385 0.0035228746175156559 -0.021646246408363913 -0.0012205986387537166 -0.00048503798958084453 0.015186008627957645 -0.010381390931000958 -0.027630755715468136 0.010914103176729225 -0.00033235073583583175 -0.0034361495447063199
leaf_weight=207.30797618627548 6070.8680350184441 4675.2983425557613 771.81446701288223 3567.8315616250038 525.57772701978683 1207.0731363296509 617.89617165923119 162.97281783819199 1809.1668851971626 11342.4110044837 923.71732890605927
leaf_count=97 7202 4712 769 3586 626 546 654 185 1959 11385 270
internal_value=0 0.000909939 -0.00037833 -0.00406808 0.00320118 0.00845169 0.00140822 -0.00138392 0.00160862 -0.00111615 -0.000852493
internal_weight=31881.9 19245.5 12219.7 4339.65 7025.85 1732.65 5293.19 12636.4 7880.03 12473.4 12266.1
internal_count=31991 20054 13516 4355 6538 1172 5366 11937 9161 11752 11655
is_linear=0
shrinkage=0.0773788


Tree=126
num_leaves=15
num_cat=0
split_feature=5 15 53 44 3 44 40 2 28 14 27 37 38 21
split_gain=7.19936 13.3714 13.5438 14.9246 13.3145 17.0593 13.0103 10.755 9.44127 13.3001 9.40415 8.11531 6.51661 5.00033
threshold=-0.45128840335427717 30.560912329345907 1007.5972307975295 3.3427931885715485 4.660675514483243 5.127659260577949 2.2572106680547077 -0.012910296075008829 1.2743963056808865 25.325000000000003 26.235432693764889 29.566041666666671 0.40602415602095765 26.008690493176861
decision_type=2 2 2 2 2 2 2 2 2 2 2 2 2 2
left_child=8 2 3 -2 6 -6 -3 -4 9 -1 11 -10 -11 -12
right_child=1 4 7 -5 5 -7 -8 -9 10 12 13 -13 -14 -15
leaf_value=-0.044948733704370102 0.001819526544393675 -0.0037116269137643337 0.0062544468920970545 -0.0067448252832268719 0.01062759673202162 -0.0035728133034021755 0.0040047703203026476 -0.00011101945973926203 -0.0052408048228885663 -0.006042135943047559 -0.0092875168288906618 0.01279782678260756 0.00029817127507391266 -0.0011998468283015849
leaf_weight=220.12395104765892 1613.8367962539196 456.55871903896332 4921.3452265262604 3048.3705574274063 802.67774280905724 220.20357048511505 423.35160985589027 8227.8409744501114 712.15069851279259 953.28349393606186 281.35790905356407 95.720886260271072 9622.8675682246685 282.24574995040894
leaf_count=87 2077 173 4909 3147 218 70 162 9409 569 1355 119 41 9586 69
internal_value=5.12456e-05 0.00097566 0.00029488 -0.00326132 0.00714204 0.0131265 0 0.00158412 -0.0014164 -0.000610006 -0.00747759 -0.0015909 -0.000179545 -0.0151974
internal_weight=31881.9 19714.2 17811.4 4662.21 1902.79 1022.88 879.91 13149.2 12167.8 10796.3 1371.48 807.872 10576.2 563.604
internal_count=31991 20165 19542 5224 623 288 335 14318 11826 11028 798 610 10941 188
is_linear=0
shrinkage=0.0773788


Tree=127
num_leaves=10
num_cat=0
split_feature=9 22 8 33 38 1 55 23 27
split_gain=7.17034 6.57101 10.7885 29.0145 9.53061 8.57636 7.49923 7.48379 2.37477
threshold=-7.2276824667012809 17.424785254795811 6.6606975011680118 2.6382596080241991 2.2682366811414818 0.026235173914869792 1011.8064477309384 19.173638274940558 24.336553485683122
decision_type=2 2 2 2 2 2 2 2 2
left_child=8 5 4 -4 -3 6 -2 -7 -1
right_child=1 2 3 -5 -6 7 -8 -9 -10
leaf_value=-0.00096413818089112935 0.030151590094665306 0.00023075054203024298 -0.032705348193029178 -0.0026238019272576464 0.012694372835714512 -0.00037896083381699133 -0.0019579078898003003 0.021518739405948693 -0.077311525922749924
leaf_weight=72.806325137615204 134.13646984100342 23135.174640148878 465.73893082141876 5660.7732327580452 900.0678274333477 239.39394721388817 666.26758924126625 504.60658964514732 102.96990159153938
leaf_count=45 86 25462 179 4745 596 151 316 333 78
internal_value=9.60623e-05 0.000194842 -4.56105e-05 -0.00295427 0.000681057 0.00511272 -9.57773e-06 0.0110776 -0.015273
internal_weight=31881.9 31706.2 30161.8 6126.51 24035.2 1544.4 800.404 744.001 175.776
internal_count=31991 31868 30982 4924 26058 886 402 484 123
is_linear=0
shrinkage=0.0773788


Tree=128
num_leaves=6
num_cat=0
split_feature=32 16 9 2 23
split_gain=6.56349 8.413 7.50846 7.07138 4.46814
threshold=25.024406781545384 21.345000000000002 -7.2276824667012809 0.99548449742306455 19.814987599128361
decision_type=2 2 2 2 2
left_child=4 -2 -3 -4 -1
right_child=1 2 3 -5 -6
leaf_value=0.011084340756230613 -0.0078601326485517372 -0.071231003420010777 -5.9895503065447835e-05 0.0054930518818843499 -0.00032433634569790562
leaf_weight=163.59241569042206 388.82402062416077 135.46446469426155 29757.947657287121 1230.2242207825184 205.88267475366592
leaf_count=84 81 93 30652 971 110
internal_value=4.67733e-05 -6.26619e-05 6.78058e-05 0.000160161 0.0102457
internal_weight=31881.9 31512.5 31123.6 30988.2 369.475
internal_count=31991 31797 31716 31623 194
is_linear=0
shrinkage=0.0773788


Tree=129
num_leaves=13
num_cat=0
split_feature=28 8 40 57 38 44 49 12 46 22 22 16
split_gain=5.98982 7.9832 12.5892 13.8693 9.50131 8.23871 6.74518 6.48251 4.46844 5.99336 3.70229 1.16206
threshold=2.3973747047337302 6.6606975011680118 5.6401093249053362 4.5731790175978047 2.2834420329213807 10.43616681783921 0.18917397366135097 27.241836387740623 19.989213152048237 25.263893016400875 18.781888059379266 31.880286031181196
decision_type=2 2 2 2 2 2 2 2 2 2 2 2
left_child=1 4 3 -3 5 -1 -6 -4 10 11 -2 -10
right_child=8 2 7 -5 6 -7 -8 -9 9 -11 -12 -13
leaf_value=0.00033884339809125318 0.016759591813626733 -0.003531850524836855 0.0033378867562754008 -0.022453755706047376 -0.014065377563801574 -0.0083932988092532985 0.018912554161682738 -0.0042744358955681388 0.0095323904164435549 -0.02028184550503816 -0.093850894076483254 0.042653671867869065
leaf_weight=22912.099276572466 69.267528414726257 3724.720593392849 1905.1612277626991 590.67934155464172 181.25286391377449 435.0053034722805 627.81536820530891 1055.777405500412 47.584235638380051 87.386569827795029 54.394249558448792 190.79149001836777
leaf_count=25236 100 2790 1137 256 76 447 452 1108 60 29 49 251
internal_value=2.36805e-05 -9.22815e-05 -0.00234826 -0.00503162 0.0005725 0.000269926 0.00880791 0.00144147 0.00885889 0.013726 -0.00115042 0.0201011
internal_weight=31881.9 31432.5 7276.34 4315.4 24156.2 23347.1 809.068 2960.94 449.424 325.762 123.662 238.376
internal_count=31991 31502 5291 3046 26211 25683 528 2245 489 340 149 311
is_linear=0
shrinkage=0.0773788


Tree=130
num_leaves=14
num_cat=0
split_feature=16 43 16 43 55 6 29 45 26 22 37 56 3
split_gain=7.38444 12.3311 9.4325 15.788 19.1458 15.1917 14.0124 10.8549 8.47115 9.26634 6.66631 5.26153 0.889599
threshold=32.860754995466458 75.447916666666686 30.90015229310745 77.810416666666683 1004.5984273627383 -0.11992281522377023 1.0000000180025095e-35 -0.066549330757207217 27.26093681139265 25.442887650714059 30.376458333333339 4.4717929382312178 1.8249786887328141
decision_type=2 2 2 2 2 2 2 2 2 2 2 2 2
left_child=2 11 6 5 -5 -4 10 -8 -3 -10 -1 12 -2
right_child=1 8 3 4 -6 -7 7 -9 9 -11 -12 -13 -14
leaf_value=0.01426035947098033 0.0092026883033547863 -0.010036068020367392 -0.0014903368195985833 -0.02022425079929261 -0.0053539051956946306 0.0024393754341623724 0.016724835902452374 -0.0001399238880747504 0.012441038606510932 -0.0046830364587870559 0.0013265787521353429 -0.002384281556429974 0.063892297332883194
leaf_weight=207.65403056144714 58.963415503501892 214.8470855653286 437.22377991676331 249.53623583912849 2891.4065948426723 2661.988726824522 353.33797383308411 23935.945310562849 164.64411908388138 315.82350742816925 153.46024000644684 91.411877036094666 156.93443128466606
leaf_count=63 67 84 149 132 1316 1439 123 28335 44 76 57 23 91
internal_value=-0.000144303 0.00635706 -0.000367973 -0.00305958 -0.00693387 0.000753822 0.000299054 5.77068e-05 9.00817e-05 0.00629956 0.0153415 0.0191684 0.0257474
internal_weight=31893.2 1002.62 30890.6 6240.16 3140.94 3099.21 24650.4 24289.3 695.315 480.468 361.114 307.31 215.898
internal_count=31999 385 31614 3036 1448 1588 28578 28458 204 120 120 181 158
is_linear=0
shrinkage=0.0773788


Tree=131
num_leaves=8
num_cat=0
split_feature=1 1 43 48 2 32 2
split_gain=6.75306 7.26586 7.4906 9.95653 7.41298 23.634 9.20792
threshold=-1.0185079811136319 -0.96460524310950169 73.322916666666686 24.391212976172817 0.8814169220768745 30.183159198698416 0.8955608274852197
decision_type=2 2 2 2 2 2 2
left_child=-1 2 -2 -4 5 -3 -6
right_child=1 4 3 -5 6 -7 -8
leaf_value=0.025465127473638056 -0.068422777222459388 0.0090715685947583384 0.01675633182259794 -0.011749877231965973 -0.016010956611046033 -0.00022248365365795084 -0.001357918857464342
leaf_weight=161.39339560270309 126.76636844873428 3461.700485855341 254.86884906888008 1410.5914317071438 521.80703034996986 19823.978574812412 6132.0711924433708
leaf_count=51 75 3465 350 2302 353 20670 4733
internal_value=-0.000177803 -0.00027042 -0.00505036 -0.00338084 4.25345e-06 0.000667272 -0.00226026
internal_weight=31893.2 31731.8 1792.23 1665.46 29939.6 23285.7 6653.88
internal_count=31999 31948 2727 2652 29221 24135 5086
is_linear=0
shrinkage=0.0773788


Tree=132
num_leaves=15
num_cat=0
split_feature=2 2 37 54 26 52 31 2 16 41 9 47 9 22
split_gain=6.68897 14.4383 12.6697 12.5211 12.4057 10.2487 12.5464 9.42201 9.04304 16.0539 15.289 8.67341 7.02692 4.80831
threshold=-0.012910296075008829 0.038722280892174228 28.426875000000003 1009.5425862416215 27.617558678078918 125.5638159258351 3.357959772194079 0.055916990100603255 30.311610564024836 79.620125427332894 1.9844110484946198 0.45257290703427477 1.1349638719555701 24.731691830172657
decision_type=2 2 2 2 2 2 2 2 2 2 2 2 2 2
left_child=3 11 7 8 -4 6 -5 -3 9 -1 -10 13 -7 -2
right_child=1 2 4 5 -6 12 -8 -9 10 -11 -12 -13 -14 -15
leaf_value=0.0072574007441238517 -0.030915500943421652 0.051871064703602733 -0.0081816312565240693 0.031966495578490718 0.012132280869807928 -0.010100533134007468 -0.0049468492897102615 5.1564866829432923e-05 -0.0069158858224120934 -0.0007874165122486583 8.2212193381774371e-05 -0.087720160921581053 0.014139866554342894 -0.00052167139069983113
leaf_weight=2626.4538187086582 82.567972540855408 115.43070361018181 3037.8292957246304 1136.1667875945568 220.19779604673386 447.84902301430702 190.00074732303619 12277.45077469945 1965.4517300128937 4608.6159605979919 4616.6243831515312 141.2701975107193 165.38444074988365 261.88369700312614
leaf_count=3544 86 97 4303 841 64 597 96 11455 1110 7278 1872 86 263 307
internal_value=-0.000180983 -0.00129767 -0.000863127 0.000939588 -0.00515868 0.00675749 0.010601 0.000238212 9.47574e-05 0.00200727 -0.00195216 -0.0144241 -0.000981298 -0.00626812
internal_weight=31893.2 16136.6 15650.9 15756.5 3258.03 1939.4 1326.17 12392.9 13817.1 7235.07 6582.08 485.722 613.233 344.452
internal_count=31999 16398 15919 15601 4367 1797 937 11552 13804 10822 2982 479 860 393
is_linear=0
shrinkage=0.0773788


Tree=133
num_leaves=8
num_cat=0
split_feature=2 13 14 12 16 53 4
split_gain=6.52433 6.64456 9.80709 11.6836 9.84729 4.779 4.87622
threshold=-1.2949463710377798 24.840250272077991 27.792391586332275 38.291463861349818 32.911256305914115 1015.2500000000001 1008.4993377516751
decision_type=2 2 2 2 2 2 2
left_child=-1 5 3 -3 -4 6 -2
right_child=1 2 4 -5 -6 -7 -8
leaf_value=0.0080200062651986891 -0.027950547971111211 -0.0016637844413330484 0.00010732374878702949 -0.0093112987877114004 0.0081872203846464972 -0.017998002551420263 0.006589132371562883
leaf_weight=334.31083130836487 60.623817652463913 8848.2590788304806 19285.797728717327 1511.6771070361137 538.57095187902451 115.74072358012199 1198.1970892846584
leaf_count=99 68 9413 20275 680 140 99 1225
internal_value=-0.000168305 -0.000294134 -0.000544897 -0.00247923 0.000447921 0.00493269 0.00649233
internal_weight=31893.2 31558.9 30184.3 10359.9 19824.4 1374.56 1258.82
internal_count=31999 31900 30508 10093 20415 1392 1293
is_linear=0
shrinkage=0.0773788


Tree=134
num_leaves=10
num_cat=0
split_feature=7 52 55 24 38 48 40 46 2
split_gain=7.07186 6.65276 6.52664 6.12305 14.3882 8.44797 15.4661 8.44662 4.93913
threshold=0.40000000000000041 205.84833333333304 1003.8187824001975 28.07417753194823 0.88009196409032076 26.611454513639675 1.566737587042774 26.171522689980382 0.17316758837012117
decision_type=2 2 2 2 2 2 2 2 2
left_child=1 2 -1 5 -5 7 -7 -2 -4
right_child=3 -3 8 4 -6 6 -8 -9 -10
leaf_value=-0.0024833193527607814 -0.00010550568585185629 -0.013403192053134134 0.016481689916418504 -0.0054523025372654275 0.0094876344616884774 -0.00077328889077573921 0.0076175401841297261 -0.0025583351256290789 -0.004888099966141984
leaf_weight=121.67798757553101 27447.231971919537 80.848337769508362 412.53088131546974 296.62314289808273 172.91516983509064 580.32812640070915 594.36783564090729 2134.5109689831734 52.142905950546265
leaf_count=71 29430 77 443 91 68 229 177 1316 97
internal_value=-0.000171574 0.00766143 0.0108581 -0.000351647 -0.00909836 -0.000205007 0.00619651 -0.000472395 0.0151628
internal_weight=31893.2 667.2 586.352 31226 469.538 30756.4 1174.7 29581.7 464.674
internal_count=31999 688 611 31311 159 31152 406 30746 540
is_linear=0
shrinkage=0.0773788


Tree=135
num_leaves=14
num_cat=0
split_feature=27 23 4 1 22 8 48 15 49 51 48 32 43
split_gain=7.67994 14.1686 17.3631 9.48724 9.39749 13.5572 9.20495 7.32787 10.9433 6.01337 5.51278 3.81504 3.67969
threshold=21.354078294507698 20.922501317165221 1011.2823952135569 -0.43993348031440127 18.851843458333999 6.8511022131671888 18.627230837915945 28.350578448757428 0.47851678227050592 0.69479773620143959 19.607712267159418 27.612638712031693 63.91458333333334
decision_type=2 2 2 2 2 2 2 2 2 2 2 2 2
left_child=3 2 -2 6 12 -6 -1 8 -5 -9 -4 -8 -3
right_child=1 4 10 7 5 -7 11 9 -10 -11 -12 -13 -14
leaf_value=-0.040197550429291296 0.0025139322911098597 0.016393005076651052 -0.028982064292236421 0.013058379326403555 0.00040967738859073706 -0.0062641560331397539 0.023471155750077844 -0.00083322559366107412 -0.00031153117136214033 0.022170277037632465 -0.0022281151449341707 -0.010713573209195144 0.0023488692681624414
leaf_weight=175.65968585014343 218.96160933375359 299.76700931787491 419.24499899148941 635.82721334695816 23820.014295846224 3854.8845902681351 75.251910746097565 116.26582151651382 1373.9224860966206 351.66696441173553 113.82832726836205 65.703458547592163 297.26354074478149
leaf_count=87 100 182 170 471 26014 3259 67 44 1025 196 105 65 176
internal_value=8.8926e-05 -0.000272592 -0.0107241 0.00396859 0 -0.000200881 -0.00810622 0.00566982 0.00338393 0.0145946 -0.0184019 0.00456618 0.00957614
internal_weight=31818.3 29024 752.035 2794.3 28271.9 27674.9 316.615 2477.68 2009.75 467.933 533.073 140.955 597.031
internal_count=31961 30006 375 1955 29631 29273 219 1736 1496 240 275 132 358
is_linear=0
shrinkage=0.0773788


Tree=136
num_leaves=11
num_cat=0
split_feature=45 13 10 5 27 19 5 31 1 37
split_gain=6.4052 6.94528 12.6746 7.13078 6.96489 6.27284 6.09385 5.87161 3.6763 2.98429
threshold=-0.34185541487916887 26.666375440990418 27.705836321333432 0.96320205345224807 21.818499318170876 27.225998851482625 -0.44132749085496886 1.3763957134129259 0.67456842010568085 27.421875000000004
decision_type=2 2 2 2 2 2 2 2 2 2
left_child=6 3 4 7 -3 -4 -1 -2 -8 -5
right_child=1 2 5 9 -6 -7 8 -9 -10 -11
leaf_value=-0.0014273051491319668 -0.001059298502505589 0.00069446252048867025 9.8206395983877078e-05 7.6413017323246948e-06 -0.016132769567089311 -0.0045129243674736563 0.013697688569349218 0.0097745599090838051 0.00037573440812641235 -0.015813090728104381
leaf_weight=167.67830914258957 549.94253847002983 518.97840821743011 25395.467558771372 727.4095718562603 1633.8677036464214 317.20386648178101 286.18941611051559 1744.4561847746372 230.64932692050934 246.41902789473534
leaf_count=51 406 268 26592 704 1596 109 78 1756 72 329
internal_value=6.31506e-05 -8.85887e-05 -0.000495914 0.00326913 -0.00619323 -3.76704e-06 0.00744984 0.00566417 0.011779 -0.00200167
internal_weight=31818.3 31133.7 27865.5 3268.23 2152.85 25712.7 684.517 2294.4 516.839 973.829
internal_count=31961 31760 28565 3195 1864 26701 201 2162 150 1033
is_linear=0
shrinkage=0.0773788


Tree=137
num_leaves=14
num_cat=0
split_feature=10 7 33 14 17 43 14 47 35 45 17 46 43
split_gain=6.635 12.4586 19.6323 10.6201 9.03296 11.735 10.8633 9.82754 11.0368 10.505 7.77521 5.83003 3.68789
threshold=40.29922219696823 1.6001504890887166 0.97962677015664645 31.092032666797078 30.771230802603714 66.289583333333354 30.850451226509801 -0.086762794755094505 0.037183097577724693 0.30681654263609087 31.381063701813112 26.67386310751807 77.158864152653379
decision_type=2 2 2 2 2 2 2 2 2 2 2 2 2
left_child=4 3 -3 -2 7 10 -7 9 -9 -1 -6 -5 -4
right_child=1 2 12 11 5 6 -8 8 -10 -11 -12 -13 -14
leaf_value=0.0017986532390007702 0.011330500584367438 -0.0063512382904800406 0.0025675702967921225 -0.001721653432368603 0.00056561829591751851 -0.012225987332202679 -0.0012804977421369181 0.013040742540777339 -0.00030960587451713456 0.018131508808180073 -0.00019639661357567922 0.0011382003630865535 -0.0013305256282464353
leaf_weight=568.79061043262482 330.94302153587341 242.04987800121307 172.12255370616913 222.03214073181152 150.79624432325363 1193.5171729624271 1433.8717611730099 642.44470685720444 25762.859011054039 279.30857819318771 387.09695893526077 275.78050589561462 156.64876848459244
leaf_count=171 76 81 70 70 88 1184 1249 456 27901 85 215 73 242
internal_value=5.69519e-05 0.00526619 -0.00302493 0.0113997 -0.000171485 -0.00408846 -0.00628804 0.000270671 0 0.00844794 0.00594836 0.0033158 0.00849385
internal_weight=31818.3 1399.58 570.821 828.756 30418.7 3165.28 2627.39 27253.4 26405.3 848.099 537.893 497.813 328.771
internal_count=31961 612 393 219 31349 2736 2433 28613 28357 256 303 143 312
is_linear=0
shrinkage=0.0773788


Tree=138
num_leaves=11
num_cat=0
split_feature=52 22 23 56 43 19 0 26 3 35
split_gain=7.43754 8.83571 6.75087 13.003 12.8844 7.89653 7.22603 6.85423 6.49785 4.18635
threshold=-1.0000000180025095e-35 25.18285862193213 27.651731632420393 4.3019131643153647 78.102083333333354 26.492849709174944 0.68326945284672835 27.397626364356803 9.8950000000000014 0.16055113411816915
decision_type=2 2 2 2 2 2 2 2 2 2
left_child=1 -1 5 7 -5 8 -7 -4 -2 -3
right_child=2 9 3 4 -6 6 -8 -9 -10 -11
leaf_value=0.020636604498807672 -1.700357898156303e-05 0.019949527624417956 0.00035214572370237889 0.00095859507803456906 -0.0099597527363994662 -0.0013428715988550858 -0.012466531499458259 0.0061851172675345982 -0.035161424944225687 -0.0045012499392384983
leaf_weight=187.99154484272003 28191.169727265835 185.64043581485748 194.5336945950985 1071.2406255602837 238.88603579998016 844.37060546875 179.16028842329979 377.51205861568451 111.88756090402603 235.86933499574661
leaf_count=61 30394 50 177 303 127 475 100 103 102 69
internal_value=0.000115071 0.00855281 -3.92301e-05 0.00443405 0 -0.000339354 -0.0070062 0.0141214 -8.4353e-05 0.00132751
internal_weight=31818.3 609.501 31208.8 1882.17 1310.13 29326.6 1023.53 572.046 28303.1 421.51
internal_count=31961 180 31781 710 430 31071 575 280 30496 119
is_linear=0
shrinkage=0.0773788


Tree=139
num_leaves=10
num_cat=0
split_feature=7 34 16 21 52 48 25 45 57
split_gain=6.24677 6.24268 10.509 9.07382 8.25732 7.2284 6.44913 5.01046 0.716205
threshold=0.27000000000000141 0.0057735028243556434 31.551609579063804 26.823340419452112 -1.0000000180025095e-35 24.636665184559991 26.409728300772482 0.047117289374665881 4.6403423902269312
decision_type=2 2 2 2 2 2 2 2 2
left_child=7 2 3 -2 -3 -6 -4 -1 -9
right_child=1 4 6 -5 5 -7 -8 8 -10
leaf_value=0.00078474564119830853 0.013742488143233787 0.013035542619847721 0.0097848215964649581 -0.0017558815709700214 0.0010200172712360031 -0.00092430413593959186 -0.0046586382802576761 0.028107856070475393 0.0012100209753522473
leaf_weight=142.42368060350418 652.14359393715858 351.70653885602951 189.77502036094666 169.29564434289932 13991.514050394297 15776.420107811689 372.79735541343689 88.521113336086273 83.664807230234146
leaf_count=87 285 103 54 49 13737 17406 106 63 71
internal_value=9.20153e-05 -5.53112e-06 0.0050554 0.010706 -0.000250868 -0.000402744 -0.00257224 0.0108672 0.0195773
internal_weight=31818.3 31503.7 1384.01 821.439 30119.6 29767.9 562.572 314.61 172.186
internal_count=31961 31740 494 334 31246 31143 160 221 134
is_linear=0
shrinkage=0.0773788


Tree=140
num_leaves=8
num_cat=0
split_feature=12 12 6 54 9 13 18
split_gain=7.86743 6.34477 15.0827 11.9451 16.494 11.3851 9.35751
threshold=42.535347155226397 36.934261601873693 1.0299810990789517 1009.5425862416215 1.2946852609169464 30.359377317197399 86.708686280064384
decision_type=2 2 2 2 2 2 2
left_child=1 2 6 4 -3 -5 -1
right_child=-2 3 -4 5 -6 -7 -8
leaf_value=-0.00040623682645549674 0.025770718688164634 -0.0081227186220480512 0.043014208910950751 -0.0013677312647922945 -0.00023413787651104889 0.014245871789494734 0.0082484857813876194
leaf_weight=18445.486046910286 248.99224877357483 1935.0555351674557 133.67176687717438 816.8282989859581 6352.7376123964787 718.1941722035408 3286.2679584622383
leaf_count=22302 55 1266 50 473 2967 317 4647
internal_value=-0.000113772 -0.000233626 0.000487099 -0.00187449 -0.00306168 0.00428927 0.00030812
internal_weight=31937.2 31688.2 21865.4 9822.82 8287.79 1535.02 21731.8
internal_count=32077 32022 26999 5023 4233 790 26949
is_linear=0
shrinkage=0.0773788


Tree=141
num_leaves=12
num_cat=0
split_feature=16 22 16 47 17 3 7 29 23 23 31
split_gain=8.01737 8.27348 7.70961 15.4834 11.2544 12.5543 9.95287 8.46457 6.54262 8.29869 2.89151
threshold=33.025000000000013 25.543585949577785 30.90015229310745 1.0000000180025095e-35 31.130454555100368 5.1509071823699317 1.4997709191832216 0.026224566445299285 25.99317450430615 25.283815160972825 0.86352028963325711
decision_type=2 2 2 2 2 2 2 2 2 2 2
left_child=2 8 3 10 5 -4 -6 -5 9 -2 -1
right_child=1 -3 4 7 6 -7 -8 -9 -10 -11 -12
leaf_value=0.0047120564957089358 0.03102352618138501 -0.0057123777355788784 -0.0028056825266423455 0.0090114242689874387 -0.00061160948368717673 0.0036019328250940625 -0.0055029721308974787 -8.639626380761798e-05 0.039823983899566616 -0.0088560259924866692 0.032607090429868063
leaf_weight=219.68421745300293 115.21481901407242 277.97290903329849 4792.6503832936287 591.26243203878403 381.41524848341942 1113.5627252757549 182.75379437208176 23690.232228815556 201.89696568250656 116.193394780159 254.3945215344429
leaf_count=76 108 81 2558 592 113 385 57 27930 49 45 83
internal_value=-4.92112e-05 0.00803383 -0.000246086 0.000362724 -0.00263028 -0.00155793 -0.0131179 7.60091e-05 0.0147564 0.00379432 0.014152
internal_weight=31937.2 711.278 31226 24755.6 6470.38 5906.21 564.169 24281.5 433.305 231.408 474.079
internal_count=32077 283 31794 28681 3113 2943 170 28522 202 153 159
is_linear=0
shrinkage=0.0773788


Tree=142
num_leaves=8
num_cat=0
split_feature=12 28 16 32 43 25 48
split_gain=7.72468 6.15885 7.39643 13.7157 11.9647 5.64793 5.45784
threshold=42.535347155226397 2.3022651698261085 30.820312003852536 39.365764652444305 77.872916666666683 26.884270990810847 19.974590842347126
decision_type=2 2 2 2 2 2 2
left_child=1 2 3 -1 -4 6 -3
right_child=-2 5 4 -5 -6 -7 -8
leaf_value=1.5241626775666968e-05 0.024630870250793236 0.0011319148054337762 0.00010071247005546553 0.0065086739589355737 -0.006308971701348024 -0.0017861896038808872 0.012921865580944441
leaf_weight=23699.90759575367 248.99224877357483 193.20175588130951 3388.5138083100319 685.11727383732796 3322.9126197099686 77.637815713882446 320.95052179694176
leaf_count=28161 55 244 1470 236 1549 25 337
internal_value=-1.72953e-06 -0.000120703 -0.000281319 0.000331671 -0.0025615 0.00764861 0.0109302
internal_weight=31937.2 31688.2 31096.5 24385 6711.43 591.79 514.152
internal_count=32077 32022 31416 28397 3019 606 581
is_linear=0
shrinkage=0.0773788


Tree=143
num_leaves=9
num_cat=0
split_feature=12 23 46 8 6 16 36 47
split_gain=7.64971 6.53542 10.3895 11.3632 9.61924 9.26948 10.3512 4.85577
threshold=42.535347155226397 27.695888018025236 25.967102690087135 2.0103931931048549 1.70258897352572 30.432359809327512 0.72608408059853724 0.11023954687087663
decision_type=2 2 2 2 2 2 2 2
left_child=1 2 4 -4 -1 7 -7 -3
right_child=-2 5 3 -5 -6 6 -8 -9
leaf_value=0.00011443627324980798 0.022724962571892542 0.007279787717381885 -0.00013337203898139752 -0.0051803758245242406 0.030703615710264056 0.0005256326977622455 -0.0043446747205593854 0.0015093106442015051
leaf_weight=26268.310467809439 248.99224877357483 169.20271322131157 1944.2887846529484 1533.6083425581455 96.892044186592102 1171.2439774870872 254.83954906463623 249.85551202297211
leaf_count=28794 55 53 1692 838 29 354 71 191
internal_value=4.5626e-05 -5.00028e-05 -0.00033792 -0.00431448 0.000173461 0.00439969 0.00113122 0.0145362
internal_weight=31937.2 31688.2 29843.1 3477.9 26365.2 1845.14 1426.08 419.058
internal_count=32077 32022 31353 2530 28823 669 425 244
is_linear=0
shrinkage=0.0773788


Tree=144
num_leaves=12
num_cat=0
split_feature=28 29 16 7 28 43 2 25 1 43 31
split_gain=5.14466 5.69374 7.73729 17.9725 6.28911 12.2779 7.9299 5.20702 6.7524 4.91527 4.11979
threshold=2.3022651698261085 0.022711507877699041 31.572947032130475 2.5100000000000002 0.71023846300634752 62.822916666666671 0.99548449742306455 26.450213144396354 0.47204844340382285 76.564583333333346 2.9196551556602177
decision_type=2 2 2 2 2 2 2 2 2 2 2
left_child=1 2 3 -1 5 -3 -6 8 10 -4 -2
right_child=7 4 9 -5 6 -7 -8 -9 -10 -11 -12
leaf_value=0.0006493914642795262 -0.009945488673681566 0.02942023477614426 -0.0019118770414840161 0.024873483127359011 -0.00093104096379442746 0.00090753252650115513 0.0042469556659942946 -0.0016357525608342786 0.025654475062975642 -0.0076902628901736316 0.026634215955209078
leaf_weight=739.41794058680534 168.27955463528633 149.48264271020889 206.4645180106163 243.2279044687748 18828.526339441538 10056.770132362843 883.56588888168335 115.17773681879044 202.85367345809937 225.98817992210388 117.47912847995758
leaf_count=515 206 64 57 108 17022 12915 718 37 200 70 165
internal_value=-3.18644e-05 -0.000179989 0.00458735 0.00848465 -0.000418282 0.00112196 -0.0012343 0.00700243 0.0107619 -0.00343127 0.00159555
internal_weight=31937.2 31333.4 1415.1 982.646 29918.3 10206.3 19712.1 603.79 488.612 432.453 285.759
internal_count=32077 31469 750 623 30719 12979 17740 608 571 127 371
is_linear=0
shrinkage=0.0773788


Tree=145
num_leaves=14
num_cat=0
split_feature=46 41 46 57 40 21 38 48 8 22 38 32 17
split_gain=6.86271 11.2903 10.2315 9.77817 8.68976 12.5492 10.2694 8.19396 7.31648 17.754 14.4345 5.31814 3.41262
threshold=26.768389251893151 79.726905893148484 26.185791494268177 4.9892101176026431 3.1553801044067771 26.744734075909136 0.69949871899852978 26.611454513639675 5.6950000000000012 25.410248032597277 1.9453565579256875 39.257168117663504 30.678755595916641
decision_type=2 2 2 2 2 2 2 2 2 2 2 2 2
left_child=2 7 8 11 6 -6 -4 -2 10 -10 -1 -3 -9
right_child=1 3 4 -5 5 -7 -8 12 9 -11 -12 -13 -14
leaf_value=0.00061525480255761723 -0.00059606350570200661 -0.00076412247405632078 -0.00090562742528648723 -0.0070296155781912574 -0.0043389565264474331 0.018884599677543013 -0.0074655315323892144 0.0023804824532615652 -0.00038311984208369858 -0.01095359599791223 0.014767237130034255 0.0080154315329071975 0.0043611575374543233
leaf_weight=15800.089397728443 329.41179543733597 142.85014951229095 1276.8391318321228 169.81086403131485 295.24290302395821 151.55669331550598 736.5453907251358 205.85654917359352 10492.083795756102 1031.7887632846832 751.62532764673233 161.79762637615204 277.5710780620575
leaf_count=20073 108 71 925 88 169 36 340 55 8609 833 511 52 65
internal_value=2.71954e-05 0.00556159 -0.000194962 -0.00332768 -0.00498143 0.00424949 -0.00721509 0.0111858 0.000212209 -0.00126886 0.00126543 0.00402564 0.017606
internal_weight=31823.1 1287.3 30535.8 474.459 2460.18 446.8 2013.38 812.839 28075.6 11523.9 16551.7 304.648 483.428
internal_count=31935 439 31496 211 1470 205 1265 228 30026 9442 20584 123 120
is_linear=0
shrinkage=0.0773788


Tree=146
num_leaves=13
num_cat=0
split_feature=10 1 13 51 14 13 40 44 1 12 11 36
split_gain=6.54986 11.848 11.6369 10.9102 10.8089 10.7398 10.0367 11.8609 9.97647 8.93198 8.549 6.90274
threshold=38.535122310738004 1.0577212533581191 35.436713899641113 -0.51187300325662 28.870133132890164 39.704610436471924 1.699003599503295 5.01021691616904 0.97425263610037027 37.299063964886408 39.113250170913453 0.56377884881575968
decision_type=2 2 2 2 2 2 2 2 2 2 2 2
left_child=2 6 3 -1 11 -3 7 -2 -5 -6 -8 -4
right_child=1 5 4 8 9 -7 10 -9 -10 -11 -12 -13
leaf_value=0.039813046051649051 0.00065429423967127288 0.0019491565488156113 -0.0042643461084638339 -0.00025405303141174155 0.00071592689540565736 -0.0075794961983235778 0.0017262329773533743 -0.0068562230112980821 0.0063094977765664586 -0.0048395159966703651 0.0031882832134089269 -0.035526358803602748
leaf_weight=104.99376058578491 1213.4177451133728 218.14757174253464 376.63453578948975 20934.067879170179 2787.7732647359371 197.52454042434692 861.19200018048286 229.71139425039291 1725.5587105751038 1680.4476776719093 1104.6575505435467 388.94283512234688
leaf_count=27 458 56 630 22097 4226 62 981 121 1268 1158 398 453
internal_value=0.000116617 0.00312631 -0.000281938 0.000460496 -0.00357837 -0.00884784 0.00470249 0 0.000326472 -0.00201879 0.0082953 -0.0121447
internal_weight=31823.1 3824.65 27998.4 22764.6 5233.8 415.672 3408.98 1443.13 22659.6 4468.22 1965.85 765.577
internal_count=31935 2076 29859 23392 6467 118 1958 579 23365 5384 1379 1083
is_linear=0
shrinkage=0.0773788


Tree=147
num_leaves=12
num_cat=0
split_feature=51 9 2 18 12 2 9 1 57 29 40
split_gain=6.29992 11.6329 11.3998 9.51326 7.06423 15.1892 14.0942 12.3997 10.9186 12.9087 10.7488
threshold=0.45091253876428888 7.1536966224766596 0.998148560797531 84.932014678691118 37.176667527026815 0.78298010367706283 -5.4520205062449234 -0.83581148858471599 5.621354396618111 0.11102145719173609 3.2951479341413807
decision_type=2 2 2 2 2 2 2 2 2 2 2
left_child=1 2 3 -1 5 7 -7 -2 10 -10 -6
right_child=4 -3 -4 -5 8 6 -8 -9 9 -11 -12
leaf_value=-0.00032897358500634868 -0.0037304856742264364 0.009854096390158754 0.031031904074301328 0.0054468231592943667 -0.0063554188048066526 0.0078582127788647139 -0.0033701504797640702 0.0065703813075835005 0.0098647874047951452 -0.0020575776031080723 -0.00057664943538635451
leaf_weight=9284.0919438898563 1986.5268234610558 195.48425129055977 101.45544883608818 4627.0384844839573 1915.6825331449509 203.12449651956558 6745.8517013788223 5073.9106780290604 228.78660506010056 365.97480943799019 1095.1416903734207
leaf_count=10704 2702 111 77 4515 1099 84 5135 6692 70 257 489
internal_value=4.84483e-05 0.00127129 0.000979248 0.000759573 -0.000917294 -0.000103982 -0.00269614 0.00239582 -0.0039726 0.00526158 -0.00592245
internal_weight=31823.1 14208.1 14012.6 13911.1 17615 14009.4 6948.98 7060.44 3605.59 594.761 3010.82
internal_count=31935 15407 15296 15219 16528 14613 5219 9394 1915 327 1588
is_linear=0
shrinkage=0.0773788


Tree=148
num_leaves=14
num_cat=0
split_feature=19 19 12 20 2 35 9 46 16 6 0 57 35
split_gain=7.03672 17.492 14.4211 9.27179 8.0455 7.43577 9.49421 8.54582 9.97282 7.43667 5.55833 5.21504 4.06994
threshold=26.82405822315879 27.122373610724008 39.911490791898451 26.915479807158288 -0.50528627173416452 0.037183097577724693 2.8818723479902428 26.185791494268177 29.984164889317992 1.70258897352572 0.90282107400213818 3.4416399630508718 0.20990870997873448
decision_type=2 2 2 2 2 2 2 2 2 2 2 2 2
left_child=5 2 12 4 -3 6 11 9 -9 -7 -8 -1 -2
right_child=1 3 -4 -5 -6 7 10 8 -10 -11 -12 -13 -14
leaf_value=0.021819869437912861 -0.0050507128742172495 -0.0079740956508803258 0.0088326438644872954 -0.013369807688853309 0.0022272565639763803 -2.5259593466052522e-05 0.012010196275702278 0.006313369636197102 -0.002157952519427696 0.028619734797280316 -0.0015146067153103875 -0.0097303697470499419 0.0051139917937078538
leaf_weight=193.62377870082855 117.24322089552879 179.53156760334969 454.11651360988617 186.55759060382843 169.01005280017853 27264.272632718086 389.55993023514748 441.37244406342506 1974.7146511673927 97.194622874259949 95.758108645677567 154.29546004533768 105.81889194250107
leaf_count=89 80 71 103 58 49 29534 232 571 853 28 65 138 64
internal_value=9.32845e-05 0.00587091 0.0142202 -0.00405007 0.00253422 -0.000124442 0.00704621 -0.000338321 -0.00474673 3.83473e-05 0.0140948 -0.00180564 -0.000358104
internal_weight=31823.1 1212.28 677.179 535.099 348.542 30610.8 833.237 29777.6 2416.09 27361.5 485.318 347.919 223.062
internal_count=31935 425 247 178 120 31510 524 30986 1424 29562 297 227 144
is_linear=0
shrinkage=0.0773788


Tree=149
num_leaves=9
num_cat=0
split_feature=2 20 19 2 16 46 47 1
split_gain=6.13091 5.46161 9.567 19.3517 8.51397 5.88391 5.27363 4.83762
threshold=-1.1403928976464763 26.972226137903977 26.82405822315879 -0.57595924728727643 30.970973718890988 26.246272359678851 0.26569115702417745 0.729656289950947
decision_type=2 2 2 2 2 2 2 2
left_child=7 2 5 -4 6 -2 -3 -1
right_child=1 4 3 -5 -6 -7 -8 -9
leaf_value=0.0091798424870473423 8.841906605378738e-05 0.0012424756751812898 -0.007528114815858045 0.010202571994031831 -0.0045085802349051482 -0.0011917609093529007 -0.0017420173709377699 -0.0019218313747904287
leaf_weight=330.228176176548 27860.145184785128 238.19467121362686 259.59478369355202 532.06805124878883 384.54862546920776 1923.5095992386341 132.94440385699272 161.83597022294998
leaf_count=103 30082 94 143 151 109 1120 79 54
internal_value=6.725e-06 -0.00011699 3.22341e-05 0.00841385 -0.00659901 -0.000179535 0.000875639 0.00854886
internal_weight=31823.1 31331 30575.3 791.663 755.688 29783.7 371.139 492.064
internal_count=31935 31778 31496 294 282 31202 173 157
is_linear=0
shrinkage=0.0773788


Tree=150
num_leaves=15
num_cat=0
split_feature=5 54 48 41 12 17 29 37 27 57 20 29 50 45
split_gain=7.09934 10.1523 8.88629 9.72153 9.66779 8.42862 8.19138 7.78687 6.24273 5.93529 5.35168 4.25475 3.82088 3.16698
threshold=-0.86809259322582466 1008.4990327345359 26.503560761280458 82.141740549121394 25.591711467556344 30.695000000000004 0.37366135921062699 30.487083333333334 19.927797213143879 5.760122365845926 26.162605963459537 0.1004625455918569 19.354264220812173 0.063927755582262533
decision_type=2 2 2 2 2 2 2 2 2 2 2 2 2 2
left_child=1 10 4 7 6 -6 -2 -4 -3 -10 12 -12 -1 -5
right_child=2 8 3 13 5 -7 -8 -9 9 -11 11 -13 -14 -15
leaf_value=0.021191520756171617 -0.0014310468369134392 -0.0037969407940411379 0.014241798310123004 -0.020793912491226505 8.1577303045195256e-05 -0.0042464432957117536 0.0094662771821989594 0.00024078225111531708 -0.0042133971472323407 -0.026052337905848381 -0.0099919016273444326 -0.007468790042923455 0.0010273761462197854 -0.0013300586649649963
leaf_weight=106.94932699203491 975.22916859388351 131.85420906543732 406.48718038201332 80.286183178424835 20797.196388363838 2556.1361300051212 1568.9916672110558 1246.4332382082939 1580.5864100158215 178.26687213778496 59.473431199789047 240.96925896406174 1950.7160208821297 100.43673270940781
leaf_count=51 469 30 126 58 23488 2584 869 378 1061 61 30 171 2557 101
internal_value=9.11087e-07 -0.00293124 0.000463675 0.00566577 8.03989e-05 -0.000399054 0.00461725 0.00766187 -0.00715816 -0.00563164 0.00031075 -0.00906385 0.00187241 -0.0103738
internal_weight=31980 4248.82 27731.2 1833.64 25897.6 23353.3 2544.22 1652.92 1890.71 1758.85 2358.11 300.443 2057.67 180.723
internal_count=32034 3961 28073 663 27410 26072 1338 504 1152 1122 2809 201 2608 159
is_linear=0
shrinkage=0.0773788


Tree=151
num_leaves=13
num_cat=0
split_feature=10 13 51 1 13 14 12 38 1 38 0 36
split_gain=6.50279 10.0251 11.1328 9.16407 15.6898 9.05756 9.06293 7.67157 15.5037 8.21269 6.76669 4.62194
threshold=38.535122310738004 35.232922286586934 -0.51187300325662 1.0410148149377279 39.37003508292144 28.942005793511765 37.299063964886408 0.59918951869366899 0.81699218538162621 0.64127561945992217 -0.70710678118654757 0.57903197621104385
decision_type=2 2 2 2 2 2 2 2 2 2 2 2
left_child=1 2 -1 7 -5 11 -7 8 -2 -9 -4 -3
right_child=3 5 10 4 -6 6 -8 9 -10 -11 -12 -13
leaf_value=0.036374352697756282 0.00024912958381689002 -0.0044216991633185656 -0.0019926366060816856 0.004859448919503369 -0.0070383087171635317 0.00098112242693325835 -0.0041401204413299437 -0.0083211248269001083 0.0084309898217312974 0.00046760873480656612 0.0010243627196292997 -0.02981948216357682
leaf_weight=104.84355282783508 837.05323216319084 523.22577014565468 6245.4895712435246 202.50398623943329 256.7191955447197 2976.3844926953316 1737.2165220081806 146.72266203165054 455.88353699445724 1910.5181804895401 16079.631430566311 503.82008495926857
leaf_count=27 375 901 5872 52 77 4499 1186 64 135 1368 16929 549
internal_value=-5.23573e-07 -0.00041778 0.000306037 0.00298658 -0.00691537 -0.00330734 -0.00177366 0.00445965 0.00917125 0.00130875 0.000169017 -0.00995576
internal_weight=31980 28170.6 22430 3809.4 459.223 5740.65 4713.6 3350.18 1292.94 2057.24 22325.1 1027.05
internal_count=32034 29963 22828 2071 129 7135 5685 1942 510 1432 22801 1450
is_linear=0
shrinkage=0.0773788


Tree=152
num_leaves=13
num_cat=0
split_feature=10 1 27 12 52 47 45 11 8 2 2 30
split_gain=6.38707 7.56587 11.1128 7.03002 13.1352 11.9136 10.8922 8.68084 7.02006 12.4011 6.92892 6.74791
threshold=38.535122310738004 1.0410148149377279 27.48338149527034 37.786635424362281 44.003333333333281 1.0000000180025095e-35 0.30681654263609087 36.228208799626181 1.6019195943267766 -0.57595924728727643 0.70252747416915695 0.74404312872163858
decision_type=2 2 2 2 2 2 2 2 2 2 2 2
left_child=3 8 -3 5 6 -1 -5 -6 9 -2 -7 -10
right_child=1 2 -4 4 7 10 -8 -9 11 -11 -12 -13
leaf_value=0.043511836613028709 0.00023621290779185749 0.0010848796382900451 -0.0066880075919019209 -0.0017207777226465072 -0.01917661698826062 0.0014384874816198339 0.0094445064247249255 -0.0037841387911819483 -0.00022284937894610269 0.010111402357862148 -0.0015898790178461072 0.0032450132982715378
leaf_weight=157.56324070692062 663.81937536597252 225.47363758087158 233.7495442032814 3255.5512048602104 254.4102937579155 13491.992612272501 625.64297005534172 1223.5586584806442 1475.0068282485008 446.24845707416534 9161.8924443125725 765.10295099020004
leaf_count=59 301 63 66 1510 193 19317 226 628 596 124 8030 921
internal_value=-4.39239e-05 0.00291516 -0.00603924 -0.00045738 -0.00298086 0.000119972 -0.000513831 -0.00919314 0.00425737 0.00934752 -1.34688e-05 0.00155949
internal_weight=31980 3809.4 459.223 28170.6 5359.16 22811.4 3881.19 1477.97 3350.18 1110.07 22653.9 2240.11
internal_count=32034 2071 129 29963 2557 27406 1736 821 1942 425 27347 1517
is_linear=0
shrinkage=0.0773788


Tree=153
num_leaves=8
num_cat=0
split_feature=21 50 19 43 9 27 39
split_gain=6.05454 12.9288 9.10461 10.7945 9.60483 6.3032 6.24517
threshold=13.442876508984829 16.306168905520291 17.561729108423147 60.335416666666681 -4.0060624651992169 20.244178793183586 0.83864970835997832
decision_type=2 2 2 2 2 2 2
left_child=-1 5 4 -4 -3 6 -2
right_child=1 2 3 -5 -6 -7 -8
leaf_value=-0.0030194405372154284 -0.0010238461654817287 0.0069035864120791232 0.017417392724814521 -5.9904264522412317e-05 -0.0089882989523047477 -0.0033841154128579996 0.026348392316268239
leaf_weight=234.19144475460052 105.80689463019371 204.42816859483719 361.45815846323967 29500.435745030642 1148.5726636946201 178.9773878455162 246.14175489544868
leaf_count=63 64 96 308 30727 584 61 131
internal_value=-6.58969e-05 1.49433e-05 -0.000178025 9.16852e-05 -0.00638005 0.0119489 0.0178999
internal_weight=31980 31745.8 31214.9 29861.9 1353 530.926 351.949
internal_count=32034 31971 31715 31035 680 256 195
is_linear=0
shrinkage=0.0773788


Tree=154
num_leaves=16
num_cat=0
split_feature=5 16 38 5 17 2 3 44 51 2 53 27 19 9 16
split_gain=5.24348 7.75568 9.41623 9.55569 7.24297 9.13495 13.8661 8.74 4.84279 4.75514 4.73491 4.54297 4.27512 3.22944 1.81689
threshold=0.92303834264138651 29.505000000000006 0.76975757184268712 1.2986632419982358 24.655000000000005 -0.13231083589321846 6.4802596148105751 10.277638593005157 0.34897959950812968 0.97792737797861629 1015.2500000000001 25.601089328182233 23.435094596929144 -2.8057969714746878 28.735000000000003
decision_type=2 2 2 2 2 2 2 2 2 2 2 2 2 2 2
left_child=4 11 8 -4 9 7 -7 -6 -3 10 -1 12 -2 -11 -13
right_child=1 2 3 -5 5 6 -8 -9 -10 13 -12 14 -14 -15 -16
leaf_value=0.016343421324102075 0.00082418257708332938 -0.0031879432323740262 -0.012557318087921628 -0.004483124265098469 0.0011561265857791031 -0.00079763114286140969 -0.01906070167319138 -0.0049711933740902575 0.0018310753486783292 -0.014485972289452536 -0.016632001382471832 0.017558736297036595 -0.013343063607755981 0.0047604836107075794 0.0025372296963805962
leaf_weight=650.64329394698143 908.89309695363045 258.10314145684242 569.77197244763374 139.57075655460358 12258.140521854162 13590.015264242887 721.30983141064644 727.28596496582031 420.22409582138062 111.88339310884476 68.152644693851471 180.07351958751678 740.80508252978325 323.91060817241669 311.22903016209602
leaf_count=700 869 180 506 42 12124 13629 564 550 336 84 42 331 1239 301 537
internal_value=-6.06396e-05 -0.00288138 -0.0073777 -0.0136043 0.000276799 9.0521e-06 -0.00132565 0.00150801 -0.000287728 0.00626882 0.0101168 0 -0.00190523 0 0.00653937
internal_weight=31980 3528.67 1387.67 709.343 28451.3 27296.8 14311.3 12985.4 678.327 1154.59 718.796 2141 1649.7 435.794 491.303
internal_count=32034 4040 1064 548 27994 26867 14193 12674 516 1127 742 2976 2108 385 868
is_linear=0
shrinkage=0.0773788


Tree=155
num_leaves=13
num_cat=0
split_feature=14 17 19 33 18 16 20 55 12 47 38 5
split_gain=6.46459 14.6156 7.44689 7.55631 7.30755 19.6443 12.8384 11.4112 8.65335 7.09059 6.85645 6.06156
threshold=30.215000000000003 31.030256334049323 25.957868316572895 0.51801715757138134 78.80342930422124 31.997185258587226 26.972226137903977 1003.8950982479117 40.836909764942995 0.020213880079142293 3.4108862102432052 0.064740832396302891
decision_type=2 2 2 2 2 2 2 2 2 2 2 2
left_child=1 2 9 -4 5 7 8 -2 -6 -1 11 -3
right_child=4 10 3 -5 6 -7 -8 -9 -10 -11 -12 -13
leaf_value=0.0083187500027361704 0.0039997510395937364 -0.031890326686451774 0.0052955294954937148 -0.0042864671939860611 0.0034134094896390225 -0.0078993750699897104 -0.0032626044719823288 0.00014838583833945142 0.010332057625874547 -0.00017968892502529904 0.012172418805793844 -0.00033180319399633764
leaf_weight=642.24870526790619 442.69000995159149 396.44982531666756 286.27298817038536 2262.3178460597992 979.09841072559357 253.04310858249664 243.95891070365906 4626.0939067900181 345.65094417333603 21303.915425360203 71.818003416061401 117.2015597820282
leaf_count=270 136 395 303 1897 801 61 77 4009 73 23813 30 156
internal_value=-8.98645e-05 -0.000677507 -0.00037228 -0.00433026 0.00199532 0.000550206 0.00665126 0.00167426 0.00978688 7.15452e-05 -0.0127329 -0.0160807
internal_weight=31970.8 25080.2 24494.8 2548.59 6890.54 5321.83 1568.71 5068.78 1324.75 21946.2 585.469 513.651
internal_count=32021 26864 26283 2200 5157 4206 951 4145 874 24083 581 551
is_linear=0
shrinkage=0.0773788


Tree=156
num_leaves=13
num_cat=0
split_feature=19 41 28 28 6 16 56 44 31 4 35 8
split_gain=6.54285 11.5665 8.69543 6.04516 12.5976 11.8458 8.98121 15.6703 11.4585 5.69743 6.44081 2.94285
threshold=26.82405822315879 78.262786731353216 1.3642942809073919 0.55254480361435221 0.58482390647684801 25.685000000000006 3.3803182908889382 10.040612728085547 2.7952374463776324 1005.0785765090976 0.2684833937462458 4.5600000000000014
decision_type=2 2 2 2 2 2 2 2 2 2 2 2
left_child=3 2 -2 4 5 -1 7 -5 -8 -3 -11 -6
right_child=1 9 -4 6 11 -7 8 -9 -10 10 -12 -13
leaf_value=0.0072116077595105552 0.0095426900649614385 -0.0032991567815163561 -8.6715606356280614e-05 0.0028414507513512617 0.012803695652776727 -0.0026512238626832784 -0.0010199826076533059 -0.0026831519789388167 -0.015024119292122499 -0.0037178745474554559 0.0045860893366401123 0.082076930360768935
leaf_weight=2039.6239701211452 410.57244101166725 265.07126873731613 260.09605294466019 8704.805339962244 192.82294610142708 3672.3954571485519 11742.917546570301 3545.3223493099213 674.84615424275398 184.37204852700233 148.26002821326256 129.65404140949249
leaf_count=1881 107 99 72 8439 250 5492 12079 2851 495 98 62 96
internal_value=-6.29469e-05 0.00535866 0.0123829 -0.00029951 0.00187628 0.000962331 -0.000846767 0.000616325 -0.00231912 -0.0019512 0.00400846 0.0167218
internal_weight=31970.8 1268.37 670.668 30702.4 6034.5 5712.02 24667.9 12250.1 12417.8 597.703 332.632 322.477
internal_count=32021 438 179 31583 7719 7373 23864 11290 12574 259 160 346
is_linear=0
shrinkage=0.0773788


Tree=157
num_leaves=15
num_cat=0
split_feature=11 12 52 5 47 50 2 1 36 17 51 36 9 9
split_gain=6.97046 6.55481 12.7274 18.3209 11.1931 10.2526 7.86942 6.46761 8.26197 8.03759 9.11748 8.20182 4.67398 3.38637
threshold=39.853980687201009 36.934261601873693 25.83333333333314 0.70470787802185797 1.0000000180025095e-35 26.362165674788347 -0.11649092230912388 0.58102169857916153 1.3037704644372561 31.130454555100368 0.29581753857220006 0.57337484430484353 4.3746669063837755 1.4311020480399981
decision_type=2 2 2 2 2 2 2 2 2 2 2 2 2 2
left_child=1 4 3 -3 -1 -4 -6 8 12 10 -9 -11 -2 -10
right_child=7 2 5 -5 6 -7 -8 9 13 11 -12 -13 -14 -15
leaf_value=0.040504834820565029 0.012481918187202972 0.0026526831577605289 -0.0060565394971046236 -0.0054242721928234559 0.0030993229319372846 0.0015964093445913021 -0.00075232479523364441 -0.00055257564900477172 -0.0132907211265294 3.3401752526187429e-05 0.0050132877919876499 -0.0046728163368864283 0.0010642155079067205 0.020655169074718666
leaf_weight=96.782183647155762 287.56880256533623 3278.6983706653118 2445.7881498932838 1741.5016804933548 6528.2740365862846 431.02403098344803 15046.327833265066 495.82247251272202 124.53252452611923 298.68981575965881 670.09423261880875 256.5612741112709 197.71580320596695 71.378433465957642
leaf_count=38 84 1538 1600 1125 10314 202 16280 158 132 84 234 104 66 62
internal_value=-3.03603e-05 -0.000367538 -0.0022811 0 0.000313286 -0.00638115 0.000175853 0.0039615 0.0103945 0.0011846 0.00500392 -0.00616114 0.0158596 -0.00137598
internal_weight=31970.8 29568.4 7897.01 5020.2 21671.4 2876.81 21574.6 2402.36 681.196 1721.17 1165.92 555.251 485.285 195.911
internal_count=32021 31097 4465 2663 26632 1802 26594 924 344 580 392 188 150 194
is_linear=0
shrinkage=0.0773788


Tree=158
num_leaves=13
num_cat=0
split_feature=14 17 50 57 16 57 28 16 3 28 57 43
split_gain=5.76236 10.5799 9.55827 7.63609 7.06259 13.4183 16.7109 9.34177 9.22639 6.88629 12.007 8.22801
threshold=30.192601823291422 30.36494743885472 17.551392174368655 5.8518745657215776 31.924962242984364 5.4729035933651984 0.92997740775727566 30.840280259885017 5.3410347241663994 0.6703869709929392 3.6409746189899086 64.875000000000014
decision_type=2 2 2 2 2 2 2 2 2 2 2 2
left_child=1 9 -3 -4 5 7 -7 -2 -6 11 -11 -1
right_child=4 2 3 -5 8 6 -8 -9 -10 10 -12 -13
leaf_value=-0.012128270073261067 0.0022712476850069246 0.012369066570024692 -0.014387799659807177 0.0023366160118312514 -0.010328267424289357 -0.0013257002550306255 0.0067783222504645075 -0.0011874723086197972 0.00019855373765624001 0.00032579741355841051 -0.003335522386004906 0.0029724887565460434
leaf_weight=176.57771974802017 4463.1091015934944 96.128078699111938 1074.5093274116516 101.89176973700523 324.2106825709343 323.7227531671524 621.51408287882805 903.72681587934494 383.09938657283783 10877.775414645672 6507.3582835495472 6117.1362278461456
leaf_count=42 4299 29 1235 74 95 232 204 360 82 9813 7351 8205
internal_value=-7.56374e-05 -0.000637581 -0.00750867 -0.00962439 0.00186919 0.00272981 0.0112541 0.00115273 -0.00526901 -0.000251631 -0.00105913 0.0019203
internal_weight=31970.8 24951.4 1272.53 1176.4 7019.38 6312.07 945.237 5366.84 707.31 23678.8 17385.1 6293.71
internal_count=32021 26749 1338 1309 5272 5095 436 4659 177 25411 17164 8247
is_linear=0
shrinkage=0.0773788


Tree=159
num_leaves=15
num_cat=0
split_feature=2 20 31 12 37 33 17 47 40 5 15 16 3 57
split_gain=5.93022 8.5725 6.15158 11.8465 17.5226 11.2772 7.81956 9.93733 9.92549 6.01489 10.8304 2.88217 1.84116 3.19647
threshold=-0.9993703818063705 25.201713128875102 2.6896101567126975 38.291463861349818 30.033541666666672 2.6961972232070051 31.235000000000003 0.036756147152829648 6.2581413632134106 -0.45128840335427717 30.580370228586201 30.763066209301822 2.7503438134940574 3.2150000000000003
decision_type=2 2 2 2 2 2 2 2 2 2 2 2 2 2
left_child=1 12 6 5 -5 -4 8 -8 -2 11 -11 -3 -1 -14
right_child=2 9 3 4 -6 -7 7 -9 -10 10 -12 -13 13 -15
leaf_value=0.022626690974545449 0.00013013871285887256 -0.00081790535625286115 -0.011229932330493988 -0.010767787963509412 0.021347370178847962 0.00028922665283350656 0.0014327188617231257 -0.0015782866933027452 0.0068247093777408429 -0.0005523023081419338 0.012400647520050287 -0.012986690841513578 -0.008823212620274308 0.016075711038696105
leaf_weight=182.6568189561367 19842.750422209501 82.947347432374954 534.05720722675323 1401.0832317769527 141.54032349586487 5927.0754956305027 235.67550301551819 1173.7345000207424 1649.5718551874161 380.5721617937088 169.64677333831787 88.133018732070923 61.835355848073959 99.479629635810852
leaf_count=69 21718 91 460 603 46 6321 78 810 1394 232 43 27 36 93
internal_value=-0.000140427 0.00550408 -0.000347514 -0.00219886 -0.00830324 -0.000680472 0.000283902 -0.00526192 0.000665514 0.000169943 0.00460136 -0.0117667 0.015502 0.00572941
internal_weight=31970.8 1065.27 30905.5 8003.76 1542.62 6461.13 22901.7 1409.41 21492.3 721.299 550.219 171.08 343.972 161.315
internal_count=32021 591 31430 7430 649 6781 24000 888 23112 393 275 118 198 129
is_linear=0
shrinkage=0.0773788


Tree=160
num_leaves=15
num_cat=0
split_feature=5 16 22 55 2 10 5 53 8 43 15 3 54 40
split_gain=5.23766 8.82869 11.0392 10.8228 9.21654 8.18058 7.22721 6.90185 15.0445 14.3722 12.7385 18.4278 8.13622 7.48587
threshold=-0.25855724858188694 30.840280259885017 25.06628744879055 1003.8950982479117 -1.0074090201960286 32.443119745146539 -1.1845927006660493 1004.5951444380147 1.7099999999999993 78.863563800230921 30.730059392461186 4.660675514483243 1005.0285752933518 2.7674898373793164
decision_type=2 2 2 2 2 2 2 2 2 2 2 2 2 2
left_child=1 4 5 -4 -1 -3 -6 8 9 -2 13 -12 -10 -9
right_child=7 2 3 -5 6 -7 -8 10 12 -11 11 -13 -14 -15
leaf_value=0.012001528192141273 0.014505508871912378 -0.012502736524367687 0.00077517279496776758 -0.0046388070200678796 0.0097049550810700581 0.011036990570034105 -0.00064358325741936076 -0.00050628604078342806 -0.0095489292503756571 -0.0073565641746119025 -0.00020301036862441576 0.011019755001489313 -0.00061705496408480723 0.0029522655953530806
leaf_weight=114.9790226817131 230.56859254837036 138.16842889785767 363.30879399180412 1238.216637223959 70.931754946708679 271.1763522028923 12599.531817138195 9761.0920298695564 463.02868184447289 205.42827877402306 456.91720598936081 397.37726336717606 156.04061126708984 5360.0578569471836
leaf_count=36 102 110 108 479 21 136 13670 11561 291 274 172 102 76 4875
internal_value=-4.09796e-05 -0.00111662 -0.00588829 -0.00886588 -0.00033592 0.00485193 -0.000565327 0.000872226 -0.00510788 0.00529164 0.00129124 0.0104924 -0.0130017 0.000744452
internal_weight=31826.8 14796.3 2010.87 1601.53 12785.4 409.345 12670.5 17030.5 1055.07 435.997 15975.4 854.294 619.069 15121.1
internal_count=32013 14560 833 587 13727 246 13691 17453 743 376 16710 274 367 16436
is_linear=0
shrinkage=0.0773788


Tree=161
num_leaves=12
num_cat=0
split_feature=35 4 51 1 9 13 1 44 51 52 38
split_gain=6.85764 7.94445 6.65024 6.34844 11.3076 12.0248 6.56823 22.1251 7.86358 5.05703 4.31919
threshold=0.055136195011640611 1003.8000301032255 -0.12264388440893402 0.99962539947914764 0.029894094142079556 38.649786180131379 0.97654153853690362 6.529453891086928 0.19221967333203777 1.081666666666468 0.58136824760856487
decision_type=2 2 2 2 2 2 2 2 2 2 2
left_child=1 10 -3 6 -5 -6 8 -8 -2 -4 -1
right_child=3 2 9 4 5 -7 7 -9 -10 -11 -12
leaf_value=0.00037700853769347809 0.0020689062773148544 -0.0036816453904706635 0.010176204297262974 -0.16296972711876198 0.0047527913570169795 -0.0071066280437149486 -0.0066975482799804332 0.012475097095156876 -0.00050844109171548481 0.0011720956217452694 -0.0097413795317877836
leaf_weight=135.26497530937195 1756.0447250306606 145.51310390233994 662.90006583929062 178.98795205354691 511.11513349413872 303.2060638666153 480.18057399988174 1236.8575573861599 25844.42152813077 448.80503463745117 123.52661404013634
leaf_count=71 1399 44 547 83 240 92 626 1032 27441 395 43
internal_value=2.02554e-05 0.00510167 0.00777619 -0.000222585 -0.00629321 -0.00188236 -3.5827e-06 0.00462092 -0.000305149 0.00994537 -0.00642123
internal_weight=31826.8 1516.01 1257.22 30310.8 993.309 814.321 29317.5 1717.04 27600.5 1111.71 258.792
internal_count=32013 1100 986 30913 415 332 30498 1658 28840 942 114
is_linear=0
shrinkage=0.0773788


Tree=162
num_leaves=13
num_cat=0
split_feature=46 46 29 55 41 16 15 28 36 14 57 8
split_gain=5.64937 12.8955 11.4591 11.544 10.4756 9.62977 10.1012 9.35091 8.31132 6.70325 5.44522 3.09514
threshold=26.768389251893151 26.171522689980382 0.097940547847497089 1004.5124380061189 78.301311967645219 29.88089635847086 32.354395613688602 1.152469216973804 0.0849019041806576 29.151045958276505 4.1537813942654696 1.7099999999999993
decision_type=2 2 2 2 2 2 2 2 2 2 2 2
left_child=1 8 7 -4 -5 10 -7 -2 11 -10 -3 -1
right_child=2 5 3 4 -6 6 -8 -9 9 -11 -12 -13
leaf_value=0.016611448228062712 0.00024785066757235084 0.0184040745952237 -0.002395137541755985 0.0028728020948635045 -0.00037289722046389184 -0.0057728404628496098 0.00049195555569169348 0.0083426853817449333 -0.00056503889528714359 0.0015301755731897398 -0.0027473029850687272 -0.0037918158534041794
leaf_weight=136.15061384439468 230.5699777007103 175.71962815523148 285.22085899114609 211.75470298528671 339.60155794024467 1993.9368013739586 172.87143188714981 218.56834316253662 19124.481760710478 8616.7577484548092 242.68525561690331 78.504646867513657
leaf_count=133 82 211 101 59 150 928 38 50 20321 9522 383 35
internal_value=0 -0.000218481 0.00500892 0 0.00616128 -0.00544871 -0.00758906 0.0149217 0.00025294 0.000121145 0.00473836 0.015281
internal_weight=31826.8 30541.1 1285.72 836.577 551.356 2585.21 2166.81 449.138 27955.9 27741.2 418.405 214.655
internal_count=32013 31571 442 310 209 1560 966 132 30011 29843 594 168
is_linear=0
shrinkage=0.0773788


Tree=163
num_leaves=16
num_cat=0
split_feature=14 13 9 37 43 31 1 9 16 41 13 2 37 28 47
split_gain=6.45101 14.1713 7.92641 11.9991 6.87623 6.62794 6.1293 5.20606 14.4882 11.1227 8.5457 10.2788 6.10028 4.70083 4.31291
threshold=28.83374995906399 33.412013852018589 3.4363380624755666 29.577291666666671 81.239583333333357 2.2849921021091242 0.8994949186094009 1.45577518645821 30.311610564024836 77.875395235060637 35.73935623447661 0.95748518835503915 30.390208333333337 0.2353477652068825 0.11166312375337664
decision_type=2 2 2 2 2 2 2 2 2 2 2 2 2 2 2
left_child=1 2 3 -1 -4 6 -3 10 12 -10 11 -2 -9 -12 -7
right_child=7 5 4 -5 -6 14 -8 8 9 -11 13 -13 -14 -15 -16
leaf_value=0.00020341564018348514 0.0038189492875534011 -0.006764395494121592 -0.015011143549646376 0.017697903901907328 0.0029032003437343837 9.0231577505220447e-06 0.010904141506895844 0.0047352228828737046 0.00032077521293724561 -0.0013014052074838444 0.0177870369945059 -0.0082685325128754126 0.0079255484488569457 -0.004697749516495966 -0.02148590302935291
leaf_weight=13311.575249552727 3077.1672664284706 1966.9157640337944 713.73235473036766 492.32891681790352 359.33209627866745 139.8423285484314 356.02945360541344 3162.5306364297867 2912.2884150147438 1380.5305104851723 114.55329418182373 766.80036199092865 416.29034459590912 2037.6948647797108 619.21147021651268
leaf_count=12734 3572 3110 1012 193 433 60 351 4520 1234 617 140 377 232 2790 638
internal_value=0.000122906 -0.000832467 0.000133565 0.000656195 -0.00622705 -0.00560708 -0.00332393 0.00138623 0.00269887 -0.00025189 -0.000277004 0.001843 0.00633591 -0.00422824 -0.0120583
internal_weight=31826.8 17959 14877 13803.9 1073.06 3082 2322.95 13867.9 7871.64 4292.82 5996.22 3843.97 3578.82 2152.25 759.054
internal_count=32013 18531 14372 12927 1445 4159 3461 13482 6603 1851 6879 3949 4752 2930 698
is_linear=0
shrinkage=0.0773788


Tree=164
num_leaves=16
num_cat=0
split_feature=29 39 42 50 40 16 8 50 31 17 45 55 54 50 44
split_gain=5.65073 9.24982 8.77309 11.0624 7.31583 6.78847 6.34999 9.98544 9.2192 6.0111 6.04259 5.31743 5.13673 5.10111 4.88344
threshold=0.81684639381242508 2.3643180835076811 3.9232793949243434 26.248142736634268 2.9166190472244264 30.23321275348685 6.0918322093034059 25.556608991560381 0.92614908464902157 26.965000000000003 -0.34185541487916887 1012.5500000000001 1003.6929947889454 25.997769320221803 10.101861196608654
decision_type=2 2 2 2 2 2 2 2 2 2 2 2 2 2 2
left_child=1 6 12 -4 5 11 8 -8 -1 14 -11 -2 -3 -7 -6
right_child=4 2 3 -5 9 13 7 -9 -10 10 -12 -13 -14 -15 -16
leaf_value=-0.00039282807676089778 0.00016655439319931869 0.0086702748369015068 0.0055719675467711142 0.0056248543027552639 0.010318798567360439 -0.021546632893840071 -0.0012307241487483419 -0.028434650464334112 0.0026351269336455782 0.0096510598736412739 -0.0024157926247436326 -0.01833653997050997 -0.0046728905373567883 -0.003282303122297037 -0.00052934788209989139
leaf_weight=8271.7425091862679 1050.4167080819607 68.133831977844238 1840.336558163166 132.62339985370636 881.46666342020035 487.24913638830185 4652.7522274851799 214.27416932582855 8320.8822793066502 71.830310463905334 4176.1354896426201 177.25411811470985 472.71823161840439 192.9902518093586 816.01744285225868
leaf_count=9740 1433 53 1559 33 716 368 3554 109 8776 21 4215 136 519 62 719
internal_value=4.65135e-05 0.000647759 0.00508782 0.00753507 -0.00174188 -0.00591777 0.000109754 -0.00232692 0.000846849 -0.000337283 -0.00194777 -0.00210123 -0.00316061 -0.0122165 0.00347371
internal_weight=31826.8 23973.5 2513.81 1972.96 7853.36 1907.91 21459.7 4867.03 16592.6 5945.45 4247.97 1227.67 540.852 680.239 1697.48
internal_count=32013 24343 2164 1592 7670 1999 22179 3663 18516 5671 4236 1569 572 430 1435
is_linear=0
shrinkage=0.0773788


Tree=165
num_leaves=15
num_cat=0
split_feature=34 12 51 51 18 33 17 5 16 5 56 49 27 2
split_gain=7.00717 7.97955 15.4128 11.7642 11.445 7.093 6.3613 6.28963 6.99275 6.86446 4.86236 5.14849 2.35534 1.58064
threshold=0.017320508119168066 40.836909764942995 0.29876743230185582 0.38867540043868359 79.010694678402317 5.797729705576204 24.155000000000005 0.25881904510252091 29.935000000000006 0.6036143151192368 5.734163572827252 0.68738617003089841 26.545680808738187 -0.46350634225820192
decision_type=2 2 2 2 2 2 2 2 2 2 2 2 2 2
left_child=7 5 4 -4 -3 6 -2 10 12 -10 11 -1 -9 -12
right_child=1 2 3 -5 -6 -7 -8 8 9 -11 13 -13 -14 -15
leaf_value=0.0084749135070893242 0.0029760955732286484 -0.0043094361211556279 0.01162823408180781 0.001390322237609971 0.00022143955777819991 0.023804222200333895 -0.00060179683689851537 0.0091892458173489702 -0.012994000288695991 -0.00018446602451689054 -0.0046108782739836757 -0.00084264137160467237 0.031885785295146712 0.001136058470565684
leaf_weight=839.50485372543335 1386.9066738188267 187.8472808599472 414.55577802658081 513.91674554347992 366.44881188869476 82.986815482378006 26855.158217519522 154.33202853798866 195.97028887271881 514.66459909081459 90.297273367643356 193.43789067864418 64.49847075343132 86.315963715314865
leaf_count=515 1270 40 89 144 93 61 29126 218 71 181 85 75 40 45
internal_value=7.27152e-05 -0.000222932 0.00528016 0.0114693 -0.00444404 -0.00052463 -0.000605174 0.00435451 -5.55182e-05 -0.00416759 0.0080312 0.0101341 0.0114871 -0.00220421
internal_weight=31946.8 29807.8 1482.77 928.473 554.296 28325.1 28242.1 2139.02 929.465 710.635 1209.56 1032.94 218.83 176.613
internal_count=32053 30823 366 233 133 30457 30396 1230 510 252 720 590 258 130
is_linear=0
shrinkage=0.0773788


Tree=166
num_leaves=12
num_cat=0
split_feature=35 12 19 20 0 22 24 40 37 34 28
split_gain=7.71426 7.11322 7.75228 7.09683 7.90533 9.03529 6.69825 6.07564 10.6884 5.87929 2.9752
threshold=0.055136195011640611 41.684941536720054 26.54166773662568 26.972226137903977 -0.45594138630402237 26.403140178810695 27.572036483192772 0.47222875811085013 30.878967953016755 0.015275252359740249 1.5758879714588399
decision_type=2 2 2 2 2 2 2 2 2 2 2
left_child=3 7 10 4 6 -6 -1 8 -2 -9 -3
right_child=1 2 -4 -5 5 -7 -8 9 -10 -11 -12
leaf_value=0.0040422352665031493 -0.0017439225006665642 -0.0064007994975771847 0.006856413122580304 -0.004850253989769019 0.0065511135350463144 0.0053970124895027288 -0.023085527169828052 0.003928905449478195 -0.0061242436124695192 -0.00033782814693974155 0.0096712220967713688
leaf_weight=233.76614311337471 1005.4757754206657 241.68959546089172 248.25048243999481 194.9546217918396 801.60982096195221 253.62320521473885 64.713845491409302 1141.7745406925678 172.4367133975029 27320.13521116972 268.41173672676086
leaf_count=272 1355 56 46 58 662 105 26 573 58 28777 65
internal_value=0 -0.000272275 0.00707652 0.00531881 0.00744658 0.0106607 -0.00270448 -0.000473594 -0.00592194 -0.000234448 0.000815298
internal_weight=31946.8 30398.2 758.352 1548.67 1353.71 1055.23 298.48 29639.8 1177.91 28461.9 510.101
internal_count=32053 30930 167 1123 1065 767 298 30763 1413 29350 121
is_linear=0
shrinkage=0.0773788


Tree=167
num_leaves=16
num_cat=0
split_feature=3 41 49 46 33 49 6 37 37 33 14 2 13 14 28
split_gain=5.79152 11.0108 12.0949 9.38993 8.78364 8.22892 6.76934 14.3211 17.5798 14.0266 8.09393 11.5615 8.30048 4.24689 2.28413
threshold=5.7406690866400831 71.304166666666688 0.57433518659637561 26.51171934294506 3.0846743112408892 0.40233958163569156 0.27187385419850907 30.920862540085221 30.674166666666668 0.59801067508822403 27.10176513326741 0.95493138204271821 34.541804964706344 24.075000000000003 1.197836482776639
decision_type=2 2 2 2 2 2 2 2 2 2 2 2 2 2 2
left_child=6 2 14 4 -3 -5 10 8 -8 -9 11 -1 -12 -4 -2
right_child=1 3 13 5 -6 -7 7 9 -10 -11 12 -13 -14 -15 -16
leaf_value=-0.0084374827637054717 -0.034177274904219623 0.0010187630811069309 -0.02299283578319989 -0.00057240871551724696 -0.039229686466444792 -0.0046286836685733787 0.0012544600769365489 0.0057093640351989963 -0.021167890248456719 0.00078028730460524983 0.0021716164334707041 0.0042509895128799123 -0.00038534634204832636 0.0019937827293409764 -0.012323697929914177
leaf_weight=2428.6569980680943 165.76054435968399 2817.8686420619488 140.40961754322052 210.00382792949677 148.73173481225967 148.54011222720146 11424.657410413027 259.21588128805161 182.11681091785431 569.11392056941986 6208.8944070935249 721.96865186095238 6200.7108247280121 213.64852339029312 106.54378461837769
leaf_count=2863 70 3672 80 87 100 93 10295 61 96 143 6412 504 7362 135 80
internal_value=-0.000112309 -0.00289166 -0.0123194 -0.000992559 0.000325123 -0.0127706 0.000267383 0.00162274 0.000885116 0.0114625 -0.000792531 -0.00429426 6.83859e-05 -0.00169183 -0.0245766
internal_weight=31946.8 3951.51 626.362 3325.14 2966.6 358.544 27995.3 12435.1 11606.8 828.33 15560.2 3150.63 12409.6 354.058 272.304
internal_count=32053 4317 365 3952 3772 180 27736 10595 10391 204 17141 3367 13774 215 150
is_linear=0
shrinkage=0.0773788


Tree=168
num_leaves=11
num_cat=0
split_feature=45 22 19 1 1 1 1 26 57 53
split_gain=5.62529 6.61805 15.0747 13.4825 9.36105 16.1996 10.0553 7.25521 3.25974 1.31752
threshold=1.0519170715931945 18.851843458333999 19.06374679528772 0.26383187580501505 -0.40310518896307973 -0.22256284476918342 -0.52354153639602186 19.484322903552073 3.630480228665764 1011.85
decision_type=2 2 2 2 2 2 2 2 2 2
left_child=1 4 3 -3 6 -6 -1 -4 9 -2
right_child=8 2 7 -5 5 -7 -8 -9 -10 -11
leaf_value=0.0050939962142244428 -0.02008928504510055 -0.022092670431138377 0.023776766647240922 0.0037981649700727723 0.017364668322635356 0.0019575563057022453 -0.013555927524452619 -5.5425155863609386e-07 0.00063332245888071182 -0.0070183629142312387
leaf_weight=151.91717171669006 187.92282509803772 851.56022706627846 163.82334089279175 450.09634950757027 272.97933119535446 2231.6130063831806 274.84999185800552 27140.327404767275 105.67179551720619 116.08024787902832
leaf_count=102 101 419 72 268 180 1424 107 29235 53 92
internal_value=-2.16266e-05 8.45767e-05 -0.000262613 -0.0083878 0.00359199 0.00547792 -0.00657505 0.000112686 -0.00899095 -0.0131084
internal_weight=31946.8 31537.2 28605.8 1301.66 2931.36 2504.59 426.767 27304.2 409.675 304.003
internal_count=32053 31807 29994 687 1813 1604 209 29307 246 193
is_linear=0
shrinkage=0.0773788


Tree=169
num_leaves=15
num_cat=0
split_feature=5 5 44 16 0 15 54 29 3 48 55 1 1 48
split_gain=5.50532 8.20595 9.1431 10.0195 9.01036 8.82247 9.14515 8.73096 6.36162 12.3608 9.09285 10.9916 9.92579 8.23915
threshold=-0.25855724858188694 0.95196442786110935 6.5813278906556087 29.295000000000005 0.4685895503948499 30.730059392461186 1004.6589568833255 0.29740344735675672 4.3217756412076058 26.503560761280458 1003.986822624566 0.99762106698677389 0.85954105038928386 25.174959320330071
decision_type=2 2 2 2 2 2 2 2 2 2 2 2 2 2
left_child=8 5 4 -4 -3 7 -7 -2 9 13 12 -12 -10 -1
right_child=1 2 3 -5 -6 6 -8 -9 10 -11 11 -13 -14 -15
leaf_value=0.00060176276106607522 -0.0010686970260897722 0.020804901337472356 -0.0030834240429220825 -0.014230393923342629 -0.00012817443706537239 -0.00036023403854366768 0.0029378170699332095 0.0023815546256518087 -0.0021559128350867166 0.0077308918625505945 -0.0022211607462950247 -0.015637359203176732 0.0058447454153032234 -0.0037582322410215996
leaf_weight=8007.3766316473484 4490.6041931807995 132.49900698661804 1095.1406183540821 516.18043807148933 1802.051186144352 247.16447907686234 750.55910137295723 8072.0987951755524 352.69819137454033 247.0180130302906 3332.8336882889271 267.68015912175179 234.94140121340752 2397.9957888424397
leaf_count=7678 4665 35 1330 467 2237 69 231 8521 361 86 3425 142 79 2727
internal_value=-8.53475e-06 0.000925935 -0.00234199 -0.00667264 0.00108426 0.00180777 0.00885432 0.00121628 -0.00111015 -7.01896e-05 -0.00366558 -0.00517227 0.00492109 -0.00051358
internal_weight=31946.8 17106.3 3545.87 1611.32 1934.55 13560.4 997.724 12562.7 14840.5 10652.4 4188.15 3600.51 587.64 10405.4
internal_count=32053 17555 4069 1797 2272 13486 300 13186 14498 10491 4007 3567 440 10405
is_linear=0
shrinkage=0.0773788


Tree=170
num_leaves=13
num_cat=0
split_feature=28 31 5 33 54 3 0 5 46 22 22 9
split_gain=7.37267 5.93316 10.1173 8.8186 7.15297 5.72497 11.6145 7.94499 4.44341 4.995 2.91678 2.01689
threshold=2.3022651698261085 2.6620219582838094 0.64979911027466508 2.6961972232070051 1010.997324754652 3.1025107334817319 0.73097340115440368 0.0066911297647898335 19.863475534448408 25.526849660848278 18.289197660827316 2.9424041915866579
decision_type=2 2 2 2 2 2 2 2 2 2 2 2
left_child=1 5 3 -3 -4 6 -1 -7 10 11 -2 -10
right_child=8 2 4 -5 -6 7 -8 -9 9 -11 -12 -13
leaf_value=0.0048548572469267305 0.011909141658757959 -0.008457567819005812 -0.018636893171595226 -6.9199377240905737e-06 -0.00061110703830302596 -0.00087427441008536006 -0.0038536678567213036 0.00089061012016862192 0.021055474426161406 -0.0021234654373011095 -0.045685625284124724 -0.003615278384213869
leaf_weight=6275.0572388768196 79.872284501791 585.21790066361427 490.54139170050621 6640.9136320650578 311.3127666413784 7685.3318834602833 1838.304269015789 7547.5801441073418 300.08736088871956 94.860357791185379 64.318981528282166 47.848731905221939
leaf_count=6146 111 495 450 6055 326 7479 2631 7881 362 29 65 40
internal_value=0.000190979 1.80048e-05 -0.00178399 -0.000811206 -0.010047 0.000653457 0.00231707 -0.000209137 0.00875224 0.0126711 -0.000850709 0.0169905
internal_weight=31961.2 31374.3 8027.99 7226.13 801.854 23346.3 8113.36 15232.9 586.988 442.796 144.191 347.936
internal_count=32070 31463 7326 6550 776 24137 8777 15360 607 431 176 402
is_linear=0
shrinkage=0.0773788


Tree=171
num_leaves=12
num_cat=0
split_feature=5 5 22 48 16 55 44 0 56 14 44
split_gain=5.88671 10.9068 7.90749 8.97649 7.29999 12.1351 13.3387 10.7038 8.15692 7.14488 5.05684
threshold=-0.45128840335427717 -0.35637732628189683 16.064484976126629 18.069666629797155 30.922866933152921 1004.5011301371846 3.8451230574338147 -0.24387597027601718 5.5522631875576289 24.955000000000002 6.5813278906556087
decision_type=2 2 2 2 2 2 2 2 2 2 2
left_child=4 -2 10 -4 7 8 -7 9 -6 -1 -3
right_child=1 2 3 -5 5 6 -8 -9 -10 -11 -12
leaf_value=-0.033339835473364408 0.010676106219555668 -0.0020288329537257004 -0.010700449049527943 0.00055363597543186757 -0.0030714723051314392 -0.015304205283922167 -0.0013389725452063418 0.015011872650248845 0.0016280194093872386 -0.00037611657999200382 0.018542353722083262
leaf_weight=223.61562293767929 178.4386180639267 81.912773549556732 658.94070744514465 18567.107724130154 205.24009016156197 178.74175962805748 826.23371866345406 105.97311276197433 205.58684456348419 10391.626723706722 337.82924753427505
leaf_count=98 47 41 405 19467 85 64 342 32 45 11193 251
internal_value=8.51051e-05 0.000917338 0.000722868 0.000472426 -0.0012441 -0.00648042 -0.0111487 -0.000516306 0.00405975 -0.000798396 0.0112127
internal_weight=31961.2 19824.2 19645.8 19226 12137 1415.8 1004.98 10721.2 410.827 10615.2 419.742
internal_count=32070 20211 20164 19872 11859 536 406 11323 130 11291 292
is_linear=0
shrinkage=0.0773788


Tree=172
num_leaves=6
num_cat=0
split_feature=5 6 32 19 16
split_gain=6.57678 6.2719 5.20513 7.71339 5.8196
threshold=-1.333639105425694 1.7491529660644984 25.024406781545384 16.826040265182389 21.345000000000002
decision_type=2 2 2 2 2
left_child=-1 2 3 -2 -4
right_child=1 -3 4 -5 -6
leaf_value=0.0030087481566608712 0.0061138056930450848 0.012621971812280102 -0.0050949682624220286 -0.00054918203849953196 1.4763968982213224e-05
leaf_weight=110.89089685678482 170.2584815621376 123.36589252948761 343.61597681045532 192.84138345718384 31020.274311929941
leaf_count=33 65 31 73 122 31746
internal_value=0.000180991 0.000102711 2.23205e-05 0.00918655 -7.34354e-05
internal_weight=31961.2 31850.4 31727 363.1 31363.9
internal_count=32070 32037 32006 187 31819
is_linear=0
shrinkage=0.0773788


Tree=173
num_leaves=12
num_cat=0
split_feature=12 18 44 55 16 43 40 3 47 31 32
split_gain=5.95213 13.6792 15.1933 11.0034 6.68011 11.8455 21.3337 10.4886 8.47761 12.1267 6.21365
threshold=41.001213260722309 78.603709380072615 4.0153058612164001 1006.9472161157267 30.922866933152921 77.669553670115377 3.1878937665266869 1.2750000000000001 1.0000000180025095e-35 0.86352028963325711 38.878543573550402
decision_type=2 2 2 2 2 2 2 2 2 2 2
left_child=4 -2 -3 -4 8 6 -6 -7 9 -1 -10
right_child=1 2 3 -5 5 7 -8 -9 10 -11 -12
leaf_value=-0.00040270464134602619 -0.0019601819682998341 0.010059409506223716 -0.0023353379820552902 0.017329739317454219 -0.00068258868922068793 0.012352279126193036 0.0096053534871974964 -0.0050318716004785725 1.3907243484461408e-05 0.022667690937393025 0.0016701495923348998
leaf_weight=210.74931991100311 321.28121465444565 280.68656581640244 554.26540857553482 408.29577380418777 1777.063024610281 158.49217677116394 977.44998779892921 2826.9526126086712 23403.60062083602 261.76479941606522 780.64543834328651
leaf_count=74 70 56 136 110 967 84 667 1326 28191 86 303
internal_value=0.000145623 0.00479746 0.00862291 0.00351189 -8.24898e-05 -0.00246897 0.00107962 -0.00586161 0.000458647 0.0106936 0.000241727
internal_weight=31961.2 1564.53 1243.25 962.561 30396.7 5739.96 2754.51 2985.44 24656.8 472.514 24184.2
internal_count=32070 372 302 246 31698 3044 1634 1410 28654 160 28494
is_linear=0
shrinkage=0.0773788


Tree=174
num_leaves=8
num_cat=0
split_feature=28 9 20 34 56 27 2
split_gain=5.58751 5.31153 5.20341 13.4543 11.1009 3.25887 0.306792
threshold=2.861877712986113 -7.2276824667012809 25.239999314091417 -0.080638307517446953 2.4206026994758987 24.124867237646104 0.55520727629337141
decision_type=2 2 2 2 2 2 2
left_child=1 5 3 -3 -4 -1 -2
right_child=6 2 4 -5 -6 -7 -8
leaf_value=0.0029281016343841596 0.025195199762159001 0.0082716644148861547 -0.005841864756047842 0.00042662141886059293 -2.6708812958039261e-05 -0.061403834871971756 0.029537659264401744
leaf_weight=71.157067060470581 49.618497043848038 296.38893264532089 2271.8892371952534 19729.18347966671 9381.8696498572826 112.69031277298927 48.449766904115677
leaf_count=48 49 90 2081 21312 8336 82 72
internal_value=2.61971e-05 -2.03997e-05 4.51505e-05 0.000812654 -0.0012423 -0.0129881 0.0180736
internal_weight=31961.2 31863.2 31679.3 20025.6 11653.8 183.847 98.0683
internal_count=32070 31949 31819 21402 10417 130 121
is_linear=0
shrinkage=0.0773788


Tree=175
num_leaves=11
num_cat=0
split_feature=32 49 41 12 22 28 17 18 6 17
split_gain=6.8001 6.15809 4.86057 9.43458 11.0781 8.43506 9.85988 9.27231 6.44634 1.87016
threshold=25.024406781545384 0.36415225785763189 82.120833333333351 37.299063964886408 25.037080535514264 1.3642942809073919 30.771230802603714 89.003492929609436 0.31836581956907811 25.640079760349742
decision_type=2 2 2 2 2 2 2 2 2 2
left_child=1 -1 5 8 -5 7 -7 -2 -4 -3
right_child=2 9 3 4 -6 6 -8 -9 -10 -11
leaf_value=0.026240607000973751 0.00043154741179204172 0.0052318749942944793 -0.0030706058186533783 0.00072392241128548755 -0.012148487492294708 -0.00062952435172833321 -0.0029165252540788856 0.011863566035882409 0.0087215709535888933 -0.0023080818581706344
leaf_weight=104.85868221521378 16965.410802185535 135.81932139396667 4780.2958322167397 440.11253309249878 575.18641567230225 5929.8900774419308 407.65247690677643 934.91421476006508 1609.379857301712 113.84983718395233
leaf_count=65 16283 85 7645 309 426 3993 116 867 2273 41
internal_value=-6.09032e-05 0.0105126 -0.000192309 -0.00193395 -0.00888148 0.000325021 -0.00207923 0.00119687 -0.000767752 0.00212267
internal_weight=31997.4 354.528 31642.8 7404.97 1015.3 24237.9 6337.54 17900.3 6389.68 249.669
internal_count=32103 191 31912 10653 735 21259 4109 17150 9918 126
is_linear=0
shrinkage=0.0773788


Tree=176
num_leaves=15
num_cat=0
split_feature=35 52 41 38 25 27 23 21 18 23 36 52 28 49
split_gain=5.04152 9.8648 12.5289 10.527 8.04319 5.37604 7.25668 8.5305 6.05659 5.0717 5.25729 4.29825 2.92592 2.01056
threshold=0.057416606197007246 1.2266666666664394 79.800161550748939 0.77381927156470298 27.178183365059343 20.768878859875063 20.04337722282612 15.815457933830052 60.150000000000013 19.173638274940558 1.5394322053034604 678.97583333333341 1.412394766097405 0.11156786231222367
decision_type=2 2 2 2 2 2 2 2 2 2 2 2 2 2
left_child=1 2 3 -1 13 9 8 -8 -7 10 -2 -11 -4 -3
right_child=5 4 12 -5 -6 6 7 -9 -10 11 -12 -13 -14 -15
leaf_value=0.011948291728060027 0.009288877318919312 -0.0023073918775750888 8.7742408628148071e-05 -0.00022175096158933582 -0.0048628114636406041 -0.00017586189797112362 0.017941493598350736 -0.00029037156597138747 -0.026651429293523113 0.0062321681137519711 -0.0023366315472395853 -0.0031284378055153441 -0.012438681156539911 0.0041226539163528664
leaf_weight=435.37292444705963 181.73992091417313 101.85783383250237 311.7456442117691 167.4576972424984 260.20429506897926 196.80080300569534 181.5474459528923 27768.186722159386 242.23879048228264 1241.1445733010769 457.0723015666008 127.93108117580414 58.841109216213226 265.2289077937603
leaf_count=228 128 89 350 71 101 79 65 29250 140 940 288 33 24 317
internal_value=-6.63934e-05 0.00414508 0.00910308 0.0160027 -0.00298212 -0.000300711 -0.000585604 -0.00041615 -0.0104417 0.00353889 -0.00171236 0.00625183 -0.00120545 0.00363022
internal_weight=31997.4 1600.71 973.417 602.831 627.291 30396.7 28388.8 27949.7 439.04 2007.89 638.812 1369.08 370.587 367.087
internal_count=32103 1180 673 299 507 30923 29534 29315 219 1389 416 973 374 406
is_linear=0
shrinkage=0.0773788


Tree=177
num_leaves=12
num_cat=0
split_feature=35 49 0 52 40 37 1 8 52 47 34
split_gain=5.76013 7.65114 6.78831 5.53091 5.40303 12.3556 7.34717 9.73877 7.16277 6.43496 5.7593
threshold=0.057416606197007246 0.054880468382054202 0.96666937709984524 21.492499999999982 0.78708315894893643 30.674166666666668 -0.052458658749697629 6.2250000000000023 308.79916666666674 0.6467456307080991 0.095393920145267444
decision_type=2 2 2 2 2 2 2 2 2 2 2
left_child=1 -1 3 -3 5 9 7 -6 -8 -2 -7
right_child=4 2 -4 -5 6 10 8 -9 -10 -11 -12
leaf_value=-0.0019161992810589048 -0.00062135249706507338 0.0066184387001697537 -0.00263659695014849 -0.00014132852117006676 0.00023869710834129444 -0.0078969731842363795 0.0016283042026895363 -0.0041447541942593166 -0.00042943233782503812 -0.040137590407708874 -0.0020064649616568808
leaf_weight=305.5005729496479 2609.4328564703465 888.24931785464287 119.39813470840454 287.56038630008698 7377.5829606354237 283.1266650557518 10717.619982898235 3840.0755158960819 5370.8688844442368 59.287808477878571 138.66696467995644
leaf_count=103 3632 674 100 303 10346 103 8953 2919 4881 31 58
internal_value=-3.60103e-05 0.00446833 0.00719374 0.00913968 -0.000285795 -0.0033518 4.83682e-05 -0.00145734 0.00112095 -0.00124688 -0.015666
internal_weight=31997.4 1600.71 1295.21 1175.81 30396.7 3090.51 27306.1 11217.7 16088.5 2668.72 421.794
internal_count=32103 1180 1077 977 30923 3824 27099 13265 13834 3663 161
is_linear=0
shrinkage=0.0773788


Tree=178
num_leaves=15
num_cat=0
split_feature=29 57 31 37 39 8 38 2 38 44 19 19 27 16
split_gain=6.32328 9.65442 12.3997 12.3433 9.30377 7.20797 6.49564 5.35126 7.826 10.2947 5.4691 7.17162 5.72579 1.90084
threshold=0.058609997054588935 5.5500628204106865 1.2585833447648487 30.361458333333335 0.58594652770825162 1.820256913487923 0.68800482124298601 0.998148560797531 1.5596021821144201 10.713494774389458 27.122373610724008 26.878359617044786 27.786971472571967 27.095000000000002
decision_type=2 2 2 2 2 2 2 2 2 2 2 2 2 2
left_child=1 2 5 6 -4 -1 -3 10 13 -10 11 -2 -12 -9
right_child=7 3 4 -5 -6 -7 -8 8 9 -11 12 -13 -14 -15
leaf_value=0.00047754581623490232 -0.00029585615795093022 0.0097052995495923167 -0.002243789696870651 0.0064711645408929552 0.023323507593633497 -0.0043269310172932085 -0.015090203657355902 -0.075529003483065613 0.022344898156241754 -0.0062825498539126959 -0.00056679596852310941 0.0031676360735970631 -0.0089034197706947694 0.0018746538430882849
leaf_weight=915.79942974448204 27458.135819286108 182.13317933678627 317.4944059252739 367.1602047085762 445.01915469765663 610.5457281768322 85.787750989198685 71.21225506067276 482.93566393852234 237.92415738105774 205.32538408041 407.50755476951599 156.84724292159081 53.542119354009628
leaf_count=971 28778 294 202 88 246 550 54 56 396 123 73 151 56 65
internal_value=-1.49169e-06 0.00341417 0.000890623 0.0118715 0.00904038 -0.00295712 0 -0.000357989 0.00565378 0.00903563 -0.000551825 -0.000414597 -0.00998605 -0.0107123
internal_weight=31997.4 2923.94 2288.86 635.081 762.514 1526.35 267.921 29073.4 845.614 720.86 28227.8 27865.6 362.173 124.754
internal_count=32103 2405 1969 436 448 1521 348 29698 640 519 29058 28929 129 121
is_linear=0
shrinkage=0.0773788


Tree=179
num_leaves=13
num_cat=0
split_feature=7 52 41 22 1 1 1 7 7 42 30 55
split_gain=6.16864 6.85312 7.03962 5.22399 13.5452 20.6486 11.0341 8.57376 9.32808 3.28288 1.84495 1.5887
threshold=0.40000000000000041 205.84833333333304 81.917761981843952 19.270973953197448 -0.43993348031440127 -0.52354153639602186 -0.22256284476918342 9.7600000000000016 9.0800000000000018 1.0948917201247568 1.4182534757943943 1004.495448675244
decision_type=2 2 2 2 2 2 2 2 2 2 2 2
left_child=1 2 9 4 5 -2 -6 8 -5 -1 -9 -4
right_child=3 -3 11 7 6 -7 -8 10 -10 -11 -12 -13
leaf_value=0.00024937181109677565 0.0017421607068773693 -0.011533547042597033 -0.010873264430941654 -0.0002274506955166784 0.0090950852419834551 -0.040953116655680792 0.0018778763487744272 -0.036046879142760765 0.017538822426729064 0.015931822010797795 -0.011891592361190247 0.0046029168708990407
leaf_weight=118.51763382554054 200.60542279481888 83.553259015083313 39.186652034521103 27422.21191650629 448.27684500813484 202.41291546821594 2674.3539108633995 118.20936703681946 148.76319026947021 264.62741720676422 121.86481884121895 154.7867015004158
leaf_count=111 138 78 55 28964 258 75 1744 44 113 186 71 266
internal_value=9.29978e-06 0.00739406 0.0107302 -0.000135788 0.00265207 -0.0103603 0.00446005 -0.000502659 -0.000361146 0.0167791 -0.014968 0
internal_weight=31997.4 660.672 577.118 31336.7 3525.65 403.018 3122.63 27811 27571 383.145 240.074 193.973
internal_count=32103 696 618 31407 2215 213 2002 29192 29077 297 115 321
is_linear=0
shrinkage=0.0773788


Tree=180
num_leaves=13
num_cat=0
split_feature=12 51 51 47 2 2 37 3 1 55 16 51
split_gain=8.93801 9.6434 14.9723 5.94172 5.60708 5.35101 13.1083 10.6842 8.58086 12.5593 9.83068 7.37192
threshold=41.001213260722309 0.24949826548164214 0.42977157892996121 0.23937698718137809 -0.50528627173416452 -0.15127015190139584 28.39854166666667 5.1350000000000007 0.49424835548795104 1007.0616469296966 31.850306459096792 0.99643286374535556
decision_type=2 2 2 2 2 2 2 2 2 2 2 2
left_child=5 -2 4 -4 -3 8 7 -7 9 -1 -10 -8
right_child=1 2 3 -5 -6 6 11 -9 10 -11 -12 -13
leaf_value=-0.0028002136592376716 -0.0011482318749628131 0.00065400688966775879 -0.002984894120697064 0.0024856082425527594 0.010095537418664143 0.00095310697623767328 -0.002508383164277715 -0.0044918829523390496 0.0016751977335924451 0.0024470585656848213 -0.0012713979291193735 -0.036554949615156686
leaf_weight=3759.5161747038364 399.29590684175491 296.01305690407753 282.73736774921417 237.24028220772743 358.35391193628311 10822.541213303804 4000.9983253777027 1995.0625351071358 4724.9300216138363 3952.3252433538437 694.84862357378006 362.98120486736298
leaf_count=4920 98 67 72 60 67 10418 5294 1620 3547 5222 222 358
internal_value=0 0.00566776 0.00929063 0 0.0170451 -0.000305243 -0.00121271 6.57779e-06 0.000854393 -0.000765872 0.00322575 -0.00487367
internal_weight=31886.8 1573.64 1174.34 519.978 654.367 30313.2 17181.6 12817.6 13131.6 7711.84 5419.78 4363.98
internal_count=31965 364 266 132 134 31601 17690 12038 13911 10142 3769 5652
is_linear=0
shrinkage=0.0773788


Tree=181
num_leaves=9
num_cat=0
split_feature=6 12 51 51 36 46 2 50
split_gain=7.69697 7.37446 8.27895 12.2456 7.15117 7.25338 6.77042 6.73425
threshold=1.7491529660644984 40.836909764942995 0.24949826548164214 0.42760245709745553 0.23147092148601342 26.035176797874495 0.10674626003933128 26.196273859787812
decision_type=2 2 2 2 2 2 2 2
left_child=1 4 7 -4 6 -6 -1 -3
right_child=-2 2 3 -5 5 -7 -8 -9
leaf_value=0.0026695176928979696 0.011103101822336351 0.0050724512258745018 0.0041920276740992947 -0.0003917863905273272 -0.00023585513844231074 -0.00154578077034239 -0.0031539156503004656 -0.00340439778368881
leaf_weight=1894.3057950437069 115.81689345836639 222.45145803689957 731.18914148211479 573.35180673003197 25030.964759171009 2688.5148838162422 372.44236865639687 257.80676114559174
leaf_count=2152 28 57 150 154 27053 1737 571 63
internal_value=4.61119e-05 -1.63791e-05 0.00479719 0.00807379 -0.000315682 -0.000668801 0.0038352 -0.00334456
internal_weight=31886.8 31771 1784.8 1304.54 29986.2 27719.5 2266.75 480.258
internal_count=31965 31937 424 304 31513 28790 2723 120
is_linear=0
shrinkage=0.0773788


Tree=182
num_leaves=12
num_cat=0
split_feature=34 41 50 8 36 28 53 37 52 2 40
split_gain=5.85591 8.67314 15.0404 10.8723 10.1843 5.94438 12.589 10.9936 7.77335 6.17582 4.43369
threshold=0.0057735028243556434 78.779166666666683 25.365254241415496 1.7099999999999993 1.2415297864313091 1.3642942809073919 1004.5951444380147 29.555625000000006 -0.23547927434731039 -0.41307655670306048 1.0538817137850491
decision_type=2 2 2 2 2 2 2 2 2 2 2
left_child=1 3 -3 -1 -5 8 -7 -8 -2 -10 -4
right_child=5 2 10 4 -6 6 7 -9 9 -11 -12
leaf_value=0.009029188672159183 0.024122061500220299 0.031124710868364217 -0.0014804759301646194 -0.00061472294475039407 0.0072409559714808926 -0.0076677186578173887 -0.002489818004386234 0.0013151777090699686 0.00091966499987092265 -0.00074842547274431705 -0.007988295673641994
leaf_weight=306.52475768327713 117.71095126867294 199.19835895299911 143.74525570869446 341.2875996530056 254.10609072446823 322.67323136329651 4092.2535280883312 1716.5169118344784 8788.8254818022251 15374.559115499258 229.44258496165276
leaf_count=91 36 92 74 116 68 100 3411 665 10455 16775 82
internal_value=-1.61974e-05 0.00472657 -0.00221096 0.00952043 0.00266225 -0.000258727 -0.00241674 -0.00151502 0.000271561 0.000157936 -0.0118694
internal_weight=31886.8 1474.3 572.386 901.918 595.394 30412.5 6131.44 5808.77 24281.1 24163.4 373.188
internal_count=31965 523 248 275 184 31442 4176 4076 27266 27230 156
is_linear=0
shrinkage=0.0773788


Tree=183
num_leaves=9
num_cat=0
split_feature=5 1 3 1 1 50 57 43
split_gain=5.20315 4.8148 8.73377 12.6438 12.3103 6.5391 12.6579 12.2468
threshold=-1.333639105425694 -0.83108446127122859 3.6804083899247257 0.99762106698677389 0.99762106698677389 24.803064226988067 3.3020843854629613 80.047858036790188
decision_type=2 2 2 2 2 2 2 2
left_child=-1 5 4 -4 -3 7 -7 -2
right_child=1 2 3 -5 -6 6 -8 -9
leaf_value=0.0037697001864223016 -0.0059789503837553437 0.00071238507770521569 -0.00016586667109360777 -0.0038216896884918708 0.013275951669843833 -0.020024980526507346 0.00067572367302851479 0.011060853793682634
leaf_weight=100.02539920806885 967.92981272935867 14386.543115407228 11386.229007512331 889.15310296416283 849.2342694401741 1194.2713665664196 1083.8283380866051 1029.6294556260109
leaf_count=29 1096 13876 11042 439 434 1751 1930 1368
internal_value=-2.25176e-05 -9.05444e-05 0.000273108 -0.00124639 0.00152125 -0.00251336 -0.00535987 0.000555703
internal_weight=31886.8 31786.8 27511.2 12275.4 15235.8 4275.66 2278.1 1997.56
internal_count=31965 31936 25791 11481 14310 6145 3681 2464
is_linear=0
shrinkage=0.0773788


Tree=184
num_leaves=9
num_cat=0
split_feature=45 47 40 34 6 44 31 14
split_gain=4.5034 6.06696 9.11403 7.13398 6.76941 5.2588 3.39405 1.56795
threshold=1.0519170715931945 0.81400659125364705 1.3276545735513963 0.025166114817730127 1.7679267379094308 10.43616681783921 2.3451939593132685 28.320337904875739
decision_type=2 2 2 2 2 2 2 2
left_child=1 4 -3 -4 5 -1 -2 -8
right_child=6 2 3 -5 -6 -7 7 -9
leaf_value=7.6800995597455643e-05 0.00025525335203194373 -0.018038319080453714 0.013786307255319485 0.0022968070250412999 0.012345753659726821 -0.0013784998303989343 -0.01595482390498083 -0.0029568006203783172
leaf_weight=25392.492509990931 141.34330037236214 161.57090306282043 135.34539425373077 1522.9122239053249 67.703101634979248 4199.4466041326523 157.2246490418911 108.80518114566803
leaf_count=26900 80 78 43 1114 17 3559 98 76
internal_value=-7.15484e-05 2.20862e-05 0.00436367 0.00622747 -0.000232633 -0.000302427 -0.00811455 -0.0132445
internal_weight=31886.8 31479.5 1819.83 1658.26 29659.6 29591.9 407.373 266.03
internal_count=31965 31711 1235 1157 30476 30459 254 174
is_linear=0
shrinkage=0.0773788


Tree=185
num_leaves=16
num_cat=0
split_feature=22 1 1 48 26 33 47 1 22 1 46 1 43 43 21
split_gain=6.24869 12.7574 22.9858 11.5619 10.8135 13.5047 10.5209 10.2194 10.5623 9.52166 9.05169 17.0096 11.943 4.32224 2.80978
threshold=19.270973953197448 -0.39004234243389424 -0.22256284476918342 20.037239934199707 20.155679974963999 1.8026603527426321 0.50164187900513091 -0.52354153639602186 16.826040265182389 0.017213356155834299 24.203028822250968 -0.36277959678082367 73.385416666666686 60.027083333333344 18.851843458333999
decision_type=2 2 2 2 2 2 2 2 2 2 2 2 2 2 2
left_child=1 7 14 4 6 -6 -2 13 -9 -4 11 -5 -12 -1 -3
right_child=3 2 9 10 5 -7 -8 8 -10 -11 12 -13 -14 -15 -16
leaf_value=-0.0033099875670367482 -0.0044664603993393344 0.028285408065590007 -0.0021584019578558553 0.013486935652273095 0.018683590051445258 -0.01769187458181264 0.015142591452655944 -0.00055813443565912418 -0.026422782573802234 0.0056985284911888591 -0.0088146457260337603 -9.084298302995008e-05 -0.00012417173710966434 0.021315045048622739 0.01486407567818598
leaf_weight=81.125834286212921 457.93155765533447 180.38105064630508 885.39698955416679 1955.5574545860291 113.70817458629608 1335.2894633710384 242.93719798326492 153.33322560787201 207.6127490401268 1775.5462968945503 552.41384157538414 4281.1060234308243 19467.567638635635 113.03177744150162 102.35627242922783
leaf_count=44 149 105 437 2502 94 822 111 66 77 1278 488 4813 20818 88 94
internal_value=3.12726e-05 0.00312503 0.00522746 -0.000337389 -0.00578998 -0.00963848 0.00166079 -0.00732708 -0.0152555 0.00282423 9.60908e-05 0.00268119 -0.000691455 0.00558992 0.0261895
internal_weight=31905.3 3498.78 2943.68 28406.5 2149.87 1449 700.869 555.104 360.946 2660.94 26256.6 6236.66 20020 194.158 282.737
internal_count=31986 2189 1914 29797 1176 916 260 275 143 1715 28621 7315 21306 132 199
is_linear=0
shrinkage=0.0773788


Tree=186
num_leaves=15
num_cat=0
split_feature=27 2 2 28 3 29 9 37 1 17 1 8 38 21
split_gain=7.12771 10.6185 16.4346 12.0425 10.8637 9.41754 9.26628 12.6089 8.12734 13.839 9.85553 6.57552 1.61398 0.298037
threshold=22.174139706685569 0.95748518835503915 0.99548449742306455 1.0316881324108216 2.5509652594954688 1.6363560272981641 -4.884084211186523 27.244791666666671 -0.40310518896307973 24.942618905897113 -0.24291994680187437 7.0100000000000042 3.5857392032106601 19.205628702166997
decision_type=2 2 2 2 2 2 2 2 2 2 2 2 2 2
left_child=5 6 4 -4 -3 8 11 -8 9 -1 -10 -2 13 -7
right_child=1 2 3 -5 -6 12 7 -9 10 -11 -12 -13 -14 -15
leaf_value=0.0054176079764278184 -0.0068839010312331927 -0.0036374146891545497 0.018918377390990847 -0.016578595039073541 -0.022232195067095766 0.017447407245369567 0.0097717705456988567 -9.7083437744307794e-05 0.0099231689829883795 -0.011096733979659584 0.0011591976545439308 -0.066468321675397707 -0.0011761347407440361 0.010730905888743911
leaf_weight=325.58939743041992 310.60772079229355 644.93426361680031 437.73419362306595 227.28525474667549 916.4477536380291 151.0320585668087 2574.8301739692688 22459.720791131258 310.25892552733421 325.05806064605713 2898.5058563649654 152.36094111204147 86.1515232026577 84.77863335609436
leaf_count=271 303 617 347 209 568 87 2885 24110 217 148 2009 73 60 82
internal_value=6.45197e-05 -0.000373108 -0.00549442 0.00429702 -0.00989761 0.00305047 6.06678e-05 0.000276334 0.00187343 -0.0057779 0.00354396 -0.0107157 0.01583 0.0194948
internal_weight=31905.3 27723.9 2226.4 665.019 1561.38 4181.37 25497.5 25034.6 3859.41 650.647 3208.76 462.969 321.962 235.811
internal_count=31986 29112 1741 556 1185 2874 27371 26995 2645 419 2226 376 229 169
is_linear=0
shrinkage=0.0773788


Tree=187
num_leaves=15
num_cat=0
split_feature=27 29 2 2 33 28 1 18 1 16 10 6 38 12
split_gain=5.7597 9.66229 9.40284 14.9232 11.4853 10.74 9.00713 12.8405 12.2445 7.26662 9.37366 8.1321 1.53787 0.595396
threshold=22.174139706685569 1.6363560272981641 0.95748518835503915 0.99548449742306455 1.0391144429951231 0.99545901507528878 -0.39004234243389424 74.420521413702502 -0.24291994680187437 30.281675378504556 38.718997232479339 -0.14458088866563518 3.5857392032106601 24.767519435860411
decision_type=2 2 2 2 2 2 2 2 2 2 2 2 2 2
left_child=1 6 9 4 -4 -5 7 -1 -8 10 -2 -11 13 -3
right_child=2 12 3 5 -6 -7 8 -9 -10 11 -12 -13 -14 -15
leaf_value=-0.0082050594338726572 0.00068469649749094432 0.015972583278359952 0.0083135182113350577 0.017622942117374168 -0.01553321718899112 -0.014257095947752913 0.015802062128666326 0.019313074591028958 0.0010695003077322036 -0.0014320724617073871 0.005988639659436557 -0.00015004417257873296 -0.0010851268221855461 0.013397761985783952
leaf_weight=510.99062702059746 15181.023541897535 121.57883644104004 114.43324738740921 420.40923747420311 1446.9487698674202 244.61021089553833 269.31818631291389 180.59757027029991 2898.5058563649654 1252.5237939655781 949.97336381673813 8113.9989273250103 86.1515232026577 114.23185548186302
leaf_count=269 21515 56 159 331 1026 225 197 170 2009 536 1049 4271 60 113
internal_value=3.88776e-05 0.00272453 -0.000353415 -0.0051727 -0.00937298 0.00414203 0.00153658 -0.00625793 0.00335929 5.39378e-05 0.00106302 -0.00164474 0.0156376 0.0192335
internal_weight=31905.3 4181.37 27723.9 2226.4 1561.38 665.019 3859.41 691.588 3167.82 25497.5 16131 9366.52 321.962 235.811
internal_count=31986 2874 29112 1741 1185 556 2645 439 2206 27371 22564 4807 229 169
is_linear=0
shrinkage=0.0773788


Tree=188
num_leaves=15
num_cat=0
split_feature=34 57 29 29 16 47 33 5 1 16 3 33 24 8
split_gain=6.58069 6.77298 5.79298 7.39675 7.18959 6.69193 5.98087 9.68592 8.92134 4.73131 3.94174 2.48251 2.42242 2.40338
threshold=1.8733170222088795 2.3827729628798742 0.81684639381242508 0.68503006341235917 24.915000000000003 0.042105824589612088 2.7069864722125518 -0.62448728763110262 -0.85891406031209427 23.335000000000004 2.2910869218022389 3.3383536099121911 24.151493721379605 8.7450000000000028
decision_type=2 2 2 2 2 2 2 2 2 2 2 2 2 2
left_child=2 10 3 5 -5 -1 7 -4 -8 -3 11 -2 -12 -11
right_child=1 9 6 4 -6 -7 8 -9 -10 13 12 -13 -14 -15
leaf_value=-0.0015122163035429072 -0.0026682609105926612 0.004100275807451194 -0.019743717817352967 0.030200569660698159 0.0047464531992896606 0.00022676324095098618 -0.015683326114940818 -0.0020789011962795583 0.00036254500505786714 0.01168938038872723 -0.016871290602211868 0.014132858399663115 0.00044245242038821542 -0.0014412894048959045
leaf_weight=1704.3583539426327 71.881006628274918 144.26357138156891 504.63909193873405 170.09532999992371 1558.7705271542072 20541.97328004241 711.95493161678314 1112.4722520709038 4682.4077888131142 196.90890017151833 96.907306253910065 213.96063610911369 66.690898329019547 128.01167327165604
leaf_count=1110 57 49 393 105 1573 21525 904 1144 4365 251 73 254 98 85
internal_value=0.000125197 0.0065673 -5.49381e-05 0.000505154 0.00537865 0.000109069 -0.00202114 -0.00617288 -0.000705114 0.0130268 0 0.00522294 -0.00966298 0.00614057
internal_weight=31905.3 918.624 30986.7 23975.2 1728.87 22246.3 7011.47 1617.11 5394.36 469.184 449.44 285.842 163.598 324.921
internal_count=31986 867 31119 24313 1678 22635 6806 1537 5269 385 482 311 171 336
is_linear=0
shrinkage=0.0773788


Tree=189
num_leaves=12
num_cat=0
split_feature=37 33 38 46 43 44 28 3 50 11 44
split_gain=7.76511 8.16472 5.88276 10.7151 9.76681 8.55802 12.7882 7.55981 5.40667 2.36039 3.01158
threshold=24.279166666666672 2.056172123675013 3.3666701807587653 19.697655692015832 60.335416666666681 10.43616681783921 0.49807897392052841 3.1025107334817319 21.111134290108382 22.719969066908106 9.5174834351330215
decision_type=2 2 2 2 2 2 2 2 2 2 2
left_child=1 -1 5 4 -4 7 -7 -2 -5 -3 -11
right_child=2 9 3 8 -6 6 -8 -9 -10 10 -12
leaf_value=-0.012264751599663939 0.0018695622909031034 0.00033046816591520751 0.0093650542640231725 0.026817734644258677 -0.0029652134004735198 0.0080994050553713313 -0.0054854214384512127 -0.00029635024672199247 0.0007941234463892025 0.0026857136127752769 0.011650162573603686
leaf_weight=174.0237694978714 10314.960140734911 126.85566598176956 510.47160089015961 344.52377274632454 847.1706922352314 814.98594769835472 2570.8035545945168 15727.950542122126 187.64600643515587 129.9438065290451 155.9600482583046
leaf_count=73 11029 58 264 395 402 976 2111 16376 179 61 62
internal_value=0.000202833 0.00899082 2.5327e-05 0.00421542 0.000279161 -0.000231965 -0.00389515 0.000230877 0.0134948 0.0150617 0.0192871
internal_weight=31905.3 586.783 31318.5 1889.81 1357.64 29428.7 3385.79 26042.9 532.17 412.76 285.904
internal_count=31986 254 31732 1240 666 30492 3087 27405 574 181 123
is_linear=0
shrinkage=0.0773788


Tree=190
num_leaves=8
num_cat=0
split_feature=5 18 17 29 10 2 28
split_gain=4.86305 4.38484 6.62177 10.4798 6.26222 4.91738 7.49241
threshold=-1.333639105425694 46.550000000000004 31.050454923722572 0.08888016144818997 41.253667702076804 0.99370977118463066 0.83568931846539096
decision_type=2 2 2 2 2 2 2
left_child=-1 5 4 -4 -3 6 -2
right_child=1 2 3 -5 -6 -7 -8
leaf_value=0.0041387537699156124 0.013364436417343091 0.00010727926474085516 0.00072164928452157935 -0.0017599894080443507 -0.014219442678584137 -0.005207874070010398 -0.00073063189571148765
leaf_weight=104.89089685678482 376.39998817443848 28166.24433067441 497.78445929288864 2318.3085255920887 73.990626901388168 121.30966413021088 275.70560920238495
leaf_count=32 240 29324 238 2050 36 40 123
internal_value=0 -5.30105e-05 -0.000208017 -0.00378772 0.000136591 0.00566937 0.00859201
internal_weight=31934.6 31829.7 31056.3 2816.09 28240.2 773.415 652.106
internal_count=32083 32051 31648 2288 29360 403 363
is_linear=0
shrinkage=0.0773788


Tree=191
num_leaves=13
num_cat=0
split_feature=48 40 19 18 29 56 26 55 37 54 13 55
split_gain=4.86242 13.8644 9.74659 12.5634 9.61931 12.6637 10.7397 7.61597 7.26517 13.5588 5.93197 4.57398
threshold=26.503560761280458 2.9295335224858086 26.492849709174944 80.420450890600904 0.095644351105620015 4.9304357902110265 27.90212602139222 1003.9025951778149 31.11354166666667 1004.701164496758 35.420154193353959 1006.9989125578746
decision_type=2 2 2 2 2 2 2 2 2 2 2 2
left_child=2 4 8 7 5 -2 -6 -4 10 -10 -1 -5
right_child=1 -3 3 11 6 -7 -8 -9 9 -11 -12 -13
leaf_value=0.00041308005495920648 -0.0024664208446425273 0.0051656843596859757 0.006633041369440376 -0.0079805711441714305 0.00024870243725904099 0.0022132048342381428 -0.0017944765029289191 -0.000946167844839023 -0.0040067075455152553 0.0023647754992957284 -0.0018699270587825641 -0.0059064882139140051
leaf_weight=22499.933644622564 250.73599365353584 383.89020225405693 144.25779715180397 433.83740431070328 673.43799203634262 315.3949186205864 413.379274725914 485.45582759380341 206.49550366401672 327.6820849776268 5712.9891974031925 87.144259810447693
leaf_count=23356 114 110 54 280 320 79 120 244 60 104 7187 55
internal_value=6.55173e-05 0.00372762 -0.000172305 -0.00714603 0.000408512 0.00874205 -0.00361653 0 9.5225e-05 0.00900308 -6.19034e-05 -0.0159831
internal_weight=31934.6 2036.84 29897.8 1150.7 1652.95 566.131 1086.82 629.714 28747.1 534.178 28212.9 520.982
internal_count=32083 743 31340 633 633 193 440 298 30707 164 30543 335
is_linear=0
shrinkage=0.0773788


Tree=192
num_leaves=14
num_cat=0
split_feature=34 8 36 41 30 34 28 6 12 32 1 29 33
split_gain=5.75464 8.88168 10.5805 8.66943 6.40517 5.08129 5.06588 5.56077 5.95122 5.15124 3.62237 2.2288 1.92523
threshold=0.017320508119168066 1.5299999999999996 1.7271940372643271 78.779166666666683 1.4640461008976471 -0.28639398503147712 0.18273702218780533 1.3252253191791386 41.684941536720054 29.928229483467785 0.78064792575372521 0.51538243843598497 0.57853361260967839
decision_type=2 2 2 2 2 2 2 2 2 2 2 2 2
left_child=1 3 4 12 -3 -5 9 8 -8 11 -11 -2 -1
right_child=6 2 -4 5 -6 -7 7 -9 -10 10 -12 -13 -14
leaf_value=0.0056113028637464349 0.017766933417376941 -0.0015826057144017055 0.0097499045970724629 -0.0097526435650022274 0.012545793784829846 0.0055212050551303477 -0.0002117098976417427 -0.0030082029449420649 0.002829419348204798 0.016590437638202431 -0.0045056929759725532 -0.00309122956236313 0.015552294507867813
leaf_weight=134.54185312986374 150.47191992402077 1033.1243081986904 252.20003640651703 64.230308890342712 148.1592623591423 279.84354996681213 28106.81939893961 276.82891935110092 641.30592304468155 289.95103558897972 55.105070024728775 323.38246610760689 178.67004889249802
leaf_count=62 139 556 84 21 50 362 29799 91 147 322 55 318 77
internal_value=8.64897e-05 0.00401412 0.000325729 0.0114527 -0.00249794 0.00172722 -0.00017702 -0.000358567 -0.000239663 0.00578317 0.0129254 0 0.0208192
internal_weight=31934.6 2090.77 1433.48 657.286 1181.28 344.074 29843.9 29025 28748.1 818.91 345.056 473.854 313.212
internal_count=32083 1212 690 522 606 383 30871 30037 29946 834 377 457 139
is_linear=0
shrinkage=0.0773788


Tree=193
num_leaves=8
num_cat=0
split_feature=5 5 38 25 4 0 12
split_gain=4.83301 4.40936 7.72588 11.3467 7.07886 6.51196 6.5948
threshold=-1.333639105425694 0.12251183071032475 0.36078404080256227 26.540473980752534 1010.5921897307566 -0.99489144464385471 24.499090141250289
decision_type=2 2 2 2 2 2 2
left_child=-1 2 3 -2 -4 -3 -7
right_child=1 5 4 -5 -6 6 -8
leaf_value=0.0030744263780722735 0.0014874332620529106 -0.00019168312592781955 0.00026133574012251662 -0.0079983385463931588 -0.0018124183978920749 0.016707620614485125 0.00026496968338186254
leaf_weight=104.89089685678482 500.64996299147606 58.374302864074707 11767.896591693163 620.31190875172615 5080.17304494977 95.520186066627502 13706.817206650972
leaf_count=32 846 16 12143 620 3691 65 14670
internal_value=5.32186e-05 0 -0.000802344 -0.00702818 -0.000364799 0.00103423 0.000893542
internal_weight=31934.6 31829.7 17969 1120.96 16848.1 13860.7 13802.3
internal_count=32083 32051 17300 1466 15834 14751 14735
is_linear=0
shrinkage=0.0773788


Tree=194
num_leaves=13
num_cat=0
split_feature=35 47 9 12 41 56 1 2 48 37 25 8
split_gain=5.7354 8.35998 5.49723 5.31359 14.0637 8.95292 6.05792 5.69483 17.1887 11.9018 4.50097 4.40935
threshold=0.051071779662769025 1.0000000180025095e-35 2.4921884767865561 25.591711467556344 72.112099844953178 4.3700792280470546 0.85096381065484017 -0.012910296075008829 24.391212976172817 30.320625000000007 27.971305120584095 5.9300000000000024
decision_type=2 2 2 2 2 2 2 2 2 2 2 2
left_child=1 -1 11 4 5 -2 -6 8 -5 -9 -4 -3
right_child=3 2 10 7 6 -7 -8 9 -10 -11 -12 -13
leaf_value=-0.0015366594085738981 0.00069390011033137588 -0.0041755393910644419 0.0076927629506021063 0.013356924440733588 0.013316200314870841 -0.0048931216327178706 -0.0088418676192752958 -0.002338530803558757 -8.6270731302194513e-05 0.010013878058995996 -0.0007212864433919099 0.026570246329494666
leaf_weight=321.51623827219009 2478.3487731814384 261.81409227848053 663.90562111139297 1024.1002213358879 926.38797533512115 666.63574826717377 112.54337012767792 11614.872720956802 13486.378279179335 182.71815395355225 128.75425571203232 66.658651113510132
leaf_count=96 1039 326 505 1204 751 223 67 14142 13619 50 38 23
internal_value=0.0001102 0.00487565 0.00815846 -0.000103995 0.00244077 -2.69558e-05 0.0102286 -0.000522876 0.000483976 -0.00179182 0.0116313 0
internal_weight=31934.6 1442.65 1121.13 30492 4183.92 3144.98 1038.93 26308.1 14510.5 11797.6 792.66 328.473
internal_count=32083 988 892 31095 2080 1262 818 29015 14823 14192 543 349
is_linear=0
shrinkage=0.0773788


Tree=195
num_leaves=13
num_cat=0
split_feature=21 33 42 52 19 18 8 44 7 39 37 2
split_gain=4.92438 11.2847 8.96012 7.80215 7.14998 9.36597 6.74243 10.1563 6.18901 5.74084 4.30147 3.83072
threshold=16.064484976126629 2.5059301412412487 9.9861020848002884 294.83833333333303 17.121909071179765 46.550000000000004 8.6950000000000038 10.195373605292003 9.7600000000000016 2.0550750189096276 27.73854166666667 0.90084803075513753
decision_type=2 2 2 2 2 2 2 2 2 2 2 2
left_child=1 3 -3 11 6 10 9 -8 -7 -2 -6 -1
right_child=4 2 -4 -5 5 8 7 -9 -10 -11 -12 -13
leaf_value=-0.0021098440458704299 -0.015440564617118997 0.013998744366805945 -0.00050008101756865604 -0.0031568016341440731 0.019817449598076835 9.4570952141050391e-06 -0.047121472969764135 -0.003928963775860321 -0.015672162429170099 0.0063981025092452026 -0.00036112595271935313 0.039533533790100862
leaf_weight=94.414341509342194 200.77051335573196 201.8916979432106 158.157057762146 369.40564441680908 232.65128064155579 29101.399416863918 141.95330083370209 591.42524981498718 250.10763028264046 97.216132640838623 91.193961620330811 134.37970238924026
leaf_count=58 134 70 83 87 161 30557 64 266 117 56 88 83
internal_value=4.19677e-06 0.00546466 0.0162448 -0.000490459 -0.000155106 5.33048e-05 -0.00647804 -0.0105529 -7.97191e-05 0.00235429 0.0130593 0.00995286
internal_weight=31665 958.248 360.049 598.2 30706.7 29675.4 1031.37 733.379 29351.5 297.987 323.845 228.794
internal_count=31824 381 153 228 31443 30923 520 330 30674 190 249 141
is_linear=0
shrinkage=0.0773788


Tree=196
num_leaves=15
num_cat=0
split_feature=16 45 22 22 37 13 44 8 34 1 1 51 2 20
split_gain=4.43908 15.4319 13.2993 16.9127 12.3414 14.1519 12.3884 12.1802 8.4862 7.68565 6.57265 6.30822 7.63547 3.45144
threshold=31.779616404464267 0.068691503298330056 25.053865182953778 24.67134731407776 29.158541666666672 26.820906932505316 6.8273506853404156 1.7519506533700109 0.015275252359740249 -1.004025477790339 -0.96900085243778544 0.26210316255199489 -0.73335205238545376 26.00640734786333
decision_type=2 2 2 2 2 2 2 2 2 2 2 2 2 2
left_child=8 2 3 -2 5 -3 -6 -4 11 -10 -11 13 -13 -1
right_child=1 4 7 -5 6 -7 -8 -9 9 10 -12 12 -14 -15
leaf_value=0.0055989127855171818 -0.011340357258062407 0.028317139359149028 0.0006548055592354204 0.014662024487534819 -0.0012631139434401567 -0.011851349775269693 0.005745408165279753 -0.0058737582291552371 0.078259481647601339 -0.0095694393377344332 0.00016190589978990963 -0.005421943224924711 0.0030254563713392238 0.0046299239278988916
leaf_weight=201.17245256900787 256.59985336661339 190.22715502977371 148.9254378080368 211.59357595443726 419.26215493679047 598.43867403268814 1097.7833939492702 887.29358902573586 72.46288013458252 1551.2955583035946 24921.558748602867 279.34501260519028 561.32575958967209 267.68168416619301
leaf_count=161 141 269 36 71 117 311 357 257 25 2445 26986 217 348 83
internal_value=-6.81672e-06 -0.00249351 -0.00861216 0.00152222 0.00134991 -0.0062669 0.00555556 -0.0135281 0.000320597 6.39719e-06 -5.08042e-05 0.00639143 0.00184578 0.0136803
internal_weight=31665 3810.12 1504.41 468.193 2305.71 788.666 1517.05 1036.22 27854.8 26545.3 26472.9 1309.52 840.671 468.854
internal_count=31824 1559 505 212 1054 580 474 293 30265 29456 29431 809 565 244
is_linear=0
shrinkage=0.0773788


Tree=197
num_leaves=10
num_cat=0
split_feature=40 16 51 55 50 19 33 44 1
split_gain=4.51194 11.0707 6.17506 4.85403 4.4638 12.2908 7.95126 3.05317 1.52476
threshold=0.24933042589431761 31.630932584182556 -0.51187300325662 1007.3996461634971 26.476319916617104 26.516867768248492 0.37822133377357586 2.9987044301763235 -0.56314550935064722
decision_type=2 2 2 2 2 2 2 2 2
left_child=1 3 -2 7 5 -4 -6 -1 -5
right_child=2 -3 4 8 6 -7 -8 -9 -10
leaf_value=0.0093344345945066305 0.0020476246409183176 -0.014888593488083019 6.3057183582157264e-05 0.0019133414059914098 -0.0039492923955401554 -0.0043223773602579238 0.00083103453192794258 -0.0017058499254520294 -0.015800526313717107
leaf_weight=143.40698456764221 224.87817972898483 105.53305232524872 28156.241662114859 43.171426028013229 219.52159875631332 966.26916790008545 1557.4535597860813 121.13788145780563 127.35241740942001
leaf_count=115 63 35 30104 74 74 608 501 81 169
internal_value=9.8901e-06 -0.006957 0.000143554 -0.000542281 3.78531e-05 -0.000180204 0.00380757 0.00509119 -0.011272
internal_weight=31665 540.602 31124.4 435.069 30899.5 29122.5 1776.98 264.545 170.524
internal_count=31824 474 31350 439 31287 30712 575 196 243
is_linear=0
shrinkage=0.0773788


Tree=198
num_leaves=12
num_cat=0
split_feature=12 34 39 2 12 45 44 6 48 52 2
split_gain=4.32201 8.33683 10.3953 9.30027 8.00218 10.8843 11.3682 10.8738 7.82599 7.06851 6.44868
threshold=39.911490791898451 0.62115483845301334 2.6539158177796818 -0.47495107206705001 36.934261601873693 0.30681654263609087 10.382850181434215 1.0299810990789517 25.47380520588435 21.492499999999982 -0.012910296075008829
decision_type=2 2 2 2 2 2 2 2 2 2 2
left_child=4 2 3 -2 7 6 -6 10 -7 -3 -1
right_child=1 9 -4 -5 5 8 -8 -9 -10 -11 -12
leaf_value=0.0024781422261346184 -0.0002697455931149764 -0.00098380606447046374 0.0066104476633270601 0.0022114686680940513 -0.0016307375116589586 0.012115536950049332 -0.0079424266090559852 0.037428469639415859 -0.00061203167227949181 -0.0091749666942697247 -0.00043455331800253279
leaf_weight=7183.5743753910065 1733.7697943747044 188.88099101185799 206.06726372241974 1322.3622187077999 4793.3923272490501 495.57893007993698 553.74118208885193 122.13640999794006 462.25086390972137 263.82815697789192 14339.383416563272
leaf_count=11305 493 51 57 366 3276 230 298 44 215 77 15412
internal_value=0.000141561 0.00262595 0.00406369 0.00277598 -0.000175983 -0.00261054 -0.0040088 0.000516745 0.00479968 -0.00687759 0.000366523
internal_weight=31665 3714.91 3262.2 3056.13 27950.1 6304.96 5347.13 21645.1 957.83 452.709 21523
internal_count=31824 1044 916 859 30780 4019 3574 26761 445 128 26717
is_linear=0
shrinkage=0.0773788


Tree=199
num_leaves=13
num_cat=0
split_feature=32 5 55 12 43 26 25 7 44 2 24 14
split_gain=5.55942 11.4307 8.33335 14.7751 10.271 8.19154 7.55394 7.23733 12.8762 6.99391 6.62018 5.87126
threshold=38.231543433526234 -0.80410466792091984 1006.8179121263711 36.608759394883869 78.102083333333354 27.90212602139222 27.971305120584095 2.7147288214589325 4.8670205954961956 -0.012910296075008829 27.72697486235608 29.082915921682485
decision_type=2 2 2 2 2 2 2 2 2 2 2 2
left_child=2 6 3 11 -5 9 10 8 -3 -4 -2 -1
right_child=1 7 5 4 -6 -7 -8 -9 -10 -11 -12 -13
leaf_value=-0.00173632172463067 -0.004733908193113626 0.00073458875746324403 0.0021468056060767351 -2.2384303257368505e-05 -0.0058897831888725608 0.020200320609570607 -0.0078093808948720795 0.01133336681590532 -0.0028441058885433196 -0.00037680177718976471 0.0024995438095380771 0.0059488459106853062
leaf_weight=1982.3292577564716 280.67736938595772 2304.5126583576202 6747.7289630174637 1030.3974892497063 2275.7509418129921 195.96364462375641 147.91169762611389 185.87475576996803 441.81735017895699 14818.075177013874 155.5193008184433 1098.407324463129
leaf_count=3326 156 756 8168 635 1537 50 52 51 175 15075 38 1805
internal_value=0.000229051 0.00313199 -0.000121083 -0.0025883 -0.00619553 0.000586673 -0.00644691 0.00517088 0.00398622 0.00042456 -0.000394437 0.00116816
internal_weight=31665 3516.31 28148.7 6386.89 3306.15 21761.8 584.108 2932.2 2746.33 21565.8 436.197 3080.74
internal_count=31824 1228 30596 7303 2172 23293 246 982 931 23243 194 5131
is_linear=0
shrinkage=0.0773788


Tree=200
num_leaves=15
num_cat=0
split_feature=10 13 1 31 51 9 43 13 5 16 35 9 28 12
split_gain=6.17795 6.40022 9.97858 8.57405 8.56853 7.56622 6.56714 6.09378 7.93871 7.51089 9.18793 7.2214 4.40503 3.83858
threshold=38.588978266054255 35.795354472253727 0.97425263610037027 2.8067551866820453 -0.51187300325662 -0.54931043633235344 73.385416666666686 37.959119002816934 0.29897058039369157 30.311610564024836 0.56778663831396015 2.5805755569836593 0.3535832199193451 39.666271127392186
decision_type=2 2 2 2 2 2 2 2 2 2 2 2 2 2
left_child=1 2 4 -4 -1 12 -7 8 13 10 -9 -11 -3 -2
right_child=7 5 3 -5 -6 6 -8 9 -10 11 -12 -13 -14 -15
leaf_value=0.025682577099385331 0.00049674503647282881 -5.3306134785541139e-06 0.011779528638691071 -0.0032815433385422754 -0.00013558896373048438 -0.012264408141185665 -8.0079697482700573e-05 0.0059929052506513137 0.019434803327050922 -0.0089088406162217831 -0.0004380915791873354 5.2242633004442956e-05 -0.014966519501272976 0.0090549450452154373
leaf_weight=100.70502817630768 396.92175123095512 242.81867730617523 1268.0183582901955 607.80678841471672 21695.515824407339 311.49928253889084 3355.8410406410694 386.95056095719337 162.5668348968029 226.24709630012512 343.55031228065491 2135.8096170127392 696.81493788957596 80.146986484527588
leaf_count=27 451 332 1027 342 23112 279 3985 232 72 107 490 628 981 22
internal_value=0.000253238 -0.000125098 0.000375071 0.00578645 -7.50117e-05 -0.00277198 -0.00106691 0.00321412 0.0101784 0.00164381 0.00849845 -0.000334051 -0.00900538 0.00411795
internal_weight=32011.2 28279 23672 1875.83 21796.2 4606.97 3667.34 3732.19 639.636 3092.56 730.501 2362.06 939.634 477.069
internal_count=32087 30085 24508 1369 23139 5577 4264 2002 545 1457 722 735 1313 473
is_linear=0
shrinkage=0.0773788


Tree=201
num_leaves=10
num_cat=0
split_feature=36 31 44 43 11 51 51 45 43
split_gain=5.7677 5.53323 6.76073 5.82666 5.4373 5.21476 5.49347 6.62919 5.15291
threshold=0.23147092148601342 0.95348118081832733 3.7086847056324652 76.697916666666686 40.560977562282908 -0.51187300325662 1.0000000180025095e-35 0.011621342424615577 77.089278854012704
decision_type=2 2 2 2 2 2 2 2 2
left_child=1 2 3 -1 -4 -2 8 -8 -7
right_child=5 -3 4 -5 -6 6 7 -9 -10
leaf_value=0.0019954025577276868 -0.00072874768712729925 0.0076899353755304585 -0.0033022359964518275 0.0015828160306889129 0.00021770847034234444 0.0001794338143114651 0.00072730407711739517 -0.0002652214230272274 -0.0053325604447695251
leaf_weight=260.65610262751579 203.60420328378677 201.81556212902069 521.19696393609047 1389.1893520057201 72.255821108818054 178.58517241477966 1478.0131885409355 27333.972852289677 371.92387849092484
leaf_count=134 58 81 604 1922 19 48 781 28331 109
internal_value=0.000154054 0.00376764 0.00245447 0.00510224 -0.00428106 -0.000132992 -0.00023161 -7.19673e-05 -0.00786431
internal_weight=32011.2 2445.11 2243.3 1649.85 593.453 29566.1 29362.5 28812 550.509
internal_count=32087 2760 2679 2056 623 29327 29269 29112 157
is_linear=0
shrinkage=0.0773788


Tree=202
num_leaves=9
num_cat=0
split_feature=28 2 22 12 16 5 1 2
split_gain=4.90627 4.62411 9.50802 8.74212 7.20353 5.69117 5.70874 1.09925
threshold=2.861877712986113 -0.9993703818063705 25.398690244856425 39.128574396422046 30.861422811309303 -1.2501162110842423 1.4214574739709394 0.55520727629337141
decision_type=2 2 2 2 2 2 2 2
left_child=1 2 3 -1 -4 -3 -7 -2
right_child=7 5 4 -5 -6 6 -8 -9
leaf_value=0.0051314252687638959 0.022564737278974956 0.0047428663659712118 0.0031021743734268902 0.021208251157633369 -0.0070838965673934327 -0.00012069922231567512 0.0020690951738123716 0.02784817618565278
leaf_weight=251.68270775675774 50.646337389945984 109.83484917879105 330.11387649178505 189.14229547977448 304.51469594240189 30464.720248550177 263.11730718612671 47.440778851509094
leaf_count=192 51 33 268 44 89 31268 70 72
internal_value=0.000144372 7.86211e-05 0.00506171 0.013773 -0.000472514 -8.40527e-05 -0.000159854 0.0170672
internal_weight=32011.2 31913.1 1075.45 440.825 634.629 30837.7 30727.8 98.0871
internal_count=32087 31964 593 236 357 31371 31338 123
is_linear=0
shrinkage=0.0773788


Tree=203
num_leaves=15
num_cat=0
split_feature=47 40 8 38 22 2 36 31 34 57 37 56 27 20
split_gain=4.96883 8.68164 8.37413 14.6929 9.27658 14.4641 12.5569 8.5741 7.82803 7.66209 7.46561 6.2769 5.50049 5.30957
threshold=0.5410816611724274 2.0801442257675311 5.6950000000000012 1.8754735391623087 25.410248032597277 -0.9993703818063705 2.0380748752513487 2.9784888517086139 0.54940913472334019 2.3827729628798742 28.483125000000005 4.2311260878055874 23.286139658966132 18.851843458333999
decision_type=2 2 2 2 2 2 2 2 2 2 2 2 2 2
left_child=2 8 3 10 5 -4 -6 -5 13 12 -1 -11 -3 -2
right_child=1 9 4 7 6 -7 -8 -9 -10 11 -12 -13 -14 -15
leaf_value=0.0029163681190918197 -0.025144673779867972 0.0032589216181935061 0.024874955327047584 0.013639431536451101 -0.014062567022440967 -0.0016996131374530704 0.0029482539730572516 -0.0071716983005590549 -0.028715229525698834 0.008660872280938552 -0.00035611595603873912 0.00055440427432066697 -0.0080154626636736708 0.00077958025743388561
leaf_weight=6090.4057591557503 136.16843023896217 693.60108238458633 220.68942487239838 798.70084255933762 642.59499925374985 7582.2573196589947 279.19046849012375 263.7946814596653 195.00185284018517 1528.2711060345173 11009.467833548784 982.36617305874825 931.57117789983749 657.13194537162781
leaf_count=7925 90 493 74 577 511 6491 220 251 128 1150 12057 735 886 499
internal_value=9.56024e-05 0.00231147 -0.000313466 0.000617297 -0.00229209 -0.00136766 -0.0096809 0.00942941 -0.00401248 0.00391323 4.62044e-05 0.00659164 -7.70077e-06 -9.94503e-05
internal_weight=32011.2 5124.11 26887.1 18162.4 8724.73 7802.95 921.785 1062.5 988.302 4135.81 17099.9 2510.64 1625.17 793.3
internal_count=32087 3981 28106 20810 7296 6565 731 828 717 3264 19982 1885 1379 589
is_linear=0
shrinkage=0.0773788


Tree=204
num_leaves=15
num_cat=0
split_feature=14 55 12 2 52 17 41 5 8 51 34 1 3 51
split_gain=5.28226 10.7321 12.513 7.76985 7.71819 10.4615 7.44463 12.9848 8.58137 7.63652 9.359 7.65079 7.39812 5.42251
threshold=27.792391586332275 1006.9472161157267 37.946281274647241 -0.97663040273327717 596.8499999999998 27.662946826397025 78.737500000000026 -0.44132749085496886 1.5706886987147259 0.72068496747013089 -0.28639398503147712 0.7186766008931732 4.1420225700046815 0.45483663372157829
decision_type=2 2 2 2 2 2 2 2 2 2 2 2 2 2
left_child=1 2 13 -4 5 -3 7 12 -9 10 -8 -11 -2 -1
right_child=6 4 3 -5 -6 -7 9 8 -10 11 -12 -13 -14 -15
leaf_value=0.009381770056379541 0.0013440277875604323 0.00048979760827585984 -0.0020682114361848945 -0.027096196455178898 0.0029049156861989806 -0.010546179736619038 -0.012634481112048613 0.0087397105092926596 0.001113884442163725 0.0093230317127943121 -0.00081246188895651853 -0.0018814759780967302 -0.0011958694058471578 -0.015391724510092183
leaf_weight=555.21625962853432 4929.0962774455547 8436.1301930248737 112.31780448555946 406.41376078128815 275.25549778342247 1759.4860137104988 105.93505728244781 818.55297869443893 4147.4445587098598 581.69123473763466 7037.755346596241 276.60559788346291 2172.246006578207 397.06650948524475
leaf_count=723 4426 8176 51 213 101 1786 32 646 2916 656 9821 249 1790 501
internal_value=9.50673e-05 -0.00118039 -0.00736913 -0.0170706 -0.00027349 -0.000655013 0.000872232 0.00209489 0.00512841 -0.000926256 -0.00179491 0.00585405 0 -0.00165008
internal_weight=32011.2 11941.9 1471.01 518.732 10470.9 10195.6 20069.3 12067.3 4966 8001.99 7143.69 858.297 7101.34 952.283
internal_count=32087 11551 1488 264 10063 9962 20536 9778 3562 10758 9853 905 6216 1224
is_linear=0
shrinkage=0.0773788


Tree=205
num_leaves=13
num_cat=0
split_feature=41 46 3 26 41 22 44 32 50 44 42 16
split_gain=6.88757 9.05356 7.2115 12.709 8.57089 12.6162 7.87918 7.8337 6.2829 9.22079 5.95092 5.51053
threshold=82.554166666666688 26.462471274565406 3.2701285273020964 27.859237672700868 71.887500000000017 22.193520268722256 10.277638593005157 25.328555451692932 23.857304887901034 9.7817848666483194 1.6074047401820568 29.490651852468833
decision_type=2 2 2 2 2 2 2 2 2 2 2 2
left_child=2 8 3 6 7 -6 -1 -4 9 -2 -10 -3
right_child=1 11 4 -5 5 -7 -8 -9 10 -11 -12 -13
leaf_value=0.0028388107153908041 0.039960780572114066 0.00079346499251821282 0.0032032234917740016 0.012196426386236693 0.0083801824216633639 -4.2651871005409604e-05 -0.00045592611828820448 -0.0028839689721355541 0.0031847368797011874 -0.00074944944730748512 -0.0050490836483127041 -0.015678972264621876
leaf_weight=7296.6720613837242 189.15443721413612 62.558742940425873 315.63593173027039 449.79748132824898 1076.1050519645214 8973.9606545269489 3768.2043175697327 3300.6913509368896 971.4691005051136 360.37601906061172 5061.0837314426899 166.66089567542076
leaf_count=7073 230 98 132 110 964 8823 2830 2287 1727 454 7196 138
internal_value=0.000237278 -0.00192889 0.000837899 0.00226836 -0.000341051 0.000792001 0.00170973 -0.00358759 -0.00133653 0.0063924 -0.00210501 -0.0170368
internal_weight=31992.4 6811.3 25181.1 11514.7 13666.4 10050.1 11064.9 3616.33 6582.08 549.53 6032.55 229.22
internal_count=32062 9843 22219 10013 12206 9787 9903 2419 9607 684 8923 236
is_linear=0
shrinkage=0.0773788


Tree=206
num_leaves=11
num_cat=0
split_feature=16 36 16 47 8 34 52 28 26 43
split_gain=5.91383 11.234 6.48878 12.3866 15.2956 7.03722 8.529 5.38424 5.35285 6.52251
threshold=32.860754995466458 1.6721558844336819 31.779616404464267 0.023841290905048187 1.7706047496811013 0.017320508119168066 -1.0000000180025095e-35 0.77801194712431243 27.337535922113766 75.447916666666686
decision_type=2 2 2 2 2 2 2 2 2 2
left_child=2 -2 5 -4 -5 7 -7 -1 9 -3
right_child=1 8 3 4 -6 6 -8 -9 -10 -11
leaf_value=-0.0011604968292053177 -0.0024724285048934435 0.028347210912055918 -0.0029956798217287161 0.0070723921744667781 -0.0013679458091418544 0.0078859443174878162 -2.8806183803031689e-05 0.0046808220248097275 0.016855073519511172 -0.0042641038562304745
leaf_weight=439.44657531380653 344.10123890638351 160.98734560608864 412.31577026844025 151.73237991333008 2291.345346480608 189.63221281766891 26406.578093439341 1125.2743548154831 266.37753021717072 204.57892850041389
leaf_count=426 94 148 109 40 1032 60 29347 659 70 77
internal_value=0.000186148 0.00610303 0 -0.00351276 -0.00124468 0.000355695 4.47831e-05 0.00539353 0.0123583 0.00482522
internal_weight=31992.4 976.045 31016.3 2855.39 2443.08 28160.9 26596.2 1564.72 631.944 365.566
internal_count=32062 389 31673 1181 1072 30492 29407 1085 295 225
is_linear=0
shrinkage=0.0773788


Tree=207
num_leaves=10
num_cat=0
split_feature=16 19 19 40 25 12 55 16 18
split_gain=8.17999 7.07443 6.93051 6.22366 7.79631 6.1686 5.24445 5.15269 3.16805
threshold=33.161308667106091 27.122373610724008 26.82405822315879 4.2614160336180111 27.035002114221005 40.134227351754511 1005.3202660956121 31.779616404464267 80.705299630308303
decision_type=2 2 2 2 2 2 2 2 2
left_child=1 2 7 4 -2 -4 8 -1 -3
right_child=3 6 5 -5 -6 -7 -8 -9 -10
leaf_value=0.00025670385823986887 -0.0099876147370238141 -0.00077764067659599832 -0.00026508331181964665 0.025031703303410802 0.00011020194991095225 0.0040385107599012144 0.0007216457894328633 -0.0012020168133622534 -0.012334476151258463
leaf_weight=27350.717150360346 205.04877218604088 174.14246505498886 271.93983632326126 223.16534167528152 143.62838208675385 404.77694195508957 159.43236008286476 2892.0810624957085 167.4374640583992
leaf_count=30158 105 57 162 94 36 88 57 1247 58
internal_value=0.000159106 0 0.000139967 0.00929538 0.00159944 0.00786094 -0.00908924 -2.18758e-05 -0.0145383
internal_weight=31992.4 31420.5 30919.5 571.842 348.677 676.717 501.012 30242.8 341.58
internal_count=32062 31827 31655 235 141 250 172 31405 115
is_linear=0
shrinkage=0.0773788


Tree=208
num_leaves=8
num_cat=0
split_feature=39 22 22 38 41 16 41
split_gain=6.09081 5.97239 5.8298 9.79081 5.60933 5.07038 0.78271
threshold=-1.0000000180025095e-35 27.187691519710572 26.915506999832111 0.79128930744914372 78.017268954478212 33.323885248426514 77.834487458261933
decision_type=2 2 2 2 2 2 2
left_child=4 2 5 -4 -1 -2 -3
right_child=1 6 3 -5 -6 -7 -8
leaf_value=0.0075945826290141211 -4.9187349720976078e-05 -0.00069802473969306916 0.0025039010013351757 -0.003982049926241296 -8.6160409108938311e-05 0.0059308170555340918 -0.004830420350902964
leaf_weight=235.21272891759872 30387.316914409399 128.46272203326225 331.24248293042183 153.44760289788246 253.61721068620682 367.64967650175095 135.42043790221214
leaf_count=64 31465 46 116 62 78 165 66
internal_value=0.000169288 2.41102e-05 0.000134336 0.00851619 0.00870426 0 -0.0114573
internal_weight=31992.4 31503.5 31239.7 484.69 488.83 30755 263.883
internal_count=32062 31920 31808 178 142 31630 112
is_linear=0
shrinkage=0.0773788


Tree=209
num_leaves=14
num_cat=0
split_feature=41 12 48 43 2 39 12 35 50 44 47 25 50
split_gain=5.04382 9.42403 11.6857 7.20797 9.02562 5.27334 11.9556 7.85066 4.89135 8.99898 5.34071 3.81401 3.44367
threshold=82.379166666666677 38.291463861349818 25.155437849585415 84.502083333333346 -0.60505606964884906 2.1825062046494001 41.684941536720054 0.90289995754388352 23.857304887901034 9.7817848666483194 0.1800101869450508 26.633489885278358 25.410453262663246
decision_type=2 2 2 2 2 2 2 2 2 2 2 2 2
left_child=3 8 -3 5 -5 7 -7 -1 9 -2 -10 -6 -4
right_child=1 2 12 4 11 6 -8 -9 10 -11 -12 -13 -14
leaf_value=0.00020349711689088664 0.036101530314724843 0.01531086371897494 -0.011910912137121856 0.053235883480424781 0.0056846863218573815 0.0011297132000155968 0.007979858381841452 -0.0021539367697419446 0.0013164542622825022 -0.0011784690202854429 -0.0054625829444111098 -0.032467555966706821 -0.015999211472362149
leaf_weight=13940.727002263069 190.51208928227425 120.49356979131699 123.30935689806938 159.3164194226265 312.84797492623329 6544.3410013616085 112.02325662970543 3767.4824003875256 2608.7300670742989 359.29470324516296 3338.9109391868114 98.825854271650314 315.55514153838158
leaf_count=13421 232 78 78 150 371 5339 27 2466 4138 458 5002 117 185
internal_value=7.83079e-05 -0.00173417 -0.0113851 0.000606054 0.00919493 0.000388218 0.00225066 -0.000291688 -0.000840245 0.00598244 -0.00153604 0.00207283 -0.0174862
internal_weight=31992.4 7056.81 559.358 24935.6 570.99 24364.6 6656.36 17708.2 6497.45 549.807 5947.64 411.674 438.864
internal_count=32062 10171 341 21891 638 21253 5366 15887 9830 690 9140 488 263
is_linear=0
shrinkage=0.0773788


Tree=210
num_leaves=16
num_cat=0
split_feature=3 0 7 18 55 2 2 2 32 54 31 57 38 14 47
split_gain=5.95926 8.56179 8.68573 17.2183 8.41501 7.36058 14.3794 15.3837 10.1042 6.08216 7.0779 5.0515 5.49598 4.43269 3.40059
threshold=3.1231244700596377 0.7873899580301621 4.0600000000000014 82.324411760791392 1006.8457546771641 0.99548449742306455 0.97792737797861629 0.98662138620987927 25.516584845572474 1006.9933499769878 1.1163925263760253 4.2033992360864447 1.4323930389570647 26.642028104806901 0.18620485326591155
decision_type=2 2 2 2 2 2 2 2 2 2 2 2 2 2 2
left_child=1 2 3 -1 -4 6 8 -8 -2 10 -3 14 -13 -11 -7
right_child=5 9 4 -5 -6 11 7 -9 -10 13 -12 12 -14 -15 -16
leaf_value=-6.4327561666590173e-05 0.0068320045635465801 -0.00089662730790768437 -0.0055732616127786277 0.012654757822105506 0.00094683503664318961 0.02954633692844157 -0.025912248034372899 -0.00049178673573117403 -0.00034169915961758363 -0.0066473699896124191 -0.033658401209987338 -0.013938067246003029 0.020759455414865725 0.0027107173896125372 -0.010743148054501026
leaf_weight=2250.7346704304218 290.5687837600708 167.63813647627831 1179.2364822626114 2147.0013443231583 7147.9954957067966 66.034448176622391 506.51130071282387 483.21084833145142 15128.622591167688 1080.0665002465248 190.21106740832329 74.24088990688324 318.45109960436821 708.86079478263855 204.83830791711807
leaf_count=3005 158 232 721 2017 6050 52 261 302 15974 1507 258 70 267 979 198
internal_value=-1.19711e-06 0.00111953 0.00190055 0.00468842 0.000382857 -0.000998807 -0.0013412 -0.0103898 -0.000734006 -0.00333522 -0.012603 0.00687635 0.0124785 -0.00125211 0
internal_weight=31944.2 14871.7 12725 4397.74 8327.23 17072.5 16408.9 989.722 15419.2 2146.78 357.849 663.565 392.692 1788.93 270.873
internal_count=32051 14769 11793 5022 6771 17282 16695 563 16132 2976 490 587 337 2486 250
is_linear=0
shrinkage=0.0773788


Tree=211
num_leaves=14
num_cat=0
split_feature=3 1 50 44 33 43 18 7 51 47 43 16 13
split_gain=4.67892 8.63506 10.5325 8.34061 9.66542 7.53916 7.19286 10.7996 9.89328 7.15399 7.0347 4.29687 4.07041
threshold=3.1231244700596377 -0.85891406031209427 24.770387876005 10.133785326219238 2.6534703361055789 80.047858036790188 46.150000000000013 6.5531629272476044 0.8491126027331436 0.17630956550266 77.197916666666686 23.465000000000003 29.113353548959392
decision_type=2 2 2 2 2 2 2 2 2 2 2 2 2
left_child=1 2 5 4 -3 -1 11 10 -9 -5 -8 -2 -4
right_child=6 3 12 9 -6 -7 7 8 -10 -11 -12 -13 -14
leaf_value=-0.013144829157588521 0.0055928024436915028 -0.00025046658494644569 -0.050427989950722764 -0.0068453244590045677 0.0064283766181256873 0.010593381320098426 0.00032056084158548501 0.00057065629837829647 -0.020704287952338533 0.00022552042462065013 -0.0014603773671820197 -0.00013595404677686516 -0.0099121950344940053
leaf_weight=402.1098405122757 154.19681668281555 3125.670519143343 246.66688671708107 802.43858957290649 5404.6462391614914 686.13169187307358 7643.1628341078758 285.49770283699036 499.09943959116936 3351.2943550944328 8367.9067687690258 122.61470758914948 852.78636956214905
leaf_count=517 45 3504 317 645 4788 893 5716 192 228 2795 11015 86 1310
internal_value=-5.95426e-05 0.000931448 -0.00349923 0.00172527 0.00312038 0.00161775 -0.000944124 -0.00116896 -0.0100428 -0.00105253 -0.000708761 0.0112095 -0.00888016
internal_weight=31944.2 14871.7 2187.69 12684 8530.32 1088.24 17072.5 16795.7 784.597 4153.73 16011.1 276.812 1099.45
internal_count=32051 14769 3037 11732 8292 1410 17282 17151 420 3440 16731 131 1627
is_linear=0
shrinkage=0.0773788


Tree=212
num_leaves=13
num_cat=0
split_feature=18 17 51 5 14 46 55 49 47 47 34 3
split_gain=4.4443 7.05557 10.3607 7.67091 6.39703 10.0494 7.6586 5.69318 7.36702 2.47952 2.18014 1.81503
threshold=46.550000000000004 31.235000000000003 1.0193605677906552 0.49733468881691806 30.215000000000003 26.118530391680107 1003.986822624566 1.017249510865023 0.21048030030591688 0.7671898152774248 0.22274798600144671 3.4713213797666467
decision_type=2 2 2 2 2 2 2 2 2 2 2 2
left_child=7 4 3 -3 5 -2 -6 8 -1 -9 -10 -4
right_child=1 2 11 -5 6 -7 -8 9 10 -11 -12 -13
leaf_value=-0.0056685485588096052 0.00011894069430094657 -0.0011351241655028915 -0.011289105870489643 0.001215859971141198 0.0023261749049678076 -0.002645536753109069 0.00052825714898717977 0.0043049933471050539 0.00047932583336126656 -0.0074275252276079975 0.012266312611811223 -0.038761628301096078
leaf_weight=128.86864197254181 22788.281107783318 1559.6317943930626 136.22122430801392 371.07114297151566 795.62281805276871 1756.1632296442986 3584.5406228303909 103.95573478937149 107.02138215303421 116.05114805698395 346.80980807542801 149.98410618305206
leaf_count=51 25122 1468 114 228 247 1323 3071 67 52 61 183 64
internal_value=0 -0.00015112 -0.00435974 -0.0020898 0.000159473 -0.000313452 0.00289023 0.00566476 0.00983948 -0.00374609 0.0146586 -0.0181576
internal_weight=31944.2 31141.5 2216.91 1930.7 28924.6 24544.4 4380.16 802.707 582.7 220.007 453.831 286.205
internal_count=32051 31637 1874 1696 29763 26445 3318 414 286 128 235 178
is_linear=0
shrinkage=0.0773788


Tree=213
num_leaves=15
num_cat=0
split_feature=15 55 8 22 19 54 16 0 8 41 12 14 9 48
split_gain=4.18939 7.60818 13.437 9.24489 12.973 6.50268 15.2621 8.88332 8.7941 8.09731 6.76329 6.74176 6.38942 3.66049
threshold=30.770844161625323 1004.4437830903113 2.5300133247368399 20.423865609861505 21.091757746847609 1007.0946834244407 30.361882489335141 -0.70710678118654757 2.1400000000000028 82.141740549121394 25.450121940784204 24.775000000000002 5.2984766007031903 16.993060727996486
decision_type=2 2 2 2 2 2 2 2 2 2 2 2 2 2
left_child=5 2 12 13 -5 6 9 11 -8 -1 -9 -7 -2 -3
right_child=1 3 -4 4 -6 7 8 10 -10 -11 -12 -13 -14 -15
leaf_value=0.0020743860789999139 0.0025349345835342998 -0.00043734163522905582 -0.0021002232595489362 -0.016847307535526334 0.00022031939906186714 -0.033382920449684453 -0.0003826201481332965 0.0027248657423928901 -0.0083046714284614933 -0.0052308415963023391 0.00041786847630690224 -0.0016222705842106745 6.6041324515280655e-05 0.016247975330227427
leaf_weight=2473.92548173666 494.04039683938026 111.11352932453156 224.64434641599655 303.3537874519825 3586.3332785665989 168.797771692276 814.20099753141403 1899.0195955634117 979.13452845811844 1632.5758508741856 15402.805400788784 3272.8035477101803 297.29580426216125 284.17844399809837
leaf_count=3585 151 41 101 140 2705 72 435 1003 530 2759 17373 2922 72 162
internal_value=4.66687e-05 0.00204225 0.00807419 0.000520417 -0.000541362 -0.000336983 -0.00260904 0.000292102 -0.00855503 0 0.0010225 -0.00327079 0.0129772 0.0117707
internal_weight=31944.2 5300.96 1015.98 4284.98 3889.69 26643.3 5899.84 20743.4 1793.34 4106.5 17301.8 3441.6 791.336 395.292
internal_count=32051 3372 324 3048 2845 28679 7309 21370 965 6344 18376 2994 223 203
is_linear=0
shrinkage=0.0773788


Tree=214
num_leaves=10
num_cat=0
split_feature=35 1 8 52 40 51 50 46 47
split_gain=4.49618 7.40049 5.41186 10.7482 6.46881 4.79452 5.54875 11.3259 9.24487
threshold=0.074498322130385888 1.3208902535003302 1.4600400960168876 0.21525524322422582 0.50099900197590952 -0.51187300325662 26.476319916617104 26.185791494268177 0.24950780904478365
decision_type=2 2 2 2 2 2 2 2 2
left_child=1 2 3 -1 -4 -2 7 -7 -8
right_child=5 -3 4 -5 -6 6 8 -9 -10
leaf_value=0.021286161895498614 0.009331115462174501 0.00105527232717913 -0.0072543900152814873 -0.00060795956285370238 0.000244478943833481 -0.00011000040380150484 -0.00016883800005435397 -0.0031899844575740558 0.0032747280016315462
leaf_weight=352.32334804534912 203.80093884468079 165.10842090845108 281.56512942910194 500.8641214966774 733.24715855717659 26591.605146080256 942.97017931938171 1724.6426569521427 448.09566158056259
leaf_count=368 52 44 273 600 504 28598 322 1151 139
internal_value=4.16114e-05 0.00356788 0.00194014 0.00655599 -0.00159487 -0.000186393 -0.000280324 -0.000526505 0.00445595
internal_weight=31944.2 2033.11 1868 853.187 1014.81 29911.1 29707.3 28316.2 1391.07
internal_count=32051 1789 1745 968 777 30262 30210 29749 461
is_linear=0
shrinkage=0.0773788


Tree=215
num_leaves=8
num_cat=0
split_feature=32 54 16 21 23 2 43
split_gain=4.61624 6.68412 5.41517 6.34224 7.82756 7.21963 5.15378
threshold=25.194070615279944 1013.9148250495261 20.845000000000002 14.994812738037348 17.509305166334475 0.90515966073569365 66.61041666666668
decision_type=2 2 2 2 2 2 2
left_child=1 6 -2 5 -5 -4 -1
right_child=2 -3 3 4 -6 -7 -8
leaf_value=0.020018560642375175 -0.014388366920973476 -0.0021008000075416573 -0.00042433570916874567 -0.046761907527134848 -5.1519568980766723e-05 0.019847505294978585 0.0041683051027549701
leaf_weight=123.56942319869995 159.4425106048584 171.05149871110916 198.44341757893562 93.565384149551392 30790.652221381664 142.16843223571777 176.19779047369957
leaf_count=56 32 88 89 54 31448 56 109
internal_value=-2.60269e-05 0.0075289 -0.000151995 -6.66515e-05 -0.000194746 0.010348 0.0146664
internal_weight=31855.1 470.819 31384.3 31224.8 30884.2 340.612 299.767
internal_count=31932 253 31679 31647 31502 145 165
is_linear=0
shrinkage=0.0773788


Tree=216
num_leaves=11
num_cat=0
split_feature=5 5 16 14 20 48 5 22 46 49
split_gain=4.17415 11.9302 9.08732 6.76244 6.64102 9.20989 5.82188 4.98691 9.24548 4.67419
threshold=-0.45128840335427717 -0.27710236579704933 30.840280259885017 24.615000000000006 26.307044771353493 26.28624708373464 -1.0892299385328692 16.064484976126629 15.605112396048353 0.65889498674628511
decision_type=2 2 2 2 2 2 2 2 2 2
left_child=2 -2 3 -1 5 -4 -5 9 -9 -3
right_child=1 7 4 6 -6 -7 -8 8 -10 -11
leaf_value=-0.034271306832378168 0.0016031246587849344 0.013258946733828674 -0.0035052537180555914 0.0058280553381617776 -0.0020385305731486589 -0.00010963311508877034 -0.00022632555865540087 -0.030303816736474202 0.00011653146936550599 -0.0016119482713190722
leaf_weight=155.58594197034836 289.95019179582596 232.39100098609924 891.02977225184441 108.65420734882355 402.40059086680412 164.56265443563461 10400.709945380688 136.45557910203934 18896.172797501087 177.17799669504166
leaf_count=65 78 142 421 35 102 42 11161 55 19687 144
internal_value=-2.3583e-05 0.000658931 -0.00116434 -0.00034383 -0.00689834 -0.00320254 -6.86374e-05 0.000405547 0.000203158 0.00882958
internal_weight=31855.1 19732.1 12122.9 10665 1457.99 1055.59 10509.4 19442.2 19032.6 409.569
internal_count=31932 20106 11826 11261 565 463 11196 20028 19742 286
is_linear=0
shrinkage=0.0773788


Tree=217
num_leaves=9
num_cat=0
split_feature=0 0 12 1 19 27 10 1
split_gain=3.93393 4.42327 8.01152 8.14653 6.33467 5.45101 9.46084 7.16361
threshold=-1.0542773449605023 -0.2737300952137155 25.969352188794755 0.00862137604493079 14.327842587295526 22.798922158099703 26.337702737840484 0.00862137604493079
decision_type=2 2 2 2 2 2 2 2
left_child=-1 5 3 -3 -4 7 -7 -2
right_child=1 2 4 -5 -6 6 -8 -9
leaf_value=0.0013794204131696078 -0.00069218540097468109 0.00069795240567673564 -0.038257672175522742 0.014874850408522294 0.00011901277235122333 -0.045420085808863003 -0.0009379534766618228 0.008926023267966765
leaf_weight=340.15012460947037 1163.145009458065 738.26758921146393 92.558960735797882 466.04543578624725 17774.152917712927 136.27084481716156 10123.60938051343 1020.8904154896736
leaf_count=99 483 415 55 348 19141 75 10767 549
internal_value=-4.94492e-06 -0.000106243 0.00062153 0.00672759 0.000188032 -0.00125067 -0.00201645 0.00217723
internal_weight=31855.1 31514.9 19071 1204.31 17866.7 12443.9 10259.9 2184.04
internal_count=31932 31833 19959 763 19196 11874 10842 1032
is_linear=0
shrinkage=0.0773788


Tree=218
num_leaves=13
num_cat=0
split_feature=12 50 32 33 27 51 12 43 14 47 14 1
split_gain=3.93634 8.71767 12.2842 23.1324 10.952 9.80698 8.40611 12.5984 15.2583 10.3517 7.02195 5.69628
threshold=39.911490791898451 26.798012959810183 35.421756585948536 4.2743015540244746 26.134991801437078 0.32627709611286387 38.246699474915424 77.843750000000014 30.872091714156834 1.0000000180025095e-35 30.973292607654198 0.72481290014920419
decision_type=2 2 2 2 2 2 2 2 2 2 2 2
left_child=6 2 3 -2 -4 -3 9 8 -8 -1 -9 -11
right_child=1 5 4 -5 -6 -7 7 10 -10 11 -12 -13
leaf_value=0.018573652531801595 -0.012907561264068336 -0.0021607184061273868 0.01524025678554561 0.010008622138658333 0.00023470686513254836 -5.2227781554343406e-05 0.0022944109780559207 -0.0054188698520940921 -0.0014981423190989051 -0.00057732832639860801 0.0054089733639214755 0.0020911173118411761
leaf_weight=279.47821182012558 395.85123205184937 256.55287480354309 390.1965936422348 227.83150926232338 2212.7358869016171 289.13577991724014 1101.4235771596432 1959.4395059645176 453.61749109625816 19423.079361051321 136.12947967648506 4729.6191749870777
leaf_count=101 157 74 98 82 568 68 529 1011 190 23171 42 5841
internal_value=-1.7439e-05 0.00231571 0.00391724 -0.00550207 0.00631925 -0.00644809 -0.000344119 -0.00380931 0.00126774 0.000159337 -0.00774495 0
internal_weight=31855.1 3772.3 3226.62 623.683 2602.93 545.689 28082.8 3650.61 1555.04 24432.2 2095.57 24152.7
internal_count=31932 1047 905 239 666 142 30885 1772 719 29113 1053 29012
is_linear=0
shrinkage=0.0773788


Tree=219
num_leaves=12
num_cat=0
split_feature=7 38 37 41 0 26 52 41 42 2 28
split_gain=4.80545 5.5231 10.6778 12.2291 5.65256 4.24653 3.68936 4.52394 4.20095 3.55585 0.882702
threshold=0.41999999999999998 0.34191224097339079 29.577291666666671 76.429166666666688 -1.0267073704727172 28.260456232235629 205.84833333333304 81.917761981843952 0.77574497988946622 -0.9934611175860435 0.68607667455193599
decision_type=2 2 2 2 2 2 2 2 2 2 2
left_child=6 2 9 -4 -3 -6 7 8 -1 -2 -9
right_child=1 4 3 -5 5 -7 -8 10 -10 -11 -12
leaf_value=-0.0010077576073147037 -0.014145666151698197 0.0043663638717383923 0.0019597722367200917 -0.0075052765017643696 -9.4910375061880409e-05 0.00205212762368682 -0.0062392624617219911 0.0044839927302806493 0.0076926928701361048 0.002583397710043016 -0.0049164868253412132
leaf_weight=68.742933809757233 44.328751474618912 294.9387064576149 251.5420498251915 507.61225220561028 28884.953794777393 389.23305195569992 92.301832884550095 118.96679410338402 354.75803360342979 761.97314175963402 85.739335477352142
leaf_count=63 88 85 91 401 29056 93 87 214 269 1355 130
internal_value=-3.65629e-06 -0.000160048 -0.00463611 -0.0112464 6.52662e-05 -3.05087e-05 0.00621231 0.00859366 0.0131335 0.00116573 0
internal_weight=31855.1 31134.6 1565.46 759.154 29569.1 29274.2 720.509 628.207 423.501 806.302 204.706
internal_count=31932 31169 1935 492 29234 29149 763 676 332 1443 344
is_linear=0
shrinkage=0.0773788


Tree=220
num_leaves=12
num_cat=0
split_feature=1 17 43 14 50 16 47 31 43 3 22
split_gain=4.63705 4.86768 6.92866 8.17764 8.17482 4.20129 10.4093 5.57676 10.7647 9.44888 1.78734
threshold=-0.9523687564627995 23.995000000000001 80.102083333333354 28.05089097467096 24.82013669741924 33.161308667106091 0.27632790822840442 2.7733222201597183 63.19166666666667 2.9328520887931027 25.128581930593803
decision_type=2 2 2 2 2 2 2 2 2 2 2
left_child=1 -1 3 -3 -4 7 -7 9 -9 -2 -8
right_child=5 2 4 -5 -6 6 10 8 -10 -11 -12
leaf_value=0.0343243429425183 0.00267909649918071 -0.033923695692787553 0.010691525488248551 -0.0049559259855958228 -0.0081118120860236686 -0.003476839306453395 0.048635452871469288 0.0035211526183189113 -0.0031011433563278724 -0.00011270883567016231 5.4891203546534947e-05
leaf_weight=41.805465370416641 7054.3198699951172 216.38961774110794 565.17741370201111 308.38514202833176 1144.3532348275185 247.60123205184937 160.24513003230095 655.09323087334633 6172.0517564713955 15316.486713916063 137.36540684103966
leaf_count=45 7379 164 720 507 1820 98 85 342 5948 14949 41
internal_value=0.000105127 -0.00324135 -0.00388615 -0.0117158 -0.00124651 0.000373894 0.00709991 0.000234788 -0.00168277 0.000836474 0.0169812
internal_weight=32019.3 2276.11 2234.31 524.775 1709.53 29743.2 545.212 29198 6827.14 22370.8 297.611
internal_count=32098 3256 3211 671 2540 28842 224 28618 6290 22328 126
is_linear=0
shrinkage=0.0773788


Tree=221
num_leaves=15
num_cat=0
split_feature=1 8 32 1 26 43 19 2 22 25 51 32 2 43
split_gain=3.75413 5.16607 12.8352 9.93376 5.83086 4.49525 4.32714 4.31559 18.2796 14.4634 10.0527 12.2929 7.75269 4.37107
threshold=-0.83108446127122859 5.0699999999999994 31.784994691795951 -0.99865756837029884 25.203812004721943 74.11041666666668 25.257639223398055 0.78298010367706283 21.554897130089355 22.458682892321033 0.45826720557693518 28.970062385637309 0.998148560797531 76.430422342718813
decision_type=2 2 2 2 2 2 2 2 2 2 2 2 2 2
left_child=1 5 3 -3 -4 -1 -7 8 13 -10 12 -12 -9 -2
right_child=7 2 4 -5 -6 6 -8 10 9 -11 11 -13 -14 -15
leaf_value=-0.043936005950625814 0.016348455451471254 0.026707630713739185 0.0020996642584902143 -0.0036241714978089406 -0.029652455849278569 0.0050719014065558976 -0.0041123306888355511 0.0032561555498138101 -0.068862135454629644 0.00021846338625104212 -0.00024094893506977253 -0.013528994522588742 0.028830023396801664 -0.010998574873081497
leaf_weight=60.691113471984863 944.29459357261658 121.67120069265366 92.571212142705917 1197.0636884272099 419.59919396042824 1516.5847485661507 929.6635063290596 1267.471692353487 201.23962077498436 18068.326086223125 5190.2774285078049 1826.8457314372063 109.61541351675987 73.358983874320984
leaf_count=77 961 71 133 1311 458 2504 1649 1612 117 17810 3263 1987 82 63
internal_value=9.00154e-05 -0.00201071 -0.00513763 -0.000791127 -0.0155228 0.000133004 0.000808977 0.000432626 0.00107914 0.000494783 -0.0010093 -0.00223186 0.00494423 0.0111667
internal_weight=32019.3 4337.84 1830.91 1318.73 512.17 2506.94 2446.25 27681.4 19287.2 18269.6 8394.21 7017.12 1377.09 1017.65
internal_count=32098 6203 1973 1382 591 4230 4153 25895 18951 17927 6944 5250 1694 1024
is_linear=0
shrinkage=0.0773788


Tree=222
num_leaves=15
num_cat=0
split_feature=1 1 24 2 17 28 3 1 41 49 37 2 19 54
split_gain=3.52722 5.32297 10.3553 10.4704 5.12599 6.05671 3.92853 8.06943 9.00773 5.46477 5.16866 12.6834 9.8426 2.82616
threshold=-0.9523687564627995 -0.99817629101047811 25.284505538664131 0.0038962318811805825 24.455000000000002 0.79079371666806253 7.0950000000000006 0.39417582210411894 73.262500000000017 0.67894149298301432 27.198958333333337 0.87377473702374975 18.289197660827316 1009.497465706634
decision_type=2 2 2 2 2 2 2 2 2 2 2 2 2 2
left_child=1 2 13 -4 -3 -6 10 8 -8 -9 11 -2 -12 -1
right_child=6 4 3 -5 5 -7 7 9 -10 -11 12 -13 -14 -15
leaf_value=0.0057477363913002611 0.0083523671025706736 0.031359078140633156 0.016708422199069328 -0.015824523256379536 -0.0032002278232059873 -0.034764734043001864 -0.016587348839706594 -0.00027185912447761176 -0.0016043283566871392 0.013427739234128839 -0.023934636926840669 -2.4551931628438625e-05 5.111482909722026e-05 0.050790396083527437
leaf_weight=64.090551972389221 2334.70279109478 58.523946285247803 211.7930223941803 195.06583970785141 1129.2539397776127 507.27652254700661 285.08801487088203 172.16809251904488 951.25731244683266 114.03665548563004 310.64950069785118 4207.6887679100037 21367.572205156088 110.10705098509789
leaf_count=78 2439 66 258 285 1773 744 175 152 1359 90 207 2555 21865 52
internal_value=9.74792e-05 -0.00281877 0.00318033 -0.00284594 -0.00509233 -0.00607272 0.000333266 -0.00345731 -0.00633099 0.00761202 0.000551176 0.00245696 -7.57269e-06 0.0190188
internal_weight=32019.3 2276.11 581.056 406.859 1695.05 1636.53 29743.2 1522.55 1236.35 286.205 28220.6 6542.39 21678.2 174.198
internal_count=32098 3256 673 543 2583 2517 28842 1776 1534 242 27066 4994 22072 130
is_linear=0
shrinkage=0.0773788


Tree=223
num_leaves=10
num_cat=0
split_feature=39 51 46 4 3 43 49 43 28
split_gain=3.71522 6.925 3.65849 12.2457 10.493 9.12573 18.9844 10.4244 6.36109
threshold=-1.0000000180025095e-35 0.48915732344547247 24.224630349807821 1008.0800188731977 4.3633130053034419 73.322916666666686 0.96011522376669356 74.73541666666668 0.14080528267886813
decision_type=2 2 2 2 2 2 2 2 2
left_child=1 -1 3 8 -5 6 -4 -7 -2
right_child=2 -3 5 4 -6 7 -8 -9 -10
leaf_value=-0.00073535986554904204 -0.016026434202655856 0.015439891234851368 -0.012966367125917295 0.0013818139109331819 -0.0026176733184013778 0.0017496927834206389 0.0027301528629453788 -0.00041275645500695683 0.011355046356049597
leaf_weight=271.72498393058777 44.474411487579346 188.88844454288483 392.01300868391991 7933.860826343298 2886.7241602838039 1014.6735751628876 126.72922006249428 18008.902053713799 1151.2835296392441
leaf_count=83 30 52 383 7163 2211 584 76 20054 1462
internal_value=6.54747e-05 0.00693505 -2.4204e-05 0.00102598 0.000169009 -0.000688661 -0.0107981 -0.000391443 0.00844866
internal_weight=32019.3 460.613 31558.7 12016.3 10820.6 19542.3 518.742 19023.6 1195.76
internal_count=32098 135 31963 10866 9374 21097 459 20638 1492
is_linear=0
shrinkage=0.0773788


Tree=224
num_leaves=9
num_cat=0
split_feature=7 22 7 45 16 37 8 49
split_gain=3.83122 8.51297 7.25207 6.16273 5.29485 9.98943 3.26938 2.3237
threshold=9.7600000000000016 17.886775525827883 9.3100000000000023 0.14150649052186207 21.345000000000002 24.279166666666672 10.235000000000003 1.0413211113558867
decision_type=2 2 2 2 2 2 2 2
left_child=2 -2 4 -4 -1 -6 -3 -8
right_child=1 6 3 -5 5 -7 7 -9
leaf_value=-0.0047276138664231176 -8.1068499550685395e-06 -0.023138370287900507 -0.0081420668957315756 0.016325839469351046 0.0093864505296115969 2.4311875201189498e-06 0.0033074390789264731 -0.021722554978385437
leaf_weight=417.66558349132538 260.64741224050522 144.2809973359108 80.057663023471832 185.94901415705681 305.04042136669159 30400.620484054089 109.83565521240234 115.17698296904564
leaf_count=87 106 56 39 108 190 31400 54 58
internal_value=9.31973e-07 -0.00594087 0.000132583 0.0127523 1.12523e-05 0.00014122 -0.0136654 -0.005389
internal_weight=32019.3 629.941 31389.3 266.007 31123.3 30705.7 369.294 225.013
internal_count=32098 274 31824 147 31677 31590 168 112
is_linear=0
shrinkage=0.0773788


Tree=225
num_leaves=15
num_cat=0
split_feature=35 46 9 55 9 57 17 14 57 52 2 14 2 46
split_gain=4.45794 7.44039 9.51121 6.89542 6.6561 4.97523 4.3367 7.10571 7.08708 5.14732 4.12904 5.23486 3.17268 2.58966
threshold=0.039327683230739714 26.047327673843768 6.1065051374859403 1005.0946488469516 2.7470857482471547 2.4708502701219657 24.455000000000002 23.995000000000001 4.455000000000001 0.046666666666477202 0.8814169220768745 25.355000000000004 0.95493138204271821 25.442713661212714
decision_type=2 2 2 2 2 2 2 2 2 2 2 2 2 2
left_child=1 4 3 -3 5 -1 10 8 -8 -9 11 -2 -12 -6
right_child=6 2 -4 -5 13 -7 7 9 -10 -11 12 -13 -14 -15
leaf_value=0.012970952517972045 0.016701693974990887 -0.013914925377007521 0.00044485710662686944 -0.00057321203080062401 0.0059990179532732934 -0.011561139503700305 -0.00050496637647846584 -0.0019148672568134273 -0.028736670324365637 0.00014576578273357312 -0.0055179589173009538 -0.0051521775533381548 0.0033169818821156137 0.011372136155636765
leaf_weight=129.94550544023514 363.32350102066994 140.98094755411148 208.08938074111938 220.62160986661911 115.56816712021828 126.31360191106796 197.13718861341476 6051.8605911433697 231.59628409147263 22622.983214020729 351.06682005524635 119.85366013646126 818.05745157599449 207.16387382149696
leaf_count=58 392 50 54 114 125 144 179 6947 123 22616 293 114 728 119
internal_value=5.16738e-05 0.00478297 -0.000925122 -0.00904796 0.0109882 0.000153172 -0.000113853 -0.000344476 -0.0101976 -0.00018293 0.00371877 0.00979129 0.000871755 0.0183616
internal_weight=31904.6 1148.68 569.692 361.603 578.991 256.259 30755.9 29103.6 428.733 28674.8 1652.3 483.177 1169.12 322.732
internal_count=32056 664 218 164 446 202 31392 29865 302 29563 1527 506 1021 244
is_linear=0
shrinkage=0.0773788


Tree=226
num_leaves=14
num_cat=0
split_feature=36 47 16 41 37 49 30 14 39 49 31 11 35
split_gain=4.54961 6.73429 11.8036 6.09909 4.67672 10.0161 8.56485 6.26207 4.44375 3.99317 3.37722 2.20017 1.86559
threshold=0.21510215852023984 0.19292687785202481 31.510732481193024 81.4263641865479 24.417083333333338 0.47851678227050592 1.480898007729287 21.345000000000002 -1.0000000180025095e-35 1.0000000180025095e-35 0.38204426837739019 24.920399528447124 0.13769531582422254
decision_type=2 2 2 2 2 2 2 2 2 2 2 2 2
left_child=1 2 10 9 5 11 -7 -6 -9 -3 -1 -2 -5
right_child=4 3 -4 12 7 6 -8 8 -10 -11 -12 -13 -14
leaf_value=-0.00022443782950709568 0.02452856250236226 -0.0037337630407948616 -0.005634496011164533 -0.0085926363333983322 -0.043591836438789472 -0.0036760698866666929 -0.0027675505529154969 0.0074873633024727278 -0.00021734119717089131 0.0075468173872810258 0.0040065104401149085 0.0012243887059194755 0.0075876854098642869
leaf_weight=770.46783310174942 134.91567957401276 63.442342162132263 110.55195808410645 122.89117857813835 82.299863815307617 328.61764079332352 153.18387705087662 344.58261233568192 28610.404278665781 485.88743495941162 498.34670469164848 106.22983634471893 92.740556955337524
leaf_count=985 77 23 26 225 62 142 50 102 29183 461 528 44 148
internal_value=8.94082e-05 0.00353506 3.1108e-05 0.00934404 -0.000147116 0.00595702 0 -0.000312501 -0.000237579 0.0136843 0.00243526 0.0186918 -0.000110592
internal_weight=31904.6 2144.33 1379.37 764.962 29760.2 722.947 481.802 29037.3 28955 549.33 1268.81 241.146 215.632
internal_count=32056 2396 1539 857 29660 313 192 29347 29285 484 1513 121 373
is_linear=0
shrinkage=0.0773788


Tree=227
num_leaves=12
num_cat=0
split_feature=1 13 50 1 1 49 37 44 43 55 56
split_gain=5.22746 10.0262 12.5981 10.0718 5.04803 14.7494 9.54073 7.28308 13.2755 9.32386 3.41556
threshold=0.99984258031731443 39.287472436679998 26.022155187189949 1.0853478433533581 0.97425263610037027 0.15939852301851337 30.575208333333336 4.9282855218006381 76.697916666666686 1006.8179121263711 5.4326549965916415
decision_type=2 2 2 2 2 2 2 2 2 2 2
left_child=4 2 3 -2 7 10 -7 8 -1 -9 -6
right_child=1 -3 -4 -5 5 6 -8 9 -10 -11 -12
leaf_value=0.0023233571415862682 -0.017402958872170433 -0.0028485418835887876 0.0042600221227107075 -0.00042786598754042832 -0.01251829137363746 0.008251612629576844 -0.034803774372021042 -0.0025579692106747899 -0.00010986948470751493 -6.6899646658935354e-05 0.00019694027983085401
leaf_weight=2986.933662712574 268.04527127742767 341.50789147615433 262.72655200958252 418.01979196071625 196.75032088160515 1582.2374043464661 77.821897327899933 3404.6787329018116 6600.8704460859299 15709.952659875154 55.017166256904602
leaf_count=2384 148 107 72 126 245 1459 68 2904 9390 15098 55
internal_value=5.28798e-05 -0.00474852 -0.000241519 -0.00612953 0.000267783 0.00411329 0.00690827 0 0.0017509 -0.000861846 -0.0126977
internal_weight=31904.6 1290.3 948.792 686.065 30614.3 1911.83 1660.06 28702.4 9587.8 19114.6 251.767
internal_count=32056 453 346 274 31603 1827 1527 29776 11774 18002 300
is_linear=0
shrinkage=0.0773788


Tree=228
num_leaves=9
num_cat=0
split_feature=17 55 48 27 36 31 47 48
split_gain=5.05962 5.83338 4.96316 5.38897 4.34649 4.33112 2.51923 1.52025
threshold=22.235000000000003 1013.4500000000002 27.037971195695352 28.335811369844688 0.2072090877856152 0.54332780600769437 0.38166442817556068 17.473545555259175
decision_type=2 2 2 2 2 2 2 2
left_child=1 6 3 4 -2 -4 -1 -3
right_child=2 7 5 -5 -6 -7 -8 -9
leaf_value=0.043365299346460676 0.0020339429254507399 -0.010135411094717373 -0.00051294800434742709 -0.0028436923884340537 -0.00022427719228873004 0.00088877539894999073 0.012547653079724557 0.0052444564479772297
leaf_weight=104.15606370568275 1781.7920154631138 84.901205062866211 210.36805498600006 152.52956131100655 29185.138790816069 233.98313856124878 64.834400862455368 86.858566343784332
leaf_count=98 2134 72 66 53 29428 63 53 89
internal_value=-7.6024e-06 0.00929769 -0.000120865 -0.000248688 -0.000164294 0.00793492 0.0193277 0
internal_weight=31904.6 340.75 31563.8 31119.5 30966.9 444.351 168.99 171.76
internal_count=32056 312 31744 31615 31562 129 151 161
is_linear=0
shrinkage=0.0773788


Tree=229
num_leaves=10
num_cat=0
split_feature=1 35 40 3 48 39 50 23 21
split_gain=4.80241 11.7681 10.6527 7.9541 6.14219 6.91896 6.20984 6.07379 2.14906
threshold=0.99984258031731443 0.50444854365926184 1.3362883920243964 3.6703859664953717 27.037971195695352 -1.0000000180025095e-35 27.078692283502132 27.293628128219869 26.008690493176861
decision_type=2 2 2 2 2 2 2 2 2
left_child=4 2 -2 -3 5 -1 -7 -5 -4
right_child=1 3 8 7 -6 6 -8 -9 -10
leaf_value=0.011500788010464098 -0.00085853608674300744 -0.0011558233069119503 0.012495896567649729 -0.048258340561558581 0.00070503645889663806 2.3948343076533479e-05 -0.009758685439343065 -0.0018293854196565862 0.00015306270070218373
leaf_weight=268.8278324007988 286.52095925807953 284.96185004711151 180.32119858264923 198.54206478595734 330.1116738319397 29895.963521331549 119.35926282405853 164.26948100328445 175.68395304679871
leaf_count=80 108 100 63 84 98 31391 34 47 51
internal_value=1.00219e-05 -0.00459379 0.00235854 -0.0120176 0.000216577 8.92558e-05 -1.02076e-05 -0.0196355 0.0116604
internal_weight=31904.6 1290.3 642.526 647.773 30614.3 30284.2 30015.3 362.812 356.005
internal_count=32056 453 222 231 31603 31505 31425 131 114
is_linear=0
shrinkage=0.0773788


Tree=230
num_leaves=12
num_cat=0
split_feature=47 40 31 16 16 5 5 54 33 47 6
split_gain=4.60483 8.77293 8.4614 9.95732 7.45538 5.73471 5.93268 8.22336 6.2404 2.56012 1.11125
threshold=0.54918867163364493 1.1254628677338412 3.516753222460435 32.662489758830731 25.625000000000004 -1.2501162110842423 -0.061732806049934828 1008.9952030651336 4.5387026322853528 0.71662484989680719 0.25881904510252057
decision_type=2 2 2 2 2 2 2 2 2 2 2
left_child=5 9 3 -3 -4 -1 8 -8 -7 10 -2
right_child=1 2 4 -5 -6 6 7 -9 -10 -11 -12
leaf_value=0.0031731844721075621 -0.023987783118443771 0.0021340737205363773 0.00069756211791186743 0.019332331867427076 -0.025380545216851066 -0.0010165563755385153 -0.00036020104962891821 0.0024311661254294873 0.011347559001293906 -0.023241993237444997 -0.00017893421935211962
leaf_weight=106.90473985671997 89.756443113088608 3481.7546022236347 634.39192706346512 175.53664568066597 307.26512184739113 11658.30974599719 7747.0293833911419 7078.4311247467995 497.82720932364464 144.89332696795464 106.87106671929359
leaf_count=32 59 2719 453 74 341 12034 8121 7718 451 74 81
internal_value=2.53537e-05 0.00220727 0.0031581 0.00488115 -0.00314087 -0.000359446 -0.000444827 0.000575798 -0.00171926 -0.00942217 -0.00141888
internal_weight=32029 4940.47 4598.95 3657.29 941.657 27088.5 26981.6 14825.5 12156.1 341.521 196.628
internal_count=32157 3801 3587 2793 794 28356 28324 15839 12485 214 140
is_linear=0
shrinkage=0.0773788


Tree=231
num_leaves=9
num_cat=0
split_feature=32 28 55 43 21 11 32 12
split_gain=5.60855 4.6774 12.4144 14.1655 12.3573 6.72048 8.20934 7.1544
threshold=41.329186511992596 1.3703669774060114 1006.8457546771641 77.872916666666683 25.249222323596403 39.853980687201009 35.558410859789994 37.786635424362281
decision_type=2 2 2 2 2 2 2 2
left_child=1 5 3 -3 -4 7 -7 -1
right_child=-2 2 4 -5 -6 6 -8 -9
leaf_value=0.00059489919021001253 0.00035856945969368426 -0.00025534205237046244 -0.00099066203384887293 -0.0092422058569333696 0.010713671602112573 -0.012783837035490837 0.0014477974991014885 -0.0011998822935227168
leaf_weight=20458.913222879171 287.38274574279785 1243.2227519452572 3738.3848989009857 954.10592004656792 782.62169760465622 142.84571561217308 1324.3613956868649 3097.132988512516
leaf_count=25230 59 490 3297 383 233 191 517 1757
internal_value=7.03424e-05 -1.63723e-05 -0.00183944 -0.00661473 0.000405188 0.000458782 0.005538 0.000125998
internal_weight=32029 31741.6 6718.34 2197.33 4521.01 25023.3 1467.21 23556
internal_count=32157 32098 4403 873 3530 27695 708 26987
is_linear=0
shrinkage=0.0773788


Tree=232
num_leaves=14
num_cat=0
split_feature=16 20 37 3 54 11 57 1 16 1 26 9 52
split_gain=4.81933 11.7047 12.052 12.2319 9.85392 9.32739 12.5855 8.74821 5.97325 5.94521 5.80341 3.63312 1.71821
threshold=31.779616404464267 24.576317914467289 29.088541666666675 2.9328520887931027 1009.0931943434019 39.853980687201009 5.6609052646252573 0.56039215576794066 32.911256305914115 -1.0185079811136319 26.983458389602401 0.68006498501388901 1.0000000180025095e-35
decision_type=2 2 2 2 2 2 2 2 2 2 2 2 2
left_child=5 8 4 -4 -3 9 7 -7 11 -1 -11 -2 -10
right_child=1 2 3 -5 -6 6 -8 -9 12 10 -12 -13 -14
leaf_value=0.02705130186576658 0.011831948342660947 -0.011025800520925612 0.0022964335634378624 -0.001056806731149043 -0.0051396042259908431 0.0059891582611129634 0.0077112262217156743 -0.00016061074072629865 0.0019522953789540673 0.00023832701393958943 -0.0016994490919106534 -0.0044480412748760332 0.022550102283558953
leaf_weight=107.96741813421249 201.05088618397713 260.52909588813782 1154.5445704460144 1381.3422155380249 461.05384534597397 401.83180916309357 349.48986822366714 861.46580904722214 81.982082456350327 23368.948018461466 3068.6830098628998 205.58649918437004 124.49620899558067
leaf_count=37 227 110 321 411 204 267 96 383 81 27598 2193 166 63
internal_value=-7.11374e-05 -0.00263853 -0.00455315 -0.00186503 -0.0134305 0.0002692 0.00597724 0.00203092 0.00690446 -6.48111e-05 -0.000153922 0.000472487 0.0175725
internal_weight=32029 3870.59 3257.47 2535.89 721.583 28158.4 1612.79 1263.3 613.116 26545.6 26437.6 406.637 206.478
internal_count=32157 1583 1046 732 314 30574 746 650 537 29828 29791 393 144
is_linear=0
shrinkage=0.0773788


Tree=233
num_leaves=9
num_cat=0
split_feature=16 50 51 2 2 1 53 4
split_gain=4.12315 9.87241 6.0866 5.37625 8.97683 7.59681 4.90892 4.07144
threshold=21.345000000000002 16.306168905520291 1.2881700597783003 0.99696424012059681 0.96897393274411414 -0.042589523029208536 1011.7880700285083 1012.6798469189115
decision_type=2 2 2 2 2 2 2 2
left_child=6 2 7 4 -3 -5 -1 -2
right_child=1 3 -4 5 -6 -7 -8 -9
leaf_value=-9.895699583785988e-05 -0.0028261396967425309 3.289596017698116e-05 0.01622920118235292 0.036052615134222997 -0.0054264592859956115 0.0015634091477201813 -0.004503545946234702 0.0058707257118081708
leaf_weight=258.2998149394989 128.70261240005493 27777.175643533468 158.71691226959229 175.10165309906006 2142.7666192650795 849.42015182971954 325.66703873872757 213.12089085578918
leaf_count=57 64 29330 73 170 1619 644 71 129
internal_value=-1.37844e-05 9.48851e-05 0.0108325 -6.85455e-05 -0.000269234 0.00541473 -0.00644126 0.00360808
internal_weight=32029 31445 500.54 30944.5 29919.9 1024.52 583.967 341.824
internal_count=32157 32029 266 31763 30949 814 128 193
is_linear=0
shrinkage=0.0773788


Tree=234
num_leaves=12
num_cat=0
split_feature=34 29 6 29 12 16 6 12 36 16 1
split_gain=4.00304 5.37211 6.85738 6.43724 6.20532 5.47539 4.89143 3.93742 2.33031 1.23048 1.14143
threshold=2.0000541643664644 0.81684639381242508 1.3604027050661756 0.68503006341235917 27.241836387740623 32.188630671921267 1.3604027050661756 24.920399528447124 1.8984982091670195 27.465000000000003 0.29738515968475593
decision_type=2 2 2 2 2 2 2 2 2 2 2
left_child=1 3 4 6 -3 -5 -1 -2 9 -9 -10
right_child=7 2 -4 5 -6 -7 -8 8 10 -11 -12
leaf_value=5.6997064382905138e-05 0.004813204040543701 0.00081634032496531554 0.008736523408164186 0.0028034952735646315 -0.0029686671658840178 0.018449798074092333 -0.0028910667443240996 0.011794759043775849 -0.024682870190665371 -0.0031395618643991711 0.0029659074076205088
leaf_weight=22040.625193268061 243.06812137365341 2034.3160709738731 125.24427056312561 1595.6882318854332 5100.6514128446579 154.95335721969604 274.49689102172852 259.6395857334137 76.443539351224899 56.908962666988373 66.93570002913475
leaf_count=22654 107 1456 40 1628 5529 67 86 341 82 97 70
internal_value=-1.73555e-05 -0.000158636 -0.00201103 0.000385339 -0.00237438 0.00489852 1.40753e-05 0.0057256 0.000626806 0.0050013 -0.00642944
internal_weight=32029 31326 7260.21 24065.8 7134.97 1750.64 22315.1 702.996 459.928 316.549 143.379
internal_count=32157 31460 7025 24435 6985 1695 22740 697 590 438 152
is_linear=0
shrinkage=0.0773788


Tree=235
num_leaves=13
num_cat=0
split_feature=2 54 6 30 2 44 15 24 4 37 31 12
split_gain=5.77996 10.504 10.1722 11.196 9.66049 9.51669 8.10217 8.07892 8.08927 6.63182 6.26628 5.24699
threshold=-0.012910296075008829 1009.2051045062987 -0.13777494685848948 0.68685728163098403 -0.01184719708783343 2.3157854636997164 30.18956119360924 25.373215061162735 1007.767922417926 30.25416666666667 3.8235603368657896 39.531051968819689
decision_type=2 2 2 2 2 2 2 2 2 2 2 2
left_child=1 5 10 -4 -2 11 -7 8 -6 -9 -3 -1
right_child=4 2 3 -5 7 6 -8 9 -10 -11 -12 -13
leaf_value=0.0030241497892920413 -0.17975358049054263 -0.005915666716766182 -0.000947892023216437 0.018856317305059791 0.011105633828114579 -0.0016471046447928889 0.00044413103672058242 -0.0046595028723389591 -0.00012577542998099976 0.0031768729132919697 0.015156768819241287 0.0032551323533700554
leaf_weight=1334.3548753559589 115.66331428289413 698.56816285848618 337.46994704008102 1251.0847555100918 562.92323687672615 6696.1916965246201 5072.8707798719406 4229.9858585298061 10981.893027186394 257.35557115077972 209.60032281279564 210.68388682603836
leaf_count=1941 67 1013 276 746 694 8185 3061 5872 9741 74 294 70
internal_value=6.52704e-05 0.00112736 0.00573499 0.00947494 -0.000952145 0.000234389 -0.000487413 -0.000764682 0.000289485 -0.00355548 -0.000422028 0.00595339
internal_weight=31958.6 15810.8 2496.72 1588.55 16147.8 13314.1 11769.1 16032.2 11544.8 4487.34 908.168 1545.04
internal_count=32034 15586 2329 1022 16448 13257 11246 16381 10435 5946 1307 2011
is_linear=0
shrinkage=0.0773788


Tree=236
num_leaves=16
num_cat=0
split_feature=8 22 26 13 28 28 55 33 31 53 29 5 16 12 1
split_gain=4.75853 9.4688 19.0778 10.5552 8.95202 9.89856 8.23269 7.83515 12.5918 9.8341 8.23038 7.91315 6.84472 6.81912 2.2968
threshold=6.0918322093034059 25.23103069284922 27.193204837184556 30.472820457464497 0.65756536050625713 1.504262080212275 1007.9513955388098 2.8426779735361891 2.8417963523229752 1007.423864272499 0.98571118721581763 -0.68265875447224589 31.779616404464267 37.208904026673757 -0.91456798512751503
decision_type=2 2 2 2 2 2 2 2 2 2 2 2 2 2 2
left_child=7 2 6 -4 14 -6 -2 10 9 -9 12 -12 -1 -10 -3
right_child=1 4 3 -5 5 -7 -8 8 13 -11 11 -13 -14 -15 -16
leaf_value=0.00041227976000980969 -0.003909607063610732 -0.04288477044262657 0.00037041597119489216 0.039366699740428127 -0.017752553007908085 -0.0020398483885032473 -0.00026568836431757354 -0.00050648167542417745 0.0019338703275336719 0.012700049158267881 -0.026722044794329144 -0.0018776579351621784 -0.00065699142249928729 -0.007338227355975527 0.006573186042439276
leaf_weight=14287.164482414722 733.03749614953995 59.042537808418274 193.77541315555573 208.01021856069565 337.16135907173157 502.29369246959686 7691.8443671166897 832.34741801023483 1473.2315351068974 2578.4414988160133 317.64194682240486 685.96649819612503 1207.4798161685467 577.85616528987885 273.35098966956139
leaf_count=16987 559 71 82 56 212 160 6319 817 2049 2519 365 781 362 307 388
internal_value=4.966e-05 -0.00133692 -0.000423918 0.0158921 -0.00787725 -0.0121864 -0.00125307 0.000697689 0.0032393 0.00613833 -0.000122307 -0.00691288 0.000295867 -0.00140726 0.00194152
internal_weight=31958.6 9998.52 8826.67 401.786 1171.85 839.455 8424.88 21960.1 5461.88 3410.79 16498.3 1003.61 15494.6 2051.09 332.394
internal_count=32034 7847 7016 138 831 372 6878 24187 5692 3336 18495 1146 17349 2356 459
is_linear=0
shrinkage=0.0773788


Tree=237
num_leaves=8
num_cat=0
split_feature=33 34 53 51 4 40 33
split_gain=4.61538 6.18798 7.60913 7.39255 7.11029 4.5272 3.19201
threshold=0.24656272833419948 -0.1821802927752357 1006.7039544148432 -0.51187300325662 1008.7025326259494 0.47222875811085013 0.84004951245210879
decision_type=2 2 2 2 2 2 2
left_child=-1 2 6 -3 -4 -5 -2
right_child=1 3 4 5 -6 -7 -8
leaf_value=-0.0037138792096672187 0.00080001360850160763 0.01624950530962968 -0.0037829626136287272 -0.0011816435208295475 0.0067492891626480429 5.3578707744833464e-05 0.0037205688233549407
leaf_weight=281.64500966668129 192.15761184692383 172.95687931776047 227.15793997049332 1471.4644501805305 164.25038450956345 29203.810196518898 245.20296281576157
leaf_count=110 53 46 74 1751 50 29885 65
internal_value=2.79232e-05 0.00012761 0.00671083 -3.83825e-05 -0.000257567 -0.000141198 0.013712
internal_weight=31958.6 31677 828.769 30848.2 391.408 30675.3 437.361
internal_count=32034 31924 242 31682 124 31636 118
is_linear=0
shrinkage=0.0773788


Tree=238
num_leaves=15
num_cat=0
split_feature=2 53 52 56 16 38 46 2 2 1 43 50 7 53
split_gain=4.42695 10.1083 10.7186 8.21278 12.2855 9.25338 7.32954 10.9096 10.6677 8.24536 7.22039 6.1729 5.10768 2.33623
threshold=-0.012910296075008829 1009.7989974975384 29.191666666666439 2.3701126513764601 30.78023725291413 2.2620923643590367 24.203028822250968 0.038368661752067969 0.82349914170831806 0.98905580953489702 82.86875000000002 25.556608991560381 6.950000000000002 1012.9084383142514
decision_type=2 2 2 2 2 2 2 2 2 2 2 2 2 2
left_child=1 3 11 4 -1 -5 7 -2 -9 12 -11 -3 -8 -4
right_child=6 2 13 5 -6 -7 9 8 -10 10 -12 -13 -14 -15
leaf_value=0.0004984701205727344 -0.18981679985998479 0.022457186611433446 -0.0006139352523966817 0.0002120738789525343 -0.0062605986863545973 0.01113122647513091 -0.0060066559848928405 0.0055959482223765086 -0.00058204780371208227 4.5638103480005752e-05 0.027349350805699679 -0.0018586464202524826 0.024373309464098009 0.022643024344707822
leaf_weight=1603.6385992765427 103.88186392188072 686.35210651159286 775.46573370695114 11246.600627273321 863.85717338323593 451.34126973152161 4226.4750072062016 3447.8857317566872 7377.5568829774857 784.37566524744034 135.76365861296654 129.85875573754311 71.882198303937912 53.710161179304123
leaf_count=2175 48 499 887 11236 397 281 5932 3960 5613 707 84 60 104 51
internal_value=2.85782e-05 0.000959765 0.00670164 0.000265263 -0.00375347 0.00114514 -0.00086065 0.000247914 0.000525065 -0.00325033 0.00315335 0.0129808 -0.00470757 4.82521e-05
internal_weight=31958.6 15810.8 1645.39 14165.4 2467.5 11697.9 16147.8 10929.3 10825.4 5218.5 920.139 816.211 4298.36 829.176
internal_count=32034 15586 1497 14089 2572 11517 16448 9621 9573 6827 791 559 6036 938
is_linear=0
shrinkage=0.0773788


Tree=239
num_leaves=16
num_cat=0
split_feature=14 12 50 28 21 49 54 9 34 33 13 12 28 19 55
split_gain=5.14855 7.97876 10.0556 8.48565 11.6408 6.67152 6.41347 6.2861 5.73156 5.78224 10.3203 10.0833 5.1807 8.37865 6.60197
threshold=27.792391586332275 38.291463861349818 25.383377985217013 1.5150001029049269 24.780482663943001 0.070382522219625279 1006.9386216969175 1.5268624791975773 0.26539279065925708 1.6149210127468347 39.616670923457683 41.684941536720054 0.63870649331625662 19.462305999977968 1003.4017247593609
decision_type=2 2 2 2 2 2 2 2 2 2 2 2 2 2 2
left_child=1 2 5 7 -5 -1 -4 -3 12 10 -10 -11 13 -2 -14
right_child=8 3 6 4 -6 -7 -8 -9 9 11 -12 -13 14 -15 -16
leaf_value=0.042316020643068747 -0.012713637393168397 -0.015499354520815536 -0.016421598288767089 -0.0058961629296138667 0.0021388608727541431 -0.0010548352772682538 0.031801678558927238 -0.016419570510519663 0.0056896719469806713 0.00036788048443243238 -0.0010176677802046989 0.0099712578105144254 0.0012409621803661703 0.0034449003563522722 -0.00057891336699431007
leaf_weight=114.83375528454781 231.82047891616821 441.0414026081562 78.890611708164215 281.22713848948479 612.40336281061172 9671.7240897417068 424.17911729216576 209.66872265934944 1657.2009039223194 5817.1157236099243 483.94510596990585 154.32739824056625 632.7896800339222 2320.3442620337009 8827.1336815059185
leaf_count=71 84 276 123 123 213 10224 377 83 1789 5830 166 35 379 3346 8915
internal_value=0 -0.00127854 -0.000460776 -0.0064754 -0.00111215 -0.0010448 0.0100942 -0.0132285 0.000755033 0.0023486 0.0058327 0.00103505 -0.00029138 0.0027581 -0.00115345
internal_weight=31958.6 11834 10289.6 1544.34 893.631 9786.56 503.07 650.71 20124.7 8112.59 2141.15 5971.44 12012.1 2552.16 9459.92
internal_count=32034 11490 10795 695 336 10295 500 359 20544 7820 1955 5865 12724 3430 9294
is_linear=0
shrinkage=0.0773788


Tree=240
num_leaves=13
num_cat=0
split_feature=17 16 12 14 48 51 37 41 44 53 37 19
split_gain=4.20778 9.57736 11.3973 8.14979 7.26252 8.87628 19.0379 12.6384 7.02447 5.5341 5.52579 7.55316
threshold=31.050454923722572 30.840280259885017 39.782741307193099 31.235000000000003 26.503560761280458 0.31124440887513977 30.616875000000004 81.504166666666691 3.4763538703141816 1004.9046780565095 31.673541666666672 26.565671093199661
decision_type=2 2 2 2 2 2 2 2 2 2 2 2
left_child=4 2 3 -2 10 6 -6 -7 -3 -10 11 -1
right_child=1 8 -4 -5 5 7 -8 -9 9 -11 -12 -13
leaf_value=8.5595552536289952e-05 -0.0081216756833865939 -0.00026867259745340459 0.0048788373402946757 0.00078330132617769144 0.0054653798963294684 0.0037529316824278193 -0.0021839335516104629 -0.0045889862554305281 -0.00050629728466769258 -0.0048241170223866257 0.0082093270132322371 -0.0023448060302252503
leaf_weight=26455.567205756903 1029.0942108631134 302.27358308434486 237.90017867088318 1256.2013058960438 265.96969258785248 631.13789162039757 279.1191571354866 176.0408915579319 202.88070660829544 239.47518807649612 132.93197482824326 710.2545605301857
leaf_count=28546 1071 88 70 1184 115 187 86 122 53 80 30 427
internal_value=0 -0.00263934 -0.000209788 -0.00203941 0.000289374 0.00581562 -0.00122597 0.0110004 -0.0103366 -0.0165314 1.40503e-06 -6.35065e-05
internal_weight=31918.8 3267.83 2523.2 2285.3 28651 1352.27 545.089 807.179 744.629 442.356 27298.8 27165.8
internal_count=32059 2546 2325 2255 29513 510 201 309 221 133 29003 28973
is_linear=0
shrinkage=0.0773788


Tree=241
num_leaves=14
num_cat=0
split_feature=5 5 16 0 16 54 28 2 55 15 31 3 4
split_gain=4.87144 6.55559 6.99448 13.7135 6.38448 8.77492 10.5775 7.43602 6.11081 5.39519 8.5317 7.75529 5.09386
threshold=-0.25855724858188694 0.95196442786110935 30.78023725291413 0.79937565001261091 30.840280259885017 1009.2987949419741 1.4057772036155096 -1.1801947765495144 1008.1542764554321 30.730059392461186 0.29709504160666306 4.6311515776959915 1014.85
decision_type=2 2 2 2 2 2 2 2 2 2 2 2 2
left_child=4 9 3 -3 7 6 -6 -1 -4 10 -2 -11 -9
right_child=1 2 8 -5 5 -7 -8 12 -10 11 -12 -13 -14
leaf_value=0.0084077075483138079 -0.0034863502048058108 0.020634386743704908 -0.00188325570417872 -0.0017043656126076532 -0.00041072592829616088 0.0038474710528847429 -0.0049754257586430602 -0.00025266381316969594 -0.00078441668862865314 -0.00033960227382010547 0.0011217910398188468 0.0050043289226796616 -0.011733371565190366
leaf_weight=82.61117422580719 538.48541474342346 130.70886492729187 454.78931370377541 2800.806198745966 1284.8317766189575 201.75192162394524 580.31311804056168 12400.008306562901 150.40995419025421 389.20763972401619 12005.538161426783 606.87968283891678 292.50501984357834
leaf_count=27 574 40 161 3768 503 103 243 13505 65 149 12614 151 156
internal_value=0 0.000892046 -0.00202642 -0.000328234 -0.00102426 -0.00502308 -0.00680016 -0.000347299 -0.00959365 0.00168164 0.00121004 0.00722557 -0.000529668
internal_weight=31918.8 17076.8 3536.71 2931.52 14842 2066.9 1865.14 12775.1 605.199 13540.1 12544 996.087 12692.5
internal_count=32059 17522 4034 3808 14537 849 746 13688 226 13488 13188 300 13661
is_linear=0
shrinkage=0.0773788


end of trees

feature_importances:
temp_c_lag12h=237
doy_sin=156
doy_cos=145
heat_index_c_lag12h=112
local_hour_cos=99
local_hour_sin=69
wind_ms=64
temp_range_24h=64
dewpoint_c_lag24h=62
rh_roll24h_mean=62
temp_c_lag1h=60
hi_residual_lag1h=59
dewpoint_c_roll24h_std=58
solar_wm2_roll6h_mean=58
vpd_kpa_lag12h=57
wbgt_stull_c_lag24h=54
temp_c_lag24h=52
wind_ms_lag3h=52
heat_index_c_lag24h=51
rh_roll12h_mean=50
dewpoint_c_lag1h=49
temp_c_roll24h_mean=49
rh_roll24h_std=49
heat_index_c_roll24h_std=47
wbgt_stull_c_lag1h=46
dewpoint_c_roll12h_mean=44
diurnal_amplitude_12h=43
heat_index_c_roll24h_mean=43
hour_cos=42
dewpoint_c_roll6h_std=42
heat_index_c_roll12h_std=41
pressure_hpa_lag6h=41
rh_lag24h=40
heat_index_c_lag1h=39
temp_c_roll24h_std=39
rh_roll6h_std=38
dewpoint_c_roll6h_mean=37
pressure_hpa_lag3h=34
dewpoint_c_roll24h_mean=33
temp_c_roll12h_std=32
dewpoint_c_roll3h_std=29
dewpoint_c_roll12h_std=29
heat_index_c_roll3h_std=27
pressure_hpa_lag1h=27
temp_c_lag6h=25
wbgt_stull_c_lag12h=25
wind_ms_lag1h=24
temp_c_roll6h_std=23
dewpoint_c_lag6h=22
temp_c_roll3h_std=22
dewpoint_c_lag12h=21
heat_index_c_lag6h=19
pressure_hpa=18
rh_roll3h_std=15
heat_index_c_roll6h_std=14
wbgt_stull_c_lag6h=13
rh_roll12h_std=13
wbgt_stull_c_lag3h=9

parameters:
[boosting: gbdt]
[objective: quantile]
[metric: quantile]
[tree_learner: serial]
[device_type: cpu]
[data_sample_strategy: bagging]
[data: ]
[valid: ]
[num_iterations: 242]
[learning_rate: 0.0773788]
[num_leaves: 130]
[num_threads: 2]
[seed: 42]
[deterministic: 0]
[force_col_wise: 0]
[force_row_wise: 0]
[histogram_pool_size: -1]
[max_depth: 4]
[min_data_in_leaf: 56]
[min_sum_hessian_in_leaf: 0.0517431]
[bagging_fraction: 0.917602]
[pos_bagging_fraction: 1]
[neg_bagging_fraction: 1]
[bagging_freq: 5]
[bagging_seed: 400]
[bagging_by_query: 0]
[feature_fraction: 0.897387]
[feature_fraction_bynode: 1]
[feature_fraction_seed: 30056]
[extra_trees: 0]
[extra_seed: 12879]
[early_stopping_round: 0]
[early_stopping_min_delta: 0]
[first_metric_only: 0]
[max_delta_step: 0]
[lambda_l1: 4.70452]
[lambda_l2: 4.3753]
[linear_lambda: 0]
[min_gain_to_split: 0]
[drop_rate: 0.1]
[max_drop: 50]
[skip_drop: 0.5]
[xgboost_dart_mode: 0]
[uniform_drop: 0]
[drop_seed: 17869]
[top_rate: 0.2]
[other_rate: 0.1]
[min_data_per_group: 100]
[max_cat_threshold: 32]
[cat_l2: 10]
[cat_smooth: 10]
[max_cat_to_onehot: 4]
[top_k: 20]
[monotone_constraints: ]
[monotone_constraints_method: basic]
[monotone_penalty: 0]
[feature_contri: ]
[forcedsplits_filename: ]
[refit_decay_rate: 0.9]
[cegb_tradeoff: 1]
[cegb_penalty_split: 0]
[cegb_penalty_feature_lazy: ]
[cegb_penalty_feature_coupled: ]
[path_smooth: 0]
[interaction_constraints: ]
[verbosity: -1]
[saved_feature_importance_type: 0]
[use_quantized_grad: 0]
[num_grad_quant_bins: 4]
[quant_train_renew_leaf: 0]
[stochastic_rounding: 1]
[linear_tree: 0]
[max_bin: 511]
[max_bin_by_feature: ]
[min_data_in_bin: 3]
[bin_construct_sample_cnt: 200000]
[data_random_seed: 175]
[is_enable_sparse: 1]
[enable_bundle: 1]
[use_missing: 1]
[zero_as_missing: 0]
[feature_pre_filter: 1]
[pre_partition: 0]
[two_round: 0]
[header: 0]
[label_column: ]
[weight_column: ]
[group_column: ]
[ignore_column: ]
[categorical_feature: ]
[forcedbins_filename: ]
[precise_float_parser: 0]
[parser_config_file: ]
[objective_seed: 16083]
[num_class: 1]
[is_unbalance: 0]
[scale_pos_weight: 1]
[sigmoid: 1]
[boost_from_average: 1]
[reg_sqrt: 0]
[alpha: 0.5]
[fair_c: 1]
[poisson_max_delta_step: 0.7]
[tweedie_variance_power: 1.5]
[lambdarank_truncation_level: 30]
[lambdarank_norm: 1]
[label_gain: ]
[lambdarank_position_bias_regularization: 0]
[eval_at: ]
[multi_error_top_k: 1]
[auc_mu_weights: ]
[num_machines: 1]
[local_listen_port: 12400]
[time_out: 120]
[machine_list_filename: ]
[machines: ]
[gpu_platform_id: -1]
[gpu_device_id: -1]
[gpu_use_dp: 0]
[num_gpu: 1]

end of parameters

pandas_categorical:[]
