tree
version=v4
num_class=1
num_tree_per_iteration=1
label_index=0
max_feature_idx=9
objective=quantile
feature_names=hour_cos doy_sin doy_cos wind_ms pressure_hpa local_hour_sin local_hour_cos diurnal_amplitude_12h temp_range_24h hi_residual_lag1h
feature_infos=[-1:1] [-0.99999073973619013:0.99999073973619013] [-0.99996295911626554:1] [0.01:11.289999999999999] [978:1024.9000000000001] [-1:1] [-1:1] [0.39000000000000057:19.329999999999998] [1.3000000000000007:20.180000000000003] [-16.183883905233522:15.803912353422863]
tree_sizes=1331 1512 1421 1961 1737 1834 1082 1837 1945 1524 1636 1835 1516 1856 1958 1968 1963 1748 1741 1624 1632 1965 1856 1619 1857 1733 1964 1724 1823 1922 1749 1643 1950 1859 1942 1945 1935 1349 1669 1982 1975 1939 1749 1869 1988 1945 1984 1899 1968 1985 1966 1955 1990 1882 1966 1953 1957 1556 1988 1975 1958 1977 1984 1968 1970 1986 1994 1986 1993 1965 1984 1979 1998 1947 1980 2001 1965 1992 1988 1676 1456 1977 1967 1961 1973 1987 1956 1991 1978 1984 1960 1651 1965 1974 2004 1974 1991 1963 1986 1966 1958 1992 1996 1939 1977 1976 1961 1977 1983 1980 1993 1975 1972 1979 2005 2009 1974 1984 2016 2013 1977 1983 2002 2005 1993 1975 1972 1980 1987 2002 1992 1995 1992 1964 1982 1775 1972 2000 2000 1867 1995 1670 2017 1969 1887 1990 1985 2001 1903 2002 1979 1979 1977 1575 1906 1771 1978 1985 1987 1987 1997 1678 1984 1980 1943 2014 1993 1980 1966 1990 1657 1774 1664 1970 1998 1977 1981 1898 1672 1961 1664 1551 1879 1977 2002 1994 1339 1773 2004 1887 1967 1768 1762 1666 1790 1787 1880 1219 1961 1770 1461 1999 2008 1761 1028 2004 1552 2017 1910

Tree=0
num_leaves=12
num_cat=0
split_feature=1 4 6 4 6 2 2 1 4 1 7
split_gain=80.1333 139.555 81.6609 16.2672 21.6789 8.86312 5.39338 11.1679 1.84472 0.414714 0.200165
threshold=0.84293373149377093 985.75000000000011 -0.5 987.35000000000002 -0.78656609248549325 -0.33346877891818688 -0.15855351192338588 0.9821165111257959 982.55000000000007 0.88606241628642846 8.8399999999999999
decision_type=2 2 2 2 2 2 2 2 2 2 2
left_child=-1 2 5 4 -3 -2 7 -5 -4 -8 -6
right_child=1 3 8 6 10 -7 9 -9 -10 -11 -12
leaf_value=40.741569455403088 41.383879636296953 41.219166370957979 41.155855651029718 41.105353571007115 41.159664172254466 41.244927199871476 41.07291826487689 41.204185223028908 41.012655579592213 41.038376124708307 41.076637131040016
leaf_weight=18413.511567175388 385.74951499700546 246.51196482777596 111.23645150661469 837.15138527750969 94.131232529878616 406.44204086065292 297.47784745693207 228.20874378085136 246.09945100545883 2246.0146677196026 174.57896265387535
leaf_count=19221 73 55 45 589 88 106 290 97 255 1995 161
internal_value=41.1094 41.1177 41.1411 41.1111 41.1238 41.1547 41.1093 41.1139 41.1108 41.1074 41.1089
internal_weight=23687.1 5273.6 1149.53 4124.07 515.222 792.192 3608.85 1065.36 357.336 2543.49 268.71
internal_count=22975 3754 479 3275 304 179 2971 686 300 2285 249
is_linear=0
shrinkage=1


Tree=1
num_leaves=13
num_cat=0
split_feature=1 2 7 6 8 9 7 1 2 3 3 9
split_gain=62.1611 73.9358 84.3788 19.2738 12.3817 12.3103 9.36244 15.8284 2.54344 2.85542 0.288218 0.1508
threshold=0.84293373149377093 -0.21772323039653199 11.375000000000002 -0.70710678118654757 12.005000000000003 4.2858641744706008 13.580000000000002 0.99628894895067466 -0.15855351192338588 1.6450000000000002 0.75500000000000012 -0.86411812356851658
decision_type=2 2 2 2 2 2 2 2 2 2 2 2
left_child=-1 2 3 4 -2 -4 8 11 9 -3 -10 -8
right_child=1 6 5 -5 -6 -7 7 -9 10 -11 -12 -13
leaf_value=-0.3337510515189786 0.016613473487499818 0.088801880094915478 0.12216526196384288 -0.17902848692979578 0.14506651491494763 0.24183438400736057 0.021867517791696361 0.091792365487054176 0.0066331423211323489 -0.0031159724135523493 -0.068345785603707979 -0.047102830121029157
leaf_weight=18547.65583384037 311.25381124019623 145.07358765602112 323.89482423663139 612.37964981794357 276.6694707274437 336.12427255511284 113.78949794173241 175.14156866073608 101.43591448664665 244.79786476492882 2525.9049372673035 166.86064705252647
leaf_count=19285 107 48 114 646 67 70 82 41 70 148 2260 104
internal_value=-0.000197793 0.00704577 0.0192876 0.00719074 0.017013 0.0411137 0.000468966 0.010615 -0.00106199 0.00463428 -0.00192326 -0.000539867
internal_weight=23881 5333.33 1860.32 1200.3 587.923 660.019 3473 455.792 3017.21 389.871 2627.34 280.65
internal_count=23042 3757 1004 820 174 184 2753 227 2526 196 2330 186
is_linear=0
shrinkage=0.0761716


Tree=2
num_leaves=12
num_cat=0
split_feature=1 4 6 2 4 6 2 4 9 1 4
split_gain=64.9793 117.789 96.3678 51.346 20.0276 2.00997 2.42671 0.63529 0.45325 0.221439 0.0887441
threshold=0.84293373149377093 987.75000000000011 -0.70710678118654757 -0.2511900638848194 982.1500000000002 -0.9159756150367534 -0.15855351192338588 992.25000000000011 5.9195541198596553 0.83354805289222267 989.35000000000002
decision_type=2 2 2 2 2 2 2 2 2 2 2
left_child=9 2 3 -2 -4 6 -3 -8 10 -1 -7
right_child=1 5 4 -5 -6 8 7 -9 -10 -11 -12
leaf_value=-0.3251047180891507 0.23435899013240952 0.077420424447756694 0.15721471189906208 0.081434445710475159 -0.038634305489977497 -0.024273458152673663 0.034690567180454025 -0.16941296915998957 -0.071563764069818264 0.0085450850523890627 -0.10462584686988326
leaf_weight=18554.239444494247 556.57505697011948 311.02279323339462 166.42770892381668 376.56500419974327 625.83147099614143 313.20129901170731 148.74106851220131 393.27127277851105 247.95744156837463 156.89122653007507 2067.6256636381149
leaf_count=19338 108 89 44 108 572 280 71 208 148 130 2121
internal_value=-0.000162843 0.00735934 0.0236162 0.0401688 0.00400652 -0.000700458 0.0024918 -0.000538252 -0.00174979 -0.00225871 -0.00207757
internal_weight=23918.3 5207.22 1725.4 933.14 792.259 3481.82 853.035 542.012 2628.78 18711.1 2380.83
internal_count=23217 3749 832 216 616 2917 368 279 2549 19468 2401
is_linear=0
shrinkage=0.0761716


Tree=3
num_leaves=17
num_cat=0
split_feature=4 7 3 6 1 4 6 2 6 9 6 9 4 3 4 1
split_gain=53.0375 104.616 51.9296 10.6485 4.25044 9.73584 12.8051 1.78777 5.26088 1.75012 0.871717 0.207428 0.138981 0.311834 0.0279526 0.35044
threshold=985.95000000000016 10.880000000000003 4.4150000000000009 -0.60355339059327384 0.83354805289222267 987.6500000000002 -0.78656609248549325 0.46735921715800216 -0.78656609248549325 4.8506338011628083 -0.98296291314453399 1.4061168577440635 986.25000000000011 3.6550000000000007 987.1500000000002 0.69636977696931246
decision_type=2 2 2 2 2 2 2 2 2 2 2 2 2 2 2 2
left_child=1 9 3 -3 12 6 -6 10 -9 -1 -7 -8 13 -2 15 -14
right_child=4 2 -4 -5 5 7 11 8 -10 -11 -12 -13 14 -15 -16 -17
leaf_value=-0.26022702375111262 -0.5732279851348494 0.094914347940516258 0.21980335583886518 0.0012519744329612607 0.086371738419073377 0.0021000898151022985 0.029237345759104468 0.032048131631976305 -0.093222928297184662 0.12274344401974309 -0.033793921249379612 -0.043407417483943937 -0.41655563198083873 0.010457409379245022 -0.31163497512517652 0.0013166097539803268
leaf_weight=1811.4979518353939 174.21684911847115 330.92756015062332 485.86542740464211 293.94506931304932 223.16729694604874 270.10658043622971 92.814634650945663 108.96668839454651 228.43862825632095 72.426456987857819 2978.644628405571 180.76928049325943 648.23640024662018 66.969084113836288 15833.850481152534 80.660601258277893
leaf_count=2227 194 104 122 169 57 107 95 70 267 46 2518 162 820 77 16040 44
internal_value=-0.000331784 0.0091418 0.0276525 0.0129648 -0.00169263 0.000505281 0.0104722 -0.000873868 0.00435804 -0.00178067 -0.0014302 -0.000495255 -0.00222851 -0.00025764 -0.00225528 -0.00160896
internal_weight=23881.5 2994.66 1110.74 624.873 20886.8 4082.91 496.751 3586.16 337.405 1883.92 3248.75 273.584 16803.9 241.186 16562.7 728.897
internal_count=23119 2668 395 273 20451 3276 314 2962 337 2273 2625 257 17175 271 16904 864
is_linear=0
shrinkage=0.0761716


Tree=4
num_leaves=15
num_cat=0
split_feature=1 2 7 6 6 1 7 6 1 7 3 3 1 1
split_gain=52.2953 51.622 65.1962 30.787 9.39778 8.17837 6.36115 8.79279 5.73994 0.538851 1.1767 0.113944 0.00488194 0.250386
threshold=0.823915376013162 -0.15855351192338588 10.655000000000003 -0.60355339059327384 -0.70710678118654757 0.92913280730858816 13.580000000000002 -0.78656609248549325 0.94130860066615818 11.790000000000003 3.4150000000000005 2.9150000000000005 0.7086201161944764 0.7206604759859373
decision_type=2 2 2 2 2 2 2 2 2 2 2 2 2 2
left_child=12 2 4 -4 8 -5 9 -8 -2 -3 -11 -9 -1 -14
right_child=1 6 3 5 -6 -7 7 11 -10 10 -12 -13 13 -15
leaf_value=-0.3039707398682604 0.0065615386310046266 -0.080821000326610271 0.18924806352299525 0.083537655478092804 -0.103084655225717 0.0025107566736796792 0.018930804819136136 -0.0096959515190287501 0.06876978160535567 -0.090105810463018035 0.012105310027332394 0.024902913486112916 0.0096608519132067409 -0.049012363699429649
leaf_weight=17081.18746984005 292.75963377952576 2160.1948783993721 647.50054627656937 200.77667200565338 729.45920717716217 185.68247264623642 204.69684290885925 163.59328073263168 354.73669546842575 314.60697889328003 166.0931136906147 137.70783165097237 119.86514902114868 1105.6048146486282
leaf_count=17901 111 2072 133 91 795 91 61 129 91 221 101 72 108 1061
internal_value=-0.000292092 0.00617595 0.0145561 0.0289878 0.003659 0.0117384 -0.000241751 0.00754593 0.0103261 -0.00175224 0.000499172 -0.000658362 -0.00225812 -0.00188232
internal_weight=23864.5 5557.81 2410.92 1033.96 1376.96 386.459 3146.89 505.998 647.496 2640.89 480.7 301.301 18306.7 1225.47
internal_count=23038 3968 1312 315 997 182 2656 262 202 2394 322 201 19070 1169
is_linear=0
shrinkage=0.0761716


Tree=5
num_leaves=16
num_cat=0
split_feature=4 9 3 7 9 6 7 2 6 6 9 8 7 8 8
split_gain=52.3619 112.542 44.9024 8.57762 5.37007 5.67211 2.09325 11.2902 8.06918 0.856315 3.85073 0.812255 2.55994 0.0820766 2.66204
threshold=986.05000000000007 3.3778278428707673 3.3550000000000004 13.205000000000004 2.1126735249923869 -0.5 9.9600000000000044 -0.15855351192338588 -0.78656609248549325 -0.78656609248549325 -1.8345815786488566 15.525000000000004 6.8800000000000008 10.310000000000002 10.380000000000003
decision_type=2 2 2 2 2 2 2 2 2 2 2 2 2 2 2
left_child=1 4 -3 -4 -1 -6 11 8 -8 10 -9 13 -13 -2 -15
right_child=6 2 3 -5 5 -7 7 9 -10 -11 -12 12 -14 14 -16
leaf_value=-0.12762419473091513 -0.26790363690271773 0.017650030177844857 0.16811658515325967 0.18420626604966556 0.032889536610603072 -0.0037002640663356921 0.083505468675664843 0.018167635604789924 -0.042648208341950891 -0.10137604427974778 -0.022871166812974374 0.10611981184620418 -0.52612526959979722 0.064794691238999752 -0.10376768023736589
leaf_weight=1847.9840098917484 11929.663870662451 271.80807906389236 355.32495772838593 326.68770599365234 230.46716171503067 199.93521532416344 269.94939792156219 173.12403988838196 219.94123828411102 2851.9767816960812 909.54980209469795 87.719379872083664 271.43917772173882 109.68297058343887 3977.979738265276
leaf_count=2161 11810 138 132 62 117 182 67 161 133 2884 708 73 274 82 4156
internal_value=-0.000287072 0.00872656 0.030652 0.0410546 -0.000465508 0.00715155 -0.00169018 -0.000212064 0.0106498 -0.00157913 0.000218207 -0.00208752 0.00143396 -0.00216867 -0.001829
internal_weight=24033.2 3232.21 953.821 682.013 2278.39 430.402 20801 4424.54 489.891 3934.65 1082.67 16376.5 359.159 16017.3 4087.66
internal_count=23140 2792 332 194 2460 299 20348 3953 200 3753 869 16395 347 16048 4238
is_linear=0
shrinkage=0.0761716


Tree=6
num_leaves=9
num_cat=0
split_feature=1 4 6 2 6 1 2 3
split_gain=38.4882 62.0527 55.5392 26.5269 5.87042 5.94141 3.43614 0.25291
threshold=0.823915376013162 986.25000000000011 -0.5 -0.33346877891818688 -0.70710678118654757 0.88606241628642846 -0.073092422389869308 4.955000000000001
decision_type=2 2 2 2 2 2 2 2
left_child=-1 2 3 -2 5 -3 -7 -4
right_child=1 4 7 -5 -6 6 -8 -9
leaf_value=-0.23699279526102798 0.17059787800536294 0.014755159390979848 -0.082989562959025279 0.054154305148318226 -0.076918397731515292 0.043714460717448389 -0.023334694232867888 0.02324182063548005
leaf_weight=18278.36725127697 390.05233162641525 330.89978721737862 396.37078630924225 483.4575954079628 2273.8311819732189 705.90731346607208 865.05491334199905 99.444098651409149
leaf_count=19004 92 163 345 133 2546 199 468 74
internal_value=-0.000595564 0.00495977 0.0190131 0.0305414 0.000333944 0.00346058 0.00147429 -0.00129291
internal_weight=23823.4 5545.02 1369.32 873.51 4175.69 1901.86 1570.96 495.815
internal_count=23024 4020 644 225 3376 830 667 419
is_linear=0
shrinkage=0.0761716


Tree=7
num_leaves=16
num_cat=0
split_feature=9 7 2 7 2 3 1 7 3 1 2 6 6 1 1
split_gain=42.5057 53.9208 64.9605 8.92734 12.9639 5.01351 2.74285 3.96479 6.54568 1.16689 0.873875 1.44431 0.183539 0.00927132 0.289203
threshold=3.8156017435071168 12.270000000000003 -0.21772323039653199 9.7700000000000031 -0.15855351192338588 3.0150000000000001 0.823915376013162 12.495000000000001 4.1550000000000011 0.88606241628642846 -0.11593459959550052 -0.5 -0.98296291314453399 0.7086201161944764 0.7206604759859373
decision_type=2 2 2 2 2 2 2 2 2 2 2 2 2 2 2
left_child=6 3 -3 12 -5 -4 13 10 9 -9 11 -8 -2 -1 -15
right_child=1 2 5 4 -6 -7 7 8 -10 -11 -12 -13 -14 14 -16
leaf_value=-0.26278825070913725 0.056529376954186548 0.16600313117835461 -0.037495989174442551 0.073167803404279322 -0.029569212830774287 0.051769335537776809 0.024496763047687546 0.01565985406868748 0.010993479464023194 -0.052073150947089676 -0.078326027935022788 -0.21179128533524744 -0.056060781714228458 0.012171812296783581 -0.11494376957471694
leaf_weight=16076.532045781612 167.48920726776123 420.88522917032242 297.35277444124222 418.77056965231895 377.53239879012108 160.22862699627876 449.39901649951935 172.0495380461216 222.47957357764244 352.08068883419037 1762.3596295118332 495.28380432724953 1348.7287674248219 102.4758925139904 979.53636059165001
leaf_count=17014 74 88 187 122 261 78 171 95 105 225 1858 596 1176 100 961
internal_value=-0.000594131 0.0075808 0.0236153 0.00145457 0.00797788 0.00361674 -0.00186209 8.77169e-05 0.00499954 0.000269712 -0.0012593 0.000582771 -0.00195942 -0.00225631 -0.00182905
internal_weight=23803.2 3190.99 878.467 2312.52 796.303 457.581 20612.2 3453.65 746.61 524.13 2707.04 944.683 1516.22 17158.5 1082.01
internal_count=23111 1986 353 1633 383 265 21125 3050 425 320 2625 767 1250 18075 1061
is_linear=0
shrinkage=0.0761716


Tree=8
num_leaves=17
num_cat=0
split_feature=1 4 9 3 3 4 1 7 9 8 9 1 9 7 1 1
split_gain=32.4873 52.0153 42.5144 26.6002 3.80482 2.13403 3.95279 6.69732 1.80014 1.41843 1.10309 1.35192 0.761998 0.381223 0.00586476 0.215672
threshold=0.823915376013162 986.75000000000011 3.3778278428707673 4.5650000000000004 3.0550000000000002 994.35000000000002 0.88606241628642846 10.960000000000004 -0.37548684580086439 12.455000000000002 5.4825640581124047 0.9821165111257959 7.2157069021068496 13.725000000000001 0.7086201161944764 0.7206604759859373
decision_type=2 2 2 2 2 2 2 2 2 2 2 2 2 2 2 2
left_child=12 2 9 4 -4 6 7 -3 -8 -2 -7 -12 14 -11 -1 -16
right_child=1 5 3 -5 -6 10 8 -9 -10 13 11 -13 -14 -15 15 -17
leaf_value=-0.23125305648728786 0.06367438549414646 -0.0028670706248775045 0.022294243903802347 0.12992346785354009 0.097626974415262385 -0.075094366048571434 9.5569064517552141e-05 0.07428986786142508 -0.0062833665800892868 -0.059485027160168256 -0.18633461010938324 0.041299237477653697 0.008838139526066803 -0.00038533958668558906 0.011244666040133626 -0.074496509418427698
leaf_weight=17024.587600678205 120.17770659923553 163.28773611783981 228.64406478404999 400.94183319807053 245.68533509969711 1994.6351738274097 307.27044385671616 192.33735805749893 891.04771202802658 303.66097244620323 214.63859620690346 204.19157326221466 177.40100848674774 201.9951097369194 137.96161308884621 1052.9561888575554
leaf_count=17752 75 148 87 102 87 1900 265 88 654 299 124 71 112 66 119 1041
internal_value=-0.000674862 0.00447635 0.0165392 0.0273528 0.0149026 -8.8484e-05 0.00210252 0.00911997 0 0.00131032 -0.00151294 0.00199149 -0.00220856 -0.000413358 -0.00225799 -0.00187066
internal_weight=23861.4 5468.51 1501.11 875.271 474.329 3967.41 1553.94 355.625 1198.32 625.834 2413.47 418.83 18392.9 505.656 18215.5 1190.92
internal_count=22990 3966 716 276 174 3250 1155 236 919 440 2095 195 19024 365 18912 1160
is_linear=0
shrinkage=0.0761716


Tree=9
num_leaves=13
num_cat=0
split_feature=1 4 6 2 4 6 2 8 1 1 7 3
split_gain=37.9385 51.3395 45.9632 13.9685 7.04479 6.09427 5.03261 4.67612 2.81908 0.357293 1.77908 2.51268
threshold=0.823915376013162 986.55000000000007 -0.70710678118654757 -0.33346877891818688 982.1500000000002 -0.70710678118654757 -0.15855351192338588 10.635000000000003 0.88606241628642846 0.69636977696931246 11.525000000000002 4.2950000000000008
decision_type=2 2 2 2 2 2 2 2 2 2 2 2
left_child=9 2 3 -2 -4 6 7 -3 -8 -1 -11 -12
right_child=1 5 4 -5 -6 -7 8 -9 -10 10 11 -13
leaf_value=-0.22029285277056845 0.14436738246283545 -0.008347138479153679 0.072566258392210745 0.040310468720334676 -0.016755579490881235 -0.12033445088163019 0.027111082567320841 0.058100365779391108 -0.0221644361825237 -0.087017669066789718 -0.099756130121611927 0.01883267239838967
leaf_weight=16891.932739496231 404.06489562988281 300.42980748414993 178.33351558446884 425.44765049219131 509.62759429216385 2149.9507164359093 196.88247123360634 331.52402049303055 992.59525862336159 1162.3975793719292 136.50288438796997 114.03567799925804
leaf_count=17644 83 99 65 103 433 2464 108 92 506 1121 146 61
internal_value=-0.000517299 0.00503386 0.0169377 0.0289821 0.00231012 0.000468588 0.0037139 0.00919502 0.000760579 -0.00218409 -0.000978387 0.00476946
internal_weight=23793.7 5488.86 1517.47 829.513 687.961 3971.38 1821.43 631.954 1189.48 18304.9 1412.94 250.539
internal_count=22925 3953 684 186 498 3269 805 191 614 18972 1328 207
is_linear=0
shrinkage=0.0761716


Tree=10
num_leaves=14
num_cat=0
split_feature=9 7 2 7 2 6 8 6 6 1 6 3 7
split_gain=35.5957 41.4674 77.7317 4.86475 16.1622 3.09411 1.80459 3.10164 1.65647 1.38805 3.05318 2.7448 0.271657
threshold=4.1841448410849909 10.800000000000004 -0.2511900638848194 13.435000000000004 -0.33346877891818688 -0.78656609248549325 14.385000000000003 -0.60355339059327384 -0.98296291314453399 0.7086201161944764 -0.70710678118654757 4.6450000000000005 10.320000000000004
decision_type=2 2 2 2 2 2 2 2 2 2 2 2 2
left_child=3 8 -3 9 -5 -4 7 -6 -2 -1 11 -11 -10
right_child=1 2 5 4 6 -7 -8 -9 12 10 -12 -13 -14
leaf_value=-0.19575125805081081 0.055246415787282344 0.12786351853085307 0.025789916120897274 0.13350982744515213 0.0082907181845319842 -0.028563733546645775 -0.016782449859224492 -0.14681938249909096 -0.048505254403416957 0.0064866092354686055 -0.08986020834570338 0.026355833405858488 0.076668498071209887
leaf_weight=15903.978613048792 152.11161360144615 468.59991961717606 358.90799763798714 162.05709719657898 99.224733382463455 376.35985073447227 794.54031330347061 135.04139947891235 1182.4999142885208 1385.292058467865 2703.8246976435184 165.12679299712181 111.38937604427338
leaf_count=16548 66 108 166 34 64 207 739 155 987 717 3094 95 62
internal_value=-0.000639444 0.00768033 0.0181068 -0.00167445 0.00304098 0.00257067 -0.000476525 0.00532016 -0.000997311 -0.00195496 -0.000721451 0.00196028 -0.00190357
internal_weight=23999 2649.87 1203.87 21349.1 1190.86 735.268 1028.81 234.266 1446 20158.2 4254.24 1550.42 1293.89
internal_count=23042 1596 481 21446 992 373 958 219 1115 20454 3906 812 1049
is_linear=0
shrinkage=0.0761716


Tree=11
num_leaves=16
num_cat=0
split_feature=9 4 1 1 6 4 1 7 6 7 7 9 1 1 3
split_gain=29.9868 56.7722 27.4928 5.23473 6.32407 7.22272 3.75653 2.64146 2.35436 1.91464 1.47506 0.279584 0.232668 0.0368922 0.5319
threshold=4.1841448410849909 985.95000000000016 0.89391031859722891 0.823915376013162 -0.5 989.95000000000016 0.96900085243778578 10.100000000000001 -0.78656609248549325 11.525000000000002 9.6350000000000016 5.1333584180913023 0.98521098335796142 0.69636977696931246 4.9250000000000007
decision_type=2 2 2 2 2 2 2 2 2 2 2 2 2 2 2
left_child=3 2 -2 13 5 6 -5 12 9 -9 -7 -10 -3 -1 -15
right_child=1 7 -4 4 -6 10 -8 8 11 -11 -12 -13 -14 14 -16
leaf_value=-0.17975926054272467 0.073211556883686149 -0.048932888644577781 0.11604193181875792 0.0560005945573172 -0.12344587154405316 -0.034361414847454377 -0.0021656408253042398 0.058916818709684037 0.0023662786294012207 0.0028979305728762741 0.0019939446876029135 -0.054280303329853327 0.045505223788844376 -0.063627990604116266 0.015390592207005201
leaf_weight=16242.700484216213 270.75604066252708 1023.9530513584614 377.92629638314247 434.75770273804665 1844.6889124512672 647.79224443435669 319.24713212251663 205.34428787231445 143.85678967833519 223.86871951818466 481.87353736162186 238.28469395637512 127.58548057079315 1114.7831988036633 119.52450081706047
leaf_count=17165 118 837 86 162 2239 420 78 75 91 113 220 146 86 1022 139
internal_value=-0.000741732 0.00695313 0.0264367 -0.00169169 0.000892921 0.0040005 0.00975913 0.000469357 0.00380372 0.00766042 0.000114335 -0.000471627 -0.00185652 -0.0022449 -0.00171655
internal_weight=23816.9 2611.58 648.682 21205.4 3728.36 1883.67 754.005 1962.89 811.354 429.213 1129.67 382.141 1151.54 17477 1234.31
internal_count=22997 1552 204 21445 3119 880 240 1348 425 188 640 237 923 18326 1161
is_linear=0
shrinkage=0.0761716


Tree=12
num_leaves=13
num_cat=0
split_feature=1 4 6 4 6 2 7 1 6 7 9 4
split_gain=28.0897 52.488 34.1888 13.2538 4.53032 4.57392 4.18715 1.51641 3.304 4.90249 1.00496 0.136084
threshold=0.87795195455888941 985.05000000000007 -0.78656609248549325 982.85000000000002 -0.5 1.0000000180025095e-35 8.230000000000004 0.7086201161944764 -0.78656609248549325 10.385000000000003 -0.37548684580086439 990.05000000000007
decision_type=2 2 2 2 2 2 2 2 2 2 2 2
left_child=7 2 -2 -4 5 6 -3 -1 9 11 -7 -9
right_child=1 4 3 -5 -6 10 -8 8 -10 -11 -12 -13
leaf_value=-0.1646298067330772 0.13115762905733469 -0.019027774433478618 0.074395954819358456 -0.034316257142927353 -0.27639792793171869 0.0014863642091980588 0.013795945421427182 -0.0057698178758887851 -0.076535580557544128 0.041517483042220422 -0.035123965217124929 -0.07215910453498911
leaf_weight=16922.896804958582 271.87182015180588 480.55377209186554 277.71236407756805 242.23294788599014 1563.8297435045242 230.76883864402771 760.94306123256683 134.84314984083176 1366.3123472630978 289.02894389629364 730.84828498959541 272.28930789232254
leaf_count=17781 59 171 82 174 1975 191 187 59 1482 124 396 195
internal_value=-0.000742751 0.00462256 0.0224137 0.0107804 0.000860393 0.00309029 0.00614248 -0.00203322 -6.74372e-05 0.00417793 -0.000824392 -0.001146
internal_weight=23544.1 4558.76 791.817 519.945 3766.94 2203.11 1241.5 18985.4 2062.47 696.161 961.617 407.132
internal_count=22876 3235 315 256 2920 945 358 19641 1860 378 587 254
is_linear=0
shrinkage=0.0761716


Tree=13
num_leaves=16
num_cat=0
split_feature=9 4 3 7 2 3 6 0 2 3 8 7 6 7 9
split_gain=23.7201 49.3238 18.9025 3.63771 13.4395 15.7749 1.66097 1.27231 1.46681 1.02438 0.286172 1.19546 0.255379 0.172794 0.447944
threshold=4.3855617827522648 985.95000000000016 4.705000000000001 10.385000000000003 -0.26781430516217447 3.6150000000000007 -0.70710678118654757 0.37940952255126048 -0.15855351192338588 0.65500000000000014 15.525000000000004 6.9800000000000031 -0.78656609248549325 8.230000000000004 3.136925086542576
decision_type=2 2 2 2 2 2 2 2 2 2 2 2 2 2 2
left_child=3 2 -2 10 5 -5 7 8 -3 -6 13 -12 -11 -1 -15
right_child=1 6 -4 4 9 -7 -8 -9 -10 12 11 -13 -14 14 -16
leaf_value=-0.14535163914115479 0.039521684201546628 0.037810208761243733 0.09804119675247272 -0.0045822357910959956 0.024948316642419265 0.022016190360384675 -0.055715118299342413 -0.015180606119830253 -0.00062752790158186386 -0.0050281555166559822 0.085097489842278259 -0.23705182344044179 -0.043058221237033172 -0.066764171038817183 -0.030116429700259954
leaf_weight=14161.766791045666 284.3753750026226 238.97104442119598 276.00654703378677 312.09213465452194 109.05060210824013 280.1979963183403 855.75106874108315 244.69788229465485 409.16255506873131 751.5230525135994 86.22654789686203 347.70107218623161 2433.2523586153984 2712.0236468315125 336.97151583433151
leaf_count=15022 115 55 60 154 94 126 800 146 249 593 84 347 2405 2532 254
internal_value=-0.000862668 0.00646686 0.0260709 -0.00165089 0.000451947 0.0109927 0.00013404 0.00244535 0.00422347 -0.00144189 -0.0021158 -0.000105977 -0.00169979 -0.00216463 -0.00160538
internal_weight=23839.8 2308.96 560.382 21530.8 3886.12 592.29 1748.58 892.831 648.134 3293.83 17644.7 433.928 3184.78 17210.8 3049
internal_count=23036 1425 175 21611 3372 280 1250 450 304 3092 18239 431 2998 17808 2786
is_linear=0
shrinkage=0.0761716


Tree=14
num_leaves=17
num_cat=0
split_feature=1 4 9 2 8 5 1 9 1 7 2 9 3 1 1 1
split_gain=25.1452 34.8141 22.2223 5.69783 6.09363 4.38903 4.30728 1.64639 4.71203 0.883717 4.22587 2.05145 0.240662 0.119823 0.00369862 0.172475
threshold=0.823915376013162 984.55000000000007 3.3136851553190874 -0.15855351192338588 11.455000000000004 0.37940952255126054 0.9821165111257959 -1.8345815786488566 0.88606241628642846 11.32 -0.69014782361074123 4.7228187403504327 0.70500000000000007 0.94697898371965716 0.53436760985011655 0.54883787585413535
decision_type=2 2 2 2 2 2 2 2 2 2 2 2 2 2 2 2
left_child=9 2 13 4 6 -6 -3 8 -5 14 -11 -12 -9 -2 -1 -16
right_child=1 3 -4 7 5 -7 -8 12 -10 10 11 -13 -14 -15 15 -17
leaf_value=-0.17004419983287919 0.033577543040753624 -0.043608747448202936 0.080624489544347616 0.024669795003642102 0.045507805187907875 -0.0090272117105510662 0.040608330859650384 0.023047963776244206 -0.15852320187246871 0.021450779444821294 -0.12123705456609364 0.010653421523474408 -0.024951399734127862 -0.015349896928230673 0.0017165103227685253 -0.080610394717362269
leaf_weight=14171.339939147234 126.63819995522499 731.9498208463192 623.34658694267273 173.32106825709343 557.62511280179024 262.01062694191933 162.82459527254105 107.71476882696152 335.86037999391556 82.548980355262756 1540.6294735074043 211.29194366931915 2348.9025112688541 147.01039856672287 174.43950372934341 2190.5402174293995
leaf_count=15004 109 525 166 165 248 189 59 78 426 39 1735 157 1957 80 113 2129
internal_value=-0.000705094 0.00377132 0.0174952 0.0011253 0.00462004 0.00935372 0.000233078 -0.000886857 0.00302199 -0.00206617 -0.000457645 -0.00127874 -0.00171232 -0.000495674 -0.00224261 -0.00198806
internal_weight=23948 5577.2 896.995 4680.21 1714.41 819.636 894.774 2965.8 509.181 18370.8 1834.47 1751.92 2456.62 273.649 16536.3 2364.98
internal_count=23179 4002 355 3647 1021 437 584 2626 591 19177 1931 1892 2035 189 17246 2242
is_linear=0
shrinkage=0.0761716


Tree=15
num_leaves=17
num_cat=0
split_feature=7 2 3 6 2 7 6 4 1 6 4 7 9 2 9 1
split_gain=23.4916 54.8704 49.7357 7.13089 5.05027 3.63043 1.35364 1.30065 1.27925 1.54495 3.19056 1.46327 0.649123 0.181139 0.11979 0.318471
threshold=10.520000000000003 -0.33346877891818688 4.5450000000000008 -0.78656609248549325 0.012909817866233263 11.690000000000001 -0.78656609248549325 990.55000000000007 0.85206963063867758 -0.70710678118654757 989.95000000000016 9.6350000000000016 4.0058498586920441 -0.99981480381338828 -1.7954792779980673 0.95992380042979863
decision_type=2 2 2 2 2 2 2 2 2 2 2 2 2 2 2 2
left_child=8 2 3 -2 5 -3 7 -6 13 10 -10 -12 -7 -1 15 -11
right_child=1 4 -4 -5 6 12 -8 -9 9 14 11 -13 -14 -15 -16 -17
leaf_value=0.0028685527034063114 0.059871600937226634 0.031825531945986467 0.081423316868148937 -0.0050044325067969495 0.0096318901604998848 -0.016962551918855189 -0.061465768040642119 -0.013184064613814639 0.031344010212514199 -0.31049085125948933 -0.055056536982058576 0.070883025083498155 0.0027740781283012738 -0.14124536660106501 -0.1574536783162859 0.0072388017569757135
leaf_weight=191.34258556365967 219.48203313350677 326.52969256043434 379.20115548372269 297.6327945291996 302.58445161581039 322.55329146981239 2309.3802128434181 520.22701129317284 289.96786248683929 174.72126349806786 683.83736228942871 166.78171539306641 275.82820844650269 16087.89345484972 1348.6978709995747 65.921465963125229
leaf_count=122 64 117 94 156 178 112 2364 533 86 230 371 64 74 16796 1623 82
internal_value=-0.000753807 0.00391474 0.0209393 0.00543891 0.000133788 0.00507738 -0.00131935 0.00130628 -0.00197239 -0.00043169 0.0016902 -0.000634416 0.00147448 -0.00222871 -0.00197438 -0.000253117
internal_weight=23962.6 4953.42 896.316 517.115 4057.1 924.911 3132.19 822.811 19009.2 2729.93 1140.59 850.619 598.381 16279.2 1589.34 240.643
internal_count=23066 3692 314 220 3378 303 3075 711 19374 2456 521 435 186 16918 1935 312
is_linear=0
shrinkage=0.0761716


Tree=16
num_leaves=17
num_cat=0
split_feature=9 4 3 6 2 4 8 6 3 2 6 2 3 7 3 9
split_gain=16.2615 28.1077 10.3402 2.16078 2.60188 1.20871 2.31045 4.26072 2.76073 0.80032 0.792476 0.436602 0.204985 0.118617 0.522033 0.0564256
threshold=4.1841448410849909 985.95000000000016 4.7350000000000012 -0.78656609248549325 -0.15855351192338588 990.35000000000002 9.120000000000001 -0.78656609248549325 3.0750000000000006 -0.99981480381338828 -0.5 0.65837719692149965 0.38500000000000006 7.1500000000000012 3.9150000000000005 3.5830194194804119
decision_type=2 2 2 2 2 2 2 2 2 2 2 2 2 2 2 2
left_child=5 2 -2 4 -3 6 13 8 -8 -7 -9 -6 -11 -1 -15 -14
right_child=1 3 -4 -5 11 9 7 10 -10 12 -12 -13 15 14 -16 -17
leaf_value=-0.27270503738217361 0.036479322845425717 0.034804339254153195 0.078731274018624883 -0.04007063777387438 -0.0033649488112586319 0.0026500504922222904 -0.0030569139863541386 0.0065351808163060937 0.030612181570299372 0.0043876875395881367 -0.073745632212884368 0.016854560410349415 -0.11662590725589959 -0.15086173989064688 0.012344644707263016 -0.083439379727600085
leaf_weight=3154.215050727129 405.27423274517059 359.33183926343918 270.02154594659805 1125.988685965538 352.84543880820274 166.00769811868668 340.7276326417923 494.62824508547783 401.98966240882874 166.26433655619621 1185.6795635223389 162.50520125031471 14436.701055496931 398.6297080218792 103.07642209529877 485.43559783697128
leaf_count=4264 164 95 61 969 165 65 145 291 164 130 1323 184 14357 345 74 418
internal_value=-0.00109622 0.00449463 0.0178963 -3.24058e-05 0.00278692 -0.00179948 -0.000881933 0.000932612 0.00573252 -0.00216285 -0.00117659 -0.000630996 -0.00222207 -0.00209288 -0.000890976 -0.00225199
internal_weight=24009.3 2675.97 675.296 2000.67 874.682 21333.4 6078.95 2423.03 742.717 15254.4 1680.31 515.351 15088.4 3655.92 501.706 14922.1
internal_count=23214 1638 225 1413 444 21576 6606 1923 309 14970 1614 349 14905 4683 419 14775
is_linear=0
shrinkage=0.0761716


Tree=17
num_leaves=15
num_cat=0
split_feature=1 3 7 6 2 8 6 7 9 2 2 1 6 2
split_gain=16.6189 25.2798 36.2269 4.01719 4.99987 6.2769 1.32265 0.968733 1.12383 0.660077 0.608835 0.580799 1.21625 0.030873
threshold=0.823915376013162 4.495000000000001 12.380000000000003 -0.5 -0.15855351192338588 11.505000000000001 -0.78656609248549325 16.100000000000005 1.338392406970595 1.0000000180025095e-35 -0.99981480381338828 0.51973899919070166 -0.78656609248549325 -0.99463397642532658
decision_type=2 2 2 2 2 2 2 2 2 2 2 2 2 2
left_child=7 3 6 4 5 -2 -3 10 -9 -6 -1 13 -13 -12
right_child=1 2 -4 -5 9 -7 -8 8 -10 -11 11 12 -14 -15
leaf_value=-0.0029300214152590699 -0.0085801253855240095 0.014112217344051324 0.076458191224398106 -0.14251012248080061 0.0037985529859912164 0.029889132934732558 -0.070815803488978313 -0.089947044866023756 0.00847234072298436 -0.027430456504525056 -0.075451712338506782 0.0013168668104813633 -0.058402822416728888 -0.14732647133085697
leaf_weight=202.36089327931404 514.83880019187927 235.71364691853523 430.33046439290047 1900.8053373098373 403.28377091884613 533.42153018712997 321.70578795671463 77.912826776504517 68.128602802753448 1101.4367509484291 690.67253047227859 1026.1284286081791 2015.2916070520878 14340.849545389414
leaf_count=126 177 95 135 2260 129 134 370 104 69 648 646 578 2213 15361
internal_value=-0.000864275 0.00283096 0.0138376 0.000375614 0.00235445 0.0063874 0.000933631 -0.00195779 0.00409894 -0.000441163 -0.00200853 -0.002056 -0.0010747 -0.00225223
internal_weight=23862.9 5441.54 987.75 4453.79 2552.98 1048.26 557.419 18421.3 146.041 1504.72 18275.3 18072.9 3041.42 15031.5
internal_count=23045 3948 600 3348 1088 311 465 19097 173 777 18924 18798 2791 16007
is_linear=0
shrinkage=0.0761716


Tree=18
num_leaves=15
num_cat=0
split_feature=1 6 3 2 8 9 6 2 1 4 6 9 2 9
split_gain=17.9368 17.0681 19.6576 6.65987 6.76546 2.06451 1.89112 1.31666 1.01556 1.83895 2.8448 2.60084 0.193488 0.0465478
threshold=0.823915376013162 -0.70710678118654757 4.6450000000000005 -0.15855351192338588 11.455000000000004 -1.3715899839528232 -0.5 1.0000000180025095e-35 0.51973899919070166 990.55000000000007 -0.70710678118654757 -0.31679505400778568 -0.99981480381338828 4.9811151179299289
decision_type=2 2 2 2 2 2 2 2 2 2 2 2 2 2
left_child=8 2 3 4 -2 -5 7 -3 12 10 11 -10 -1 -11
right_child=1 6 -4 5 -6 -7 -8 -9 9 13 -12 -13 -14 -15
leaf_value=0.0012556439878373749 0.011474302596716173 0.0072218127593000328 0.060919733384341555 0.03302998302899042 0.064289515988033313 -0.0026495901717305914 -0.10527450163906391 -0.023587973331123845 -0.01908671505890339 -0.13065120358092358 -0.12149785153907298 0.011653752618912638 -0.13295768112320697 -0.059710804047213732
leaf_weight=182.0166629254818 427.89912688732147 449.2579300403595 514.42993637919426 165.98437932133675 496.29111582040787 1121.1453035473824 2172.3328050374985 242.96779429912567 256.27595347166061 1845.4418069124222 567.75529396533966 358.42993429303169 14863.981133431196 122.24865359067917
leaf_count=133 143 153 149 131 123 469 2614 186 105 1840 687 157 16056 132
internal_value=-0.00083049 0.00294001 0.00725304 0.00410242 0.00902705 0.000530019 -0.00115626 0.00228192 -0.00199088 -0.000731605 0.00162501 0.00521979 -0.00225227 -0.00216394
internal_weight=23786.5 5590.31 2725.75 2211.32 924.19 1287.13 2864.56 692.226 18196.1 3150.15 1182.46 614.706 15046 1967.69
internal_count=23078 3968 1015 866 266 600 2953 339 19110 2921 949 262 16189 1972
is_linear=0
shrinkage=0.0761716


Tree=19
num_leaves=14
num_cat=0
split_feature=4 9 2 1 6 4 0 2 1 9 1 2 3
split_gain=13.7052 24.8809 13.4291 2.95781 4.06194 3.65479 3.63513 0.332777 1.00003 0.33014 0.156518 0.153336 0.0552414
threshold=984.55000000000007 3.3136851553190874 -0.36572252349726903 0.51973899919070166 -0.5 1006.35 0.37940952255126048 -0.99463397642532658 0.081675638985454754 2.8963034773374443 0.9927395293426734 -0.99981480381338828 1.8050000000000004
decision_type=2 2 2 2 2 2 2 2 2 2 2 2 2
left_child=1 9 -3 7 5 6 -5 8 11 12 -7 -2 -1
right_child=3 2 -4 4 -6 10 -8 -9 -10 -11 -12 -13 -14
leaf_value=-0.11829843167280694 0.0025757319266966677 0.084894371680655459 0.0092112505955559889 0.011245752340971178 -0.23376525398791231 -0.091009288069170871 -0.0041903134201787644 -0.133116497180225 0.017819527718972539 0.017945911282298995 0.0029593234603712214 -0.092354259956623982 -0.025901401330068938
leaf_weight=90.192344546318054 171.96089094877243 377.85295686125755 275.78814744949341 1923.5655926465988 3430.9820303916931 1190.0289616286755 872.99364185333252 13657.429629683495 101.35438793897629 83.3387690782547 192.47692763805389 615.97830983996391 893.35360488295555
leaf_count=97 124 133 76 763 4294 762 471 14575 66 42 126 576 1057
internal_value=-0.00104162 0.00549771 0.0171697 -0.00155147 -0.00032967 0.00125972 0.00284711 -0.00218831 -0.000705974 -0.00165086 -0.00192798 -0.00165944 -0.0020606
internal_weight=23877.3 1720.53 653.641 22156.8 7610.05 4179.07 2796.56 14546.7 889.294 1066.88 1382.51 787.939 983.546
internal_count=23162 1405 209 21757 6416 2122 1234 15341 766 1196 888 700 1154
is_linear=0
shrinkage=0.0761716


Tree=20
num_leaves=14
num_cat=0
split_feature=9 4 6 8 2 6 8 2 2 3 7 7 7
split_gain=8.73968 13.0374 1.36247 1.68071 2.5646 1.34418 2.98863 3.88627 8.92495 0.874156 0.235688 0.911509 0.129524
threshold=4.1841448410849909 984.95000000000016 -0.60355339059327384 11.455000000000004 -0.16705162550211936 -0.5 9.8450000000000006 -0.15855351192338588 -0.41327860778290426 0.70500000000000007 7.080000000000001 7.2500000000000027 9.8300000000000018
decision_type=2 2 2 2 2 2 2 2 2 2 2 2 2
left_child=5 -2 3 12 -5 6 10 8 -8 -9 -1 -12 -3
right_child=1 2 -4 4 -6 -7 7 9 -10 -11 11 -13 -14
leaf_value=-0.074236494269070669 0.049408504017048167 -0.047334463023269012 -0.07614447081615501 0.028646633582350305 0.00074032893662907926 -0.24673734173350761 -0.0060896343226605285 0.048262323879053166 0.055839603788627831 -0.013296908961901905 0.016462186016925652 -0.017428474086902818 0.069544518652628839
leaf_weight=4818.3986965119839 552.98401606082916 378.59109863638878 822.68807816505432 247.36395817995071 476.55765891075134 11338.804300904274 488.92977637052536 103.69194090366364 299.80854046344757 2389.0810367465019 173.28970354795456 1614.1791805922985 173.24895858764648
leaf_count=3234 171 228 776 57 318 14656 205 76 70 2328 110 815 55
internal_value=-0.00119734 0.00291944 0.000156638 0.00172773 0.00414583 -0.00171338 -0.00105787 0.00081387 0.00546791 -0.000650774 -0.00199234 -0.0012043 -0.00139312
internal_weight=23877.6 2651.43 2098.45 1275.76 723.922 21226.2 9887.38 3281.51 788.738 2492.77 6605.87 1787.47 551.84
internal_count=23099 1605 1434 658 375 21494 6838 2679 275 2404 4159 925 283
is_linear=0
shrinkage=0.0761716


Tree=21
num_leaves=17
num_cat=0
split_feature=1 2 7 7 2 1 3 0 1 7 6 2 1 6 7 2
split_gain=14.69 22.4943 30.0612 4.12335 3.23647 5.76928 1.81449 0.96236 0.77559 1.30065 0.686575 0.587557 0.553763 1.05056 1.80081 0.0198008
threshold=0.84293373149377093 -0.36572252349726903 12.270000000000003 10.385000000000003 -0.15855351192338588 0.9821165111257959 3.0750000000000006 0.60355339059327384 0.9993981459635205 10.800000000000004 -0.9159756150367534 -0.99981480381338828 0.51973899919070166 -0.70710678118654757 7.9050000000000002 -0.99463397642532658
decision_type=2 2 2 2 2 2 2 2 2 2 2 2 2 2 2 2
left_child=11 2 3 7 5 6 -3 -2 10 -10 -6 -1 15 14 -14 -13
right_child=1 4 -4 -5 8 -7 -8 -9 9 -11 -12 12 13 -15 -16 -17
leaf_value=-0.001747272917976225 -0.15282273748860212 -0.0465559634646927 0.074664308529473214 0.045924294295653111 -0.0002594660648654956 0.018654401228938432 0.009307661831783531 0.0036022050188977001 -0.021560807833623071 0.012011715470951952 -0.035213802024119771 -0.054971237648781757 -0.037221955221649644 -0.14260184516974128 0.0081275027704884699 -0.12388152374072636
leaf_weight=206.24973553419113 341.58347871899605 523.37353119254112 338.09307026863098 164.43985167145729 633.72012254595757 231.245959430933 481.97474390268326 196.61393463611603 149.38501185178757 124.36596643924713 2139.9088417291641 773.70477470755577 753.36970809102058 1979.1352289021015 604.73062121868134 14405.838011205196
leaf_count=138 259 301 68 79 301 101 249 149 154 43 2076 672 388 2328 374 15482
internal_value=-0.000974102 0.00255267 0.0125811 0.00351015 0.000102345 0.0033912 0.000847852 0.000203287 -0.00122392 0.00258229 -0.00161311 -0.001979 -0.00202494 -0.00111609 0.00049617 -0.00222245
internal_weight=24047.7 5324.7 1040.73 702.637 4283.97 1236.59 1005.35 538.197 3047.38 273.751 2773.63 18723 18516.8 3337.24 1358.1 15179.5
internal_count=23162 3780 555 487 3225 651 550 408 2574 197 2377 19382 19244 3090 762 16154
is_linear=0
shrinkage=0.0761716


Tree=22
num_leaves=16
num_cat=0
split_feature=1 2 7 5 6 4 6 2 1 4 6 7 3 2 2
split_gain=12.7039 13.3703 20.4221 3.30845 3.61127 5.99263 2.74529 1.72487 1.03381 1.94961 3.20574 4.0481 0.34257 0.128135 1.02967
threshold=0.83354805289222267 -0.36572252349726903 11.375000000000002 -1.0000000180025095e-35 -0.78656609248549325 1006.35 -0.9159756150367534 1.0000000180025095e-35 0.51973899919070166 991.45000000000016 -0.70710678118654757 7.7800000000000038 0.84500000000000008 -0.99463397642532658 -0.99626127116974506
decision_type=2 2 2 2 2 2 2 2 2 2 2 2 2 2 2
left_child=8 2 6 4 5 -3 -2 -6 13 10 11 -10 -5 14 -1
right_child=1 3 -4 12 7 -7 -8 -9 9 -11 -12 -13 -14 -15 -16
leaf_value=-0.046670698568525258 0.03917555488155558 0.0057714545803214138 0.064351060587951786 0.0033446813997769971 0.005065238940412495 -0.10895648107771387 -0.072655148433481434 -0.0436944923295398 -0.025000661955460714 -0.054055180248503872 -0.079170960979907015 0.015595580867370049 -0.020900048802554555 -0.10774257282991033 0.019395481585166189
leaf_weight=773.15788540244102 149.89564400911331 489.02849471569061 474.26022458076477 91.19244596362114 879.52433097362518 286.61556136608124 471.75842818617821 836.11198091506958 297.65840470790863 1921.6235736608505 694.2362352013588 394.08233180642128 1815.0678815245628 14498.45911949873 112.36555773019791
leaf_count=641 50 145 119 66 426 121 427 830 115 1934 799 194 1713 15418 121
internal_value=-0.000978981 0.00223783 0.00975477 0.000352311 0.00218487 0.00648904 0.000602563 0.000213198 -0.00192627 -0.000689947 0.00147222 0.00514552 -0.00202597 -0.00218988 -0.00121372
internal_weight=24185 5493.45 1095.91 4397.54 2491.28 775.644 621.654 1715.64 18691.6 3307.6 1385.98 691.741 1906.26 15384 885.523
internal_count=23119 3897 596 3301 1522 266 477 1256 19222 3042 1108 309 1779 16180 762
is_linear=0
shrinkage=0.0761716


Tree=23
num_leaves=14
num_cat=0
split_feature=9 4 4 7 6 8 2 6 7 2 8 4 6
split_gain=10.665 14.4053 2.09661 4.40215 1.73101 1.88061 2.57336 1.2361 2.47934 2.71889 2.16858 0.181197 0.657134
threshold=4.3855617827522648 984.95000000000016 982.55000000000007 12.685000000000004 -0.5 10.310000000000002 0.012909817866233263 -0.5 7.080000000000001 -0.99271195016773384 14.205000000000002 985.95000000000016 -0.12940952255126037
decision_type=2 2 2 2 2 2 2 2 2 2 2 2 2
left_child=2 -2 3 -1 5 -3 -7 8 10 -10 -4 12 -9
right_child=1 4 7 -5 -6 6 -8 11 9 -11 -12 -13 -14
leaf_value=-0.014508466707909579 0.041857615558864587 -0.14689186573978893 -0.054526750239143489 0.026570303637101743 -0.28397623132610461 0.027111256737458997 -0.008421796234302184 0.0010236089548619921 0.017918096976437221 -0.00066766159279242144 0.056997440458858378 -0.26238953891978606 -0.18933820507055807
leaf_weight=289.71540096402168 438.93444794416428 343.9462907910347 5501.6809032857418 175.15750598907471 630.30766385793686 535.98564851284027 447.03517493605614 228.97250872850418 195.78395491838455 4073.5654881000519 138.69546121358871 10246.790570646524 725.37661954760551
leaf_count=317 138 193 3832 39 644 143 337 237 66 2788 120 13089 1161
internal_value=-0.000963519 0.00385098 -0.00150011 0.00352474 0.00102812 0.00259854 0.00430232 -0.0016127 -0.000986761 0.000391873 -0.00203549 -0.00216329 -0.00108928
internal_weight=23971.9 2396.21 21575.7 464.873 1957.27 1326.97 983.021 21110.9 9909.73 4269.35 5640.38 11201.1 954.349
internal_count=23104 1455 21649 356 1317 673 480 21293 6806 2854 3952 14487 1398
is_linear=0
shrinkage=0.0761716


Tree=24
num_leaves=16
num_cat=0
split_feature=1 3 6 4 6 3 4 7 6 9 7 6 1 9 5
split_gain=8.91378 10.1824 13.192 2.77839 4.09399 3.77582 0.988889 0.915398 0.946698 0.724114 0.386101 0.980796 0.774717 0.0897613 0.0490888
threshold=0.823915376013162 4.6450000000000005 -0.70710678118654757 1003.9500000000002 -0.78656609248549325 3.3150000000000004 998.95000000000016 16.100000000000005 -0.60355339059327384 3.9008702944492311 6.9100000000000019 -0.5 0.51973899919070166 5.9195541198596553 -0.78656609248549303
decision_type=2 2 2 2 2 2 2 2 2 2 2 2 2 2 2
left_child=7 3 -3 4 5 -2 -6 10 -9 -4 -1 12 -12 14 -5
right_child=1 2 9 13 6 -7 -8 8 -10 -11 11 -13 -14 -15 -16
leaf_value=-0.11161009990678242 0.01685623216083218 0.039613002295162861 -0.045153848580756273 -0.016818892066646451 -0.010011858862666614 -0.0073462481751192053 0.018933498276542417 0.013773701864292833 -0.11852583743847432 0.0074287180456068637 -0.025625307716708571 -0.20499872890763887 0.0061188271895694516 -0.060645117649686081 -0.055512998198372882
leaf_weight=10198.748294830322 564.42227190732956 437.15429711341858 314.3264072239399 426.0419055223465 1302.1636084616184 392.91839501261711 97.438512533903122 81.989074736833572 81.442081034183502 126.57855206727982 2619.7780201435089 4657.5416451692581 799.93008118867874 249.01555755734444 1464.9073915779591
leaf_count=11502 193 133 353 335 1174 127 51 81 105 64 2107 4863 507 124 1399
internal_value=-0.00111435 0.00161143 0.00910063 0.000137303 0.00194673 0.00578067 -0.000659881 -0.00191072 0.00365584 -0.00014024 -0.00196277 -0.00155586 -0.000563431 -0.00184095 -0.00202387
internal_weight=23814.4 5374.97 878.059 4496.91 2356.94 957.341 1399.6 18439.4 163.431 440.905 18276 8077.25 3419.71 2139.96 1890.95
internal_count=23118 3953 550 3403 1545 320 1225 19165 186 417 18979 7477 2614 1858 1734
is_linear=0
shrinkage=0.0761716


Tree=25
num_leaves=15
num_cat=0
split_feature=1 2 6 7 4 0 6 0 8 5 7 6 2 1
split_gain=9.72518 9.46068 12.2655 8.95602 2.05966 1.51066 0.884421 1.11742 1.28123 0.828426 0.683095 1.64635 1.78954 1.74991
threshold=0.823915376013162 -0.15855351192338588 -0.78656609248549325 11.375000000000002 982.1500000000002 0.37940952255126048 -0.5 0.25881904510252057 11.559999999999999 -0.91597561503675329 6.9100000000000019 -0.5 -0.99271195016773384 0.51973899919070166
decision_type=2 2 2 2 2 2 2 2 2 2 2 2 2 2
left_child=10 2 3 5 -4 -2 7 8 -3 -6 -1 12 -12 -14
right_child=1 6 4 -5 9 -7 -8 -9 -10 -11 11 -13 13 -15
leaf_value=-0.11030804896487428 0.0010402220134783503 0.0070821114996467783 0.0042762744400548806 0.023819806956629698 -0.019690049472824423 0.0009912497819312715 -0.18049848365000609 -0.012579405332847279 -0.0037674579833188878 -0.010781756372510639 0.0054454575304761724 -0.18998115092909093 -0.032108493178999435 0.0070720274268792184
leaf_weight=10223.862978547812 325.75132817029953 341.66756534576416 235.27308619022369 331.12092846632004 224.63084387779236 285.83543664216995 1437.4706543087959 648.38843724131584 788.36454197764397 854.98009064793587 280.12750226259232 4686.5047529935837 2440.3667058348656 878.0704787671566
leaf_count=11474 98 139 71 65 136 100 1813 429 318 812 87 4896 2064 576
internal_value=-0.00102542 0.0017917 0.00556988 0.0121889 0.000784503 0.00660033 -0.000853513 0.000266722 0.00172723 -0.000601644 -0.00186034 -0.00133631 -0.000101587 -0.000605449
internal_weight=23982.4 5473.48 2257.59 942.708 1314.88 611.587 3215.89 1778.42 1130.03 1079.61 18508.9 8285.07 3598.56 3318.44
internal_count=23078 3981 1282 263 1019 198 2699 886 457 948 19097 7623 2727 2640
is_linear=0
shrinkage=0.0761716


Tree=26
num_leaves=17
num_cat=0
split_feature=1 3 7 6 0 3 8 1 7 1 6 7 1 4 9 9
split_gain=10.8115 9.12986 11.2265 3.08585 3.41381 2.7078 2.54177 0.80925 0.555851 0.578725 0.292 0.785414 0.893839 0.176523 0.0018 0.335395
threshold=0.83354805289222267 4.705000000000001 13.205000000000004 -0.12940952255126037 0.25881904510252057 5.2550000000000008 11.559999999999999 0.92263100495486405 16.100000000000005 0.5772862706790628 -0.70710678118654757 6.9100000000000019 0.51973899919070166 991.85000000000002 2.4284163798330085 2.5086344447498061
decision_type=2 2 2 2 2 2 2 2 2 2 2 2 2 2 2 2
left_child=8 3 5 4 6 -3 -2 -6 10 -10 11 -1 -13 -7 -12 -16
right_child=1 2 -4 -5 7 13 -8 -9 9 -11 14 12 -14 -15 15 -17
leaf_value=-0.057885122884540036 0.013245955295954718 0.024352348137443459 0.034456470135716656 -0.16054904113499041 0.00065820654984822874 -0.020605624080708221 0.00031587249213909334 -0.012060857464120823 -0.071028574704001313 0.012185849586571137 -0.16863819085114767 -0.029253362884354876 0.0031287534599671101 0.0075043479234332567 0.027197194438288656 -0.15773088327339579
leaf_weight=3865.1692518591881 709.82099622488022 222.91786253452301 254.2069171667099 1496.4920645654202 291.03348323702812 233.96476125717163 1171.4670682549477 945.0811984539032 89.176762819290161 88.444857120513916 10138.186504870653 2022.9469973146915 661.46929275989532 114.96494886279106 90.308455497026443 1476.3245449066162
leaf_count=2636 280 146 73 1866 234 151 431 569 115 92 12709 1653 406 118 90 1566
internal_value=-0.00107947 0.00190079 0.0092636 0.000570887 0.00194065 0.00323854 0.00398534 -0.00114803 -0.00196091 0.0021708 -0.00200315 -0.00157788 -0.000560601 -0.000878611 -0.00223801 -0.00193355
internal_weight=23872 5439.95 826.054 4613.89 3117.4 571.848 1881.29 1236.11 18432 177.622 18254.4 6549.59 2684.42 348.93 11704.8 1566.63
internal_count=23135 3868 488 3380 1514 415 711 803 19267 207 19060 4695 2059 269 14365 1656
is_linear=0
shrinkage=0.0761716


Tree=27
num_leaves=15
num_cat=0
split_feature=1 2 7 6 5 9 4 2 6 7 1 9 7 7
split_gain=10.0543 12.9344 12.9265 4.96726 2.00663 2.54928 5.66367 1.95399 0.650683 1.03289 1.17912 1.27429 0.487083 0.20751
threshold=0.85206963063867758 -0.36572252349726903 13.310000000000002 -0.78656609248549325 0.12940952255126045 -1.7620742962874762 991.25000000000011 0.012909817866233263 -0.5 6 -0.012910176522261644 0.61104638573001868 6.3150000000000004 6.0250000000000012
decision_type=2 2 2 2 2 2 2 2 2 2 2 2 2 2
left_child=8 2 3 -2 5 6 -3 -7 9 -1 12 -12 -11 -5
right_child=1 4 -4 13 -6 7 -8 -9 -10 10 11 -13 -14 -15
leaf_value=-0.089053304104330905 0.027762060864490058 0.051268593155473385 0.051066799959768046 0.0038832473558183993 -0.065961555899825303 0.0010552619881261456 -0.0032612488017619398 -0.025163242926688326 -0.2199471910881913 -0.090786883359450191 0.008129671335551307 -0.0049833128624215675 -0.12093080502516181 -0.01123530639984965
leaf_weight=3942.0111104547977 286.11503773927689 95.096948027610779 278.22701907157898 109.66442048549652 1390.9328665435314 1362.2400066256523 253.2377051115036 1169.2254426181316 10074.23616322875 252.9800788462162 1287.797853499651 1336.2959014177322 2043.5208048224449 302.77365300059319
leaf_count=2968 86 61 52 111 1472 564 276 797 13020 166 825 852 1702 251
internal_value=-0.00102161 0.00192514 0.00981937 0.00419548 0.000106941 0.00126116 0.00734812 0.000403913 -0.00183999 -0.00135431 -0.000609025 0.000484513 -0.00187119 -0.0010937
internal_weight=24184.4 5247.51 976.78 698.553 4270.73 2879.8 348.335 2531.47 18936.8 8862.61 4920.59 2624.09 2296.5 412.438
internal_count=23203 3670 500 448 3170 1698 337 1361 19533 6513 3545 1677 1868 362
is_linear=0
shrinkage=0.0761716


Tree=28
num_leaves=16
num_cat=0
split_feature=6 7 2 3 2 4 4 4 2 7 3 9 0 6 9
split_gain=5.49282 7.62686 5.59309 2.8816 3.18065 1.4447 1.15349 0.540781 0.904595 0.445864 0.881587 3.06177 0.604678 0.260897 0.388304
threshold=-0.5 7.7800000000000038 1.0000000180025095e-35 4.955000000000001 -0.19244445339415753 995.6500000000002 989.95000000000016 982.55000000000007 -0.41327860778290426 6 3.8150000000000004 1.9890444534137937 -0.5 -0.98296291314453399 -0.37548684580086439
decision_type=2 2 2 2 2 2 2 2 2 2 2 2 2 2 2
left_child=1 9 3 4 -3 6 -4 8 -2 13 12 -12 -11 14 -1
right_child=7 2 5 -5 -6 -7 -8 -9 -10 10 11 -13 -14 -15 -16
leaf_value=-0.02504359726516556 -0.0011914789344120019 0.010293130760132328 -0.0067396960058757017 0.026385374158969337 0.0072617372172218073 -0.036396504221326655 0.0059394050896410958 -0.17975096437061602 0.0069313106669768839 0.0062409573311162196 -0.008381183031271576 0.034337032291429065 -0.03721796966988395 -0.11150551231823821 -0.013480115572124468
leaf_weight=422.63027650117874 157.01324811577797 1761.9444323778152 582.30084881186485 318.11024361848831 401.30716907978058 1067.0710841417313 723.17232236266136 11808.159109562635 89.433961898088455 368.87858298420906 467.67582261562347 116.59735754132271 1757.7790026962757 3321.7059617936611 502.87276142835617
leaf_count=232 168 531 423 61 99 1078 734 15068 71 192 347 88 998 2807 210
internal_value=-0.00101399 0.000150943 0.00246995 0.00499651 0.00396878 -0.000162164 0.00152158 -0.00215784 0.00128216 -0.00146263 -0.000680584 0.00191126 -0.00140894 -0.00195365 -0.000767567
internal_weight=23866.7 11812 4853.91 2481.36 2163.25 2372.54 1305.47 12054.6 246.447 6958.14 2710.93 584.273 2126.66 4247.21 925.503
internal_count=23107 7800 2926 691 630 2235 1157 15307 239 4874 1625 435 1190 3249 442
is_linear=0
shrinkage=0.0761716


Tree=29
num_leaves=17
num_cat=0
split_feature=1 6 2 1 1 1 8 6 1 2 4 6 4 4 3 0
split_gain=9.88963 7.77374 6.45008 2.74837 10.3234 4.95227 1.34036 1.11335 1.74558 1.64593 1.14441 0.761754 1.81914 0.66361 0.202728 0.893759
threshold=0.83354805289222267 -0.5 0.012909817866233263 0.92913280730858816 0.89391031859722891 0.96683886033945965 15.25 -0.5 1.0000000180025095e-35 -0.99271195016773384 991.45000000000016 -0.12940952255126037 985.95000000000016 992.1500000000002 4.1350000000000007 -0.37940952255126015
decision_type=2 2 2 2 2 2 2 2 2 2 2 2 2 2 2 2
left_child=7 2 3 4 -2 -5 13 8 14 -10 -11 12 -3 -4 -1 -16
right_child=1 11 6 5 -6 -7 -8 -9 9 10 -12 -13 -14 -15 15 -17
leaf_value=-0.11236974468112647 -0.003173287700987694 0.033189732055640318 0.00089598571807043695 -0.006429600092431674 0.045466524789902631 0.014145611773870153 0.0067287304202503775 -0.19756151943200223 0.0083899778322378323 0.0021698555243327197 -0.0071648419356081378 -0.13455839725790039 -0.052349736250607203 -0.015272689622316548 0.0061718215765362095 -0.083623668521204203
leaf_weight=3722.2438024878502 330.88278412818909 142.12033945322037 320.94901522994041 466.61054354906082 307.143778860569 894.46071565151215 145.78508198261261 9813.5920568108559 370.46651810407639 1209.9154846966267 2124.1438504457474 1667.1225916445255 389.02121031284332 733.30793145298958 263.79733258485794 872.88156169652939
leaf_count=2775 113 47 180 117 78 267 86 12701 151 748 1499 2079 448 459 226 942
internal_value=-0.000844884 0.00201839 0.00441557 0.00706246 0.0112256 0.00506856 0 -0.00168772 -0.00104563 0.0001922 -0.000335809 -0.00145723 0.00101047 -0.000952404 -0.00199536 -0.0010488
internal_weight=23774.4 5397.4 3199.14 1999.1 638.027 1361.07 1200.04 18377 8563.45 3704.53 3334.06 2198.26 531.142 1054.26 4858.92 1136.68
internal_count=22916 3874 1300 575 191 384 725 19042 6341 2398 2247 2574 495 639 3943 1168
is_linear=0
shrinkage=0.0761716


Tree=30
num_leaves=15
num_cat=0
split_feature=6 7 1 1 1 8 8 0 4 0 8 4 1 4
split_gain=7.05019 6.26428 5.13547 5.26979 8.42259 2.94279 1.76507 1.40455 2.00508 0.419056 0.257959 0.0687708 0.395068 0.0716806
threshold=-0.5 8.6400000000000041 0.51973899919070166 0.92591620288614507 0.89391031859722891 11.559999999999999 14.780000000000005 -0.37940952255126015 1002.7500000000001 0.37940952255126048 9.1750000000000007 985.95000000000016 0.95747632178960107 985.75000000000011
decision_type=2 2 2 2 2 2 2 2 2 2 2 2 2 2
left_child=1 6 10 4 -4 -5 7 8 -1 -9 -3 12 13 -2
right_child=11 2 3 5 -6 -7 -8 9 -10 -11 -12 -13 -14 -15
leaf_value=-0.10211619597845153 -0.045776080165031055 0.0085758571375437014 0.0097592886384138215 0.0058076158289958966 0.046409390728962399 -0.0028468881112193429 0.054779441176109375 -0.0082237210546876986 0.011183963874838851 -0.091554035842428827 -0.084260805422298621 -0.16742722519114725 0.013305171231334303 0.034632665224536743
leaf_weight=735.71149623394012 995.99221643805504 109.66167467832565 1023.6662652492523 453.53202420473099 288.51691120862961 1094.8874433338642 129.40772160887718 3441.182683467865 1152.40649497509 2578.7281186580658 895.11137828230858 10887.379353731871 139.49637627601624 72.651558935642242
leaf_count=537 1475 68 549 147 111 337 132 1730 481 2526 1104 13753 99 123
internal_value=-0.000913181 0.000400691 0.00292108 0.00456839 0.0081202 0.00152892 -0.00080814 -0.000957295 0.000843754 -0.00152751 -0.0017375 -0.00220849 -0.00156559 -0.00207844
internal_weight=23998.3 11902.8 3865.38 2860.6 1312.18 1548.42 8037.44 7908.03 1888.12 6019.91 1004.77 12095.5 1208.14 1068.64
internal_count=23172 7722 2316 1144 660 484 5406 5274 1018 4256 1172 15450 1697 1598
is_linear=0
shrinkage=0.0761716


Tree=31
num_leaves=14
num_cat=0
split_feature=1 2 6 7 2 6 9 9 0 6 7 2 5
split_gain=6.43319 5.71777 7.37214 6.04978 2.31168 1.71729 1.90801 2.3565 1.49407 1.06735 1.37562 2.01741 0.562982
threshold=0.823915376013162 -0.36572252349726903 -0.60355339059327384 10.385000000000003 -0.99981480381338828 1.0000000180025095e-35 -1.4974732068749466 -4.3123718637349535 0.25881904510252057 -0.5 5.7200000000000006 -0.66483077113278999 -0.91597561503675329
decision_type=2 2 2 2 2 2 2 2 2 2 2 2 2
left_child=4 2 3 -2 -1 6 7 -3 -8 10 -6 -12 -4
right_child=1 5 12 -5 9 -7 8 -9 -10 -11 11 -13 -14
leaf_value=0.0078088161659983779 -0.0017181933893328852 -0.0019972217829109331 0.034148454162914406 0.042396576172109068 -0.093622367507930709 -0.17768101588758936 0.0034229112503785667 -0.064446861053833709 -0.011431074760653463 -0.20284441265533726 0.0050824075239098128 -0.041446424667335613 -0.052405865625373194
leaf_weight=207.07506972551346 294.93565809726715 139.05049106478691 159.5352029800415 316.49056702852249 3405.1236755847931 1275.3175064027309 1685.0877101421356 275.19079226255417 1108.7572413384914 9691.8313457071781 2553.8615208268166 2673.3593291342258 359.53617650270462
leaf_count=135 122 142 88 62 2676 1702 657 178 687 12629 917 2788 405
internal_value=-0.000928286 0.00132715 0.00616137 0.0118107 -0.00161334 9.80865e-05 0.00104465 0.00585466 0.00031505 -0.0017055 -0.00108197 -0.000298617 -0.000461469
internal_weight=24145.2 5613.9 1130.5 611.426 18531.3 4483.4 3208.09 414.241 2793.84 18324.2 8632.34 5227.22 519.071
internal_count=23188 4043 677 184 19145 3366 1664 320 1344 19010 6381 3705 493
is_linear=0
shrinkage=0.0761716


Tree=32
num_leaves=17
num_cat=0
split_feature=6 1 4 9 2 2 2 4 9 7 4 6 7 9 6 3
split_gain=6.82111 6.57504 4.38947 5.93767 6.7422 1.95172 5.59658 1.6267 1.5255 0.999876 0.307254 1.11339 1.30706 0.302413 0.130374 0.125273
threshold=-0.5 0.823915376013162 1004.1500000000002 -0.37548684580086439 -0.36572252349726903 -0.8140159405215136 -0.84291031405530259 1005.35 5.6740592428699204 15.735000000000003 985.6500000000002 -0.12940952255126037 8.7900000000000027 4.0058498586920441 -0.70710678118654757 0.65500000000000014
decision_type=2 2 2 2 2 2 2 2 2 2 2 2 2 2 2 2
left_child=1 5 3 -3 -5 6 7 -1 14 13 11 12 -2 -7 -4 -12
right_child=10 2 8 4 -6 9 -8 -9 -10 -11 15 -13 -14 -15 -16 -17
leaf_value=-0.016257405174682885 -0.22873583329156191 0.01167006139865776 -0.035628829774292041 0.011913756712118341 0.0020047260849351263 -0.070552711603267745 0.005566016798776891 0.0060110140222829796 0.0084067718921120999 0.0086981018898558329 -0.069514630516085169 -0.10881619811334595 0.03154731222319733 -0.010773207767600166 -0.0097035185720048111 -0.13306613593416389
leaf_weight=1772.5548603236675 127.65477660298347 309.75378614664078 728.19720670580864 503.020692050457 1309.354522138834 4523.7437584996223 350.68804633617401 1199.2612077891827 246.90412545204163 107.01095452904701 259.1925665140152 812.65695253014565 140.51285088062286 413.87182423472404 205.44974488019943 10655.651613801718
leaf_count=1009 190 148 397 118 459 4177 123 451 79 133 347 1247 53 395 147 13490
internal_value=-0.000810595 0.000498334 0.00337611 0.00544589 0.00374383 -0.000634617 0.000792216 -0.000275125 -0.000322241 -0.00158047 -0.00208639 -0.000811952 0.00337479 -0.00174432 -0.00175679 -0.00220948
internal_weight=23665.5 11669.8 3302.68 2122.13 1812.38 8367.13 3322.5 2971.82 1180.55 5044.63 11995.7 1080.82 268.168 4937.62 933.647 10914.8
internal_count=22963 7636 1348 725 577 6288 1583 1460 623 4705 15327 1490 243 4572 544 13837
is_linear=0
shrinkage=0.0761716


Tree=33
num_leaves=16
num_cat=0
split_feature=6 1 4 2 3 2 9 2 1 1 5 6 9 4 4
split_gain=6.1126 6.225 3.68063 2.45037 2.42835 6.05704 3.02877 1.22614 1.78335 0.275585 0.795714 0.804659 1.42593 0.260183 0.0589256
threshold=-0.5 0.49002412863433359 1009.1500000000002 -0.99981480381338828 4.8250000000000011 -0.36572252349726903 1.0000000180025095e-35 -0.72066714955386113 -0.53436760985011611 0.69636977696931246 -0.91597561503675329 -0.12940952255126037 3.0111766478088424 1008.6500000000002 984.1500000000002
decision_type=2 2 2 2 2 2 2 2 2 2 2 2 2 2 2
left_child=1 3 4 -1 6 -6 -3 8 -5 -2 11 12 -11 -13 -12
right_child=9 2 -4 7 5 -7 -8 -9 -10 10 14 13 -14 -15 -16
leaf_value=0.0085661629222219884 -0.15270048478327147 0.010795028714650007 -0.085752449256544253 0.0006404318582808894 0.0089827286089717694 -0.0051702577104969462 0.0049999858807495811 -0.12762673596326671 -0.016311273894232443 0.029094178219912902 -0.13891508607204681 -0.078148579045492869 -0.003582908771716721 0.0061697802072029594 -0.21728508883691391
leaf_weight=104.5778272151947 9147.3237262964249 833.47158446907997 818.11404851078987 511.16072714328766 327.17128825187683 332.12116283178329 2694.7148750722408 3604.806856572628 2560.5186256468296 175.48345059156418 91.044915467500687 403.77036595344543 153.14291796088219 97.411293238401413 2037.8573930263519
leaf_count=45 11815 343 687 273 71 193 1113 3725 1301 152 120 351 66 101 2752
internal_value=-0.000866074 0.000366416 0.00240515 -0.0011343 0.00332087 0.00757986 0.00251068 -0.00132155 -0.000191763 -0.00206843 -0.00139907 0.000570716 0.00350983 -0.00130347 -0.00218125
internal_weight=23892.7 11786.7 5005.59 6781.06 4187.48 659.292 3528.19 6676.49 3071.68 12106 2958.71 829.808 328.626 501.182 2128.9
internal_count=23108 7751 2407 5344 1720 264 1456 5299 1574 15357 3542 670 218 452 2872
is_linear=0
shrinkage=0.0761716


Tree=34
num_leaves=17
num_cat=0
split_feature=6 1 4 6 2 8 5 2 1 5 5 1 2 9 2 4
split_gain=7.72683 8.04232 4.79484 4.7216 3.868 2.77337 1.48304 1.22015 4.46332 0.759225 0.308235 0.535068 0.677144 1.0031 0.0651898 0.0723685
threshold=-0.5 0.36571913681022045 1008.1500000000002 -0.9159756150367534 -0.99981480381338828 11.355000000000004 0.37940952255126054 -0.8140159405215136 -0.50495637864893983 -0.5 -0.91597561503675329 0.69636977696931246 -0.11593459959550052 3.4457137549533692 -0.99463397642532658 983.95000000000016
decision_type=2 2 2 2 2 2 2 2 2 2 2 2 2 2 2 2
left_child=1 4 3 5 -1 -3 -5 8 -6 -4 11 14 13 -13 -2 -16
right_child=10 2 9 6 7 -7 -8 -9 -10 -11 -12 12 -14 -15 15 -17
leaf_value=0.02137612629651087 -0.030485466812845162 0.0067683530136274563 0.019081156990400961 0.0076135884293010705 0.0053774119227613182 0.021769959562549332 -0.0161998546507853 -0.1150489437912869 -0.026930757020166309 -0.079202836870621948 -0.29175871656873031 0.0074889642436228301 -0.050659720400139649 -0.012012728602838023 -0.23592270030985216 -0.036561696310729412
leaf_weight=122.77608412504196 104.65059095621109 674.26207619905472 153.66184076666832 1999.0595735311508 211.14779531955719 1002.4815056622028 570.7998842895031 3774.0198349654675 2310.7393586337566 1008.8067207932472 9501.0104470252991 260.110500395298 401.49546629190445 165.65370434522629 91.260270357131958 1614.0280468463898
leaf_count=48 95 240 138 781 117 408 410 3679 1151 748 12604 145 423 92 126 1971
internal_value=-0.000704317 0.000679186 0.00284378 0.00403173 -0.00114052 0.00718007 0.00195971 -0.00140845 -9.79446e-05 -0.00146835 -0.00205485 -0.00129565 0.000275713 0.0024168 -0.0020304 -0.00214395
internal_weight=23966 11827.8 5409.07 4246.6 6418.68 1676.74 2569.86 6295.91 2521.89 1162.47 12138.2 2637.2 827.26 425.764 1809.94 1705.29
internal_count=23176 7720 2725 1839 4995 648 1191 4947 1268 886 15456 2852 660 237 2192 2097
is_linear=0
shrinkage=0.0761716


Tree=35
num_leaves=17
num_cat=0
split_feature=1 6 4 0 3 9 6 0 6 0 4 3 8 7 3 4
split_gain=8.24079 9.28804 8.77713 8.28666 3.94653 2.15818 2.07207 1.86002 1.16995 1.6128 2.50437 6.40496 0.864063 1.201 0.399588 0.269617
threshold=0.51973899919070166 -0.78656609248549325 994.35000000000002 0.25881904510252057 3.0150000000000001 5.9195541198596553 1.0000000180025095e-35 0.60355339059327384 -0.5 -0.37940952255126015 1002.7500000000001 3.1750000000000003 14.475 8.1050000000000004 3.5350000000000006 1005.4500000000002
decision_type=2 2 2 2 2 2 2 2 2 2 2 2 2 2 2 2
left_child=8 2 3 4 -2 14 12 -5 9 10 -1 -12 13 -3 -4 -11
right_child=1 6 5 7 -6 -7 -8 -9 -10 15 11 -13 -14 -15 -16 -17
leaf_value=-0.083938027474945137 0.008632346144943577 -0.017476081401361265 -0.06473861683054935 0.0081571298213798174 0.028945365323240022 0.068640894810441569 -0.12126388764538826 -0.047234317335039869 -0.17502353077283817 -0.087075197643559435 -0.031074439874674158 0.0057075949185194175 -0.02348425141062311 0.0061217828067797117 0.0019446065381666939 -0.024200748460577182
leaf_weight=862.24024173617363 349.99307870864868 993.30333304405212 902.72162997722626 793.59070271253586 518.08948674798012 185.31803140044212 2636.1527929902077 269.50438788533211 8284.9230985641479 2359.1965526342392 797.56079769134521 354.59546765685081 519.42096361517906 1408.7557362318039 240.06544017791748 2714.8518213629723
leaf_count=765 144 912 502 285 160 76 3458 120 10860 2199 423 178 392 762 190 1888
internal_value=-0.000571312 0.00128289 0.00451047 0.00778514 0.0133071 -0.000234206 -0.000605658 0.00322325 -0.0016368 -0.000910445 0.000902209 0.00323314 0.000783367 0.00140026 -0.00149816 -0.00163632
internal_weight=24190.3 8816.92 3259.28 1931.18 868.083 1328.11 5557.63 1063.1 15373.4 7088.44 2014.4 1152.16 2921.48 2402.06 1142.79 5074.05
internal_count=23314 7001 1477 709 304 768 5524 405 16313 5453 1366 601 2066 1674 692 4087
is_linear=0
shrinkage=0.0761716


Tree=36
num_leaves=17
num_cat=0
split_feature=6 7 2 3 4 8 4 8 4 5 9 9 3 6 2 8
split_gain=6.45762 4.50208 5.79251 4.69681 4.66837 2.76767 1.34361 1.13056 1.10847 0.436662 0.507003 0.900072 0.274231 0.13853 0.272537 0.0233646
threshold=-0.5 5.6300000000000008 1.0000000180025095e-35 2.9750000000000005 1003.35 10.310000000000002 992.1500000000002 13.485000000000003 989.95000000000016 -0.91597561503675329 0.73996416278981247 1.0326188397477714 2.9550000000000005 -0.98296291314453399 -0.86092912513210462 12.585000000000003
decision_type=2 2 2 2 2 2 2 2 2 2 2 2 2 2 2 2
left_child=1 7 3 5 -5 -3 8 13 -4 10 15 -12 -13 14 -1 -2
right_child=9 2 6 4 -6 -7 -8 -9 -10 -11 11 12 -14 -15 -16 -17
leaf_value=-0.013275749282267258 -0.05386052313630952 -0.019260100752390191 -0.0022338401741171152 0.011520165698913011 0.021447030486986346 0.0059174906363675048 -0.036817485154019627 0.020248327988449149 0.0063486131555799755 -0.2531905817205205 0.008637160147205435 -0.025532107834977374 0.0015940767181577969 -0.10385419281239675 -0.11472046875871665 -0.089419447154580431
leaf_weight=293.00222492218018 1201.0950743257999 1869.7777626514435 634.02889874577522 1742.8654691278934 854.5356537103653 704.89007234573364 2032.2667331695557 107.81510350108147 477.38566344976425 9381.4735333919525 114.48717644810677 844.40813037753105 267.72496178746223 2715.02804723382 444.85755196213722 254.93381807208061
leaf_count=122 1486 730 482 630 213 210 2136 82 469 12466 116 811 167 2363 260 339
internal_value=-0.000758751 0.00049997 0.00147235 0.00304067 0.0053261 0.000719593 -0.00109839 -0.00176154 0.00101 -0.00200031 -0.00111805 0 -0.00064441 -0.00200971 -0.00100013 -0.00207785
internal_weight=23940.6 11876.5 8315.75 5172.07 2597.4 2574.67 3143.68 3560.7 1111.41 12064.1 2682.65 1226.62 1112.13 3452.89 737.86 1456.03
internal_count=23082 7697 4870 1783 843 940 3087 2827 951 15385 2919 1094 978 2745 382 1825
is_linear=0
shrinkage=0.0761716


Tree=37
num_leaves=11
num_cat=0
split_feature=2 6 1 2 8 4 2 1 4 4
split_gain=5.48449 4.24079 4.99673 3.56716 6.42167 1.15826 0.764675 3.71207 0.0200855 0.0596505
threshold=-0.99981480381338828 1.0000000180025095e-35 0.081675638985454754 -0.098820138732871751 12.740000000000002 1003.5500000000001 -0.72066714955386113 -0.54883787585413535 984.55000000000007 983.95000000000016
decision_type=2 2 2 2 2 2 2 2 2 2
left_child=-1 2 6 4 -4 -5 7 -2 9 -3
right_child=1 8 3 5 -6 -7 -8 -9 -10 -11
leaf_value=0.020481207886921551 0.019181695799112785 -0.1214978362473369 0.0061925306370388027 0.00083119784364335807 0.02051143005138454 -0.043391448017246835 -0.11881489992750566 -0.06694423704022627 -0.17463993344695861 -0.054736829980516308
leaf_weight=185.07436048984528 581.48316448926926 276.00494283437729 4076.4129763841629 1710.0774237513542 876.23397827148438 1591.9408695399761 4223.8452470600605 1809.5804744064808 8319.0690822601318 94.423408061265945
leaf_count=132 370 452 1967 1414 253 1524 4686 1210 10881 162
internal_value=-0.000775532 -0.000880056 -9.65169e-05 0.00115105 0.00244497 -0.000780666 -0.00165789 -0.000551155 -0.00221679 -0.0013821
internal_weight=23744.1 23559.1 14869.6 8254.67 4952.65 3302.02 6614.91 2391.06 8689.5 370.428
internal_count=23051 22919 11424 5158 2220 2938 6266 1580 11495 614
is_linear=0
shrinkage=0.0761716


Tree=38
num_leaves=14
num_cat=0
split_feature=1 6 4 2 2 1 4 2 1 1 3 4 6
split_gain=5.20132 5.18544 6.22981 3.49837 3.43749 2.76776 2.51726 2.04612 2.52377 8.26662 1.72966 1.1259 1.02307
threshold=0.51973899919070166 -0.78656609248549325 983.95000000000016 -0.99981480381338828 -0.83352489619613901 0.98664879617890844 994.35000000000002 -0.72066714955386113 -0.53436760985011611 -0.56314550935064722 0.65500000000000014 1005.2500000000001 -0.12940952255126037
decision_type=2 2 2 2 2 2 2 2 2 2 2 2 2
left_child=3 2 -2 -1 -3 6 -4 8 9 -5 -6 -10 -12
right_child=1 4 5 7 10 -7 -8 -9 11 -11 12 -13 -14
leaf_value=0.014274793697797184 0.027759331990477386 -0.0036332443813763718 0.0071866541910027178 -0.065398912681203084 0.041768098892567884 -0.0069928508014103661 1.7241749343409673e-05 -0.12857304792556859 -0.034192293098165231 0.025600501139818498 -9.0386411209556936e-05 0.0016600715790969802 -0.081625428758089383
leaf_weight=214.96115690469742 272.03602772951126 154.31847679615021 1348.6439850330353 721.4023329615593 135.90161320567131 628.45130378007889 1027.7020156085491 9683.8616837859154 2796.3166128993034 176.23721551895142 2209.7027655243874 1777.4329028725624 2802.1546365618706
leaf_count=128 62 103 546 674 130 218 636 11223 2830 150 1593 1351 3547
internal_value=-0.000630975 0.000869102 0.00325132 -0.00147028 -0.000598249 0.00223253 0.00342585 -0.00160948 -0.00042466 0.00325271 -0.000942131 -0.00115478 -0.00117915
internal_weight=23949.1 8578.91 3276.83 15370.2 5302.08 3004.8 2376.35 15155.3 5471.39 897.64 5147.76 4573.75 5011.86
internal_count=23191 6835 1462 16356 5373 1400 1182 16228 5005 824 5270 4181 5140
is_linear=0
shrinkage=0.0761716


Tree=39
num_leaves=17
num_cat=0
split_feature=1 6 4 2 1 2 5 2 4 8 8 2 2 7 1 1
split_gain=6.69213 5.50889 3.19968 3.68949 5.05541 2.64889 2.01503 1.94452 2.10817 1.81036 2.01699 1.1472 0.895086 1.03237 1.40631 0.344035
threshold=0.49002412863433359 -0.70710678118654757 986.85000000000002 -0.36572252349726903 0.84293373149377093 -0.99981480381338828 -0.78656609248549303 1.0000000180025095e-35 1005.9500000000002 10.310000000000002 10.925000000000002 -0.82389248692129191 -0.72066714955386113 6.7499999999999991 -0.54883787585413535 0.38168568572378603
decision_type=2 2 2 2 2 2 2 2 2 2 2 2 2 2 2 2
left_child=5 2 3 4 -2 -1 7 8 -3 11 -11 -4 13 15 -15 -7
right_child=1 6 9 -5 -6 12 -8 -9 -10 10 -12 -13 -14 14 -16 -17
leaf_value=0.017833788096041036 0.00016160644442972079 0.0052662281548821179 0.0058272539781819678 -0.00016321371832052998 0.023408461375570164 -0.063795970905102597 -0.15857670756295267 -0.050515380293620106 0.0093186646542287553 0.068096858234381233 0.006938871983111234 -0.036864290002103124 -0.12603886544288595 0.0020069676960727994 -0.010766881940937919 -0.064482427499611375
leaf_weight=187.98353135585785 292.33489376306534 999.91278350353241 201.13941419124603 483.44122731685638 331.10271948575974 3214.9935300052166 2894.3110082447529 729.14906325936317 226.78830981254578 188.66271084547043 1626.5225515663624 874.01782202720642 9465.6545508801937 201.37067604064941 1432.855637639761 304.27994698286057
leaf_count=132 120 497 49 126 61 3442 3796 828 131 71 913 436 11046 118 857 349
internal_value=-0.000729922 0.000925068 0.00301938 0.00650668 0.0103742 -0.00172089 -0.00079527 0.00108201 0.00294151 0.00166799 0.00313687 -0.000784696 -0.00183866 -0.00101903 0.000547894 -0.00175538
internal_weight=23654.5 8847.38 3997.22 1106.88 623.438 14807.1 4850.16 1955.85 1226.7 2890.34 1815.19 1075.16 14619.2 5153.5 1634.23 3519.27
internal_count=22972 7028 1776 307 181 15944 5252 1456 628 1469 984 485 15812 4766 975 3791
is_linear=0
shrinkage=0.0761716


Tree=40
num_leaves=17
num_cat=0
split_feature=2 7 0 5 8 3 4 1 4 1 1 4 9 7 7 9
split_gain=5.46104 7.98809 3.46933 3.73962 3.1864 3.30665 4.36606 1.5898 1.25348 0.830513 1.19428 0.677952 1.1204 0.0887974 0.0528982 0.0477952
threshold=-0.12447465306484827 10.320000000000004 -0.37940952255126015 -1.0000000180025095e-35 6.4499999999999984 2.9350000000000005 1002.7500000000001 0.98521098335796142 984.35000000000002 0.56314550935064711 0.59125596962661842 1004.35 -2.295086359824086 6.3150000000000004 16.100000000000005 5.4825640581124047
decision_type=2 2 2 2 2 2 2 2 2 2 2 2 2 2 2 2
left_child=1 4 8 -4 13 7 -7 -6 -3 14 -11 12 -12 -1 -2 -13
right_child=9 2 3 -5 5 6 -8 -9 -10 10 11 15 -14 -15 -16 -17
leaf_value=-0.085447375651630575 -0.14410288352603878 -0.0055230978453939157 0.025364930227965467 -0.0077201967327675891 -0.0092745591843658663 -0.014972515592819154 0.011545080755869594 -0.039946008721185151 -0.031242944546231659 0.019821669422651539 0.0027096632668897835 -0.059760268401651682 -0.0021947107393942462 0.024941912930115311 -0.0064934899660426719 -0.023342893111566631
leaf_weight=3121.1814399957657 7550.8794760107994 374.23818188905716 427.07896786928177 299.95506104826927 4275.8972242176533 1592.7872413098812 1475.4057678282261 180.42086952924728 348.1719970703125 126.60225453972816 335.096235871315 1833.5923672616482 1823.598113566637 75.964447557926178 87.437659293413162 99.459971606731415
leaf_count=3764 8708 113 96 157 3683 1408 799 86 126 132 370 1938 1555 49 112 75
internal_value=-0.000610265 0.000521131 0.00582336 0.00953999 -0.000194118 0.000658694 0.00258397 -0.000660669 0.002017 -0.00177415 -0.00090298 -0.00113661 -0.000192222 -0.00220978 -0.00225065 -0.00217327
internal_weight=24027.8 12171.1 1449.44 727.034 10721.7 7524.51 3068.19 4456.32 722.41 11856.7 4218.35 4091.75 2158.69 3197.15 7638.32 1933.05
internal_count=23171 10281 492 253 9789 5976 2207 3769 239 12890 4070 3938 1925 3813 8820 2013
is_linear=0
shrinkage=0.0761716


Tree=41
num_leaves=17
num_cat=0
split_feature=2 8 5 1 3 9 8 9 1 6 9 6 0 1 1 3
split_gain=5.5521 8.4058 5.31461 4.27291 4.83341 2.99788 1.76388 1.92337 0.786093 1.25483 1.07134 2.72487 1.15359 0.458114 0.945363 2.16102
threshold=-0.10737736916418625 7.330000000000001 0.12940952255126045 0.96683886033945965 3.6350000000000002 3.4457137549533692 12.780000000000001 4.1841448410849909 0.49002412863433359 -0.5 -2.295086359824086 -0.9159756150367534 -0.5 0.25118773779856129 0.39753913293121995 3.2550000000000003
decision_type=2 2 2 2 2 2 2 2 2 2 2 2 2 2 2 2
left_child=1 13 3 4 -3 -5 -4 -8 -2 10 11 -10 -12 -1 15 -15
right_child=8 2 6 5 -6 -7 7 -9 9 -11 12 -13 -14 14 -16 -17
leaf_value=-0.055934773172945755 -0.14058522669927481 0.0051188222500610425 -0.052000598159616877 0.014632098354990427 0.02019114020445047 0.014545382805312155 -0.013537049045748369 0.019872857718430732 0.023163735781771624 -0.14621541303651453 0.0070199780186861556 -0.063567280338628074 -0.0020356719287239898 0.025071403540766351 -0.044417743155729536 -0.064585650999172961
leaf_weight=3962.7835640609264 7209.9650267958641 3250.913857370615 1691.1670050024986 240.75630259513855 1102.9801971316338 391.10257932543755 149.38116264343262 131.89210307598114 131.42720499634743 2276.7125490605831 233.94762915372849 152.72583359479904 1564.3658586144447 144.88908299803734 927.04039457440376 201.0914366543293
leaf_count=4544 8307 1882 1844 80 443 151 162 54 113 2861 143 167 1016 158 843 194
internal_value=-0.000584988 0.000547101 0.00228346 0.00360839 0.00274493 0.00946978 -0.00105012 0.0044724 -0.00178076 -0.000959857 0.000378596 0.00470694 -0.000294373 -0.00175449 -0.000464503 0.0028846
internal_weight=23763.1 12194 6958.19 4985.75 4353.89 631.859 1972.44 281.273 11569.1 4359.18 2082.47 284.153 1798.31 5235.8 1273.02 345.981
internal_count=22962 10355 4616 2556 2325 231 2060 216 12607 4300 1439 280 1159 5739 1195 352
is_linear=0
shrinkage=0.0761716


Tree=42
num_leaves=15
num_cat=0
split_feature=2 7 1 1 1 6 2 1 6 4 3 1 3 1
split_gain=4.0702 5.26476 3.01812 10.0921 2.72732 0.87649 0.955453 0.779333 1.29156 1.78083 2.57536 0.309403 0.191306 0.011203
threshold=-0.073092422389869308 5.464999999999999 -0.57728627067906269 -0.53436760985011611 -0.012910176522261644 -0.98296291314453399 -0.82389248692129191 0.4749466738948262 -0.5 1006.0500000000001 1.5850000000000002 0.96683886033945965 3.7750000000000004 0.90880922144842613
decision_type=2 2 2 2 2 2 2 2 2 2 2 2 2 2
left_child=1 5 12 -4 -5 6 -1 -2 9 10 -9 13 -3 -7
right_child=7 2 3 4 -6 11 -8 8 -10 -11 -12 -13 -14 -15
leaf_value=0.0084052381435183437 -0.13872519437148612 -0.050361113057583083 0.036602637402924951 -0.073902264342318072 0.0075106853624812729 -0.080104402440450639 -0.17661410805897254 0.0037832869076934671 -0.16520188450091747 -0.07339307713429466 0.00054091084733580885 0.045786786488138699 0.034691513338464104 -0.13455350770508509
leaf_weight=271.68422842025757 7093.5808972716331 1139.9985637962818 148.93929398059845 893.2903873026371 5477.1227563023567 4080.4090150892735 254.25160148739815 202.7038808465004 2218.012894898653 840.92079910635948 998.8736574947834 103.24905493855476 156.99118435382843 100.19386458396912
leaf_count=120 8120 1025 82 712 3120 5250 123 132 2828 719 596 57 100 91
internal_value=-0.000725421 0.000213444 0.0014356 0.00210543 0.00163683 -0.00176586 0.00112527 -0.00177201 -0.000944145 0.000424977 0.00231714 -0.00212861 -0.00190448 -0.00223399
internal_weight=23980.2 12626.1 7816.34 6519.35 6370.41 4809.79 525.936 11354.1 4260.51 2042.5 1201.58 4283.85 1296.99 4180.6
internal_count=23075 10680 5039 3914 3832 5641 243 12395 4275 1447 728 5398 1125 5341
is_linear=0
shrinkage=0.0761716


Tree=43
num_leaves=16
num_cat=0
split_feature=1 6 4 4 2 2 1 4 2 5 5 0 2 2 4
split_gain=4.36116 5.67863 2.6211 2.20675 1.64472 1.36426 10.5962 1.07246 0.894437 1.47634 0.521701 0.632668 0.0346013 0.168084 0.00603797
threshold=0.21772121422198085 -0.5 1010.1500000000002 1008.9500000000002 -0.9668120007078248 -0.8140159405215136 -0.54883787585413535 1007.9500000000002 -0.99271195016773384 -0.78656609248549303 -0.78656609248549303 -0.9159756150367534 -0.72066714955386113 -0.73829900574246976 985.35000000000002
decision_type=2 2 2 2 2 2 2 2 2 2 2 2 2 2 2
left_child=5 2 3 7 -3 6 -1 -2 9 -8 11 -6 13 -7 -12
right_child=1 4 -4 -5 10 12 8 -9 -10 -11 14 -13 -14 -15 -16
leaf_value=0.033814556431564703 0.0064369652281880043 0.0018615194535292617 -0.067683440807380382 0.021382663999959063 -0.044294012565584455 -0.096673483451706427 0.0079029298120714755 -0.036223724053349331 -0.05555932055299128 -0.0067865829408307755 -0.048574098081705638 0.015689956033790711 -0.085737027048356368 0.052794009784285577 -0.21729550835826134
leaf_weight=181.72470438480377 4723.0718809366226 95.392929345369339 759.11317852139473 280.81167951226234 1131.3621278107166 483.01485848426819 239.54742193222046 305.01252430677414 2328.6223453879356 821.94013494253159 200.66902685165405 503.82597300410271 8337.8029045760632 149.08970221877098 3371.7829800546169
leaf_count=131 2073 94 769 146 1139 445 195 147 2206 728 325 396 9800 132 4280
internal_value=-0.00074816 0.000329849 0.00192298 0.00252437 -0.00148726 -0.00172789 -0.000457421 0.00214605 -0.00143247 0.000374355 -0.00167561 -0.000522238 -0.00223 -0.00150588 -0.00219396
internal_weight=23912.8 11371 6068.01 5308.9 5303.03 12541.7 3571.83 5028.08 3390.11 1061.49 5207.64 1635.19 8969.91 632.105 3572.45
internal_count=23006 9369 3135 2366 6234 13637 3260 2220 3129 923 6140 1535 10377 577 4605
is_linear=0
shrinkage=0.0761716


Tree=44
num_leaves=17
num_cat=0
split_feature=1 6 0 4 4 3 2 5 3 4 0 3 5 1 2 4
split_gain=4.0064 4.38144 2.12546 1.46278 1.4545 1.36453 0.302524 0.836947 1.45011 2.5782 0.263671 0.615125 0.0794499 0.164715 0.0564921 0.0100337
threshold=-0.012910176522261644 1.0000000180025095e-35 0.60355339059327384 1011.1500000000002 987.25000000000011 3.2750000000000004 -0.72066714955386113 -0.78656609248549303 2.6750000000000003 1002.7500000000001 -0.9159756150367534 1.5050000000000001 -0.60355339059327362 -0.4900241286343337 -0.96227343267549392 990.55000000000007
decision_type=2 2 2 2 2 2 2 2 2 2 2 2 2 2 2 2
left_child=6 2 3 5 -4 -2 7 8 -1 -10 11 -3 13 -9 -13 -6
right_child=1 10 4 -5 15 -7 -8 12 9 -11 -12 14 -14 -15 -16 -17
leaf_value=-0.050241577809709302 0.010272920103907133 0.0041402694968411266 0.017296695934776833 -0.077794679112814319 -0.033323888047581657 0.0015894999380434811 -0.081904293513432869 0.0019142182897439808 -0.11858069371576471 0.048772606286470302 -0.24780460766456708 0.014206923119078197 -0.066498471693701419 -0.11022901751591212 -0.034840958715287362 -0.13468809214968949
leaf_weight=380.82675230503082 3914.2928193211555 135.86555594205856 197.5554763674736 538.33563414216042 292.65351939201355 2511.3891480267048 7647.6188807785511 117.76874807476997 157.62814044952393 162.29949960112572 3677.6395154297352 75.671261817216873 1885.9954864680767 215.63137897849083 629.17073148488998 1332.9466434121132
leaf_count=351 1944 144 170 622 257 1130 9145 78 176 72 4691 75 2020 166 703 1384
internal_value=-0.00091509 -3.32215e-05 0.000955512 0.00156365 -0.00134912 0.00188595 -0.00202216 -0.00133409 0.000927472 0.00471774 -0.00196238 -0.000687763 -0.00206249 -0.000813653 -0.00162604 -0.00211412
internal_weight=23873.3 13305.5 8787.17 6964.02 1823.16 6425.68 10567.8 2920.15 700.754 319.928 4518.35 840.708 2219.4 333.4 704.842 1625.6
internal_count=23128 11120 5507 3696 1811 3074 12008 2863 599 248 5613 922 2264 244 778 1641
is_linear=0
shrinkage=0.0761716


Tree=45
num_leaves=17
num_cat=0
split_feature=6 7 2 9 4 2 8 5 9 2 4 7 8 0 6 2
split_gain=3.53431 2.47988 2.10406 4.19278 4.36305 2.33284 1.93219 1.59905 1.99617 1.99423 3.59378 1.20433 2.05251 0.274695 0.244024 0.419184
threshold=-0.5 5.7800000000000002 0.064506059999340642 -1.2464713986308433 1004.7500000000001 -0.44437817810461328 13.205000000000002 -0.78656609248549303 0.67529502461644253 -0.073092422389869308 1005.9500000000002 12.685000000000004 13.355 -0.5 -0.98296291314453399 -0.82389248692129191
decision_type=2 2 2 2 2 2 2 2 2 2 2 2 2 2 2 2
left_child=1 6 3 4 -3 -5 14 8 -2 10 -10 13 -13 -4 15 -1
right_child=7 2 11 5 -6 -7 -8 -9 9 -11 -12 12 -14 -15 -16 -17
leaf_value=-0.0021333412613183051 -0.033754663023453771 -0.00020991011549611425 -0.023473936687922043 -0.0015745182320010278 0.008286742486556347 0.012902625736658875 0.041026315827042768 -0.2861134556648916 0.0048278671303990505 -0.063761979746888159 0.0067351716965540756 0.019838319823805128 9.7894350031123147e-06 -0.030645002928959806 -0.055585326127810926 -0.060662527525278682
leaf_weight=374.11219608783722 1950.2895599007607 334.1009556055069 287.15017768740654 2637.7477614879608 231.60794919729233 1944.6531715095043 137.09405663609505 8593.2426641583443 750.2732575237751 569.92648935317993 203.58159393072128 107.47346803545952 688.6612950861454 1913.5582981407642 2906.8610835075378 414.51077926158905
leaf_count=153 2482 182 280 895 80 590 115 11490 532 768 112 87 597 2018 2480 249
internal_value=-0.000741478 0.000183137 0.000937211 0.00187251 0.00805124 0.00109837 -0.00141077 -0.00166163 -0.000272001 0.00178128 0.0039171 -0.000659322 0.00185704 -0.00158505 -0.00174909 -0.000505116
internal_weight=24044.8 11977.5 8144.95 5148.11 565.709 4582.4 3832.58 12067.3 3474.07 1523.78 953.855 2996.84 796.135 2200.71 3695.48 788.623
internal_count=23110 7726 4729 1747 262 1485 2997 15384 3894 1412 644 2982 684 2298 2882 402
is_linear=0
shrinkage=0.0761716


Tree=46
num_leaves=17
num_cat=0
split_feature=1 4 9 2 1 1 5 2 4 2 1 1 8 0 2 3
split_gain=3.57456 2.17219 2.26377 13.8465 1.77139 5.28149 1.71089 3.94226 5.41185 1.28653 3.36645 1.54471 1.16605 0.990267 0.854128 0.412125
threshold=0.49002412863433359 990.55000000000007 -1.4974732068749466 -0.2511900638848194 0.92591620288614507 0.90880922144842613 -0.78656609248549303 -0.9668120007078248 1005.1500000000002 -0.098820138732871751 0.9821165111257959 0.56314550935064711 8.2500000000000036 -0.70710678118654757 -0.65187484896379921 3.2550000000000003
decision_type=2 2 2 2 2 2 2 2 2 2 2 2 2 2 2 2
left_child=6 2 3 -2 5 -4 7 8 12 10 11 -3 -1 -9 -15 -6
right_child=1 9 4 -5 15 -7 -8 13 -10 -11 -12 -13 -14 14 -16 -17
leaf_value=-0.028943390180172772 -0.0098148532151095171 0.0083583008038191891 0.0050699978504455496 0.012978164052358377 -0.0046882190835565935 0.028525316849202013 -0.052680567543469788 -0.050551802335001866 0.024194452261118184 -0.014744322254477757 0.0049387754179464963 -0.10089217635417146 0.021871603129590335 0.0089805124458207184 -0.028197168911762247 -0.0075674522805753474
leaf_weight=258.392846763134 372.67276549339294 407.53343731164932 1779.7558491826057 122.92859178781509 700.25437697768211 162.56293058395386 12078.635909438133 1807.0339299142361 164.42317336797714 3298.7760999798775 375.92943528294563 1081.4047943949699 152.36056768894196 316.85742783546448 456.44458535313606 769.58987763524055
leaf_count=245 320 171 1220 65 445 80 12739 2381 80 3497 166 824 91 137 455 381
internal_value=-0.000877888 0.000316273 0.00167295 0.0064794 0.000960845 0.00247381 -0.00159095 -1.65492e-06 0.00567483 -0.00070475 0.000882704 -0.000728016 0.000884579 -0.00128396 0.000966463 -0.00101816
internal_weight=24305.6 9071.41 3907.76 495.601 3412.16 1942.32 15234.1 3155.51 575.177 5163.64 1864.87 1488.94 410.753 2580.34 773.302 1469.84
internal_count=23297 7169 2511 385 2126 1300 16128 3389 416 4658 1161 995 336 2973 592 826
is_linear=0
shrinkage=0.0761716


Tree=47
num_leaves=16
num_cat=0
split_feature=2 1 5 6 8 2 2 5 1 6 7 3 5 7 8
split_gain=4.40564 3.92015 2.76835 1.60421 1.58218 1.12352 1.02253 1.17368 2.4341 0.376977 0.293021 0.156156 0.282169 0.0478067 0.0183237
threshold=-0.99981480381338828 0.49002412863433359 -1.0000000180025095e-35 0.60355339059327384 8.3550000000000004 -0.83352489619613901 -0.65187484896379921 -0.60355339059327362 -0.53436760985011611 -0.37940952255126015 5.4300000000000015 0.60500000000000009 -0.78656609248549303 15.735000000000003 14.435000000000002
decision_type=2 2 2 2 2 2 2 2 2 2 2 2 2 2 2
left_child=-1 6 3 4 -3 -4 7 8 -2 -7 -9 12 -8 -13 -5
right_child=1 2 5 14 -6 9 11 10 -10 -11 -12 13 -14 -15 -16
leaf_value=0.011508158217637695 0.0055933262700082545 -0.031031770068634057 0.018991887768316503 -0.10514594218636225 0.0054514688743923781 -0.0080785697487446816 0.0046110974223125597 -0.053763119175788868 -0.0044076734106098308 -0.31595590674344459 -0.019993088881199522 -0.089467935570580595 -0.056760649352025683 -0.026077934577415109 -0.025349670583020307
leaf_weight=221.18236550688744 408.9511413872242 751.20655173063278 197.47705253958702 502.63544118404388 3499.1158004105091 2186.4106858968735 85.411984294652939 1965.1166863143444 1529.0283447802067 1653.477471768856 1598.2185739278793 8863.8655778765678 166.31110715866089 86.907364964485168 124.53231760859489
leaf_count=136 319 427 137 704 1930 1420 91 2313 1148 2251 1296 10311 183 107 163
internal_value=-0.000776107 -0.000878065 0.000379328 0.00160273 0.0021369 -0.00109101 -0.00164247 -0.00081112 0.000685563 -0.00138644 -0.00163377 -0.00213565 -0.000126759 -0.0021886 -0.00196099
internal_weight=23839.8 23618.7 8914.86 4877.49 4250.32 4037.37 14703.8 5501.31 1937.98 3839.89 3563.34 9202.5 251.723 8950.77 627.168
internal_count=22936 22800 7032 3224 2357 3808 15768 5076 1467 3671 3609 10692 274 10418 867
is_linear=0
shrinkage=0.0761716


Tree=48
num_leaves=17
num_cat=0
split_feature=6 1 9 4 2 1 2 1 4 1 5 9 2 7 1 0
split_gain=4.93201 3.75975 4.06733 7.26259 2.32426 5.58225 2.30861 3.81129 2.11109 1.25259 1.05199 1.24261 1.46772 1.51602 1.4515 0.804178
threshold=-0.5 0.8140385552266387 -1.4974732068749466 994.35000000000002 -0.8140159405215136 -0.51973899919070132 -0.36572252349726903 0.89391031859722891 1004.7500000000001 0.97109105924028427 -0.78656609248549303 0.67529502461644253 -0.69014782361074123 7.2200000000000015 0.99052327954040398 -0.37940952255126015
decision_type=2 2 2 2 2 2 2 2 2 2 2 2 2 2 2 2
left_child=1 4 3 -3 5 -1 7 -4 -7 -8 11 -2 13 -13 -14 -6
right_child=10 2 6 -5 15 8 9 -9 -10 -11 -12 12 14 -15 -16 -17
leaf_value=0.041959743398517817 -0.03270897660104178 0.010640811192638945 -0.010159746328505167 -0.033658902995951243 -0.0012310862297042024 -0.0091655073499469272 -0.010841010645960743 0.016315622164453859 0.010290731337752728 0.0032035466382542223 -0.25361680108398754 -0.010822482102985066 -0.025802175147270071 0.0070646390492640401 0.0042249766755541266 -0.024224936295289025
leaf_weight=198.75448668003082 1911.2908220291138 202.6065788269043 379.75583153963089 208.82067936658859 1355.3668752014637 1570.7606864869595 931.31557139754295 332.59320324659348 1433.0502804517746 1304.4290280342102 8586.817364692688 126.20950496196747 945.29176780581474 297.92554995417595 166.20222991704941 3882.6990568637848
leaf_count=91 2434 72 107 222 1149 947 423 83 510 435 11497 107 1038 178 113 3595
internal_value=-0.000673842 0.000430535 0.00258585 0.00966888 -0.000424203 0.00118638 0.00157836 0.0053485 0.000351829 0.000357876 -0.00175922 -0.000621806 0.000977261 0.00477978 -0.000454251 -0.00141499
internal_weight=23833.9 11800.2 3359.52 411.427 8440.63 3202.57 2948.09 712.349 3003.81 2235.74 12033.7 3446.92 1535.63 424.135 1111.49 5238.07
internal_count=23001 7634 1342 294 6292 1548 1048 190 1457 858 15367 3870 1436 285 1151 4744
is_linear=0
shrinkage=0.0761716


Tree=49
num_leaves=17
num_cat=0
split_feature=6 1 4 4 2 3 1 2 1 1 4 0 2 7 9 3
split_gain=3.65054 2.75617 2.81731 2.72 3.47903 2.33984 2.05593 1.03814 1.92448 7.15852 0.527339 0.352163 0.532108 2.14147 1.57068 0.214836
threshold=1.0000000180025095e-35 -0.012910176522261644 1007.2500000000001 1004.9500000000002 -0.8140159405215136 0.65500000000000014 0.67125374152323958 -0.65187484896379921 -0.53436760985011611 -0.57728627067906269 1007.5500000000001 -0.78656609248549325 -0.12447465306484827 7.6400000000000023 1.872540956537682 0.60500000000000009
decision_type=2 2 2 2 2 2 2 2 2 2 2 2 2 2 2 2
left_child=1 7 3 6 -5 -4 -3 8 9 -1 -10 12 13 -2 -15 -9
right_child=11 2 5 4 -6 -7 -8 15 10 -11 -12 -13 -14 14 -16 -17
leaf_value=-0.018576251364860293 -0.058711606759994865 -0.0046593367393144205 0.034140382566737772 0.01113767422670381 -0.057748044301983298 -0.035600198436650875 0.0075775600513181647 0.0043536366064328893 -0.043785985144624097 0.038763603162917777 -0.048151994170113378 -0.26912958981033619 -0.12022808905106411 0.016620056318149529 0.0023633743814635315 -0.043513712142444594
leaf_weight=717.19405534863472 754.79978981614113 2142.8992623984814 116.03935179114342 631.73562148213387 459.61316955089569 2353.5233906805515 3363.2849673628807 137.7229075729847 1259.7207122445107 158.99506065249443 220.4718591272831 6524.1609608829021 1171.7546181082726 120.89286160469055 152.11587163805962 3793.1443302333355
leaf_count=473 1067 1688 72 200 205 1953 1583 118 959 100 94 8698 1591 90 109 4267
internal_value=-0.00071582 -6.74025e-06 0.000840934 0.00166435 0.00514002 -0.00134561 0.000967483 -0.001234 1.72418e-05 0.00285431 -0.00164334 -0.00195986 -0.00109603 0.000140908 0.00591462 -0.00199147
internal_weight=24078.1 15354.3 9067.1 6597.53 1091.35 2469.56 5506.18 6287.25 2356.38 876.189 1480.19 8723.72 2199.56 1027.81 273.009 3930.87
internal_count=23267 11712 5701 3676 405 2025 3271 6011 1626 573 1053 11555 2857 1266 199 4385
is_linear=0
shrinkage=0.0761716


Tree=50
num_leaves=17
num_cat=0
split_feature=1 6 4 9 1 3 4 4 1 9 4 0 3 1 8 8
split_gain=5.01818 3.65626 2.96841 1.85549 4.29909 2.33524 1.12733 1.73777 1.88125 2.67882 0.737477 1.03765 0.616148 0.217041 0.160233 0.825755
threshold=0.50495637864894027 1.0000000180025095e-35 1009.85 -1.7620742962874762 0.8140385552266387 2.2750000000000004 1002.7500000000001 1007.85 -0.012910176522261644 -0.060029462099834056 986.1500000000002 -0.60355339059327384 2.5950000000000002 0.54883787585413535 7.580000000000001 7.4100000000000028
decision_type=2 2 2 2 2 2 2 2 2 2 2 2 2 2 2 2
left_child=6 2 3 4 -2 -5 -1 8 12 -10 11 -3 -8 -12 15 -9
right_child=1 10 -4 5 -6 -7 7 14 9 -11 13 -13 -14 -15 -16 -17
leaf_value=-0.12448076610587196 -0.00073965223195286689 0.081721779357349936 -0.05529572919975035 -0.0013782535426850118 0.011548939780771596 0.010373122283669539 -0.038808312595240757 -0.037564151409733522 0.008818154320871463 -0.0016574224728615578 0.0055719795788419417 -0.10708104077294892 0.0060922654487962774 -0.081831287819158383 -0.055149701567897211 0.024293777498300088
leaf_weight=6903.0439138412476 373.23042541742325 126.70116966962814 885.31302604079247 1498.5044664740562 354.61510998010635 2999.9847064614296 1427.5192787051201 1231.6924765110016 547.12036857008934 757.41663339734077 145.72820600867271 174.86667823791504 954.08688926696777 2177.0688162147999 3230.3651761412621 113.21500822901726
leaf_count=8243 247 133 873 801 204 1341 1310 1420 370 418 147 271 713 2901 3603 110
internal_value=-0.000662779 0.000788901 0.0018122 0.00250589 0.00608754 0.00191595 -0.00150112 -0.000893952 0.000329571 0.00265772 -0.00158166 0.00189555 -0.000934238 -0.00204831 -0.00188612 -0.00113398
internal_weight=23900.5 8736.01 6111.65 5226.33 727.846 4498.49 15164.5 8261.42 3686.14 1304.54 2624.36 301.568 2381.61 2322.8 4575.27 1344.91
internal_count=23105 6918 3466 2593 451 2142 16187 7944 2811 788 3452 404 2023 3048 5133 1530
is_linear=0
shrinkage=0.0761716


Tree=51
num_leaves=17
num_cat=0
split_feature=2 1 9 4 5 3 3 1 9 3 2 1 6 9 4 0
split_gain=4.61293 5.47927 2.79926 2.2961 5.7361 5.78969 2.5364 1.53373 4.10234 2.3379 0.882559 0.503014 0.693464 0.861032 1.77949 0.395545
threshold=-0.073092422389869308 0.84293373149377093 -1.7620742962874762 1005.1500000000002 -0.60355339059327362 3.1150000000000007 4.035000000000001 0.92913280730858816 5.3072922755721317 1.0850000000000002 -0.99981480381338828 0.4749466738948262 -0.5 -2.295086359824086 997.95000000000016 0.25881904510252057
decision_type=2 2 2 2 2 2 2 2 2 2 2 2 2 2 2 2
left_child=1 3 -3 10 5 -5 -6 8 -4 -9 -1 -2 13 14 -13 -15
right_child=11 2 7 4 6 -7 -8 9 -10 -11 -12 12 -14 15 -16 -17
leaf_value=0.01379536107152151 -0.10342752462991013 0.023383817924120913 0.022776277120390639 0.0084747616729211606 -0.021279249225157549 0.04436089153740598 0.035346860474310654 0.031644839212642432 -0.020152848160644918 -0.0040849478501090225 -0.01205527654746695 0.014655965824959443 -0.13205206228555383 0.0014150647348470686 -0.1119375982656282 -0.015606054097119555
leaf_weight=124.60612151026726 7072.4334763586521 179.20980170369148 592.41120055317879 754.88691118359566 2787.2923492193222 134.9037849009037 168.51134076714516 199.56137359142303 288.02390393614769 1426.3599922060966 5740.7095468342304 153.57752913236618 2255.2136218547821 1114.6677310466766 157.25387904047966 713.95207670331001
leaf_count=100 8189 149 311 580 2563 57 77 70 116 792 5761 106 2872 567 204 599
internal_value=-0.000744792 0.000271592 0.00331658 -0.000568016 0.000872955 0.00622804 -0.000732998 0.00263488 0.00520153 0.00121917 -0.00151808 -0.00184607 -0.00118957 -0.000190499 0.00347809 -0.000835604
internal_weight=23863.6 12396.5 2685.57 9710.91 3845.59 889.791 2955.8 2506.36 880.435 1625.92 5865.32 11467.1 4394.66 2139.45 310.831 1828.62
internal_count=23113 10576 1438 9138 3277 637 2640 1289 427 862 5861 12537 4348 1476 310 1166
is_linear=0
shrinkage=0.0761716


Tree=52
num_leaves=17
num_cat=0
split_feature=5 6 1 1 4 9 3 4 9 4 9 3 0 1 8 1
split_gain=3.25826 2.71111 2.01274 4.09179 4.99186 1.20914 1.0416 2.61748 0.491921 0.962932 0.471513 0.539127 0.736312 0.272403 0.225507 0.181392
threshold=0.12940952255126045 -0.12940952255126037 -0.012910176522261644 0.11593352601052392 1002.7500000000001 -1.4605431053768763 2.5950000000000002 1005.2500000000001 4.1841448410849909 987.25000000000011 0.38724334125376819 2.5950000000000002 -0.78656609248549325 0.98046008095854986 8.3950000000000014 -0.99762106698677366
decision_type=2 2 2 2 2 2 2 2 2 2 2 2 2 2 2 2
left_child=1 2 6 4 -4 -5 15 -8 -2 -10 -3 14 -13 -11 -12 -1
right_child=8 10 3 5 -6 -7 7 -9 9 13 11 12 -14 -15 -16 -17
leaf_value=0.014856342616455005 -0.11881192665166582 -0.080127133431524583 -0.13047123948096243 0.0088249387730636644 0.020462489120052024 0.0033363964082777481 -0.0060529645153870968 0.012405785669390716 0.0010740394016903959 -0.055048886607931516 -0.013051986196981856 0.0087811518110527155 -0.068391836602903225 0.030164698400364405 -0.053270072516496902 -0.028608739429754615
leaf_weight=174.38529449701309 8100.851045191288 3099.7378723323345 185.02050310373306 987.64571192860603 324.01197719573975 4272.0811713635921 1432.5256266891956 607.66712227463722 201.68930149078369 624.91313073039055 509.48873975872993 402.66472539305687 317.79243615269661 101.79119896888733 963.33760511875153 1695.6534368991852
leaf_count=77 9835 4275 156 742 121 1789 1229 496 79 549 662 361 403 90 1100 1198
internal_value=-0.000839472 -0.000147904 0.000607754 0.00151355 0.00802254 0.000873657 -0.000720706 0.000456969 -0.00198234 -0.00028151 -0.00153521 -0.000658587 0.00102062 -0.00160693 -0.00150155 -0.00202095
internal_weight=24001.3 14972 9678.99 5768.76 509.032 5259.73 3910.23 2040.19 9029.24 928.394 5293.02 2193.28 720.457 726.704 1472.83 1870.04
internal_count=23162 12609 5808 2808 277 2531 3000 1725 10553 718 6801 2526 764 639 1762 1275
is_linear=0
shrinkage=0.0761716


Tree=53
num_leaves=16
num_cat=0
split_feature=5 2 8 5 4 3 1 4 9 1 2 8 7 4 7
split_gain=3.05129 2.2372 2.60785 1.4359 4.83302 1.74983 1.1445 1.54201 1.56971 0.319444 1.3444 0.280437 2.61746 0.0605963 0.0502514
threshold=0.37940952255126054 0.098816478347602127 6.5149999999999997 -0.78656609248549303 1005.4500000000002 2.9750000000000005 0.45972848220565493 1006.0500000000001 -3.6368201572534793 0.87795195455888941 -0.36572252349726903 5.4000000000000012 5.1300000000000017 988.05000000000007 15.735000000000003
decision_type=2 2 2 2 2 2 2 2 2 2 2 2 2 2 2
left_child=1 2 11 4 -4 -5 14 8 -8 -2 -11 12 -1 -12 -3
right_child=9 6 3 5 -6 -7 7 -9 -10 10 13 -13 -14 -15 -16
leaf_value=-0.050450682969858662 -0.14979346752984518 -0.075208024937770332 0.0034001731774539177 -0.0021941268530766321 0.012919327925720042 0.0067559333232178912 0.012867388062668173 -0.083119328966353684 0.0017045897552920226 0.014228905239528924 -0.04663358180248247 -0.02733889088949654 0.013002955718271536 -0.11594932262670087 -0.0047853784732029853
leaf_weight=1046.5425149798393 6057.2260327637196 3593.5174777507782 1864.4244131147861 3062.5495016872883 584.96574699878693 2428.0274911522865 193.39542752504349 1042.4078182280064 1233.3419641852379 170.46204587817192 157.05654588341713 1456.8134402632713 106.40910992026329 769.23956233263016 80.267262548208237
leaf_count=1200 7424 4569 1182 1884 383 1239 192 1145 1096 134 157 1396 70 939 107
internal_value=-0.000703575 -0.000137393 0.000533386 0.00122213 0.00275774 0.000530314 -0.00129417 -1.2965e-05 0.00160012 -0.00201972 -0.000776555 -0.00154914 -0.000621454 -0.0019482 -0.00214609
internal_weight=23846.6 16692.7 10549.7 7939.97 2449.39 5490.58 6142.93 2469.15 1426.74 7153.98 1096.76 2609.77 1152.95 926.296 3673.78
internal_count=23117 14463 7354 4688 1565 3123 7109 2433 1288 8654 1230 2666 1270 1096 4676
is_linear=0
shrinkage=0.0761716


Tree=54
num_leaves=17
num_cat=0
split_feature=5 1 2 4 5 8 0 9 6 4 0 6 9 4 9 3
split_gain=3.20515 2.60731 2.6755 5.49088 5.82259 1.88346 0.949331 2.59501 0.924687 1.33167 1.77376 0.237053 0.200947 0.953109 0.00505294 0.0421481
threshold=0.37940952255126054 -0.012910176522261644 -0.098820138732871751 1005.9500000000002 -0.78656609248549303 14.525 1.0000000180025095e-35 -2.2636592998010943 -0.37940952255126015 1001.85 -0.5 -0.12940952255126037 4.4907777272588563 987.95000000000016 3.3778278428707673 3.9550000000000005
decision_type=2 2 2 2 2 2 2 2 2 2 2 2 2 2 2 2
left_child=1 8 3 5 -5 -3 11 -8 9 -1 -11 -4 14 -14 -2 -16
right_child=12 2 6 4 -6 -7 7 -9 -10 10 -12 -13 13 -15 15 -17
leaf_value=-0.065928870989601901 -0.13437349246844968 -0.0011043309611685481 -0.0019362142734435925 0.0064764984251273134 0.0099036697461121134 0.047012053520282621 0.011887258696204422 -0.0012117006943944363 -0.091956213991379501 0.009027510945037797 -0.00079697102311876899 -0.089475452680130158 0.013145066949273735 -0.13479082177137802 -0.19516110083746566 -0.0036420652266925145
leaf_weight=1544.0863091647625 6253.5500934123993 3743.9635075628757 1314.4378302097321 327.28703510761261 1180.1734720766544 202.70505160093307 147.85984292626381 849.83286827802658 3128.5111857652664 379.09492126107216 2051.6289230287075 1728.9243221879005 111.44431257247925 481.56110844016075 233.1166178882122 115.63518545031548
leaf_count=1530 7831 2146 1056 161 638 58 153 635 4435 231 1242 2129 65 414 289 100
internal_value=-0.000770443 -0.000186193 0.000637262 0.00173935 0.00564616 0.000236201 -0.000842659 0.00117648 -0.00129114 -0.000509328 0.000591738 -0.00151532 -0.00211327 -0.000687748 -0.00223622 -0.00152832
internal_weight=23793.8 16598.5 9495.18 5454.13 1507.46 3946.67 4041.05 997.693 7103.32 3974.81 2430.72 3043.36 7195.31 593.005 6602.3 348.752
internal_count=23113 14414 6976 3003 799 2204 3973 788 7438 3003 1473 3185 8699 479 8220 389
is_linear=0
shrinkage=0.0761716


Tree=55
num_leaves=17
num_cat=0
split_feature=6 0 1 0 4 1 2 4 9 4 1 7 2 2 4 7
split_gain=3.49022 2.00072 1.4603 1.79857 3.26023 1.32228 3.37022 1.23662 1.77021 0.647184 1.93146 0.420526 0.154383 0.0462712 0.262474 0.469054
threshold=-0.12940952255126037 0.60355339059327384 0.38168568572378603 -0.5 1001.85 0.98801351631316348 -0.11593459959550052 1010.1500000000002 -3.6368201572534793 988.25000000000011 0.84293373149377093 7.2500000000000027 -0.073092422389869308 -0.9668120007078248 1006.7500000000001 7.1899999999999995
decision_type=2 2 2 2 2 2 2 2 2 2 2 2 2 2 2 2
left_child=1 2 3 4 -1 13 -7 8 -4 10 -3 -5 -8 14 -2 -16
right_child=5 9 7 11 -6 6 12 -9 -10 -11 -12 -13 -14 -15 15 -17
leaf_value=-0.083410652857689407 -0.049708508744913969 -0.030622581347666506 0.01098178733883492 -0.0020412622256862998 0.012617879505385118 0.008580940876665161 -0.0089575173077049205 -0.044823026729965097 0.0058060466964150736 -0.087444874237404074 0.032823512259880595 -0.016404381624483627 -0.14443226423511724 -0.1097658080810039 -0.099188730110521137 0.010017662791902851
leaf_weight=603.81990322470665 540.39768671989441 340.43697595596313 304.33771687746048 2933.9175369739532 820.52247479557991 82.112294763326645 106.64535388350487 483.93827632069588 4150.8857400119305 2875.8187063932419 139.93902224302292 1520.4955328702927 279.94564032554626 8452.9925284683704 95.707253575325012 62.042256295681
leaf_count=672 849 493 210 1833 566 55 81 461 1662 3226 65 1269 387 10926 154 60
internal_value=-0.000819432 -5.70653e-05 0.00044478 -0.000362162 0.00198357 -0.00193912 0.00196327 0.0014112 0.00181245 -0.00168295 0.000855038 -0.00112003 -0.000972866 -0.00214296 -0.0013992 0.00119273
internal_weight=23794 14174.1 10817.9 5878.76 1424.34 9619.84 468.703 4939.16 4455.22 3356.19 480.376 4454.41 386.591 9151.14 698.147 157.75
internal_count=22969 10457 6673 4340 1238 12512 523 2333 1872 3784 558 3102 468 11989 1063 214
is_linear=0
shrinkage=0.0761716


Tree=56
num_leaves=17
num_cat=0
split_feature=2 5 4 5 8 9 8 1 1 8 6 4 4 1 6 9
split_gain=3.37133 3.46774 2.9855 7.14518 2.76961 2.18596 2.98894 1.24602 5.85486 1.02073 0.954812 0.968894 1.18616 1.29181 0.760208 1.02895
threshold=-0.055914918885874271 -0.78656609248549303 1007.1500000000002 -0.91597561503675329 10.310000000000002 2.8489667944757149 7.2300000000000031 0.92913280730858816 0.90880922144842613 11.065000000000001 -0.5 1007.35 1005.9500000000002 0.36571913681022045 -0.70710678118654757 -0.17245329332781975
decision_type=2 2 2 2 2 2 2 2 2 2 2 2 2 2 2 2
left_child=1 2 5 -4 14 6 -1 8 -6 -9 11 12 13 -2 15 -3
right_child=10 4 3 -5 7 -7 -8 9 -10 -11 -12 -13 -14 -15 -16 -17
leaf_value=-0.0058481460469148247 -0.022478675523450734 0.0022012281977485393 -0.0098538580305792076 0.037404034212904384 0.0078297129589660532 -0.021549056636427439 0.015323750638814365 0.061822692851342079 0.041097917985599405 -0.0043021102700938479 -0.19086647590924982 -0.040600650897121539 0.005607728606052834 0.0041891137506216373 -0.11481987186349289 -0.015611920177006125
leaf_weight=946.59002217650414 1074.4492552578449 2326.8127058744431 144.82429301738739 145.16699683666229 820.42638701200485 640.55267080664635 1160.5550383627415 166.76303938031197 150.43226417899132 965.13525301218033 7078.9686536490917 1686.2781798243523 176.58033123612404 1250.6996656954288 2977.3614355921745 2373.2400142252445
leaf_count=1038 1386 1320 108 99 528 309 693 85 77 522 8297 1859 90 786 4961 1006
internal_value=-0.000660567 0.000182186 0.00243079 0.00976521 -0.000513536 0.00163601 0.00282639 0.00192841 0.0039279 0.000180276 -0.0016219 -0.000698521 0.000241723 -0.000205539 -0.00118689 -0.000573915
internal_weight=24084.8 12817.9 3037.69 289.991 9780.17 2747.7 2107.15 2102.76 970.859 1131.9 11267 4188.01 2501.73 2325.15 7677.41 4700.05
internal_count=23164 10746 2247 207 8499 2040 1731 1212 605 607 12418 4121 2262 2172 7287 2326
is_linear=0
shrinkage=0.0761716


Tree=57
num_leaves=13
num_cat=0
split_feature=5 1 2 4 2 6 4 7 4 1 6 2
split_gain=2.90468 2.60342 2.05925 1.60964 1.56249 1.42007 1.07966 1.05878 0.317814 0.882442 1.60515 0.308745
threshold=0.37940952255126054 0.38168568572378603 -0.90146829171281539 1010.1500000000002 -0.99981480381338828 0.78656609248549303 1000.7500000000001 8.0300000000000011 990.1500000000002 0.69636977696931246 -0.37940952255126015 -0.99862982478704421
decision_type=2 2 2 2 2 2 2 2 2 2 2 2
left_child=1 4 -3 5 -1 -4 11 -8 9 -2 -11 -6
right_child=8 2 3 -5 6 -7 7 -9 -10 10 -12 -13
leaf_value=0.0020457575488430518 -0.10726377151442322 0.030526759753971799 0.004876816177963564 -0.060836157261526289 0.0017584336852510631 -0.090218772146679782 0.00059365124273346641 -0.024297371619089254 -0.11117620155148647 0.024017611827503955 -0.20824306567985396 -0.11754733646233392
leaf_weight=147.06130483746529 1109.3613281548023 146.25401920080185 5368.1045189499855 903.72545695304871 102.27093154191971 731.18300691246986 4119.4541836380959 1371.2572231888771 5533.4016935527325 230.90392789244652 291.78767275810242 3730.896502584219
leaf_count=85 1770 118 2901 1020 85 997 3410 1292 6293 128 424 4579
internal_value=-0.000715893 -0.000161044 0.000933766 0.000740023 -0.000990805 0.00118805 -0.0011174 -0.000424992 -0.00199793 -0.00102582 0.00151354 -0.00210003
internal_weight=23785.7 16620.2 7149.27 7003.01 9470.94 6099.29 9323.88 5490.71 7165.45 1632.05 522.692 3833.17
internal_count=23102 14487 5036 4918 9451 3898 9366 4702 8615 2322 552 4664
is_linear=0
shrinkage=0.0761716


Tree=58
num_leaves=17
num_cat=0
split_feature=2 8 2 2 2 2 4 9 5 1 4 4 9 1 3 9
split_gain=5.00442 4.02064 2.47507 2.21793 11.3869 1.27237 1.09737 2.67109 3.817 0.635013 0.763527 0.627022 1.03302 0.692371 0.225641 0.255447
threshold=-0.12447465306484827 7.2300000000000031 -0.99981480381338828 -0.86092912513210462 -0.82389248692129191 -0.99271195016773384 1000.7500000000001 -1.405790704576219 -0.37940952255126059 0.56314550935064711 1007.6500000000002 993.75000000000011 -2.295086359824086 0.75548631800528565 0.60500000000000009 1.338392406970595
decision_type=2 2 2 2 2 2 2 2 2 2 2 2 2 2 2 2
left_child=1 6 -3 5 -5 -4 -1 8 -8 14 11 13 -13 -11 15 -2
right_child=9 2 3 4 -6 -7 7 -9 -10 10 -12 12 -14 -15 -16 -17
leaf_value=-0.10554570849214773 -0.020020793313338319 0.0099489673474125306 0.0099222998713877162 0.010672732460188347 0.0052345119043511485 -0.0087501251112723291 0.0072139873243737282 -0.019319527867284532 -0.059213454929642834 0.0050263684042025601 -0.07203777462779988 0.005142047435570945 -0.0014173521453142606 -0.0065202000779638969 -0.080155736277540093 0.0081975179850628035
leaf_weight=2415.5324180722237 106.69376030564308 169.24810081720352 523.38114729523659 460.89734002947807 4321.354024708271 1673.0815105438232 570.1406597495079 1543.9019824266434 508.03446370363235 285.57335910201073 1606.3562586903572 199.50399708747864 726.75044694542885 1299.086590141058 7367.5005924999714 92.980997681617737
leaf_count=3199 116 61 444 214 2800 1280 414 1310 534 306 1795 224 582 1081 8573 92
internal_value=-0.000449045 0.000629067 0.00179191 0.00156343 0.00248425 -0.000427841 -0.00101479 5.29298e-05 0.00296933 -0.00157595 -0.000801106 1.66885e-05 0.0016004 -0.000890549 -0.00199295 0.00040097
internal_weight=23870 12185.6 7147.96 6978.71 4782.25 2196.46 5037.61 2622.08 1078.18 11684.4 4117.27 2510.91 926.254 1584.66 7567.18 199.675
internal_count=23025 10256 4799 4738 3014 1724 5457 2258 948 12769 3988 2193 806 1387 8781 208
is_linear=0
shrinkage=0.0761716


Tree=59
num_leaves=17
num_cat=0
split_feature=5 6 2 7 1 1 4 1 2 9 9 9 4 1 7 2
split_gain=3.63521 2.38602 1.58168 1.8562 1.29319 2.47839 1.87469 1.03444 2.50345 2.42337 5.83806 0.615344 0.589919 1.43809 0.192014 0.352187
threshold=0.12940952255126045 0.60355339059327384 -0.99271195016773384 7.080000000000001 0.49002412863433359 0.56314550935064711 1000.7500000000001 0.84293373149377093 -0.36572252349726903 4.9811151179299289 2.8489667944757149 -2.3363423426244636 986.45000000000016 0.84293373149377093 6.7499999999999991 -0.073092422389869308
decision_type=2 2 2 2 2 2 2 2 2 2 2 2 2 2 2 2
left_child=1 2 3 11 6 -6 -4 -2 9 10 -9 -1 13 -3 15 -10
right_child=7 12 4 -5 5 -7 -8 8 14 -11 -12 -13 -14 -15 -16 -17
leaf_value=0.0096640750949963002 -0.10971887609062445 -0.23933854193273157 -0.080208397342863877 0.014094536223672884 0.016986357167845675 0.0024253973459854245 0.00026426452219565765 -0.044899699719574158 0.006788088370712546 -0.0037524081350173116 0.027498710905807102 -0.020853712080225968 -0.13752620595683182 0.060044781828639059 -0.036890825292061273 -0.16143837196783617
leaf_weight=127.94184705615044 7289.6618596613407 167.00104182958603 2458.4311819076538 303.74671566486359 489.91619595885277 4559.7780770361423 4020.6952283680439 125.85880872607231 211.66580787301064 145.48456832766533 100.43308919668198 209.2926450073719 2463.6175789237022 71.683438926935196 892.88670390844345 269.36114034056664
leaf_count=102 8813 322 2846 135 241 2396 2824 141 151 76 51 106 3446 91 952 346
internal_value=-0.000537269 0.000192989 0.000649596 0.00432944 0.000441271 0.00135575 -0.000266919 -0.0017424 -5.82733e-05 0.0054439 0.0103509 0.000329879 -0.0018503 0.00167658 -0.00157805 -0.000273287
internal_weight=23907.5 14872.1 12169.8 640.981 11528.8 5049.69 6479.13 9035.35 1745.69 371.776 226.292 337.234 2702.3 238.684 1373.91 481.027
internal_count=23039 12509 8650 343 8307 2637 5670 10530 1717 268 192 208 3859 413 1449 497
is_linear=0
shrinkage=0.0761716


Tree=60
num_leaves=17
num_cat=0
split_feature=6 8 9 4 5 2 2 2 2 9 1 3 1 8 1 1
split_gain=4.01229 2.50863 3.48597 1.71668 1.70289 1.47298 2.56756 3.80212 1.34461 3.32041 1.19676 1.68921 1.13957 1.0142 0.447369 0.187224
threshold=-0.5 15.945000000000002 -1.7264691610153002 1010.4500000000002 -0.78656609248549303 -0.67758968959607091 -0.84291031405530259 -0.8140159405215136 -0.99463397642532658 0.20199453563677319 0.96683886033945965 1.9450000000000001 0.38168568572378603 8.2500000000000036 0.68391308835034159 0.67125374152323958
decision_type=2 2 2 2 2 2 2 2 2 2 2 2 2 2 2 2
left_child=1 3 -3 8 5 6 13 -8 9 -1 -7 -12 -10 -2 -4 -6
right_child=4 2 14 -5 15 10 7 -9 12 -11 11 -13 -14 -15 -16 -17
leaf_value=0.0097169424824193034 -0.026895598737484736 0.026217309699707113 0.019802170385830327 -0.028996768259173612 -0.21683051604991077 -0.032591559939935552 0.037983857812159544 0.012477626455385513 -0.0044829260008262053 -0.020837672662650842 0.023089842699954396 -0.0081344662760295984 0.0029997977492916715 0.008705580063232814 -0.03545760687947163 -0.064307068854135438
leaf_weight=301.10255008935928 486.83385193347931 108.53227010369301 111.64905878901482 1537.6521137654781 6691.4524594843388 2007.1778451800346 111.11637765169144 211.11669018864632 4795.9873749911785 246.23444437980652 166.44298619031906 175.7126182615757 4365.0715334415436 239.9284853041172 109.57942378520966 1987.3108442425728
leaf_count=139 583 65 144 1704 8824 2566 59 218 3552 114 117 157 1807 143 78 2743
internal_value=-0.000541054 0.000470179 0.00699349 0.000274394 -0.00151278 -5.77436e-05 0.00230207 0.00793126 0.000651514 0.00431528 -0.00112622 0.0029864 0.000427931 -0.000172302 0.00128985 -0.00207872
internal_weight=23652.9 11575.8 329.761 11246 12077.1 3398.33 1049 322.233 9708.4 547.337 2349.33 342.156 9161.06 726.762 221.228 8678.76
internal_count=23013 7603 287 7316 15410 3843 1003 277 5612 253 2840 274 5359 726 222 11567
is_linear=0
shrinkage=0.0761716


Tree=61
num_leaves=17
num_cat=0
split_feature=6 9 8 3 0 5 1 2 1 1 9 3 1 3 2 1
split_gain=4.98067 2.47974 2.50488 2.20232 3.30559 1.3684 1.19844 1.18957 1.08347 0.985511 0.642303 0.69678 0.33009 0.26315 0.209072 0.169221
threshold=-0.5 -1.405790704576219 15.835000000000003 3.8550000000000004 1.0000000180025095e-35 -0.78656609248549303 -0.99466160899732459 -0.99463397642532658 -0.69016699705532225 -0.5416228050394748 0.67529502461644253 1.5050000000000001 0.73248728852523659 1.6850000000000003 -0.82389248692129191 0.83354805289222267
decision_type=2 2 2 2 2 2 2 2 2 2 2 2 2 2 2 2
left_child=1 2 3 4 -1 7 13 -2 -8 -10 14 -12 -5 -3 -9 -7
right_child=5 6 -4 12 -6 15 8 10 9 -11 11 -13 -14 -15 -16 -17
leaf_value=0.011121521731576496 0.0050854894572989889 0.016202016622976424 0.024220295618744038 -0.03737753942694369 -0.0027984134747237157 -0.18829889475247896 -0.044675169945249192 -0.0081783794493381929 0.00859041296204777 -0.00038209102238054255 -0.047505874008470429 0.004800302331236613 -0.0057568968698624712 0.010953383617483542 -0.044172164967588814 -0.059408697378263244
leaf_weight=894.41308978199959 139.83188772201538 141.57276931405067 114.8684621155262 774.47081452608109 960.99093744158745 7243.5450153648853 1252.241644769907 403.6435971558094 436.54177424311638 6670.6786573827267 375.74891346693039 1078.799490660429 152.40440455079079 191.04101175069809 1388.0074708759785 1372.3072293996811
leaf_count=605 129 63 81 802 799 9570 1132 456 298 3637 415 965 125 111 1872 1933
internal_value=-0.000491768 0.000632556 0.00256135 0.00208522 0.00360158 -0.00157993 -7.36701e-06 -0.000271574 -0.000190035 0.000170173 -0.000579135 0.000593986 -0.000918343 0.00445292 -0.00154837 -0.00209023
internal_weight=23591.1 11589.2 2897.15 2782.28 1855.4 12001.9 8692.08 3386.03 8359.46 7107.22 3246.2 1454.55 926.875 332.614 1791.65 8615.85
internal_count=22993 7653 2412 2331 1404 15340 5241 3837 5067 3935 3708 1380 927 174 2328 11503
is_linear=0
shrinkage=0.0761716


Tree=62
num_leaves=17
num_cat=0
split_feature=6 4 9 7 7 1 4 4 0 1 1 5 3 3 7 1
split_gain=3.31531 1.83882 1.69953 2.62426 2.87735 1.81845 2.80731 1.86917 0.912353 1.14205 2.17806 1.33562 0.765014 0.159041 0.447575 0.0418845
threshold=-0.12940952255126037 1011.1500000000002 -5.0010995401060816 4.6200000000000001 7.9050000000000002 0.53436760985011655 1006.1500000000002 995.6500000000002 -0.78656609248549325 0.53436760985011655 0.59125596962661842 -0.91597561503675329 2.8350000000000004 2.0550000000000002 7.1899999999999995 0.99628894895067466
decision_type=2 2 2 2 2 2 2 2 2 2 2 2 2 2 2 2
left_child=1 2 3 12 -5 6 -4 -7 9 13 -11 -12 -1 14 -2 -10
right_child=8 -3 5 4 -6 7 -8 -9 15 10 11 -13 -14 -15 -16 -17
leaf_value=0.0083459064980137502 -0.044150585523449207 -0.05730810472940865 -0.0074535837245079724 0.0081720874353844956 0.0031321358203500334 0.010370419864071953 0.0064820908913184759 -0.0040241484974973471 -0.17878768505282072 0.0054753490722072836 -0.055199422126970141 0.022784825105952086 -0.055462823827636822 -0.042771511781542162 0.00056337604105568357 -0.13515336810537845
leaf_weight=123.60188528895378 552.09118351340294 1783.8105696737766 4949.443492770195 125.80825334787369 89.200181543827057 3083.0389772057533 2236.4672111272812 1718.1216488778591 6377.6623517870903 86.210649937391281 561.89928033947945 408.73690018057823 229.38241702318192 1158.9841834306717 364.3436376452446 132.53703409433365
leaf_count=95 817 2050 4374 87 104 1454 1390 906 8500 81 527 498 179 1503 402 178
internal_value=-0.000589682 0.000142785 0.000470096 0.00453431 0.011114 0.000273878 -0.000489724 0.00142288 -0.00168186 -0.000599166 0.0014208 0.000340577 0.00038164 -0.00164335 -0.000834212 -0.00219749
internal_weight=23981.3 14338.9 12555.1 567.993 215.008 11987.1 7185.91 4801.16 9642.47 3132.27 1056.85 970.636 352.984 2075.42 916.435 6510.2
internal_count=23145 10639 8589 465 191 8124 5764 2360 12506 3828 1106 1025 274 2722 1219 8678
is_linear=0
shrinkage=0.0761716


Tree=63
num_leaves=17
num_cat=0
split_feature=6 4 0 9 4 1 4 7 9 7 0 4 8 1 4 4
split_gain=2.60211 1.63087 1.5334 1.87976 2.03696 1.74737 1.47227 1.26521 1.2897 0.539323 1.1453 0.211267 1.50709 0.166478 0.22945 0.0613685
threshold=1.0000000180025095e-35 1011.1500000000002 -0.9159756150367534 0.38724334125376819 1003.9500000000002 -0.56314550935064722 986.25000000000011 2.9000000000000008 -5.0010995401060816 10.655000000000003 1.0000000180025095e-35 986.45000000000016 13.775 0.54883787585413535 1008.5500000000001 985.25000000000011
decision_type=2 2 2 2 2 2 2 2 2 2 2 2 2 2 2 2
left_child=1 6 3 13 15 -6 9 -8 -9 -1 -11 12 -4 -2 -15 -5
right_child=2 -3 11 4 5 -7 7 8 -10 10 -12 -13 -14 14 -16 -17
leaf_value=-0.027889010120509178 -0.046707351805374671 -0.051729646659196132 -0.17232743817169346 0.010649135174885848 -0.032564734195130146 0.010919565461828446 -0.061720985667594319 0.006345833609107991 0.0025803679129888478 -0.0088596321607646543 0.0069674081187586188 -0.1481848938936467 0.021765620340885083 -0.0058857434578738271 0.00025897401107322191 -0.056115650178737389
leaf_weight=1420.8753056228161 724.50947520136833 1878.1309818327427 625.89269998669624 73.741117984056473 89.195646911859512 300.3328028023243 782.19201499223709 332.28219440579414 9398.8230061531067 855.30683141946793 325.22221344709396 6386.6438516378403 102.28467446565628 130.91280442476273 69.387863367795944 214.1238771378994
leaf_count=1260 981 2145 1137 74 115 277 926 296 6525 273 80 8256 139 161 89 273
internal_value=-0.000552288 5.4213e-05 -0.0015987 0.000513895 0.00356936 0.00715198 0.000357008 0.000760333 0.000999594 -0.00126003 -2.91974e-05 -0.00207884 -0.000777858 -0.00169456 0.000104044 -0.00119374
internal_weight=23709.9 14992.8 8717.02 1602.2 677.393 389.528 13114.7 10513.3 9731.11 2601.4 1180.53 7114.82 728.177 924.81 200.301 287.865
internal_count=23007 11505 11502 1970 739 392 9360 7747 6821 1613 353 9532 1276 1231 250 347
is_linear=0
shrinkage=0.0761716


Tree=64
num_leaves=17
num_cat=0
split_feature=5 2 2 4 4 9 9 1 6 1 2 8 4 2 1 1
split_gain=4.51209 2.57139 8.05695 4.87261 2.65624 4.23999 1.98318 1.9198 1.47403 1.11873 2.39432 2.09613 3.6606 1.07432 1.82006 0.989314
threshold=0.12940952255126045 -0.8140159405215136 -0.84291031405530259 1003.7500000000001 1006.85 -0.37548684580086439 -5.0010995401060816 0.6583954877256819 -0.37940952255126015 0.68391308835034159 -0.36572252349726903 11.455000000000004 986.75000000000011 -0.098820138732871751 0.9821165111257959 -0.99273952934267318
decision_type=2 2 2 2 2 2 2 2 2 2 2 2 2 2 2 2
left_child=1 2 4 -4 6 -6 -1 8 15 -2 11 -11 -13 14 -9 -3
right_child=9 7 3 -5 5 -7 -8 13 -10 10 -12 12 -14 -15 -16 -17
leaf_value=0.0043362951800629407 -0.10709633555499805 0.0022224225776141574 0.0014719521238832588 0.033476093789732535 0.013188536743361944 -0.0019591644661038263 -0.002823614086849498 0.010300879949259614 -0.1145222424004961 -0.023260184895303952 -0.036953759209347535 -0.001507255313908281 0.024218213531508687 -0.00093823835836774443 0.040044002702484045 -0.0042743238814552977
leaf_weight=256.37665072083473 6543.699160695076 365.59008255600929 229.31684473156929 189.26207879185677 303.26942166686058 333.14148890972137 2515.0920668542385 1979.7652424871922 3036.9464981257915 326.34987759590149 1773.1824343502522 130.69598972797394 189.71448230743408 2430.7172525525093 361.67839902639389 2844.7103833556175
leaf_count=243 8013 193 133 67 157 152 1777 1004 4213 348 1912 97 124 1926 129 2507
internal_value=-0.000343999 0.000469146 0.00216998 0.012112 0.000930538 0.00535734 -7.92006e-05 -0.000119039 -0.00100011 -0.00169396 -0.000279351 0.00366259 0.00801688 0.00102774 0.00219167 0.000128893
internal_weight=23809.5 14845.9 3826.46 418.579 3407.88 636.411 2771.47 11019.4 6247.25 8963.64 2419.94 646.76 320.41 4772.16 2341.44 3210.3
internal_count=22995 12501 2529 200 2329 309 2020 9972 6913 10494 2481 569 221 3059 1133 2700
is_linear=0
shrinkage=0.0761716


Tree=65
num_leaves=17
num_cat=0
split_feature=5 2 4 3 6 9 3 1 2 1 6 4 1 9 2 7
split_gain=3.34307 2.34015 2.02475 2.14024 1.40888 1.48894 2.76824 1.02688 1.69109 0.945404 1.31191 1.54645 0.890494 0.416049 0.340585 0.228051
threshold=0.12940952255126045 -0.99271195016773384 1002.7500000000001 2.5950000000000002 -0.12940952255126037 -5.8733393977213586 3.2150000000000003 0.53436760985011655 -0.8038981836306559 0.53436760985011655 -0.37940952255126015 988.55000000000007 -0.99273952934267318 -3.2502527882195138 -0.9668120007078248 4.7700000000000022
decision_type=2 2 2 2 2 2 2 2 2 2 2 2 2 2 2 2
left_child=1 2 15 -4 5 6 -3 14 -9 -2 11 -11 -7 -13 -6 -1
right_child=9 4 3 -5 7 12 -8 8 -10 10 -12 13 -14 -15 -16 -17
leaf_value=0.0020197565497783003 -0.10834757029042882 0.017477151209782462 0.013909874276805671 6.2418672062781224e-05 -0.00033720656895654323 0.0035159109505343194 -0.028538851456842384 0.0016765952338040533 -0.0033581459405883814 0.014715726810518451 -0.1816207312898738 -0.036810081685745594 0.00033048057391914742 -0.019424645717736194 -0.065407050349442275 -0.029385839148178061
leaf_weight=90.300520390272141 6081.4564298987389 159.97829714417458 202.53802838921547 269.76076626777649 239.29370930790901 359.21175983548164 190.53992033004761 78.841729164123535 1574.3045516908169 368.42855849862099 1383.778845757246 93.1422378718853 8573.6509221196175 984.86063358187675 3088.439670920372 206.23105454444885
leaf_count=115 7460 111 125 90 296 216 159 71 1887 148 1897 95 5076 866 4256 171
internal_value=-0.000573173 0.000117902 0.00420444 0.00729254 -0.000100967 0.000451116 0.00530507 -0.00113588 0.000399884 -0.00174212 -0.000576451 0.0010119 0.000255518 -0.000420523 -0.00190788 -0.000632446
internal_weight=23944.8 15033.1 768.83 472.299 14264.3 9283.38 350.518 4980.88 1653.15 8911.67 2830.21 1446.43 8932.86 1078 3327.73 296.532
internal_count=23039 12573 501 215 12072 5562 270 6510 1958 10466 3006 1109 5292 961 4552 286
is_linear=0
shrinkage=0.0761716


Tree=66
num_leaves=17
num_cat=0
split_feature=6 4 3 8 9 9 0 1 2 7 8 8 2 9 9 1
split_gain=3.42846 1.97251 1.57261 1.49477 2.30294 1.21013 0.857614 1.06156 1.50839 2.50907 0.547561 0.915221 0.325888 0.0992509 0.0731094 0.00680641
threshold=1.0000000180025095e-35 1010.6500000000002 4.5650000000000004 6.5500000000000034 -0.17245329332781975 -5.0010995401060816 -0.60355339059327384 0.030120025924939415 -0.012910296075008829 7.2200000000000015 14.385000000000003 14.715000000000003 -0.69637622559687229 2.8963034773374443 -5.7039394574606712 0.45972848220565493
decision_type=2 2 2 2 2 2 2 2 2 2 2 2 2 2 2 2
left_child=1 2 3 5 -5 -1 7 14 9 -9 15 -12 -3 -10 -2 -4
right_child=6 12 10 4 -6 -7 -8 8 13 -11 11 -13 -14 -15 -16 -17
leaf_value=0.0012935397483207324 -0.098789462548006454 0.027041875383599735 -0.074852329033872705 0.014648855519827782 0.0021985349043970228 -0.021748864857658087 -0.16572331722143879 -0.0066019823349795408 -0.07738433661087965 0.017281012016061203 0.012003886084259039 -0.012030111285533988 -0.064299351685278519 0.0069142855839500958 -0.052319609682964313 -0.0086044807532970214
leaf_weight=233.80432257056236 89.222585797309875 85.975124299526215 1071.6012445092201 2403.4064897894859 6228.9159020781517 1928.2524286806583 5869.1693713665009 391.52827113866806 673.14506679773331 364.82925999164581 140.47290349006653 411.7067437171936 2031.4908796846867 93.214321464300156 1341.5562916696072 685.40067833662033
leaf_count=173 131 43 1191 1633 3697 1793 7703 535 877 287 69 335 2341 125 1924 330
internal_value=-0.000502754 0.000187937 0.00053848 0.000926109 0.00137601 -0.000855215 -0.00169756 -0.000623336 0.000760927 0.00318216 -0.00125891 0.000790595 -0.0019644 -0.00159104 -0.00211692 -0.001921
internal_weight=24043.7 15221 13103.6 10794.4 8632.32 2162.06 8822.67 2953.5 1522.72 756.358 2309.18 552.18 2117.47 766.359 1430.78 1757
internal_count=23187 11605 9221 7296 5330 1966 11582 3879 1824 822 1925 404 2384 1002 2055 1521
is_linear=0
shrinkage=0.0761716


Tree=67
num_leaves=17
num_cat=0
split_feature=5 2 4 2 3 2 1 9 1 2 2 0 3 7 9 9
split_gain=4.10173 1.78438 1.76408 2.41883 5.12786 2.16327 1.37348 1.28333 1.00242 2.34313 0.926648 0.679564 0.669332 0.608678 0.501097 0.389264
threshold=-1.0000000180025095e-35 0.33345642693991789 1001.85 -0.19244445339415753 1.0850000000000002 -0.99463397642532658 -0.2008886948310977 -5.0010995401060816 0.51973899919070166 -0.83352489619613901 1.0000000180025095e-35 -0.37940952255126015 2.1250000000000004 12.685000000000004 1.9480717058039494 -4.5972415159020033
decision_type=2 2 2 2 2 2 2 2 2 2 2 2 2 2 2 2
left_child=1 2 6 5 -5 -4 -1 -8 -2 -10 12 -3 -11 -13 -15 -12
right_child=8 11 3 4 -6 -7 7 -9 9 10 15 13 -14 14 -16 -17
leaf_value=-0.09733352969865057 -0.048335975799644174 -0.042055592920598905 0.009358579213371368 0.0086467772039172854 0.0045011673912771421 0.00085137704768993452 0.0080443277292526049 0.00077118028107612212 0.014377551402039007 -0.041688191871784894 0.0091476981838222223 -0.0062660210930277245 0.002509614276854138 0.02572567815678433 0.0012765031536534734 -0.03658564211533577
leaf_weight=1194.8702381551266 7629.3588102757931 2809.8941477835178 276.88795754313469 274.71549797058105 1020.8198896050453 3182.5806842446327 166.07698744535446 2650.0920599997044 104.7922734618187 475.04943722486496 79.813446968793869 509.39341256022453 1421.0773168802261 128.94952854514122 139.91978487372398 1788.4047355651855
leaf_count=1469 8817 3591 138 155 783 1839 164 1617 76 440 96 553 1073 145 114 1971
internal_value=-0.000465546 0.000496171 0.00108341 0.00207566 0.00488572 0.00101113 -8.57395e-05 0.000824335 -0.00150141 -0.000491498 -0.000815484 -0.000929504 0.000356794 0.00103604 0.00396026 -0.0020207
internal_weight=23852.7 12354.2 8766.04 4755 1295.54 3459.47 4011.04 2816.17 11498.5 3869.14 3764.34 3588.16 1896.13 778.263 268.869 1868.22
internal_count=23041 10568 6165 2915 938 1977 3250 1781 12473 3656 3580 4403 1513 812 259 2067
is_linear=0
shrinkage=0.0761716


Tree=68
num_leaves=17
num_cat=0
split_feature=5 2 1 7 1 1 1 6 4 9 1 6 4 9 9 1
split_gain=4.65083 2.71942 3.42829 4.39929 1.20985 1.2296 1.21809 1.15037 0.809517 0.756524 0.567976 0.819223 0.662606 1.93592 0.271515 0.134891
threshold=0.12940952255126045 -0.055914918885874271 0.9821165111257959 10.520000000000003 -0.81403855522663837 -0.54883787585413535 -0.99628894895067444 -0.37940952255126015 989.55000000000007 -0.98323342186811213 0.49002412863433359 -0.37940952255126015 995.6500000000002 2.5949087188148785 5.3072922755721317 0.49002412863433359
decision_type=2 2 2 2 2 2 2 2 2 2 2 2 2 2 2 2
left_child=1 2 4 -4 6 -6 -1 8 -3 -10 -2 12 13 -12 -14 -9
right_child=10 7 3 -5 5 -7 -8 15 9 -11 11 -13 14 -15 -16 -17
leaf_value=0.0047068043861528243 -0.10611206794234096 -0.0057887283235669796 0.040665337920631622 -0.014841442778831244 0.013732397208062236 0.0032835610703252829 -0.044230716766851079 -0.15647034701068097 -0.0012646559605768333 0.00061303174011485926 0.016797171636054268 -0.15565869404708882 -0.047113300814460121 -0.0028743324852202145 0.024005758839742444 -0.029760606299349148
leaf_weight=99.618818163871765 6023.7045305073261 671.94392740726471 284.85763594508171 318.8880957365036 975.48436209559441 5951.651016831398 1059.1459297835827 2080.5514145791531 870.64145019650459 1520.6747913360596 378.11961027979851 1519.6378198564053 622.56748649477959 541.97799569368362 98.204766094684601 1057.1502035558224
leaf_count=71 7417 451 124 98 721 3624 1086 2740 937 1242 239 2068 613 301 53 1415
internal_value=-0.000483779 0.000345937 0.00121684 0.00674696 0.000797822 0.00118143 -0.00146575 -0.000869453 0.000171316 0.000837351 -0.00183211 -0.000986205 0.000176663 0.00154629 -0.00152776 -0.00189471
internal_weight=24074.8 14890.6 8689.65 603.746 8085.9 6927.14 1158.76 6200.96 3063.26 2391.32 9184.21 3160.51 1640.87 920.098 720.772 3137.7
internal_count=23200 12509 5724 222 5502 4345 1157 6785 2630 2179 10691 3274 1206 540 666 4155
is_linear=0
shrinkage=0.0761716


Tree=69
num_leaves=17
num_cat=0
split_feature=6 0 4 7 0 8 9 1 0 1 4 0 9 9 2 2
split_gain=4.35036 1.69738 2.08625 3.41822 3.69043 2.40532 3.39825 2.18515 1.07271 0.959651 1.46639 0.774394 0.692801 2.47397 5.51775 0.419697
threshold=-0.37940952255126015 0.60355339059327384 1005.9500000000002 7.2800000000000038 -0.37940952255126015 8.6349999999999998 -3.3523716748139338 0.97310932590074095 -0.5 0.67125374152323958 988.55000000000007 -0.37940952255126015 0.5826250718695577 1.0326188397477714 -0.82389248692129191 -0.47495107206705001
decision_type=2 2 2 2 2 2 2 2 2 2 2 2 2 2 2 2
left_child=1 2 5 4 -4 8 -7 -5 -1 -3 -11 12 -2 14 -14 -12
right_child=11 9 3 7 -6 6 -8 -9 -10 10 15 -13 13 -15 -16 -17
leaf_value=0.00030130634752487974 -0.025831448988389252 -0.047821812197188701 0.010704588399584729 -0.020540486167705055 0.011280880733396602 0.015206426851135435 0.0021325440582172198 0.0023308179473789875 -0.023458811393490337 0.026665243200101454 0.017250568017366574 -0.16840477039562721 0.030986376359846936 -0.0015448685577940005 -0.016760140388503583 -0.038959942599580889
leaf_weight=620.96001923084259 3172.2216121554375 1853.4726084172726 281.27233830094337 1139.670077085495 1727.7325718700886 295.01129484176636 2999.9712614119053 292.78231906890869 2509.2370368540287 175.62348261475563 154.03835695981979 5963.9728944003582 103.91351932287216 1858.2447167932987 267.34353294968605 527.17015871405602
leaf_count=364 4336 2217 144 966 953 233 1513 103 1494 81 95 7693 62 2014 342 516
internal_value=-0.000578116 0.000395931 0.00086161 0.00237439 0.00440068 4.57817e-05 0.00148633 -0.000448825 -0.0014606 -0.00128694 0.000792481 -0.00165854 -0.000986766 2.86474e-05 0.00569428 -0.00077359
internal_weight=23942.6 12576.9 9866.64 3441.46 2009 6425.18 3294.98 1432.45 3130.2 2710.3 856.832 11365.7 5401.72 2229.5 371.257 681.209
internal_count=23126 8679 5770 2166 1097 3604 1746 1069 1858 2909 692 14447 6754 2418 404 611
is_linear=0
shrinkage=0.0761716


Tree=70
num_leaves=17
num_cat=0
split_feature=5 6 1 8 7 1 2 1 6 7 9 2 7 9 0 8
split_gain=4.71316 3.38661 1.64678 3.03423 1.78116 2.33856 2.19479 0.893283 1.3042 0.989607 1.76345 0.870477 2.20558 1.58574 0.870368 0.225714
threshold=0.12940952255126045 -0.12940952255126037 -0.99273952934267318 6.6250000000000009 6.0900000000000025 0.081675638985454754 -0.8140159405215136 0.49002412863433359 -0.37940952255126015 7.8600000000000021 3.5830194194804119 -0.34155811708470757 6.9400000000000013 2.8489667944757149 0.91597561503675351 8.3550000000000004
decision_type=2 2 2 2 2 2 2 2 2 2 2 2 2 2 2 2
left_child=1 2 3 -1 6 -6 -4 -2 9 14 -11 12 15 -14 -9 -3
right_child=7 11 4 -5 5 -7 -8 8 -10 10 -12 -13 13 -15 -16 -17
leaf_value=-0.0119183810588336 -0.091325771497671515 -0.040393678525530108 0.010156141362915214 0.0052292481521748566 -0.0064727203136538533 0.0046651422090865247 0.010825019016009099 -0.024947888883724963 -0.12942655816355392 0.0051017411233973842 -0.002817290201648831 -0.057171378765686627 0.017547377611834811 -0.064385002741979572 0.034672904400753816 0.0050765373069939319
leaf_weight=144.32874700427055 5899.728113681078 1168.0407999455929 1035.6761086881161 220.16372793912888 2383.4886871278286 4522.7982632219791 1356.2276619672775 883.9620608985424 1558.4761755466461 226.67279583215714 277.07451111078262 3227.2530903220177 467.88874289393425 198.77784359455109 183.92681229114532 162.09654033184052
leaf_count=110 7283 1803 515 104 1993 2200 848 664 2127 160 114 4217 432 131 239 232
internal_value=-0.000342412 0.000488753 0.00133481 0.00635643 0.00113271 0.000506292 0.00292559 -0.00171586 -0.000660776 0.000872654 0.00365183 -0.00107006 0.000165641 0.00374645 -0.000415423 -0.00160982
internal_weight=23916.6 14886.7 9662.68 364.492 9298.19 6906.29 2391.9 9029.84 3130.11 1571.64 503.747 5224.06 1996.8 666.667 1067.89 1330.14
internal_count=23172 12585 5770 214 5556 4193 1363 10587 3304 1177 274 6815 2598 563 903 2035
is_linear=0
shrinkage=0.0761716


Tree=71
num_leaves=17
num_cat=0
split_feature=6 0 1 2 7 1 1 4 4 1 1 2 1 3 4 6
split_gain=3.07384 1.5041 1.37651 1.42307 1.90924 1.14992 1.00945 1.78349 1.24075 0.302065 0.914117 0.241791 0.850585 0.224624 0.181938 0.160451
threshold=-0.5 -0.60355339059327384 1.0000000180025095e-35 -0.073092422389869308 6.9100000000000019 0.92263100495486405 0.89391031859722891 986.85000000000002 1013.2500000000001 0.97310932590074095 0.98664879617890844 -0.72066714955386113 -0.54883787585413535 2.2950000000000004 1007.6500000000002 -0.37940952255126015
decision_type=2 2 2 2 2 2 2 2 2 2 2 2 2 2 2 2
left_child=5 2 11 4 -4 6 7 13 -9 -7 -11 12 -2 -1 -5 -3
right_child=1 15 3 14 -6 9 -8 8 -10 10 -12 -13 -14 -15 -16 -17
leaf_value=-0.0011407626009012344 -0.00094612399392482753 -0.052709421080677894 -0.011862088072248308 -0.0011921811846488865 0.012796656347757295 -0.0055254786740456113 0.013793957093147857 0.0052600864933994981 -0.11178116728772246 0.0033883756298453138 -0.011712151828144208 -0.098239685176172473 -0.059847534545916417 -0.018630522038592442 -0.10118851820492135 -0.13509552023204083
leaf_weight=383.37404644489288 168.1700157225132 713.12875545024872 480.91949373483658 744.03332334756851 946.92120561003685 952.1310730278492 307.56491070985794 7139.2642539739609 640.42883783578873 347.66758412122726 881.67295441031456 1546.2727579772472 441.77690431475639 1212.4356653094292 481.46222478151321 6595.012922167778
leaf_count=240 182 939 646 914 572 368 159 4685 877 139 344 2270 570 867 669 8682
internal_value=-0.00051748 -0.00137117 -0.000317091 0.000836294 0.00247492 0.000351913 0.000709908 0.00056447 0.00104285 -0.0012217 -0.000399963 -0.00175009 -0.000399989 -0.0017458 -0.00104878 -0.0020602
internal_weight=23982.2 12117.7 4809.56 2653.34 1427.84 11864.5 9683.07 9375.5 7779.69 2181.47 1229.34 2156.22 609.947 1595.81 1225.5 7308.14
internal_count=23123 15444 5823 2801 1218 7679 6828 6669 5562 851 483 3022 752 1107 1583 9621
is_linear=0
shrinkage=0.0761716


Tree=72
num_leaves=17
num_cat=0
split_feature=5 6 3 9 2 1 1 2 1 1 2 3 1 2 4 9
split_gain=2.63207 1.50709 1.39404 1.3271 2.00113 1.36156 1.21738 2.01387 0.651142 0.55354 0.861416 2.27202 0.346994 0.304713 0.519352 0.14506
threshold=0.37940952255126054 -0.12940952255126037 4.4150000000000009 -1.7264691610153002 -0.66483077113278999 0.4749466738948262 0.50495637864894027 -0.82389248692129191 0.96900085243778578 0.49002412863433359 -0.36572252349726903 4.2750000000000012 0.86958133671945947 -0.72066714955386113 1008.7500000000001 -5.4425126424393442
decision_type=2 2 2 2 2 2 2 2 2 2 2 2 2 2 2 2
left_child=1 2 3 4 -1 -5 13 -8 -9 -2 11 12 -11 14 -3 -4
right_child=9 6 15 5 -6 -7 7 8 -10 10 -12 -13 -14 -15 -16 -17
leaf_value=0.0050988101948051369 -0.094128133943814363 -0.00582499920345355 0.0052238617667582131 -0.0030211621869196698 -0.0047422563761822844 0.003194824119776321 0.026314741687868255 -0.036326837381455077 0.00090049236388831447 -0.024795182595190004 -0.067459291908213342 0.017145237746883587 0.00041209837288910578 -0.12836496543530074 0.014247724438450302 -0.0085414815907586365
leaf_weight=976.66398105025291 4760.9604464173317 1115.8168903589249 137.70470479130745 3806.1170823574066 1072.7772527337074 3243.1717233359814 124.58582317829132 1344.1515221893787 503.68226125836372 478.94606202840805 1649.5764101147652 148.90753793716431 80.622508525848389 2709.5449370145798 71.285340338945389 1706.863214224577
leaf_count=531 5944 1600 123 2563 975 1409 91 1722 545 544 1901 118 95 3688 85 1189
internal_value=-0.000573374 -5.15576e-05 0.000474616 0.000863878 0.0025711 0.000362264 -0.00103772 0.000491341 -0.000130531 -0.0018008 -0.000824088 0.00136887 -0.00081774 -0.00181951 -0.000759255 -0.00142696
internal_weight=23931.4 16812.4 10943.3 9098.73 2049.44 7049.29 5869.07 1972.42 1847.83 7119.01 2358.05 708.476 559.569 3896.65 1187.1 1844.57
internal_count=23123 14521 6790 5478 1506 3972 7731 2358 2267 8602 2658 757 639 5373 1685 1312
is_linear=0
shrinkage=0.0761716


Tree=73
num_leaves=17
num_cat=0
split_feature=1 6 9 2 1 2 1 4 6 9 8 3 1 4 0 7
split_gain=2.76652 2.00796 1.59432 3.18813 5.41707 1.56394 3.56543 1.09096 1.24957 2.98502 0.885739 2.5322 1.0473 0.723134 1.21366 0.679758
threshold=0.51973899919070166 -0.5 -1.405790704576219 -0.58427653070765284 -0.69016699705532225 -0.098820138732871751 0.99052327954040398 1008.0500000000001 -0.9159756150367534 1.6873926085268141 10.310000000000002 3.9750000000000005 0.92263100495486405 1005.35 -0.5 12.800000000000001
decision_type=2 2 2 2 2 2 2 2 2 2 2 2 2 2 2 2
left_child=1 2 3 4 -1 6 10 8 9 -7 11 -2 -12 15 -15 -4
right_child=5 -3 13 -5 -6 7 -8 -9 -10 -11 12 -13 -14 14 -16 -17
leaf_value=0.02970639697191271 -0.0029044069029536897 -0.046489697241898859 -0.011502456718523993 -0.017771049007508154 0.0040494705392677246 0.013820631947365361 0.0162839581790221 -0.090726383580775574 -0.0022295292032286688 -0.0040767814697021398 0.015609252694651458 0.060360455739288492 0.00038820963640723841 0.011210542851116372 -0.0065884387583018747 0.024354045125547289
leaf_weight=159.55811595916748 1771.1003262400627 8211.4772349894047 2394.0538805425167 1014.7717387974262 1019.7526113986969 172.20982259511948 190.83187943696976 1509.5779552161694 2182.5564784407616 388.99177446961403 1187.8850984573364 116.47380647063255 1168.6276395618916 198.24285677075386 1924.7290124893188 124.51582956314087
leaf_count=68 1295 10756 1829 1178 652 102 101 1753 2112 183 651 94 556 133 1326 174
internal_value=-0.000512734 -0.00113823 -0.000168652 0.00151658 0.00421281 0.000566986 0.00156899 -0.000470813 0.000424743 0.00362619 0.00109884 -0.000115215 0.00208351 -0.000972439 4.90475e-05 -0.00184495
internal_weight=23735.4 15047.1 6835.62 2194.08 1179.31 8688.25 4434.92 4253.34 2743.76 561.202 4244.09 1887.57 2356.51 4641.54 2122.97 2518.57
internal_count=22963 16116 5360 1898 720 6847 2697 4150 2397 285 2596 1389 1207 3462 1459 2003
is_linear=0
shrinkage=0.0761716


Tree=74
num_leaves=17
num_cat=0
split_feature=5 2 1 4 1 9 6 1 2 9 8 8 6 4 1 3
split_gain=3.63877 2.31609 7.51864 2.97153 3.29259 1.63887 1.02866 1.30807 3.26865 0.984103 1.26107 1.50136 0.635558 1.45074 0.696361 0.621227
threshold=0.12940952255126045 -0.8140159405215136 -0.53436760985011611 1006.35 0.081675638985454754 -5.0010995401060816 -0.37940952255126015 0.49002412863433359 -0.69637622559687229 3.1955294815792041 10.310000000000002 11.505000000000001 -0.12940952255126037 986.45000000000016 -0.92913280730858783 5.8750000000000009
decision_type=2 2 2 2 2 2 2 2 2 2 2 2 2 2 2 2
left_child=1 2 -1 5 -5 -4 7 -2 -9 12 -11 -12 14 -14 -3 -10
right_child=6 9 3 4 -6 -7 -8 8 15 10 11 -13 13 -15 -16 -17
leaf_value=0.029724648009254794 -0.038148270511229154 0.002316302292864828 0.00020525347848532845 -0.025170013302943838 0.018883151896253812 -0.0011587506401923042 -0.13410638644645395 0.018186486218939465 -0.0022322402407285737 -0.033797912399907634 0.015754076931277103 0.0030541306160952694 0.041629324401395607 -0.051999786629882132 -0.00090741164585008251 0.0037732124611071535
leaf_weight=147.53573358058929 2240.0468936264515 848.23316445946693 235.26085737347603 408.10996481776237 513.25379344820976 2576.8719732165337 5248.1389086842537 241.57105505466461 1175.1600698530674 536.96590992808342 418.29885175824165 1626.2429425120354 287.66382810473442 3261.5285688638687 3896.524194508791 105.73620939254761
leaf_count=99 2657 667 228 206 241 1770 6755 138 921 419 217 803 403 4354 3008 85
internal_value=-0.000329562 0.000405259 0.00200259 0.00131988 0.00506748 7.70253e-05 -0.00153617 -0.0005632 0.00114595 -0.000162271 0.00113168 0.00200204 -0.000569033 -0.00133958 1.23391e-06 -0.000370158
internal_weight=23767.1 14756.5 3881.03 3733.5 921.364 2812.13 9010.65 3762.51 1522.47 10875.5 2581.51 2044.54 8293.95 3549.19 4744.76 1280.9
internal_count=22971 12415 2544 2445 447 1998 10556 3801 1144 9871 1439 1020 8432 4757 3675 1006
is_linear=0
shrinkage=0.0761716


Tree=75
num_leaves=17
num_cat=0
split_feature=2 7 8 2 8 7 0 5 1 6 6 9 1 1 6 0
split_gain=2.58037 1.26274 2.2736 1.16377 1.20333 1.76365 1.6933 1.00623 1.83702 0.928229 0.419834 0.382441 0.245953 0.318828 0.522638 0.0772581
threshold=0.098816478347602127 12.685000000000004 13.205000000000002 0.081673369964559248 14.385000000000003 14.520000000000003 0.1294095225512602 -0.78656609248549303 0.99052327954040398 -0.37940952255126015 -0.78656609248549325 0.64012543711727343 0.6583954877256819 0.88606241628642846 -0.78656609248549325 -0.9159756150367534
decision_type=2 2 2 2 2 2 2 2 2 2 2 2 2 2 2 2
left_child=3 12 -3 4 7 6 -6 8 -1 -9 11 -4 -2 14 -14 -15
right_child=1 2 10 -5 5 -7 -8 9 -10 -11 -12 -13 13 15 -16 -17
leaf_value=0.0006522649470309523 -0.079059562392020305 0.014257159794441553 0.013398133369688996 0.010408223255778956 0.070280584121384729 -0.026917260228511042 0.0017951917406725678 -0.00093576985541259767 0.0031895069354003925 -0.050371857403047199 -0.019910130746256149 0.0013674415024232593 0.0040522114412133142 -0.0041499793830952827 -0.052547900032909885 -0.061826343400449603
leaf_weight=2801.4544235169888 6401.3718557953835 136.46088021993637 109.30678454041481 145.89799866080284 171.87423366308212 213.15925884246826 213.71940746903419 7145.0464475750923 181.30370435118675 3052.2719879150391 936.7186204791069 226.93898069858551 246.1244130730629 106.71658846735954 770.01562750339508 1073.5039122998714
leaf_count=2279 7438 128 115 141 98 41 112 3850 118 5302 1001 180 228 132 925 1125
internal_value=-0.000604146 -0.00153709 0.000558243 6.42587e-05 -5.82242e-06 0.00332328 0.00640084 -0.000160117 0.00106641 -0.000522142 -0.000428418 0.00183283 -0.00188428 -0.00115459 -0.000131393 -0.00200669
internal_weight=23931.9 10007.2 1409.43 13924.7 13778.8 598.753 385.594 13180.1 2982.76 10197.3 1272.96 336.246 8597.73 2196.36 1016.14 1180.22
internal_count=23213 11272 1424 11941 11800 251 210 11549 2397 9152 1296 295 9848 2410 1153 1257
is_linear=0
shrinkage=0.0761716


Tree=76
num_leaves=17
num_cat=0
split_feature=5 1 4 1 3 1 8 8 7 4 4 6 1 1 4 3
split_gain=3.65597 1.34421 2.1902 2.44891 4.90441 2.1403 2.91885 2.40926 1.07808 0.86981 0.968988 0.735366 1.01278 1.72181 0.552139 0.374914
threshold=0.12940952255126045 -0.04732095011389225 1000.7500000000001 -0.54883787585413535 2.5550000000000002 0.11593352601052392 9.230000000000004 8.2500000000000036 1.3249999999999995 1010.1500000000002 1006.7500000000001 -0.37940952255126015 0.49002412863433359 0.54883787585413535 1002.35 0.75500000000000012
decision_type=2 2 2 2 2 2 2 2 2 2 2 2 2 2 2 2
left_child=1 2 -1 4 -4 6 7 -3 -2 10 -7 12 15 -14 -5 -10
right_child=8 5 3 14 -6 9 -8 -9 11 -11 -12 -13 13 -15 -16 -17
leaf_value=-0.10250970233204916 0.013822229250701047 0.0056433014651277097 -0.0037086166631808042 -0.020817052264156925 0.010961366060447907 0.00082742733002351247 -0.076285672213873751 0.01493689131653605 0.0060300208204187534 -0.020769469239828017 0.015128150696503407 -0.12253552775148276 0.01687247178041586 -0.00082613870358127606 -0.02919473484946692 -0.041700064804877805
leaf_weight=2448.5346787571907 116.4745087325573 378.80567494034767 1508.96966573596 120.97176915407181 758.52973422408104 5642.2748672366142 301.79483360052109 219.37947735190392 76.750510096549988 904.9500105381012 1183.1107053756714 5160.1344239115715 128.94758570194244 1404.8167694211006 1265.9555017650127 2113.0879235565662
leaf_count=3127 148 264 1488 58 541 3633 335 77 57 1062 792 6653 87 1065 1048 2538
internal_value=-0.000314431 0.000422818 -0.000438684 0.000735984 0.00228307 0.00103559 0.0045507 0.00762889 -0.00152452 0.000620788 0.000917994 -0.0016234 -0.000793552 0.000692021 -0.00177037 -0.00184784
internal_weight=23733.5 14733.3 6102.96 3654.43 2267.5 8630.32 899.98 598.185 9000.21 7730.34 6825.39 8883.74 3723.6 1533.76 1386.93 2189.84
internal_count=22973 12425 6262 3135 2029 6163 676 341 10548 5487 4425 10400 3747 1152 1106 2595
is_linear=0
shrinkage=0.0761716


Tree=77
num_leaves=17
num_cat=0
split_feature=2 6 1 1 0 4 9 6 2 6 0 9 7 1 1 6
split_gain=2.74949 1.73222 1.40545 2.48384 1.39462 2.74945 2.6448 6.02599 2.18315 1.37321 1.14099 0.92333 3.08844 1.31078 0.789573 1.32436
threshold=-0.055914918885874271 -0.70710678118654757 0.88606241628642846 0.86958133671945947 -0.37940952255126015 990.05000000000007 -1.9035961005673145 -0.37940952255126015 -0.99463397642532658 -0.37940952255126015 -0.37940952255126015 -4.043098384044753 4.3600000000000021 0.51973899919070166 0.51973899919070166 -0.37940952255126015
decision_type=2 2 2 2 2 2 2 2 2 2 2 2 2 2 2 2
left_child=4 2 3 10 5 14 7 -7 -8 11 -2 12 -6 -13 -1 -16
right_child=1 -3 -4 -5 9 6 8 -9 -10 -11 -12 13 -14 -15 15 -17
leaf_value=-0.077096684317435368 0.0062409420825586467 -0.070571238518973345 -0.0035566732039608918 0.0019818208621140226 -0.028199810225141692 0.0088136581783720691 0.014276841027547064 0.0035101800389392584 0.0016732738466019924 -0.065275554707321812 -0.0009624863981095858 -0.0069862335506484111 0.0058674631078936878 0.0055201829246250018 -0.013957940694745609 0.016477919693437731
leaf_weight=1118.6396841108799 404.55356532335281 7936.5639178752899 969.65760219097137 99.700514853000641 268.57040703296661 234.79787677526474 226.40648597478867 340.40931928157806 2049.0614369213581 2003.3574059605598 1850.9535906612873 3209.8384824991226 116.97192603349686 2170.904903203249 477.40989899635315 624.75324550271034
leaf_count=1475 428 9270 486 35 217 97 130 438 1337 3568 2166 2089 53 763 142 495
internal_value=-0.00040246 -0.00127166 0.000179285 0.00119268 0.000357498 0.00134074 0.00290703 0.00752535 0.00171789 -0.000280533 0.000650071 0.000311845 0.0038996 4.7037e-05 -0.000656882 0.000768649
internal_weight=24102.6 11261.4 3324.87 2355.21 12841.1 5071.48 2850.68 575.207 2275.47 7769.64 2255.51 5766.29 385.542 5380.74 2220.8 1102.16
internal_count=23189 12385 3115 2629 10804 4114 2002 535 1467 6690 2594 3122 270 2852 2112 637
is_linear=0
shrinkage=0.0761716


Tree=78
num_leaves=17
num_cat=0
split_feature=5 4 2 2 9 6 1 2 1 2 9 1 1 0 0 2
split_gain=2.61509 1.69031 2.60153 2.79195 2.02893 1.48746 0.990452 1.80515 1.01012 0.683385 3.03953 0.737719 2.67312 0.55539 0.42898 0.598976
threshold=-0.60355339059327362 1000.7500000000001 0.2926003356333482 0.18399153619612912 1.3727140281448842 -0.37940952255126015 0.4749466738948262 0.5488226286565131 0.73248728852523659 -0.99463397642532658 -0.51888334785180479 0.49002412863433359 0.54883787585413535 -0.70710678118654757 -0.37940952255126015 -0.073092422389869308
decision_type=2 2 2 2 2 2 2 2 2 2 2 2 2 2 2 2
left_child=1 6 3 4 -3 9 -1 13 -9 10 -2 -11 -13 -8 15 -7
right_child=5 2 -4 -5 -6 14 7 8 -10 11 -12 12 -14 -15 -16 -17
leaf_value=-0.084302948900959712 0.013338094403541403 0.008268212284161372 -0.045140272551961437 0.019965701715413574 -0.0014066979556479659 0.0072218891276840166 0.012067317674788539 0.039600142336525014 0.065317457069664034 -0.010043643221581676 -0.040267273703458423 0.015166787739287452 -0.0011194259531322668 -0.012437661417190677 -0.10411281662192748 -0.08396234759354447
leaf_weight=1751.1021221280098 145.68875452876091 1721.4334905743599 1085.6898398697376 147.04995465278625 987.91058838367462 537.37656390666962 746.41694524884224 138.47515591979027 89.203812122344971 4886.6078117489815 269.90566322207451 306.92368540167809 3508.173247218132 636.31575027108192 5924.3225271999836 788.23692420125008
leaf_count=2304 83 1148 1413 123 575 899 619 177 95 4425 138 153 1888 231 7741 1013
internal_value=-0.000558198 0.000637462 0.00170909 0.00291831 0.00234162 -0.00109367 -0.000610344 0.00073863 0.00698424 -0.000441438 0.00255179 -0.000588775 0.000197927 -0.00027951 -0.00190909 -0.000635103
internal_weight=23670.8 7303.6 3942.08 2856.39 2709.34 16367.2 3361.51 1610.41 227.679 9117.3 415.594 8701.7 3815.1 1382.73 7249.94 1325.61
internal_count=23025 6685 3259 1846 1723 16340 3426 1122 272 6687 221 6466 2041 850 9653 1912
is_linear=0
shrinkage=0.0761716


Tree=79
num_leaves=14
num_cat=0
split_feature=2 5 6 4 3 0 1 4 2 4 1 2 6
split_gain=3.81686 2.62945 1.47158 1.14317 1.27552 0.92494 0.59806 1.12797 0.43169 0.61448 0.798866 0.0352931 0.018777
threshold=-0.99981480381338828 0.37940952255126054 0.60355339059327384 989.05000000000007 3.6950000000000007 0.37940952255126048 0.49002412863433359 986.45000000000016 -0.055914918885874271 1011.1500000000002 0.49002412863433359 -0.91583036384466876 -0.70710678118654757
decision_type=2 2 2 2 2 2 2 2 2 2 2 2 2
left_child=-1 2 3 5 -5 -2 11 -8 9 10 -3 -4 -10
right_child=1 8 6 4 -6 -7 7 -9 12 -11 -12 -13 -14
leaf_value=0.0077367489482112525 -0.0067365164057562989 -0.04610281733121166 -0.030784248958569196 0.0046979203154753745 -0.0033771336513245911 0.0010163540317484278 0.069871320302795081 -0.014550784902492672 -0.024127862664936175 0.0090068561300799786 0.0052982082175870963 -0.10879078234445493 -0.18770269695211278
leaf_weight=168.11791318655014 3740.7984764575958 1782.5311539471149 365.17786130309105 7161.0971948206425 1944.4948571324348 365.53249654173851 129.32508873939514 943.42122647166252 404.83421224355698 143.06374046206474 952.43197691440582 1947.6805730462074 3874.5786780416965
leaf_count=127 2576 2841 643 5033 1717 209 183 1317 514 142 982 2682 4126
internal_value=-0.000397103 -0.000479928 4.45713e-05 0.000409513 0.000886687 -0.000640876 -0.0013695 8.93635e-05 -0.00170009 -0.000957845 -0.00122235 -0.00205891 -0.00219101
internal_weight=23923.1 23755 16597.5 13211.9 9105.59 4106.33 3385.6 1072.75 7157.44 2878.03 2734.96 2312.86 4279.41
internal_count=23092 22965 14360 9535 6750 2785 4825 1500 8605 3965 3823 3325 4640
is_linear=0
shrinkage=0.0761716


Tree=80
num_leaves=12
num_cat=0
split_feature=2 5 4 4 3 2 2 3 2 9 1
split_gain=3.33068 2.70072 1.04701 1.46422 3.8361 0.807354 1.25982 0.990664 0.713534 0.137823 0.735624
threshold=-0.99981480381338828 0.12940952255126045 1013.2500000000001 1006.9500000000002 2.4350000000000005 -0.055914918885874271 -0.081676395330422633 4.3350000000000009 -0.99271195016773384 -4.2523460781253695 0.68391308835034159
decision_type=2 2 2 2 2 2 2 2 2 2 2
left_child=-1 2 3 8 -5 6 7 -3 -2 10 -7
right_child=1 5 -4 4 -6 9 -8 -9 -10 -11 -12
leaf_value=0.0071474285042976184 0.005543850857590747 -0.0086384526931421093 -0.12118791284380136 0.0010513706792953884 0.026294105214941924 -0.20553182080042184 0.013380494328912385 0.010526562203785738 -0.00047500054885376539 -0.10745961238516394 0.024153860675748266
leaf_weight=183.57705283164978 541.08880418539047 3206.4518132507801 943.78256323933601 2392.5386799275875 992.19292107224464 334.57252225279808 76.846722781658173 572.57249817252159 9858.274903267622 4717.314895093441 72.591846823692322
leaf_count=123 388 4166 1265 2192 725 387 73 595 7843 5227 85
internal_value=-0.000295915 -0.000376888 0.000256167 0.000426274 0.00180175 -0.00141833 -0.000573808 -0.000780729 -1.87769e-05 -0.00204702 -0.000588004
internal_weight=23891.8 23708.2 14727.9 13784.1 3384.73 8980.35 3855.87 3779.02 10399.4 5124.48 407.164
internal_count=23069 22946 12413 11148 2917 10533 4834 4761 8231 5699 472
is_linear=0
shrinkage=0.0761716


Tree=81
num_leaves=17
num_cat=0
split_feature=2 4 6 5 2 3 9 3 2 2 2 5 6 2 7 4
split_gain=2.72404 1.27302 3.14109 1.91412 1.17467 1.09717 0.9802 2.98908 1.81489 1.05073 1.06863 0.824173 0.724658 0.766093 1.69117 0.424921
threshold=0.098816478347602127 1007.2500000000001 -0.98296291314453399 -0.78656609248549303 -0.99463397642532658 1.9950000000000003 -3.9832078430222366 1.6450000000000002 -0.99626127116974506 -0.86955717898714324 -0.82389248692129191 0.12940952255126045 -0.12940952255126037 0.46735921715800216 6.3549999999999995 1006.35
decision_type=2 2 2 2 2 2 2 2 2 2 2 2 2 2 2 2
left_child=1 6 -3 5 -5 -4 7 -1 -9 15 -11 12 13 -2 -15 -8
right_child=11 2 3 4 -6 -7 9 8 -10 10 -12 -13 -14 14 -16 -17
leaf_value=0.0012861398888186794 -0.0058291196810512308 0.013879246317160764 0.0042294224997638805 0.011884177970246537 -0.007241242463857025 0.02069596900573217 -0.010887901214205178 0.0097247372573715327 -0.016017901383009712 0.013132267205066973 -0.001589950437440204 -0.12505631971220757 -0.066104776028075185 0.012359628120525625 0.0017589523454402377 -0.0040740247689684426
leaf_weight=123.11878818273544 974.44844007492065 472.24549654126167 189.95141541957855 104.47383162379265 2225.2084260880947 114.7360582947731 2645.3591337502003 79.532089233398438 765.29506587982178 776.65836748480797 5858.2648740112782 4772.8954647183418 2574.0134092867374 142.34505170583725 1660.2809490859509 351.15483996272087
leaf_count=111 732 143 157 78 2237 85 2520 100 902 492 4608 5194 3352 157 1935 264
internal_value=-0.000511038 0.000186899 0.00154332 0.000501877 -0.000230542 0.0061537 -0.000208023 0.0020934 0.000421524 -0.000443108 8.72362e-05 -0.00145879 -0.00079982 4.28358e-05 0.00098355 -0.00162678
internal_weight=23830 13706 3106.62 2634.37 2329.68 304.687 10599.4 967.946 844.827 9631.44 6634.92 10124 5351.09 2777.07 1802.63 2996.51
internal_count=23067 11697 2700 2557 2315 242 8997 1113 1002 7884 5100 11370 6176 2824 2092 2784
is_linear=0
shrinkage=0.0761716


Tree=82
num_leaves=17
num_cat=0
split_feature=6 1 1 9 3 2 2 0 9 2 8 8 0 6 1 3
split_gain=3.60064 1.70565 1.70337 1.61864 3.87135 2.06789 1.38641 1.12938 1.16687 1.9563 0.911478 1.92632 0.702479 0.176243 0.546254 0.104532
threshold=-0.5 -0.99466160899732459 -0.99865756837029884 -0.17245329332781975 0.75500000000000012 -0.99463397642532658 -0.99981480381338828 -0.37940952255126015 0.32134735482417837 -0.82389248692129191 8.0900000000000034 8.3550000000000004 -0.5 -0.37940952255126015 0.67125374152323958 0.70500000000000007
decision_type=2 2 2 2 2 2 2 2 2 2 2 2 2 2 2 2
left_child=1 2 -1 4 -3 -6 -2 8 15 -10 12 -12 -5 14 -9 -8
right_child=6 3 -4 10 5 -7 7 13 9 -11 11 -13 -14 -15 -16 -17
leaf_value=0.010956878148123104 0.0074323462459233176 0.013091082580332307 0.0047873450460916818 0.00022489879880429762 0.0086192347717965172 0.0027310054878942895 0.013773542945975022 -0.11074772722034611 0.015954534695625959 -0.0015819540945405189 0.0041254157077215301 -0.00013688923405422759 -0.023469475953914933 -0.091110111866317206 0.025189071260454051 -0.022843008117264269
leaf_weight=188.35767278075218 78.695272564888 134.15529417991638 218.34964075684547 251.88158398866653 236.5678915977478 4147.884007692337 76.921314716339111 556.26239514350891 441.00071880221367 1934.3908452093601 231.53127688169479 4842.8813877403736 1795.5166510343552 5898.7168089747429 190.61317712068558 2944.9563263654709
leaf_count=134 80 71 125 135 118 3298 100 749 371 2200 110 2601 1169 7637 239 4010
internal_value=-0.000303505 0.000627307 0.00546573 0.000454272 0.00158242 0.00117983 -0.00123111 -0.0013001 -0.000473572 0.000780597 -0.000257472 0.000284794 -0.00161522 -0.00196619 -0.000790855 -0.00146956
internal_weight=24168.7 12047.1 406.707 11640.4 4518.61 4384.45 12121.6 12042.9 5397.27 2375.39 7121.81 5074.41 2047.4 6645.59 746.876 3021.88
internal_count=23147 7761 259 7502 3487 3416 15386 15306 6681 2571 4015 2711 1304 8625 988 4110
is_linear=0
shrinkage=0.0761716


Tree=83
num_leaves=17
num_cat=0
split_feature=6 1 2 4 9 3 3 7 4 4 1 9 9 1 1 9
split_gain=3.66929 1.79728 1.72731 1.63502 1.63481 1.8383 2.41019 1.53243 1.05099 2.30706 0.893739 0.856472 2.82533 1.33454 1.01591 0.677557
threshold=-0.5 0.49002412863433359 -0.83352489619613901 1003.5500000000001 -0.17245329332781975 4.4150000000000009 4.2750000000000012 3.8550000000000009 986.1500000000002 984.55000000000007 0.73248728852523659 3.5830194194804119 3.9008702944492311 -0.99762106698677366 0.98046008095854986 1.4782379634347509
decision_type=2 2 2 2 2 2 2 2 2 2 2 2 2 2 2 2
left_child=4 -2 3 -3 5 6 7 -1 9 -4 -7 13 -13 -6 -14 -15
right_child=1 2 8 -5 11 10 -8 -9 -10 -11 -12 12 14 15 -16 -17
leaf_value=-0.019980278982878737 -0.039997607324003391 -0.013924650841407803 -0.0058557517249162305 0.020246567510952693 0.01254819810407061 -0.029751695476438196 0.006847193259140712 0.0068435082651291824 -0.0089254739599208179 0.053848552723358756 0.010909492834948303 0.0126764396144762 -0.0041601670607054678 -0.00069043704864825092 0.0026445415355489843 -0.00613070427502432
leaf_weight=698.42196735739708 8119.0660889446735 100.24114367365837 330.02362960577011 95.230812132358551 152.45206087827682 828.89328515529633 125.64635708928108 2767.0180355012417 3286.2202281653881 207.43212330341339 181.14716821908951 271.02456912398338 1599.0870415568352 2358.6211677193642 481.48422601819038 2296.3000987768173
leaf_count=605 10651 94 258 82 73 854 79 1849 4157 244 124 164 786 1485 157 1447
internal_value=-0.000195628 -0.00112556 0.000184732 0.00711954 0.000761594 0.0018815 0.00269082 0.0022979 -0.000166677 0.00293603 -0.000964566 3.69944e-05 0.00123144 -0.000541174 0.000258216 -0.000778458
internal_weight=23898.3 12138.2 4019.15 195.472 11760.1 4601.13 3591.09 3465.44 3823.68 537.456 1010.04 7158.97 2351.6 4807.37 2080.57 4654.92
internal_count=23109 15486 4835 176 7623 3511 2533 2454 4659 502 978 4112 1107 3005 943 2932
is_linear=0
shrinkage=0.0761716


Tree=84
num_leaves=17
num_cat=0
split_feature=5 2 4 8 7 7 1 4 3 8 4 6 4 7 1 2
split_gain=2.2742 1.65224 4.85286 1.85656 1.50248 3.01211 1.31477 1.33971 0.875626 0.859637 0.85284 0.526124 0.622122 0.287477 0.201605 0.442119
threshold=0.60355339059327384 -0.65187484896379921 1006.9500000000002 12.060000000000002 5.1600000000000028 6.6800000000000015 0.34964421742355262 1007.9500000000002 5.2550000000000008 7.1599999999999993 1009.35 -0.60355339059327384 1009.85 1.3249999999999995 0.49002412863433359 -0.16705162550211936
decision_type=2 2 2 2 2 2 2 2 2 2 2 2 2 2 2 2
left_child=1 2 3 9 10 -6 11 8 -8 -1 -4 12 -3 -2 -15 -16
right_child=13 6 4 -5 5 -7 7 -9 -10 -11 -12 -13 -14 14 15 -17
leaf_value=-0.006217042474338276 0.011592381943237742 -0.0067093460222170109 -0.0016776895873265513 -0.00038457348820202718 0.019204109344246933 0.0072741827276923479 0.0064004733555272156 -0.011608174752801752 -0.012449322145373925 0.00023127009784281135 0.015830211455563483 -0.059998269492770796 0.0024150435282507708 -0.10304309728671411 0.010286376578859911 -0.12727447981303058
leaf_weight=2232.0573527514935 120.41533225774765 1778.3229116797447 340.71298384666443 125.21185749769211 451.29761376976967 303.10599192976952 3831.2063243985176 1716.1664043664932 606.75062930583954 2738.0254628360271 138.77847945690155 3483.9445089101791 719.85910204052925 3640.0707733333111 569.61487555503845 1092.1204506456852
leaf_count=2141 154 1674 219 61 239 165 2512 1682 471 1639 98 4618 846 4567 729 1332
internal_value=-0.00048899 -8.43778e-05 0.000911148 -0.000121705 0.00519193 0.00731921 -0.000606222 0.000170942 0.000874364 -0.000360882 0.00175668 -0.00141065 -0.000548876 -0.00186037 -0.00194691 -0.00120728
internal_weight=23887.7 18465.4 6329.19 5095.29 1233.9 754.404 12136.2 6154.12 4437.96 4970.08 479.491 5982.13 2498.18 5422.22 5301.81 1661.74
internal_count=23147 16365 4562 3841 721 404 11803 4665 2983 3780 317 7138 2520 6782 6628 2061
is_linear=0
shrinkage=0.0761716


Tree=85
num_leaves=17
num_cat=0
split_feature=5 2 1 4 4 4 7 7 9 7 7 1 7 3 8 4
split_gain=3.49267 2.23101 1.33753 1.66451 1.27487 1.27063 1.55203 3.95834 1.98165 0.329085 0.328934 0.196117 0.528134 1.13848 0.161969 0.575323
threshold=0.60355339059327384 0.098816478347602127 0.4749466738948262 1007.6500000000002 988.75000000000011 983.75000000000011 6.6200000000000037 7.3100000000000005 -3.8678985854494985 13.725000000000001 1.3249999999999995 0.50495637864894027 5.6300000000000008 3.5550000000000002 9.4250000000000025 1009.0500000000001
decision_type=2 2 2 2 2 2 2 2 2 2 2 2 2 2 2 2
left_child=1 5 14 4 -4 9 8 -8 -7 -1 -2 -12 13 -13 15 -3
right_child=10 2 3 -5 -6 6 7 -9 -10 -11 11 12 -14 -15 -16 -17
leaf_value=-0.010235933458099264 0.0091721220788914329 -0.02117204366684421 -0.015519241055543365 -0.052972871822002603 0.014453322351212375 0.0079683648668355065 0.0079568759001321428 0.0025194371141526554 -0.00059980611145968147 -0.0043747082619624749 -0.090423222686568813 -0.046144602517129714 -0.044700837933643212 0.058652676509139579 -0.073631552472736672 0.0058246270812571293
leaf_weight=821.23286238312721 103.58235889673233 768.49294206500053 331.12817147374153 959.20714583992958 1311.7896947562695 979.2682843208313 1226.1101869344711 3783.2083324790001 4482.5541173815727 292.43448305130005 3653.4423608481884 381.48358577489853 1155.3170132040977 134.02600488066673 2839.2752183377743 659.86097809672356
leaf_count=666 144 1058 279 1115 1240 966 753 1814 4066 67 4591 475 1429 152 3450 888
internal_value=-9.78816e-05 0.000400348 -0.000684318 0.00066806 0.00214754 0.00104626 0.00130798 0.00227733 0.000412505 -0.00138367 -0.00179692 -0.0018832 -0.00115615 0.000825157 -0.00151612 -0.000812353
internal_weight=23882.4 18454.6 6869.75 2602.13 1642.92 11584.8 10471.1 5009.32 5461.82 1113.67 5427.85 5324.27 1670.83 515.51 4267.63 1428.35
internal_count=23153 16362 8030 2634 1519 8332 7599 2567 5032 733 6791 6647 2056 627 5396 1946
is_linear=0
shrinkage=0.0761716


Tree=86
num_leaves=17
num_cat=0
split_feature=6 2 0 4 3 3 2 1 2 0 4 1 0 4 3 0
split_gain=2.83557 2.3755 2.75347 1.05191 0.941407 0.869873 0.794041 0.773333 2.00794 0.748054 0.68175 0.570299 0.314917 0.32206 0.495268 0.0759231
threshold=1.0000000180025095e-35 -0.99271195016773384 1.0000000180025095e-35 1013.85 5.2550000000000008 2.7350000000000008 -0.86092912513210462 0.49002412863433359 -0.82389248692129191 -0.37940952255126015 1006.85 0.96900085243778578 -0.9159756150367534 1002.35 2.7550000000000003 0.91597561503675351
decision_type=2 2 2 2 2 2 2 2 2 2 2 2 2 2 2 2
left_child=1 2 5 4 6 -1 -3 12 -9 11 -4 -10 13 -2 -15 -6
right_child=7 3 10 -5 15 -7 -8 8 9 -11 -12 -13 -14 14 -16 -17
leaf_value=0.013563779789970164 -0.14660343655802482 -0.0034790857306899142 -0.072357382884775653 -0.14084711281949036 -0.01577996801999404 0.0032795070174257272 0.001719339158313488 0.031755014805475948 -0.0088352925356281354 -0.06419081924407051 0.013054523013510295 0.028865917458474926 -0.079977765892831676 -0.0020735283646325956 0.017662487746301001 -0.020436751741700124
leaf_weight=170.16608369350433 424.51623797416687 2389.9157440662384 272.13529866933823 1042.8581750690937 1121.4861747324467 202.86393350362778 9868.8341571092606 133.51606112718582 800.19796431064606 1468.8193619549274 127.41584920883179 311.15155267715454 5032.8218263089657 489.25328320264816 67.242872714996338 175.61726400256157
leaf_count=107 639 1506 215 1276 1024 84 7173 155 1071 2018 62 349 6666 574 75 185
internal_value=-0.000324797 0.000296131 0.00440511 7.57195e-05 0.000257304 0.00908478 0.000465893 -0.00142172 -0.000339765 -0.000826056 0 0.000643121 -0.00190436 -0.000608539 0.000552203 -0.0016867
internal_weight=24098.8 15371.3 772.581 14598.7 13555.9 373.03 12258.7 8727.52 2713.68 2580.17 399.551 1111.35 6013.83 981.012 556.496 1297.1
internal_count=23179 11632 468 11164 9888 191 8679 11547 3593 3438 277 1420 7954 1288 649 1209
is_linear=0
shrinkage=0.0761716


Tree=87
num_leaves=17
num_cat=0
split_feature=5 6 4 3 1 2 3 2 9 1 4 2 1 2 2 1
split_gain=2.56573 1.32245 1.25227 1.97715 3.3927 1.34749 0.865372 0.670844 1.08358 0.64851 0.902035 0.523007 0.50334 0.334933 0.692616 0.466475
threshold=0.37940952255126054 0.60355339059327384 994.1500000000002 0.65500000000000014 -0.21772121422198129 -0.65187484896379921 0.65500000000000014 0.65837719692149965 -0.48393428582746972 0.21772121422198085 985.55000000000007 -0.82389248692129191 0.50495637864894027 -0.055914918885874271 -0.090248267031647136 0.20088869483109786
decision_type=2 2 2 2 2 2 2 2 2 2 2 2 2 2 2 2
left_child=1 2 7 4 -4 -5 -2 12 -9 -3 -11 -12 -1 14 15 -8
right_child=6 9 3 5 -6 -7 13 8 -10 10 11 -13 -14 -15 -16 -17
leaf_value=-0.058379568688766918 0.009175637553288497 -0.074026539347887943 -0.0037696481158459101 0.0065602897106760392 0.01397576855166756 -0.00040809759970758931 -0.052794472451972448 -0.059635835935525232 0.024218420776401548 0.057479502737657166 0.023945053832716737 -0.017576542174169478 -0.00073360087033937484 -0.11798152490521385 0.04367165438952518 -0.00079670056372363647
leaf_weight=2120.6559541523457 128.64384043216705 1930.0059611797333 207.86989015340805 3074.142739623785 170.27457916736603 4235.614319562912 1477.8923271298409 261.5376261472702 496.00526756048203 107.15256285667419 168.05462771654129 1161.6373979747295 2959.4407504796982 4149.1312519013882 77.152743250131607 1332.9379228055477
leaf_count=2266 153 2825 116 1222 110 3786 2379 349 620 165 273 1517 1255 4521 78 1512
internal_value=-0.000376555 0.000134125 0.000472074 0.00111159 0.00647364 0.000827506 -0.00158435 -0.000364919 0.00173391 -0.00121349 0 -0.00053517 -0.000684842 -0.00170138 -0.00104847 -0.0012554
internal_weight=24058.1 16892.4 13525.5 7687.9 378.144 7309.76 7165.76 5837.64 757.543 3366.85 1436.84 1329.69 5080.1 7037.11 2887.98 2810.83
internal_count=23147 14504 9724 5234 226 5008 8643 4490 969 4780 1955 1790 3521 8490 3969 3891
is_linear=0
shrinkage=0.0761716


Tree=88
num_leaves=17
num_cat=0
split_feature=5 6 2 8 7 4 0 2 2 3 4 4 8 3 8 2
split_gain=2.63423 1.57069 1.14164 1.77174 2.47064 0.724219 0.741069 0.488287 0.760455 0.482609 1.11923 0.400676 1.93442 0.331126 0.148224 0.131237
threshold=0.37940952255126054 0.60355339059327384 -0.99271195016773384 8.4450000000000021 7.080000000000001 1013.4500000000002 0.37940952255126048 -0.055914918885874271 -0.081676395330422633 3.5550000000000002 988.45000000000016 986.45000000000016 13.680000000000003 0.65500000000000014 16.415000000000006 -0.65187484896379921
decision_type=2 2 2 2 2 2 2 2 2 2 2 2 2 2 2 2
left_child=1 2 3 4 -1 6 -4 8 9 13 -11 12 -3 -2 15 -13
right_child=7 11 5 -5 -6 -7 -8 -9 -10 10 -12 14 -14 -15 -16 -17
leaf_value=0.0068640245576368003 0.0084767146811244552 -0.074157084599904347 0.00089926635330060537 -0.067445126608172853 0.012030897483609261 -0.069819128296605776 0.0083277664547798703 -0.10094650119322716 0.040345115177311403 -0.014517296870424986 0.01030903032665006 -0.0031965118915542341 0.078990367706370204 -0.012768428774038521 0.025009363203543005 -0.056147815605401011
leaf_weight=353.70624476671219 79.546966940164566 251.12042930722237 11072.986914157867 223.5325300693512 168.60541182756424 627.35363957285881 992.69517809152603 4242.3164376318455 67.855608910322189 527.26391729712486 342.33843350410461 603.39513397216797 64.446450889110565 1981.8513602912426 160.33884686231613 2306.6606176793575
leaf_count=222 85 472 7657 93 83 850 756 4615 65 712 340 999 83 2849 164 3050
internal_value=-0.000351642 0.000169541 0.000540629 0.00343613 0.00587132 0.000367293 0.000500767 -0.00156651 -0.000804403 -0.00100113 0.000475033 -0.0012933 0.00122808 -0.00163878 -0.00156351 -0.00169056
internal_weight=24066 16824.8 13438.9 745.844 522.312 12693 12065.7 7241.17 2998.86 2931 869.602 3385.96 315.567 2061.4 3070.39 2910.06
internal_count=23095 14429 9661 398 305 9263 8413 8666 4051 3986 1052 4768 555 2934 4213 4049
is_linear=0
shrinkage=0.0761716


Tree=89
num_leaves=17
num_cat=0
split_feature=5 2 1 9 4 4 1 5 7 2 9 6 7 1 2 8
split_gain=2.88306 1.70312 1.60838 1.39393 1.53409 1.2724 1.9705 1.23996 1.81966 1.10604 0.912768 0.375216 0.370205 0.240532 0.875605 1.04043
threshold=0.60355339059327384 -0.99463397642532658 0.4749466738948262 0.4195523763323355 1005.7500000000001 1000.7500000000001 -0.54883787585413535 0.25881904510252091 6.5900000000000034 -0.99862982478704421 0.4195523763323355 -0.78656609248549325 1.139999999999999 0.49002412863433359 -0.66483077113278999 8.1200000000000045
decision_type=2 2 2 2 2 2 2 2 2 2 2 2 2 2 2 2
left_child=1 3 5 4 9 11 -7 10 -9 -1 -4 -3 -2 -14 15 -15
right_child=12 2 7 -5 -6 6 -8 8 -10 -11 -12 -13 13 14 -16 -17
leaf_value=0.0069057513288748058 0.007393866786527827 -0.02273605153050947 -0.0048657789948561396 -0.017336912632718988 0.011114484931879665 0.0049246338707376438 -0.0038580011867054352 -0.006163931996404047 0.016927356015247821 -0.057657002499255289 0.0035388982353682288 -0.10680694666706027 -0.074704051745691252 -0.021993779878550862 -0.036693978256247914 0.041914945168398561
leaf_weight=229.92319801449776 74.863369643688202 1463.178328037262 2075.1018383800983 289.76437467336655 175.03872057795525 2784.1040583252907 3278.051607221365 420.70222330093384 805.35480174422264 149.54903465509415 4056.2509175539017 2782.0546585917473 3644.1998526453972 125.11847546696663 1478.1525768041611 100.10680416226387
leaf_count=150 92 1526 1836 179 78 2660 2716 327 575 151 2377 3678 4576 180 1776 128
internal_value=-0.000264822 0.000186235 2.44526e-05 0.00352283 0.00575705 -0.000587741 0.000115769 0.000886246 0.00309889 0.00288501 0.000437463 -0.0015991 -0.00180952 -0.00188828 -0.00110149 0.00324687
internal_weight=23931.5 18509.1 17664.8 844.275 554.511 10307.4 6062.16 7357.41 1226.06 379.472 6131.35 4245.23 5422.44 5347.58 1703.38 225.225
internal_count=23005 16253 15695 558 379 10580 5376 5115 902 301 4213 5204 6752 6660 2084 308
is_linear=0
shrinkage=0.0761716


Tree=90
num_leaves=17
num_cat=0
split_feature=6 2 8 0 2 7 7 3 8 0 7 4 4 1 0 7
split_gain=2.45 1.35051 1.84962 2.09412 1.18775 2.17146 2.49251 0.983697 1.92963 2.12406 0.80929 0.6849 1.52562 0.533037 0.623931 0.374691
threshold=-0.37940952255126015 -0.99271195016773384 8.4200000000000017 0.25881904510252057 -0.44437817810461328 7.1150000000000011 7.3100000000000005 1.2050000000000003 5.700000000000002 -0.37940952255126015 11.235000000000003 987.25000000000011 988.25000000000011 0.4749466738948262 -0.37940952255126015 14.165000000000001
decision_type=2 2 2 2 2 2 2 2 2 2 2 2 2 2 2 2
left_child=1 2 3 -1 5 -2 -7 8 -3 -10 -8 15 -13 -6 -15 -9
right_child=4 7 -4 -5 13 6 10 11 9 -11 -12 12 -14 14 -16 -17
leaf_value=0.0076343760905676983 -0.011270278727157579 0.0081248999453666787 -0.015825768716451773 0.020986648983148122 -0.10607925539591447 0.01194525532212479 0.0036240045232721887 -0.0068969788106367311 0.0085279377907277638 -0.0024060575095317181 0.016836751982064004 0.0065476494970157333 -0.00030723487474378579 0.0039907358266827505 -0.072406076491948732 -0.0075127947119275479
leaf_weight=282.22143042087555 2477.1796980500221 135.2731719315052 212.40676316618919 189.70104318857193 5037.7888783216476 91.068503588438034 779.83008229732513 2090.6689184606075 392.21224719285965 874.00808399915695 116.5933495759964 478.38492015004158 7648.57501283288 1410.303786367178 1395.00975009799 222.07961559295654
leaf_count=118 4009 71 97 144 5994 114 800 1253 206 490 53 323 5886 1590 1794 62
internal_value=-0.000352685 0.000379201 0.00366454 0.0063263 -0.00116604 0 0.00302376 0.000185857 0.00207925 0.00111639 0.00174132 -6.58315e-05 0.000260204 -0.00168476 -0.000823899 -0.00122391
internal_weight=23833.3 12525.5 684.329 471.922 11307.8 3464.67 987.492 11841.2 1401.49 1266.22 896.423 10439.7 8126.96 7843.1 2805.31 2312.75
internal_count=23004 8650 359 262 14354 4976 967 8291 767 696 853 7524 6209 9378 3384 1315
is_linear=0
shrinkage=0.0761716


Tree=91
num_leaves=14
num_cat=0
split_feature=5 2 7 2 4 4 1 7 8 7 0 9 3
split_gain=1.89265 1.16133 1.03945 0.743898 0.588898 0.57971 0.242436 0.512372 1.22064 0.0493316 0.0792948 0.037635 0.0109407
threshold=0.60355339059327384 0.93225468035816128 1.3249999999999995 -0.99981480381338828 1014.0500000000001 995.1500000000002 0.49002412863433359 5.6300000000000008 12.16 13.855000000000002 -0.37940952255126015 2.6392433740151078 6.0950000000000006
decision_type=2 2 2 2 2 2 2 2 2 2 2 2 2
left_child=1 3 -2 -1 5 -5 -4 8 -8 11 -11 -3 -9
right_child=2 9 6 4 -6 -7 7 12 -10 10 -12 -13 -14
leaf_value=0.012505819919449187 0.0091937900054828436 -0.13059024622560314 -0.067551759216785759 -0.0010381174532858876 -0.095111402536072531 0.0034341888315862581 -0.0018191391151703075 -0.058122098313256113 0.10294876120172114 -0.060814257641734919 0.017844660604033474 -0.055632068707409339 -0.035607035120721713
leaf_weight=185.60582011938095 113.99773886799812 1390.328768402338 3648.0428747832775 7449.9697730243206 634.03500410914421 8478.3896545171738 435.89118492603302 1062.2126435041428 68.021232217550278 145.12882176041603 64.265476018190384 148.17663988471031 74.07126572728157
leaf_count=97 148 1590 4541 6841 847 6480 547 1356 77 197 81 169 79
internal_value=-0.000462865 -9.46376e-05 -0.00171709 9.87042e-05 4.26451e-05 0.000135287 -0.0018776 -0.00106833 0.000907698 -0.00196218 -0.000623833 -0.00212256 -0.00197216
internal_weight=23898.1 18495.9 5402.24 16748 16562.4 15928.4 5288.24 1640.2 503.912 1747.9 209.394 1538.51 1136.28
internal_count=23050 16302 6748 14265 14168 13321 6600 2059 624 2037 278 1759 1435
is_linear=0
shrinkage=0.0761716


Tree=92
num_leaves=17
num_cat=0
split_feature=2 6 8 4 9 0 8 8 8 2 2 1 8 9 2 1
split_gain=1.59327 1.05782 0.9041 1.56372 1.34059 2.45947 3.97832 1.16273 1.68771 0.911765 0.868499 0.971801 0.744844 0.741336 1.9608 0.422619
threshold=0.1159303052754759 -0.5 6.7950000000000008 1011.1500000000002 1.3727140281448842 -0.37940952255126015 7.330000000000001 10.310000000000002 10.700000000000003 0.064506059999340642 0.46735921715800216 0.86958133671945947 9.620000000000001 -4.6688013717627959 -0.97502841500522164 0.4749466738948262
decision_type=2 2 2 2 2 2 2 2 2 2 2 2 2 2 2 2
left_child=2 10 3 13 5 6 -4 -6 -9 -7 -2 12 -12 14 -1 -3
right_child=1 15 4 -5 7 9 -8 8 -10 -11 11 -13 -14 -15 -16 -17
leaf_value=0.0067870165608247676 -0.014312257061441753 -0.11522469831471299 0.01293839978559763 0.0084934844322313626 -0.0055763826057945521 -0.00031493196196455143 0.0051529309771670201 0.036849654929773094 -0.00060214446949489596 0.0057051248301561823 0.0078459428495443895 0.007679900600392483 -0.0022896643819534917 -0.0106364649569217 -0.029147015214179756 -0.021390872584420531
leaf_weight=128.49605801701546 1116.0265125632286 4572.3305714428425 448.79925552010536 173.01632022857666 2069.5908754169941 2740.1758232414722 1447.7751903235912 176.65904447436333 2625.4055531620979 120.84552824497223 449.05011674761772 105.17337620258331 1768.8986063301563 3747.0998249351978 361.58109268546104 1928.4221770465374
leaf_count=111 947 4997 373 174 1529 2433 1039 101 1343 106 558 46 2180 4379 461 2454
internal_value=-0.0004433 -0.00118126 7.70807e-05 -0.000823169 0.00049276 0.00140329 0.00352819 -0.000390341 0.000612602 0 -9.11343e-05 0.000738221 0.000379277 -0.00112084 0.00162803 -0.00175288
internal_weight=23979.3 9939.9 14039.4 4410.19 9629.25 4757.6 1896.57 4871.66 2802.06 2861.02 3439.15 2323.12 2217.95 4237.18 490.077 6500.75
internal_count=23231 11182 12049 5125 6924 3951 1412 2973 1444 2539 3731 2784 2738 4951 572 7451
is_linear=0
shrinkage=0.0761716


Tree=93
num_leaves=17
num_cat=0
split_feature=6 2 9 8 3 2 7 6 5 4 3 4 8 1 5 4
split_gain=1.73595 2.32552 1.2944 0.957344 7.72943 0.854256 1.15474 0.951222 1.97672 0.695862 0.719578 0.44399 0.433777 0.227721 0.272956 0.293756
threshold=1.0000000180025095e-35 -0.99862982478704421 -0.11787781402051499 4.8449999999999998 1.6450000000000002 -0.38168922026665864 6.8000000000000034 0.37940952255126048 -0.37940952255126059 1014.1500000000002 1.0550000000000004 1002.35 9.0250000000000021 0.4749466738948262 -0.37940952255126059 1007.6500000000002
decision_type=2 2 2 2 2 2 2 2 2 2 2 2 2 2 2 2
left_child=1 2 -1 4 -3 6 11 -8 -9 10 -5 -2 -13 -7 15 -15
right_child=5 3 -4 9 -6 13 7 8 -10 -11 -12 12 -14 14 -16 -17
leaf_value=0.024557576185560408 -0.092832589517733738 0.0039375939913539734 -0.0019334998134368446 -0.0047588033289721506 -0.021676861814296993 -0.094441183214837784 -0.0066003734393081971 0.03251856463263933 0.0054417192508043446 -0.12288822344085365 0.00082053247997971636 -0.0026444449756506277 0.015560596944686157 0.024119268844423964 -0.046585175008819611 -0.015011851259135804
leaf_weight=167.50818526744843 1003.7403533756733 130.70798388123512 213.25787550210953 1303.4258140027523 444.33805891871452 4058.4734700620174 229.45115000009537 199.9170049726963 357.29556912183762 946.83827894926071 11887.766911327839 864.93599891662598 71.056720048189163 418.05300232768059 1339.6395024359226 263.81131446361542
leaf_count=94 1826 91 103 834 448 4728 193 189 590 1142 8810 1380 109 499 1737 339
internal_value=-0.000359168 0.000134858 0.00598985 -1.56774e-05 0.00302071 -0.00120923 -7.66977e-05 0.00236738 0.00407744 -0.000141973 0 -0.00108601 7.59428e-05 -0.00171167 -0.00101761 0.000181965
internal_weight=23900.2 15093.8 380.766 14713.1 575.046 8806.37 2726.4 786.664 557.213 14138 13191.2 1939.73 935.993 6079.98 2021.5 681.864
internal_count=23112 11522 197 11325 539 11590 4287 972 779 10786 9644 3315 1489 7303 2575 838
is_linear=0
shrinkage=0.0761716


Tree=94
num_leaves=17
num_cat=0
split_feature=6 3 9 0 9 7 0 4 9 9 4 1 9 1 1 0
split_gain=2.1926 1.92505 3.20275 1.45616 1.29676 0.948594 1.02327 2.2518 0.925518 0.91532 0.79416 0.608642 0.560005 0.348147 0.132606 0.0925036
threshold=-0.37940952255126015 0.70500000000000007 1.3727140281448842 -0.37940952255126015 -1.0000000180025095e-35 6.9100000000000019 -0.37940952255126015 1005.2500000000001 4.4907777272588563 1.0000000180025095e-35 1006.4500000000002 0.081675638985454754 5.4825640581124047 0.96683886033945965 -0.82391537601316178 0.37940952255126048
decision_type=2 2 2 2 2 2 2 2 2 2 2 2 2 2 2 2
left_child=1 2 -1 4 13 6 7 -3 -8 -6 12 -11 -7 -2 -12 -5
right_child=3 5 -4 15 9 10 8 -9 -10 11 14 -13 -14 -15 -16 -17
leaf_value=0.0054159104131585025 -0.014735512337386352 -0.0016755489029204708 -0.01580076454188465 -0.036995219934841596 0.011308002591909738 0.001554580495681415 0.0012902330266032671 0.015835674221774877 0.0077766723535388216 -0.0017488135167681076 -0.053409355652088472 0.0084738803187092374 -0.0078612491112595873 0.064770693150420319 -0.0064804539198023078 -0.073199140021782738
leaf_weight=229.66076582670212 2623.9205124676228 658.41561198234558 295.56246796250343 2066.3737460076809 82.137242138385773 3975.4762739539146 4679.9126231074333 334.65002855658531 277.66612714529037 947.42387413978577 149.61708334088326 1658.0436251461506 591.30901473760605 94.149497628211975 1439.1628896296024 3795.9479455053806
leaf_count=129 3635 422 135 2864 58 2180 3965 153 222 1242 143 1589 222 112 1108 4786
internal_value=-0.000280598 0.000406675 0.00491118 -0.00105371 -0.000145507 0.000207555 0.000894887 0.00312822 0.00043968 0.00103388 -0.000451929 0.000766096 5.20472e-05 -0.00132302 -0.00191768 -0.00188537
internal_weight=23899.4 12631.4 525.223 11268 5405.67 12106.2 5950.64 993.066 4957.58 2687.6 6155.57 2605.47 4566.79 2718.07 1588.78 5862.32
internal_count=22965 8679 264 14286 6636 8415 4762 575 4187 2889 3653 2831 2402 3747 1251 7650
is_linear=0
shrinkage=0.0761716


Tree=95
num_leaves=17
num_cat=0
split_feature=2 1 1 5 2 1 2 4 7 2 1 1 4 9 1 4
split_gain=1.73245 1.57096 1.08408 0.990085 0.960894 0.765686 1.77378 0.812578 0.581467 0.332187 1.14547 0.317183 0.523562 0.29432 0.134245 0.193843
threshold=0.82873938879806197 -0.7610972106345526 -0.74981945761428159 0.91597561503675362 -0.99271195016773384 -0.99628894895067444 -0.0387208465846701 1007.35 13.435000000000004 0.53435276464917691 -0.82391537601316178 0.34964421742355262 994.95000000000016 -6.7574549078194091 0.45972848220565493 997.95000000000016
decision_type=2 2 2 2 2 2 2 2 2 2 2 2 2 2 2 2
left_child=1 5 -3 4 -4 6 7 -1 14 13 -11 -10 -13 -7 -2 -16
right_child=8 2 3 -5 -6 9 -8 -9 11 10 -12 12 -14 -15 15 -17
leaf_value=0.0025651273254771855 -0.11875821416319271 0.013455231835176648 0.0048216483117293381 -0.051182616837464112 0.0014636559292693781 0.0038360583093766088 -0.03638555194715537 0.0076857418877665524 -0.022592823930802881 0.017939745073160013 -0.1057356160279616 0.052166257944801654 -0.025564218895383156 -0.04746173892482005 0.016558489358880903 -0.023511302956934505
leaf_weight=115.75855997204781 3522.3796682357788 134.56589934229851 1013.385754853487 1082.3581170141697 13232.035892426968 97.184089094400406 383.67570918798447 125.35303181409836 284.59211084246635 114.36198776960373 281.0377404987812 108.60442870855331 90.928745061159134 3103.4729627072811 110.51594120264053 185.62523490190506
leaf_count=129 3594 120 824 1617 10610 99 456 69 358 147 388 117 102 4129 131 228
internal_value=-0.000202511 9.87319e-05 0.000455761 0.000393143 0.000563673 -0.00120121 0.00122749 0.00633864 -0.001587 -0.0016325 0.000383289 0.000851582 0.00318694 -0.00189139 -0.00190476 -0.000222099
internal_weight=23985.8 19683.2 15462.3 15327.8 14245.4 4220.84 624.787 241.112 4302.65 3596.06 395.4 484.125 199.533 3200.66 3818.52 296.141
internal_count=23118 18588 13171 13051 11434 5417 654 198 4530 4763 535 577 219 4228 3953 359
is_linear=0
shrinkage=0.0761716


Tree=96
num_leaves=17
num_cat=0
split_feature=6 9 3 1 9 2 1 3 2 8 4 8 8 3 0 1
split_gain=1.59851 1.40414 3.32299 1.38705 1.94319 1.35226 0.858126 1.08146 0.695574 1.01714 1.2844 0.655711 1.5477 0.619029 0.410395 0.334235
threshold=-0.37940952255126015 -3.8678985854494985 1.6450000000000002 -0.99273952934267318 0.11830090225707936 -0.99981480381338828 0.45972848220565493 3.5550000000000002 -0.44437817810461328 8.2500000000000036 1007.4500000000002 5.4000000000000012 6.2150000000000007 0.70500000000000007 -0.37940952255126015 0.2843565540399125
decision_type=2 2 2 2 2 2 2 2 2 2 2 2 2 2 2 2
left_child=1 2 -1 4 -3 -2 13 -8 9 -7 -11 -4 -13 -5 15 -10
right_child=5 3 11 6 -6 8 7 -9 14 10 -12 12 -14 -15 -16 -17
leaf_value=0.027355796913715806 0.010079381488351724 0.0098600118521799517 -0.017708699466067471 0.0046373168919697765 -0.0058307109960227506 -0.0078202129230590146 -0.00072426837786228153 0.0049964040827962033 -0.054711808759827396 0.0039278625368317889 0.020920621749011475 0.0093238117821523442 0.0069864562661339155 -0.0059152014288086502 -0.086514349858663575 -9.175397669895663e-05
leaf_weight=134.23539814352989 78.492267042398453 179.19019109010696 270.93792572617531 270.47477954626083 232.43825703859329 2340.3299731612206 3422.8919507265091 1626.9441410303116 1797.0107338130474 861.65374502539635 139.40698245167732 97.836422115564346 572.81555533409119 5739.4910075366497 4389.8254078626633 1585.91764742136
leaf_count=88 87 140 191 164 143 3699 1730 779 2570 980 205 85 598 4795 4942 1747
internal_value=-0.000432669 0.000155501 0.00278387 -8.89051e-05 0.00423298 -0.00109469 -0.000253635 0.000474195 -0.0011685 -0.00023808 0.00177884 0.00113089 0.00242677 -0.00087032 -0.00156423 -0.00091574
internal_weight=23739.9 12547.3 1075.83 11471.4 411.628 11192.6 11059.8 5049.84 11114.1 3341.39 1001.06 941.59 670.652 6009.97 7772.75 3382.93
internal_count=22943 8713 962 7751 283 14230 7468 2509 14143 4884 1185 874 683 4959 9259 4317
is_linear=0
shrinkage=0.0761716


Tree=97
num_leaves=17
num_cat=0
split_feature=4 4 3 3 6 1 1 9 2 1 8 2 1 3 0 0
split_gain=1.30537 0.974463 2.04972 2.23378 2.40395 1.45453 1.39176 0.968402 2.40554 0.899905 1.00836 0.731584 1.12637 0.517202 0.487947 0.258155
threshold=1012.2500000000001 1007.0500000000001 2.4150000000000005 2.6950000000000007 -0.5 0.23448921811828119 0.4749466738948262 -3.9308065753812591 -0.99626127116974506 0.5772862706790628 7.1599999999999993 -0.67758968959607091 0.53436760985011655 3.2150000000000003 -0.5 -0.9159756150367534
decision_type=2 2 2 2 2 2 2 2 2 2 2 2 2 2 2 2
left_child=1 6 11 4 -4 -5 7 8 -1 10 -8 12 -3 -11 -13 -9
right_child=-2 2 3 5 -6 -7 9 15 -10 13 -12 14 -14 -15 -16 -17
leaf_value=0.012826394921609514 -0.07330258281853172 0.0045492916396697534 0.031881012973603851 0.016791366468961681 -0.00032811861362985371 -0.0078710443287251953 -0.11175149373877571 -0.0021089396165903818 -0.0044046650067679658 -0.0029668891173289091 0.0086148818489585506 0.0009172174035273796 0.029692556482340753 0.0028531973369517296 -0.017265767712492362 -0.010653948222458165
leaf_weight=82.958634346723557 3035.8694476485252 548.28756314516068 204.25137406587601 642.51655301451683 116.17131638526917 564.69687137007713 204.77007114887238 914.10182195901871 1307.5481608510017 2920.7538073062897 726.9773451089859 819.71259808540344 104.60355857014656 2726.9379461705685 1847.7781082093716 7456.9533265829086
leaf_count=110 3591 456 122 486 165 388 170 1160 1557 2194 496 1070 82 1808 1875 7498
internal_value=-0.000474713 -0.000261236 0.000684013 0.00299259 0.00863715 0.0014517 -0.000543653 -0.00112135 0.000724107 0.000308812 0.00249887 -0.000370372 0.00189403 -4.80538e-05 -0.000937738 -0.00143177
internal_weight=24224.9 21189 4848.02 1527.64 320.423 1207.21 16341 9761.56 1390.51 6579.44 931.747 3320.38 652.891 5647.69 2667.49 8371.06
internal_count=23228 19637 4644 1161 287 874 14993 10325 1667 4668 666 3483 538 4002 2945 8658
is_linear=0
shrinkage=0.0761716


Tree=98
num_leaves=17
num_cat=0
split_feature=1 2 3 6 9 7 8 2 7 7 8 8 1 9 2 0
split_gain=2.81062 4.50213 1.61624 1.36886 2.65151 3.19618 8.63138 1.47568 2.06222 1.94587 0.4662 1.88044 0.403795 0.382272 0.953921 0.347465
threshold=-0.99273952934267318 0.081673369964559248 1.0850000000000002 -0.37940952255126015 -3.8678985854494985 4.6200000000000001 6.1400000000000032 -0.65187484896379921 6.9400000000000013 7.2500000000000027 7.330000000000001 7.580000000000001 0.38168568572378603 0.2315907272263811 -0.021515300460958474 -0.37940952255126015
decision_type=2 2 2 2 2 2 2 2 2 2 2 2 2 2 2 2
left_child=1 2 -1 4 5 -2 -7 8 12 -10 -6 -12 -5 -4 -15 -9
right_child=3 -3 13 7 10 6 -8 15 9 -11 11 -13 -14 14 -16 -17
leaf_value=0.010477516936354942 -0.0087736783909018231 0.0099204872453069227 -0.015214708780628326 -0.0094990590331445919 -0.0045914667406063729 0.025202196550081671 0.00057810168811449673 -0.0090120609906853728 0.012785925000666696 0.0044401991563323556 0.013688753734614081 -0.00082696603856391513 0.010999185939185219 0.008125154033366732 -0.049628053373337616 -0.079279572726758035
leaf_weight=160.8611863553524 483.18108168244362 133.78272181749344 334.56869599223137 1564.2896335721016 2924.2982089817524 125.59116381406784 415.77320688962936 3621.3711841404438 132.94432702660561 690.6606710255146 478.60773950815201 7782.6006557047367 451.65797844529152 85.018941700458527 123.48655903339386 4573.8518690764904
leaf_count=127 411 127 412 2572 2175 48 416 4553 148 635 263 5098 690 74 160 5277
internal_value=-0.000251056 0.00407267 0.00156089 -0.000408704 0.000144752 0.00384951 0.00785704 -0.00102382 0.000463853 0.00367557 -0.000192693 9.65089e-05 -0.000836149 -0.000382327 0.0020884 -0.00154307
internal_weight=24082.5 837.718 703.935 23244.8 12210.1 1024.55 541.364 11034.8 2839.55 823.605 11185.5 8261.21 2015.95 543.074 208.506 8195.22
internal_count=23186 900 773 22286 8411 875 464 13875 4045 783 7536 5361 3262 646 234 9830
is_linear=0
shrinkage=0.0761716


Tree=99
num_leaves=17
num_cat=0
split_feature=2 7 5 4 1 6 4 1 6 4 9 9 7 8 8 2
split_gain=1.54992 1.11976 0.883152 1.01088 1.6924 0.943363 3.1111 0.936458 0.429194 0.659728 0.431374 0.979284 0.313711 0.246879 0.43653 0.15293
threshold=0.88201535311751322 3.7700000000000018 0.60355339059327384 993.35000000000002 -0.99273952934267318 -0.37940952255126015 988.55000000000007 0.49002412863433359 -0.70710678118654757 996.1500000000002 -0.26355527567497278 2.8489667944757149 1.139999999999999 7.7950000000000008 8.1200000000000045 -0.69637622559687229
decision_type=2 2 2 2 2 2 2 2 2 2 2 2 2 2 2 2
left_child=1 12 3 7 -5 6 -4 -3 9 10 -2 -12 -1 -14 -15 -7
right_child=8 2 5 4 -6 15 -8 -9 -10 -11 11 -13 13 14 -16 -17
leaf_value=0.0036905304311149112 -0.060335274320436831 -0.034606411276706973 0.030965158601449307 0.0040554107325873135 0.0032109605143194166 -0.0046036275389818469 -0.0099635354707450705 0.0025247563382989279 -0.13592483577279038 -0.065247933956064347 0.053840767762758743 -0.011885258865975742 -0.020689207969713141 0.055503277090841227 -0.033503960532954652 -0.065344596726009049
leaf_weight=77.945687681436539 83.202245622873306 2732.0709323883057 88.332766354084015 358.66626068949699 8127.178633004427 432.77461990714073 481.37245708703995 3839.3422712683678 2994.4829069674015 425.14754110574722 83.282777577638626 98.392722725868225 2019.2857121825218 88.154998749494553 350.9093582034111 1685.5520639121532
leaf_count=91 109 3377 69 248 6417 769 602 2265 2840 588 113 142 2765 104 361 2224
internal_value=-0.000247067 1.25771e-05 0.00022815 0.000456668 0.00100649 -0.00103943 0.00167812 -0.000248714 -0.00168367 0 0.00299449 0.00508631 -0.00148194 -0.0016422 0 -0.00178629
internal_weight=23966.1 20281.6 17745.3 15057.3 8485.84 2688.03 569.705 6571.41 3684.51 690.025 264.878 181.676 2536.3 2458.35 439.064 2118.33
internal_count=23084 19292 15971 12307 6665 3664 671 5642 3792 952 364 255 3321 3230 465 2993
is_linear=0
shrinkage=0.0761716


Tree=100
num_leaves=17
num_cat=0
split_feature=6 9 3 2 2 1 4 5 7 4 2 1 3 7 5 1
split_gain=2.88924 1.8241 6.08535 3.97145 1.38391 1.48618 1.24456 1.16475 2.80617 1.4443 0.899005 0.97052 0.866703 0.555626 0.773435 0.444561
threshold=-0.5 -3.8678985854494985 1.5050000000000001 -0.97502841500522164 -0.99981480381338828 0.4749466738948262 987.25000000000011 -0.70710678118654735 6.6500000000000048 987.55000000000007 -0.098820138732871751 0.98801351631316348 3.2150000000000003 12.175000000000001 -0.5 0.84293373149377093
decision_type=2 2 2 2 2 2 2 2 2 2 2 2 2 2 2 2
left_child=1 2 -1 -4 -2 -6 13 8 -8 -9 11 -7 -5 -3 -15 -12
right_child=4 6 3 12 5 10 7 9 -10 -11 15 -13 -14 14 -16 -17
leaf_value=0.023037921291020749 0.0095403461753695937 -0.0069854389928883237 0.0010123687791180826 0.0095564962547482132 -0.025008150518740543 0.0089764253924485022 -0.0016785543758873755 -0.0030998088685939662 0.0029347613164353555 0.0010762259792357672 0.0031596870251212337 0.053266577609345507 -0.037020602645817871 -0.024155133350181969 0.00024814228840068286 -0.031801964980931227
leaf_weight=102.14486864209175 75.281996220350266 1640.9382559657097 110.81439101696014 312.47899234294891 8028.6509893834591 1518.8300138115883 191.91415259242058 151.11108538508415 879.47778204083443 7173.1773527264595 1139.9412412643433 130.91226753592491 477.47147476673126 341.71223592758179 462.99225327372551 1232.02010679245
leaf_count=67 81 1057 58 265 10514 1807 89 90 528 4800 1371 103 480 102 103 1600
internal_value=-0.00014169 0.000702854 0.00380986 0.00174329 -0.000969182 -0.0010368 0.000411621 0.000854168 0.00320206 0.000505341 0.000151288 0.00152192 -0.000132683 -0.00109407 0.000513942 -0.000789543
internal_weight=23969.9 11844.2 1002.91 900.765 12125.6 12050.4 10841.3 8395.68 1071.39 7324.29 4021.7 1649.74 789.95 2445.64 804.704 2371.96
internal_count=23115 7639 870 803 15476 15395 6769 5507 617 4890 4881 1910 745 1262 205 2971
is_linear=0
shrinkage=0.0761716


Tree=101
num_leaves=17
num_cat=0
split_feature=6 2 4 9 2 2 9 2 4 1 2 4 2 2 1 0
split_gain=1.8239 1.87948 0.870011 0.765818 1.46566 0.71789 1.19493 0.911761 1.82701 0.697416 0.443431 0.0664203 0.143335 0.0634585 0.0458527 0.0661465
threshold=1.0000000180025095e-35 -0.99981480381338828 1014.35 -3.8678985854494985 -0.97502841500522164 0.74982640120456845 -0.80153965330308263 -0.82389248692129191 1005.35 -0.99273952934267318 0.65837719692149965 995.1500000000002 -0.65187484896379921 0.67123509350548771 0.42888796625999276 -0.60355339059327384
decision_type=2 2 2 2 2 2 2 2 2 2 2 2 2 2 2 2
left_child=1 -1 3 4 -3 6 11 8 -8 -5 -9 13 -13 -2 -7 -16
right_child=5 2 -4 9 -6 14 7 10 -10 -11 -12 12 -14 -15 15 -17
leaf_value=0.023926043503091975 -0.082708360246447787 0.0095883327885068603 -0.11565550312421384 0.005489833900109208 0.0024706403695855554 -0.15445945281621687 -0.0002568962044981961 -0.0049865060191593156 0.016927806938201621 6.7118259103844679e-05 0.027850974231616393 -0.0019271999778544846 -0.050846493181557859 0.035360072097576349 0.00086230106391536822 -0.068634018504614411
leaf_weight=168.26474416255951 1509.3981992304325 158.12127441167831 939.13286516070366 519.34698721766472 1110.5911636054516 2403.2431052327156 266.87945488095284 2185.3921548724174 345.98211020231247 12349.105308532715 215.8757466673851 390.41617497801781 878.34000912308693 56.790908962488174 141.5443449318409 352.97352308034897
leaf_count=71 2547 96 1124 383 1043 2240 376 3166 457 8814 289 583 1261 70 187 352
internal_value=-0.000190944 0.000310546 0.000218276 0.000369427 0.00215515 -0.00106836 -0.000574705 0.000472955 0.00309096 0.000190504 -0.000185111 -0.00169895 -0.00122052 -0.00206367 -0.00205248 -0.00121738
internal_weight=23991.4 15244.6 15076.3 14137.2 1268.71 8746.84 5849.07 3014.13 612.862 12868.5 2401.27 2834.95 1268.76 1566.19 2897.76 494.518
internal_count=23059 11531 11460 10336 1139 11528 8749 4288 833 9197 3455 4461 1844 2617 2779 539
is_linear=0
shrinkage=0.0761716


Tree=102
num_leaves=17
num_cat=0
split_feature=6 5 9 3 2 3 4 7 1 2 9 9 7 3 1 4
split_gain=2.47269 1.23023 1.51445 2.8714 3.20876 1.14611 0.861849 2.51958 1.28769 0.772237 1.0673 1.59725 1.23689 0.663654 1.24295 0.148927
threshold=1.0000000180025095e-35 0.37940952255126054 -3.9308065753812591 1.6450000000000002 -0.9668120007078248 0.65500000000000014 1002.7500000000001 7.3499999999999996 0.098819223632317002 -0.055914918885874271 -1.0000000180025095e-35 1.7989275620172054 6.0250000000000012 3.3750000000000004 0.4749466738948262 989.95000000000016
decision_type=2 2 2 2 2 2 2 2 2 2 2 2 2 2 2 2
left_child=1 2 3 -1 -5 -3 8 -8 -4 10 15 12 -12 -7 -15 -2
right_child=9 5 6 4 -6 13 7 -9 -10 -11 11 -13 -14 14 -16 -17
leaf_value=0.0077084967720045762 -0.065945841172702135 0.0065489684138548077 -0.045230770210432918 0.0086315754805463361 -0.0013904015071982941 -0.023283786739944613 0.0079379858170740471 -0.0012345851201528463 0.0013352774385025222 -0.052539730838450843 0.0018368869258567693 -0.011135591265910639 0.028689252310546063 -0.0067415093941272635 0.006714006480684263 -0.0059411523420897358
leaf_weight=179.56036046147346 1062.1563028097153 85.348811596632004 1871.1848288178444 103.9864753484726 849.40423035621643 1871.3562141954899 2801.1186986863613 2613.72398686409 3353.8887579143047 5312.653390288353 353.40225675702095 735.78348308801651 421.80511200428009 944.41810509562492 583.72902047634125 821.4982396364212
leaf_count=116 1945 68 1920 80 818 2171 1434 1694 1651 6154 596 955 510 1156 517 1325
internal_value=-6.89359e-05 0.000514154 0.000887451 0.00353716 0.00181742 -0.000737689 0.000601497 0.00127506 -9.08654e-05 -0.0010941 -0.000186045 0.00130996 0.00372645 -0.000967525 0.000191772 -0.00140281
internal_weight=23965 15257.7 11772.9 1132.95 953.391 3484.85 10639.9 5414.84 5225.07 8707.3 3394.65 1510.99 775.207 3399.5 1528.15 1883.65
internal_count=23110 11625 7713 1014 898 3912 6699 3128 3571 11485 5331 2061 1106 3844 1673 3270
is_linear=0
shrinkage=0.0761716


Tree=103
num_leaves=17
num_cat=0
split_feature=2 7 9 4 4 6 8 6 8 7 7 2 1 1 0 6
split_gain=2.08487 1.42162 1.52283 5.27429 1.12244 1.74812 1.28835 0.914723 0.674879 1.08321 0.583899 0.545655 0.992495 1.07907 0.731193 0.361537
threshold=0.1159303052754759 4.5550000000000006 -4.043098384044753 987.05000000000007 1008.9500000000002 -0.98296291314453399 12.780000000000001 -0.5 7.2999999999999998 3.0849999999999995 2.645 0.46735921715800216 -0.82391537601316178 0.86958133671945947 -0.5 -0.98296291314453399
decision_type=2 2 2 2 2 2 2 2 2 2 2 2 2 2 2 2
left_child=1 8 3 -3 6 -6 -4 11 15 10 -10 14 -13 -14 -2 -1
right_child=7 2 4 -5 5 -7 -8 -9 9 -11 -12 12 13 -15 -16 -17
leaf_value=0.020879986258578571 0.020507725242002308 0.012900627974205168 4.7144506640983074e-05 -0.0053175960652357855 0.03434893205755446 0.0055030668215589667 0.0097464871755444105 -0.052109627503986983 0.0066711818615135653 -0.02569170467120014 0.016076974119740087 0.014241775116647714 -0.0011486738285716536 0.0097407852123515895 -0.016043381992135914 -0.030259111445676293
leaf_weight=255.88893178105354 157.31474590301514 127.22474938631058 7820.6364977359772 302.37923577427864 184.69906878471375 777.87994396686554 1390.2787357568741 6526.9167883396149 150.84193658828735 553.43643459677696 109.96797460317612 98.687538921833038 2119.5810987055302 106.75282454490662 938.0495311319828 2334.555214881897
leaf_count=136 115 128 5617 342 45 707 717 7486 148 604 115 127 2605 44 833 3333
internal_value=-0.000184304 0.000412911 0.000849255 0.00528681 0.000657364 0.00313311 0.000394355 -0.00102832 -0.00093638 0.000950418 0.00498805 -9.98982e-06 0.000641068 0.000290211 -0.00141844 -0.00154189
internal_weight=23955.1 14007.8 10603.1 429.604 10173.5 962.579 9210.92 9947.3 3404.69 814.246 260.81 3420.39 2325.02 2226.33 1095.36 2590.44
internal_count=23102 11892 7556 470 7086 752 6334 11210 4336 867 263 3724 2776 2649 948 3469
is_linear=0
shrinkage=0.0761716


Tree=104
num_leaves=17
num_cat=0
split_feature=2 3 4 9 5 8 9 1 3 4 5 3 4 2 3 4
split_gain=1.85444 1.26208 3.40244 1.15465 0.907344 0.703591 1.2913 1.57609 1.02272 0.953917 1.5685 0.941623 0.68252 0.992142 1.81851 0.633452
threshold=-0.0387208465846701 0.70500000000000007 1009.0500000000001 -0.55056369567819263 0.60355339059327384 11.355000000000004 3.9008702944492311 0.92913280730858816 3.1150000000000007 986.25000000000011 -0.78656609248549303 1.425 1011.7500000000001 0.46735921715800216 3.5950000000000002 1003.7500000000001
decision_type=2 2 2 2 2 2 2 2 2 2 2 2 2 2 2 2
left_child=1 2 3 -1 12 9 7 -7 -8 11 -11 -3 13 15 -15 -2
right_child=4 5 -4 -5 -6 6 8 -9 -10 10 -12 -13 -14 14 -16 -17
leaf_value=0.0045718402962585496 -0.011410107776349999 0.0019648768060256693 0.0095595602741804665 -0.012396000614008449 -0.083041244064251632 0.023388018159228627 -0.00014388799704096887 -0.0017587582249958048 -0.00873806016629349 0.0062677302395843749 -0.00095634720256072088 -0.030201377369196272 -0.038871546652939896 0.020760081677981379 -0.007939156657308875 0.0029372075964009289
leaf_weight=115.48616006970406 1432.5246084332466 112.63760423660278 136.45788735151291 281.79304596781731 3351.6585974097252 691.56352588534355 351.80913788080215 570.97962138056755 679.67895913124084 1743.7929046154022 6319.9487595558167 1727.825838804245 1938.0398909449577 1691.8335874378681 1662.3370634913445 1026.9742097556591
leaf_count=95 1438 116 85 158 3565 467 169 365 210 1278 5754 2107 2562 2005 1825 863
internal_value=-0.000173315 0.00045245 0.00407248 0.000396598 -0.00089361 0.000290577 0.00149181 0.00312589 -0.000481214 8.84158e-06 0.000369217 -0.00155127 -0.000435312 -1.69629e-05 0.00082939 -0.0011835
internal_weight=23835.3 12732 533.737 397.279 11103.4 12198.2 2294.03 1262.54 1031.49 9904.21 8063.74 1840.46 7751.71 5813.67 3354.17 2459.5
internal_count=23062 10804 338 253 12258 10466 1211 832 379 9255 7032 2223 8693 6131 3830 2301
is_linear=0
shrinkage=0.0761716


Tree=105
num_leaves=17
num_cat=0
split_feature=2 5 1 1 1 4 3 7 4 9 1 4 6 6 3 1
split_gain=1.89251 1.14691 0.912915 1.60468 1.31182 1.6994 1.07149 0.502305 0.382516 0.319653 0.200114 0.204597 0.192995 0.117438 0.101093 0.0762218
threshold=0.83824865459667641 0.91597561503675362 -0.86095304316285715 -0.85206963063867713 -0.99273952934267318 1003.35 0.70500000000000007 14.764999999999999 991.95000000000016 -5.8733393977213586 0.42888796625999276 1010.2500000000001 1.0000000180025095e-35 -0.5 2.6150000000000007 0.38168568572378603
decision_type=2 2 2 2 2 2 2 2 2 2 2 2 2 2 2 2
left_child=1 2 4 -4 5 -1 -5 10 -9 -6 13 12 -12 14 -2 -3
right_child=7 15 3 6 9 -7 -8 8 -10 -11 11 -13 -14 -15 -16 -17
leaf_value=-0.045677904936870357 0.00082433336857262957 -0.055064037296407055 0.024014362418040485 0.0053316836136113911 0.018721887505720264 0.0079788725294282596 0.00096673074796791824 0.053574300944169984 -0.0059599118203017849 -0.060688952220904584 0.031634492305812847 -0.089752650783785679 -0.0048747307697801822 -0.1394707295343646 -0.048361084295101962 -0.038963354529220999
leaf_weight=341.05945926904678 212.45093658566475 889.80591750144958 137.45587167143822 504.19390016794205 127.63812091946602 463.92496576905251 14760.369668036699 84.693732976913452 127.48001536726952 1984.2680551707745 108.41814792156219 174.27344936132431 136.26780325174332 2706.3163146674633 644.09442973136902 684.16296103596687
leaf_count=417 303 1421 118 337 144 382 12324 111 162 2673 134 179 154 2495 879 955
internal_value=-9.21823e-06 0.000299542 0.000470483 0.000705541 -0.000759465 0.0018337 0.000628678 -0.00148037 0.00204564 -0.0017638 -0.00167743 -2.52497e-05 0.00131334 -0.00186278 -0.00100804 -0.00166742
internal_weight=24086.9 19892.9 18318.9 15402 2916.89 804.984 15264.6 4193.99 212.174 2111.91 3981.82 418.959 244.686 3562.86 856.545 1573.97
internal_count=23188 18771 16395 12779 3616 799 12661 4417 273 2817 4144 467 288 3677 1182 2376
is_linear=0
shrinkage=0.0761716


Tree=106
num_leaves=17
num_cat=0
split_feature=2 1 4 9 0 1 1 3 9 7 4 3 1 8 7 7
split_gain=1.75548 1.28589 1.5387 1.304 1.98822 1.2617 1.12426 1.5348 1.45705 1.35944 0.923267 2.37457 1.04132 0.83367 3.4373 0.226941
threshold=0.88201535311751322 -0.04732095011389225 1000.7500000000001 -5.5650507443494961 -0.37940952255126015 -0.99273952934267318 0.5772862706790628 2.1250000000000004 -4.6688013717627959 4.7450000000000001 1005.35 0.54500000000000015 0.69636977696931246 4.7700000000000022 4.3900000000000032 13.060000000000002
decision_type=2 2 2 2 2 2 2 2 2 2 2 2 2 2 2 2
left_child=1 2 13 4 -4 -5 7 9 -9 -3 12 -12 -8 14 -1 -2
right_child=15 6 3 5 -6 -7 10 8 -10 -11 11 -13 -14 -15 -16 -17
leaf_value=-0.058603030307949625 -0.090242953262566442 -0.013332156282596132 0.011317403203846173 0.0056556298281821554 -0.013286500618111168 -0.0011298392781393042 -0.016078567766493548 0.0070141928440170002 0.00073010557726376358 0.0088221154549043574 0.0084252705981000854 -0.011014184831075056 0.0041271906969722614 -0.063205519145422842 0.040525912961425124 -0.00038701351105775207
leaf_weight=320.99942550063133 3201.70487216115 171.32242548465729 119.81393572688103 444.56232792139053 132.99638801813126 4182.9565155506134 703.14513313770294 167.08057436347008 2639.6648487746716 766.79080319404602 112.93945115804672 2745.2063955366611 4441.7049058973789 3318.3609371185303 57.637017250061035 473.87165325880051
leaf_count=529 3245 203 88 435 110 4289 661 195 2000 615 66 2655 3005 4484 49 566
internal_value=-4.20688e-05 0.000233682 -0.00047305 0.000409773 0.00570787 0.000110234 0.000752328 0.00184236 0.000934687 0.00451376 0.000237887 -0.00085382 0.000850575 -0.00164631 0.0016855 -0.0015744
internal_weight=24000.8 20325.2 8577.33 4880.33 252.81 4627.52 11747.9 3744.86 2806.75 938.113 8003 2858.15 5144.85 3697 378.636 3675.58
internal_count=23195 19384 9984 4922 198 4724 9400 3013 2195 818 6387 2721 3666 5062 578 3811
is_linear=0
shrinkage=0.0761716


Tree=107
num_leaves=17
num_cat=0
split_feature=5 3 1 7 5 3 4 2 6 2 4 4 1 4 7 2
split_gain=1.82904 1.36532 3.93892 1.89783 4.09553 1.03835 0.911635 0.923534 0.532326 0.553215 1.46823 0.23993 0.356344 0.17051 0.128548 0.106848
threshold=0.60355339059327384 1.0850000000000002 0.9821165111257959 7.3499999999999996 -0.60355339059327362 4.5650000000000004 1013.6500000000002 0.53435276464917691 -0.37940952255126015 -0.92260537345622995 1007.6500000000002 993.75000000000011 0.67125374152323958 980.95000000000016 2.645 -0.62538740722492581
decision_type=2 2 2 2 2 2 2 2 2 2 2 2 2 2 2 2
left_child=1 2 3 4 -1 6 7 -3 9 10 -2 12 -11 -7 -13 -10
right_child=8 5 -4 -5 -6 13 -8 -9 15 11 -12 14 -14 -15 -16 -17
leaf_value=0.0075780980074321063 -0.027363816822487608 -9.9298061613222713e-05 0.007783504367580951 -0.022752572814815603 -0.011921980212260241 0.0022068431730703428 -0.051256035704476718 0.017040501572394635 -0.027683581800315524 -0.031837145185724003 0.035093038084757631 0.002408780638577621 0.029515920371269162 -0.0079722579067982823 -0.076703436500025757 -0.072080453134456088
leaf_weight=327.82723140716553 119.77664196491241 11077.845107138157 175.43163993954659 705.03244271874428 509.12052211165428 121.3640815615654 1175.0785094201565 2171.3618662059307 735.35093715786934 237.1228404045105 63.533592253923416 232.2422631084919 210.40789809823036 2478.7145310342312 729.34757369756699 3097.4802738428116
leaf_count=293 181 8728 66 530 420 37 1521 2622 1339 362 66 251 184 2246 883 3450
internal_value=-0.000177714 0.000177385 0.00222268 0.000959536 0.00342041 -2.74479e-05 0.000223322 0.000405711 -0.00140962 -0.000216202 0.00365907 -0.000748844 0.000658056 -0.00142935 -0.00143603 -0.00189677
internal_weight=24167 18741.8 1717.41 1541.98 836.948 17024.4 14424.3 13249.2 5425.26 1592.43 183.31 1409.12 447.531 2600.08 961.59 3832.83
internal_count=23179 16463 1309 1243 713 15154 12871 11350 6716 1927 247 1680 546 2283 1134 4789
is_linear=0
shrinkage=0.0761716


Tree=108
num_leaves=17
num_cat=0
split_feature=6 3 9 3 4 9 1 1 4 1 1 4 4 1 1 1
split_gain=1.35622 1.1985 4.15604 0.745338 0.785535 0.752895 0.548854 0.462371 0.469058 0.640674 1.27229 0.41955 0.4442 0.933973 0.594395 0.0894672
threshold=-0.12940952255126037 0.70500000000000007 -0.37548684580086439 5.4850000000000012 1015.0500000000001 -1.4605431053768763 0.33346569090932193 0.21772121422198085 1001.35 -0.55601228778889811 -0.7610972106345526 1011.35 1003.7500000000001 0.60505046667002438 0.73248728852523659 0.030120025924939415
decision_type=2 2 2 2 2 2 2 2 2 2 2 2 2 2 2 2
left_child=1 2 -1 4 5 -3 -4 8 -2 10 -10 12 14 -14 -9 -11
right_child=7 3 6 -5 -6 -7 -8 11 9 15 -12 -13 13 -15 -16 -17
leaf_value=0.0061344298960236271 -0.095010860291335167 0.0044377380829012381 -0.02154098623285975 -0.01623507524189946 -0.11492883074190204 0.00012991788795305181 0.0071906224891833534 -0.030818108258052847 -0.013845538619508881 -0.02099454637582094 0.016926159368414056 -0.095707747544393304 0.013821181520087529 -0.0032662574614566969 0.010512392182929958 -0.0049504979683122063
leaf_weight=144.6085998415947 2764.9948141872883 2914.9298329651356 280.25844556093216 1110.0301094055176 704.36434170603752 9084.1766871809959 165.4766161441803 1138.9625381827354 897.69524252414703 1106.4534448087215 399.92308729887009 677.55031988024712 474.26368522644043 754.93025135993958 1151.2344680130482 332.44561493396759
leaf_count=109 3728 2479 142 1053 837 5892 102 1323 1473 1286 575 797 567 991 1407 403
internal_value=-0.000259542 0.000207538 0.00356106 6.12513e-05 0.00022898 0.000376528 -3.62229e-05 -0.000956313 -0.00141738 -0.000692244 0.000516006 -0.000343935 -2.87127e-07 0.00115729 -0.000635876 -0.00180239
internal_weight=24102.3 14403.8 590.344 13813.5 12703.5 11999.1 445.735 9698.45 5501.51 2736.52 1297.62 4196.94 3519.39 1229.19 2290.2 1438.9
internal_count=23164 10614 353 10261 9208 8371 244 12550 7465 3737 2048 5085 4288 1558 2730 1689
is_linear=0
shrinkage=0.0761716


Tree=109
num_leaves=17
num_cat=0
split_feature=1 4 4 5 5 1 1 1 8 1 4 7 3 3 8 7
split_gain=2.0749 3.57207 3.02806 1.59749 1.32491 1.02171 1.924 0.967116 0.77036 0.459383 0.533906 1.01415 0.334507 0.295811 0.683442 0.15951
threshold=-0.99273952934267318 1002.7500000000001 1006.4500000000002 0.37940952255126054 0.37940952255126054 -0.86095304316285715 -0.85206963063867713 -0.66484924122790601 7.0499999999999998 0.4749466738948262 1008.5500000000001 5.6600000000000028 0.65500000000000014 1.3650000000000004 6.1050000000000013 2.7150000000000003
decision_type=2 2 2 2 2 2 2 2 2 2 2 2 2 2 2 2
left_child=1 -1 -3 5 8 13 -7 -8 -4 12 11 -11 -5 14 -2 -14
right_child=3 2 4 9 -6 6 7 -9 -10 10 -12 -13 15 -15 -16 -17
leaf_value=-0.032628444903606259 0.01610328120601176 0.0066628327059275903 -0.00018895920994435532 0.0077476264971072534 0.011256472307403344 0.02474225427355425 0.011112784819919747 0.00019589667360711367 0.0053190297230853202 0.026292665648931943 -0.070462828511224734 -0.0011966717132159558 -0.0052680995604445667 -0.041155418272302978 -0.07668788988873014 -0.044581402436997326
leaf_weight=358.34499940276146 120.76596069335938 115.12546348571777 162.23599258065224 75.987148314714432 99.308366447687149 105.99108159542084 1358.872376203537 13192.156766742468 107.05076241493225 446.18508359789848 859.94136619567871 1188.2243780195713 603.70003926753998 1217.3253191113472 223.10736164450645 3867.1470877528191
leaf_count=489 155 89 119 92 137 84 1407 10411 92 500 959 1316 922 1555 263 4628
internal_value=-4.40998e-05 0.00366214 0.00792696 -0.000180054 0.00437647 0.000234314 0.000433398 0.00035563 0.00142516 -0.00113863 -0.000292055 0.000501445 -0.00159571 -0.00161215 0.000279809 -0.00168615
internal_weight=24101.5 842.066 483.721 23259.4 368.595 16218.2 14657 14551 269.287 7041.19 2494.35 1634.41 4546.83 1561.2 343.873 4470.85
internal_count=23218 926 437 22292 348 13875 11902 11818 211 8417 2775 1816 5642 1973 418 5550
is_linear=0
shrinkage=0.0761716


Tree=110
num_leaves=17
num_cat=0
split_feature=2 5 9 1 3 1 2 3 2 1 9 1 9 9 8 6
split_gain=1.18074 1.18767 1.45697 1.35078 1.25224 0.951452 3.83419 0.805635 0.747777 0.921662 0.637017 0.425065 0.401078 0.304179 0.268246 0.151304
threshold=-0.96227343267549392 -0.91597561503675329 -1.0000000180025095e-35 0.20088869483109786 2.8550000000000004 -0.99273952934267318 0.081673369964559248 0.92500000000000016 0.93834263341299773 -0.86095304316285715 -4.7472491065243458 -0.54883787585413535 2.6392433740151078 -5.8733393977213586 7.075000000000002 -0.5
decision_type=2 2 2 2 2 2 2 2 2 2 2 2 2 2 2 2
left_child=1 2 -1 7 -5 6 12 -3 9 13 -9 -11 14 -7 -2 -10
right_child=5 3 -4 4 -6 8 -8 10 15 11 -12 -13 -14 -15 -16 -17
leaf_value=-0.0087178851877743307 -0.0052904118715245592 0.0047681240380715185 0.0064576796109602486 0.0098575279178431952 0.0011865700142895312 0.014876668724164552 0.010399048950188802 0.0047703879018606956 -0.02203866320718963 0.0065099987770964214 -0.0045221716880589624 -0.0010732778289212598 0.0062261086240451039 -0.053583451986310468 0.004913870788941066 -0.13355374458882296
leaf_weight=143.84275460243225 439.92717778682709 101.98375022411346 169.63763073086739 127.94146430492401 249.3419713973999 135.10435715317726 145.27910175919533 131.99056154489517 657.37528505921364 3185.0015517175198 1572.5515716075897 12379.418965160847 104.87627610564232 2184.2193467617035 177.48262432217598 2024.2212199568748
leaf_count=159 505 67 116 102 136 155 137 131 891 3519 1428 10640 102 3014 197 1814
internal_value=-0.000318035 0.00124496 0.00561923 0.000596227 0.0047277 -0.000501749 0.00195672 -0.000255454 -0.000607238 -0.000426922 -0.00066957 -0.000213407 -0.000289413 -0.00184429 -0.00107325 -0.0017964
internal_weight=23930.2 2497.29 313.48 2183.81 377.283 21432.9 867.565 1806.53 20565.3 17883.7 1704.54 15564.4 722.286 2319.32 617.41 2681.6
internal_count=23113 2139 275 1864 238 20974 941 1626 20033 17328 1559 14159 804 3169 702 2705
is_linear=0
shrinkage=0.0761716


Tree=111
num_leaves=17
num_cat=0
split_feature=5 7 3 8 3 4 2 4 7 2 8 4 8 2 2 4
split_gain=1.14235 0.737847 0.778813 0.72617 2.37197 0.554272 0.49112 1.1384 0.374058 0.849655 0.231367 0.146578 0.59042 0.0723916 0.0630422 0.069214
threshold=0.60355339059327384 3.8550000000000009 4.7350000000000012 4.7700000000000022 2.2750000000000004 1014.35 -0.62538740722492581 1010.0500000000001 4.5850000000000017 -0.86955717898714324 16.110000000000003 988.55000000000007 14.385000000000003 0.5488226286565131 -0.98798606843101155 1011.9500000000002
decision_type=2 2 2 2 2 2 2 2 2 2 2 2 2 2 2 2
left_child=1 14 3 4 -3 -5 7 8 -2 -10 13 12 -8 -4 -1 -16
right_child=6 2 10 5 -6 -7 11 -9 9 -11 -12 -13 -14 -15 15 -17
leaf_value=0.014876223486881716 -0.020667073301319644 0.02275634628705699 -0.0099096467950289101 0.00030383948040761162 -0.018157589705368925 -0.078990370459478806 -0.002392145930579544 0.032720946219214342 -0.021047236530312045 0.017793725062333558 0.0018470771163279435 -0.05394735707083527 0.025336749041700791 -0.015855795501577539 -0.038225086993141033 -0.0013196009364417852
leaf_weight=92.265510261058807 739.87130722403526 109.15931847691536 992.63142490386963 13871.477050632238 152.79296144843102 919.34643378853798 347.71297460794449 66.704537510871887 223.43112796545029 167.45398351550102 115.93247127532959 3771.1941577792168 74.613160014152527 1002.8682998716831 1116.9850932955742 127.7556793987751
leaf_count=117 1181 119 621 11549 171 1191 507 58 398 274 120 4223 88 1125 1238 168
internal_value=-0.000382191 -9.59854e-05 3.66136e-05 0.000230624 0.00418888 0.000157613 -0.00135805 0 -0.000577827 0.00127834 -0.00133018 -0.00174632 -0.000307278 -0.00153153 -0.00181802 -0.00196031
internal_weight=23892.2 18501.2 17164.2 15052.8 261.952 14790.8 5390.98 1197.46 1130.76 390.885 2111.43 4193.52 422.326 1995.5 1337.01 1244.74
internal_count=23148 16419 14896 13030 290 12740 6729 1911 1853 672 1866 4818 595 1746 1523 1406
is_linear=0
shrinkage=0.0761716


Tree=112
num_leaves=17
num_cat=0
split_feature=1 4 8 4 6 5 3 1 8 6 1 2 3 2 2 2
split_gain=1.38348 3.07884 2.47237 2.62281 2.17268 1.1089 1.33466 4.75568 3.79893 0.482938 0.453186 0.819548 0.41662 0.394487 2.03024 0.343487
threshold=-0.99273952934267318 1003.35 6.1050000000000013 1007.35 -0.70710678118654757 -1.0000000180025095e-35 1.0850000000000002 0.98046008095854986 6.1400000000000032 -0.37940952255126015 0.49002412863433359 -0.8140159405215136 5.2550000000000008 0.46735921715800216 0.49751328890718055 0.53435276464917691
decision_type=2 2 2 2 2 2 2 2 2 2 2 2 2 2 2 2
left_child=1 -1 -3 -4 -5 6 7 8 -2 13 -11 -12 15 -7 -15 -8
right_child=5 2 3 4 -6 9 12 -9 -10 10 11 -13 -14 14 -16 -17
leaf_value=-0.029763249349461812 0.0052719129687826714 -0.0056879392890218329 0.0055077484730979166 -0.0046680928626126796 0.011477623384638423 -0.0043287481463989107 -0.00052924369667090704 0.006927422878250847 -0.017016062351141389 -0.046941547449023645 0.023016288588281808 -0.019990406521807082 -0.0083269825054833758 0.041058572478316298 -0.0011633008868655534 0.0073967448794631475
leaf_weight=412.79162725806236 174.28878194093704 132.17117670178413 118.17596301436424 119.23321694135666 120.15689739584923 3971.3110834360123 7799.1599463224411 113.40207663178444 855.13456007838249 4078.9344412684441 69.69824954867363 1629.1021267771721 895.54126879572868 67.308237880468369 1332.2013523876667 2032.9311929345131
leaf_count=537 139 151 69 53 162 2888 5800 40 678 5085 125 2232 830 65 1674 2584
internal_value=-0.000327667 0.00258808 0.0066718 0.00995638 0.00508445 -0.000443652 6.62591e-05 0.00253946 0.000855784 -0.00098926 -0.00147498 -0.000405233 -0.000194909 -0.000460419 0.000625571 -4.81534e-05
internal_weight=23921.5 902.529 489.737 357.566 239.39 23019 11870.5 1142.83 1029.42 11148.6 5777.73 1698.8 10727.6 5370.82 1399.51 9832.09
internal_count=23112 972 435 284 215 22140 10071 857 817 12069 7442 2357 9214 4627 1739 8384
is_linear=0
shrinkage=0.0761716


Tree=113
num_leaves=17
num_cat=0
split_feature=1 4 2 4 5 2 1 2 8 7 4 8 1 1 1 7
split_gain=1.9183 3.27896 2.96285 1.76123 1.37828 0.685316 0.672458 0.577477 1.01881 1.48312 0.514824 0.442243 0.221358 0.191592 0.333538 0.109784
threshold=-0.99273952934267318 1002.7500000000001 0.081673369964559248 1009.7500000000001 0.60355339059327384 0.95989713290459411 -0.95747632178960107 -0.38168922026665864 8.0900000000000034 2.7150000000000003 1014.35 7.200000000000002 0.25118773779856129 0.098819223632317002 0.15005400879207817 3.0849999999999995
decision_type=2 2 2 2 2 2 2 2 2 2 2 2 2 2 2 2
left_child=1 -1 3 11 5 6 -2 8 12 -10 -8 -3 -6 -7 -15 -9
right_child=4 2 -4 -5 7 13 10 15 9 -11 -12 -13 -14 14 -16 -17
leaf_value=-0.020750072158242473 -0.042399793839080303 -0.00026649839253798112 0.012841923895692685 0.011855436088097021 -0.031893045396422626 -0.1037517072379425 0.0013272946694512539 -0.014943533507341809 0.030558267439799714 0.0011136216134634122 -0.049579587335927738 0.0050882145323097316 0.003749945885642929 0.030721350402556562 -0.028938162115267813 -0.062100534059666895
leaf_weight=358.14693269133568 711.71383401751518 158.34974163770676 101.10764136910439 127.06479704380035 741.17267394065857 882.89623790979385 15037.811327785254 296.49067416787148 69.51928973197937 492.49636879563332 694.81275874376297 86.526701092720032 321.19271495938301 128.35468539595604 328.08222010731697 3418.059906154871
leaf_count=480 938 163 71 127 1258 1006 12215 441 56 702 911 85 475 148 388 3611
internal_value=-4.93975e-05 0.00353769 0.00769517 0.00436939 -0.000180116 0.000140575 0.000277217 -0.00125367 -3.57697e-05 0.00255953 0.000382623 0.000427557 -0.00144125 -0.00151086 -0.000166392 -0.00177742
internal_weight=23953.8 831.196 473.049 371.941 23122.6 17783.7 16444.3 5338.93 1624.38 562.016 15732.6 244.876 1062.37 1339.33 456.437 3714.55
internal_count=23075 926 446 375 22149 15606 14064 6543 2491 758 13126 248 1733 1542 536 4052
is_linear=0
shrinkage=0.0761716


Tree=114
num_leaves=17
num_cat=0
split_feature=5 1 1 8 2 6 9 1 1 4 2 2 6 2 1 2
split_gain=1.05801 0.802443 2.05339 1.3122 2.19221 2.92349 1.08703 0.734782 1.86708 0.502142 0.966184 0.361069 0.269463 0.216443 0.249674 0.167263
threshold=0.60355339059327384 0.081675638985454754 0.11593352601052392 4.8449999999999998 -0.49749486057528974 -0.12940952255126037 -1.2779204726433606 -0.65189295912203338 -0.72660079619119988 1012.2500000000001 0.53435276464917691 0.74982640120456845 -0.37940952255126015 0.51972456038539816 0.18399664778440331 -0.99862982478704421
decision_type=2 2 2 2 2 2 2 2 2 2 2 2 2 2 2 2
left_child=1 3 6 4 5 -1 -3 8 -5 10 -4 12 13 14 -2 -9
right_child=11 2 9 7 -6 -7 -8 15 -10 -11 -12 -13 -14 -15 -16 -17
leaf_value=0.0071966332078158861 -0.011168460910960944 0.0015370732899573764 -0.00035973249799445907 -0.002728276651850747 -0.021234265233611518 -0.0051117188578499078 0.030583755323277197 -6.936403315295584e-05 0.014163170178952555 -0.024402364987839868 0.020721847565545799 -0.13630814900054106 -0.027964236763470058 0.050340530114458798 0.0034921902950975948 -0.014910754337325631
leaf_weight=201.64343464374542 525.1729884147644 125.34989589452744 7427.2547971904278 3151.3102756440639 298.25439545512199 157.07875895500183 113.01554024219513 421.47089076042175 515.12192487716675 847.96485272049904 1535.9957365393639 1905.0902346074581 2333.5170530080795 146.81801527738571 539.0820446908474 3832.8476915359497
leaf_count=121 747 99 4431 3598 420 265 96 254 507 1044 1736 1644 3634 195 556 3785
internal_value=-0.000406253 -0.0001312 0.000328566 -0.000673427 0.00257805 0.00658951 0.00727436 -0.000947893 -0.000147964 0.000154563 0.000325238 -0.00134011 -0.000869699 2.72671e-05 -0.000327223 -0.00162938
internal_weight=24077 18627.3 10049.6 8577.73 656.977 358.722 238.365 7920.75 3666.43 9811.22 8963.25 5449.68 3544.59 1211.07 1064.26 4254.32
internal_count=23132 16356 7406 8950 806 386 195 8144 4105 7211 6167 6776 5132 1498 1303 4039
is_linear=0
shrinkage=0.0761716


Tree=115
num_leaves=17
num_cat=0
split_feature=2 5 4 1 2 7 5 3 1 1 2 7 7 9 5 9
split_gain=0.910214 0.667323 0.428401 0.919482 1.56006 0.586565 1.19995 0.435066 0.15844 0.565012 0.154027 0.358298 0.307275 0.139834 0.130329 0.165136
threshold=0.93834263341299773 0.91597561503675362 987.85000000000002 0.51973899919070166 -0.36572252349726903 7.3499999999999996 -0.78656609248549303 0.54500000000000015 0.098819223632317002 0.13301347478292308 -0.38168922026665864 5.1050000000000013 5.8400000000000025 -3.9832078430222366 -0.60355339059327362 -0.40339175270529098
decision_type=2 2 2 2 2 2 2 2 2 2 2 2 2 2 2 2
left_child=1 2 3 13 -5 6 -4 -7 -2 -10 11 -3 -13 -1 15 -11
right_child=8 10 5 4 -6 7 -8 -9 9 14 -12 12 -14 -15 -16 -17
leaf_value=-0.0035969918674927798 -0.1117332390106745 -0.025834156476069247 0.0049770580132292601 0.0049506881049417011 -0.0092081326903161922 0.0060852154048494081 0.00084703344459898476 -0.00055780372639393724 0.039536208288726657 0.053710353183569919 -0.049414719993352181 0.011877996316745319 -0.0066822965483327376 -0.036357622408029561 -0.074931709119264209 -0.033650665765887655
leaf_weight=379.69663554430008 1722.6421498060226 473.03799897432327 1256.7231183052063 1326.7043014764786 1148.3192644119263 189.25924035906792 7015.2802425920963 6110.5629111230373 107.49410632252693 91.846019804477692 1228.0237237215042 56.31578117609024 78.112406581640244 1930.5721910297871 674.30699014663696 90.753497391939163
leaf_count=534 1733 870 1181 715 591 124 6920 5282 128 110 1484 96 129 2414 612 129
internal_value=-0.000283451 -0.000114314 1.58022e-05 -0.000607556 0.000402291 0.000222731 0.00064566 -0.000327682 -0.00160428 -0.000766366 -0.0015014 -0.000439052 0.00291675 -0.00170208 -0.00145015 0.000203408
internal_weight=23879.7 21192.6 19357.1 4785.29 2475.02 14571.8 8272 6299.82 2687.04 964.401 1835.49 607.466 134.428 2310.27 856.907 182.6
internal_count=23052 20340 17761 4254 1306 13507 8101 5406 2712 979 2579 1095 225 2948 851 239
is_linear=0
shrinkage=0.0761716


Tree=116
num_leaves=17
num_cat=0
split_feature=6 9 3 1 1 1 7 9 3 4 1 4 8 1 4 7
split_gain=0.852031 0.794667 1.41869 0.764352 0.960381 0.718404 1.13059 0.703159 0.694454 1.67536 0.666493 0.639135 0.832128 0.489104 0.451337 0.435144
threshold=-0.12940952255126037 -3.8678985854494985 1.6450000000000002 -0.04732095011389225 0.21772121422198085 -0.99273952934267318 3.6050000000000009 -0.17245329332781975 0.70500000000000007 1009.0500000000001 0.4749466738948262 1001.35 9.3200000000000038 -0.90149333598846371 1012.85 6.0250000000000012
decision_type=2 2 2 2 2 2 2 2 2 2 2 2 2 2 2 2
left_child=1 2 -1 14 -5 6 -3 -8 9 -7 11 -2 15 -10 -4 -13
right_child=10 5 3 4 -6 8 7 -9 13 -11 -12 12 -14 -15 -16 -17
leaf_value=0.013575683585607607 -0.077578379787111379 0.0099055097815449258 -0.018062674369182102 0.01532269049005977 0.0067234223897148079 -0.010366629530957802 0.0040856317903274313 -0.00041749203172397733 -0.058137032261556858 0.0068320134545054511 0.00078068625068579704 -0.0051014615276376929 -0.044434417173318079 -0.00030331887472405595 0.018128977822006408 0.0084092190172269706
leaf_weight=194.36896380782127 3270.9264135360718 108.82111841440201 471.27606710791588 102.01874703168869 431.38729327917099 337.31087607145309 114.46426936984062 197.64478608965874 812.50152137875557 172.68950560688972 3137.4034005403519 1115.3218483328819 1280.9794721901417 11070.324251502752 82.569446712732315 905.77254256606102
leaf_count=136 4309 132 469 72 401 200 82 137 958 115 3894 1801 1377 7714 102 1155
internal_value=-0.000273538 0.00010274 0.00190994 0.000797479 0.00286504 -7.59622e-05 0.00300375 0.000538482 -0.000183756 0.00255423 -0.00082282 -0.00125895 -0.000498098 -0.000304482 -0.00114215 0.000452046
internal_weight=23805.8 14095.4 1281.62 1087.25 533.406 12813.8 420.93 312.109 12392.8 510 9710.4 6573 3302.07 11882.8 553.846 2021.09
internal_count=23054 10518 1180 1044 473 9338 351 219 8987 315 12536 8642 4333 8672 571 2956
is_linear=0
shrinkage=0.0761716


Tree=117
num_leaves=17
num_cat=0
split_feature=1 4 8 9 5 5 2 4 9 6 4 1 1 2 4 1
split_gain=1.16455 2.30346 1.86569 2.36997 1.51786 1.00608 0.789869 3.25928 0.707631 0.981854 1.95791 0.632541 0.54145 0.631287 0.23783 0.158198
threshold=-0.99273952934267318 1002.7500000000001 7.1250000000000009 0.17334378770789097 0.25881904510252091 0.60355339059327384 -0.65187484896379921 1009.4500000000002 -5.4425126424393442 -0.37940952255126015 1002.35 0.38168568572378603 -0.93535928755917819 0.93834263341299773 1009.9500000000002 0.7206604759859373
decision_type=2 2 2 2 2 2 2 2 2 2 2 2 2 2 2 2
left_child=1 -1 4 -4 -3 8 7 11 9 10 -2 -7 -10 -14 -11 -8
right_child=5 2 3 -5 -6 6 15 -9 12 14 -12 -13 13 -15 -16 -17
leaf_value=-0.026083481272882198 0.0088496023381097848 -0.00038569100119912887 0.017397100631283968 0.0048757354682429791 0.010984069819305399 -0.023368884411363845 -0.058124895462130004 0.027923174441959839 -0.047118111992739804 -0.057300971494539797 -0.00072350302444594138 0.018353568130507359 0.00038852166104532781 -0.04195493339614683 0.016917651995435809 -0.0025850342542628568
leaf_weight=365.61541619896889 194.15912106633186 181.14281159639359 93.240316033363342 103.44802290201187 94.212375938892365 781.83551838994026 2848.5027662813663 83.923369199037552 957.67512625455856 303.31658828258514 242.70678323507309 288.68608984351158 14407.512910395861 1685.2259384691715 64.918188452720642 1164.0301331281662
leaf_count=487 168 142 80 104 117 1326 3112 90 1253 409 187 419 11599 1936 91 1420
internal_value=-0.000206833 0.00257416 0.00609022 0.0117325 0.00186842 -0.000309681 -0.00124561 0.000488201 -3.694e-05 0.00216335 0.00460296 -0.000633128 -0.000143013 -3.61661e-05 -0.000659921 -0.00175221
internal_weight=23860.2 837.659 472.044 196.688 275.355 23022.5 5166.98 1154.44 17855.5 805.101 436.866 1070.52 17050.4 16092.7 368.235 4012.53
internal_count=22940 930 443 184 259 22010 6367 1835 15643 855 355 1745 14788 13535 500 4532
is_linear=0
shrinkage=0.0761716


Tree=118
num_leaves=17
num_cat=0
split_feature=2 2 2 5 1 2 2 1 2 7 5 1 1 8 0 6
split_gain=0.816081 0.496131 1.94263 0.567981 1.08611 0.500493 2.53233 0.692261 2.47118 0.553426 0.532604 0.489326 0.389827 0.0653097 0.0511903 0.0435845
threshold=0.95989713290459411 -0.51974381215551546 -0.52705818521824699 -0.78656609248549303 0.11593352601052392 0.53435276464917691 0.56312986467441573 0.9821165111257959 -0.11593459959550052 11.235000000000003 0.60355339059327384 0.20088869483109786 -0.99273952934267318 9.9000000000000021 -0.12940952255126037 -0.78656609248549325
decision_type=2 2 2 2 2 2 2 2 2 2 2 2 2 2 2 2
left_child=1 2 3 4 -1 7 9 12 -9 -7 -8 -5 -3 14 -2 -15
right_child=13 5 -4 11 -6 6 10 8 -10 -11 -12 -13 -14 15 -16 -17
leaf_value=-0.0011932230207037675 0.0029316392721805396 -0.00023588208952009544 0.023466333543076232 -0.004893452225382052 -0.0031894960860376778 0.051910863799012011 0.0012952090586173307 0.018186814322914271 -0.0039957810606744693 0.052304787477579939 -0.061830415435157784 0.0015608454631368884 -0.007552122534180342 -0.019726890485093272 -0.14390612083169577 -0.10164595569329894
leaf_weight=1066.9237606525421 81.222407698631287 824.25358045101166 181.49371641874313 3785.2882857620716 868.24608454108238 169.40261659026146 2993.0548486709595 457.23063090443611 1384.0234683454037 76.309176713228226 1507.1836724579334 2663.9520050287247 5682.685534954071 297.30140119791031 102.25345167517662 1692.0051575601101
leaf_count=895 101 909 114 3716 631 214 3774 191 998 54 1510 2136 5734 406 110 1567
internal_value=-0.000465217 -0.000322171 0.000125513 -4.08339e-05 0.00109852 -0.000617384 6.78797e-07 -0.000972374 0.00031754 0.00749164 -0.000405886 -0.000387888 -0.00134216 -0.00187457 -0.000282725 -0.00200509
internal_weight=23832.8 21660 8565.9 8384.41 1935.17 13094.1 4745.95 8348.19 1841.25 245.712 4500.24 6449.24 6506.94 2172.78 183.476 1989.31
internal_count=23060 20876 7492 7378 1526 13384 5552 7832 1189 268 5284 5852 6643 2184 211 1973
is_linear=0
shrinkage=0.0761716


Tree=119
num_leaves=17
num_cat=0
split_feature=2 2 5 4 1 5 1 1 5 6 3 2 1 6 4 1
split_gain=1.12379 0.754899 0.693848 0.585756 0.598464 0.572174 0.312153 0.806405 0.266868 0.227769 0.183013 0.157388 0.301613 0.032247 0.10424 0.00842108
threshold=0.88999460902669758 -0.99981480381338828 0.91597561503675362 987.85000000000002 0.50495637864894027 -0.78656609248549303 0.098819223632317002 0.13301347478292308 -0.60355339059327362 -0.70710678118654757 3.7550000000000003 -0.38168922026665864 0.23448921811828119 -0.78656609248549325 992.85000000000002 -0.98801351631316325
decision_type=2 2 2 2 2 2 2 2 2 2 2 2 2 2 2 2
left_child=1 -1 3 4 -3 -5 13 -8 10 -10 -9 12 -4 14 -2 -13
right_child=6 2 11 5 -6 -7 7 8 9 -11 -12 15 -14 -15 -16 -17
leaf_value=0.018030202425531858 0.02955204392058387 -0.019137070458588451 -0.024167995355306292 0.0037304240811479967 -0.0010888677776251117 0.00038290551852044946 0.039393968993482284 0.043593664290809721 0.011424453161067789 -0.13505592980961084 -0.041603794479612731 -0.0092519509944313186 0.011979953340125676 -0.098576518399093663 -0.048241784292053953 -0.044184991406929566
leaf_weight=185.33020597696304 64.227696806192398 2277.5768138468266 365.85214114189148 3099.0314036607742 2462.5283879637718 10712.881550908089 101.03732821345329 203.64561554789543 181.69014999270439 837.70407232642174 99.507793635129929 87.946139365434647 219.98157739639282 1823.2604318857193 271.1980696618557 994.77899026870728
leaf_count=127 89 2897 683 2822 1308 9835 123 275 249 662 115 150 382 1779 371 1242
internal_value=-0.000150584 6.64628e-05 2.02162e-05 0.000155636 -0.000572019 0.000407688 -0.00139474 -0.00048831 -0.0010141 -0.00161441 0.000898652 -0.00146446 -0.000388556 -0.00197662 -0.00106462 -0.00201527
internal_weight=23988.2 20405.9 20220.6 18552 4740.11 13811.9 3582.27 1423.58 1322.55 1019.39 303.153 1668.56 585.834 2158.69 335.426 1082.73
internal_count=23109 19446 19319 16862 4205 12657 3663 1424 1301 911 390 2457 1065 2239 460 1392
is_linear=0
shrinkage=0.0761716


Tree=120
num_leaves=17
num_cat=0
split_feature=2 4 2 4 2 1 8 8 6 5 5 2 6 1 8 3
split_gain=1.16045 2.26275 2.17894 2.31072 1.02165 0.811342 2.25162 0.816337 0.955135 0.6159 0.589325 0.512027 0.923137 0.755068 0.495074 0.446167
threshold=1.0000000180025095e-35 1010.6500000000002 -0.16705162550211936 1012.35 -0.69637622559687229 0.9821165111257959 11.610000000000003 12.740000000000002 -0.9159756150367534 0.78656609248549325 -0.78656609248549303 0.46735921715800216 0.60355339059327384 0.68391308835034159 14.665000000000003 6.2150000000000007
decision_type=2 2 2 2 2 2 2 2 2 2 2 2 2 2 2 2
left_child=1 5 4 -4 -3 7 -7 10 -9 11 -1 -2 15 -14 -8 -13
right_child=9 2 3 -5 -6 6 14 8 -10 -11 -12 12 13 -15 -16 -17
leaf_value=0.0014412497321104585 -0.0024356270424208729 0.025648163340164756 0.0101361967839716 0.0044911045716358525 -0.064117165087705569 0.031278560564532244 -0.031576953587494266 0.010767895687903092 0.0035115832694442833 -0.052191363984886711 -0.0022947175954030493 0.0075180758953141543 -0.047758227619646057 0.036921693698371526 -0.0010584350937338388 -0.051412343932510901
leaf_weight=2507.8952009379864 2752.9419974088669 97.997871428728104 107.67540362477303 106.6457536816597 199.729637414217 278.19759133458138 343.51752555370331 227.4165301322937 774.72574856877327 2427.6864479780197 8184.1733514666557 2981.0066923797131 1953.6604498624802 292.4997555911541 239.30661255121231 378.79004698991776
leaf_count=2066 2935 79 61 117 208 121 169 52 436 2474 7645 3711 2068 369 99 494
internal_value=-0.00016467 0.000316325 0.00526666 0.0110827 0.000910385 0.000110791 0.00236424 -5.29929e-05 0.0020192 -0.000750191 -0.000250623 -0.000434768 -1.12115e-05 -0.00121128 -0.000283291 0.000782141
internal_weight=23853.9 13067.3 512.049 214.321 297.728 12555.2 861.022 11694.2 1002.14 10786.6 10692.1 8358.9 5605.96 2246.16 582.824 3359.8
internal_count=23104 11053 465 178 287 10588 389 10199 488 12051 9711 9577 6642 2437 268 4205
is_linear=0
shrinkage=0.0761716


Tree=121
num_leaves=17
num_cat=0
split_feature=1 4 4 1 2 4 4 3 2 4 2 9 3 3 0 2
split_gain=0.805344 0.891918 1.43184 0.742585 2.19975 0.987673 1.20323 0.787369 0.573468 0.835302 0.558165 1.04245 0.254953 0.209425 0.151009 0.232936
threshold=0.081675638985454754 1010.1500000000002 1009.85 -0.55601228778889811 -0.8140159405215136 1001.35 1004.1500000000002 0.65500000000000014 -0.99271195016773384 997.55000000000007 -0.99862982478704421 -1.2464713986308433 0.65500000000000014 0.92500000000000016 0.25881904510252057 0.78827585631460517
decision_type=2 2 2 2 2 2 2 2 2 2 2 2 2 2 2 2
left_child=3 2 8 4 -1 13 -7 -5 -2 -10 11 -9 -3 -6 15 -14
right_child=1 12 -4 7 5 6 -8 10 9 -11 -12 -13 14 -15 -16 -17
leaf_value=0.023600511668344388 0.002086708881824907 0.0041490100100137926 0.014389791706073714 0.0046719280376109982 0.0024200711167709742 0.0028382181224472693 -0.00031502867271847882 0.00014251491976565006 0.00092631916376125845 -0.0021378706851111406 -0.027864852458276898 -0.0026952661986977713 -0.026639955565162698 -0.034630745566596392 -0.055779969590714532 0.0087956560374638434
leaf_weight=186.4490022957325 176.63136911392212 88.446971356868744 155.41219741106033 137.88960129022598 109.03706905245781 283.7692588865757 2919.6207214593887 118.54792115092278 6289.9868363440037 3650.3348876237869 4540.1638750731945 398.67234867811203 546.00504356622696 2677.8946223258972 1129.9955004453659 405.12918359041214
leaf_count=124 142 78 136 70 124 199 3426 142 5075 2668 4733 270 679 3601 1141 518
internal_value=-0.000390285 3.08053e-05 0.000329726 -0.000853631 -0.000282668 -0.000542775 0.000361542 -0.00152592 0.00021402 0.000133689 -0.00168587 0.000636879 -0.0013687 -0.00159273 -0.00154911 -0.000785554
internal_weight=23814 12441.9 10272.4 11372 6176.77 5990.32 3203.39 5195.27 10117 9940.32 5057.38 517.22 2169.58 2786.93 2081.13 951.134
internal_count=23126 10437 8021 12689 7474 7350 3625 5215 7885 7743 5145 412 2416 3725 2338 1197
is_linear=0
shrinkage=0.0761716


Tree=122
num_leaves=17
num_cat=0
split_feature=2 8 4 8 8 9 2 9 2 2 5 6 2 3 2 2
split_gain=1.15916 1.32551 0.850279 1.8367 4.14568 0.847439 1.60598 0.821716 0.633987 0.561077 0.547633 0.429533 0.486369 0.501353 0.309735 0.354311
threshold=-0.0387208465846701 14.385000000000003 1008.9500000000002 8.3000000000000043 10.585000000000001 -5.2085315565239858 -0.97502841500522164 3.6594299525312146 -0.86955717898714324 -0.92910699518418138 0.78656609248549325 0.60355339059327384 0.22611568550828817 5.5750000000000011 0.7987497853924842 0.53435276464917691
decision_type=2 2 2 2 2 2 2 2 2 2 2 2 2 2 2 2
left_child=1 2 5 9 -5 6 -1 -3 -7 -4 11 12 -2 -14 15 -13
right_child=10 7 3 4 -6 8 -8 -9 -10 -11 -12 14 13 -15 -16 -17
leaf_value=0.0072311169561080964 -0.0011052090071335945 0.037383863149850698 0.0064745166944974982 0.029162890963538395 -0.011549507283575108 -0.0023451327875003451 -0.0021673548221126477 -0.0002804181211260159 0.0006794735227773803 -0.0042190027228912429 -0.049523135120254816 -0.023059287647172556 0.003473247228583849 -0.0084931605422184659 -0.063078912263640249 0.018098042183023747
leaf_weight=110.41613808274269 1326.6328204572201 243.62149724364281 171.32540953159332 280.84815868735313 219.63942897319794 3912.3282690346241 385.11735343933105 278.73448207974434 6700.4937994480133 705.21596872806549 2496.6365304291248 908.8929001390934 3612.6572317183018 593.88702863454819 1479.4332992732525 611.54483798146248
leaf_count=98 971 141 121 158 167 3569 416 76 5434 731 2582 1334 4311 742 1424 794
internal_value=-0.00018205 0.000303296 0.000142978 0.00192716 0.00559617 -7.58228e-05 0.0029896 0.00405409 -0.000222663 -0.000143637 -0.0007572 -0.000461584 -5.75563e-05 0.000337707 -0.00119563 -0.000404865
internal_weight=24037.4 13007.7 12485.4 1377.03 500.488 11108.4 495.533 522.356 10612.8 876.541 11029.7 8533.05 5533.18 4206.54 2999.87 1520.44
internal_count=23069 10911 10694 1177 325 9517 514 217 9003 852 12158 9576 6024 5053 3552 2128
is_linear=0
shrinkage=0.0761716


Tree=123
num_leaves=17
num_cat=0
split_feature=5 3 3 8 3 1 2 9 8 8 8 8 9 9 3 2
split_gain=0.873937 0.946184 1.62843 0.845726 3.1894 1.07672 0.434501 0.424278 0.421899 1.76811 0.429783 0.369964 0.358474 0.28079 0.276919 0.107523
threshold=0.60355339059327384 3.2750000000000004 3.2350000000000008 5.4000000000000012 1.0250000000000001 0.95747632178960107 0.87377473702374975 -0.23438167248016481 7.5450000000000008 7.330000000000001 12.620000000000001 6.9100000000000028 4.0058498586920441 3.9008702944492311 3.0150000000000001 0.99370977118463066
decision_type=2 2 2 2 2 2 2 2 2 2 2 2 2 2 2 2
left_child=1 2 3 4 -1 -5 7 -2 9 11 15 -3 -12 14 -9 -10
right_child=6 8 -4 5 -6 -7 -8 13 10 -11 12 -13 -14 -15 -16 -17
leaf_value=0.010579400267789188 -0.024230849098306806 -0.0092433831984060338 7.0860175762125919e-05 -0.00035079967717541595 0.0033055712328898443 0.0074230547588319705 -0.15193057875593213 -0.0013209868816710828 -0.0041887839168198489 0.005089230951392896 0.0064397948319290989 -0.0028798464465130276 -0.0060391960530033787 -0.010963864320604961 0.01364992641171364 0.0074802922711546009
leaf_weight=110.00142937898636 1974.4567559063435 1341.9655622541904 160.17287451028824 8970.2897097468376 897.17837056517601 1574.4731375873089 1415.0363664627075 1036.1549246311188 2506.104096353054 218.94578701257706 1654.9472867846489 409.47406420111656 586.87811750173569 326.98029190301895 643.16517359018326 106.29714161157608
leaf_count=111 2904 1285 125 8418 1047 938 1141 1503 2057 106 1537 283 197 364 816 136
internal_value=-0.00018969 5.70977e-05 0.000474028 0.000364414 0.00247219 0.000159513 -0.00104287 -0.000623491 -0.000653743 0.000273534 -0.00103651 -0.000520539 -0.000245878 0.000142639 0.000555279 -0.00170203
internal_weight=23932.5 18536.7 11712.1 11551.9 1007.18 10544.8 5395.79 3980.76 6824.61 1970.39 4854.23 1751.44 2241.83 2006.3 1679.32 2612.4
internal_count=22968 16240 10639 10514 1158 9356 6728 5587 5601 1674 3927 1568 1734 2683 2319 2193
is_linear=0
shrinkage=0.0761716


Tree=124
num_leaves=17
num_cat=0
split_feature=2 8 3 2 4 9 5 8 2 5 7 3 3 2 7 0
split_gain=1.44093 0.988045 1.38813 1.10276 1.05135 1.16966 1.23515 1.17547 0.656197 0.509057 0.384044 0.34301 0.966164 1.63848 0.873762 0.19954
threshold=-0.36572252349726903 12.740000000000002 5.2550000000000008 -0.47495107206705001 986.85000000000002 0.8329709123835195 -0.60355339059327362 11.455000000000004 -0.9975933521984367 0.91597561503675362 8.7900000000000027 3.2750000000000004 2.9750000000000005 -0.15855351192338588 2.0749999999999997 0.91597561503675351
decision_type=2 2 2 2 2 2 2 2 2 2 2 2 2 2 2 2
left_child=1 4 3 -3 8 6 -6 -7 -1 11 -10 12 14 -14 -2 -13
right_child=9 2 -4 -5 5 7 -8 -9 10 -11 -12 15 13 -15 -16 -17
leaf_value=0.0083025118224273574 0.0098100926238230534 0.009953064814958397 -0.010539117383929677 0.023207067907685085 0.005726320291538611 -0.0030187843562546586 0.0030170359498051468 -0.0079239745035350525 -0.027105813470828872 -0.045922114360594263 0.00060979257112221382 -0.0035455806699199476 0.010506888898803383 0.0097034300157387513 -0.00094261592378756538 0.017428091998291585
leaf_weight=80.981400072574615 90.395806968212128 269.70450320839882 237.94231671094894 215.55845814943314 1533.0268948376179 2229.9951535761356 3092.2770411074162 138.27498200535774 1772.8190074563026 1751.2870630323887 321.94400721788406 4302.6592960953712 91.313619464635849 624.74420163035393 6701.9516073465347 234.01589000225067
leaf_count=98 116 141 80 98 1092 1542 3118 78 2202 1826 183 4300 55 692 7093 272
internal_value=-0.000200296 0.000499344 0.00320843 0.00554839 0.000281333 0.000739 0.00144564 -0.000627994 -0.00117446 -0.000704228 -0.00144893 -0.000523955 -0.000202668 0.00244572 -0.000487373 -0.00104836
internal_weight=23688.9 9892.52 723.205 485.263 9169.32 6993.57 4625.3 2368.27 2175.74 13796.4 2094.76 12045.1 7508.41 716.058 6792.35 4536.68
internal_count=22986 8632 319 239 8313 5830 4210 1620 2483 14354 2385 12528 7956 747 7209 4572
is_linear=0
shrinkage=0.0761716


Tree=125
num_leaves=17
num_cat=0
split_feature=8 4 5 3 9 9 7 1 1 7 4 4 1 3 7 1
split_gain=1.14363 1.73624 2.24456 2.3705 3.05987 1.65746 4.0114 1.43382 1.13288 0.845445 1.13874 0.794643 1.34476 0.962751 0.770216 0.747104
threshold=7.580000000000001 1000.7500000000001 -0.60355339059327362 1.0850000000000002 0.14560069952687374 -4.6688013717627959 4.6200000000000001 0.26781182513105634 0.45972848220565493 12.380000000000003 1009.0500000000001 1010.9500000000002 -0.34964421742355262 4.6450000000000005 12.175000000000001 0.73248728852523659
decision_type=2 2 2 2 2 2 2 2 2 2 2 2 2 2 2 2
left_child=1 5 3 4 -3 6 -1 -5 -2 10 14 13 -13 -4 -10 -7
right_child=8 2 11 7 -6 15 -8 -9 9 -11 -12 12 -14 -15 -16 -17
leaf_value=-0.024912336715786534 -0.006628660201719613 0.0025901000065972537 -0.0010971092447731572 0.0071192595032870398 0.0048853728060230268 -0.018423431624862444 0.015465382782372738 -0.0093409056210522218 0.0027028504011044562 -0.0021288609951427267 -0.0085851990103522607 0.015250657621727687 -0.030234036989567854 0.016095062259901947 0.0081374441568568285 0.033950641488872925
leaf_weight=235.77630650997162 8333.6327041685581 123.9124947488308 2143.3458613455296 976.62971994280815 112.8268104493618 2886.0657766163349 131.54575845599174 286.02413433790207 4497.8786301910877 1844.4791820049286 1501.4926553964615 331.24816253781319 195.36057943105698 89.350474953651428 145.86311712861061 97.57100772857666
leaf_count=371 8390 118 2047 763 74 3782 145 210 3628 1103 1590 415 224 50 75 128
internal_value=-0.00011033 0.000658994 0.00168114 0.00405257 0.0110466 -0.000631056 0.00415818 0.00269456 -0.000470941 0.000173774 0.000606498 0.000378349 0.00303586 -0.000237567 0.00119936 -0.00123455
internal_weight=23933 7609.66 4258.7 1499.39 236.739 3350.96 367.322 1262.65 16323.3 7989.71 6145.23 2759.31 526.609 2232.7 4643.74 2983.64
internal_count=23113 8327 3901 1165 192 4426 516 973 14786 6396 5293 2736 639 2097 3703 3910
is_linear=0
shrinkage=0.0761716


Tree=126
num_leaves=17
num_cat=0
split_feature=2 4 5 8 4 1 4 1 8 6 9 8 7 1 5 1
split_gain=1.10076 0.531808 0.624348 0.881647 2.37024 0.547493 0.931171 0.64822 0.537804 0.504747 0.746074 1.06633 0.29018 0.109301 0.0958842 0.152857
threshold=0.91586428826728705 983.75000000000011 -0.78656609248549303 7.2500000000000027 1001.35 -0.99273952934267318 1010.85 -0.86958133671945925 8.2000000000000028 -0.70710678118654757 1.3059033789241516 13.590000000000002 13.725000000000001 0.18399664778440331 -0.60355339059327362 0.098819223632317002
decision_type=2 2 2 2 2 2 2 2 2 2 2 2 2 2 2 2
left_child=1 12 3 4 -3 6 -4 -7 -5 10 13 -12 -1 -2 15 -11
right_child=9 2 5 8 -6 7 -8 -9 -10 14 11 -13 -14 -15 -16 -17
leaf_value=-0.014023440113191255 -0.051990266564438462 -0.003587910725226324 0.002392807979172339 -0.0071932209349124679 0.011383584219875396 -0.026889348372271606 0.0079011755116901849 0.00030795244508630376 0.0063981314715593892 -0.068630946814190089 -0.0017994831833586279 0.045837867884387637 -0.0059120311319825099 0.011788584815308598 -0.12561871928108176 0.011200701016904785
leaf_weight=888.48149901628494 284.46097677946091 526.42131945490837 564.79426771402359 626.4933899641037 744.38283821940422 1630.2758785486221 77.606336951255798 13202.735774815083 2189.4913220107555 395.58899575471878 96.234589248895645 77.310348778963089 319.48928034305573 110.31802245974541 1931.6462552249432 243.19474685192108
leaf_count=857 386 701 619 583 639 2248 80 12148 1884 506 133 110 71 149 1596 315
internal_value=-6.73198e-05 0.000132287 0.000229516 0.0010666 0.00273274 6.28083e-06 0.00218019 -8.61652e-05 0.000301615 -0.00139704 0.00061382 0.00476955 -0.00141329 -0.00115564 -0.00185398 -0.000946737
internal_weight=23908.9 20770.2 19562.2 4086.79 1270.8 15475.4 642.401 14833 2815.98 3138.75 568.324 173.545 1207.97 394.779 2570.43 638.784
internal_count=23025 19830 18902 3807 1340 15095 699 14396 2467 3195 778 243 928 535 2417 821
is_linear=0
shrinkage=0.0761716


Tree=127
num_leaves=17
num_cat=0
split_feature=2 2 4 5 7 4 9 7 4 4 3 2 7 7 0 7
split_gain=1.28188 1.62504 1.07643 0.949349 1.86187 3.99664 0.942875 0.926507 0.706399 0.649637 0.930296 0.689668 0.514491 0.49318 0.222802 0.238904
threshold=-0.36572252349726903 -0.39754281428255622 985.35000000000002 -0.60355339059327362 6.3150000000000004 1000.7500000000001 1.5855918459712142 9.6350000000000016 1010.9500000000002 1012.35 3.5950000000000002 -0.2511900638848194 11.145000000000005 1.8550000000000006 -0.9159756150367534 9.8300000000000018
decision_type=2 2 2 2 2 2 2 2 2 2 2 2 2 2 2 2
left_child=1 3 -3 4 5 -1 -6 8 -5 10 11 -2 -9 -13 15 -11
right_child=9 2 -4 7 6 -7 -8 12 -10 14 -12 13 -14 -15 -16 -17
leaf_value=-0.011085810948456842 -0.030474785412928449 0.023082057960555784 0.022194202248967124 -0.0019073734064989263 0.0010074921558652827 0.0079602431898821852 -0.011653359336827002 0.020737034737391639 0.014065533604827502 0.02401961465041302 -0.0077554920076360785 0.0072993304355275981 -0.0011228121533851071 0.0010751848357171787 -0.0414109591575227 -0.0074126618429599962
leaf_weight=640.09619361162186 592.78091785311699 109.97060635685921 208.42456617951393 5704.5681439042091 1307.6535426080227 567.86071029305458 782.33108019828796 201.5394489467144 115.00836279988289 75.939426481723785 3879.3650574684143 93.796222776174545 284.07537421584129 6415.7167444825172 2728.4698603749275 134.72736772894859
leaf_count=823 536 77 140 5577 792 443 390 114 120 113 3710 120 86 6602 3190 195
internal_value=-6.46088e-05 0.000595386 0.00593197 0.000413484 0.00146086 0.00383817 6.85392e-05 -0.000129809 -0.000401821 -0.000537264 -0.000264449 0.000250084 0.00304928 0.000480851 -0.00154473 0.000731882
internal_weight=23842.3 9921.53 318.395 9603.13 3297.94 1207.96 2089.98 6305.19 5819.58 13920.8 10981.7 7102.29 485.615 6509.51 2939.14 210.667
internal_count=23028 8562 217 8345 2448 1266 1182 5897 5697 14466 10968 7258 200 6722 3498 308
is_linear=0
shrinkage=0.0761716


Tree=128
num_leaves=17
num_cat=0
split_feature=5 1 1 1 7 9 1 7 3 1 1 9 6 8 1 3
split_gain=0.843989 0.60169 1.22265 0.626796 1.01214 0.475731 0.252969 0.725363 1.37846 0.357483 0.17062 0.187306 0.0513353 0.090659 0.03918 0.0343136
threshold=0.78656609248549325 0.99166813670569354 0.99052327954040398 0.96683886033945965 6.9100000000000019 -5.3287349926287719 0.4749466738948262 5.9400000000000004 3.9550000000000005 0.60505046667002438 -0.96683886033945943 0.52033242607919139 -0.12940952255126037 11.559999999999999 -0.99466160899732459 5.7650000000000006
decision_type=2 2 2 2 2 2 2 2 2 2 2 2 2 2 2 2
left_child=1 2 3 5 -5 -1 10 8 9 -8 11 14 -3 -14 -2 -9
right_child=6 12 -4 4 -6 -7 7 15 -10 -11 -12 -13 13 -15 -16 -17
leaf_value=0.0038801114962148968 0.0037448653380002476 -0.0020135803868951648 0.020083948149790143 0.026136645809312152 0.0018712524376875972 -0.00040029921669514459 0.045488090487600635 -0.025344075783160537 0.084120342568867176 -0.012877381815503505 -0.0364222561120204 0.014368339917835891 0.0062677045811162313 -0.023110396091658558 -0.037976824276261763 0.013328921180570746
leaf_weight=880.14904934167862 61.861883640289307 712.46332108974457 123.28405657410622 253.06366670131683 889.05922937393188 16808.238636016846 60.669728368520737 705.86759194731712 66.977559328079224 208.15659767389297 2432.2067376971245 50.250739008188248 118.77685064077377 151.62762647867203 124.82376283407211 66.559580326080322
leaf_count=977 110 313 44 176 486 15861 101 918 87 303 2889 83 158 176 199 71
internal_value=-0.000228628 -2.9156e-05 6.4665e-05 1.29325e-05 0.00174157 -9.71817e-05 -0.00127234 -0.00027 0.00263746 4.28873e-05 -0.00167609 0.000155266 -0.00186505 -0.000769752 -0.000831055 -0.00157935
internal_weight=23714 19936.7 18953.8 18830.5 1142.12 17688.4 3777.37 1108.23 335.804 268.826 2669.14 236.936 982.868 270.404 186.686 772.427
internal_count=22952 18191 17544 17500 662 16838 4761 1480 491 404 3281 392 647 334 309 989
is_linear=0
shrinkage=0.0761716


Tree=129
num_leaves=17
num_cat=0
split_feature=7 2 4 3 9 7 0 9 9 1 1 1 4 1 9 9
split_gain=0.794302 1.10783 3.87524 1.69453 1.46291 0.84903 1.75203 0.911741 1.26888 0.705126 0.627385 0.629291 0.555633 0.414976 0.333483 0.789388
threshold=6.3150000000000004 -0.96227343267549392 1009.5500000000001 1.0250000000000001 -4.6688013717627959 6.2200000000000015 -0.37940952255126015 -3.8678985854494985 -4.2523460781253695 -0.99273952934267318 0.098819223632317002 0.13301347478292308 1009.0500000000001 0.21772121422198085 0.38724334125376819 0.67529502461644253
decision_type=2 2 2 2 2 2 2 2 2 2 2 2 2 2 2 2
left_child=1 2 3 -1 -5 7 -7 8 -3 -9 14 -12 13 -13 -2 -16
right_child=10 5 -4 4 -6 6 -8 9 -10 -11 11 12 -14 -15 15 -17
leaf_value=0.0043359573809080895 -0.0093864422208596657 0.0010205113230572051 0.023892973937453661 0.0030286591432433247 -0.0041104375198376397 0.041742448367888582 -0.035940321717090475 0.0067738202803352843 0.0019643976595369764 -0.0019074647639344465 0.01881297756333029 -0.051454710430532423 -0.009461228156907496 9.8507215308368205e-05 0.0039141289953143138 -0.0044413437624510298
leaf_weight=102.17530584335327 2987.2130943536758 1003.6462581455708 84.197900682687759 152.07579472661018 1056.9592686891556 104.92311552166939 161.09160670638084 450.89423334598541 225.53641825914383 6159.6907738745213 169.68774086236954 458.29879361391068 1664.2600041925907 6835.8029908239841 239.93436774611473 2047.0639274120331
leaf_count=69 3169 1196 60 149 1181 90 160 578 274 7132 153 334 1789 4818 201 1832
internal_value=-0.000216549 0.000321897 0.00230212 0.00124042 0.0004063 -1.5837e-05 0.00418866 -0.00016396 0.00173275 -0.000521957 -0.000573924 -0.000187601 -0.000278555 3.92619e-06 -0.00123615 -0.000523411
internal_weight=23903.5 9501.19 1395.41 1311.21 1209.04 8105.78 266.015 7839.77 1229.18 6610.59 14402.3 9128.05 8958.36 7294.1 5274.21 2287
internal_count=23185 10889 1459 1399 1330 9430 250 9180 1470 7710 12296 7094 6941 5152 5202 2033
is_linear=0
shrinkage=0.0761716


Tree=130
num_leaves=17
num_cat=0
split_feature=5 9 6 4 3 8 2 2 2 3 3 8 7 2 4 5
split_gain=0.843876 0.776096 1.71692 1.76179 2.44555 0.490854 0.469725 2.49416 0.474184 0.188796 0.608345 0.133324 0.417386 0.128413 0.492946 0.0785945
threshold=0.91597561503675362 -3.8678985854494985 0.1294095225512602 1002.35 3.4550000000000005 7.0200000000000022 -0.97502841500522164 -0.97106408147883394 0.95989713290459411 1.8250000000000004 1.5450000000000002 7.6800000000000024 5.5900000000000025 -0.8038981836306559 1006.6500000000002 0.25881904510252091
decision_type=2 2 2 2 2 2 2 2 2 2 2 2 2 2 2 2
left_child=1 2 3 4 -1 -5 9 -8 -9 10 -3 12 -4 14 -2 -11
right_child=13 6 11 5 -6 -7 7 8 -10 15 -12 -13 -14 -15 -16 -17
leaf_value=0.0095288466553601157 -0.026693474945927578 -0.022088968293986995 -0.015105073156092969 0.0017904954136640228 0.00018604672645053272 -0.058600540145614798 0.018836788637674365 -0.00014694428991175504 -0.041545812958180051 -0.0062530762174390769 0.0051650039578977503 -0.075722792090588381 0.024600458179412199 -0.038583926501724569 0.032602667779055287 -0.0034706402361211973
leaf_weight=269.77066072821617 254.45459195971489 230.48677754402161 416.16890281438828 316.22204551100731 373.79076465964317 312.37417382001877 194.89981752634048 16063.466752052307 1676.4350836277008 959.97191625833511 96.215434312820435 438.65987998247147 80.198895305395126 1985.5756173729897 75.215861201286316 297.44284749031067
leaf_count=214 472 187 683 249 389 351 95 14479 1801 609 105 559 124 2263 125 358
internal_value=-0.000150968 -2.12517e-06 0.0013493 0.00317412 0.00596865 0.000249509 -0.000156719 -4.37674e-05 -0.000140312 -0.00141344 0.000129914 -0.00110227 -0.000174613 -0.00153249 -3.99316e-05 -0.00183861
internal_weight=24041.4 21726.1 2207.19 1272.16 643.561 628.596 19518.9 17934.8 17739.9 1584.12 326.702 935.028 496.368 2315.25 329.67 1257.41
internal_count=23063 20203 2569 1203 603 600 17634 16375 16280 1259 292 1366 807 2860 597 967
is_linear=0
shrinkage=0.0761716


Tree=131
num_leaves=17
num_cat=0
split_feature=7 6 9 6 7 0 1 9 3 3 1 3 3 6 7 9
split_gain=0.937428 1.25139 1.55208 3.78823 1.05174 0.68767 0.831073 0.615778 0.745181 0.714066 0.560641 0.715403 0.735099 0.400417 0.554661 0.24555
threshold=7.0149999999999997 -0.37940952255126015 -5.5650507443494961 -0.78656609248549325 6.9400000000000013 -0.78656609248549325 -0.99273952934267318 0.99536465694899345 4.5250000000000012 4.705000000000001 0.21772121422198085 1.4850000000000001 1.6650000000000003 -0.9159756150367534 8.7450000000000028 5.6740592428699204
decision_type=2 2 2 2 2 2 2 2 2 2 2 2 2 2 2 2
left_child=1 2 3 -1 -3 10 -7 9 -9 -4 -2 -12 -13 14 -8 -15
right_child=5 4 7 -5 -6 6 13 8 -10 -11 11 12 -14 15 -16 -17
leaf_value=-0.037168582549257305 -0.0017602768653983835 -0.0078688586963492763 0.0037594825440235278 0.010842915102946755 0.013970737300393729 0.004629072299794648 -0.0036131081163564781 -0.0023940546575572635 0.021414576385887164 -0.033247060465023508 -0.010939154026426747 0.037262092395829324 0.02021437845143146 -0.0050422453390880344 0.0063076960586335405 -0.0031968175491811795
leaf_weight=227.00336286425591 990.16135093569756 5139.2447178959846 3682.7427369952202 138.81977468729019 107.06826385855675 131.62968674302101 744.990448564291 1644.8067700862885 242.9055016040802 534.13926994800568 278.22253292798996 106.98015403747559 1072.2372978031635 6986.1815544068813 1430.7229070067406 375.5265134871006
leaf_count=193 1211 7750 2701 94 126 74 444 1231 253 531 257 82 993 5992 846 199
internal_value=-0.000195074 0.000288837 0.000999261 0.0058108 -0.000581463 -0.000665548 -0.000955276 0.000703224 -0.000427556 0.00121677 0.000466029 0.00142354 0.00225512 -0.00104155 -0.000117594 -0.00131022
internal_weight=23833.4 11716.7 6470.42 365.823 5246.31 12116.7 9669.05 6104.59 1887.71 4216.88 2447.6 1457.44 1179.22 9537.42 2175.71 7361.71
internal_count=22977 12879 5003 287 7876 10098 7555 4716 1484 3232 2543 1332 1075 7481 1290 6191
is_linear=0
shrinkage=0.0761716


Tree=132
num_leaves=17
num_cat=0
split_feature=2 1 1 6 9 9 6 8 2 1 1 5 8 6 8 9
split_gain=0.676425 0.515657 3.68662 0.459945 0.63682 0.371941 0.325101 0.499129 0.364485 0.225051 1.06001 0.0464092 0.0550583 0.0325995 0.0762256 0.0193561
threshold=0.95989713290459411 0.98664879617890844 0.98521098335796142 -0.12940952255126037 1.0927917759286905 -1.405790704576219 0.37940952255126048 11.559999999999999 0.030119189164198128 0.098819223632317002 0.13301347478292308 -1.0000000180025095e-35 14.015000000000001 -0.5 14.205000000000002 2.5949087188148785
decision_type=2 2 2 2 2 2 2 2 2 2 2 2 2 2 2 2
left_child=1 2 3 4 -1 -5 13 8 -8 15 -11 12 -12 -3 -15 -2
right_child=9 6 -4 5 -6 -7 7 -9 -10 10 11 -13 -14 14 -16 -17
leaf_value=0.0018291819650206604 -0.081407329248587776 -0.0044081163415433311 0.023979667725353992 -0.019533235849266115 -0.001086688054929172 -0.00099007609280852595 0.060526333295452747 -0.015433131163395699 0.0001373013157871036 0.036002976431584788 0.0035675427562753244 -0.12511887265810437 -0.033447788818291461 -0.010105901306189238 0.02510787681985133 -0.066279236870783104
leaf_weight=7271.2874797284603 1250.901746571064 958.79942336678505 107.00315055251122 3001.1922718584538 5179.1654472053051 4833.8759799301624 70.717995256185532 156.32080480456352 66.443653494119644 110.09998235106468 104.36216980218887 386.80301633477211 123.91429609060287 215.33027374744415 84.915487557649612 220.05410647392273
leaf_count=5893 1274 348 49 4484 3222 6296 81 203 101 126 132 326 146 241 66 187
internal_value=-0.00024475 -0.000115566 -1.20515e-05 -8.8935e-05 0.000196944 -0.000547107 -0.00145263 0.000748518 0.00413532 -0.0015196 -0.000366181 -0.00164534 -0.000574633 -0.001991 -0.00106055 -0.00206522
internal_weight=24141.2 21945.1 20392.5 20285.5 12450.5 7835.07 1552.53 293.482 137.162 2196.14 725.179 615.079 228.276 1259.05 300.246 1470.96
internal_count=23175 20984 19944 19895 9115 10780 1040 385 182 2191 730 604 278 655 307 1461
is_linear=0
shrinkage=0.0761716


Tree=133
num_leaves=17
num_cat=0
split_feature=1 1 4 3 4 4 3 8 4 4 0 8 3 8 3 0
split_gain=0.76111 0.758529 0.975968 2.5521 1.99739 0.631759 0.570874 1.22096 0.769272 0.618417 0.472157 0.355483 0.881432 0.313095 1.49367 0.204533
threshold=1.0000000180025095e-35 -0.54883787585413535 1001.35 2.9950000000000006 1007.35 1004.1500000000002 0.60500000000000009 11.290000000000003 1010.1500000000002 1009.85 -0.78656609248549325 4.7150000000000007 2.0150000000000001 4.7700000000000022 1.9450000000000001 -0.37940952255126015
decision_type=2 2 2 2 2 2 2 2 2 2 2 2 2 2 2 2
left_child=1 2 13 5 -5 -4 7 -2 9 10 -8 12 -3 14 -1 -10
right_child=6 11 3 4 -6 -7 8 -9 15 -11 -12 -13 -14 -15 -16 -17
leaf_value=0.033231267263952029 0.0066799906591508721 0.005262534948659978 0.011493479803050538 0.013122546315045742 0.0089247766179021155 -0.0017400278689735128 0.0056626762473674045 -0.015283346462524095 -0.00043336397083364983 0.0037796712460966765 -2.9787078345579208e-05 -0.013181667787301034 -0.031401520369160003 -0.034234758240848602 -0.053116868148044533 -0.045448297290961039
leaf_weight=65.799180805683136 110.91805231571198 93.120559275150299 213.61084541678429 360.76472052931786 351.97687578201294 2563.5047800242901 1922.9122865200043 155.27203273773193 600.89783537387848 133.90242284536362 8827.6146394014359 4119.7548170387745 169.69232475757599 2597.3242249786854 196.56812953948975 1625.4395637214184
leaf_count=90 83 71 169 193 376 3050 1807 135 801 139 6402 4154 219 3420 298 1711
internal_value=-0.000321853 -0.000799783 -0.000261613 0.000586912 0.00464709 -0.000447597 5.93378e-05 0.00353294 -9.56016e-06 0.000252001 0.00018419 -0.00157169 0.00106241 -0.00130758 0.00112241 -0.00130101
internal_weight=24109.1 10732.1 6349.55 3489.86 712.742 2777.12 13377 266.19 13110.8 10884.4 10750.5 4382.57 262.813 2859.69 262.367 2226.34
internal_count=23118 12040 7596 3788 569 3219 11078 218 10860 8348 8209 4444 290 3808 388 2512
is_linear=0
shrinkage=0.0761716


Tree=134
num_leaves=17
num_cat=0
split_feature=3 3 6 2 1 1 5 1 0 4 2 3 6 2 1 5
split_gain=0.82553 0.804907 1.52389 0.721615 0.568517 0.776956 0.254784 0.288196 0.183916 0.646907 0.212376 0.320256 0.0945529 0.0854719 0.118991 0.0131368
threshold=4.705000000000001 4.6150000000000011 -0.70710678118654757 0.88201535311751322 0.99166813670569354 0.96900085243778578 0.60355339059327384 0.098819223632317002 0.91597561503675351 992.55000000000007 0.99164058729498161 5.3650000000000011 -0.5 0.5488226286565131 0.45972848220565493 0.91597561503675362
decision_type=2 2 2 2 2 2 2 2 2 2 2 2 2 2 2 2
left_child=1 3 -3 4 5 -1 7 -5 10 -10 13 -12 -6 -2 -15 -11
right_child=8 2 -4 6 12 -7 -8 -9 9 15 11 -13 -14 14 -16 -17
leaf_value=0.00055278129694342776 -0.0080027222773058557 0.013752622665765369 -0.052469933643496683 -0.043596958875519946 -0.009250304216270093 0.0054091397959112704 -0.14352473071144836 0.0086242639637337717 0.046345709901028008 -0.02629841739909454 0.020529473612461557 -0.022490783199517965 -0.0067239116988791672 -0.06815822080811515 0.0017653615599070396 -0.22157230546451981
leaf_weight=15737.06074410677 1311.5530022680759 115.9803623855114 113.84457403421402 875.84488064050674 577.57164481282234 1186.0389258563519 1045.0248391330242 642.01514628529549 91.888363897800446 111.47027400135994 76.430405080318451 112.16811776161194 439.05542173981667 897.28514176607132 337.40697830915451 159.79695305228233
leaf_count=15855 938 56 125 1080 242 710 848 780 135 123 88 141 505 912 364 113
internal_value=-0.000108376 6.35554e-05 0.00451875 1.14679e-05 0.000183836 0.000290585 -0.00118176 -0.000522273 -0.00126804 0.000269408 -0.00148368 0.000865567 -0.00155834 -0.00167072 -0.00115366 -0.00151856
internal_weight=23830.4 20732.4 229.825 20502.6 17939.7 16923.1 2562.88 1517.86 3098 363.156 2734.84 188.599 1016.63 2546.25 1234.69 271.267
internal_count=23015 20201 181 20020 17312 16565 2708 1860 2814 371 2443 229 747 2214 1276 236
is_linear=0
shrinkage=0.0761716


Tree=135
num_leaves=15
num_cat=0
split_feature=2 4 4 8 3 2 2 2 2 8 1 4 6 9
split_gain=0.745007 0.53248 0.59478 0.724731 1.17889 0.564273 0.504104 1.30947 0.501575 0.288674 0.263329 0.145601 0.0258685 0.160775
threshold=0.95989713290459411 1016.35 992.45000000000016 6.4850000000000021 3.1750000000000003 -0.99271195016773384 0.63207999751838673 0.69635043120606444 -0.38168922026665864 9.9000000000000021 0.098819223632317002 991.75000000000011 -0.78656609248549325 1.1964862080995557
decision_type=2 2 2 2 2 2 2 2 2 2 2 2 2 2
left_child=1 2 6 4 -4 -5 8 -8 -1 10 -2 -11 13 -13
right_child=9 -3 3 5 -6 -7 7 -9 -10 11 -12 12 -14 -15
leaf_value=-0.00063821172425586282 -0.083354113425462853 -0.15434127553586249 0.0037522549419923969 0.0011938849026158626 -0.0091503317365478655 -0.00026678259645393959 0.037530010434765462 -0.00086224018918184522 -0.005104936769122089 0.011654838544308717 0.032461650118361392 -0.062790105028048812 -0.082877819926093305 0.016667047704115933
leaf_weight=4415.8441288769245 108.65367469191551 682.50471594929695 1423.0355261564255 633.59419500827789 522.20404714345932 9846.4191525876522 170.06654322147369 822.01509860157967 3385.1030175685883 86.417105883359909 80.180221945047379 210.27480199933052 1595.7317687869072 63.213634699583054
leaf_count=4535 123 742 1481 407 418 9268 177 873 3112 117 100 286 1455 88
internal_value=-0.000197556 -6.33044e-05 2.72349e-06 0.000343415 0.00169346 8.94535e-05 -0.000475104 0.00112816 -0.00068334 -0.00155217 0.00117925 -0.0018332 -0.00198054 -0.00102426
internal_weight=24045.3 21900.8 21218.3 12425.3 1945.24 10480 8793.03 992.082 7800.95 2144.47 188.834 1955.64 1869.22 273.488
internal_count=23182 21013 20271 11574 1899 9675 8697 1050 7647 2169 223 1946 1829 374
is_linear=0
shrinkage=0.0761716


Tree=136
num_leaves=17
num_cat=0
split_feature=2 3 5 6 4 4 4 8 2 9 9 5 4 8 4 4
split_gain=1.31819 1.13315 0.901735 0.6669 0.590539 1.08565 0.60831 0.5759 0.553259 0.524548 0.547705 0.341282 0.278735 0.232856 0.139121 0.038631
threshold=-0.99862982478704421 3.7350000000000008 -0.60355339059327362 -0.9159756150367534 986.05000000000007 987.75000000000011 987.05000000000007 6.330000000000001 0.91586428826728705 3.9008702944492311 3.8156017435071168 -0.5 983.35000000000002 9.9000000000000021 983.75000000000011 1004.5500000000001
decision_type=2 2 2 2 2 2 2 2 2 2 2 2 2 2 2 2
left_child=1 2 -1 4 14 6 -6 -7 9 10 -5 13 -11 -10 -2 -4
right_child=3 -3 15 8 5 7 -8 -9 11 12 -12 -13 -14 -15 -16 -17
leaf_value=-0.0024797282000690994 0.00040106031837295128 -0.003549473020510562 -0.00061053069941516367 -0.00032423886199558209 -0.002543090570100711 -0.017810300100125302 -0.001514130515994013 0.0033590088312849022 0.027103711325799681 -0.0016710678477848265 0.0094570523729942055 -0.087055870189484172 -0.010375263843825639 -0.012702933952054025 -0.01130931590157176 -0.010850320327486665
leaf_weight=152.48143061995506 173.99259024858475 125.75619357824326 147.93350079655647 14180.955043971539 237.62779933214188 563.86405724287033 163.56141427159309 2923.0153636038303 99.254846155643463 314.7736853659153 103.06128343939781 1945.1423393189907 1509.0302189588547 733.22482711076736 466.55177375674248 93.995261549949646
leaf_count=100 83 73 163 15815 133 312 90 1938 126 99 70 1680 1215 919 230 62
internal_value=-0.000137809 0.0036408 0.00151004 -0.000223523 0.000603551 0.000961642 0.00470932 0.000517988 -0.000423565 -0.00024988 -9.20965e-05 -0.00141826 -0.00146646 -8.73452e-05 -0.0015161 -0.00127848
internal_weight=23934.2 520.166 394.41 23414.1 4528.61 3888.07 401.189 3486.88 18885.4 16107.8 14284 2777.62 1823.8 832.48 640.544 241.929
internal_count=23108 398 325 22710 2786 2473 223 2250 19924 17199 15885 2725 1314 1045 313 225
is_linear=0
shrinkage=0.0761716


Tree=137
num_leaves=17
num_cat=0
split_feature=2 8 9 1 5 1 4 3 8 9 1 5 7 2 4 9
split_gain=0.500781 1.28337 0.914134 0.918417 1.71373 0.758755 0.695832 0.746411 0.553776 1.03746 3.71269 0.640307 0.728195 0.424682 0.536828 0.401098
threshold=-0.36572252349726903 11.355000000000004 4.9811151179299289 0.84293373149377093 -0.60355339059327362 -0.92263100495486394 1010.9500000000002 3.7350000000000008 11.705000000000004 5.4825640581124047 0.9821165111257959 -0.60355339059327362 10.655000000000003 0.53435276464917691 994.35000000000002 -0.83044300013668237
decision_type=2 2 2 2 2 2 2 2 2 2 2 2 2 2 2 2
left_child=1 5 3 -3 -5 -1 7 -7 9 11 -11 12 -2 -10 15 -15
right_child=8 2 -4 4 -6 6 -8 -9 13 10 -12 -13 -14 14 -16 -17
leaf_value=0.035231827282128182 0.0015208108123188847 0.0072249896386986966 -0.0022826697003887888 0.0027125464976386895 0.021830574308501275 -0.0015737820840336352 0.0017566112996521977 0.0030666228594603143 -0.0080215967173629475 -0.022261098455676392 0.025111073016895722 -0.0027706282473511203 0.020448121127644249 -0.017040652481994448 -0.025718662279877076 0.018808899885907691
leaf_weight=101.70647546648979 1773.4820124804974 370.51015830039978 216.55114364624023 251.27626839280128 315.32716086506844 6816.7819731831551 112.94350224733353 1630.1016691327095 2592.9356128871441 302.80133244395256 139.79075002670288 4954.4466131925583 261.94211027026176 476.29333701729774 2597.4212843477726 1052.0779864788055
leaf_count=128 2120 273 81 80 193 6297 121 1412 1952 249 39 5660 220 516 2704 1128
internal_value=-0.000316361 9.89817e-05 0.00248446 0.00352511 0.00545163 -0.00021586 -0.00029803 -0.000381766 -0.00060661 -0.000148586 0.00340876 -0.000379604 0.000748985 -0.00110836 -0.000616243 0.000501245
internal_weight=23966.4 9815.2 1153.66 937.114 566.603 8661.53 8559.83 8446.88 14151.2 7432.46 442.592 6989.87 2035.42 6718.73 4125.79 1528.37
internal_count=23173 8585 627 546 273 7958 7830 7709 14588 8288 288 8000 2340 6300 4348 1644
is_linear=0
shrinkage=0.0761716


Tree=138
num_leaves=17
num_cat=0
split_feature=1 6 1 4 1 6 6 2 4 5 7 2 6 4 2 2
split_gain=0.856906 0.951796 0.995744 0.853129 0.815602 1.53216 3.28489 0.812199 0.767447 0.596953 1.75198 0.781459 0.387219 0.662028 0.492729 0.226271
threshold=0.20088869483109786 -0.78656609248549325 0.99817629101047833 1001.35 -0.99273952934267318 -0.78656609248549325 -0.60355339059327384 -0.96227343267549392 984.75000000000011 -0.78656609248549303 6.6500000000000048 -0.9993703818063705 -0.60355339059327384 1009.5500000000001 0.53435276464917691 0.70860043010605911
decision_type=2 2 2 2 2 2 2 2 2 2 2 2 2 2 2 2
left_child=3 2 7 -1 5 -5 -7 -2 -9 10 -6 -11 15 14 -14 -3
right_child=1 12 -4 4 9 6 -8 8 -10 11 -12 -13 13 -15 -16 -17
leaf_value=-0.02933707943490927 0.0042499260255755211 -0.0058088256800702971 0.00084977150524630143 -0.0046413977999581087 0.017909715119077501 0.012457525647737961 0.0042030143134073831 -0.0014822749582335218 -3.8095181105600234e-06 0.00034981516689013383 -0.0016993961213831673 -0.0044426961312859 -0.00010097661475600864 -0.027282235488935949 0.025932027688794899 0.010732013702953005
leaf_weight=5426.452423453331 183.97677433490753 1210.9199088811874 206.69894367456436 204.91455540060997 414.88285201787949 76.042842030525208 211.78818953037262 406.38654547929764 3346.7674231231213 162.99628993868828 926.40566170215607 4988.9619341492653 3638.303845256567 1387.3315195739269 1260.4771844148636 148.20636311173439
leaf_count=6774 57 618 73 99 372 41 312 113 1760 94 927 4963 3840 1643 1337 181
internal_value=-0.000288589 0.000174341 0.00110531 -0.000730726 -0.000168932 0.00280184 0.00638777 0.000823196 0.000569477 -0.000400315 0.00101958 -0.000776399 -0.000326397 -6.88609e-05 0.000342076 -0.00149195
internal_weight=24201.5 11789.1 4143.83 12412.4 6985.99 492.746 287.831 3937.13 3753.15 6493.25 1341.29 5151.96 7645.24 6286.11 4898.78 1359.13
internal_count=23204 9622 2003 13582 6808 452 353 1930 1873 6356 1299 5057 7619 6820 5177 799
is_linear=0
shrinkage=0.0761716


Tree=139
num_leaves=16
num_cat=0
split_feature=2 9 9 5 4 3 7 5 2 2 8 8 1 9 2
split_gain=1.50497 2.99891 2.59056 0.701765 0.483425 0.49414 0.498447 0.300634 0.232344 0.148072 0.101982 0.0990229 0.0585191 0.0851573 0.0226706
threshold=-0.99862982478704421 -0.58138727721928152 -2.6566901820875706 0.91597561503675362 1015.9500000000002 4.7350000000000012 6.3850000000000007 -0.5 0.99164058729498161 0.74982640120456845 9.9000000000000021 8.9450000000000021 0.92263100495486405 2.3443345432223723 0.99962961997441069
decision_type=2 2 2 2 2 2 2 2 2 2 2 2 2 2 2
left_child=1 2 -1 4 5 6 -2 -3 -7 12 11 -6 13 -5 -12
right_child=3 7 -4 9 10 8 -8 -9 -10 -11 14 -13 -14 -15 -16
leaf_value=0.018587035356067136 0.0035614324910899059 0.00032637125656102004 0.0003245775552947879 -0.010241338058108876 -0.053175002712581472 -0.0059972354914266737 -0.00016682016122506976 -0.016011064745711279 0.01157731090478388 -0.10015847158405949 -0.080167945659241985 0.036073080206604068 -0.01872156624603892 0.019121555702277419 -0.049103879905677834
leaf_weight=79.791762977838516 7004.2209399044514 131.2780824303627 86.009404689073563 1048.7512809038162 112.42697682976723 2517.1387932598591 10326.655522912741 192.03519368171692 193.20938384532928 904.0316019654274 687.25426372885704 73.516743242740631 209.37291952967644 90.600338876247406 75.320079445838928
leaf_count=75 7736 69 102 1641 135 2242 8553 139 235 706 785 91 322 136 92
internal_value=-5.95974e-05 0.00410726 0.0123433 -0.000149123 -1.04227e-05 6.77112e-05 0.000218768 -9.17566e-05 -0.000885898 -0.00142594 -0.00168939 0 -0.000878066 -0.000620141 -0.00207856
internal_weight=23731.6 489.114 165.801 23242.5 20989.7 20041.2 17330.9 323.313 2710.35 2252.76 948.518 185.944 1348.72 1139.35 762.574
internal_count=23059 385 177 22674 19869 18766 16289 208 2477 2805 1103 226 2099 1777 877
is_linear=0
shrinkage=0.0761716


Tree=140
num_leaves=17
num_cat=0
split_feature=2 3 6 3 9 4 2 2 9 9 5 1 3 9 2 2
split_gain=1.38574 2.57055 0.839526 0.591611 0.630718 2.65306 0.643555 0.490954 0.562002 0.487154 0.449662 0.365627 0.292042 0.183923 0.105571 0.265982
threshold=-0.99862982478704421 3.4350000000000005 -0.37940952255126015 5.4850000000000012 -5.5650507443494961 1002.35 0.53435276464917691 0.82392300575755406 -1.0489968680882631 3.5177807884511876 -0.37940952255126059 0.098819223632317002 1.5050000000000001 -0.20400231895926699 0.88201535311751322 0.95493138204271821
decision_type=2 2 2 2 2 2 2 2 2 2 2 2 2 2 2 2
left_child=1 13 3 4 5 -2 -6 8 12 -10 11 -9 -4 -1 -5 -16
right_child=2 -3 7 14 6 -7 -8 10 9 -11 -12 -13 -14 -15 15 -17
leaf_value=-0.011539714012175633 0.015420908376326418 0.0016881973873328084 0.0029193257829990518 -0.0084646791157133444 0.00016481081281369142 -0.0010762193054708739 0.01332355503992169 -0.043570821167007147 0.0025263260320566639 -0.022641259541099901 -0.087220694344980088 0.012062541049603819 -0.018905793453334929 -0.010448016113919002 0.031057549240504162 -0.042494951122940085
leaf_weight=95.052512317895889 141.11870634555817 215.02610310912132 515.20099082589149 700.48043060302734 9116.5207285881042 215.3275642991066 1838.891723126173 538.97683501243591 3887.8601427674294 785.97611883282661 2126.517741560936 406.15555885434151 2948.4899134039879 197.07705733180046 79.093880742788315 216.01903539896011
leaf_count=127 111 129 782 576 5016 189 2222 673 5225 866 1750 506 4419 149 104 270
internal_value=-6.36153e-05 0.00386223 -0.000150067 0.000282494 0.000441409 0.00359086 0.000335177 -0.000627747 -0.000312892 0.000226566 -0.00145064 -3.39497e-05 -0.00104942 -0.000701897 -0.0014879 -0.000158214
internal_weight=24023.8 507.156 23516.6 12307.5 11311.9 356.446 10955.4 11209.2 8137.53 4673.84 3071.65 945.132 3463.69 292.13 995.593 295.113
internal_count=23114 405 22709 8488 7538 300 7238 14221 11292 6091 2929 1179 5201 276 950 374
is_linear=0
shrinkage=0.0761716


Tree=141
num_leaves=14
num_cat=0
split_feature=2 3 0 4 2 4 2 8 3 4 1 0 9
split_gain=1.70783 3.39097 0.867264 0.645743 0.75876 1.97301 1.00244 2.28409 0.661403 0.632097 0.214759 0.0954996 0.0220726
threshold=-0.99862982478704421 3.6350000000000002 -0.70710678118654757 1015.0500000000001 -0.86955717898714324 1009.9500000000002 -0.82389248692129191 7.2300000000000031 3.9350000000000005 1008.2500000000001 -0.82391537601316178 -0.9159756150367534 1.4061168577440635
decision_type=2 2 2 2 2 2 2 2 2 2 2 2 2
left_child=1 2 -1 4 5 9 7 -6 -8 -2 -5 -12 -13
right_child=3 -3 -4 10 6 -7 8 -9 -10 -11 11 12 -14
leaf_value=0.0063074846353103594 -0.0032467360815008053 0.006037899963240439 -0.010199056849621073 0.006442888012848434 -0.019763690799945745 0.023702094144759357 0.0010222172077514282 0.010660866089220317 -0.0022346196725442618 0.0032775986258985995 -0.001241105091406437 -0.10158805620401742 -0.054593796208480636
leaf_weight=97.271549254655838 3405.2661499679089 144.95090660452843 247.20113238692284 77.032218337059021 445.95277765393257 99.204983711242676 12799.251027017832 514.56570675969124 4246.4896789193153 327.52002766728401 84.628562569618225 1160.9609310925007 222.2138754427433
leaf_count=91 3276 86 221 108 406 68 12985 248 3767 238 117 1308 212
internal_value=-2.99006e-05 0.00440838 0.000173624 -0.00012466 -1.66559e-05 -0.000990826 0.000189051 0.00258022 5.20679e-05 -0.00128297 -0.00162841 -0.0018464 -0.00200255
internal_weight=23872.5 489.424 344.473 23383.1 21838.3 3831.99 18006.3 960.518 17045.7 3732.79 1544.84 1467.8 1383.17
internal_count=23131 398 312 22733 20988 3582 17406 654 16752 3514 1745 1637 1520
is_linear=0
shrinkage=0.0761716


Tree=142
num_leaves=17
num_cat=0
split_feature=5 1 1 2 7 1 1 1 3 5 2 9 9 7 3 1
split_gain=0.688432 0.564307 0.87198 1.66698 1.78032 0.825035 0.878829 0.550093 0.933903 0.695911 0.451375 0.352324 0.327375 0.359103 0.299181 0.0998065
threshold=0.60355339059327384 -0.86958133671945925 -0.5416228050394748 -0.82389248692129191 6.3850000000000007 -0.05591647229452347 -0.038721922313638066 -0.99273952934267318 1.9750000000000003 -0.78656609248549303 0.88201535311751322 0.20199453563677319 3.5177807884511876 8.360000000000003 0.96500000000000008 -0.71466676797886819
decision_type=2 2 2 2 2 2 2 2 2 2 2 2 2 2 2 2
left_child=1 7 3 -3 -5 14 -7 8 9 -1 11 15 13 -13 -4 -2
right_child=10 2 5 4 -6 6 -8 -9 -10 -11 -12 12 -14 -15 -16 -17
leaf_value=-0.0012927068084060945 -0.0036956750583460483 0.0098488110027418994 -0.0010591853725392386 0.01150974686806237 -0.0045675237495936064 0.0093023963081803364 0.00074211189854386371 -0.016110134653124993 -0.0044979620584156667 0.0027441206646703071 -0.11546287813866191 0.010677287826183157 -0.0036529510521330819 -0.026185962873836694 -0.016129957805481578 -0.020343439044502861
leaf_weight=117.09947204589844 790.70296430587769 100.05463001132011 236.34174090623856 1202.8031598925591 1273.2513231635094 127.05400893092155 10572.402505457401 1647.0227437019348 327.62285816669464 242.7182525396347 1380.9551994204521 1052.9436962604523 379.71086397767067 303.48595011234283 2517.3587268590927 1465.8151034116745
leaf_count=121 1224 84 122 1240 1271 99 8125 2145 314 224 1088 1498 465 372 2672 2110
internal_value=-4.56184e-05 0.000174908 0.000337513 0.00162127 0.0012108 8.90764e-05 0.000393871 -0.000927282 0.000850127 0.00354774 -0.000804745 -0.00038383 0.000418893 0.000986307 -0.00108305 -0.00101501
internal_weight=23737.3 18363.7 16029.3 2576.11 2476.05 13453.2 10699.5 2334.46 687.441 359.818 5373.61 3992.66 1736.14 1356.43 2753.7 2256.52
internal_count=23174 16417 13613 2595 2511 11018 8224 2804 659 345 6757 5669 2335 1870 2794 3334
is_linear=0
shrinkage=0.0761716


Tree=143
num_leaves=17
num_cat=0
split_feature=1 1 4 7 5 0 9 4 7 2 1 4 8 9 9 1
split_gain=0.530828 0.822577 0.973793 0.724177 1.45566 2.4705 2.49919 0.676997 1.40606 1.88896 0.675607 0.460914 0.819755 0.401564 1.46316 0.627496
threshold=0.081675638985454754 0.11593352601052392 1006.35 6.3549999999999995 -0.60355339059327362 -0.70710678118654757 -2.7900316619399237 997.55000000000007 10.100000000000001 0.46735921715800216 0.5772862706790628 1011.85 7.1000000000000005 5.3072922755721317 6.1873450604401485 0.63209755774300602
decision_type=2 2 2 2 2 2 2 2 2 2 2 2 2 2 2 2
left_child=3 2 -2 4 5 -1 -7 8 9 -3 -10 -6 -13 15 -15 -9
right_child=1 7 -4 -5 11 6 -8 13 10 -11 -12 12 -14 14 -16 -17
leaf_value=-0.0036815920149332582 0.0091428943205568991 0.0012578771269331529 0.011181727260534558 -0.0054319506005436882 -0.0062683495442492623 0.0036165056395197682 -0.037247806051674236 9.7649187781016376e-05 0.0092111302161467321 0.027306054740112332 -0.0030821207313266349 0.016537015379331138 -0.0036874391683845973 0.0033416851065214341 -0.020497795924583607 -0.012361047880311123
leaf_weight=860.6326465010643 152.44346943497658 2620.4413594007492 119.4829206764698 5106.7446077466011 4312.9106279909611 208.17154940962791 273.35814455151558 2726.6457456350327 565.72466647624969 535.2469719350338 2540.9964129924774 155.37808099389076 486.80723768472672 213.3144865334034 390.56231191754341 2606.1284693181515
leaf_count=1300 151 2476 110 5006 5245 135 177 2222 538 569 1365 208 619 145 203 2597
internal_value=-0.000239881 0.000101433 0.00422305 -0.0006158 -6.38379e-05 0.00215317 0.00650728 6.03068e-06 0.000560923 0.00169523 -0.000581721 -0.000671544 0.00120714 -0.000574038 0.00126383 -0.000788577
internal_weight=23875 12471 271.926 11404 6297.26 1342.16 481.53 12199.1 6262.41 3155.69 3106.72 4955.1 642.185 5936.65 603.877 5332.77
internal_count=23066 10376 261 12690 7684 1612 312 10115 4948 3045 1903 6072 827 5167 348 4819
is_linear=0
shrinkage=0.0761716


Tree=144
num_leaves=16
num_cat=0
split_feature=1 8 3 0 1 9 8 3 9 3 9 1 3 1 7
split_gain=1.13397 2.49306 2.88046 0.920718 0.937206 0.564257 1.53264 0.836524 0.551951 0.988177 1.02829 0.763143 0.559979 0.359888 0.249093
threshold=0.96683886033945965 12.620000000000001 1.0850000000000002 0.60355339059327384 0.97505550290239451 -6.7574549078194091 6.1400000000000032 3.1750000000000003 -0.74022479331871682 0.70500000000000007 -1.8717577734713531 0.93228057993045244 0.92500000000000016 -0.69016699705532225 15.030000000000001
decision_type=2 2 2 2 2 2 2 2 2 2 2 2 2 2 2
left_child=5 2 -2 4 -4 6 7 -1 9 10 -7 12 -10 -11 -3
right_child=1 14 3 -5 -6 8 -8 -9 11 13 -12 -13 -14 -15 -16
leaf_value=0.0043547203826631081 0.0062582709761112073 -0.005980299435152654 0.015805081019459686 -0.012764286124402552 0.001737985041464046 -0.0093724283863694715 -0.050911820173153009 0.00079900413638088572 -0.0068510521983147811 -0.00079460840876779558 0.0055383654865713734 -0.0061235521263189449 0.0008457300566454527 -0.0048365051251332376 0.00033507740873081892
leaf_weight=104.99379596114159 162.80551782250404 780.74051231145859 166.1615115404129 247.05525109171867 912.20363199710846 82.414719581604004 219.63142392039299 103.17227521538734 847.33579903841019 2349.8885392248631 79.725167751312256 882.18030905723572 11251.067084252834 5698.0013965368271 137.74931532144547
leaf_count=90 94 573 112 277 572 83 254 91 727 3088 92 576 10256 6217 38
internal_value=-0.000100349 0.00146501 0.00339534 0.00217813 0.00314889 -0.000276232 0.00244482 0.00711527 -0.000332961 -0.000821767 0.00498477 -2.12789e-05 0.000134209 -0.00094436 -0.00162962
internal_weight=24025.1 2406.72 1488.23 1325.42 1078.37 21618.4 427.797 208.166 21190.6 8210.03 162.14 12980.6 12098.4 8047.89 918.49
internal_count=23140 1666 1055 961 684 21474 435 181 21039 9480 175 11559 10983 9305 611
is_linear=0
shrinkage=0.0761716


Tree=145
num_leaves=17
num_cat=0
split_feature=2 3 9 8 7 1 4 4 6 5 1 6 2 6 9 8
split_gain=1.49517 1.15569 0.944945 1.74763 3.92197 0.911583 1.30687 0.677271 0.962868 0.634893 0.3918 0.387601 0.30675 0.282644 0.475266 0.0689246
threshold=-0.99862982478704421 3.4350000000000005 -5.3287349926287719 6.330000000000001 4.6500000000000012 0.99628894895067466 989.1500000000002 989.1500000000002 -0.98296291314453399 -0.78656609248549303 0.9993981459635205 -0.78656609248549325 -0.83352489619613901 -0.70710678118654757 -6.0772008662434436 7.8950000000000005
decision_type=2 2 2 2 2 2 2 2 2 2 2 2 2 2 2 2
left_child=1 9 3 4 11 7 -7 12 -9 -1 -8 -2 -4 14 -5 -15
right_child=2 -3 5 13 -6 6 10 8 -10 -11 -12 -13 -14 15 -16 -17
leaf_value=9.427193697590159e-05 -0.031568245381694046 -0.0019079321796007518 -0.0043903268844961256 -0.013917173614364935 0.01690033371263339 -0.0028073691881702408 -0.032090516107022266 0.011141302497783567 -0.000381546392325521 -0.053926549733721525 0.0027964801859619217 0.004023014421126762 -0.002839957353441956 0.0082557023114124151 0.0077197685240080983 -0.079158149890537974
leaf_weight=108.19611671566963 128.85458129644394 218.03423479199409 1425.2949932515621 123.78718453645706 95.426203191280365 277.05234616994858 260.30464413762093 1081.1624366939068 14882.650608897209 166.84234023094177 147.64070281386375 217.33662125468254 4379.6920034885406 68.053973227739334 118.59376958012581 319.37792789936066
leaf_count=76 102 120 1795 127 74 106 233 642 15034 191 136 275 3714 95 87 398
internal_value=3.45189e-05 0.00417431 -5.14175e-05 0.00215354 0.00581529 -0.000158283 0.00256796 -0.000245831 8.48236e-06 0.000744873 -0.000106612 0.00188596 -0.000950235 -0.000379344 0.00158436 -0.0016905
internal_weight=24018.3 493.073 23525.2 1071.43 441.617 22453.8 684.998 21768.8 15963.8 275.038 407.945 346.191 5804.99 629.813 242.381 387.432
internal_count=23205 387 22818 1158 451 21660 475 21185 15676 267 369 377 5509 707 214 493
is_linear=0
shrinkage=0.0761716


Tree=146
num_leaves=17
num_cat=0
split_feature=2 3 1 8 3 3 3 9 9 9 1 1 1 0 4 6
split_gain=1.14597 2.03474 1.01584 1.0483 1.44479 1.00425 0.828866 1.0882 0.549444 0.535061 0.887842 0.502603 0.245918 0.175047 0.145375 0.06913
threshold=-0.99862982478704421 3.3950000000000005 0.96683886033945965 11.559999999999999 1.3050000000000004 3.5150000000000001 3.0950000000000002 4.0058498586920441 3.9008702944492311 -0.23438167248016481 -0.99762106698677366 -0.66484924122790601 0.97692944606901266 -0.60355339059327384 980.95000000000016 -0.98296291314453399
decision_type=2 2 2 2 2 2 2 2 2 2 2 2 2 2 2 2
left_child=1 13 8 4 -4 -6 12 -8 9 11 -11 -2 -5 -1 -10 -16
right_child=2 -3 3 6 5 -7 7 -9 14 10 -12 -13 -14 -15 15 -17
leaf_value=-0.00082326357674733118 0.0019554925078622927 -0.0012862640465026976 0.0062481387094558659 0.0081104580760614758 0.0040119160962981005 0.010769506295568094 -0.0073881709490064267 0.0026350235151185409 0.0028488047908854191 0.0014761183903874142 0.00033734230794040155 -0.0041168217376294962 -0.027422262826630777 -0.011760386240402862 -0.013638229542733058 -0.0040706159325681456
leaf_weight=95.240762114524841 3000.9741603434086 212.13479664921761 145.63508728146553 139.95170727372169 798.38609638810158 106.94708070158958 337.60601928830147 194.56669482588768 136.57746294140816 239.24338546395302 8666.0384245812893 6951.9722740650177 702.29988393187523 178.54837244749069 236.53450787067413 1712.6667850017548
leaf_count=84 3862 114 106 70 578 107 226 93 38 215 8237 7339 467 180 122 1228
internal_value=-3.31854e-06 0.00364559 -8.09643e-05 0.0013919 0.00319935 0.00200686 0 0.00235208 -0.000253185 -0.000121523 0.000305181 -0.000506428 -0.00147924 -0.000596936 -0.00142683 -0.0016009
internal_weight=23855.3 485.924 23369.4 2425.39 1050.97 905.333 1374.42 532.173 20944 18858.2 8905.28 9952.95 842.252 273.789 2085.78 1949.2
internal_count=23066 378 22688 1647 791 685 856 319 21041 19653 8452 11201 537 264 1388 1350
is_linear=0
shrinkage=0.0761716


Tree=147
num_leaves=17
num_cat=0
split_feature=2 3 6 9 2 4 2 2 1 2 9 7 0 9 1 4
split_gain=1.57052 3.65083 0.78081 1.25292 1.24684 2.4065 1.19855 0.933025 0.671888 0.581682 0.585182 0.553097 0.513978 0.479707 0.226111 0.204425
threshold=-0.99862982478704421 3.3950000000000005 -0.37940952255126015 -1.7264691610153002 -0.91583036384466876 1000.7500000000001 -0.081676395330422633 -0.04732138832243208 0.8140385552266387 0.82392300575755406 -1.2779204726433606 13.310000000000002 -0.60355339059327384 3.9008702944492311 -0.69016699705532225 994.1500000000002
decision_type=2 2 2 2 2 2 2 2 2 2 2 2 2 2 2 2
left_child=1 -1 3 4 5 -2 11 -8 -6 10 14 -5 15 -12 -4 -11
right_child=2 -3 9 6 8 -7 7 -9 -10 12 13 -13 -14 -15 -16 -17
leaf_value=-0.0017122761481601087 -0.026413443198346737 0.00072014834288814723 -0.0028088018195330015 -0.0013123647338767778 0.0003930067910297976 0.0028559317767144067 0.00041224042003188636 0.001699646778522313 0.002540281064645955 0.025072196582762482 0.0035696990296538058 -0.0011986102358818788 -0.085105965687348725 -0.023154533423961818 -0.018089585859773126 -0.0046466260850807515
leaf_weight=280.92326310276985 262.00042596459389 226.37940734624863 1251.3419575095177 5569.485557615757 1740.2582341134548 364.34443137049675 213.65040108561516 3494.5172177553177 362.23594155907631 247.6965055167675 4256.520598590374 268.36551707983017 2095.7809243798256 587.2004674077034 1955.069149017334 670.00920403003693
leaf_count=252 234 128 1924 2671 1642 160 80 3378 297 319 5748 58 1723 683 2898 835
internal_value=0.000110824 0.00429195 1.80868e-05 0.000437605 0.00187619 0.004864 2.26591e-05 0.00109625 0.00096587 -0.00044453 -0.000102244 -0.000654135 -0.00134758 0.000421695 -0.000903131 0.00012386
internal_weight=23845.8 507.303 23338.5 12274.9 2728.84 626.345 9546.02 3708.17 2102.49 11063.6 8050.13 5837.85 3013.49 4843.72 3206.41 917.706
internal_count=23030 380 22650 8520 2333 394 6187 3458 1939 14130 11253 2729 2877 6431 4822 1154
is_linear=0
shrinkage=0.0761716


Tree=148
num_leaves=16
num_cat=0
split_feature=2 3 7 4 7 2 1 5 5 2 7 8 4 1 8
split_gain=0.934601 2.25164 0.596494 1.07804 0.86421 1.6531 0.549569 0.450707 0.905513 1.10242 0.533087 0.216799 0.111884 0.0748699 0.0514691
threshold=-0.99862982478704421 3.3950000000000005 6.3850000000000007 985.45000000000016 5.5900000000000025 -0.66483077113278999 -0.99762106698677366 0.60355339059327384 0.25881904510252091 -0.73829900574246976 14.025000000000002 9.0850000000000009 989.95000000000016 -0.56314550935064722 7.580000000000001
decision_type=2 2 2 2 2 2 2 2 2 2 2 2 2 2 2
left_child=1 14 3 -2 6 -6 -5 8 10 -10 -4 13 -13 -9 -1
right_child=2 -3 7 4 5 -7 -8 11 9 -11 -12 12 -14 -15 -16
leaf_value=0.0098067595757774257 -0.046432919189821328 -0.0017558156379801821 -0.0029212388337438357 -0.00091739035920159894 0.0083555792666681165 0.0021257572615902627 -0.0011654213446367244 0.022996959941919162 0.028435512310037773 0.0024029085858366926 0.00029128086727526895 -0.0055486061682149639 -0.05570612884742171 -0.0047644054210094714 -0.00056074329122825966
leaf_weight=84.621354073286057 899.03293126821518 218.48425081372261 9183.4236424565315 272.12050160765648 855.43846279382706 1349.7521787583828 6032.8963949382305 83.029261589050293 98.457622528076172 1327.486543148756 1021.4268624186516 286.25984427332878 1877.6821243464947 115.41238844394684 187.8516942858696
leaf_count=121 1261 133 7381 353 610 1501 7089 134 113 1170 784 372 1746 181 158
internal_value=-0.000141748 0.00313365 -0.000212172 0.000254518 0.000522722 0.00182013 6.33789e-05 -0.000528202 -0.000329727 0.00146019 -0.000583235 -0.00149057 -0.00171628 0.000804943 -0.00139015
internal_weight=23893.4 490.957 23402.4 9409.24 8510.21 2205.19 6305.02 13993.2 11630.8 1425.94 10204.9 2362.38 2163.94 198.442 272.473
internal_count=23107 412 22695 10814 9553 2111 7442 11881 9448 1283 8165 2433 2118 315 279
is_linear=0
shrinkage=0.0761716


Tree=149
num_leaves=17
num_cat=0
split_feature=2 3 2 2 2 8 7 3 3 2 9 1 2 7 6 6
split_gain=2.41797 3.97805 0.867222 0.612037 1.87143 2.06883 3.55084 2.43795 0.63084 0.502933 0.523022 0.499511 0.492194 0.439296 0.013883 0.0241645
threshold=-0.99862982478704421 3.6350000000000002 -0.9993703818063705 -0.36572252349726903 -0.54160775828284857 5.4000000000000012 4.2299999999999995 3.6150000000000007 0.70500000000000007 -0.2511900638848194 2.1942976332443007 0.99817629101047833 -0.23449138957041016 3.8550000000000009 0.60355339059327384 0.91597561503675351
decision_type=2 2 2 2 2 2 2 2 2 2 2 2 2 2 2 2
left_child=1 2 -1 4 8 6 -6 -7 -2 14 12 -12 -11 -10 -5 -16
right_child=3 -3 -4 9 5 7 -8 -9 13 10 11 -13 -14 -15 15 -17
leaf_value=-0.010166692586681219 0.0036011218212747228 0.0022837383629012165 0.0019029726254877995 -0.014785297303578956 -0.011280268016100957 -0.00050293396908413196 0.036718605053218716 0.033252926001923373 -0.015833036483773363 0.0023567190377240467 0.0013731159228051527 0.0013133541331649765 -0.0027714113278322033 -0.00024218017876634357 -0.028287978039661314 0.0059439034202727822
leaf_weight=236.0413920879364 249.3213894367218 170.11084133386612 103.67123553156853 876.60936892032623 104.64526468515396 1019.5453077852726 89.739104926586151 425.09251528978348 1348.3634652197361 84.336569786071777 3657.0470214486122 278.10175904631615 8920.780031144619 6279.6711887717247 68.075019955635071 56.281078845262527
leaf_count=190 146 94 104 546 171 865 69 210 1729 70 3145 156 10186 5040 119 98
internal_value=3.73212e-05 0.00521305 0.000328082 -7.44573e-05 0.000394759 0.00273474 0.0100874 0.00170583 -8.89661e-05 -0.000397003 -0.000266748 0.000461152 -0.000588347 -0.000216673 -0.00204423 -0.000781441
internal_weight=23967.4 509.823 339.713 23457.6 9516.38 1639.02 194.384 1444.64 7877.36 13941.2 12940.3 3935.15 9005.12 7628.03 1000.97 124.356
internal_count=22938 388 294 22550 8230 1315 240 1075 6915 14320 13557 3301 10256 6769 763 217
is_linear=0
shrinkage=0.0761716


Tree=150
num_leaves=17
num_cat=0
split_feature=2 3 5 6 9 4 4 2 2 9 9 9 2 2 2 2
split_gain=4.74858 2.48234 2.29223 0.986197 1.10696 1.42883 2.63392 0.643806 2.9767 1.13099 0.337882 0.423075 0.36584 0.318651 0.172161 0.405156
threshold=-0.99862982478704421 3.6350000000000002 -0.60355339059327362 -0.37940952255126015 -5.2085315565239858 1002.35 993.95000000000016 -0.19244445339415753 -0.15855351192338588 -0.58138727721928152 -1.1448836565227116 3.9008702944492311 0.83824865459667641 0.26780438508363441 -0.73249407161357893 -0.49749486057528974
decision_type=2 2 2 2 2 2 2 2 2 2 2 2 2 2 2 2
left_child=1 2 -1 4 5 6 -2 9 -9 -6 14 12 -12 -7 -5 -16
right_child=3 -3 -4 10 7 13 -8 8 -10 -11 11 -13 -14 -15 15 -17
leaf_value=-0.0015851261523354414 0.0099351680080602897 0.0024134196629155167 -0.028833547332806221 -0.016227501997691372 0.0011349682739967709 -0.038441995977232545 0.0072798985492283251 0.02261880455050598 0.00071586794704342211 -0.0026632533916807997 0.0014538146433116781 -0.024225883175871821 -0.021414010237518408 0.0075549103321734265 0.011233893605428424 -0.024143257437821829
leaf_weight=152.17552876472473 171.66993290185928 166.35029807686806 194.5203010737896 1132.8460460007191 2091.7578845322132 171.78443267941475 98.747619718313217 196.37663295865059 4735.9754727780819 4437.7837604284286 4231.0468971729279 834.51671540737152 1844.5150288045406 103.79951214790344 363.9372770190239 2808.4273752868176
leaf_count=110 162 88 214 1857 1333 137 74 80 4574 2013 5588 820 1801 97 596 3525
internal_value=0.000137413 0.00736561 0.00352194 -2.1814e-05 0.000456448 0.00380302 0.00770612 0.000293396 0.000951073 -0.000198824 -0.000536646 -0.000200889 1.52394e-05 0 -0.00106781 -0.000762095
internal_weight=23736.2 513.046 346.696 23223.2 12007.9 546.001 270.418 11461.9 4932.35 6529.54 11215.3 6910.08 6075.56 275.584 4305.21 3172.36
internal_count=23069 412 324 22657 8470 470 236 8000 4654 3346 14187 8209 7389 234 5978 4121
is_linear=0
shrinkage=0.0761716


Tree=151
num_leaves=17
num_cat=0
split_feature=1 8 2 1 1 2 6 4 4 6 0 1 4 1 8 8
split_gain=0.697269 0.86724 1.32843 2.58807 1.1641 0.972408 0.927289 0.660716 0.640636 0.60639 1.83869 0.44454 0.480231 0.418741 0.399656 0.589434
threshold=-0.05591647229452347 4.8449999999999998 -0.51974381215551546 -0.74981945761428159 -0.99273952934267318 0.081673369964559248 -0.5 1010.2500000000001 982.55000000000007 -0.12940952255126037 -0.70710678118654757 -0.34156760613242332 1003.35 0.21772121422198085 10.925000000000002 9.8450000000000006
decision_type=2 2 2 2 2 2 2 2 2 2 2 2 2 2 2 2
left_child=1 2 3 -1 5 -3 -5 8 -2 10 -10 12 -6 -11 15 -9
right_child=7 4 -4 6 11 -7 -8 14 9 13 -12 -13 -14 -15 -16 -17
leaf_value=0.030646306730867479 -0.0042553338076364734 0.0019688385618903846 -0.0090188760075844161 0.0045528970996285573 -0.025292631942924578 0.011837464573030525 -0.031562650031316149 -0.014629450159947663 0.028191492211981455 -0.014590209202470061 0.00060181748838459485 -0.020697302186430098 -8.2354090605990228e-06 0.0028473242080963553 -0.046439278649147236 0.0093811507475772566
leaf_weight=90.67922905087471 461.66090655326843 601.01246166229248 394.82873755693436 166.46672689914703 3086.1554119288921 132.19168248772621 180.93118622899055 667.73729535937309 397.18762168288231 703.28483715653419 6296.7981100678444 2050.2273057103157 3525.9636179208755 3242.3424843847752 1428.6863230168819 237.52171915769577
leaf_count=105 163 645 569 112 3929 114 299 716 370 830 3429 2042 3789 3991 1594 266
internal_value=-5.598e-05 -0.000530895 0.00180998 0.0047006 -0.000742222 0.00215322 0.00155884 0.000303292 0.000549945 0.000672928 0.00111455 -0.000991535 -0.000679923 -6.8663e-05 -0.000855768 0.00036785
internal_weight=23663.7 10228.5 832.906 438.077 9395.55 733.204 347.398 13435.2 11101.3 10639.6 6693.99 8662.35 6612.12 3945.63 2333.95 905.259
internal_count=22963 11604 1085 516 10519 759 411 11359 8783 8620 3799 9760 7718 4821 2576 982
is_linear=0
shrinkage=0.0761716


Tree=152
num_leaves=17
num_cat=0
split_feature=4 2 2 9 4 2 2 4 3 8 7 0 8 0 3 8
split_gain=0.580499 0.849071 1.86786 3.14148 2.46605 1.08604 1.24134 0.98304 0.720585 0.494314 2.41572 0.444145 0.352638 0.257891 0.526256 0.243303
threshold=987.95000000000016 -0.65187484896379921 -0.73249407161357893 -2.295086359824086 1009.85 -0.16705162550211936 -0.15855351192338588 990.35000000000002 4.3950000000000005 8.9450000000000021 6.6200000000000037 0.1294095225512602 10.380000000000003 0.91597561503675351 2.8150000000000004 13.680000000000003
decision_type=2 2 2 2 2 2 2 2 2 2 2 2 2 2 2 2
left_child=9 2 4 -4 8 13 -7 -8 -2 -1 -11 -5 -12 -3 -15 -14
right_child=1 5 3 11 -6 6 7 -9 -10 10 12 -13 15 14 -16 -17
leaf_value=-0.021250566097839842 -7.562215642857005e-05 -0.018406175590377299 0.010378817407946961 -0.011435426591641717 0.0055028025829935955 0.016163264700326384 0.006206875843936633 -0.0011465085346874194 0.0078501762788397 0.0082207862752014787 -0.001241449650547844 0.028555114217583864 -0.0038835577446371568 -0.017633019720857696 0.042672259145821921 -0.0037387141599025111
leaf_weight=2710.537504285574 3936.2506937682629 2062.0583057999611 171.64066821336746 160.27773505449295 126.58087235689163 108.30471819639206 1136.488827496767 10192.32269269228 324.31646385788918 166.70451593399048 152.45393428206444 202.76266732811928 1133.3275262713432 125.32852357625961 54.766932934522629 938.93826192617416
leaf_count=3491 2940 1811 127 145 84 46 1235 11215 165 149 125 163 634 225 75 503
internal_value=-3.32296e-05 0.000162831 0.00102126 0.00526547 0.000493794 -0.0001439 0.000154234 7.28332e-05 0.00017155 -0.000753852 3.18033e-05 0.00112487 -0.00062229 -0.00167684 0.000961996 -0.000895069
internal_weight=23703.1 18601.1 4921.83 534.681 4387.15 13679.3 11437.1 11328.8 4260.57 5101.96 2391.42 363.04 2224.72 2242.15 180.095 2072.27
internal_count=23133 18231 3624 435 3189 14607 12496 12450 3105 4902 1411 308 1262 2111 300 1137
is_linear=0
shrinkage=0.0761716


Tree=153
num_leaves=13
num_cat=0
split_feature=2 3 0 1 1 3 5 2 3 8 7 0
split_gain=1.31465 0.660919 0.692797 2.1193 0.654603 0.492486 0.326371 0.197262 0.563186 0.2034 0.137729 0.104012
threshold=-0.99981480381338828 4.7350000000000012 0.60355339059327384 -0.99762106698677366 -0.95747632178960107 3.4150000000000005 0.12940952255126045 0.99164058729498161 5.3650000000000011 16.565000000000001 6.1900000000000039 0.91597561503675351
decision_type=2 2 2 2 2 2 2 2 2 2 2 2
left_child=-1 2 4 -4 6 -6 -2 9 -9 11 -5 -3
right_child=1 7 3 10 5 -7 -8 8 -10 -11 -12 -13
leaf_value=0.0017490160369748769 -0.003275588428855003 -0.0090477415451277587 0.0053166896589268544 -0.00089434982174824932 0.00063336458244383706 0.0032449592465900044 0.0068325317898070516 0.019248175233406346 -0.039548203732411483 0.0067668671064291678 -0.014428565228675276 -0.0048871022379162916
leaf_weight=217.81575897336006 1073.9172092974186 2343.2107683420181 105.11724406480789 2853.0402589440346 10980.460259974003 3549.8001663982868 237.93347641825676 90.677589386701584 130.04259857535362 142.66226899623871 1894.8689827024937 291.56196865439415
leaf_count=136 1173 2067 140 3791 9936 2895 351 101 159 141 1917 299
internal_value=3.45783e-05 -1.86104e-05 0.000133219 -0.000660467 0.000378401 0.000527094 -0.00124235 -0.00107617 0.00102926 -0.00125561 -0.000905949 -0.00141361
internal_weight=23911.1 23693.3 20695.1 4853.03 15842.1 14530.3 1311.85 2998.16 220.72 2777.44 4747.91 2634.77
internal_count=23106 22970 20203 5848 14355 12831 1524 2767 260 2507 5708 2366
is_linear=0
shrinkage=0.0761716


Tree=154
num_leaves=16
num_cat=0
split_feature=2 3 3 5 3 1 3 3 9 1 1 9 7 9 1
split_gain=0.741252 0.555523 0.649021 1.50305 1.83752 0.965418 0.414658 0.79964 0.358874 0.287275 0.425254 0.57336 0.0362914 0.0331659 0.107375
threshold=-0.99981480381338828 4.5450000000000008 3.4150000000000005 -0.60355339059327362 3.7950000000000004 0.67125374152323958 0.99500000000000011 1.0850000000000002 -1.1448836565227116 -0.05591647229452347 0.89391031859722891 -4.5972415159020033 7.6049999999999995 1.0000000180025095e-35 -0.36571913681022022
decision_type=2 2 2 2 2 2 2 2 2 2 2 2 2 2 2
left_child=-1 2 6 4 -4 -5 8 -8 -2 13 11 -11 -12 -3 -15
right_child=1 9 3 5 -6 -7 7 -9 -10 10 12 -13 -14 14 -16
leaf_value=0.015487889402763333 0.0010833576070398091 -0.028574535943815701 0.0032868904219943121 -0.0024298445695563895 0.00031455935538021447 0.010611100679203853 0.0001895083191021736 -0.00038259804865097008 -0.0077934914106957453 0.0062514241013945033 -0.0045148439056919044 -0.0021829904026057353 -0.006731940110060103 0.0064232690922286272 -0.10498456689788595
leaf_weight=189.98008933663368 310.84623619914055 842.00703546404839 453.79286897182465 2451.9831211864948 630.87390524148941 880.73464915156364 362.91835927963257 13754.653906732798 1353.0724439024925 100.72618114948273 135.87737998366356 1372.8726706802845 559.49149829149246 220.7566120326519 276.87784811854362
leaf_count=127 348 998 355 2428 511 680 318 14006 1091 91 131 1208 290 247 205
internal_value=-5.23262e-06 -4.47913e-05 0.000107538 0.000924146 0.00338405 0.000111965 -0.000119185 1.27716e-05 -0.00125562 -0.000930013 -0.000369208 0.000345974 -0.00192475 -0.001812 -0.0011572
internal_weight=23897.5 23707.5 20198.9 4417.38 1084.67 3332.72 15781.5 14117.6 1663.92 3508.61 2168.97 1473.6 695.369 1339.64 497.634
internal_count=23034 22907 19737 3974 866 3108 15763 14324 1439 3170 1720 1299 421 1450 452
is_linear=0
shrinkage=0.0761716


Tree=155
num_leaves=15
num_cat=0
split_feature=2 9 0 1 9 1 1 1 3 2 4 4 0 2
split_gain=0.95953 2.28661 0.80017 0.829868 2.05726 1.88488 0.793598 0.852258 0.42224 0.18814 0.155266 0.159802 0.0288812 0.0442513
threshold=-0.99862982478704421 -1.2464713986308433 0.60355339059327384 0.96683886033945965 5.3072922755721317 0.97505550290239451 0.92591620288614507 0.91585580712236381 3.3950000000000005 0.95989713290459411 1016.35 987.75000000000011 0.78656609248549303 0.98662138620987927
decision_type=2 2 2 2 2 2 2 2 2 2 2 2 2 2
left_child=1 -1 3 6 5 -5 7 -2 -3 10 11 -4 13 -11
right_child=2 8 9 4 -6 -7 -8 -9 -10 12 -12 -13 -14 -15
leaf_value=0.0016272820142394014 0.00020318373469758357 -0.010620491231484638 -0.0098441762880674966 -0.00037648276531639465 0.0017331828616960654 -0.00054186177873443862 -0.0094652490138508009 0.017933718215577842 0.014308152291061943 -0.13077748409374287 -0.14121590365559472 -0.0016807590971293224 -0.11565877318156474 0.003604652240046911
leaf_weight=122.80183273553848 14530.985820055008 227.56957066059113 731.25462877750397 210.28195199370384 421.63596826791763 1473.1762580871582 958.82188984751701 202.2475406229496 152.56840160489082 102.88867679238319 353.18251526355743 3743.2170775830746 595.28904017806053 96.406097114086151
leaf_count=135 14125 192 1030 152 157 894 640 111 70 90 344 4602 460 101
internal_value=5.20519e-05 0.0033348 -1.7511e-05 0.000231391 0.0016508 0.000435161 3.87197e-05 0.000179022 0.000303276 -0.000810679 -0.000621536 -0.000490306 -0.00191433 -0.000822384
internal_weight=23922.3 502.94 23419.4 17797.1 2105.09 1683.46 15692.1 14733.2 380.138 5622.24 4827.65 4474.47 794.584 199.295
internal_count=23103 397 22706 16079 1203 1046 14876 14236 262 6627 5976 5632 651 191
is_linear=0
shrinkage=0.0761716


Tree=156
num_leaves=17
num_cat=0
split_feature=3 4 8 8 6 4 8 6 8 1 3 4 5 8 9 7
split_gain=0.428987 0.432244 0.747919 0.57005 0.380061 0.367319 0.579867 0.945878 0.554351 0.796218 0.665217 0.404315 0.241954 0.296875 0.174078 0.0428934
threshold=5.4450000000000012 1012.6500000000002 9.9000000000000021 9.7500000000000036 -0.5 987.25000000000011 8.6349999999999998 -0.78656609248549325 6.665 -0.93535928755917819 2.9750000000000005 986.25000000000011 -0.60355339059327362 13.485000000000003 -5.4425126424393442 10.100000000000001
decision_type=2 2 2 2 2 2 2 2 2 2 2 2 2 2 2 2
left_child=1 5 3 4 -3 6 11 -8 9 -7 -10 -1 13 -4 -2 -16
right_child=14 2 12 -5 -6 8 7 -9 10 -11 -12 -13 -14 -15 15 -17
leaf_value=-0.034211342687331329 0.0057597663804686275 0.020239542315241561 -0.03232632331025307 0.046009673466497238 -0.013572540878393475 -0.0034389261120547341 0.00067259282605862706 -0.0027487802405469783 -0.00038993280592557991 0.0046590964534564232 0.0011419696193278425 0.0029701725521337524 -0.066950455139846446 0.028418549847695686 -0.023346949033074382 -0.016183373440034416
leaf_weight=1491.5294598639011 132.01361066102982 255.63602939248085 227.86565101146698 68.463064521551132 519.31147158145905 815.93420818448067 768.79424911737442 1200.3883086442947 7695.3357047438622 2079.8074144423008 4545.2533482909203 661.83292207121849 1625.493803948164 83.208392560482025 946.34246781468391 633.90892022848129
leaf_count=1945 125 336 317 88 708 1007 241 925 7184 2163 3835 824 1735 111 984 539
internal_value=-3.99742e-05 4.89609e-05 -0.000836462 0.00103159 0.000387744 0.000178497 -0.000455411 0.000477368 0.000353266 0.00130164 0.000126106 -0.0013224 -0.00166646 0.000188381 -0.00120106 -0.001433
internal_weight=23751.1 22038.9 2779.98 843.411 774.948 19258.9 4122.54 1969.18 15136.3 2895.74 12240.6 2153.36 1936.57 311.074 1712.26 1580.25
internal_count=23067 21419 3295 1132 1044 18124 3935 1166 14189 3170 11019 2769 2163 428 1648 1523
is_linear=0
shrinkage=0.0761716


Tree=157
num_leaves=17
num_cat=0
split_feature=1 4 6 6 0 1 1 8 3 2 4 6 0 1 8 6
split_gain=1.14093 1.40122 1.68559 5.15309 0.727884 0.837572 2.9462 1.03699 0.47631 0.47618 0.369653 0.64478 0.859829 0.477091 0.274561 0.183608
threshold=-0.99273952934267318 1003.35 -0.9159756150367534 -0.60355339059327384 0.37940952255126048 0.96683886033945965 0.97505550290239451 11.705000000000004 5.4850000000000012 0.63207999751838673 996.45000000000016 -0.37940952255126015 0.91597561503675351 0.69636977696931246 7.2999999999999998 1.0000000180025095e-35
decision_type=2 2 2 2 2 2 2 2 2 2 2 2 2 2 2 2
left_child=1 -1 -3 -4 5 8 -7 -8 9 -2 11 12 -6 -13 -5 -12
right_child=4 2 3 14 10 6 7 -9 -10 -11 15 13 -14 -15 -16 -17
leaf_value=-0.01416776347995864 -0.00033640646971827348 -0.0014033174832309391 0.002729324546915031 -2.5145451559311879e-05 0.001061006584214365 0.0071564058305750066 0.0098614474470402873 -0.0073395569966713146 -0.0088113826038527417 0.0079664507765889788 -0.02620778729398358 -0.050368802792856451 0.0472982890045998 0.004996260711260068 0.013165824763932356 -0.0076437316969883281
leaf_weight=365.98491322994232 9812.944127291441 121.36282813549042 140.80608931183815 137.40548601746559 1402.2862198650837 189.62929549813271 701.27092814445496 908.96679469943047 1034.9707346260548 3005.5105317234993 2408.2693447172642 1310.9654515087605 278.98306113481522 386.95564758777618 59.034502893686295 1569.6000247299671
leaf_count=486 8253 56 66 190 1225 146 451 445 948 3636 2573 1644 388 549 96 1914
internal_value=-9.79582e-05 0.0026784 0.00547884 0.00824932 -0.000199129 9.28073e-05 0.00163833 0.000552153 -0.000106033 1.86295e-05 -0.000824308 -0.00022697 0.000818452 -0.00128014 6.9736e-05 -0.00132337
internal_weight=23834.9 824.594 458.609 337.246 23010.4 15653.3 1799.87 1610.24 13853.4 12818.5 7357.06 3379.19 1681.27 1697.92 196.44 3977.87
internal_count=23066 894 408 352 22172 13879 1042 896 12837 11889 8293 3806 1613 2193 286 4487
is_linear=0
shrinkage=0.0761716


Tree=158
num_leaves=17
num_cat=0
split_feature=6 4 9 3 4 3 1 1 9 9 3 1 4 7 7 4
split_gain=0.60982 1.37976 1.56283 2.48413 1.00458 1.23467 0.905262 0.837279 0.645601 0.800114 0.494203 0.438463 0.374705 0.53732 0.558451 0.383848
threshold=-0.37940952255126015 1003.0500000000001 -3.8678985854494985 3.8550000000000004 991.25000000000011 1.5650000000000002 0.18399664778440331 -0.99762106698677366 5.4825640581124047 0.99536465694899345 3.8750000000000004 0.8140385552266387 1012.6500000000002 5.8400000000000025 5.9400000000000004 1001.85
decision_type=2 2 2 2 2 2 2 2 2 2 2 2 2 2 2 2
left_child=1 2 3 -1 6 -6 -4 -3 9 -9 12 -5 13 15 -15 -2
right_child=10 7 4 11 5 -7 -8 8 -10 -11 -12 -13 -14 14 -16 -17
leaf_value=0.0045383135125098631 -0.027149868021603654 0.0051229296362726414 -0.015680052666601788 -0.032945096197526502 0.0076668827588179311 0.0092570666901031582 0.00089227743082818814 -4.1510962159588772e-05 0.0021898296972955064 -0.0053618733091258001 -0.024304708743517055 0.0052402172806735739 -0.030313358257529704 0.0072684361097387082 0.0019253682089289254 0.0022980676077094492
leaf_weight=256.54014429450035 1465.359951376915 191.31872054934502 1466.8567663133144 193.98595771193504 97.035325527191162 1342.9967971146107 2930.501409471035 3776.4658724069595 405.22221231460571 2122.3062596023083 2271.5322288274765 90.665701448917389 1612.8093619346619 95.037998467683792 4643.6532929241657 1240.7338120639324
leaf_count=163 2473 97 1554 257 71 1311 1205 2637 160 1258 2468 57 1831 138 5477 1987
internal_value=7.41656e-05 0.00043385 0.00123043 0.00514709 0.000859616 0.0026063 0.000279195 -0.0003438 -0.000499802 -0.000706305 -0.000331813 0.000120772 -7.60569e-05 0.000148385 0.00064073 -0.000702004
internal_weight=24203 12873.9 6378.58 541.192 5837.39 1440.03 4397.36 6495.31 6303.99 5898.77 11329.1 284.652 9057.59 7444.79 4738.69 2706.09
internal_count=23144 8770 4618 477 4141 1382 2759 4152 4055 3895 14374 314 11906 10075 5615 4460
is_linear=0
shrinkage=0.0761716


Tree=159
num_leaves=17
num_cat=0
split_feature=1 1 8 7 9 4 1 1 8 4 1 6 7 3 8 8
split_gain=0.47137 1.35148 0.946517 2.24431 0.908437 0.61156 0.83276 1.20785 0.688188 0.488747 0.845358 1.23209 0.882102 0.387416 0.406561 0.270325
threshold=-0.05591647229452347 -0.038721922313638066 4.7700000000000022 4.5300000000000002 -6.283432675949558 1001.35 -0.54883787585413535 -0.57023701209772126 6.2500000000000027 997.1500000000002 0.94697898371965716 -0.78656609248549325 6.9100000000000019 0.60500000000000009 6.839999999999999 9.9000000000000021
decision_type=2 2 2 2 2 2 2 2 2 2 2 2 2 2 2 2
left_child=2 -2 3 4 -1 15 7 -7 -8 10 11 -3 -12 -11 -15 -4
right_child=1 9 5 -5 -6 6 8 -9 -10 13 12 -13 -14 14 -16 -17
leaf_value=0.0025930531893653646 0.0054774870158468252 0.003119138060377967 -0.029341069016282438 0.033186990363443691 -0.0022861483572087869 0.00099015893493129069 0.0015572609475195739 0.010457131287109459 -0.033119005430014212 0.0091134473028955526 0.0067147877978414741 0.00064084643902746947 -0.0023345927763419876 0.0086336464346792163 -0.0012277495962156001 -0.013709559635537098
leaf_weight=113.8719821870327 161.28162637352943 1732.5598289966583 2906.692636102438 71.899500042200089 559.80120918154716 3067.8074986636639 333.84615835547447 120.04848620295525 1796.7549988329411 169.54868012666702 260.43248856067657 3376.8381701111794 1297.5322663187981 660.92575460672379 6070.8391517996788 1240.6854027807713
leaf_count=102 145 952 3905 62 815 3355 193 100 1711 136 209 3670 705 557 5195 1302
internal_value=-0.000121701 0.000168058 -0.0005143 0.00208303 0.000642119 -0.000722744 -0.000175153 0.000597161 -0.0013446 8.25997e-05 0.000549464 0.001026 -0.000992366 -0.000363954 -0.000459145 -0.00141682
internal_weight=23941.4 13730 10211.4 745.573 673.673 9465.84 5318.46 3187.86 2130.6 13568.7 6667.36 5109.4 1557.96 6901.31 6731.76 4147.38
internal_count=23114 11569 11545 979 917 10566 5359 3455 1904 11424 5536 4622 914 5888 5752 5207
is_linear=0
shrinkage=0.0761716


Tree=160
num_leaves=17
num_cat=0
split_feature=2 9 2 9 0 7 2 1 4 4 1 2 1 2 0 4
split_gain=2.06544 2.24355 2.34417 1.60124 0.47518 1.08589 3.45867 0.879579 1.37156 5.03652 0.506908 1.85144 0.514889 0.415403 0.403078 0.541032
threshold=-0.99862982478704421 0.52033242607919139 -0.9993703818063705 -0.28882328859025458 -0.37940952255126015 13.310000000000002 -0.28435918728100346 -0.65189295912203338 1000.7500000000001 1003.5500000000001 0.97310932590074095 0.1500498401600889 0.89391031859722891 -0.49749486057528974 0.1294095225512602 986.45000000000016
decision_type=2 2 2 2 2 2 2 2 2 2 2 2 2 2 2 2
left_child=1 2 3 -1 7 14 -7 8 13 -10 12 -12 -9 -2 -6 -16
right_child=4 -3 -4 -5 5 6 -8 10 9 -11 11 -13 -14 -15 15 -17
leaf_value=-0.0024390355040214496 0.030659084646965287 -0.029151883188210412 0.0019210319696081838 0.015224262324163022 -0.0024490685991839026 0.016236514710788338 -0.00077035696276474112 -0.0004141058734053686 0.004006582090930284 0.007401677886275093 -0.0054906884571487248 0.0037009736688659737 -0.0060298796734644207 -0.021704866422696745 -0.0078379698065149037 -7.4073742733437098e-05
leaf_weight=123.47763901948929 174.22066700458527 173.39055326581001 114.3256804049015 101.32481625676155 4460.0002730488777 146.20396894216537 614.05382934212685 4988.4584805071354 96.131054282188416 1022.7495361864567 762.76450046896935 142.2036380469799 790.88325023651123 667.22696688771248 927.49024039506912 8779.169053375721
leaf_count=132 240 135 82 49 3474 29 450 4890 59 1169 435 131 595 993 1132 9203
internal_value=4.244e-05 0.00481344 0.00841247 0.00362881 -6.05424e-05 -0.000321932 0.00247059 0.00038715 0.00180492 0.00355221 -2.45647e-05 0.00164365 -0.000291872 -0.000485635 -0.000474467 -0.000194987
internal_weight=24084.1 512.519 339.128 224.802 23571.6 14926.9 760.258 8644.64 1960.33 1118.88 6684.31 904.968 5779.34 841.448 14166.7 9706.66
internal_count=23198 398 263 181 22800 14288 479 8512 2461 1228 6051 566 5485 1233 13809 10335
is_linear=0
shrinkage=0.0761716


Tree=161
num_leaves=14
num_cat=0
split_feature=2 2 9 2 4 5 2 1 9 2 4 2 3
split_gain=0.459492 1.06584 0.338641 0.317183 0.327302 0.319924 0.492015 0.766336 0.734212 0.459323 1.37419 0.106825 0.1055
threshold=-0.99862982478704421 -0.9993703818063705 0.35321781967952509 -0.97870382656940669 1008.1500000000002 0.91597561503675362 0.53435276464917691 0.823915376013162 -4.1734362963032288 -0.8038981836306559 1006.6500000000002 0.42110087079608943 3.9150000000000005
decision_type=2 2 2 2 2 2 2 2 2 2 2 2 2
left_child=1 2 -1 4 12 6 8 -8 -5 10 -7 -11 -2
right_child=3 -3 -4 5 -6 9 7 -9 -10 11 -12 -13 -14
leaf_value=-0.00016720754734926257 -0.0093895610079972533 0.0025403676354992179 -0.008185502018235858 0.005314607456601836 0.0021726276260504631 -0.015396074666926033 0.0031362246134924695 0.058002294308393432 -0.00066404597275895383 -0.0080588494237104277 0.029712899692741528 -0.052036912426815934 0.0069775474680498217
leaf_weight=193.90100398659706 1067.8568569719791 113.84753951430321 117.89159309864044 1266.0023820400238 142.85659092664719 165.95026016235352 5616.9391694962978 140.79399085044861 12868.629720807076 727.72207728028297 54.024871200323105 1275.1838862299919 89.422208786010742
leaf_count=167 1011 115 76 1463 110 305 6580 121 10627 1199 90 1089 93
internal_value=-0.000287061 0.00217526 -4.95019e-05 -0.000333414 -0.00149355 -0.000263614 -0.000164846 0.000425914 -0.000407739 -0.0011321 0.0020944 -0.00150452 -0.00193162
internal_weight=23841 425.64 311.793 23415.4 1300.14 22115.2 19892.4 5757.73 14134.6 2222.88 219.975 2002.91 1157.28
internal_count=23046 358 243 22688 1214 21474 18791 6701 12090 2683 395 2288 1104
is_linear=0
shrinkage=0.0761716


Tree=162
num_leaves=17
num_cat=0
split_feature=4 5 3 4 1 2 2 3 4 2 1 1 9 4 4 0
split_gain=0.599488 0.706701 0.88339 1.98976 2.98251 0.767338 3.44996 4.00274 1.36882 0.458391 0.931667 0.324293 2.81897 0.335213 0.292056 0.24823
threshold=983.75000000000011 -0.78656609248549303 2.5150000000000001 1001.35 -0.37371625404731884 -0.8140159405215136 -0.84291031405530259 3.9150000000000005 1009.9500000000002 -0.030120304846908235 0.97310932590074095 0.9821165111257959 5.3072922755721317 1005.1500000000002 1002.7500000000001 -0.70710678118654757
decision_type=2 2 2 2 2 2 2 2 2 2 2 2 2 2 2 2
left_child=-1 2 9 15 -5 6 8 -8 -3 14 -11 13 -13 -7 -2 -4
right_child=1 5 3 4 -6 11 7 -9 -10 10 -12 12 -14 -15 -16 -17
leaf_value=-0.0076650070171085834 -0.0074259010732041211 -0.00017336187539853165 0.014199391013356828 0.017133465274473618 0.0013586883607087303 -0.00060823196991421859 0.00083475285610551907 0.020696415685629611 9.494833170230626e-05 0.0054824830434886587 0.01820135934542616 -0.0012456569864508261 0.018910138239848943 -0.0069857827003467947 -0.0040687215611155065 -0.009795021344913642
leaf_weight=1155.165711581707 676.52938282489777 3366.5958840250969 714.1452305316925 277.78654244542122 611.86279752850533 7129.7136870622635 330.773278683424 147.89940899610519 96.368577480316162 968.6498855650425 131.16809496283531 1168.0631110370159 197.56104359030724 5669.2997606992722 963.71163433790207 308.69496962428093
leaf_count=907 650 3119 885 185 405 7048 256 69 66 1298 129 858 98 6241 691 270
internal_value=-7.74518e-05 7.20398e-06 0.000845575 0.00210078 0.00473031 -0.000206596 0.00072998 0.00677207 -0.000101081 -2.04148e-05 0.00116926 -0.00046952 0.000634339 -0.000589855 -0.000837776 -0.00016269
internal_weight=23914 22758.8 4652.55 1912.49 889.649 18106.3 3941.64 478.673 3462.96 2740.06 1099.82 14164.6 1365.62 12799 1640.24 1022.84
internal_count=23175 22268 4513 1745 590 17755 3510 325 3185 2768 1427 14245 956 13289 1341 1155
is_linear=0
shrinkage=0.0761716


Tree=163
num_leaves=17
num_cat=0
split_feature=0 9 6 2 9 9 4 8 6 4 4 9 4 2 5 2
split_gain=0.500671 1.24986 3.74762 1.08551 1.24459 1.77545 0.692505 1.48668 0.603205 0.632617 0.909921 0.532519 0.461301 0.442714 0.297047 0.474643
threshold=-0.37940952255126015 -5.7039394574606712 -0.37940952255126015 -0.99463397642532658 0.5826250718695577 -0.45680257762989912 982.55000000000007 12.840000000000003 -0.98296291314453399 1011.5500000000001 1013.85 2.4730391100327425 983.1500000000002 -0.73249407161357893 0.12940952255126045 0.87377473702374975
decision_type=2 2 2 2 2 2 2 2 2 2 2 2 2 2 2 2
left_child=1 2 -1 4 5 -3 7 -2 9 11 -11 -8 -5 -14 -10 -16
right_child=6 3 -4 12 -6 -7 8 -9 14 10 -12 -13 13 -15 15 -17
leaf_value=0.0058619053769759892 -0.021205374754962938 0.0016800083532462061 -0.023858924704178025 -0.01799802404098047 -0.0080999912711282197 0.006367064862555589 -0.0024583143175162469 0.0012327738689082693 -0.0020766023860376241 0.009202076229900373 -0.011215423074949335 0.00038793422669812939 -0.0022486360863461668 0.0025771810410236446 5.4779942696844975e-05 -0.061977808938104555
leaf_weight=138.17428082227707 110.24367722868919 120.8494293987751 236.17578589916229 499.48778337240219 136.85759657621384 100.99401679635048 875.29536199569702 102.71434316039085 4318.574148774147 110.8706947863102 95.449638396501541 603.67401748895645 1990.9655355513096 5562.5648535788059 6901.6602693796158 2019.3407793343067
leaf_count=98 137 154 337 288 94 42 481 37 2825 73 126 252 1582 6064 8652 1786
internal_value=-5.14697e-05 0.000404281 0.0046977 0.000207965 0.00429145 0.00780064 -0.000318079 0.00395338 -0.000381866 0.000967573 0.00490197 0.000389231 2.07394e-05 0.000173162 -0.000556169 -0.000300092
internal_weight=23923.9 8786.07 374.35 8411.72 358.701 221.843 15137.8 212.958 14924.9 1685.29 206.32 1478.97 8053.02 7553.53 13239.6 8921
internal_count=23028 8659 435 8224 290 196 14369 174 14195 932 199 733 7934 7646 13263 10438
is_linear=0
shrinkage=0.0761716


Tree=164
num_leaves=17
num_cat=0
split_feature=2 4 9 3 1 2 6 4 4 9 8 8 4 8 3 6
split_gain=0.497563 2.05015 1.36052 1.04647 0.583376 0.535254 0.544178 1.01163 0.987456 0.40343 0.393873 0.489093 0.279967 0.639446 0.15015 0.106147
threshold=-0.96227343267549392 1009.35 -5.0010995401060816 0.96500000000000008 0.012910176522261303 -0.86955717898714324 -0.98296291314453399 1012.35 1013.85 0.67529502461644253 15.25 14.07 1007.4500000000002 6.7950000000000008 2.8350000000000004 1.0000000180025095e-35
decision_type=2 2 2 2 2 2 2 2 2 2 2 2 2 2 2 2
left_child=1 2 -1 -4 -5 12 7 9 -9 -7 11 -8 15 -14 -12 -2
right_child=5 -3 3 4 -6 6 10 8 -10 -11 14 -13 13 -15 -16 -17
leaf_value=0.0048150799023440553 -0.018227545670166427 0.014086375143538329 0.0014496831879606562 -0.005072661409838467 0.00014082359492715655 -0.0020382130685096117 -0.00054184807029832526 0.0085011394817868374 0.015398162803036419 0.0021857241981507389 -0.0077330522937139072 0.0020793760958838451 0.005711274158998191 -0.034392989436961167 -0.023898010190744282 -0.013772000511880789
leaf_weight=151.34104609489441 1041.9684192240238 103.21475869417191 161.60092702507973 920.6925020813942 1128.5176833868027 469.84946578741074 14927.083956599236 86.039454013109207 91.119564771652222 741.31100469827652 657.09431672096252 1697.3338236808777 127.80302953720093 187.89226326346397 924.31420621275902 470.47759479284286
leaf_count=141 807 74 87 925 876 261 15410 56 121 343 641 1429 80 138 849 810
internal_value=-3.59508e-06 0.00101916 0.000539397 4.26182e-05 -0.000411772 -0.000122877 -4.89143e-06 0.00144549 0.00679193 0.000623571 -0.000117419 -6.16416e-06 -0.00136841 0.000617829 -0.00126513 -0.001804
internal_weight=23887.7 2465.37 2362.15 2210.81 2049.21 21422.3 19594.1 1388.32 177.159 1211.16 18205.8 16624.4 1828.14 315.695 1581.41 1512.45
internal_count=23048 2103 2029 1888 1801 20945 19110 781 177 604 18329 16839 1835 218 1490 1617
is_linear=0
shrinkage=0.0761716


Tree=165
num_leaves=17
num_cat=0
split_feature=2 8 6 9 0 7 6 3 2 7 9 1 2 1 0 6
split_gain=0.727626 1.06307 1.48121 1.9096 0.435102 0.967157 1.39379 1.80022 0.533433 0.532635 0.405957 0.391551 0.391432 0.349684 2.0135 0.439606
threshold=-0.99862982478704421 8.3550000000000004 -0.78656609248549325 -0.17245329332781975 -0.37940952255126015 6.7750000000000012 -0.37940952255126015 2.5950000000000002 0.5488226286565131 5.5900000000000025 -2.2636592998010943 0.098819223632317002 -0.92260537345622995 -0.99762106698677366 0.60355339059327384 -0.98296291314453399
decision_type=2 2 2 2 2 2 2 2 2 2 2 2 2 2 2 2
left_child=1 2 -1 -4 5 6 7 -2 12 -8 -6 -10 -7 14 -12 -15
right_child=4 -3 3 -5 10 8 9 -9 11 -11 13 -13 -14 15 -16 -17
leaf_value=-0.00037002865478628314 -0.0016707562708718181 -0.00035656129645111575 -0.0046847503228243572 0.013013393596858418 -0.0056954958145394958 0.00010289144314872848 -0.0044982171423721779 -0.0001366274199992921 -0.010441003723880588 0.006668403302137348 -0.0026658497465227452 0.024554291454639384 -0.0025005898428801516 0.00015222061164456163 0.0052827286349780072 -0.0018028758961978581
leaf_weight=142.37631195783615 404.55913436412811 168.34649851918221 118.92097571492195 76.234525561332703 3120.8396325111389 565.54879748821259 1349.6899240612984 483.42646819353104 960.12585097551346 803.62770390510559 188.6968429684639 896.56505566835403 3094.4459137916565 1433.1663663089275 97.478332161903381 10175.034967720509
leaf_count=64 253 108 149 73 3515 294 2127 303 1223 1044 136 1120 2173 760 122 9796
internal_value=-0.00012062 0.00272568 0.00520387 0.00947444 -0.00018335 0.000247754 0.00133983 0.00387665 -0.000349018 0.000275447 -0.00043114 0.000692519 -0.00088604 -0.000224895 0.00238058 -0.000292388
internal_weight=24079.1 505.878 337.532 195.156 23573.2 8557.99 3041.3 887.986 5516.69 2153.32 15015.2 1856.69 3659.99 11894.4 286.175 11608.2
internal_count=23260 394 286 222 22866 8537 3727 556 4810 3171 14329 2343 2467 10814 258 10556
is_linear=0
shrinkage=0.0761716


Tree=166
num_leaves=17
num_cat=0
split_feature=8 3 9 1 1 9 8 8 4 1 2 3 2 1 1 9
split_gain=0.717899 3.34809 1.19399 0.946065 2.34209 1.14454 0.847425 3.3964 1.33664 0.794233 1.34119 2.56585 0.771727 0.479678 1.95715 0.23405
threshold=4.8449999999999998 0.92500000000000016 -6.283432675949558 0.081675638985454754 0.11593352601052392 -1.3112940065477507 6.5950000000000015 6.4499999999999984 997.55000000000007 -0.5416228050394748 -0.8140159405215136 3.9350000000000005 -0.021515300460958474 -0.74981945761428159 -0.86095304316285715 -0.17245329332781975
decision_type=2 2 2 2 2 2 2 2 2 2 2 2 2 2 2 2
left_child=1 -1 -3 9 5 -5 7 -6 -8 10 11 -2 -12 14 -4 -11
right_child=3 2 13 4 6 -7 8 -9 -10 15 12 -13 -14 -15 -16 -17
leaf_value=0.028672155900495287 -0.0011553342693969855 0.0033787515349315207 -0.00074732432636587221 0.0023051196413853415 -0.0014376152095568508 0.035473746733004026 0.0012752387080369697 0.019587516093591762 -0.0018846110688350885 -0.011770596055464029 -0.008410045446060662 0.018912302330586706 0.0032804428464101565 -0.042094840416160843 0.02457264641869401 -0.0078932981160894974
leaf_weight=69.248861908912659 137.83623859286308 174.58627167344093 303.0911161005497 131.81942829489708 565.59938725829124 165.21588456630707 5734.8084130883217 149.97358295321465 5517.6069957613945 2349.1399379074574 2824.2104405164719 107.14359223842621 2814.8378711044788 468.95245888829231 74.628842025995255 2330.2034091949463
leaf_count=60 145 163 457 115 616 151 4386 94 4711 2568 3073 49 3682 621 93 2129
internal_value=-4.42435e-05 0.00186052 0.000706569 -0.000136824 0.000316498 0.00696746 0.000147192 0.00268377 -1.19816e-05 -0.000666071 -7.13225e-05 0.00540605 -0.000317435 -0.000448258 0.00151819 -0.00140676
internal_weight=23918.9 1090.51 1021.26 22828.4 12265 297.035 11968 715.573 11252.4 10563.4 5884.03 244.98 5639.05 846.672 377.72 4679.34
internal_count=23113 1394 1334 21719 10073 266 9807 710 9097 11646 6949 194 6755 1171 550 4697
is_linear=0
shrinkage=0.0761716


Tree=167
num_leaves=17
num_cat=0
split_feature=2 8 6 0 7 4 4 1 8 4 4 4 7 5 4 6
split_gain=1.45794 1.52815 0.723349 0.637937 0.581884 1.55749 4.20962 1.56585 1.14347 0.889746 0.361925 0.390856 0.388421 0.376586 0.330099 0.323341
threshold=-0.99862982478704421 7.1250000000000009 -0.70710678118654757 0.37940952255126048 6.3549999999999995 1000.1500000000002 1002.35 0.96683886033945965 8.5449999999999999 985.6500000000002 1007.0500000000001 986.05000000000007 2.5850000000000013 0.37940952255126054 1010.6500000000002 0.37940952255126048
decision_type=2 2 2 2 2 2 2 2 2 2 2 2 2 2 2 2
left_child=1 -1 -3 4 5 7 -7 -2 15 -10 11 -5 14 -13 -12 -6
right_child=3 2 -4 10 8 6 -8 -9 9 -11 12 13 -14 -15 -16 -17
leaf_value=0.005392515508832298 -0.013694124141663089 -0.00075796716977890753 0.012623387799616546 -0.0273770465433688 -0.0060144983986399735 0.0025260051210888672 0.0023374102849584191 0.010112521508181116 0.00091237342334979984 8.552261635095023e-05 -0.0057208738289625119 0.0058477593152285274 -0.016799776945375273 -0.0017626849343311739 0.024791687169722368 0.0054375697005694208
leaf_weight=152.50798156857491 1980.1745008230209 173.62199109792709 158.76132872700691 546.91032639145851 2523.6232398450375 141.68681427836418 2928.0594443082809 80.838019549846649 1240.8995164334774 6746.5119780004025 188.74485918879509 586.61199471354485 2753.2097407877445 3447.235455840826 125.07988530397415 360.45239460468292
leaf_count=169 2693 61 167 724 1539 63 2612 49 589 6190 224 479 3053 4039 140 534
internal_value=9.91674e-05 0.00422158 0.00118894 1.28255e-05 0.000287598 0.00095613 0.00204531 -0.000651582 -2.52082e-05 0.000441312 -0.000557919 -0.000121333 -0.00119908 0.000130988 0.00127818 -0.00132721
internal_weight=24134.9 484.891 332.383 23650 16002.2 5130.76 3069.75 2061.01 10871.5 7987.41 7647.79 4580.76 3067.03 4033.85 313.825 2884.08
internal_count=23325 397 228 22928 14269 5417 2675 2742 8852 6779 8659 5242 3417 4518 364 2073
is_linear=0
shrinkage=0.0761716


Tree=168
num_leaves=17
num_cat=0
split_feature=1 4 4 5 9 8 6 3 9 4 9 1 1 1 1 1
split_gain=1.86996 1.64395 2.3444 1.51977 0.883295 3.1338 2.97349 2.32339 0.795143 0.732603 0.656596 0.512896 0.423926 0.276633 0.176651 0.161338
threshold=-0.99273952934267318 1003.35 1007.4500000000002 0.37940952255126054 -4.7472491065243458 6.5149999999999997 -0.5 3.4350000000000005 -0.6432646315898366 1009.9500000000002 5.9195541198596553 -0.73831951690629072 0.98521098335796142 -0.69016699705532225 -0.99984258031731421 -0.73831951690629072
decision_type=2 2 2 2 2 2 2 2 2 2 2 2 2 2 2 2
left_child=1 14 -3 -4 5 6 7 -2 12 -8 11 -10 13 -6 -1 -7
right_child=4 2 3 -5 8 15 9 -9 10 -11 -12 -13 -14 -15 -16 -17
leaf_value=0.0089652467768358678 0.0051560115391154557 0.0034345153533254622 -0.0075393699011319674 0.011946617591397384 -2.7605259445178388e-05 0.0034073056419212299 -0.015732746695237085 0.013701137414422701 -0.011494371494349129 0.023369652919043752 -0.011609530705942587 0.0007513569574505635 0.0071758016277878285 -0.0047494296054062888 -0.0077569035001028601 -0.021047075433506847
leaf_weight=67.937570482492447 146.71145680546761 164.49052169919014 197.7781508564949 100.90493938326836 1785.2664055526257 191.03472271561623 236.12498468160629 123.02865269780159 1729.3565144538879 62.702733069658279 918.52962988615036 11676.977899879217 160.21046763658524 5357.4139293730259 287.28078234195709 669.27474653720856
leaf_count=67 100 124 164 123 2435 238 379 98 2114 85 518 9605 125 5764 409 763
internal_value=0.000117241 0.00368901 0.00666605 0.00246771 -8.62534e-06 0.00182222 0.00620327 0.0119659 -0.000131253 0.000833906 0.000196787 0.000333864 -0.000778813 -0.000869578 -0.000127789 -0.00104793
internal_weight=23875 818.392 463.174 298.683 23056.6 1428.88 568.568 269.74 21627.8 298.828 14324.9 13406.3 7302.89 7142.68 355.218 860.309
internal_count=23111 887 411 287 22224 1663 662 198 20561 464 12237 11719 8324 8199 476 1001
is_linear=0
shrinkage=0.0761716


Tree=169
num_leaves=17
num_cat=0
split_feature=1 8 0 1 6 8 6 1 8 2 1 8 8 7 2 1
split_gain=1.36771 2.19308 1.37924 1.46714 1.15695 0.621398 2.12435 1.50427 1.01907 0.683806 0.661977 0.486478 0.403047 0.999446 0.330762 0.212293
threshold=0.96683886033945965 12.620000000000001 0.37940952255126048 0.99865756837029906 -0.78656609248549325 12.585000000000003 -0.78656609248549325 0.89391031859722891 16.415000000000006 0.95989713290459411 0.87795195455888941 12.675000000000002 10.380000000000003 9.9600000000000044 -0.15855351192338588 0.85206963063867758
decision_type=2 2 2 2 2 2 2 2 2 2 2 2 2 2 2 2
left_child=5 2 3 4 -2 10 7 8 -7 11 12 -8 13 -1 -4 -14
right_child=1 -3 14 -5 -6 6 9 -9 -10 -11 -12 -13 15 -15 -16 -17
leaf_value=-0.00058262420756919828 0.0016773427620901476 -0.0036567251302161399 0.002359852040434208 -0.0041473040954067772 0.014341100569491071 0.0072584190226311004 0.018405498725952988 0.0015509270710105307 0.02427303563730001 -0.05445641123643926 -0.0092238040480132899 0.0017899790140367836 -0.010436470726374322 0.002966819864372331 -0.037263861220238309 0.0010513727690390615
leaf_weight=12722.710660159588 354.67477667331696 1029.0783113837242 145.23263591527939 164.78704789280891 537.97795847058296 801.61596712470055 107.55122593045235 273.420001745224 114.25152799487114 1178.5346364974976 1141.7510187029839 2625.2428098022938 2363.5649843513966 94.710139632225037 267.28164717555046 93.611889839172363
leaf_count=13191 104 625 106 118 417 721 118 121 117 1045 851 2624 2556 88 291 52
internal_value=-6.70596e-06 0.00167762 0.00356761 0.0050223 0.00624497 -0.000203976 0.000527438 0.00334476 0.0018084 -0.000323038 -0.000433184 0.000328917 -0.000298358 -0.000124203 -9.50371e-05 -0.00119291
internal_weight=24016 2499.03 1469.95 1057.44 892.653 21517 5100.62 1189.29 915.867 3911.33 16416.3 2732.79 15274.6 12817.4 412.514 2457.18
internal_count=23145 1661 1036 639 521 21484 4746 959 838 3787 16738 2742 15887 13279 397 2608
is_linear=0
shrinkage=0.0761716


Tree=170
num_leaves=14
num_cat=0
split_feature=9 4 2 2 3 8 9 8 4 2 2 2 0
split_gain=0.916742 0.806217 0.592601 1.96975 4.41673 0.831308 0.51922 0.991587 0.48671 0.450124 0.142793 0.1187 0.264957
threshold=4.1841448410849909 983.75000000000011 -0.8140159405215136 -0.84291031405530259 3.7950000000000004 6.1400000000000032 3.8156017435071168 11.110000000000003 982.55000000000007 -0.73829900574246976 -0.52705818521824699 0.62541057298524605 -0.5
decision_type=2 2 2 2 2 2 2 2 2 2 2 2 2
left_child=1 -1 3 5 -5 -3 9 -8 -2 -4 -10 -12 -13
right_child=8 2 6 4 -6 -7 7 -9 10 -11 11 12 -14
leaf_value=-0.016681584062443383 0.00077580755323684316 0.0024053159153796144 -0.033962397154516183 0.0012086935545326768 0.017280825360714066 -0.00030938023969839638 -0.003404428263681797 0.015091441980162089 -0.0017536365494612047 -0.00013441652564162652 -0.0053225374933582844 0.023426785771658916 -0.010132727144905837
leaf_weight=847.2378865480423 197.62404751777649 1075.4071923196316 792.8883039355278 444.2505284845829 158.55363830924034 3434.8718004524708 151.89149439334869 207.39176613092422 200.98764571547508 14010.449439257383 1616.0505396723747 93.046990156173706 515.88837596774101
leaf_count=802 66 1162 738 307 74 2732 130 175 108 15193 846 121 455
internal_value=-5.02766e-05 0.000115221 0.000212948 0.000922002 0.0050049 0.000366571 -2.42258e-05 0.00282256 -0.00139329 -9.59602e-05 -0.00169706 -0.00187369 -0.000873902
internal_weight=23746.5 21122.9 20275.7 5113.08 602.804 4510.28 15162.6 359.283 2623.6 14803.3 2425.97 2224.99 608.935
internal_count=22909 21313 20511 4275 381 3894 16236 305 1596 15931 1530 1422 576
is_linear=0
shrinkage=0.0761716


Tree=171
num_leaves=15
num_cat=0
split_feature=4 5 8 9 9 1 9 1 7 1 4 1 0 7
split_gain=0.949978 1.14739 1.79857 2.6805 1.99298 1.04422 0.844919 0.544197 0.898873 0.565212 1.01578 0.5508 0.536968 0.15553
threshold=983.75000000000011 -0.60355339059327362 6.3600000000000021 1.0326188397477714 -4.3785653561196822 -0.99273952934267318 6.1873450604401485 -0.99466160899732459 6.8000000000000034 0.081675638985454754 996.75000000000011 -0.35769492645306972 0.78656609248549303 14.350000000000001
decision_type=2 2 2 2 2 2 2 2 2 2 2 2 2 2
left_child=13 2 3 4 -2 -4 -7 8 12 11 -11 -9 -3 -1
right_child=1 7 5 -5 -6 6 -8 9 -10 10 -12 -13 -14 -15
leaf_value=-0.0089334909347612134 0.0055724036503011559 -0.00023953979781492679 0.0032275209994730965 0.0021206295551616 -0.0011345336174119855 0.00088274646869873326 0.00020465764941388762 -0.0003441473479177764 0.00054563281569095445 0.0044763488701466941 -0.0015095416708139824 -0.010160227945641642 0.017351570597919017 0.00071671306086970165
leaf_weight=1075.0115573406219 314.627506762743 341.98215618729591 169.4940088391304 74.102822065353394 688.71858981251717 5344.1665628254414 133.93905168771744 4819.9774738252163 84.102035731077194 3971.8339890539646 4180.5560776889324 2390.2157634794712 107.9549258351326 176.57418370246887
leaf_count=890 346 352 142 66 792 4868 69 5755 51 3346 3828 2308 160 37
internal_value=0.00022852 0.000342785 0.00117664 0.00402972 0.00293232 0.000625038 0.000435014 -8.15943e-06 0.00237345 -9.3409e-05 0.000338623 -0.000586169 0.00091979 -0.00180793
internal_weight=23873.3 22621.7 6725.05 1077.45 1003.35 5647.6 5478.11 15896.6 534.039 15362.6 8152.39 7210.19 449.937 1251.59
internal_count=23010 22083 6283 1204 1138 5079 4937 15800 563 15237 7174 8063 512 927
is_linear=0
shrinkage=0.0761716


Tree=172
num_leaves=14
num_cat=0
split_feature=2 3 5 2 4 2 8 6 1 4 8 6 1
split_gain=1.65781 1.59072 0.709587 0.473954 0.470257 0.658138 0.417533 0.293015 0.275427 0.30115 0.227087 0.036415 0.01948
threshold=-0.99862982478704421 3.4350000000000005 -0.70710678118654735 0.95989713290459411 1016.1500000000002 0.95493138204271821 8.5900000000000034 -0.70710678118654757 -0.05591647229452347 1013.6500000000002 9.9000000000000021 -0.9159756150367534 0.081675638985454754
decision_type=2 2 2 2 2 2 2 2 2 2 2 2 2
left_child=1 2 -1 4 5 6 -2 8 -5 -10 -9 -6 -12
right_child=3 -3 -4 7 11 -7 -8 10 9 -11 12 -13 -14
leaf_value=0.0010405599562701279 -0.00039470920509301368 0.0013433656223005293 -0.04371773947368493 -0.030870936685986467 -0.016640422234465956 0.052373229870078294 0.00075896194812314439 0.034880626306346356 0.016495729098495598 -0.028879747033201123 -0.07564438040466645 -0.10458342635625066 -0.025174822005825059
leaf_weight=100.97031763195992 10026.388835251331 209.38933566212654 202.54137834906578 151.94907730817795 78.934560805559158 89.279301673173904 10311.376153945923 151.72113156318665 145.34945765137672 90.526156455278397 1068.546633541584 608.27437898516655 570.80330124497414
leaf_count=89 10540 124 191 203 111 94 8984 168 198 124 956 647 533
internal_value=4.5516e-06 0.0042773 0.000622628 -8.87043e-05 2.02821e-05 8.78008e-05 5.71433e-05 -0.00115778 0.000681099 0.00235604 -0.00157382 -0.00193347 -0.00184213
internal_weight=23806.1 512.901 303.512 23293.1 21114.3 20427 20337.8 2178.9 387.825 235.876 1791.07 687.209 1639.35
internal_count=22962 404 280 22558 20376 19618 19524 2182 525 322 1657 758 1489
is_linear=0
shrinkage=0.0761716


Tree=173
num_leaves=17
num_cat=0
split_feature=6 9 3 4 4 1 6 3 1 1 4 7 9 9 3 4
split_gain=0.71998 1.09682 1.33017 1.5719 1.55709 1.1954 1.13554 0.970597 0.922332 0.869487 0.715394 0.394588 0.388725 0.440243 0.605892 0.815912
threshold=-0.37940952255126015 -1.405790704576219 3.9350000000000005 1008.35 1006.85 -0.99273952934267318 -0.9159756150367534 3.7350000000000008 0.92263100495486405 0.45972848220565493 1010.9500000000002 7.5200000000000022 3.9008702944492311 2.1510843857110076 2.5350000000000006 989.05000000000007
decision_type=2 2 2 2 2 2 2 2 2 2 2 2 2 2 2 2
left_child=1 2 3 4 -1 6 -3 10 -9 -4 -7 -11 13 -2 15 -15
right_child=12 5 9 -5 -6 7 -8 8 -10 11 -12 -13 -14 14 -16 -17
leaf_value=0.0019838597638504188 -0.0030470618682239027 -0.0040214507103875346 -0.011436698984991941 -0.00019122804484851831 0.0023265165898552443 -0.0012011938169137106 0.0010201226103941673 0.0036269500009260707 -0.0059193917441647528 0.003182134324878249 0.0032231977089350371 0.0053237939993132791 -0.033506521690868381 -0.033631553815209748 -0.0021562717865463619 0.017131273565936994
leaf_weight=1213.7464273869991 9023.2172276973724 149.04130589962006 767.66327625513077 730.59802705049515 212.86024576425552 5697.6766797602177 228.85928049683571 2077.3911283016205 517.89260655641556 145.34783199429512 820.42850574851036 138.43040311336517 831.82226929068565 180.41214415431023 633.21125656366348 672.57028099894524
leaf_count=762 11929 73 850 765 112 3130 153 1590 187 103 891 120 841 189 603 857
internal_value=0.000108896 0.000503736 0.00172108 0.00280483 0.00427409 8.8514e-05 0.00427166 -8.28052e-05 0.00115819 -0.000474367 -0.000582008 0.00306838 -0.000330509 -0.000201464 0.00100609 0.00233702
internal_weight=24041.2 12699.9 3208.65 2157.2 1426.61 9491.29 377.901 9113.39 2595.28 1051.44 6518.11 283.778 11341.2 10509.4 1486.19 852.982
internal_count=23155 8736 2712 1639 874 6024 226 5798 1777 1073 4021 223 14419 13578 1649 1046
is_linear=0
shrinkage=0.0761716


Tree=174
num_leaves=17
num_cat=0
split_feature=2 6 3 1 3 1 2 7 5 7 4 2 3 3 8 0
split_gain=0.614256 0.760475 1.96394 0.543341 2.29302 0.594388 0.786492 0.980625 0.600285 1.35991 0.552871 0.361649 0.283399 0.303325 0.170609 0.12167
threshold=-0.99862982478704421 -0.78656609248549325 3.4350000000000005 -0.99273952934267318 1.0850000000000002 0.20088869483109786 -0.9668120007078248 7.8250000000000002 -0.78656609248549303 6.3549999999999995 1005.1500000000002 -0.17552498857989965 1.6650000000000003 1.3650000000000004 8.3000000000000043 0.78656609248549303
decision_type=2 2 2 2 2 2 2 2 2 2 2 2 2 2 2 2
left_child=1 -1 14 4 -2 8 7 -7 9 -5 -8 -10 13 -6 -3 -14
right_child=3 2 -4 5 12 6 10 -9 11 -11 -12 -13 15 -15 -16 -17
leaf_value=-0.00049595083015179539 0.0029340368720976806 0.0047392158420500961 0.012067881519694533 0.00124285186949758 -0.0025281772991510498 0.022813512088343882 0.00049353802488484133 -0.0012273951031394888 -0.0082208861689183291 -0.0033840625522874985 -0.0011495520673049785 -0.0039302277963634237 -0.0012160203012155949 0.016535905124083441 -0.0047396888150648573 0.0096340305437958799
leaf_weight=195.08337950706482 146.13605046272278 110.95088398456573 99.609853118658066 748.01921230554581 82.53372398018837 194.44708603620529 6898.6234184503555 129.12442362308502 4303.3497733771801 1462.0323788821697 4423.4391027390957 4387.4189542531967 395.06153485178947 96.555916219949722 92.73438686132431 76.768630266189575
leaf_count=83 135 150 84 911 106 169 5304 41 4561 1642 4074 5076 433 122 85 111
internal_value=-0.000223762 0.00240817 0.00479869 -0.000281579 0.00166264 -0.000351898 2.39133e-05 0.00371211 -0.000756154 0.000353884 -7.96434e-05 -0.00104205 -0.000240726 0.00225603 0.000309127 -0.0012621
internal_weight=23841.9 498.379 303.295 23343.5 797.056 22546.5 11645.6 323.572 10900.8 2210.05 11322.1 8690.77 650.92 179.09 203.685 471.83
internal_count=23087 402 319 22685 907 21778 9588 210 12190 2553 9378 9637 772 228 235 544
is_linear=0
shrinkage=0.0761716


Tree=175
num_leaves=17
num_cat=0
split_feature=6 8 0 4 2 1 3 3 2 2 3 4 5 9 8 9
split_gain=0.684771 1.0532 2.81102 1.73241 0.992706 0.867535 0.962106 0.750766 0.728364 0.593055 0.426458 0.414616 0.410905 0.433976 0.138594 0.1429
threshold=-0.37940952255126015 5.665 -0.37940952255126015 988.85000000000002 -0.97106408147883394 -0.99865756837029884 2.3750000000000004 1.885 -0.73249407161357893 0.80898702767051955 3.8750000000000004 1012.6500000000002 -0.98296291314453399 -1.6909409794269086 9.9000000000000021 1.4782379634347509
decision_type=2 2 2 2 2 2 2 2 2 2 2 2 2 2 2 2
left_child=1 2 3 -1 -4 -3 9 -6 -8 -7 11 12 -2 -14 15 -13
right_child=10 5 4 -5 7 6 8 -9 -10 -11 -12 14 13 -15 -16 -17
leaf_value=-0.00051207490770775797 -0.003956546132772706 0.0027105466278752009 -0.0015487162971574244 0.035786915722150807 0.002385304653344278 -0.0011619117625060432 -0.0008476883737675232 -0.0067310004300453327 0.0028217573851204488 0.017731286498922871 -0.025891898580831026 -0.011346332957959275 -0.010917282073289233 0.0025105400140493553 -0.039625860999936986 0.018761461019653754
leaf_weight=121.64438891410828 715.07578501105309 175.15369907021523 137.55474144220352 127.06006306409836 141.90811249613762 3548.9121210277081 2462.7618584930897 606.73768901824951 4881.0296428203583 390.68305423855782 2336.0371786653996 395.83505791425705 2075.7427407801151 4629.3474972546101 1103.5934538543224 68.978346079587936
leaf_count=116 772 96 92 60 121 2017 1259 537 3873 475 2502 533 3138 6201 1162 91
internal_value=3.02927e-05 0.000417953 0.00263057 0.00974509 0.00057388 0.000195479 0.000109386 -0.000487957 0.000626934 -0.000847204 -0.000398041 -0.000155629 7.84038e-05 0.000267755 -0.00128085 -0.000103363
internal_weight=23918.1 12593.4 1134.9 248.704 886.201 11458.5 11283.4 748.646 7343.79 3939.6 11324.6 8988.57 7420.17 6705.09 1568.41 464.813
internal_count=23045 8646 926 176 750 7720 7624 658 5132 2492 14399 11897 10111 9339 1786 624
is_linear=0
shrinkage=0.0761716


Tree=176
num_leaves=17
num_cat=0
split_feature=2 5 2 4 2 2 8 3 4 2 2 7 9 9 9 7
split_gain=1.00312 2.04944 0.442082 2.04564 1.6879 1.18067 1.06193 1.19607 0.743235 0.454198 0.787633 0.715224 0.566659 0.534041 0.790074 0.380096
threshold=-0.99862982478704421 -0.60355339059327362 -0.04732138832243208 1010.9500000000002 -0.13301470653419609 -0.5488429582847193 8.730000000000004 1.7850000000000004 986.35000000000002 0.53435276464917691 0.56312986467441573 11.970000000000002 -0.74022479331871682 -5.4425126424393442 -6.0772008662434436 4.4300000000000024
decision_type=2 2 2 2 2 2 2 2 2 2 2 2 2 2 2 2
left_child=1 -1 3 6 5 -5 8 -8 -2 13 11 -11 -12 14 -4 -3
right_child=2 15 9 4 -6 -7 7 -9 -10 10 12 -13 -14 -15 -16 -17
leaf_value=-0.0011548708942869905 -0.026072503988162851 0.011213221603777107 -0.00010830599809583817 0.021140340441047015 0.00066711565019906118 -0.053970466251618131 -0.0061524454572694474 0.0024152166446913719 -0.00012555784321845352 0.059552956301305283 -0.022536502147032584 -0.017379417600616336 0.0039979851433556085 -0.0013149695050252289 0.0046657408506599538 -0.0095381539837906572
leaf_weight=177.6019566655159 1594.742016017437 112.44565144181252 193.8372001349926 82.222157090902328 141.29963535070419 154.87657138705254 854.47456833720207 3003.0144525468349 6342.4695347547531 182.1710167825222 2558.1923680603504 87.115083247423172 4101.7143232226372 3883.7312033772469 104.93244835734367 224.55218812823296
leaf_count=111 2059 106 219 65 94 173 470 1760 5731 227 2892 56 4502 4229 124 174
internal_value=0.000109412 0.00342714 3.43364e-05 0.000352604 0.00584662 0.00171778 0.000172323 0.00121034 -0.000328472 -0.000311523 6.26726e-05 0.004082 -9.68381e-05 -0.000938541 0.002114 0
internal_weight=23799.4 514.6 23284.8 12173.1 378.398 237.099 11794.7 3857.49 7937.21 11111.7 6929.19 269.286 6659.91 4182.5 298.77 336.998
internal_count=22992 391 22601 10352 332 238 10020 2230 7790 12249 7677 283 7394 4572 343 280
is_linear=0
shrinkage=0.0761716


Tree=177
num_leaves=16
num_cat=0
split_feature=2 3 5 1 1 3 1 2 3 1 9 9 2 1 0
split_gain=3.50067 2.07937 1.08042 0.473658 2.08104 0.853366 0.735427 1.1395 0.50528 0.590567 0.402142 0.175481 0.183901 0.0977495 0.0107871
threshold=-0.99862982478704421 3.3950000000000005 -0.78656609248549303 0.081675638985454754 0.098819223632317002 3.1750000000000003 -0.20931270765420754 -0.97106408147883394 1.905 0.99373737808068319 -4.2523460781253695 -1.0000000180025095e-35 0.99548449742306455 -0.66484924122790601 -0.9159756150367534
decision_type=2 2 2 2 2 2 2 2 2 2 2 2 2 2 2
left_child=1 2 -1 5 -5 6 7 -2 10 -10 -6 13 -13 -7 -8
right_child=3 -3 -4 4 8 11 14 -9 9 -11 -12 12 -14 -15 -16
leaf_value=-0.00038325432043600604 0.00074407547219185329 0.0026371306376763129 -0.0042261210801004985 0.0044088557324515783 -0.007205262373094613 -0.00492205348419759 -0.041399728185294186 0.00036130093425179696 0.0013298802884803237 -0.0041105891767291873 -0.0036729124417895402 -0.0010662994506647422 0.014382883631505076 -0.027771244374186856 -0.028470314259841749
leaf_weight=107.13999426364899 168.34563714265823 255.97110828757286 201.05458346009254 142.88617664575577 107.75450590252876 962.22451564669609 114.48160919547081 5811.0104360580444 8475.7984011471272 774.74715450406075 3167.7338083982468 1247.4864142239094 195.44294232130051 1640.5708433389664 796.05606606602669
leaf_count=72 90 134 204 131 136 1143 162 6869 7041 547 2621 1105 220 1826 859
internal_value=1.94731e-05 0.00593502 0.00157272 -0.000121291 0.000193945 -0.000489304 2.19679e-05 0.000333814 8.61129e-05 0.000376211 -0.000723259 -0.00136712 -0.000656193 -0.0017481 -0.00198631
internal_weight=24168.7 564.166 308.195 23604.5 12668.9 10935.6 6889.89 5979.36 12526 9250.55 3275.49 4045.72 1442.93 2602.8 910.538
internal_count=23160 410 276 22750 10476 12274 7980 6959 10345 7588 2757 4294 1325 2969 1021
is_linear=0
shrinkage=0.0761716


Tree=178
num_leaves=14
num_cat=0
split_feature=2 3 5 3 1 7 3 2 2 2 5 7 8
split_gain=2.71793 2.64821 1.19921 0.699356 0.596495 0.733315 0.600941 0.533132 0.269578 0.358729 0.168142 0.106421 0.273853
threshold=-0.99862982478704421 3.6350000000000002 -0.78656609248549303 4.7350000000000012 -0.99939814596352028 6.0600000000000005 4.6750000000000007 -0.97870382656940669 0.99164058729498161 0.99696424012059681 0.25881904510252091 10.175000000000001 12.620000000000001
decision_type=2 2 2 2 2 2 2 2 2 2 2 2 2
left_child=1 2 -1 4 5 10 7 -6 11 -10 -2 12 -5
right_child=3 -3 -4 8 6 -7 -8 -9 9 -11 -12 -13 -14
leaf_value=-0.00016904159439447416 -0.008811394316869359 0.0020027372647359056 -7.2398263896279063e-05 -0.020897123331222067 -0.0064903677136633215 0.0025767224384846028 0.0030338914489549573 0.00025470512078350487 0.020165513988332454 -0.022924300803373241 0.0073229837448641052 -0.0046132110207396963 0.0048575555352297229
leaf_weight=101.71709612011909 83.624401241540909 169.08501014113426 215.25964790582657 1160.2581861019135 1209.0713431537151 73.050272256135941 161.55920061469078 18771.826798915863 74.882184267044067 149.26644477248192 74.731398403644562 1096.4964460730553 556.58285051584244
leaf_count=72 99 93 224 1234 1152 48 122 18407 99 165 113 754 513
internal_value=0.00010002 0.00572109 0.00146679 -1.60337e-05 0.000143408 0.00396828 9.73579e-05 5.80273e-05 -0.00109489 0.00136776 0.00078614 -0.00130338 -0.00089161
internal_weight=23897.4 486.062 316.977 23411.3 20373.9 231.406 20142.5 19980.9 3037.49 224.149 158.356 2813.34 1716.84
internal_count=23095 389 296 22706 19941 260 19681 19559 2765 264 212 2501 1747
is_linear=0
shrinkage=0.0761716


Tree=179
num_leaves=17
num_cat=0
split_feature=2 4 9 3 1 4 3 9 2 4 5 5 3 7 2 3
split_gain=0.684388 2.54604 0.753569 1.15104 0.761973 1.29047 1.16706 0.541573 1.04267 0.481826 0.478792 0.432913 0.558344 0.290039 0.184906 0.107902
threshold=-0.99271195016773384 1006.35 -5.5650507443494961 1.6650000000000003 -0.99466160899732459 1004.35 1.0550000000000004 -6.4878342901447299 -0.65187484896379921 1011.6500000000002 -0.78656609248549303 0.60355339059327384 0.88500000000000012 5.5000000000000018 0.88201535311751322 3.9150000000000005
decision_type=2 2 2 2 2 2 2 2 2 2 2 2 2 2 2 2
left_child=1 10 3 -2 5 -4 -7 9 -9 -5 -1 12 -6 -3 -13 -12
right_child=2 13 4 7 11 6 -8 8 -10 -11 15 14 -14 -15 -16 -17
leaf_value=0.00013991389228779297 0.004029576651839748 0.010005666620705225 -0.0026656992488353843 -0.01141614870153625 -0.0081654977000424778 -0.022854326024610343 0.0023804494016503863 0.015744353568192943 0.0052575367422693841 0.032257027176254685 -0.043553151980649352 -0.0032547952198668192 0.00019828165160318378 0.0045674078029645723 -0.080704049182392504 0.018794601147734877
leaf_weight=216.24315139651299 84.598832696676254 112.64693474769592 314.25541242957115 370.93609854578972 929.72322553396225 100.47147896885872 281.95524686574936 119.49265751242638 216.38462874293327 77.521379619836807 405.990931391716 3617.220012485981 15159.96346449852 132.78189545869827 1356.6306676268578 80.324141025543213
leaf_count=168 82 86 404 405 741 88 260 126 254 88 459 5046 13519 86 1086 64
internal_value=0.000113746 0.00211614 2.8224e-05 0.00222508 -5.83467e-05 0.00241241 0.0053823 0.00125065 0.00356015 -0.000421453 -0.000182865 -0.000141867 4.83425e-05 0.00874935 -0.000763119 -0.00154864
internal_weight=23577.1 947.987 22629.2 868.934 21760.2 696.682 382.427 784.335 335.877 448.457 702.558 21063.5 16089.7 245.429 4973.85 486.315
internal_count=22962 863 22099 955 21144 752 348 873 380 493 691 20392 14260 172 6132 523
is_linear=0
shrinkage=0.0761716


Tree=180
num_leaves=14
num_cat=0
split_feature=2 9 5 1 4 3 8 7 9 1 1 1 5
split_gain=2.08858 1.50018 1.09414 1.08365 2.30054 0.98788 0.887151 2.36608 1.03936 0.713455 0.965373 0.850381 0.287538
threshold=-0.99862982478704421 0.031331453297173802 -0.60355339059327362 -0.99628894895067444 1009.6500000000002 0.70500000000000007 4.7700000000000022 4.5850000000000017 -6.283432675949558 0.081675638985454754 -0.55601228778889811 0.11593352601052392 0.25881904510252091
decision_type=2 2 2 2 2 2 2 2 2 2 2 2 2
left_child=1 2 -1 4 5 -2 7 8 -5 10 -8 -11 -7
right_child=3 -3 -4 6 -6 12 9 -9 -10 11 -12 -13 -14
leaf_value=0.0024634789341094927 0.0016436951745076398 0.0034347349096277191 -0.0012812500496217172 0.0021177781040386686 0.0012960597328635533 -0.0050314365954374669 0.00057596662402618817 0.030723640115137899 -0.0042208124335525966 0.01460704996598247 -0.011157685260268297 0.00018317822357072884 0.0069682309947099192
leaf_weight=118.63498398661613 86.783099830150604 209.24621587991714 172.6702002286911 182.78422504663467 110.85869508981705 299.19142442941666 5188.303137332201 87.074138849973679 693.05922064185143 274.89918559789658 4403.9069094061852 11891.90887093544 115.0369798541069
leaf_count=71 43 169 159 156 105 303 6198 53 996 264 4527 9846 191
internal_value=0.000229042 0.00508484 0.00859284 0.000122927 0.00327923 0.000985695 3.61555e-05 0.00229606 0.00104577 -6.27069e-05 -0.00055505 0.000322925 -0.000509176
internal_weight=23834.4 500.551 291.305 23333.8 611.87 501.012 22721.9 962.918 875.843 21759 9592.21 12166.8 414.228
internal_count=23081 399 230 22682 642 537 22040 1205 1152 20835 10725 10110 494
is_linear=0
shrinkage=0.0761716


Tree=181
num_leaves=13
num_cat=0
split_feature=2 9 6 3 2 2 8 4 6 9 4 3
split_gain=3.86062 2.04139 1.26462 1.39282 0.571483 0.804142 1.55584 0.60674 0.59172 0.916056 0.531625 0.51464
threshold=-0.99862982478704421 0.52033242607919139 -0.60355339059327384 2.9950000000000006 -0.98208922706762081 -0.97106408147883394 6.1400000000000032 1006.5500000000001 -0.37940952255126015 -5.4425126424393442 1008.1500000000002 4.3550000000000013
decision_type=2 2 2 2 2 2 2 2 2 2 2 2
left_child=1 2 -1 -4 10 6 -6 -8 9 -7 -2 -10
right_child=4 -3 3 -5 5 8 7 -9 11 -11 -12 -13
leaf_value=0.0042588865952695515 -0.012505713261487037 0.0031731057013885326 0.0098473136251182453 -0.008634951437064043 0.0026751545828904103 0.0032453829193218268 -0.011359598834427326 0.0066792070540984847 0.0011706950153732223 0.00038060367089052432 0.0017713128478732149 -0.026714014381249641
leaf_weight=143.53496170043945 915.49969384074211 170.77162349224091 90.79827082157135 78.887530505657196 171.6299723982811 435.22491919994354 282.31039419770241 145.01477515697479 8949.0567178726196 10854.772360801697 114.97545444965363 1597.4549617469311
leaf_count=69 958 137 96 85 132 374 185 85 11641 7587 96 1622
internal_value=0.000390749 0.00710685 0.0107352 0.00583486 0.000250047 0.000331817 0.00308334 0.000526898 0.000254521 0.000638227 -0.00149601 -0.000153336
internal_weight=23949.9 483.992 313.221 169.686 23465.9 22435.5 598.955 427.325 21836.5 11290 1030.48 10546.5
internal_count=23067 387 250 181 22680 21626 402 270 21224 7961 1054 13263
is_linear=0
shrinkage=0.0761716


Tree=182
num_leaves=16
num_cat=0
split_feature=3 9 4 4 9 2 1 3 2 4 2 3 2 8 6
split_gain=0.738334 1.50269 1.61934 2.6909 1.00632 0.498407 1.91134 1.36792 0.545013 0.443355 0.472492 0.361129 0.165165 0.0266211 0.00483734
threshold=0.65500000000000014 1.6514434553178907 1002.7500000000001 1007.4500000000002 -0.55056369567819263 -0.99463397642532658 0.081675638985454754 3.3950000000000005 -0.98208922706762081 1016.1500000000002 0.95989713290459411 3.7550000000000003 0.99370977118463066 10.755000000000003 0.25881904510252057
decision_type=2 2 2 2 2 2 2 2 2 2 2 2 2 2 2
left_child=1 2 -1 -4 -5 6 7 14 -7 10 -10 -9 -11 -3 -2
right_child=5 13 3 4 -6 8 -8 11 9 12 -12 -13 -14 -15 -16
leaf_value=-0.028427791332751931 -0.0023783846917311692 -0.001579423265994881 0.0014895011193341173 0.0072879966969596572 -0.0079432809807146905 -0.025168650383507241 0.0040594389519925909 0.0090167078168619103 0.00046846680642808583 -0.082071909509177948 -0.022182629852008209 0.0029314052050892665 0.0050783272538821563 -0.046793356285694199 -0.0054392461478667857
leaf_weight=123.57083082199097 356.98272028565407 177.6399120092392 108.43563482165337 79.549640566110611 104.97178980708122 608.93487247824669 102.81274282932281 142.01028144359589 18784.796599894762 824.72909027338028 1736.8977762162685 169.15972775220871 282.41219109296799 123.66811081767082 139.55867263674736
leaf_count=109 279 114 62 91 102 646 69 84 18148 891 1715 98 317 97 235
internal_value=0.000166026 0.00256858 0.00553361 0.00861121 0.00272164 8.98649e-05 0.00183408 0.000531176 1.68169e-05 8.16174e-05 0.000163161 0.00449854 -0.00139823 -0.00144106 -0.00190404
internal_weight=23866.1 717.836 416.528 292.957 184.521 23148.3 910.524 807.711 22237.8 21628.8 20521.7 311.17 1107.14 301.308 496.541
internal_count=23057 575 364 255 193 22482 765 696 21717 21071 19863 182 1208 211 514
is_linear=0
shrinkage=0.0761716


Tree=183
num_leaves=17
num_cat=0
split_feature=2 8 6 1 8 6 1 4 7 7 6 4 4 6 6 6
split_gain=0.937549 2.1715 3.59297 0.634494 1.92503 3.18065 1.44533 0.812233 0.533928 0.938593 2.23613 0.828084 0.464154 0.764076 0.593305 0.264743
threshold=-0.99463397642532658 7.580000000000001 -0.60355339059327384 0.98046008095854986 11.065000000000001 -0.9159756150367534 0.98521098335796142 995.45000000000016 6.7750000000000012 6.5900000000000034 -0.5 985.05000000000007 996.75000000000011 -0.78656609248549325 0.1294095225512602 0.1294095225512602
decision_type=2 2 2 2 2 2 2 2 2 2 2 2 2 2 2 2
left_child=1 2 -1 8 5 -5 -6 -7 9 11 -11 -2 13 -10 -14 -3
right_child=3 15 -4 4 6 7 -8 -9 12 10 -12 -13 14 -15 -16 -17
leaf_value=0.0026781447123879064 -0.041072916761639128 -0.0022242727934755099 -0.0044531937039960084 0.018728410948740948 0.001654051790321783 0.031399867227152142 -0.0032490608142969201 -0.0011863253766252007 0.0035270909310915811 0.00062704061359994824 -0.010473125639778256 0.0007943832640812372 -0.0057717063477231304 -0.0025312738397401924 0.00080778950616960802 0.0024183973429148073
leaf_weight=237.2664829492569 740.75433257222176 336.62998375296593 205.76708075404167 165.75191485881805 167.83961620926857 116.43473422527313 1123.380176872015 356.99290362000465 1918.1993218064308 241.21402132511139 270.50675138831139 8613.2560949921608 3376.2790881693363 3679.7159729003906 2116.4234256446362 114.75778976082802
leaf_count=129 1048 183 291 57 121 81 715 303 1215 141 334 9708 2578 3606 2373 168
internal_value=0.000186383 0.00260297 0.00638392 9.02633e-05 0.00141099 0.0048223 -0.000260456 0.00153835 -3.00815e-05 0.000375896 0.00354676 0.000198061 -0.000394041 8.90383e-05 -0.000891849 -0.00105606
internal_weight=23781.2 894.421 443.034 22886.7 1930.4 639.18 1291.22 473.428 20956.3 9865.73 511.721 9354.01 11090.6 5597.92 5492.7 451.388
internal_count=23051 771 420 22280 1277 441 836 384 21003 11231 475 10756 9772 4821 4951 351
is_linear=0
shrinkage=0.0761716


Tree=184
num_leaves=17
num_cat=0
split_feature=4 8 8 5 1 4 2 1 9 9 2 4 6 1 1 2
split_gain=0.665846 1.43383 1.44588 0.93148 1.01923 0.858481 0.645031 0.629549 0.763205 1.78936 0.709574 0.576904 1.33416 0.545064 0.250467 1.37729
threshold=987.55000000000007 7.580000000000001 7.5000000000000027 -0.60355339059327362 0.047320950113892181 1011.5500000000001 -0.99981480381338828 0.51973899919070166 4.0882720261367558 3.5830194194804119 -0.33346877891818688 1004.5500000000001 -0.12940952255126037 0.96900085243778578 -0.85206963063867713 -0.49002866642905923
decision_type=2 2 2 2 2 2 2 2 2 2 2 2 2 2 2 2
left_child=7 2 3 4 -2 -5 -3 14 9 10 -9 12 -8 -13 15 -1
right_child=1 6 -4 5 -6 -7 11 8 -10 -11 -12 13 -14 -15 -16 -17
leaf_value=0.033701877849915428 0.0028547790089263267 0.0084993172630219421 0.0035462265132050136 -3.9619124074689943e-05 -0.0012459478375167383 0.0059823632242188745 0.0025141392099145123 0.0056201943345279967 -0.0035356206442641023 0.012347252284882461 -0.0052535663572554252 -0.003720448011350054 -0.01628161928937534 0.0025851539811385491 -0.026204420961132985 -0.019030512789871942
leaf_weight=85.115763008594513 1247.5338501632214 108.51624953746796 232.80504152178764 3134.3145459294319 405.78500756621361 422.19030332565308 3386.8729921579361 765.21979227662086 846.50987446308136 175.90300846099854 508.12879979610443 6248.6941006779671 3039.3988281488419 1077.0817684531212 1801.5103302896023 540.17031461000443
leaf_count=81 1187 36 164 3443 327 514 2831 563 270 77 359 6247 3213 816 2332 771
internal_value=0.000141976 0.000341396 0.00138896 0.00111721 0.00261299 0.000411543 -6.78986e-05 -0.000666244 0.000226163 0.00129859 0.000270726 -0.000116859 0.000406948 -0.000580593 -0.00152259 -0.000153095
internal_weight=24025.8 19303.2 5442.63 5209.82 1653.32 3556.5 13860.6 4722.56 2295.76 1449.25 1273.35 13752 6426.27 7325.78 2426.8 625.286
internal_count=23231 18778 5635 5471 1514 3957 13143 4453 1269 999 922 13107 6044 7063 3184 852
is_linear=0
shrinkage=0.0761716


Tree=185
num_leaves=17
num_cat=0
split_feature=2 3 0 3 2 2 5 2 2 2 4 5 4 5 2 2
split_gain=1.02559 1.23894 0.411325 0.414515 0.404482 0.899003 0.685316 0.252228 0.197759 0.342618 0.305334 0.289335 0.123053 0.14615 0.0788927 0.144952
threshold=-0.99862982478704421 3.3950000000000005 0.60355339059327384 5.705000000000001 -0.2511900638848194 -0.15855351192338588 1.0000000180025095e-35 -0.9993703818063705 0.88201535311751322 0.53435276464917691 1015.85 0.98296291314453421 996.45000000000016 0.91597561503675362 0.87377473702374975 0.93225468035816128
decision_type=2 2 2 2 2 2 2 2 2 2 2 2 2 2 2 2
left_child=1 7 3 4 6 -6 -2 -1 9 11 -11 -4 13 -10 -5 -16
right_child=2 -3 8 14 5 -7 -8 -9 12 10 -12 -13 -14 -15 15 -17
leaf_value=-0.030829729027275696 -0.0011402199614203689 -0.0002785819946968465 -0.0030497828585092251 -0.016523095579200172 0.00097180124865046806 0.0016619829860695346 0.002171050559685138 0.011613632612677697 0.022430487322300751 0.013789122486760301 -0.11067442830304068 0.011437127921992347 -0.09564042434091323 -0.051065118146507604 0.024768081815057623 -0.042312611945186436
leaf_weight=155.88024020195007 6172.4002749621868 229.62569043040276 2960.853774189949 522.669144064188 605.03047010302544 7857.2041764259338 2099.843876093626 90.609083265066147 171.97665879130363 854.25484958291054 160.37163239717484 392.63993778824806 864.62747666239738 220.49630278348923 118.0608859360218 313.88435706496239
leaf_count=150 4448 134 3785 521 430 8407 1807 94 170 1008 163 649 742 153 134 312
internal_value=6.64879e-05 0.00355562 -3.85331e-06 0.000175229 0.000264944 0.000635665 -0.000110606 -8.14446e-05 -0.000572349 -0.000320326 0.000891024 -0.000696584 -0.00142056 -0.000208057 -0.00136095 -0.000494804
internal_weight=23790.4 476.115 23314.3 17689.1 16734.5 8462.23 8272.24 246.489 5625.22 4368.12 1014.63 3353.49 1257.1 392.473 954.614 431.945
internal_count=23107 378 22729 16059 15092 8837 6255 244 6670 5605 1171 4434 1065 323 967 446
is_linear=0
shrinkage=0.0761716


Tree=186
num_leaves=11
num_cat=0
split_feature=2 1 3 4 4 1 1 7 3 0
split_gain=2.78203 1.18792 2.06988 0.851263 0.623944 0.52355 0.909102 0.459887 0.208197 0.167748
threshold=-0.99981480381338828 -0.99273952934267318 0.84500000000000008 1011.1500000000002 983.75000000000011 0.99166813670569354 0.96683886033945965 7.1899999999999995 5.5750000000000011 -0.9159756150367534
decision_type=2 2 2 2 2 2 2 2 2 2
left_child=-1 2 -2 7 8 6 -6 -4 -3 -7
right_child=1 4 3 -5 5 9 -8 -9 -10 -11
leaf_value=0.0078731308131248946 0.0016921054567983417 -0.0086704516386491032 -5.3377249944453217e-05 0.00019138917277089959 -0.00018370677677078558 0.015886621778854377 0.0025247459021279124 0.0026132953598605067 0.00025340871706502232 -0.0037914921814334352
leaf_weight=196.20338168740273 115.99071651697159 1047.9246074557304 602.38055375218391 76.312144726514816 19401.503293156624 134.41132226586342 1316.4233542382717 71.597312778234482 134.21944352984428 842.19825688004494
leaf_count=131 87 825 713 67 19519 110 873 72 72 652
internal_value=0.000102421 2.59147e-05 0.00279095 0.00125982 -7.77602e-05 1.37762e-05 9.6547e-05 0.000332348 -0.00177997 -0.0017054
internal_weight=23939.2 23743 866.281 750.29 22876.7 21694.5 20717.9 673.978 1182.14 976.61
internal_count=23121 22990 939 852 22051 21154 20392 785 897 762
is_linear=0
shrinkage=0.0761716


Tree=187
num_leaves=15
num_cat=0
split_feature=2 5 3 3 9 9 8 9 3 9 9 3 1 4
split_gain=3.06379 1.93282 1.44309 0.458244 1.48424 3.15342 0.72364 0.436715 1.40736 0.703417 0.568614 0.600008 0.505549 0.0240495
threshold=-0.99862982478704421 -0.60355339059327362 3.6350000000000002 0.65500000000000014 -0.48393428582746972 -1.3112940065477507 7.075000000000002 -5.5650507443494961 1.6450000000000002 -6.4878342901447299 -0.74022479331871682 1.0550000000000004 -0.69016699705532225 1003.7500000000001
decision_type=2 2 2 2 2 2 2 2 2 2 2 2 2 2
left_child=1 -1 -3 4 5 -2 -6 8 -5 -10 12 -12 -9 -8
right_child=3 2 -4 7 6 -7 13 10 9 -11 11 -13 -14 -15
leaf_value=0.0038311621737675255 -0.024313980676230501 -0.025886151148852347 0.0072734219461526861 0.003005310160528732 0.0011439714958533635 0.0047904605805838907 -0.017974022026626187 0.0013801485874517206 -0.0032571843978031361 0.004653227188620445 -0.0075028736027729828 0.00039086476093776266 -0.0029639120883147474 -0.0094622433376962394
leaf_weight=181.81922161579132 91.730353027582169 205.94539612531662 146.78761595487595 83.036475747823715 131.80520889163017 90.196441173553467 128.60773122310638 2143.7745280563831 479.50514549016953 365.16160377860069 903.08800798654556 13251.010638564825 5505.4622924923897 281.5854856967926
leaf_count=108 101 194 76 86 102 77 104 2902 518 401 760 11561 5907 196
internal_value=0.00012613 0.00581273 0.00237478 -2.83177e-06 0.00187856 0.00777609 -7.40845e-05 -6.43522e-05 0.001549 0.00056331 -0.000134625 0.000149545 -0.000664393 -0.00171042
internal_weight=23989.5 534.552 352.733 23455 723.925 181.927 541.998 22731 927.703 844.667 21803.3 14154.1 7649.24 410.193
internal_count=23093 378 270 22715 580 178 402 22135 1005 919 21130 12321 8809 300
is_linear=0
shrinkage=0.0761716


Tree=188
num_leaves=17
num_cat=0
split_feature=2 3 9 4 0 9 2 2 2 2 7 3 4 3 6 4
split_gain=1.17175 1.34321 0.726345 1.2395 1.43298 2.45196 0.474122 1.07587 1.3535 0.354388 0.192562 0.161771 0.0649212 0.0514885 0.0710733 0.0419352
threshold=-0.99862982478704421 3.3950000000000005 -5.5650507443494961 997.1500000000002 1.0000000180025095e-35 -7.4815426214084342 -0.97870382656940669 -0.97106408147883394 -0.97502841500522164 -0.86092912513210462 7.9050000000000002 2.3950000000000005 986.55000000000007 3.9150000000000005 0.78656609248549303 1011.6500000000002
decision_type=2 2 2 2 2 2 2 2 2 2 2 2 2 2 2 2
left_child=1 10 3 11 5 -5 13 8 -8 -9 -1 -2 -13 14 -4 -6
right_child=2 -3 6 4 15 -7 7 9 -10 -11 -12 12 -14 -15 -16 -17
leaf_value=-0.0086539284655888712 0.003614456169209251 0.0035588645493879472 -0.011611419143067079 -8.0889903219292155e-05 -0.0030123045167011623 0.0024768810794617716 -0.0010206274573939041 -0.0010362525356306823 -0.0039933639028148704 -0.00026877875010618995 0.0035258509037762805 0.015973598362017141 -0.025120887645466824 0.0071983819754685872 -0.0033654370381043484 0.027872338505830173
leaf_weight=176.99844825267792 74.744915038347244 258.98148941993713 973.63349342346191 119.88503235578537 87.602993488311768 175.79724484682083 195.8187472820282 2275.8548843562603 191.42970475554466 18659.397167563438 87.599265277385712 74.788980066776276 286.53393307328224 90.37078845500946 125.71041360497475 86.011436372995377
leaf_count=216 96 136 831 108 84 155 130 2126 117 18211 43 115 326 94 226 101
internal_value=-7.61557e-05 0.00347523 -0.000157307 0.00195086 0.00466678 0.00787625 -0.000243715 -0.000159412 0.00379943 -0.000234641 -0.000236272 -0.000912216 -0.00162932 -0.00172443 -0.00186776 -0.00066129
internal_weight=23941.2 523.579 23417.6 905.365 469.297 295.682 22512.2 21322.5 387.248 20935.3 264.598 436.068 361.323 1189.71 1099.34 173.614
internal_count=23115 395 22720 985 448 263 21735 20584 247 20337 259 537 441 1151 1057 185
is_linear=0
shrinkage=0.0761716


Tree=189
num_leaves=16
num_cat=0
split_feature=2 5 1 3 5 9 5 1 1 7 4 2 9 4 8
split_gain=1.96316 1.65969 0.953122 1.20611 0.583184 0.480039 0.419693 0.42222 0.917312 0.419434 0.366008 0.229334 0.192603 0.0494901 0.00360016
threshold=-0.99862982478704421 -0.37940952255126059 -0.99762106698677366 1.0850000000000002 0.25881904510252091 0.73996416278981247 0.60355339059327384 -0.86958133671945925 -0.65189295912203338 4.6500000000000012 1014.1500000000002 0.95989713290459411 0.20199453563677319 1017.35 6.0150000000000015
decision_type=2 2 2 2 2 2 2 2 2 2 2 2 2 2 2
left_child=1 -1 3 -2 14 -6 7 10 -9 -3 -4 12 -8 -13 -5
right_child=2 9 6 4 5 -7 11 8 -10 -11 -12 13 -14 -15 -16
leaf_value=0.0035628355433013157 0.0024049370204030336 0.0014802308558757109 -0.00090431847419023296 -0.0025210771879056472 0.0070761841268842281 -0.0042081480970150636 -0.010067616834067523 0.0061501811020866657 0.00011690281049208688 -0.017589656726624704 0.021014789394904566 -0.085172199723668032 0.0024955669408925157 -0.041591355550762737 -0.0067675699906640258
leaf_weight=258.16487005352974 145.59949094057083 115.65521228313446 1854.4622830748558 73.960626274347305 77.06673789024353 64.299675405025482 2395.1177373826504 1790.3967499732971 14225.469068199396 151.40253162384033 70.545990169048309 681.61602386832237 2007.5117456316948 120.02836042642593 133.51351109147072
leaf_count=156 98 120 2321 101 115 70 3354 1863 11467 130 109 503 2474 115 147
internal_value=0.000207457 0.00480205 0.000103485 0.00340353 0.000849634 0.004632 3.12261e-05 0.00020721 0.000336754 0.000451305 -0.000853273 -0.000569232 -0.000344037 -0.00176155 -0.00160696
internal_weight=24164.8 525.223 23639.6 494.44 348.841 141.366 23145.1 17940.9 16015.9 267.058 1925.01 5204.27 4402.63 801.644 207.474
internal_count=23143 406 22737 531 433 185 22206 15760 13330 250 2430 6446 5828 618 248
is_linear=0
shrinkage=0.0761716


Tree=190
num_leaves=17
num_cat=0
split_feature=2 3 1 1 9 4 4 8 1 4 8 8 1 7 1 4
split_gain=1.38022 1.50228 0.590782 2.21979 2.55569 0.802046 2.44234 3.7498 1.26221 0.51948 0.481933 1.82865 0.453934 0.388705 0.277115 0.0383338
threshold=-0.99862982478704421 3.3350000000000004 0.081675638985454754 0.11593352601052392 -1.4348606115594718 1000.7500000000001 1003.5500000000001 6.2500000000000027 -0.54883787585413535 1015.0500000000001 9.9000000000000021 10.240000000000002 0.99373737808068319 7.6400000000000023 -0.85206963063867713 1016.35
decision_type=2 2 2 2 2 2 2 2 2 2 2 2 2 2 2 2
left_child=1 13 5 4 -4 10 7 -7 -8 12 14 -12 -5 -1 -2 -11
right_child=2 -3 3 9 -6 6 8 -9 -10 15 11 -13 -14 -15 -16 -17
leaf_value=-0.031866400836410527 -0.008699663735433948 -0.0016424125773435655 -0.027674176571613997 0.00084333720532563474 0.033394728230631124 0.012642151113761557 0.0024526778599281958 -0.0012677800712410955 -0.01004299504234394 -0.030407132132220009 0.059099968995165758 -0.011620473524813499 -0.0019203304421756291 0.0029858944089075361 -0.058304261827712138 -0.13178952359359
leaf_weight=173.21575471758842 1465.1425103843212 253.0253441631794 121.85479688644409 10736.729566395283 148.63095358014107 174.73679310083389 3271.2536656856537 356.94499045610428 2338.8561249375343 227.94149017333984 83.232806384563446 1384.8959347307682 898.72659534215927 101.3108614385128 1772.663479924202 444.99136197566986
leaf_count=207 2045 141 123 8722 138 117 3609 225 2198 258 89 1467 642 56 2444 494
internal_value=0.000182765 0.00402656 9.43913e-05 0.000450592 0.00724485 -0.000315785 0.000253428 0.0051755 -0.000209881 0.000297098 -0.00106501 5.93918e-05 0.000418418 0 -0.00158409 -0.00174728
internal_weight=23954.2 527.552 23426.6 12578.9 270.486 10847.7 6141.79 531.682 5610.11 12308.4 4705.93 1468.13 11635.5 274.527 3237.81 672.933
internal_count=22975 404 22571 10377 261 12194 6149 342 5807 10116 6045 1556 9364 263 4489 752
is_linear=0
shrinkage=0.0761716


Tree=191
num_leaves=15
num_cat=0
split_feature=2 8 0 1 4 9 0 4 2 1 4 1 8 6
split_gain=1.41559 1.81174 0.69179 0.394072 0.824502 0.378685 0.28862 0.518514 0.715753 0.453965 0.944617 0.318929 0.239086 0.0557076
threshold=-0.99862982478704421 7.1250000000000009 -0.37940952255126015 -0.99865756837029884 1006.35 -2.0551032708216748 -0.37940952255126015 988.6500000000002 -0.97106408147883394 0.081675638985454754 984.75000000000011 -0.30081702196488969 12.585000000000003 -0.5
decision_type=2 2 2 2 2 2 2 2 2 2 2 2 2 2
left_child=1 5 -3 4 13 -1 7 12 -9 11 -11 -8 -5 -2
right_child=3 2 -4 6 -6 -7 9 8 -10 10 -12 -13 -14 -15
leaf_value=0.0031604329026998557 -0.0011424818709810834 0.0031457881490601935 -0.0043394485863609512 -0.0083357987560031873 0.0020349247869960187 0.002335461551029479 -0.00066067777558792681 0.00055584821092478952 0.000932294193734839 0.00067873366351840119 -0.00086664086564344365 -0.031384300344407631 -0.00089008501655566427 0.0069565240458594399
leaf_weight=94.777189046144485 107.40670371055603 135.22839942574501 220.59071969985962 1550.619776070118 157.88609889149666 81.105963110923767 5203.6775634884834 415.51080718636513 5538.4042845070362 524.08346974849701 7348.6406600177288 1700.0910038948059 772.13386896252632 91.351930737495422
leaf_count=94 85 89 149 1776 149 78 5891 279 5828 339 6138 1654 432 155
internal_value=-5.06125e-06 0.00386934 0.000627048 -9.48559e-05 0.00240304 0.0101389 -0.000135148 0.000222656 0.000602062 -0.00033768 5.4005e-05 -0.000788699 -0.000735988 -0.000727823
internal_weight=23941.5 531.702 355.819 23409.8 356.645 175.883 23053.2 8276.67 5953.92 14776.5 7872.72 6903.77 2322.75 198.759
internal_count=23136 410 238 22726 389 172 22337 8315 6107 14022 6477 7545 2208 240
is_linear=0
shrinkage=0.0761716


Tree=192
num_leaves=15
num_cat=0
split_feature=2 9 9 4 3 8 5 2 1 1 6 4 2 5
split_gain=1.49153 2.49919 1.87237 0.518622 0.502716 3.7551 2.97315 0.366887 0.358518 0.40326 0.126168 0.0876342 0.187111 0.004164
threshold=-0.99862982478704421 -0.74022479331871682 -3.2018608784093998 1004.1500000000002 0.70500000000000007 7.330000000000001 -0.37940952255126059 -0.98208922706762081 0.99699193743116299 0.081675638985454754 0.25881904510252057 1006.35 -0.99463397642532658 0.78656609248549325
decision_type=2 2 2 2 2 2 2 2 2 2 2 2 2 2
left_child=1 2 -1 -3 5 6 -2 11 9 -9 -10 13 -13 -6
right_child=4 3 -4 -5 7 -7 -8 8 10 -11 -12 12 -14 -15
leaf_value=0.015693624056451753 0.002074760592456296 -0.034347157266225066 0.00034004558171022017 0.0067912058189683383 -0.008164729763161422 -0.0061138453040428999 0.00075034503685072671 -0.0005260158294698279 -0.002845823576563271 0.00061058947238425826 0.0013084079151392603 0.0016366638926243852 -0.039947209732575754 -0.006016354614917281
leaf_weight=73.743516266345978 121.10199069976807 181.97689738869667 75.306938976049423 183.89574310183525 609.2610570192337 484.2359171807766 155.06245467066765 9903.2751722931862 531.11075079441071 11231.192562133074 128.33869662880898 128.55955576896667 156.94204097986221 78.782845795154572
leaf_count=68 91 141 107 86 613 426 151 11285 273 9315 170 91 153 150
internal_value=0.000141464 0.0041862 0.0124122 0.000680052 5.11164e-05 0.00197428 0.00903537 -1.19825e-05 5.13445e-05 0.000107408 -0.00169096 -0.00145762 -0.000205481 -0.00192897
internal_weight=24042.8 514.923 149.05 365.873 23527.9 760.4 276.164 22767.5 21793.9 21134.5 659.449 973.545 285.502 688.044
internal_count=23120 402 175 227 22718 668 242 22050 21043 20600 443 1007 244 763
is_linear=0
shrinkage=0.0761716


Tree=193
num_leaves=14
num_cat=0
split_feature=2 3 1 1 8 8 1 1 7 1 4 7 3
split_gain=1.19515 2.37405 0.50367 1.02088 1.49339 1.82816 1.50587 0.428512 0.515259 0.433977 0.192034 0.0984722 0.0201464
threshold=-0.99862982478704421 3.3350000000000004 0.99373737808068319 0.96683886033945965 11.705000000000004 10.310000000000002 0.97310932590074095 0.92591620288614507 12.590000000000003 0.081675638985454754 984.35000000000002 5.5600000000000014 1.9750000000000003
decision_type=2 2 2 2 2 2 2 2 2 2 2 2 2
left_child=1 11 3 7 5 -5 -6 9 -9 -2 -4 -1 -12
right_child=2 -3 10 4 6 -7 -8 8 -10 -11 12 -13 -14
leaf_value=0.011830138830188417 -0.00020106416613920706 0.0023888715506791541 0.0027174895420886574 -0.0032539152315977701 0.0063165128844138883 0.010951865154348967 -0.023820397628118193 -0.0079956340748060795 0.00047973707347675901 0.0019826935943533194 -0.00094046568970486096 -0.0020265071441650001 -0.003797035341728663
leaf_weight=87.051820874214172 10963.559091836214 226.66405990719795 123.80657082796097 265.00312533974648 150.34678265452385 458.33641910552979 620.80459007620811 966.90277856588364 217.82509529590607 8813.3808372616768 161.0485936999321 166.02187523245811 671.50992241501808
leaf_count=119 12241 141 44 203 79 272 418 785 87 7833 144 128 491
internal_value=0.00028645 0.00404217 0.000207674 0.000281827 0.00220478 0.00468467 -8.97161e-05 0.000142955 -0.00125839 0.000228651 -0.00149657 -0.000923753 -0.00192677
internal_weight=23892.3 479.738 23412.5 22456.2 1494.49 723.34 771.151 20961.7 1184.73 19776.9 956.365 253.074 832.559
internal_count=22985 388 22597 21918 972 475 497 20946 872 20074 679 247 635
is_linear=0
shrinkage=0.0761716


Tree=194
num_leaves=15
num_cat=0
split_feature=2 3 1 4 9 8 2 2 4 8 8 5 9 6
split_gain=2.30588 2.52259 0.350134 0.969972 0.553506 0.305132 1.12951 1.19118 0.702252 0.553033 0.513174 0.288303 0.113006 0.0691318
threshold=-0.99862982478704421 3.3950000000000005 -0.99762106698677366 1007.2500000000001 0.61104638573001868 8.5900000000000034 -0.8038981836306559 -0.86092912513210462 986.25000000000011 7.4300000000000024 8.6850000000000005 -0.78656609248549303 -4.2523460781253695 0.25881904510252057
decision_type=2 2 2 2 2 2 2 2 2 2 2 2 2 2
left_child=1 11 3 13 -5 8 7 -7 12 -10 -8 -1 -4 -2
right_child=2 -3 5 4 -6 6 10 -9 9 -11 -12 -13 -14 -15
leaf_value=-0.0021020604676785697 -0.024076073190864689 0.0027637673776872295 -0.0069489223225536537 0.00074536589695745753 0.0016367043792320938 0.00073349405014713331 0.030244301446576985 0.015631251167613023 0.00096975958611187621 -0.0014536554967729757 -0.00026727722121739191 -0.027915867489308438 -0.032138203331985027 0.0067253405067017004
leaf_weight=117.70269080996513 198.24880772829056 244.83540216088295 212.62571835517883 98.147257447242737 127.46370577812195 529.47276958823204 139.26731422543526 241.86511838436127 5204.4230314195156 3064.2869527935982 12308.809996545315 173.17577660083771 1323.6586476862431 72.355511128902435
leaf_count=76 212 135 309 116 79 452 128 95 5632 2749 11240 188 1663 126
internal_value=5.4287e-05 0.00498298 -5.72348e-05 0.00193572 0.00561384 -0.000101778 0.000135242 0.00295876 -0.000424467 -0.000142248 -3.78467e-05 6.31831e-05 -0.00192006 -0.00104324
internal_weight=24056.3 535.714 23520.6 496.215 225.611 23024.4 13219.4 771.338 9804.99 8268.71 12448.1 290.878 1536.28 270.604
internal_count=23200 399 22801 533 195 22268 11915 547 10353 8381 11368 264 1972 338
is_linear=0
shrinkage=0.0761716


Tree=195
num_leaves=15
num_cat=0
split_feature=1 7 0 4 3 3 9 5 4 1 9 5 3 7
split_gain=0.886476 1.54528 0.565608 0.707289 0.605493 2.14311 1.01351 0.544714 0.416359 1.75586 0.515962 0.341445 0.285107 0.0076035
threshold=-0.99865756837029884 6.6200000000000037 -0.37940952255126015 983.1500000000002 3.1350000000000002 3.8550000000000004 -4.1734362963032288 0.37940952255126054 983.95000000000016 0.90149333598846393 5.1333584180913023 1.0000000180025095e-35 2.9350000000000005 5.9400000000000004
decision_type=2 2 2 2 2 2 2 2 2 2 2 2 2 2
left_child=1 7 3 -2 6 -6 -5 -1 9 12 11 -10 -4 -12
right_child=2 -3 8 4 5 -7 -8 -9 10 -11 13 -13 -14 -15
leaf_value=-0.036517202245408935 -0.010703749501366738 0.0037692168723827846 0.00064101147235693431 0.0029889964368129711 0.0026524743122029893 -0.00082888359854042977 -0.00035293327844596007 0.006213060648661865 -0.00094139180425513078 0.011196269819252421 -0.021846306809315819 -0.00022237163036426303 -0.01017948038577752 -0.007764186565891216
leaf_weight=160.53725630044937 545.25650945305824 96.26533454656601 86.026913702487946 520.30001193284988 1017.9353089332581 1464.525145471096 5127.3530802726746 93.504240363836288 3635.7119175493717 189.49679616093636 144.37116420269012 9567.1525295078754 332.79717865586281 924.619000852108
leaf_count=190 324 62 107 630 938 1504 5151 146 2545 69 140 10440 355 484
internal_value=-8.61871e-06 0.00377783 -6.67067e-05 0.000420407 0.000601795 0.00159399 0.000159555 0.000495626 -0.000352827 0.00158324 -0.000437838 -0.000304503 -0.00111175 -0.00205029
internal_weight=23905.9 350.307 23555.5 8675.37 8130.11 2482.46 5647.65 254.041 14880.2 608.321 14271.9 13202.9 418.824 1068.99
internal_count=23085 398 22687 8547 8223 2442 5781 336 14140 531 13609 12985 462 624
is_linear=0
shrinkage=0.0761716


Tree=196
num_leaves=16
num_cat=0
split_feature=2 3 1 4 3 3 2 9 4 8 7 9 8 8 0
split_gain=1.66197 2.05468 0.47078 0.676346 1.47211 1.76424 0.6627 0.982675 0.641868 0.778909 2.67346 0.63815 0.397935 0.28877 0.194106
threshold=-0.99862982478704421 3.3950000000000005 0.064507852084056461 985.95000000000016 4.1550000000000011 3.5150000000000001 0.46735921715800216 -4.2523460781253695 986.25000000000011 4.8449999999999998 4.089999999999999 5.3072922755721317 7.5450000000000008 14.435000000000002 -0.60355339059327384
decision_type=2 2 2 2 2 2 2 2 2 2 2 2 2 2 2
left_child=1 14 8 4 5 -4 11 -8 -2 10 -10 -5 -11 -6 -1
right_child=2 -3 3 6 13 -7 7 -9 9 12 -12 -13 -14 -15 -16
leaf_value=0.0054764749231970156 -0.013730515094996858 0.002328605450170421 -0.00029353940161779609 -0.00095924488935489869 -0.0010983760031891849 0.010002501952194846 0.010545774407979946 0.005703908460999183 -0.00013807424461267568 0.0009675987671542368 0.019322267017167886 0.00015800434757351923 -0.0023572233185574468 0.0012599139345261842 -0.024292730806013289
leaf_weight=99.611762791872025 1155.3682768046856 225.0551323890686 939.87376284599304 6417.9467036724091 534.71775424480438 333.965421885252 213.04870596528053 3492.2841502428055 484.36267447471619 3612.2572726011276 126.96293747425079 669.64943206310272 5418.2460358440876 241.81623175740242 161.86246231198311
leaf_count=85 1543 124 692 5022 280 227 237 3737 606 3981 136 329 5841 95 167
internal_value=6.79041e-05 0.00446189 -2.17332e-05 0.000288505 0.00155616 0.0031532 4.44417e-05 0.000872147 -0.000393633 -0.000186488 0.00243178 -0.000384047 -0.000367906 -0.00102553 -2.73624e-05
internal_weight=24127 486.529 23640.5 12843.3 2050.37 1273.84 10792.9 3705.33 10797.2 9641.83 611.326 7087.6 9030.5 776.534 261.474
internal_count=23102 376 22726 10619 1294 919 9325 3974 12107 10564 742 5351 9822 375 252
is_linear=0
shrinkage=0.0761716


Tree=197
num_leaves=10
num_cat=0
split_feature=1 9 4 4 7 0 6 4 7
split_gain=0.569616 1.17507 0.422257 0.616485 2.14271 0.50378 0.81617 0.3689 0.227208
threshold=-0.99939814596352028 1.3059033789241516 983.1500000000002 983.95000000000016 8.7900000000000027 -0.5 -0.12940952255126037 1016.5500000000001 14.350000000000001
decision_type=2 2 2 2 2 2 2 2 2
left_child=1 -1 8 4 -4 6 -5 -7 -2
right_child=2 -3 3 5 -6 7 -8 -9 -10
leaf_value=0.010991306535101381 -0.00097399528668486808 -0.0048456843480295386 -0.015710617679757861 0.0024383956930730034 -0.0057773281594572252 -0.00026450636633291606 -0.00047039781988745513 -0.098255872111468329 0.0011639442909255348
leaf_weight=124.6923032104969 699.8800942003727 117.22973185777664 250.58685091137886 2140.5397866368294 219.00555223226547 14919.581901162863 4280.8002926409245 796.88492783904076 123.00972455739975
leaf_count=155 597 105 304 1733 100 13616 5505 846 29
internal_value=4.40282e-05 0.00369963 4.50338e-06 6.76207e-05 0.00279047 8.0991e-06 0.000577782 -0.000222734 -0.00168593
internal_weight=23672.2 241.922 23430.3 22607.4 469.592 22137.8 6421.34 15716.5 822.89
internal_count=22990 260 22730 22104 404 21700 7238 14462 626
is_linear=0
shrinkage=0.0761716


Tree=198
num_leaves=17
num_cat=0
split_feature=2 9 6 6 7 8 1 7 5 9 8 2 6 3 1 1
split_gain=1.43523 0.846432 1.29593 2.0727 0.391504 0.727954 1.48152 0.500869 0.806403 0.458191 0.385556 0.28125 0.119119 0.170467 0.115195 0.1051
threshold=-0.99463397642532658 1.0927917759286905 -0.12940952255126037 -0.78656609248549325 3.7700000000000018 4.7700000000000022 -0.74981945761428159 3.895 0.25881904510252091 -2.3363423426244636 5.6100000000000021 0.20931464596304869 -0.5 4.7650000000000006 0.030120025924939415 -0.5416228050394748
decision_type=2 2 2 2 2 2 2 2 2 2 2 2 2 2 2 2
left_child=1 2 3 -1 11 6 9 8 -7 -6 -9 12 -2 -14 -4 -13
right_child=4 -3 14 -5 5 7 -8 10 -10 -11 -12 15 13 -15 -16 -17
leaf_value=-0.0038723777429831041 -0.0012723228737077294 -0.01574548020128139 -0.0011536059212094707 0.0037279025649657022 0.027495269205527566 0.018189726516161117 -0.0011207131886041494 -0.0082274095822823974 -0.0034124483456147181 0.0178706071478963 -0.00046341458129152652 0.013881428434623892 -0.011925715829135115 0.038271216056719827 0.0042254448797555445 -0.0078395969320743664
leaf_weight=286.84782546758652 955.66822266578674 212.24884793162346 150.05476880073547 235.1046716272831 68.544260233640671 76.656180441379547 175.48910838365555 713.92021849751472 122.40735131502151 62.775442481040955 19468.30297601223 298.75231474637985 994.3402561545372 49.327976495027542 73.668330669403076 147.95166775584221
leaf_count=127 861 177 223 153 83 81 184 800 152 89 17731 419 1738 83 116 179
internal_value=-0.000124359 0.00275775 0.00397341 0.00605008 -0.000245376 -0.00013584 0.0035244 -0.000192958 0.0035726 0.00957266 -0.000232147 -0.00115781 -0.00154754 -0.000927494 -0.000748861 0.000515803
internal_weight=24092.1 957.924 745.676 521.952 23134.1 20688.1 306.809 20381.3 199.064 131.32 20182.2 2446.04 1999.34 1043.67 223.723 446.704
internal_count=23196 796 619 280 22400 19120 356 18764 233 172 18531 3280 2682 1821 339 598
is_linear=0
shrinkage=0.0761716


Tree=199
num_leaves=15
num_cat=0
split_feature=9 1 7 2 8 9 3 4 1 1 6 2 1 7
split_gain=0.842871 0.694669 1.53182 0.605296 1.5067 0.536739 2.21209 0.542223 0.37232 0.701989 0.311002 0.101508 0.49304 0.00113385
threshold=4.1841448410849909 -0.99939814596352028 5.2999999999999998 -0.99862982478704421 7.1250000000000009 0.38724334125376819 3.7750000000000004 985.45000000000016 0.98046008095854986 0.98930504265984687 -0.5 0.63207999751838673 0.63209755774300602 6.1600000000000028
decision_type=2 2 2 2 2 2 2 2 2 2 2 2 2 2
left_child=1 2 -1 4 -3 7 -7 -5 11 -10 -6 -2 13 -13
right_child=8 3 -4 5 10 6 -8 -9 9 -11 -12 12 -14 -15
leaf_value=-0.0043796660300105365 -0.0092793433340793274 0.00042454030264902357 0.010780776118505328 -0.01738906829275895 -0.016648260446296578 -0.00055600498928174921 0.012610337347553095 -0.0003972808734592753 -1.1074320221286915e-06 -0.0039219616940856005 0.0045896264154472012 -0.055245216005807569 0.024396896114809344 -0.024369968646006115
leaf_weight=124.03197526931763 1486.8531919717789 158.57528951764107 71.291155874729156 997.67270570993423 209.10601270198822 6659.2067086100578 1725.4381785392761 11050.974251389503 265.23192963004112 308.29805600643158 127.39340129494667 93.33641129732132 105.81649997830391 408.13592037558556
leaf_count=171 768 157 59 1284 83 5971 1455 12015 124 140 154 99 113 369
internal_value=-0.000155863 3.85763e-06 0.00449369 -3.71614e-05 0.00258447 -0.000102562 0.000363337 -0.000429382 -0.00143094 0.000239905 -0.000225841 -0.00190314 -0.000972245 -0.002011
internal_weight=23791.4 21123.7 195.323 20928.4 495.075 20433.3 8384.64 12048.6 2667.67 573.53 336.499 2094.14 607.289 501.472
internal_count=22962 21349 230 21119 394 20725 7426 13299 1613 264 237 1349 581 468
is_linear=0
shrinkage=0.0761716


Tree=200
num_leaves=12
num_cat=0
split_feature=2 6 1 1 4 3 3 0 6 4 0
split_gain=1.20012 0.443518 0.788938 0.674173 0.968737 0.457815 0.342623 1.16518 0.551007 0.142101 0.106165
threshold=-0.99981480381338828 -0.9159756150367534 0.98521098335796142 0.92263100495486405 1000.1500000000002 4.5450000000000008 3.4350000000000005 -0.5 1.0000000180025095e-35 980.95000000000016 0.91597561503675351
decision_type=2 2 2 2 2 2 2 2 2 2 2
left_child=-1 2 3 4 -2 6 8 -8 -3 -7 -11
right_child=1 5 -4 -5 -6 9 7 -9 -10 10 -12
leaf_value=0.0041304517982024948 0.0071811787778777621 -0.00096070569663944823 0.0003561567436897336 -0.0070449221361264637 -0.0019995297433095635 0.0018174061374004193 0.0071844176092919461 -0.00062734539945522982 0.0013787252708811913 -0.010867438848064351 -0.0015065024705512287
leaf_weight=232.64924079179764 1660.2778973579407 6797.1858620643616 462.81169354915619 556.52132713794708 2017.9265631735325 119.28328683972359 967.25467440485954 2394.8173905313015 6182.5895836353302 2224.9716606140137 400.47709122300148
leaf_count=142 1277 5705 144 197 1249 36 1001 2308 8604 2130 411
internal_value=-3.62448e-05 -9.11031e-05 0.000569659 0.00023434 0.000615249 -0.000255425 -0.000100357 0.000581627 -0.000279503 -0.00116625 -0.00128936
internal_weight=24016.8 23784.1 4697.54 4234.73 3678.2 19086.6 16341.8 3362.07 12979.8 2744.73 2625.45
internal_count=23204 23062 2867 2723 2526 20195 17618 3309 14309 2577 2541
is_linear=0
shrinkage=0.0761716


Tree=201
num_leaves=17
num_cat=0
split_feature=2 5 0 1 9 2 4 4 7 0 3 7 1 9 0 1
split_gain=1.29186 1.57083 0.51987 0.642231 1.1831 1.02749 0.482973 1.01211 0.202392 0.207132 0.187493 0.183433 0.127315 0.103544 0.0493581 0.152361
threshold=-0.99862982478704421 -0.37940952255126059 0.60355339059327384 0.96683886033945965 5.3072922755721317 0.20088311396693925 983.55000000000007 983.95000000000016 6.1600000000000028 0.78656609248549303 5.4850000000000012 1.76 -0.82391537601316178 1.0000000180025095e-35 0.78656609248549303 0.63209755774300602
decision_type=2 2 2 2 2 2 2 2 2 2 2 2 2 2 2 2
left_child=1 -1 3 6 5 -5 10 -8 9 12 -2 -11 -4 -3 15 -10
right_child=2 13 8 4 -6 -7 7 -9 14 11 -12 -13 -14 -15 -16 -17
leaf_value=0.0018956743516064015 -0.0074611268725221563 -0.00026836570237574937 0.0020426494069084697 -0.0010077768452732346 0.0012489702845256074 0.026867353051463892 0.0014203797417984031 -2.2940801424895967e-05 0.0027343127965014091 -0.0035715836168399803 0.0013083434790000419 0.0028375645538122004 -0.0027727051980345504 0.00083898456188944749 -0.024723133345333274 -0.0065355119925652964
leaf_weight=274.05168354511261 781.40192100405693 138.91816824674606 200.42314124107361 1520.4184730350971 437.41717880964279 143.46614933013916 173.61029124259949 14506.763132482767 546.03460171818733 265.76072332262993 144.11020177602768 2173.1807995736599 603.39157116413116 96.837810397148132 1415.1341854333878 425.2816002368927
leaf_count=162 609 135 281 896 163 135 153 13994 606 347 65 2991 642 97 1343 380
internal_value=3.74021e-05 0.00382049 -4.43628e-05 0.000156929 0.00140624 0.000455569 -9.51419e-06 9.50062e-05 -0.000682849 -0.00027804 -0.00169624 5.96429e-05 -0.00133794 -0.000620217 -0.00121885 -0.000732238
internal_weight=23846.2 509.808 23336.4 17707.2 2101.3 1663.88 15605.9 14680.4 5629.21 3242.76 925.512 2438.94 803.815 235.756 2386.45 971.316
internal_count=22999 394 22605 16015 1194 1031 14821 14147 6590 4261 674 3338 923 232 2329 986
is_linear=0
shrinkage=0.0761716


Tree=202
num_leaves=17
num_cat=0
split_feature=2 8 2 8 6 3 6 9 3 1 5 9 1 2 1 6
split_gain=1.22985 0.826582 1.19757 2.44936 2.07394 1.00258 1.64643 0.712203 0.684185 0.615297 0.344998 0.336863 0.154246 0.506619 0.135011 0.131782
threshold=-0.99981480381338828 6.330000000000001 -0.96227343267549392 5.6100000000000021 -0.70710678118654757 2.9350000000000005 -0.70710678118654757 -2.580293026141907 0.96500000000000008 -0.99466160899732459 -0.70710678118654735 -5.0010995401060816 0.2843565540399125 0.48250774176121808 -0.96230016621822456 0.37940952255126048
decision_type=2 2 2 2 2 2 2 2 2 2 2 2 2 2 2 2
left_child=-1 2 3 11 -5 6 -4 12 15 -10 -7 -2 14 -14 -3 -9
right_child=1 7 5 4 -6 10 -8 8 9 -11 -12 -13 13 -15 -16 -17
leaf_value=0.0037170335356625029 9.469324063747854e-05 0.0041398977815801851 0.0010806799725245184 0.013472184866669552 0.0018215594907058006 -5.5806350857716809e-05 9.5002496167729545e-06 -0.0043728222215780304 0.0022494767066430972 0.00032552361858414482 -0.0098783450059619134 -0.0064903522056719903 -0.017768908628003899 0.0067915886831954207 -0.012381663629452977 0.00063988938075025038
leaf_weight=219.06189522147179 71.773761987686157 153.72253969311714 563.36663207411766 136.62282902002335 137.52426174283028 176.07090249657631 1308.4287859201431 1054.5577309429646 275.83152881264687 15476.926357448101 1088.4287565946579 249.54674902558327 635.86256662011147 350.37247714400291 1713.5636838078499 197.84995520114899
leaf_count=133 74 215 406 69 180 219 1969 701 287 13850 1202 324 669 401 2010 284
internal_value=0.000193742 0.000139274 0.00117932 0.00431053 0.00956143 0.000571476 0.00169629 -5.47354e-05 0.000130534 0.000268562 -0.00106896 -0.000117945 -0.00116878 -0.000355184 -0.0015806 -0.00157735
internal_weight=23809.5 23590.4 3731.76 595.468 274.147 3136.3 1871.8 19858.7 17005.2 15752.8 1264.5 321.321 2853.52 986.235 1867.29 1252.41
internal_count=22993 22860 4443 647 249 3796 2375 18417 15122 14137 1421 398 3295 1070 2225 985
is_linear=0
shrinkage=0.0761716


Tree=203
num_leaves=15
num_cat=0
split_feature=2 5 3 4 1 1 2 2 3 6 4 4 2 6
split_gain=1.53875 2.16098 0.363058 0.34823 0.302306 0.820004 0.240848 0.65066 0.163255 0.108686 0.175944 0.0472639 0.172088 0.0221584
threshold=-0.99862982478704421 -0.37940952255126059 6.3450000000000006 1016.1500000000002 0.99699193743116299 0.99628894895067466 0.98927755889796032 0.99696424012059681 2.0550000000000002 -0.70710678118654757 1001.85 996.75000000000011 0.88201535311751322 -0.9159756150367534
decision_type=2 2 2 2 2 2 2 2 2 2 2 2 2 2
left_child=1 -1 3 4 5 -2 13 -8 -6 -3 -11 12 -4 -5
right_child=2 9 11 6 8 -7 7 -9 -10 10 -12 -13 -14 -15
leaf_value=0.0023356264382615424 0.00027153707309559438 -0.0012741215596932195 -0.03410930207560043 -0.021621968986378932 0.014886281974429915 0.0021843766238677886 0.064720428851417294 -0.036881206971331897 -0.0033544604229872226 -0.023245932486728321 0.0029180359862843682 -0.063377881087847546 0.022522897295798875 -0.087134985864064249
leaf_weight=249.40255293250084 20756.240941137075 139.71139925718307 276.02740278840065 95.462068110704422 123.33526888489723 88.43349102139473 86.741163313388824 196.85713845491409 490.95943665504456 55.038768619298935 57.806815266609192 385.22130131721497 133.7354448735714 683.45254263281822
leaf_count=145 20188 65 329 137 108 48 105 216 301 97 85 346 163 720
internal_value=0.000158478 0.00432008 6.70285e-05 0.000124866 0.000192833 0.000243278 -0.00121534 0.000598529 -0.00146149 -0.000538587 0.00103036 -0.00152689 -0.000818987 -0.00191549
internal_weight=23818.4 501.96 23316.5 22521.5 21459 20844.7 1062.51 283.598 614.295 252.557 112.846 794.984 409.763 778.915
internal_count=23053 392 22661 21823 20645 20236 1178 321 409 247 182 838 492 857
is_linear=0
shrinkage=0.0761716


Tree=204
num_leaves=8
num_cat=0
split_feature=2 1 1 3 0 6 3
split_gain=0.77417 0.488532 0.458986 0.436438 0.362038 0.0435391 0.0161524
threshold=-0.99981480381338828 0.99699193743116299 0.99628894895067466 5.8750000000000009 0.37940952255126048 -0.9159756150367534 1.9450000000000001
decision_type=2 2 2 2 2 2 2
left_child=-1 2 3 4 -2 -5 -3
right_child=1 6 -4 5 -6 -7 -8
leaf_value=0.0039911999578687296 0.00040765265326008138 -0.0026346162809580266 0.0020179891902999837 -0.0038710759784257405 -0.00060871330087419338 -0.018557163829559471 -0.0025598851875703751
leaf_weight=181.26883164048195 14754.664563149214 118.76629221439362 124.71653100848198 237.788519769907 6965.6881282031536 999.50218993425369 529.83758932352066
leaf_count=126 13280 102 55 245 7961 972 367
internal_value=0.000104711 6.51941e-05 0.000124511 9.77897e-05 0.000178385 -0.00128901 -0.00198909
internal_weight=23912.2 23731 23082.4 22957.6 21720.4 1237.29 648.604
internal_count=23108 22982 22513 22458 21241 1217 469
is_linear=0
shrinkage=0.0761716


Tree=205
num_leaves=17
num_cat=0
split_feature=9 8 7 9 7 1 1 1 3 4 1 2 2 8 8 1
split_gain=0.749182 1.72449 3.14901 0.966266 0.948998 1.42852 0.610633 0.718265 0.604206 0.565947 0.476247 0.715037 0.43864 0.413567 0.204848 0.169356
threshold=-4.1734362963032288 6.1400000000000032 5.0450000000000008 -4.3123718637349535 3.194999999999999 -0.15005400879207767 -0.09025077427732299 0.99166813670569354 1.9750000000000003 986.25000000000011 -0.22611359161738934 -0.9668120007078248 -0.99463397642532658 8.2000000000000028 15.390000000000001 -0.95747632178960107
decision_type=2 2 2 2 2 2 2 2 2 2 2 2 2 2 2 2
left_child=1 2 4 14 -1 -6 9 8 12 -2 11 -11 -8 -10 15 -3
right_child=6 3 -4 -5 5 -7 7 -9 13 10 -12 -13 -14 -15 -16 -17
leaf_value=-0.0020284955730494208 -0.021429644462527833 0.030353486635912197 0.010156475106103692 0.0069819332801979283 0.017876643379748584 -0.0020735416404913361 0.0046319296641142236 -0.0038823198920239031 -0.00086510923997063145 0.0016310734547000773 -0.02420248393771118 -0.00010939867081632864 -0.001101886046904182 0.0020040353619452194 0.002912399125184512 -0.01255297466494555
leaf_weight=297.16248732805252 976.75655046105385 73.445450603961945 108.26541939377785 109.77784341573715 196.88967564702034 140.54024842381477 148.65150192379951 1083.6426966488361 1981.1295526027679 132.42021107673645 898.86722442507744 6770.0213939249516 3178.6690125763416 6740.0996693074703 81.864282548427582 1121.4505187571049
leaf_count=329 1307 108 93 113 259 192 154 762 1620 61 869 7628 2681 5576 83 1276
internal_value=0.000108362 0.00147161 0.0044264 -9.48325e-05 0.00228648 0.00504612 -2.28773e-05 0.000304375 0.000475414 -0.000515952 -0.000294523 -7.47075e-05 -0.000391326 0.000809694 -0.00071209 -0.000986146
internal_weight=24039.7 2129.4 742.858 1386.54 634.592 337.43 21910.3 13132.2 12048.5 8778.07 7801.31 6902.44 3327.32 8721.23 1276.76 1194.9
internal_count=23111 2453 873 1580 780 451 20658 10793 10031 9865 8558 7689 2835 7196 1467 1384
is_linear=0
shrinkage=0.0761716


Tree=206
num_leaves=13
num_cat=0
split_feature=2 0 3 1 1 9 3 9 3 3 7 0
split_gain=1.01832 1.17696 1.05805 0.499054 0.364687 1.85225 0.496766 0.411938 0.519615 0.311414 0.2221 0.0837409
threshold=-0.99862982478704421 -0.12940952255126037 3.2150000000000003 0.99373737808068319 0.98046008095854986 5.3072922755721317 3.2950000000000004 3.5177807884511876 3.8350000000000004 3.4550000000000005 4.5300000000000002 -0.78656609248549325
decision_type=2 2 2 2 2 2 2 2 2 2 2 2
left_child=1 2 -1 4 7 6 -6 8 -2 -9 -3 -5
right_child=3 10 -4 11 5 -7 -8 9 -10 -11 -12 -13
leaf_value=0.0028633003957757824 0.00022007867293132171 0.012884628695419294 0.0012445552563769848 -0.00023931183002389226 -0.0060512315208586555 0.0052018335947403719 0.01137939264656547 -0.013359267859885813 -0.0016091669659243175 -0.00063706598179012861 -0.001050176291179929 -0.0011281955546776396
leaf_weight=120.85389173030853 14080.710422098637 103.93184605240822 123.32740396261215 149.76219591498375 581.89449447393417 254.16701444983482 140.92681789398193 1688.3050816357136 4533.2361394166946 1158.3984578847885 156.76982468366623 786.96785786747932
leaf_count=109 14941 98 66 135 383 106 98 1321 4642 592 123 547
internal_value=-6.3072e-05 0.0033093 0.00708021 -0.000137647 -6.41763e-05 0.00137014 -0.000562722 -0.000131103 0 -0.000983985 -0.000142625 -0.0018587
internal_weight=23879.3 504.883 244.181 23374.4 22437.6 976.988 722.821 21460.7 18613.9 2846.7 260.702 936.73
internal_count=23161 396 175 22765 22083 587 481 21496 19583 1913 221 682
is_linear=0
shrinkage=0.0761716


Tree=207
num_leaves=17
num_cat=0
split_feature=1 3 2 8 3 7 2 1 1 4 3 1 1 3 2 5
split_gain=0.591916 1.30375 0.755589 0.479489 1.3621 1.07341 0.791956 0.539646 0.469108 0.809855 0.60265 0.463678 1.05216 0.305728 0.230769 0.146236
threshold=-0.99273952934267318 1.0850000000000002 0.081673369964559248 6.1400000000000032 0.70500000000000007 4.4300000000000024 -0.97502841500522164 -0.05591647229452347 0.92591620288614507 997.55000000000007 0.65500000000000014 -0.55601228778889811 -0.57023701209772126 5.1850000000000014 0.90515966073569365 0.25881904510252091
decision_type=2 2 2 2 2 2 2 2 2 2 2 2 2 2 2 2
left_child=1 -1 15 4 -2 13 -7 11 9 -9 -10 12 -5 -6 -13 -3
right_child=3 2 -4 7 5 6 -8 8 10 -11 -12 14 -14 -15 -16 -17
leaf_value=0.0016287051234129331 0.0045239226540988988 -0.0019268536873906922 0.011153146381095642 -0.00063558236788978351 -0.005453743434109589 0.006233272939818491 0.0021512792060577077 0.0044437053391107968 0.0051423097002878185 -0.0010047969056075315 -0.00099396627425296299 -0.016308803031221578 0.0028522028327826639 0.00017372508311034544 -0.017124048883170057 0.0042697987445599319
leaf_weight=170.77685490250587 95.715272307395935 374.69784444570541 106.6379371881485 3857.5808672308922 1577.0503139197826 182.15112096071243 993.07125642895699 4278.3901252150536 131.40791440010071 4958.2577854394913 3414.1129350364208 1834.9749735295773 125.17326477169991 62.659258633852005 1402.8807253837585 182.8768458366394
leaf_count=130 101 403 119 4618 2219 169 1030 3731 66 4255 2365 1877 100 77 1418 259
internal_value=2.02304e-05 0.00200974 0.000421716 -5.11481e-05 0.000859924 0.000539394 0.00229983 -0.000185386 0.000109878 0.000397837 -0.000631216 -0.000712232 -0.000152771 -0.000705146 -0.00139002 -0.000660676
internal_weight=23748.4 834.989 664.213 22913.4 2910.65 2814.93 1175.22 20002.8 12782.2 9236.65 3545.52 7220.61 3982.75 1639.71 3237.86 557.575
internal_count=22937 911 781 22026 3596 3495 1199 18430 10417 7986 2431 8013 4718 2296 3295 662
is_linear=0
shrinkage=0.0761716


Tree=208
num_leaves=16
num_cat=0
split_feature=2 3 0 9 6 3 2 9 1 1 4 4 6 4 7
split_gain=1.42152 0.533819 0.465661 1.02356 2.14137 0.892765 0.450588 1.06133 0.289377 0.779596 0.27114 0.388497 0.28131 0.090143 0.00855784
threshold=-0.99981480381338828 4.2350000000000012 0.37940952255126048 -1.4974732068749466 -0.12940952255126037 4.0150000000000006 0.99164058729498161 1.3059033789241516 -0.42109697129093543 -0.36571913681022022 1007.1500000000002 987.85000000000002 1.0000000180025095e-35 996.75000000000011 2.3350000000000013
decision_type=2 2 2 2 2 2 2 2 2 2 2 2 2 2 2
left_child=-1 2 3 4 -2 -5 8 13 14 -10 11 -4 -12 -8 -3
right_child=1 6 10 5 -6 -7 7 -9 9 -11 12 -13 -14 -15 -16
leaf_value=0.0026821754825532267 0.0031623322521307342 -0.0016046375424170816 -0.0080222898107159407 -0.00034369422730852879 -0.0072851270046592545 0.0024960987625807173 -0.027253457733139065 0.030101163850379108 0.035641379289224798 -0.0026145496832925856 -0.0075947215607664702 0.0051675624152957107 -0.00010968128175848412 0.013105939687094201 -0.011672642153952677
leaf_weight=209.95815938711166 1884.7670679092407 83.034529238939285 686.15758511424065 9307.7052434682846 1810.3172792494297 320.24458184838295 145.71213594079018 94.512443751096725 136.24005332589149 2967.2945802211761 1859.8004521131516 2292.8963674008846 1138.7609721720219 78.794579029083252 949.16970950365067
leaf_count=126 1383 115 1008 7697 2711 224 163 111 133 2347 1956 2683 1364 94 1028
internal_value=-7.36411e-06 -6.41814e-05 0.000107895 0.000359793 0.00143727 -5.07898e-05 -0.000816316 0.0018964 -0.00103428 -0.00065118 -0.000448221 5.66826e-05 -0.000959824 -0.000848226 -0.00215099
internal_weight=23965.4 23755.4 19300.6 13323 3695.08 9627.95 4454.76 319.019 4135.74 3103.53 5977.62 2979.05 2998.56 224.507 1032.2
internal_count=23143 23017 19026 12015 4094 7921 3991 368 3623 2480 7011 3691 3320 257 1143
is_linear=0
shrinkage=0.0761716


end of trees

feature_importances:
doy_sin=563
doy_cos=512
pressure_hpa=434
hi_residual_lag1h=325
wind_ms=303
local_hour_cos=271
diurnal_amplitude_12h=238
temp_range_24h=232
local_hour_sin=157
hour_cos=126

parameters:
[boosting: gbdt]
[objective: quantile]
[metric: quantile]
[tree_learner: serial]
[device_type: cpu]
[data_sample_strategy: bagging]
[data: ]
[valid: ]
[num_iterations: 209]
[learning_rate: 0.0761716]
[num_leaves: 17]
[num_threads: 2]
[seed: 42]
[deterministic: 0]
[force_col_wise: 0]
[force_row_wise: 0]
[histogram_pool_size: -1]
[max_depth: 5]
[min_data_in_leaf: 86]
[min_sum_hessian_in_leaf: 0.724716]
[bagging_fraction: 0.686956]
[pos_bagging_fraction: 1]
[neg_bagging_fraction: 1]
[bagging_freq: 1]
[bagging_seed: 400]
[bagging_by_query: 0]
[feature_fraction: 0.878286]
[feature_fraction_bynode: 1]
[feature_fraction_seed: 30056]
[extra_trees: 0]
[extra_seed: 12879]
[early_stopping_round: 0]
[early_stopping_min_delta: 0]
[first_metric_only: 0]
[max_delta_step: 0]
[lambda_l1: 0.410119]
[lambda_l2: 2.85973]
[linear_lambda: 0]
[min_gain_to_split: 0]
[drop_rate: 0.1]
[max_drop: 50]
[skip_drop: 0.5]
[xgboost_dart_mode: 0]
[uniform_drop: 0]
[drop_seed: 17869]
[top_rate: 0.2]
[other_rate: 0.1]
[min_data_per_group: 100]
[max_cat_threshold: 32]
[cat_l2: 10]
[cat_smooth: 10]
[max_cat_to_onehot: 4]
[top_k: 20]
[monotone_constraints: ]
[monotone_constraints_method: basic]
[monotone_penalty: 0]
[feature_contri: ]
[forcedsplits_filename: ]
[refit_decay_rate: 0.9]
[cegb_tradeoff: 1]
[cegb_penalty_split: 0]
[cegb_penalty_feature_lazy: ]
[cegb_penalty_feature_coupled: ]
[path_smooth: 0]
[interaction_constraints: ]
[verbosity: -1]
[saved_feature_importance_type: 0]
[use_quantized_grad: 0]
[num_grad_quant_bins: 4]
[quant_train_renew_leaf: 0]
[stochastic_rounding: 1]
[linear_tree: 0]
[max_bin: 255]
[max_bin_by_feature: ]
[min_data_in_bin: 3]
[bin_construct_sample_cnt: 200000]
[data_random_seed: 175]
[is_enable_sparse: 1]
[enable_bundle: 1]
[use_missing: 1]
[zero_as_missing: 0]
[feature_pre_filter: 1]
[pre_partition: 0]
[two_round: 0]
[header: 0]
[label_column: ]
[weight_column: ]
[group_column: ]
[ignore_column: ]
[categorical_feature: ]
[forcedbins_filename: ]
[precise_float_parser: 0]
[parser_config_file: ]
[objective_seed: 16083]
[num_class: 1]
[is_unbalance: 0]
[scale_pos_weight: 1]
[sigmoid: 1]
[boost_from_average: 1]
[reg_sqrt: 0]
[alpha: 0.97]
[fair_c: 1]
[poisson_max_delta_step: 0.7]
[tweedie_variance_power: 1.5]
[lambdarank_truncation_level: 30]
[lambdarank_norm: 1]
[label_gain: ]
[lambdarank_position_bias_regularization: 0]
[eval_at: ]
[multi_error_top_k: 1]
[auc_mu_weights: ]
[num_machines: 1]
[local_listen_port: 12400]
[time_out: 120]
[machine_list_filename: ]
[machines: ]
[gpu_platform_id: -1]
[gpu_device_id: -1]
[gpu_use_dp: 0]
[num_gpu: 1]

end of parameters

pandas_categorical:[]
