tree
version=v4
num_class=1
num_tree_per_iteration=1
label_index=0
max_feature_idx=9
objective=quantile
feature_names=hour_cos doy_sin doy_cos wind_ms pressure_hpa local_hour_sin local_hour_cos diurnal_amplitude_12h temp_range_24h hi_residual_lag1h
feature_infos=[-1:1] [-0.99999073973619013:0.99999073973619013] [-0.99996295911626554:1] [0.029999999999999999:8.2699999999999996] [998.5:1021.1] [-1:1] [-1:1] [0.28999999999999915:18.709999999999997] [1.870000000000001:18.709999999999997] [-13.777500891245445:11.769993172418289]
tree_sizes=3144 2892 3222 4055 3869 4277 3937 4613 5224 4277 5317 5630 5349 5121 5732 5979 6382 5867 6458 4802 6391 6179 5781 6628 6500 7251 7199 7530 7712 7163 7823 7712 7807 7800 7822 7821 7797 7805 7781 7357 7880 7826 7859 7819 7812 7794 7783 7838 7871 7779 7783 7863 7860 7881 7818 7763 7850 7881 7792 7798 7865 7826 7876 7831 7854 7882 7864 7831 7860 7823 7870 7816 7849 7805 7905 7872 7836 7862 7918 7863 7897 7856 7919 7858 7910 7873 7899 7895 7841 7863 7869 7863 7882 7857 7851 7916 7946 7885 7909 7917 7886 7924 7905 7888 7882 7842 7872 7928 7893 7875 7875 7874

Tree=0
num_leaves=30
num_cat=0
split_feature=7 2 6 1 1 7 6 2 9 1 9 6 7 6 8 7 2 6 6 1 6 7 9 6 1 1 7 7 1
split_gain=328.793 268.718 162.862 57.8347 28.8179 37.2706 48.994 35.4255 14.0054 13.1105 17.2613 6.55723 6.19853 4.27046 3.51664 7.61912 15.8271 0.848133 0.791161 0.4011 0.53509 0.201408 0.142219 0.130472 0.117043 0.806158 0.12163 1.10877 0.0783009
threshold=10.860000000000003 0.20088311396693925 -0.37940952255126015 0.85206963063867758 0.84293373149377093 8.3200000000000038 -0.78656609248549325 -0.15855351192338588 2.6115365138719011 0.83354805289222267 1.5083173410111288 -0.12940952255126037 9.5450000000000017 -0.5 9.0100000000000016 7.1300000000000017 -0.15855351192338588 -0.9159756150367534 -0.9159756150367534 0.67125374152323958 -0.78656609248549325 6.7550000000000017 0.4914469144387788 -0.12940952255126037 0.61866567420209762 0.63209755774300602 8.2700000000000031 8.5850000000000009 0.95236875646279973
decision_type=2 2 2 2 2 2 2 2 2 2 2 2 2 2 2 2 2 2 2 2 2 2 2 2 2 2 2 2 2
left_child=4 2 3 -2 24 14 7 -7 -5 19 22 -4 -9 -8 -6 17 -17 -16 -18 -3 -21 -19 -11 -15 -1 -26 -27 -28 -10
right_child=1 9 11 8 5 6 13 12 28 10 -12 -13 -14 23 15 16 18 21 -20 20 -22 -23 -24 -25 25 26 27 -29 -30
leaf_value=38.852777034404063 39.498452314757685 39.125856029696671 39.330047479228348 39.542495752316704 38.975603346628134 39.570536064233202 39.338998430296179 39.270682041564548 39.701154917015394 39.106618720343896 39.424551010895016 38.983425089858535 39.455595330452134 39.11545645098186 39.27041620814925 39.383561810207581 39.440210631841417 39.100095795259165 39.03502821357484 39.26556822729296 39.179805712073374 39.028271140614038 39.328403073953744 38.734964052630126 39.262240932535846 38.957535673924632 39.269966515316533 39.144526570116092 39.584070523972926
leaf_weight=22434.143895477057 322.04303115606308 1187.3472124934196 172.40579551458359 335.1505098938942 2649.2446826994419 328.2922825217247 428.04376772046089 279.37336623668671 453.74415636062622 176.12866246700287 231.09837487339973 335.96151256561279 225.07561713457108 97.497968435287476 255.43833166360855 160.64894816279411 92.978519439697266 897.09472692012787 222.44925191998482 121.18375241756439 163.99007576704025 97.194302827119827 79.478475332260132 606.65583825111389 165.53443884849548 2089.7907614707947 104.90437924861908 539.87599256634712 415.0019725561142
leaf_count=23381 118 1535 88 105 1730 79 126 90 84 190 121 406 86 74 88 127 36 755 263 80 226 104 64 838 139 1956 104 530 86
internal_value=39.2659 39.2918 39.3161 39.3316 39.2627 39.2684 39.2793 39.2969 39.3413 39.2664 39.28 39.269 39.2806 39.2663 39.2635 39.2668 39.2771 39.263 39.2649 39.262 39.2656 39.2617 39.2632 39.2618 39.2612 39.262 39.2616 39.2632 39.3482
internal_weight=35667.8 3993.53 2034.31 1525.94 31674.2 6339.99 1964.94 832.741 1203.9 1959.23 486.706 508.367 504.449 1132.2 4375.05 1725.8 476.077 1249.73 315.428 1472.52 285.174 994.289 255.607 704.154 25334.2 2900.11 2734.57 644.78 868.746
internal_count=33609 3103 887 393 30506 4396 1293 255 275 2216 375 494 176 1038 3103 1373 426 947 299 1841 306 859 254 912 26110 2729 2590 634 170
is_linear=0
shrinkage=1


Tree=1
num_leaves=26
num_cat=0
split_feature=7 2 6 1 1 7 6 2 1 6 9 6 6 8 6 2 3 2 1 6 8 9 6 3 9
split_gain=303.659 247.058 151.246 61.4781 25.604 34.4747 41.4712 25.4416 15.2275 12.5677 8.86005 5.47703 4.37204 4.29944 8.33983 15.7589 1.04685 0.552837 0.368459 0.53509 0.181635 0.164336 0.149409 0.0609533 0.0403917
threshold=10.860000000000003 0.1500498401600889 -0.37940952255126015 0.85206963063867758 0.84293373149377093 8.5850000000000009 -0.78656609248549325 -0.15855351192338588 0.83354805289222267 -0.60355339059327384 2.9505289392439349 -0.12940952255126037 -0.5 9.0100000000000016 -0.70710678118654757 -0.15855351192338588 6.2550000000000008 0.064506059999340642 0.67125374152323958 -0.78656609248549325 9.2800000000000047 1.3279240974452213 -0.12940952255126037 3.7250000000000005 3.7454727605825551
decision_type=2 2 2 2 2 2 2 2 2 2 2 2 2 2 2 2 2 2 2 2 2 2 2 2 2
left_child=4 2 3 -2 16 13 7 -7 18 -10 -5 -4 -8 23 15 -15 -1 -17 24 -20 -16 -11 -14 -6 -3
right_child=1 8 11 10 5 6 12 -9 9 21 -12 -13 22 14 20 17 -18 -19 19 -21 -22 -23 -24 -25 -26
leaf_value=-0.3493636077734194 0.21033294386883253 -0.2146180623066653 0.059068201940393944 0.25660745588822176 -0.25664114546518157 0.27779112571325376 0.098183357200296334 0.11598501299298673 0.083452213858527372 -0.15859319165627425 0.372377667418613 -0.25547732493392339 -0.12798748634489315 0.1221049128438958 0.0063490294524441932 0.0098247792917458571 0.00094716095457719534 -0.11439384791536976 -0.00029630860043059691 -0.07786319892445058 -0.20242460683474478 0.024411207978247293 -0.48019496497914205 -0.14818921849611824 -0.044485236081691415
leaf_weight=25192.515456348658 322.04303115606308 1124.7911053299904 166.8953258395195 363.78243798017502 2573.0560028553009 296.71922826766968 361.04309388995171 437.88042551279068 338.71928924322128 163.12453690171242 781.41633546352386 321.87184381484985 88.117760479450226 313.990982234478 81.644351541996002 203.86738961935043 141.73401126265526 300.06419849395752 121.18375241756439 163.99007576704025 952.75304889678955 63.159690320491791 538.13277134299278 192.71835079789162 62.55610716342926
leaf_count=25972 118 1467 83 103 1649 70 108 152 150 215 148 380 66 103 95 62 138 144 80 226 1069 65 735 143 68
internal_value=-0.00018211 0.0246385 0.0488749 0.0641913 -0.00331623 0.00210411 0.0136412 0.0307946 0.00129334 0.0146272 0.0746069 0.00260998 0.000736507 -0.00218253 0.00134047 0.00857572 -0.00467647 -0.00173919 -0.003776 -0.000318032 -0.0042974 -0.00243401 -0.0039854 -0.00457487 -0.00452532
internal_weight=35667.8 3993.53 1956.01 1467.24 31674.2 6339.99 1721.89 734.6 2037.52 565.004 1145.2 488.767 987.294 4618.09 1852.32 817.923 25334.2 503.932 1472.52 285.174 1034.4 226.284 626.251 2765.77 1187.35
internal_count=33609 3103 832 369 30506 4396 1131 222 2271 430 251 463 909 3265 1473 309 26110 206 1841 306 1164 280 801 1792 1535
is_linear=0
shrinkage=0.0955619


Tree=2
num_leaves=29
num_cat=0
split_feature=7 2 6 1 1 7 6 3 1 1 9 7 6 6 2 7 8 3 6 1 6 1 1 8 6 7 1 1
split_gain=270.438 224.305 136.143 54.3346 22.0599 31.6661 39.2825 32.4877 13.5339 11.5967 10.1776 5.016 3.64367 2.42219 2.18766 6.55905 9.02015 1.03295 0.483076 0.466326 0.411286 0.731533 0.23814 0.740019 0.130472 0.118161 0.0670673 0.829133
threshold=10.860000000000003 0.1500498401600889 -0.37940952255126015 0.85206963063867758 0.84293373149377093 8.3200000000000038 -0.78656609248549325 2.9450000000000007 0.9821165111257959 0.83354805289222267 1.5083173410111288 13.515000000000002 -0.5 -0.78656609248549325 -0.15855351192338588 7.1300000000000017 9.0100000000000016 6.2550000000000008 -0.12940952255126037 0.97873101657557349 -0.78656609248549325 0.56314550935064711 0.99817629101047833 9.3700000000000045 -0.12940952255126037 6.7299999999999995 0.61866567420209762 0.63209755774300602
decision_type=2 2 2 2 2 2 2 2 2 2 2 2 2 2 2 2 2 2 2 2 2 2 2 2 2 2 2 2
left_child=4 2 3 -2 17 14 7 -7 -5 20 13 18 -8 -11 15 19 -17 26 -4 25 21 -3 -16 -24 -14 -6 -1 -28
right_child=1 9 11 8 5 6 12 -9 -10 10 -12 -13 24 -15 22 16 -18 -19 -20 -21 -22 -23 23 -25 -26 -27 27 -29
leaf_value=-0.33861524144377336 0.19023313794877461 -0.086124130799405174 -0.0088101203644086069 0.35839352811892611 -0.13649700347936755 0.13199231025393418 0.056734184543296512 0.25335369752190867 0.18766528556115983 0.011733133413492218 0.13551893734652923 0.089912824200147554 -0.12383240397882232 -0.083417685527808261 -0.24715183169170846 -0.13060866273296637 0.094753017091916095 0.00085664849841213004 -0.29031204979102138 -0.050852274569887654 -0.17315249708759375 -0.00014855030648490062 -0.19675825833971755 0.1567180699925631 -0.43430664419431686 -0.18955222201406943 0.030080192920105844 -0.1804371052833513
leaf_weight=22310.861073046923 322.04303115606308 246.22814124822617 100.58387315273285 692.16487741470337 887.2717741727829 445.44527858495712 428.04376772046089 387.29598730802536 453.03389602899551 118.04734593629837 231.09837487339973 94.194772720336914 97.497968435287476 215.85779565572739 2529.2562482059002 218.28071677684784 160.64894816279411 141.73401126265526 293.98852378129959 128.91314280033112 1050.8172035813332 175.47569584846497 238.69852238893509 78.709864854812622 606.65583825111389 133.26954627037048 165.53443884849548 2716.1199444532394
leaf_count=23253 118 346 55 141 566 139 126 116 110 58 121 52 74 251 1825 106 127 138 356 100 1364 131 244 70 838 65 139 2580
internal_value=-0.000403413 0.0230198 0.0461128 0.0606442 -0.00336123 0.00166869 0.0117472 0.0274679 0.0704396 0.000774428 0.0124189 0.0022106 6.58252e-05 0.00140536 -0.00284068 1.54151e-05 0.0109358 -0.00462373 -0.00234337 -0.00351975 -0.00364395 -0.000835041 -0.00440563 -0.00146162 -0.00407278 -0.00422822 -0.0046711 -0.00397853
internal_weight=35667.8 3993.53 1956.01 1467.24 31674.2 6339.99 1964.94 832.741 1145.2 2037.52 565.004 488.767 1132.2 333.905 4375.05 1528.38 378.93 25334.2 394.572 1149.45 1472.52 421.704 2846.66 317.408 704.154 1020.54 25192.5 2881.65
internal_count=33609 3103 832 369 30506 4396 1293 255 251 2271 430 463 1038 309 3103 964 233 26110 411 731 1841 477 2139 314 912 631 25972 2719
is_linear=0
shrinkage=0.0955619


Tree=3
num_leaves=37
num_cat=0
split_feature=7 2 6 1 7 6 3 3 1 6 2 7 6 6 3 0 1 6 3 3 1 6 7 1 6 1 6 7 7 2 0 6 7 7 7 7
split_gain=232.449 175.139 92.7669 30.0762 38.9295 38.5475 23.8794 17.49 15.443 12.403 9.56166 18.5238 24.2947 5.53105 5.17498 5.0252 2.87457 1.23547 1.92705 1.18268 1.68179 1.11031 2.36889 0.68479 0.666016 0.260637 0.442858 0.886544 0.782181 0.209461 0.179067 0.178226 0.10725 0.157089 0.0996228 0.0576698
threshold=11.420000000000002 0.064506059999340642 -0.37940952255126015 0.84293373149377093 9.5450000000000017 -0.78656609248549325 3.1650000000000005 3.4050000000000007 0.86095304316285726 -0.78656609248549325 -0.15855351192338588 7.1300000000000017 -0.60355339059327384 -0.12940952255126037 4.6350000000000007 -0.37940952255126015 0.90149333598846393 -0.78656609248549325 1.8350000000000002 5.9750000000000005 0.081675638985454754 -0.9159756150367534 7.830000000000001 0.99628894895067466 -0.78656609248549325 0.50495637864894027 -0.70710678118654757 7.8650000000000011 8.4450000000000003 0.46735921715800216 1.0000000180025095e-35 -0.5 6.1800000000000024 6.8700000000000001 9.745000000000001 6.1550000000000002
decision_type=2 2 2 2 2 2 2 2 2 2 2 2 2 2 2 2 2 2 2 2 2 2 2 2 2 2 2 2 2 2 2 2 2 2 2 2
left_child=3 2 7 19 10 6 -6 -2 17 -10 11 24 -13 -4 23 -9 -11 18 -3 25 -21 22 35 29 -5 -1 27 32 -29 -7 -20 -14 -27 -34 -30 -12
right_child=1 8 13 4 5 14 -8 15 9 16 21 12 31 -15 -16 -17 -18 -19 30 20 -22 -23 -24 -25 -26 26 -28 28 34 -31 -32 -33 33 -35 -36 -37
leaf_value=-0.3215464233673716 0.19813944411418796 0.0124083446143277 0.050503852531339918 -0.026152786843334799 0.12012231853224799 -0.22156290071863249 0.25870762705617828 0.23880341041271222 0.075947300551687885 0.12293823554499073 -0.20089067970883887 0.15315289848016292 0.084675933936811928 -0.19378602858256019 0.17138953855484504 0.32472118213694973 -0.036163904811446074 -0.11527888273534311 -0.01293015012370532 -0.52103990406167677 0.032321912922610552 -0.21666594241202256 0.069328205380865371 0.14679091983925877 -0.15306193275262267 -0.19290133591445172 -0.37539594091506356 0.052234191239839925 -0.027427158022538457 0.095187796122951945 -0.036760510398684228 -0.23496296015154611 -0.017662837238383564 -0.16057301383009365 -0.037424108014143247 -0.16733166696827709
leaf_weight=20992.938300728798 336.37398207187653 113.98314940929413 137.04052734375 444.81237101554871 297.54399937391281 360.00555783510208 248.80076229572296 358.84449082612991 213.42584359645844 71.419019371271133 440.26357358694077 416.26599061489105 78.775461316108704 217.25812762975693 156.26387280225754 440.10174381732941 163.91383644938469 845.60538119077682 102.87139943242073 127.64032030105591 80.867772579193115 2683.0154909193516 244.98750382661819 81.155893862247467 704.64209222793579 918.33402141928673 2503.6904916167259 154.67491227388382 205.31789314746857 77.164634019136429 177.70790755748749 240.47709739208221 274.74674564599991 333.86849308013916 181.84284299612045 241.12909936904907
leaf_count=22306 99 106 62 143 102 389 70 85 86 66 147 110 20 236 136 85 183 1092 111 129 71 2313 74 60 588 422 3157 73 109 77 189 305 99 125 107 77
internal_value=-0.000639729 0.0240103 0.0478694 -0.00305594 0.00263065 0.0180496 0.036867 0.0611726 0.00287044 0.0180332 -0.000785497 0.00470522 0.0165383 0.00484386 0.00258874 0.0691395 0.00239791 -0.00256696 0.00166933 -0.0045413 0.00231098 -0.00368022 -0.000704369 -0.00186428 -0.00280541 -0.00460108 -0.00382781 -0.00267919 0.00048952 -0.00349876 -0.00232471 -0.00303002 -0.00386377 -0.00248997 -0.00161976 -0.00369283
internal_weight=35667.8 3178.55 1489.62 32489.2 6715.3 1220.93 546.345 1135.32 1688.93 448.759 5494.37 1884.97 735.519 354.299 674.59 798.946 235.333 1240.17 394.562 25773.9 208.508 3609.4 926.38 518.326 1149.45 25565.4 4572.48 2068.78 541.836 437.17 280.579 319.253 1526.95 608.615 387.161 681.393
internal_count=33609 2400 567 31209 4611 834 172 269 1833 335 3777 1166 435 298 662 170 249 1498 406 26598 200 2611 298 526 731 26398 4092 935 289 466 300 325 646 224 216 224
is_linear=0
shrinkage=0.0955619


Tree=4
num_leaves=35
num_cat=0
split_feature=7 2 6 1 7 6 2 3 3 6 7 1 9 8 3 6 2 1 3 1 1 9 6 7 6 1 1 3 9 8 3 6 8 8
split_gain=195.111 150.571 93.9585 24.6784 34.3428 30.1588 25.0037 24.0034 13.3994 7.23282 12.0129 5.82774 9.07541 2.56962 2.14907 1.73174 3.81448 1.29048 1.16169 1.68179 0.489096 0.813254 1.54957 2.7572 0.389796 0.593145 0.226799 0.193808 0.100928 0.0558235 0.0490397 0.0239761 0.307157 0.267283
threshold=11.420000000000002 0.17553149042142802 -0.60355339059327384 0.84293373149377093 9.5450000000000017 -0.60355339059327384 -0.20089055513063514 3.4050000000000007 4.7150000000000007 -0.9159756150367534 7.9000000000000012 0.79356426026969662 1.0506748784855751 9.0100000000000016 4.8350000000000009 -0.70710678118654757 -0.15855351192338588 0.9821165111257959 5.9750000000000005 0.081675638985454754 0.50495637864894027 -1.8823668277034871 -0.70710678118654757 6.1000000000000005 -0.78656609248549325 0.53436760985011655 0.99551215362393841 4.0650000000000004 5.3227068379309097 9.7350000000000012 3.5050000000000003 -0.78656609248549325 9.3700000000000045 11.355000000000002
decision_type=2 2 2 2 2 2 2 2 2 2 2 2 2 2 2 2 2 2 2 2 2 2 2 2 2 2 2 2 2 2 2 2 2 2
left_child=3 2 7 18 9 6 -6 -2 27 10 13 24 -13 -5 26 16 -11 -8 20 -20 -1 22 23 -22 25 -3 -7 -4 31 -18 -24 32 -23 -34
right_child=1 11 8 4 5 14 17 -9 -10 15 -12 12 -14 -15 -16 -17 29 -19 19 -21 21 28 30 -25 -26 -27 -28 -29 -30 -31 -32 -33 33 -35
leaf_value=-0.2908188512377135 0.18105761983229368 -0.17890947397680446 -0.12998375106538976 -0.18826383171009448 0.23209322261468948 -0.20103580961941331 0.086424724723040788 0.25597640544914191 0.09934219408181269 0.065077596711224941 0.1414731473019272 -0.022410325187436141 0.10990300240512425 0.04092961369305196 0.068633330100484266 -0.19259985212249692 -0.19676391095340667 0.17207986268621459 -0.47124836520138236 0.029233171022460838 -0.11772218555782023 -0.2238926242384863 -0.3729619372542804 0.049353648497299625 -0.12441730457703026 0.006117798531755857 0.024778675768261801 0.078968104915155823 -0.041071090271743146 -0.049427355458435643 -0.25987114741518169 -0.29382559174176021 0.016362567296871675 -0.054757991891860765
leaf_weight=20992.938300728798 360.21949553489685 185.08142200112343 209.9981264770031 685.935766518116 245.33926087617874 360.61711940169334 221.6730107665062 669.30920165777206 304.47948467731476 443.76000219583511 368.47623938322067 217.78701588511467 236.08697161078453 337.1486799120903 114.42464292049408 2785.2134553790092 650.71819159388542 213.73959571123123 127.64032030105591 80.867772579193115 240.20221525430679 1002.3137937486172 516.52098262310028 167.75497776269913 762.77409213781357 148.21477138996124 65.141090512275696 84.594827324151993 94.028032541275024 223.11634528636932 55.974380284547806 2125.3270642459393 164.31266212463379 206.04129159450531
leaf_count=22306 104 262 207 205 58 446 98 138 150 135 107 221 139 118 110 2912 196 58 129 71 141 367 691 106 1010 112 64 57 82 104 46 2453 90 116
internal_value=-0.000919638 0.0216634 0.04193 -0.00313345 0.00201612 0.0165005 0.0298413 0.0594292 0.0115752 -0.00119173 0.00472886 0.000273664 0.00940442 -0.000523098 -0.00020141 -0.00322435 -0.000292242 0.0156316 -0.00447885 0.00231098 -0.00453812 -0.00355236 -0.000982689 0.00337922 -0.00343527 -0.000385729 -0.00350327 -0.0026761 -0.00422649 -0.00402146 -0.00425506 -0.0043135 -0.00359551 -0.000902974
internal_weight=35667.8 3178.55 1628.6 32489.2 6715.3 1220.93 680.752 1029.53 599.072 5494.37 1391.56 1549.94 453.874 1023.08 540.183 4102.81 1317.59 435.413 25773.9 208.508 25565.4 4572.48 980.453 407.957 1096.07 333.296 425.758 294.593 3592.02 873.835 572.495 3497.99 1372.67 370.354
internal_count=33609 2400 656 31209 4611 834 214 242 414 3777 430 1744 360 323 620 3347 435 156 26598 200 26398 4092 984 247 1384 374 510 264 3108 300 737 3026 573 206
is_linear=0
shrinkage=0.0955619


Tree=5
num_leaves=39
num_cat=0
split_feature=7 9 2 6 2 9 6 6 7 6 2 2 3 7 8 6 7 0 2 3 8 2 9 8 4 9 2 3 2 9 7 7 7 3 3 3 4 4
split_gain=162.463 159.967 81.0307 65.3979 17.341 12.0151 11.529 11.433 8.5006 10.503 7.86187 14.8734 6.38588 3.6749 1.90222 4.9125 3.23011 5.88271 8.19272 1.87768 1.0076 0.990414 0.867173 0.657139 0.6094 1.08274 2.14355 0.503126 0.614928 0.438683 0.398594 0.669101 0.279931 0.154647 0.121621 0.0953601 0.0324788 0.0695944
threshold=10.535000000000002 2.3812354573956864 0.48250774176121808 -0.60355339059327384 -0.23449138957041016 0.81523824268232847 -0.12940952255126037 -0.60355339059327384 8.4000000000000021 -0.60355339059327384 0.081673369964559248 -0.52705818521824699 3.5250000000000004 12.795000000000003 9.0100000000000016 -0.70710678118654757 7.2100000000000035 0.37940952255126048 -0.13301470653419609 4.7150000000000007 11.920000000000002 0.49001051533419943 0.02424476175698587 10.91 1005.5500000000001 0.53371271547135468 -0.62538740722492581 2.7750000000000004 0.84750952922804634 6.7043907109791929 6.4700000000000015 6.7299999999999995 4.7200000000000015 5.6650000000000009 3.6850000000000005 2.6750000000000003 1012.4500000000002 1013.0500000000001
decision_type=2 2 2 2 2 2 2 2 2 2 2 2 2 2 2 2 2 2 2 2 2 2 2 2 2 2 2 2 2 2 2 2 2 2 2 2 2 2
left_child=8 5 3 4 -3 23 -5 12 14 10 11 22 13 -7 33 16 20 18 -18 -9 30 -12 -10 -2 25 26 -11 28 -4 -17 32 -32 -16 -1 -24 -19 -25 -38
right_child=1 2 27 6 -6 7 -8 19 9 24 21 -13 -14 -15 15 29 17 35 -20 -21 -22 -23 34 36 -26 -27 -28 -29 -30 -31 31 -33 -34 -35 -36 -37 37 -39
leaf_value=-0.23627009604450808 0.063307985538149661 0.27106980118429447 0.007567002308819429 0.10068391428035603 0.11859573434350383 0.028660757347692432 -0.15524620731132249 -0.075301480405765855 0.023079836306751145 -0.069992675495054335 0.001044355450755525 0.1654930597555985 0.17549546327421323 0.091996942493023301 -0.025542482361692556 -0.30580248000133281 0.065762343440826626 -0.1055975825061973 -0.0012354960765366334 0.017314921461782786 0.022080953011000711 -0.10936203491579252 -0.12827049143148739 -0.042916335065910624 -0.29360742673085177 -0.22706059837638828 0.13532157454411872 -0.026424429270618062 -0.16502659404917364 0.007000940149265957 0.006840692454729516 -0.20447757300196823 -0.17897030656735444 -0.31307482507615397 -0.045163575512439186 -0.052401588459441997 -0.060479333128342319 -0.056210746038238092
leaf_weight=21205.537261158228 104.90188473463058 641.56927925348282 125.18662175536156 226.33004909753799 386.95210915803909 209.97451674938202 164.08319261670113 353.28932985663414 180.12606108188629 107.0906837284565 299.74050378799438 588.40494084358215 146.82270419597626 120.22041320800781 191.44530871510506 3521.5933786928654 137.49538803100586 87.370864391326904 175.24923667311668 128.18499141931534 136.93083944916725 483.03479519486427 219.63069587945938 1299.1677407920361 2068.3916655182838 288.27757734060287 91.131123006343842 189.38852933049202 76.019430845975876 70.119169950485229 95.902659177780151 151.30236855149269 561.93956929445267 173.62869122624397 191.44411140680313 171.75359013676643 81.193687200546265 216.94563949108124
leaf_count=20188 103 130 103 72 91 131 164 418 88 96 135 153 66 83 111 4514 46 91 131 89 93 523 81 1512 2523 262 70 162 108 49 67 126 367 140 83 110 93 237
internal_value=-0.00114648 0.0158824 0.0377822 0.0483758 0.0610235 0.000931004 0.0146357 0.00950292 -0.00359062 0.000223223 0.00549654 0.0104276 0.0199538 0.0119914 -0.00423982 -0.0025772 0.0015975 0.00746357 0.0162787 -0.000708887 -0.00127963 -0.00182492 -0.000131825 -0.00384787 -0.00379199 -0.000521362 0.00465679 -0.000528155 0.00250225 -0.00458982 -0.0024029 0.000611856 -0.00351473 -0.00464733 -0.00270412 -0.0028734 -0.00435419 -0.00252287
internal_weight=35667.8 4470.23 1809.53 1418.93 1028.52 2660.7 390.413 958.492 31197.5 4517.27 1962.38 1179.61 477.018 330.195 26680.3 5301.1 1709.39 571.869 312.745 481.474 1137.52 782.775 591.201 1702.21 2554.89 486.499 198.222 390.595 201.206 3591.71 1000.59 247.205 753.385 21379.2 411.075 259.124 1597.31 298.139
internal_count=33609 3562 830 457 221 2732 236 787 30047 4014 1063 405 280 214 26033 5705 1142 378 177 507 764 658 252 1945 2951 428 166 373 211 4563 671 193 478 20328 164 201 1842 330
is_linear=0
shrinkage=0.0955619


Tree=6
num_leaves=36
num_cat=0
split_feature=7 9 1 2 6 1 2 1 6 3 7 3 7 2 3 1 6 1 9 4 7 9 3 2 1 4 3 3 1 9 7 2 4 7 9
split_gain=145.157 146.821 100.051 68.735 25.0319 16.0474 12.2571 11.8279 11.6533 17.8438 22.4357 6.56004 5.5254 9.39686 4.85644 4.27963 3.64868 3.57843 2.7231 0.943835 0.7557 0.676425 0.54204 0.496746 0.468479 0.398207 0.367115 0.744036 0.339259 0.987316 2.79818 0.319235 0.250694 0.124587 0.0546689
threshold=10.535000000000002 2.3812354573956864 0.84293373149377093 -0.23449138957041016 -0.78656609248549325 0.99906486341235867 -0.030120304846908235 0.73248728852523659 -0.70710678118654757 3.8350000000000004 8.1600000000000037 2.1950000000000007 7.2100000000000035 0.081673369964559248 2.8050000000000002 0.67125374152323958 -0.37940952255126015 0.98370018436603734 0.81523824268232847 1004.0500000000001 6.0700000000000029 6.0622737159085327 1.905 0.42110087079608943 0.95992380042979863 1008.85 4.8350000000000009 5.1250000000000009 0.50495637864894027 -1.3499824280009738 7.8650000000000011 -0.83352489619613901 1003.85 9.5450000000000017 5.3227068379309097
decision_type=2 2 2 2 2 2 2 2 2 2 2 2 2 2 2 2 2 2 2 2 2 2 2 2 2 2 2 2 2 2 2 2 2 2 2
left_child=7 5 22 4 -4 15 -5 28 9 11 -11 23 20 14 -14 -2 17 18 -17 -18 25 26 -3 -9 -15 -13 32 -28 -1 30 31 -30 -10 -31 -34
right_child=1 2 3 6 -6 -7 -8 8 21 10 -12 12 13 24 -16 16 19 -19 -20 -21 -22 -23 -24 -25 -26 -27 27 -29 29 33 -32 -33 34 -35 -36
leaf_value=-0.24545717980812598 -0.18973535787047682 0.0018886222796340038 0.26406461834831857 0.052991129910987381 0.16619115912866622 0.20534186131120341 0.10640764798259253 -0.17822964733068308 0.082057763119916666 -0.00034259307709126906 0.19543359612419059 -0.0120902133345492 0.14851648640354653 -0.00038088124511535826 0.090105810064718045 0.0010290943726655238 0.017565449547411675 -0.0072362178780939323 0.10125016166092501 -0.25079966280765609 0.0033497604890966046 0.0046303388213965024 -0.026311686791233656 -0.021892000490176939 -0.15564690047870269 -0.11285852516812031 0.12238999409312828 -0.16564942396619986 -0.00032962004497044309 -0.20584625821247921 0.037693200403888454 -0.24857130213765566 -0.20567050481933105 -0.052741098831308564 -0.090756054613220685
leaf_weight=20701.245634168386 1324.2715400457382 99.595249742269516 429.06244271993637 330.28059953451157 350.83911603689194 101.76638013124466 234.87274414300919 1176.8097347617149 76.844923734664917 253.07504570484161 217.23342365026474 213.9565235376358 281.69409388303757 192.87322896718979 274.29729157686234 262.2863067984581 62.317126959562302 169.59928238391876 286.76781404018402 453.69245728850365 346.02084535360336 148.53069683909416 364.87905988097191 240.54940289258957 212.93650108575821 375.32892471551895 58.995405822992325 134.41306048631668 134.31989082694054 1900.3801167607307 136.23366305232048 444.30015894770622 3445.7093213498592 102.92241263389587 128.87018248438835
leaf_count=21942 1632 99 77 105 136 55 88 351 66 101 71 68 84 101 72 145 61 60 139 640 102 116 325 143 65 166 69 185 93 1645 128 396 3868 107 108
internal_value=-0.00121078 0.0148852 0.0358655 0.0490512 0.0674771 0.000560479 0.0232676 -0.00352118 -0.0002795 0.00350573 0.0208815 0.000997615 0.00469204 0.00977222 0.0178231 -0.000900826 0.00309776 0.00752554 0.0113083 -0.00289503 -0.000444704 -0.0038904 -0.00217801 -0.00388087 -0.00107176 -0.00260812 -0.00414344 0 -0.00459367 -0.00344744 -0.000255872 -0.00329307 -0.00435825 -0.00453782 -0.00447687
internal_weight=35667.8 4470.23 1809.53 1345.05 779.902 2660.7 565.153 31197.5 7778.14 3784.78 470.308 3314.47 1897.11 961.801 555.991 2558.93 1234.66 718.653 549.054 516.01 935.306 3993.36 464.474 1417.36 405.81 589.285 3844.83 193.408 23419.4 2718.16 714.854 578.62 3651.42 2003.3 3574.58
internal_count=33609 3562 830 406 213 2732 193 30047 5736 1324 172 1152 658 322 156 2677 1045 344 284 701 336 4412 424 494 166 234 4296 254 24311 2369 617 489 4042 1752 3976
is_linear=0
shrinkage=0.0955619


Tree=7
num_leaves=42
num_cat=0
split_feature=7 9 1 2 1 7 2 6 6 1 9 7 2 1 1 8 8 6 6 1 6 7 9 2 9 3 2 1 7 1 2 7 3 6 8 3 7 9 9 1 1
split_gain=139.88 134.963 83.5782 35.6982 19.5231 22.1966 39.3064 35.5721 17.3578 9.23793 3.8479 3.87821 5.02416 3.65779 5.55693 2.79234 5.12096 2.50764 1.85077 1.48823 2.04433 2.38643 5.55653 1.0748 0.83725 0.641876 0.631849 0.50358 0.676375 0.456439 0.339703 0.214937 0.189664 0.164192 0.300548 0.734549 0.134842 0.131516 0.0683129 0.0201301 5.9755e-05
threshold=11.420000000000002 2.3812354573956864 0.84293373149377093 -0.23449138957041016 0.84293373149377093 8.4000000000000021 -0.23449138957041016 -0.37940952255126015 -0.78656609248549325 0.99817629101047833 0.94715805022067745 12.795000000000003 0.012909817866233263 0.89391031859722891 0.86958133671945947 9.0100000000000016 9.1250000000000018 -0.9159756150367534 -0.78656609248549325 0.4749466738948262 -0.70710678118654757 7.4100000000000028 0.02424476175698587 -0.36572252349726903 -5.3388895567353574 3.0050000000000003 -0.20089055513063514 0.74409704927257569 5.3600000000000021 0.95495791161117582 0.82392300575755406 9.620000000000001 3.7250000000000005 -0.60355339059327384 14.215000000000002 2.8850000000000002 11.030000000000001 -4.3824316709869295 -2.2399668639384749 0.94417876540878176 0.99817629101047833
decision_type=2 2 2 2 2 2 2 2 2 2 2 2 2 2 2 2 2 2 2 2 2 2 2 2 2 2 2 2 2 2 2 2 2 2 2 2 2 2 2 2 2
left_child=4 10 30 8 19 15 7 -7 -4 13 24 29 -13 14 -8 32 -17 -18 -14 -1 21 27 -23 25 -2 -19 -15 38 -29 -12 -3 -24 -6 34 -26 -36 39 -25 -21 -28 -39
right_child=1 2 3 -5 5 6 9 -9 -10 -11 11 12 18 26 -16 16 17 23 -20 20 -22 22 31 37 33 -27 36 28 -30 -31 -32 -33 -34 -35 35 -37 -38 40 -40 -41 -42
leaf_value=-0.2275838844835307 0.0038862896148918798 -0.024629361467272744 0.24287239414724249 0.10069016220988054 -0.17768800708390015 0.16375903902991115 -0.043319877921862864 -0.045488733579193794 0.15155883057745323 0.12728736829788892 -0.093484855398774019 0.13538223571342242 0.027462737794273731 -0.016329730575277052 0.092163743637534587 0.039025924050285571 0.041498339612081533 -0.12175374689259109 -0.063866800108005994 -0.30857407263407827 -0.26979122729440641 0.030149045938067671 -0.13457576633447407 -0.21631771540824235 -0.02484814961878546 0.012871306977958833 -0.064470285772476196 -0.13108178741286453 0.020075824641593305 0.017263107911742421 0.00034244409501422448 -0.0019771991566392574 -0.041298575976456871 -0.21262385119818442 -0.0045488539341806663 0.011675013277923831 -0.087629101682839938 -0.080582327591671249 -0.086928042015017956 -0.053183689452053699 -0.14760240159418209
leaf_weight=20738.983583897352 63.715785086154938 229.44890239834785 355.65723609924316 396.71485507488251 2498.2905241847038 396.20190232992172 130.23584207892418 179.09818223118782 333.40950852632523 207.57597598433495 193.0019009411335 116.70741236209869 87.944613635540009 120.5406928062439 127.68313074111938 124.11155050992966 347.71566933393478 96.161559373140335 109.94173750281334 185.31473991274834 2759.7952943444252 262.4048473238945 346.2435250878334 85.376340091228485 203.91767954826355 112.74818503856659 177.98616752028465 197.54617413878441 235.22308367490768 91.908632785081863 98.615991026163101 164.42553400993347 181.82345905900002 711.41906499862671 108.11332643032074 78.02876228094101 119.38964945077896 920.33814600110054 883.98501139879227 804.95308718085289 85.073336541652679
leaf_count=22151 73 156 63 118 1608 95 95 227 119 113 197 49 60 73 108 68 123 95 125 94 3432 143 155 103 182 64 140 85 110 63 121 92 138 909 86 79 70 860 336 538 93
internal_value=-0.001284 0.0178362 0.039807 0.0525553 -0.00315875 0.00141962 0.0091275 0.0306492 0.0658162 0.00170311 0.000148101 0.00640343 0.0137028 -0.000895776 0.0092997 -0.00248184 0.000413859 -0.000954419 0.00376175 -0.00435528 -0.00283175 -0.000661281 0.0035916 -0.00293259 -0.00299716 0.00306576 -0.00313763 -0.00291478 0 -0.00138134 -0.00218344 -0.00206476 -0.00442934 -0.0036742 -0.00167407 0.000687244 -0.00389433 -0.00417159 -0.00402697 -0.0042723 -0.00447969
internal_weight=35667.8 3178.55 1413.85 1085.78 32489.2 6715.3 2263.66 575.3 689.067 1688.36 1764.7 599.504 314.594 1480.79 257.919 4451.64 1771.52 1647.41 197.886 25773.9 5034.94 2275.14 773.074 1299.7 1165.19 208.91 1222.87 1502.07 432.769 284.911 328.065 510.669 2680.11 1101.48 390.06 186.142 1102.33 1090.79 1069.3 982.939 1005.41
internal_count=33609 2400 577 300 31209 4611 1459 322 182 1137 1823 494 234 1024 203 3152 1406 1338 185 26598 4447 1015 390 1215 1329 159 821 625 195 260 277 247 1746 1256 347 165 748 1056 430 678 953
is_linear=0
shrinkage=0.0955619


Tree=8
num_leaves=48
num_cat=0
split_feature=7 9 1 2 1 7 2 3 1 2 3 7 1 9 9 1 4 1 3 8 1 8 1 4 0 5 1 5 0 9 7 2 1 9 3 1 8 1 8 7 4 1 4 8 1 7 7
split_gain=111.003 118.022 68.9314 33.8583 18.3194 20.2478 13.5743 12.7068 11.3907 7.42882 10.7167 13.0614 6.96295 5.58114 3.19234 2.92965 2.27392 1.84817 2.16617 1.1102 1.00813 3.81286 0.81539 1.62945 1.34452 3.37605 0.811699 0.80564 1.08605 1.28101 3.13458 6.68034 1.04171 0.578319 0.388706 0.315437 0.439298 0.564987 0.312761 0.282723 0.167015 0.152607 0.140661 0.0999596 0.0357161 0.0186778 0.0453927
threshold=11.420000000000002 2.6115365138719011 0.84293373149377093 -0.23449138957041016 0.84293373149377093 9.5450000000000017 -0.23449138957041016 3.5050000000000003 0.99699193743116299 -0.15855351192338588 2.8650000000000007 7.4750000000000005 0.9993981459635205 4.0126798556573116 2.2151400279070335 0.89391031859722891 1005.0500000000001 0.4749466738948262 5.2750000000000012 9.0100000000000016 0.99817629101047833 9.5000000000000036 0.64534213713577271 1008.0500000000001 -0.5 -1.0000000180025095e-35 0.93535928755917841 0.12940952255126045 -0.70710678118654757 0.3933133676989567 7.5400000000000018 -0.70862667826445969 0.74409704927257569 3.65902467717846 2.1350000000000002 0.90880922144842613 10.620000000000001 0.86958133671945947 10.450000000000003 9.6700000000000017 1003.7500000000001 0.77214943412548942 1005.5500000000001 10.450000000000003 0.97873101657557349 9.5450000000000017 10.365000000000002
decision_type=2 2 2 2 2 2 2 2 2 2 2 2 2 2 2 2 2 2 2 2 2 2 2 2 2 2 2 2 2 2 2 2 2 2 2 2 2 2 2 2 2 2 2 2 2 2 2
left_child=4 12 34 13 17 9 7 -7 15 10 16 19 14 -4 22 -8 -6 -1 27 -12 35 -22 -2 40 -25 -26 -21 28 -19 30 32 -32 42 43 -3 36 -11 -38 44 -31 -24 -33 -30 -17 -18 -29 -47
right_child=1 2 3 -5 5 6 8 -9 -10 20 11 -13 -14 -15 -16 33 38 18 -20 26 21 -23 23 24 25 -27 -28 45 29 39 31 41 -34 -35 -36 -37 37 -39 -40 -41 -42 -43 -44 -45 -46 46 -48
leaf_value=-0.2058355467076641 -0.24151587137932259 0.00089981893201435939 0.13434337060093074 0.091983083431995988 0.12342716555335341 0.0033566496904170609 0.082425564760655268 0.15888342462886518 0.12689801302066819 -0.30380849667692944 -0.16455780797212843 0.076831389060718208 0.12244485836867207 0.22044798982156208 0.01767552995670215 -0.15482158211240299 -0.19503006331997044 -0.299309601106866 0.026102622992951706 0.0089751370438050215 -0.12020965649794804 0.13849218445856309 -0.015860236061067515 -0.13007529214334776 0.012063265257204553 -0.049629396316033393 -0.031614909833488296 -0.20249187405917513 -0.02232992238274864 -0.16875366401585404 0.018562297639184301 -0.11647875301678277 0.019763266325139372 -0.011604800190920405 -0.02068607021784279 -0.16178829934381697 -0.2057763939149839 -0.0043515322395503491 -0.0046475751984331754 -0.0075843086123337424 -0.0082636083598359427 0.022319873856646178 -0.076912192285378767 -0.11841621012567628 -0.063950079053645054 -0.033446309918896251 -0.20121919567664995
leaf_weight=20738.983583897352 780.40644139051437 86.113663554191589 350.1830347776413 339.26273149251938 140.03227645158768 158.00563645362854 162.68847921490669 181.2558388710022 146.95786273479462 269.14237439632416 158.69586411118507 253.07428675889969 84.359759449958801 309.81290799379349 169.47889682650566 102.18779647350311 711.50706440210342 920.80120068788528 106.91418859362602 150.12477678060532 336.48098561167717 108.73042005300522 93.120657026767731 99.4297114610672 133.72142440080643 98.013381838798523 147.47405898571014 1672.4032009243965 245.50225365161896 702.9559151828289 118.26247811317444 98.540603697299957 277.09780845046043 110.89111030101776 217.01023441553116 2675.5034490525723 97.518580168485641 122.01985841989517 180.42383083701134 149.8486755490303 417.63256406784058 102.76498508453369 455.52681905031204 358.94799613952637 143.64085423946381 89.843638509511948 94.476442396640778
leaf_count=22151 1019 81 101 101 66 99 133 96 79 202 91 151 46 69 93 74 482 1069 78 72 297 89 61 134 69 114 83 1923 73 364 42 90 149 37 171 1761 115 147 119 116 341 73 221 316 102 110 139
internal_value=-0.00145852 0.0155732 0.037644 0.049729 -0.00312878 0.00130571 0.01243 0.0286752 0.00600752 -0.00115391 0.00368045 0.0129504 0.000171647 0.0624254 -0.00105812 0.000978772 -0.00184972 -0.00428782 -0.00260106 0.00301472 -0.00370536 0.000360339 -0.0024149 -0.000231061 0.00484772 0.00893233 0.00654076 -0.00291 -0.00190392 -0.000674737 0.0011616 0.00937802 -0.00144493 -0.0021114 -0.00197175 -0.00430682 -0.00174021 0.00109742 -0.00346638 -0.00357363 -0.00371434 -0.000825768 -0.00346901 -0.00370315 -0.00422768 -0.00451888 -0.00219943
internal_weight=35667.8 3178.55 1302.38 999.259 32489.2 6715.3 1220.93 339.261 881.673 5494.37 1884.97 709.369 1876.16 659.996 1791.8 734.715 1175.6 25773.9 5034.94 456.295 3609.4 445.211 1622.32 841.918 331.165 231.735 297.599 4928.02 3071.3 2150.5 1297.69 319.568 978.127 572.027 303.124 3164.18 488.681 219.538 1035.57 852.805 510.753 201.306 701.029 461.136 855.148 1856.72 184.32
internal_count=33609 2400 523 271 31209 4611 834 195 639 3777 1166 397 1877 170 1831 560 769 26598 4447 246 2611 386 1738 719 317 183 155 4369 2197 1128 648 205 443 427 252 2225 464 262 703 480 402 163 294 390 584 2172 249
is_linear=0
shrinkage=0.0955619


Tree=9
num_leaves=39
num_cat=0
split_feature=7 1 6 2 1 1 6 8 4 3 2 6 0 1 2 2 1 6 4 4 7 6 4 3 2 1 3 7 2 8 1 7 2 7 7 4 8 4
split_gain=101.328 96.0517 80.8138 85.0342 27.3124 8.53871 9.55736 13.0563 10.6359 8.26657 6.5704 10.5011 5.71067 4.4701 3.10542 2.89666 1.5801 2.01469 2.85787 1.44535 1.09493 1.08676 1.51141 1.53587 0.548041 1.17015 0.478011 0.382956 1.88754 0.329409 0.283126 0.25516 0.185707 0.187596 0.213201 0.0621656 0.00933092 1.97749e-05
threshold=10.535000000000002 0.84293373149377093 -0.60355339059327384 -0.23449138957041016 0.99466160899732492 0.4749466738948262 -0.70710678118654757 9.0100000000000016 1009.9500000000002 2.1950000000000007 -0.26781430516217447 -0.12940952255126037 0.37940952255126048 0.93228057993045244 -0.8520459593969173 -0.11593459959550052 0.53436760985011655 -0.60355339059327384 1008.1500000000002 1009.9500000000002 8.2700000000000031 -0.5 1007.35 3.0450000000000004 -0.99862982478704421 -0.030120025924939096 2.9850000000000008 9.0000000000000036 -0.94695267581281539 10.800000000000004 0.99865756837029906 8.0900000000000034 -0.15855351192338588 5.3600000000000021 6.5300000000000038 1011.0500000000001 11.670000000000002 1008.4500000000002
decision_type=2 2 2 2 2 2 2 2 2 2 2 2 2 2 2 2 2 2 2 2 2 2 2 2 2 2 2 2 2 2 2 2 2 2 2 2 2 2
left_child=5 16 3 -3 13 24 7 14 9 -9 11 -4 15 -5 -7 -11 -2 18 -18 -20 32 22 23 -8 25 -1 35 -26 -29 -28 -12 -27 33 -16 -35 -10 -19 -24
right_child=1 2 10 4 -6 6 21 8 26 12 30 -13 -14 -15 20 -17 17 36 19 -21 -22 -23 37 -25 27 31 29 28 -30 -31 -32 -33 -34 34 -36 -37 -38 -39
leaf_value=0.0054373678723521291 -0.22411817523934099 0.18676884564222293 0.040142863517366949 0.038048008695750007 0.10932581250245851 0.0040419509014437251 -0.093802743090463034 -0.099175051798554112 -0.13192525062388685 0.10909978915088007 -0.056393095477460908 -0.16497487378257719 0.01158089120611254 -9.4810078424390363e-05 -0.15322430077785101 0.093785169354511574 -0.0099122563096349352 -0.29560929094711985 0.0083474165283091394 0.0068942791315177061 0.0039768535209780392 -0.32157558171744427 -0.015949264025307087 -0.0007896327791869531 -0.20233174977053034 -0.094585871409262057 0.030602323891253457 0.009370288295111372 -0.26741971154495692 -0.034332066257761508 0.037877368965108973 0.0015706613801032482 -0.15469525454490829 0.0066928177848807604 -0.10352017363501444 -0.068723894909447386 -0.091344057604735629 -0.14433658942885033
leaf_weight=134.02452677488327 1251.4542359113693 592.65838038921356 178.79058647155762 217.01200813055038 254.14648681879044 242.44837754964828 294.7326445877552 301.61039835214615 118.95666044950485 413.01987200975418 472.63959002494812 159.86416208744049 418.47706878185272 367.72074639797211 543.96734803915024 249.66075772047043 237.1388024687767 63.710220158100128 115.5861279964447 117.68448543548584 264.15539997816086 4222.6880712807178 175.08663326501846 322.30833977460861 18415.105071902275 494.94817194342613 148.4687779545784 217.6593998670578 920.10218513011932 145.74406084418297 74.970589220523834 105.39458838105202 1219.3943553566933 337.28403329849243 500.50672072172165 324.536576628685 366.85369819402695 667.26044264435768
leaf_count=96 1571 112 52 94 58 60 111 107 54 121 490 186 143 121 186 80 107 63 74 89 67 5790 66 100 19810 421 65 152 1095 110 66 55 496 94 118 239 479 411
internal_value=-0.00144235 0.0120046 0.0254959 0.0395206 0.0196876 -0.00337298 -0.00120505 0.0017307 0.00751734 0.0124614 0.00268814 0.0131601 0.0163625 0.00804528 -0.00219047 0.0219438 -0.00249283 0.000465013 0.00486783 0.012382 -0.00309474 -0.00392236 -0.00157259 0.00191272 -0.00453395 -0.00174957 -0.00163445 -0.00463349 -0.00271758 0.00110948 -0.00364907 -0.0036513 -0.00370506 -0.00275989 -0.00166176 -0.00366064 -0.00412935 -0.00423457
internal_weight=35667.8 4470.23 2317.8 1431.54 838.879 31197.5 10910.3 5228.23 2120.47 1382.77 886.265 338.655 1081.16 584.733 3107.76 662.681 2152.43 900.973 470.409 233.271 2865.31 5682.08 1459.39 617.041 20287.2 734.367 737.706 19552.9 1137.76 294.213 547.61 600.343 2601.15 1381.76 837.791 443.493 430.564 842.347
internal_count=33609 3562 1179 385 273 30047 8418 1940 919 451 794 238 344 215 1021 201 2383 812 270 163 961 6478 688 211 21629 572 468 21057 1247 175 556 476 894 398 212 293 542 477
is_linear=0
shrinkage=0.0955619


Tree=10
num_leaves=49
num_cat=0
split_feature=7 9 1 6 1 7 6 3 6 2 6 1 0 3 7 9 1 6 7 9 2 7 8 3 1 8 2 1 9 7 9 1 7 3 7 2 3 8 1 8 1 3 3 7 6 1 1 6
split_gain=91.27 87.8254 51.6387 25.347 14.712 16.5519 15.0513 15.582 7.35903 6.42894 9.37518 4.89486 4.27427 3.15096 2.31107 1.92126 1.71399 1.98032 3.45766 5.36405 7.43864 1.22102 1.16203 1.01748 1.00264 3.05377 0.535329 1.17223 0.522779 0.812304 0.517178 0.871977 0.446906 0.337545 0.334417 1.17155 1.82055 0.347591 0.315437 0.439298 0.564987 0.296551 0.29491 0.249464 0.21117 0.0500844 0.157791 0.0375605
threshold=11.420000000000002 2.6115365138719011 0.84293373149377093 -0.78656609248549325 0.84293373149377093 9.5450000000000017 -0.5 3.5050000000000003 -0.78656609248549325 -0.15855351192338588 -0.9159756150367534 0.83354805289222267 -0.5 2.7250000000000005 8.4000000000000021 2.4267074611704982 0.4749466738948262 -0.5 7.4100000000000028 0.3933133676989567 -0.76107606668641947 13.115000000000004 12.490000000000002 2.4650000000000003 0.99817629101047833 9.5000000000000036 -0.99862982478704421 -0.030120025924939096 -1.9508865700070002 5.3600000000000021 1.6908850021393571 0.91585580712236381 9.4700000000000024 3.1250000000000004 8.360000000000003 -0.94695267581281539 3.7250000000000005 8.4700000000000024 0.90880922144842613 10.620000000000001 0.86958133671945947 2.8050000000000002 2.1350000000000002 8.0900000000000034 -0.12940952255126037 0.74409704927257569 0.78297285307474518 -0.60355339059327384
decision_type=2 2 2 2 2 2 2 2 2 2 2 2 2 2 2 2 2 2 2 2 2 2 2 2 2 2 2 2 2 2 2 2 2 2 2 2 2 2 2 2 2 2 2 2 2 2 2 2
left_child=4 8 42 -4 16 9 7 13 11 10 -6 21 -5 -7 22 -16 26 18 28 20 -20 -2 33 -22 38 -26 27 -1 29 -18 47 -32 -21 -12 -28 36 -36 -37 39 -11 -41 -23 -3 -29 -8 -30 -47 -10
right_child=1 2 3 12 5 6 44 -9 30 24 14 -13 -14 -15 15 -17 17 -19 19 32 23 41 -24 -25 25 -27 34 43 45 -31 31 -33 -34 -35 35 37 -38 -39 -40 40 -42 -43 -44 -45 -46 46 -48 -49
leaf_value=0.0049177629215536476 -0.023795103477357797 1.6135973792410404e-05 0.17070262322798049 0.030607289054601392 0.068204084018914285 -0.00023558770595146376 0.015940633328819901 0.13257744653045253 -0.019129649217128366 -0.25999302847845002 -0.10571433599900876 0.063809199810757056 0.073657494111559252 0.033445960979813796 0.10481598207719332 -0.032351434151498229 -0.15933676336355895 -0.29774390967672143 0.038786406903037446 -0.12374635360867375 -0.17341229992898802 0.0016241586101672432 0.0031918374925530156 -0.0037091310855019953 -0.091194525011481689 0.11629533005529437 -0.18681911440721877 -0.085547070244137116 -0.072534007173908135 0.037134900243864226 -0.032111486705217906 0.00053665788289023809 0.0042043912639095843 -0.0053056467447658911 -0.046594171340665909 0.016727735131151528 -0.00060167374064055827 -0.25842817854908495 -0.1325982481234339 -0.30701834897383284 0.045190924729571889 0.0028047888086186325 -0.01930118811552373 0.001420566067759646 -0.31851207166687828 -0.067427917154909103 -0.1406803165632747 -0.11573819085518146
leaf_weight=134.02452677488327 163.96577763557434 86.113663554191589 551.14406853914261 213.51571822166443 465.18050903081894 304.51750093698502 55.951970458030701 276.51657998561859 142.4090735912323 269.14237439632416 778.48980244994164 263.04900068044662 234.59888750314713 223.13467609882355 96.480771988630295 110.67439731955528 233.1023288667202 2203.7619587779045 142.40487921237946 365.93044120073318 118.02868962287903 84.443246722221375 208.20978707075119 125.41412395238876 336.48098561167717 108.73042005300522 17482.221642076969 494.94817194342613 1076.2185138761997 157.40770536661148 157.91224336624146 110.20593059062958 181.7739155292511 225.93774470686913 305.29392898082733 92.023208439350128 182.34337365627289 1940.3222598731518 2675.5034490525723 97.518580168485641 122.01985841989517 65.211692214012146 217.01023441553116 107.80647215247154 360.81399270892143 213.02368873357773 217.8719647526741 888.96587166190147
leaf_count=96 159 81 110 81 132 107 47 76 129 202 629 97 80 75 91 66 135 3078 45 153 73 83 96 89 297 89 18899 421 482 97 150 60 111 152 240 59 77 2300 1761 115 147 74 171 59 529 98 86 1125
internal_value=-0.00156853 0.0138744 0.0329146 0.0433742 -0.00308323 0.000888932 0.0109493 0.0185876 0.000580305 -0.00133369 0.00316014 0.00958261 0.025879 0.0086466 -0.000641269 0.0085303 -0.00412179 -0.00249594 -0.000782535 0.00392766 0.0125528 0.00116701 -0.00229992 0.00191154 -0.00370707 0.000346559 -0.00451163 -0.00175945 -0.00315123 0 -0.00335375 5.33374e-05 -0.00200875 -0.0036953 -0.00460808 -0.00342984 0.000608003 -0.00444424 -0.00430682 -0.00174021 0.00109742 0.00757016 -0.00133458 -0.00365579 -0.00358942 -0.00395742 -0.00246483 -0.00432797
internal_weight=35667.8 3178.55 1302.38 999.259 32489.2 6715.3 1220.93 804.169 1876.16 5494.37 1884.97 576.67 448.115 527.652 1419.79 207.155 25773.9 5034.94 2831.18 933.552 385.848 313.621 1212.64 243.443 3609.4 445.211 20739 736.779 1897.62 390.51 1299.49 268.118 547.704 1004.43 20002.2 2519.98 487.637 2032.35 3164.18 488.681 219.538 149.655 303.124 602.755 416.766 1507.11 430.896 1031.37
internal_count=33609 2400 523 271 31209 4611 834 258 1877 3777 1166 413 161 182 1034 157 26598 4447 1369 471 207 316 877 162 2611 386 22151 576 898 232 1464 210 264 781 21575 2676 317 2359 2225 464 262 157 252 480 576 666 184 1254
is_linear=0
shrinkage=0.0955619


Tree=11
num_leaves=52
num_cat=0
split_feature=7 9 1 1 6 1 7 6 3 6 7 3 1 4 1 6 7 9 4 4 3 8 1 1 6 1 7 0 8 1 8 7 1 3 3 4 1 4 7 3 3 6 4 4 8 9 0 4 8 1 1
split_gain=71.9843 68.4008 43.6948 23.2669 18.2145 12.4827 15.4215 12.7946 11.9848 4.99491 8.38741 7.66621 3.8221 2.71562 2.56525 3.49545 3.39541 5.25203 3.89476 4.64409 3.22279 1.54171 2.96454 1.05423 1.11003 1.47439 1.11833 1.84161 1.0033 0.924148 0.557443 0.555615 0.452026 0.568109 0.50944 0.615385 0.411024 0.365537 0.55828 0.496267 0.314379 0.313059 0.419134 0.211711 0.198241 0.178811 0.12224 0.112448 0.226589 0.0775131 0.0482494
threshold=11.420000000000002 2.3812354573956864 0.85206963063867758 0.97109105924028427 -0.78656609248549325 0.86095304316285726 9.5450000000000017 -0.5 2.9450000000000007 -0.9159756150367534 7.2100000000000035 2.7750000000000004 0.99865756837029906 1004.1500000000002 -0.04732095011389225 -0.70710678118654757 6.8100000000000014 0.34477642018882554 1008.7500000000001 1005.35 3.7250000000000005 12.490000000000002 0.92591620288614507 0.49002412863433359 -0.12940952255126037 0.96683886033945965 13.115000000000004 -0.37940952255126015 13.110000000000001 0.85206963063867758 9.0100000000000016 10.205000000000002 0.74409704927257569 2.4450000000000007 1.7550000000000001 1009.2500000000001 0.79356426026969662 1006.4500000000002 9.6700000000000017 3.6050000000000004 4.0650000000000004 -0.5 1005.0500000000001 1008.85 10.395000000000001 5.6316218650048784 -0.37940952255126015 1007.5500000000001 8.0600000000000023 0.69636977696931246 0.73248728852523659
decision_type=2 2 2 2 2 2 2 2 2 2 2 2 2 2 2 2 2 2 2 2 2 2 2 2 2 2 2 2 2 2 2 2 2 2 2 2 2 2 2 2 2 2 2 2 2 2 2 2 2 2 2
left_child=5 12 28 4 -4 14 9 8 -8 10 30 -12 23 -11 -1 16 32 18 19 -18 -21 40 -23 -2 25 26 29 -28 36 -25 -7 47 34 -34 35 -16 -3 38 41 -40 45 42 -17 -42 -9 -15 -36 -19 -49 -20 -50
right_child=1 2 3 -5 -6 6 7 44 -10 13 11 -13 -14 21 15 37 17 31 49 20 -22 22 -24 24 -26 -27 27 -29 -30 -31 -32 -33 33 -35 46 -37 -38 -39 39 -41 43 -43 -44 -45 -46 -47 -48 48 50 -51 -52
leaf_value=-0.20836924112715971 -0.26436486418229704 -0.0028984620149980571 0.16216745382048925 0.049918287650023756 0.091864361040171857 -0.12839170401962832 0.025750509172994412 0.014417316865604119 0.12072670178630945 0.094799572577473595 0.023784393132791674 0.066018381315125579 0.094198698136698469 -0.12161449966132482 0.0027341813681122638 -0.099201130280746619 -0.062527111165226523 -0.072528569328591738 -0.085403960376102095 0.003871603052917214 0.034605316027629014 0.024649679203519001 -0.033730790686027232 -0.014889262178753233 -0.30950048490574739 -0.0071010702770766768 -0.013674124240162689 0.0070692182468604214 -0.01617540608120922 0.0062897343668497762 0.0026566847868717473 0.0059651435771742433 -0.12675742783462907 0.015815711167125469 -0.040478372095029032 -0.3150649765075883 0.01936218055498292 -0.29952019119063927 -0.32228730671823758 0.0206168555584679 -0.00014163964601125308 -0.22144772874022242 -0.0010861642655687531 -0.12416808352682712 -0.275877273933816 -0.0083701411756085028 -0.074434734920483733 -0.22223206214819216 -0.055631617843998178 -0.047103411677435029 -0.022529229730855225
leaf_weight=15144.738472878933 632.3025798201561 123.23802611231804 373.3805159330368 309.42991858720779 323.05650877952576 546.61299031972885 327.89335304498672 57.29377418756485 413.62135088443756 91.299859225749969 294.64641463756561 255.66470956802368 90.90287446975708 2972.2394476830959 95.440483301877975 270.46075987815857 248.49776738882065 547.67078310251236 179.54908001422882 334.42550301551819 239.55121654272079 156.9855420589447 244.06619194149971 152.71334439516068 307.92293509840965 203.94510662555695 142.00837081670761 117.34786808490753 171.01189580559731 117.55583626031876 248.44027274847031 214.77265280485153 187.39504066109657 225.44097626209259 196.49392354488373 121.83225840330124 113.72962790727615 4532.1890608072281 92.253930598497391 71.089860737323761 171.39830088615417 1030.509378939867 243.49855035543442 121.85502073168755 306.0571006834507 183.77986213564873 1610.2946494817734 109.61961853504181 208.83373826742172 91.940927624702454 100.8723703622818
leaf_count=16818 837 120 72 81 118 169 109 68 127 53 90 68 54 2432 45 108 107 177 229 98 74 96 207 109 457 101 122 71 124 72 85 140 93 97 67 111 62 6030 103 53 135 1336 90 140 452 119 737 35 185 69 57
internal_value=-0.00164545 0.0120682 0.0277102 0.0383889 0.0481301 -0.00299084 0.000781601 0.011045 0.0182441 -0.00134985 0.00364133 0.0127105 -0.000433136 -0.00307847 -0.00391837 -0.00278221 -0.000792619 0.00183438 0.00662218 0.00991784 0.0146334 -0.00348708 0.00195407 -0.00153284 0.000253102 0.00235759 0.00509202 0.00956554 0.00107803 0.000405972 -0.00253945 -0.00252337 -0.00328363 -0.000155962 -0.00387433 9.28836e-05 0.00525865 -0.00426885 -0.00291947 0.00201716 -0.00414785 -0.00350461 -0.00130075 -0.000740875 -0.0034159 -0.00443391 -0.00440262 -0.00353002 -0.00190993 -0.00301958 -0.00331931
internal_weight=35667.8 3178.55 1413.85 1005.87 696.437 32489.2 6391.85 1104.87 741.515 5286.99 1345.36 550.311 1764.7 3941.62 26097.4 10952.6 4712.63 2275.73 1093.96 822.474 573.977 3850.32 401.052 1673.8 1041.49 733.571 529.625 259.356 407.98 270.269 795.053 1181.77 2436.9 412.836 2024.06 217.273 236.968 6240 1707.81 163.344 3449.27 1544.47 513.959 293.253 363.351 3156.02 1806.79 966.997 419.326 271.49 309.706
internal_count=33609 2400 577 271 190 31209 4350 756 236 3594 412 158 1823 3182 26859 10041 2321 1171 577 279 172 3129 303 1769 932 475 374 193 306 181 254 594 1150 190 960 156 182 7720 1690 156 2826 1534 198 275 520 2551 804 454 277 298 242
is_linear=0
shrinkage=0.0955619


Tree=12
num_leaves=49
num_cat=0
split_feature=7 2 6 3 1 6 7 3 2 7 6 6 9 1 1 3 3 6 7 2 7 3 1 6 3 6 7 3 1 2 7 4 3 4 1 7 9 4 0 9 4 9 1 9 9 2 5 4
split_gain=61.6405 60.4587 45.227 20.0568 9.26708 9.1443 10.6249 8.79581 11.1446 7.4346 6.20588 3.60679 2.8665 5.49309 1.96235 3.19497 1.38922 1.94323 6.28249 0.973325 1.136 1.24723 0.797487 1.38392 0.729399 0.637701 0.620774 0.611485 1.45381 0.963993 1.20412 0.610347 0.59612 1.11661 0.433581 0.667854 0.389859 0.268287 0.208812 0.143899 0.139814 0.134525 0.134107 0.132906 0.114267 0.104655 0.10332 0.0185895
threshold=10.780000000000001 0.064506059999340642 -0.60355339059327384 4.1950000000000012 0.45972848220565493 -0.70710678118654757 7.3800000000000017 2.1950000000000007 0.064506059999340642 12.665000000000003 -0.9159756150367534 -0.12940952255126037 1.8542367163866766 0.86095304316285726 0.94970904815366264 3.0450000000000004 3.3650000000000007 -0.12940952255126037 7.8650000000000011 -0.94695267581281539 8.4450000000000003 3.0450000000000004 0.87795195455888941 -0.9159756150367534 1.675 -0.60355339059327384 14.764999999999999 2.2650000000000001 0.74409704927257569 -0.15855351192338588 5.9100000000000028 1007.5500000000001 4.1250000000000009 1005.9500000000002 0.1670500785599974 6.955000000000001 0.20228314502110403 1003.1500000000002 -0.37940952255126015 5.6316218650048784 1012.4500000000002 4.582359907492493 0.95495791161117582 5.0937704837932047 -1.2860132551925998 -0.84291031405530259 -0.60355339059327362 1003.35
decision_type=2 2 2 2 2 2 2 2 2 2 2 2 2 2 2 2 2 2 2 2 2 2 2 2 2 2 2 2 2 2 2 2 2 2 2 2 2 2 2 2 2 2 2 2 2 2 2 2
left_child=4 2 3 9 19 6 27 22 10 -2 -9 47 25 24 15 -10 37 18 43 20 32 -22 23 -8 -14 26 40 31 45 30 -30 -6 34 -34 -1 46 -31 -7 -37 -39 42 -26 -3 44 -18 -29 -36 -4
right_child=1 12 11 -5 5 16 7 8 14 -11 -12 -13 13 -15 -16 -17 17 -19 -20 -21 21 -23 -24 -25 41 -27 -28 28 29 36 -32 -33 33 -35 35 38 -38 39 -40 -41 -42 -43 -44 -45 -46 -47 -48 -49
leaf_value=-0.10179657086693585 0.035116459105707105 -0.062247070672998887 0.020873826268380618 0.13711518242136411 0.0065834779557340127 0.032224730440547814 -0.020202929706960245 0.090434283645967631 0.029823425248203951 0.043448382288204454 0.069479440303826398 -0.17759071405701835 0.0020990941056146153 0.065004126664892942 -0.066431086420545626 -0.015090785234229557 -0.11338203333689631 -0.2351621274277555 0.018170365755819741 -0.18345650826511992 -0.061336882890940858 0.029925695678140952 -0.1193024790707462 -0.10889590213431249 -0.02653938178383998 -0.23976893520183071 0.0040977737359531603 -0.043775990333328761 -0.09095964660386549 0.0095304010975594856 0.021156095117834405 -0.16629416558589583 -0.16883632217664871 0.012928255974391676 -0.046907428722874095 0.033838241137890697 -0.069845312714287774 -0.18055247418246234 -0.026531644494235566 -0.093147854077696962 -0.0094844551794611969 -0.0010253532632401288 -0.0063877828245869966 -0.0080306739356871132 -0.094839588220413329 -0.12428361572730837 -0.078877737179495311 0.002572787091092695
leaf_weight=2339.9673882722855 363.53273177146912 267.20783844590187 201.51211822032928 460.22071200609207 175.34530925750732 71.044005870819092 169.09219598770142 446.76170229911804 116.85376971960068 313.91624808311462 517.10662645101547 310.45806872844696 102.66321685910225 145.82480174303055 318.18112963438034 184.59933906793594 78.715398371219635 656.20142287015915 196.82245421409607 16202.963443130255 190.32685616612434 236.71269416809082 415.33743327856064 169.20511448383331 244.06031101942062 1072.0370157659054 136.72355449199677 262.08378094434738 282.17023581266403 217.16794520616531 259.08198362588882 997.81284236907959 277.42338737845421 212.46398943662643 171.80793344974518 101.15379771590233 328.41691762208939 4285.1667015850544 113.42037785053253 157.82388940453529 102.41396629810333 72.866631120443344 96.746837377548218 110.10562574863434 325.28252178430557 562.57406690716743 420.66163572669029 207.73263520002365
leaf_count=2327 106 289 71 92 68 58 72 124 84 63 149 360 102 67 99 114 66 922 89 18035 192 105 124 84 282 1372 112 63 96 113 66 422 195 134 111 74 128 5136 86 149 109 51 48 64 256 214 382 84
internal_value=-0.00173618 0.0092808 0.0220193 0.033867 -0.00316985 -0.000966515 0.00185258 0.00671749 0.0107647 0.0230035 0.0171828 0.00310717 -0.00125059 0.00455059 0.000600716 0.0062298 -0.00358101 -0.000824861 0.00254831 -0.00439376 -0.00300337 0.0015 -0.00167018 0.00156705 -0.000819999 -0.00326851 -0.000596563 -0.00180559 -0.000688219 0.00154583 0.00443105 -0.00354103 -0.00355857 -0.000246687 -0.00404376 -0.0019214 -0.00115301 -0.00439405 0.00236955 -0.00449062 -0.00239351 -0.00327885 -0.00328831 -0.00286778 -0.00366559 -0.00374138 -0.00363639 0.00905154
internal_weight=35667.8 4097.92 1857.37 1137.67 31569.9 11303 5421.79 2337.14 1583.5 677.449 963.868 719.703 2240.54 565.415 619.634 301.453 5881.16 1367.13 710.926 20266.9 4063.94 427.04 753.635 338.297 419.59 1675.13 603.092 3084.65 1911.49 1086.84 541.252 1173.16 3636.9 489.887 3147.01 807.044 545.585 4514.03 214.574 4442.99 466.369 316.927 363.955 514.104 403.998 824.658 592.47 409.245
internal_count=33609 3208 776 261 30401 8760 2020 850 570 169 273 515 2432 502 297 198 6740 1397 475 21641 3606 297 280 156 435 1930 558 1170 680 403 162 490 3309 329 2980 653 241 5343 160 5285 446 333 337 386 322 277 493 155
is_linear=0
shrinkage=0.0955619


Tree=13
num_leaves=47
num_cat=0
split_feature=7 6 2 2 4 7 6 2 2 3 9 3 4 9 4 6 8 6 2 8 8 4 7 3 2 7 9 7 9 4 6 8 7 8 9 8 9 3 4 2 2 3 3 4 4 4
split_gain=48.1858 43.3081 37.187 23.453 16.9027 4.95675 5.93945 4.90849 9.9384 12.8741 6.39604 3.86671 5.34556 4.81668 3.44599 2.51789 1.47716 2.84287 2.34429 1.23963 1.0154 2.72755 0.731461 0.665213 0.627625 1.99117 0.462675 0.455409 0.578836 0.391129 0.375627 0.667542 1.2809 1.01422 1.58052 0.300916 0.253501 0.426169 0.248399 0.35 0.222467 1.24229 0.0410262 0.0742952 0.379532 0.00244417
threshold=10.365000000000002 -0.60355339059327384 0.064506059999340642 -0.51974381215551546 1004.6500000000002 7.700000000000002 -0.12940952255126037 0.064506059999340642 -0.30081980763566762 2.7750000000000004 -1.1412490288949255 3.0450000000000004 1008.5500000000001 1.7865158696092005 1004.4500000000002 -0.37940952255126015 11.920000000000002 -0.5 -0.15855351192338588 10.395000000000001 10.080000000000002 1009.9500000000002 7.9750000000000005 5.2150000000000007 -0.99862982478704421 6.8100000000000014 -0.37941003514544919 14.035000000000002 3.5163825718211084 1003.6500000000002 -0.5 9.0100000000000016 6.5300000000000038 10.855000000000002 -0.43090211841463949 14.215000000000002 0.26852288081569858 3.8050000000000002 1008.85 -0.65187484896379921 -0.83352489619613901 1.7550000000000001 5.2750000000000012 1007.2500000000001 1007.6500000000002 1010.85
decision_type=2 2 2 2 2 2 2 2 2 2 2 2 2 2 2 2 2 2 2 2 2 2 2 2 2 2 2 2 2 2 2 2 2 2 2 2 2 2 2 2 2 2 2 2 2 2
left_child=5 2 3 -2 -5 16 7 8 10 -10 -7 12 13 -4 15 -3 24 18 -18 22 -9 -22 -12 -16 25 -1 -20 28 -14 -17 31 40 38 34 -34 -13 37 -24 39 -33 41 -26 43 -43 -45 -23
right_child=1 14 11 4 -6 6 -8 20 9 -11 19 35 27 -15 23 29 17 -19 26 -21 21 45 36 -25 30 -27 -28 -29 -30 -31 -32 32 33 -35 -36 -37 -38 -39 -40 -41 -42 42 -44 44 -46 -47
leaf_value=-0.069948074556476059 0.0066748977944614723 0.026963385785174238 0.0077729268382749185 0.13658700753778405 0.065966834412973699 0.051111248795500316 -0.31063390677921132 -0.11837597937862107 0.0059170039013916901 0.085596480163984315 -0.032174622948152057 -0.025670729331328912 -0.039306172302517497 0.062121307803707337 -0.16780570550224769 -0.026304646027313847 0.00072786322583491515 -0.25698259205751217 0.013432197173556553 0.016496651675814707 0.0039258157180979527 -0.023849449089653613 -0.079324408287183915 0.00075357433300408906 0.0061661876021224075 0.0068052061067017649 -0.10503516525302783 3.8891693489143926e-06 0.0044573839938927256 -0.03798525441693177 -0.42072892282850471 -0.086200179545542766 -0.11636923781189704 -0.063561094442838501 0.00021106998577727671 -0.008826998120274444 -0.069423391429956974 -0.0017339769555250004 -0.14282590166562489 0.0075876223589283294 -0.11942758530022034 -0.057929681179641666 -0.12244290320062996 -0.017728594185119771 -0.05696868521840584 -0.059433699470938649
leaf_weight=399.30291843414307 353.43329155445099 188.88220155239105 163.18522921204567 428.75371873378754 489.65517783164978 227.81402105093002 2668.4976608157158 1133.0419963002205 380.61326238512993 282.21765613555908 385.05493184924126 350.27618500590324 227.03511714935303 120.65105408430099 1727.0726208388805 154.141791254282 214.95073848962784 663.25736024975777 87.934268772602081 268.37153744697571 199.17737054824829 76.804125517606735 275.34676551818848 114.98249074816704 296.30972224473953 156.74418982863426 163.54582995176315 91.16780698299408 78.509153068065643 93.642565101385117 9580.7408926188946 175.76236230134964 138.51965215802193 122.8871012032032 126.32987934350967 129.00966835021973 848.99293375015259 150.51084232330322 752.32910433411598 172.54802340269089 7696.4736911952496 1678.465871155262 170.34307056665421 218.29799547791481 879.41442036628723 366.77233573794365
leaf_count=388 119 67 112 86 97 130 3600 851 121 80 124 313 240 75 2146 125 76 741 110 89 132 57 126 102 115 93 154 58 58 84 15086 104 102 110 84 129 328 90 630 72 4409 712 142 94 421 427
internal_value=-0.00195814 0.00703747 0.0159058 0.0271848 0.0352385 -0.00333039 -0.00112784 0.000937894 0.0034312 0.0136431 0.000235881 0.00342397 0.00808005 0.0180435 -0.00239232 0.00512325 -0.00400141 -0.000531584 0.00507423 -0.00151609 -0.00296658 0 -0.00252711 -0.00422937 -0.0041709 -0.000782838 -0.000857252 0.000646313 -0.000868853 -0.000877645 -0.00425214 -0.00386054 -0.00184038 0.00273589 0.00618863 -0.00300078 -0.00364399 -0.00139665 -0.00354005 -0.00104961 -0.00412634 -0.00333117 -0.00393646 -0.00405689 -0.0031187 -0.00410068
internal_weight=35667.8 4710.4 2431.68 1271.84 918.409 30957.4 7263.22 4594.72 2818.92 662.831 2156.09 1159.83 680.548 283.836 2278.72 436.667 23694.2 1129.69 466.431 1928.28 1775.8 642.754 1659.91 1842.06 22564.5 556.047 251.48 396.712 305.544 247.784 22008.4 12427.7 1488.38 387.737 264.85 479.286 1274.85 425.858 1100.64 348.31 10939.3 3242.83 2946.52 2776.18 1097.71 443.576
internal_count=33609 3811 1287 302 183 29798 6155 2555 1088 201 887 985 543 187 2524 276 23643 1081 340 757 1467 616 668 2248 22562 481 264 356 298 209 22081 6995 1102 296 186 442 544 216 806 176 5893 1484 1369 1227 515 484
is_linear=0
shrinkage=0.0955619


Tree=14
num_leaves=53
num_cat=0
split_feature=7 2 1 3 2 8 0 1 8 5 2 3 8 8 1 5 9 9 4 7 3 4 2 9 2 1 7 8 8 9 1 9 9 9 0 1 1 3 1 8 4 4 8 7 7 3 9 2 8 7 9 9
split_gain=41.6893 33.4232 18.9155 15.1687 21.7258 18.61 14.4984 9.40911 7.58147 4.50365 6.36291 3.45123 2.96897 3.91445 2.5906 2.54602 2.4244 2.33274 3.07243 4.37108 3.77563 6.29726 1.50574 2.43698 1.17176 2.55979 1.07541 1.51841 3.13759 1.05217 0.931375 0.89578 0.813341 2.27901 0.668498 0.934111 0.526731 1.7328 0.512253 0.773638 0.429857 1.26931 0.384711 0.303617 0.307451 0.226514 0.447976 0.612964 0.224969 0.131745 0.0262062 0.00083762
threshold=13.115000000000004 0.064506059999340642 0.84293373149377093 3.8350000000000004 -0.23449138957041016 12.570000000000004 -0.37940952255126015 0.99906486341235867 10.130000000000003 0.12940952255126045 0.45207220393230413 2.2950000000000004 10.800000000000004 11.825000000000001 -0.04732095011389225 0.12940952255126045 3.5163825718211084 0.3933133676989567 1007.6500000000002 7.5400000000000018 3.2050000000000005 1005.35 -0.26781430516217447 4.122407044550731 -0.13301470653419609 0.9821165111257959 5.085 7.1650000000000018 6.7600000000000007 -0.32621487697053192 0.49002412863433359 -1.7111420489786473 1.2421757658246018 -0.12250532241160882 -0.5 0.88606241628642846 0.69636977696931246 2.6450000000000005 0.94970904815366264 10.570000000000004 1010.4500000000002 1011.2500000000001 12.885 6.9800000000000031 6.5300000000000038 2.4850000000000008 3.4411819701113022 -0.9668120007078248 6.1850000000000014 9.2800000000000011 -5.1606857065622416 0.46718152904412064
decision_type=2 2 2 2 2 2 2 2 2 2 2 2 2 2 2 2 2 2 2 2 2 2 2 2 2 2 2 2 2 2 2 2 2 2 2 2 2 2 2 2 2 2 2 2 2 2 2 2 2 2 2 2
left_child=2 6 14 8 5 -5 -2 38 24 10 11 -10 -13 -14 -1 17 -7 18 19 26 29 -22 23 42 25 32 -16 28 31 -21 -3 -28 33 -4 51 -36 48 -38 39 -6 -24 -42 -11 44 -29 46 47 -19 -20 -26 -17 -32
right_child=1 30 3 4 7 16 -8 -9 9 22 -12 12 13 -15 15 50 -18 45 36 20 21 -23 40 -25 49 -27 27 43 -30 -31 34 -33 -34 -35 35 -37 37 -39 -40 -41 41 -43 -44 -45 -46 -47 -48 -49 -50 -51 -52 -53
leaf_value=-0.16502420514383934 0.062805131701867176 -0.16703128403733108 -0.030322402252643058 0.092860508880983614 0.008398854772458714 -0.042305193230907798 0.11896885227734706 0.11182901457411461 -0.15728777284135417 0.012964697226371774 0.06970777383245165 0.076348804566163192 -0.023863361613188441 0.031496791188321112 -0.098570995583662002 -0.16577662556381745 0.0062640199456880227 -0.04834622704580039 -0.058392909769176889 -0.0076221491820875351 -0.052784394046055019 0.032738122357832272 -0.080215369915852486 -0.018737930939371549 -0.11876391773800875 0.009511871103542258 -0.016248766649474753 -0.03496548376587974 0.0090511065990316626 0.0036831320647909014 -0.031199936581023668 -0.085117818830110631 -0.11279008103889003 0.030002750822863921 0.00632771887466641 -0.0073838690304585501 -0.22918656054591596 0.014308370996799146 -0.045002423022250465 -0.12002904877429568 -0.014802803494129085 -0.11391779846479111 -0.020771448993285983 -0.05393419790891902 0.0019410306543838523 -0.044184065207408363 0.0041498163831396248 -0.13644833351038316 -0.053615331554098949 -0.14951057913280558 -0.17386000834669324 -0.096283459319080431
leaf_weight=15247.184479117393 361.85864841938019 269.02900090813637 242.28761860728264 302.49593263864517 75.087529599666595 134.34902137517929 303.18486201763153 110.99329948425293 269.7642950117588 106.5199955701828 199.31221058964729 176.05445536971092 245.7890792787075 308.14943277835846 467.75948801636696 60.377950102090836 125.43413406610489 159.37370106577873 129.15367478132248 194.36440527439117 172.49452832341194 186.89199566841125 478.34367975592613 135.14044034481049 2253.8607448637486 259.46435087919235 183.27183243632317 241.79002812504768 215.29313173890114 210.70898893475533 75.934681594371796 246.52291640639305 774.4061476290226 116.05505952239037 198.00751003623009 127.24717175960541 296.3533331155777 138.49762910604477 559.01154735684395 140.32769793272018 95.784196943044662 253.06979823112488 149.85089915990829 321.16680058836937 128.95061653852463 1675.7526930570602 145.65581008791924 872.65484812855721 1232.0229304134846 123.70299458503723 4117.2199247181416 53.792460888624191
leaf_count=16971 113 373 216 123 68 127 79 89 167 94 147 86 121 141 259 80 33 125 99 122 93 73 482 60 1481 135 123 163 94 87 108 126 403 81 150 66 332 133 401 155 93 276 96 163 79 1062 129 839 1417 63 4950 63
internal_value=-0.0019378 0.0142663 -0.00259818 0.00158614 0.0103854 0.025036 0.0296887 0.000930433 -0.000460958 0.00369581 0.00785059 0.00459531 0.00804698 0.00434709 -0.00380084 -0.00269004 0.00575462 -0.0015826 -0.000170659 0.00192565 0.00797762 0.0150995 -0.000323267 0.00445274 -0.00315247 -0.000863984 -0.000593756 0.000727507 0.00410729 0.00137365 0 -0.000416122 -0.00288741 0.000650251 0.00267578 0.00508165 -0.00321996 -9.63986e-05 -0.00271847 0.000886109 -0.00270344 0 -0.000703453 -0.00229226 -0.000153707 -0.00370771 -0.00249249 -0.00322967 -0.00414709 -0.00445079 -0.00457907 -0.00262982
internal_weight=35667.8 1389.05 34278.7 7635.25 1447.7 562.279 665.044 885.42 6187.56 2417.78 1199.07 999.757 729.993 553.939 26643.5 11396.3 259.783 7218.68 4365.24 2569.21 764.46 359.387 1218.71 391.511 3769.78 1392.21 1804.75 1337 645.088 405.073 724.011 429.795 1132.75 358.343 454.982 325.255 1796.03 434.851 774.427 215.415 827.198 348.854 256.371 691.907 370.741 2853.44 1177.68 1032.03 1361.18 2377.56 4177.6 129.727
internal_count=33609 952 32657 5138 996 283 192 713 4142 1763 662 515 348 262 27519 10548 160 5518 3363 1382 375 166 1101 250 2379 835 1007 748 343 209 760 249 700 297 387 216 1981 465 624 223 851 369 190 405 242 2155 1093 964 1516 1544 5030 171
is_linear=0
shrinkage=0.0955619


Tree=15
num_leaves=55
num_cat=0
split_feature=1 4 6 6 7 2 1 1 2 7 8 1 6 7 9 2 4 2 3 9 9 7 0 2 7 3 3 9 3 2 7 3 7 1 4 7 7 2 2 7 3 1 1 4 4 3 3 4 7 7 4 4 7 7
split_gain=28.7101 31.6299 19.7687 10.6834 14.234 7.79458 7.07839 7.01814 6.98365 5.85466 4.1844 4.07236 5.63355 3.54897 4.41175 3.73613 2.80013 2.37838 2.90162 2.18682 3.7754 1.51306 1.3602 0.86743 1.13604 1.66311 0.744657 0.62344 0.582975 0.47314 0.390129 0.50785 0.442838 0.320597 0.28835 0.243674 0.643221 0.168486 1.63741 0.855471 0.162875 0.158452 0.143038 0.0875074 0.494643 0.115611 0.11808 0.0719115 0.0388084 0.223966 0.0363592 0.0690036 0.0194413 0.15993
threshold=0.86095304316285726 1004.2500000000001 -0.78656609248549325 -0.5 9.0600000000000023 -0.2511900638848194 0.99762106698677389 0.92591620288614507 -0.2511900638848194 13.515000000000002 10.450000000000003 0.1670500785599974 -0.5 5.9100000000000028 0.3933133676989567 -0.60505606964884906 1008.4500000000002 -0.098820138732871751 2.1350000000000002 -1.8823668277034871 -1.0000000180025095e-35 13.115000000000004 0.60355339059327384 -0.99862982478704421 6.8100000000000014 3.0450000000000004 3.6650000000000005 5.0937704837932047 3.5450000000000004 -0.9523422988233432 10.205000000000002 1.8350000000000002 11.640000000000004 0.97873101657557349 1014.5500000000001 5.0500000000000034 5.2300000000000031 -0.63872576220844923 -0.66483077113278999 5.9950000000000001 3.6450000000000005 0.67125374152323958 0.73248728852523659 1006.35 1006.1500000000002 1.9650000000000001 1.7650000000000003 1004.9500000000002 6.1800000000000024 6.2600000000000042 1012.5500000000001 1014.7500000000001 6.9299999999999988 6.8100000000000014
decision_type=2 2 2 2 2 2 2 2 2 2 2 2 2 2 2 2 2 2 2 2 2 2 2 2 2 2 2 2 2 2 2 2 2 2 2 2 2 2 2 2 2 2 2 2 2 2 2 2 2 2 2 2 2 2
left_child=11 2 -2 4 10 -6 7 -7 9 -4 17 23 13 35 15 19 -12 18 -3 -15 26 34 -18 24 -1 -26 -21 29 33 -16 42 -32 -33 -9 -17 50 -37 38 48 -40 -19 -38 -31 44 45 46 -14 -5 -25 -50 -13 -52 53 -51
right_child=1 3 8 47 5 6 -8 28 -10 -11 16 12 43 14 27 21 22 40 -20 20 -22 -23 -24 37 25 -27 -28 -29 -30 30 31 32 -34 -35 -36 36 41 -39 39 -41 -42 -43 -44 -45 -46 -47 -48 -49 49 52 51 -53 -54 -55
leaf_value=-0.062551112865603734 0.10765330537517386 -0.1003761351660642 0.0041303665014886569 -0.096380776303440746 0.081938407190270429 0.062454878255230037 0.057963964057590273 -0.005560172377196965 -0.038018994934191704 0.045497588947764657 0.033038410285478277 -0.10579109814412159 -0.26485754265652689 0.0513048998422257 -0.011859442140635499 -0.11356931463935806 0.037026661295657522 -0.097138362158327829 0.0088977471232172377 0.003000882565446616 0.0037409417188710107 0.011062644605998239 -0.016146675788949991 -0.12315994000244616 -0.059699354572334939 0.0017209508853166778 -0.01034937757528533 0.000829755261248952 0.0017190352293854499 -0.1192546820235897 -0.0011365095572988446 -0.017754786827827065 -0.012181760402941402 -0.012753447983906976 -0.028464487361498182 0.0027560669581994236 -0.040850961691957365 -0.20622889393355154 -0.061287610330329617 0.063458529752458206 -0.029636487995496615 -0.073057685872110589 -0.018229431384595832 -0.32017943143393324 -0.045518099898120903 -0.12748729794332431 0.023634344643238207 -0.22468581807920418 0.016068140687966311 -0.058470352750326408 -0.2579398944879962 -0.089036607507426271 -0.09007606569553081 0.0065117366371388501
leaf_weight=399.30291843414307 302.60329753160477 359.58650475740433 191.6320036649704 121.02227106690407 321.3046886920929 219.76385486125946 241.36983263492584 215.84391003847122 206.58776435256004 177.54305744171143 225.30733728408813 1031.2242787778378 96.892756998538971 311.52596336603165 237.82263231277466 394.95029178261757 160.13907092809677 1405.7300592660904 528.62927377223969 330.44542008638382 256.16267162561417 112.44191217422485 229.00537949800491 3014.6669166684151 150.8521563410759 186.62409609556198 306.06056362390518 163.24365472793579 298.3235028386116 668.80948120355606 168.55330401659012 138.58508974313736 308.81540435552597 291.15937638282776 77.012123584747314 143.99789723753929 344.56883671879768 11291.537423074245 161.0089128613472 113.18787482380867 234.57682627439499 143.2520823776722 219.62822937965393 3500.3748984336853 108.10784673690796 702.6736868917942 51.186329931020737 2238.2664340436459 109.62264034152031 573.85214865207672 73.569782376289368 56.021888315677643 1641.6729774773121 111.1210660636425
leaf_count=388 64 103 139 124 72 93 55 92 110 48 75 521 139 131 67 348 58 455 144 97 72 128 133 3312 122 66 111 71 91 346 129 91 211 88 102 71 181 13560 134 58 80 82 96 4932 126 789 78 3073 81 478 98 79 1135 82
internal_value=-0.00203771 0.0030102 0.0200927 0.000874135 0.00350423 0.0108723 0.00736394 0.00376127 0.0094077 0.0172908 -0.000194073 -0.00349338 -0.00192764 0.000106349 0.00181569 0.00523172 0.006829 -0.00194297 0.00196536 0.00827711 0.00567366 -0.000892706 0.00161908 -0.00436487 -0.000983957 0.00292032 0.00154579 -0.00134448 -0.000273073 -0.00191197 -0.00256459 -0.000531415 -0.00234458 -0.00234578 -0.00341557 -0.00336144 -0.00159103 -0.00450558 -0.00396835 0.00301674 -0.00411608 -0.00334829 -0.00386345 -0.00444988 -0.00325493 -0.00407029 -0.000769156 -0.00435802 -0.00433816 -0.00379435 -0.00423888 -0.0013559 -0.00399409 -0.00295607
internal_weight=35667.8 7968.39 878.366 7090.03 4730.74 1587.77 1266.46 1025.09 575.763 369.175 3142.97 27699.4 9945.93 5486.69 3694.06 1788.6 614.452 2528.52 888.216 1204.19 892.669 584.404 389.144 17753.4 736.779 337.476 636.506 1905.46 805.327 1742.21 1504.39 615.954 447.4 507.003 471.962 1792.63 631.819 17016.7 5725.13 274.197 1640.31 487.821 888.438 4459.24 958.861 850.753 148.079 2359.29 5450.94 2436.27 1160.82 129.592 2326.65 684.973
internal_count=33609 5097 361 4736 1539 491 419 364 297 187 1048 28512 9096 3032 2000 989 266 782 247 411 280 578 191 19416 576 188 208 1011 271 940 873 431 302 180 450 1032 334 18840 5280 192 535 263 442 6064 1132 1006 217 3197 5088 1776 698 177 1695 560
is_linear=0
shrinkage=0.0955619


Tree=16
num_leaves=59
num_cat=0
split_feature=7 9 6 8 4 2 2 8 4 2 2 7 2 9 9 6 4 0 7 2 2 6 7 9 8 3 4 7 3 3 2 7 9 7 3 6 7 4 3 2 9 3 8 8 6 4 6 5 9 9 2 6 8 8 9 9 9 9
split_gain=25.2943 30.0009 10.5256 13.5129 8.46528 10.0962 12.9695 7.61991 3.61899 3.6278 5.23164 2.55597 3.84615 3.64719 2.29659 1.97979 1.7668 3.4376 1.71015 1.51512 1.47008 1.54574 1.33979 1.01428 2.04707 0.932103 1.04016 2.18519 0.931592 0.828961 0.529664 0.502598 0.37716 0.787516 0.366309 0.94393 2.51273 0.332952 0.256691 0.293397 0.253475 0.151297 0.319297 0.22297 0.150979 0.058006 0.0538001 0.2109 0.175763 0.348797 0.044492 0.0252586 0.00699998 0.13439 0.00119585 0.00514118 0.146717 0.00867306
threshold=13.115000000000004 2.8026846268406769 -0.5 8.9800000000000004 1008.85 -0.47495107206705001 -0.2511900638848194 12.570000000000004 1007.0500000000001 0.49751328890718055 0.030119189164198128 5.9100000000000028 -0.62538740722492581 -1.9508865700070002 -2.7617351824019845 -0.78656609248549325 1004.85 -0.37940952255126015 7.3800000000000017 -0.9523422988233432 0.85651926849515192 -0.9159756150367534 7.830000000000001 0.17944292862902958 11.215000000000003 3.4650000000000003 1005.1500000000002 9.0000000000000036 2.4150000000000005 3.0250000000000004 0.030119189164198128 8.5300000000000047 3.65902467717846 5.3100000000000014 4.4450000000000012 -0.12940952255126037 9.110000000000003 1008.35 3.5050000000000003 0.081673369964559248 0.22431073563454976 3.2050000000000005 8.0400000000000027 8.495000000000001 -0.60355339059327384 1004.4500000000002 -0.12940952255126037 0.78656609248549325 -2.8470340491331743 -3.8302991802175472 0.56312986467441573 -0.78656609248549325 8.5500000000000007 8.6750000000000007 3.4411819701113022 0.86941375320298253 -0.20096981843822623 0.46718152904412064
decision_type=2 2 2 2 2 2 2 2 2 2 2 2 2 2 2 2 2 2 2 2 2 2 2 2 2 2 2 2 2 2 2 2 2 2 2 2 2 2 2 2 2 2 2 2 2 2 2 2 2 2 2 2 2 2 2 2 2 2
left_child=2 15 3 11 5 25 7 -7 30 10 -10 32 13 14 -13 28 45 19 -19 -18 21 23 -20 29 -25 40 -27 -28 -2 -6 -8 41 52 -34 46 36 -36 -11 50 -40 -5 -14 -43 -44 -17 -15 47 48 49 -4 -23 -52 -1 -54 55 56 -50 -58
right_child=1 -3 34 4 20 6 8 -9 9 37 -12 12 31 16 -16 44 17 18 22 -21 -22 38 -24 24 -26 26 27 -29 -30 -31 -32 -33 33 -35 35 -37 -38 -39 39 -41 -42 42 43 -45 -46 -47 -48 -49 54 -51 51 -53 53 -55 -56 -57 57 -59
leaf_value=-0.094827808974965025 0.011953767395101896 0.1027529213769123 -0.13653568364972007 -0.0075456545550695291 -0.096390186497850361 0.073406340038201207 -0.011742719115066727 0.016109476764080824 0.0024284109165436177 -0.038942259834612046 0.0677957833529792 -0.022317120898829944 -0.099284752002782986 -0.11418242318845613 0.046402108531417581 -0.016580511935276571 0.016014052059699121 -0.035026122536561177 -0.0017849718780479369 0.0015717071053859388 -0.18604857890426713 -0.068229864445616781 -0.016843000611741446 0.033922891412102599 -0.0012185385600759888 -0.0035034302911856816 -0.01002756643769321 0.0062788566404965683 -0.0074561549064426124 0.019628922780643748 0.013564471919261361 -0.0030672441946016545 -0.10906580589028719 -0.017002177117880747 -0.24506631069766632 -0.17708866977694976 0.011953510907254673 0.0032606201648241939 0.00028130515037028917 -0.017076069331661618 -0.021033270522778546 -0.12623734920365354 0.0078704533826125887 -0.10295533463845109 -0.02818715155541594 -0.056646355255518852 -0.38019194357817176 -0.33162444946839775 -0.092057845494286708 -0.030401661545483606 -0.015556309927653082 -0.029796109123599143 0.027658376204641826 -0.12535942282383847 -0.19735729544400923 -0.21686811164985031 -0.077886151976998746 0.026267231561103874
leaf_weight=5792.8093594312668 124.91749662160873 502.42858809232712 107.15606465935707 278.72970473766327 224.07411462068558 329.43136376142502 340.16691249608994 298.15175431966782 246.28857237100601 143.85468435287476 278.29453575611115 217.52439171075821 2383.7902123630047 646.89452987909317 177.68204951286316 122.27451741695404 258.46148473024368 881.53176188468933 275.28197062015533 437.34796321392059 861.91509947180748 550.67399668693542 269.42112076282501 278.32314419746399 204.41367655992508 270.19269919395447 254.98609042167664 174.94135451316833 183.74045556783676 146.50498729944229 269.70766162872314 229.93540278077126 234.64571788907051 126.00885316729546 138.18299868702888 457.57665723562241 71.59267321228981 76.869964092969894 96.777689635753632 131.18642196059227 451.14086157083511 536.19955244660378 119.25376147031784 125.59636697173119 455.69327792525291 229.14831650257111 11415.620133846998 1775.3756941854954 349.55077853798866 66.941702038049698 73.854254007339478 81.149582087993622 106.98756557703018 179.85637223720551 75.794048428535461 317.73019078373909 133.97295752167702 79.216489285230637
leaf_count=3494 86 152 126 134 148 94 83 69 58 145 112 106 1185 225 86 91 71 288 78 142 1271 294 85 108 109 127 146 62 121 108 138 119 185 44 171 596 43 82 44 137 159 300 93 72 502 77 17301 2649 383 77 84 102 72 150 69 337 139 80
internal_value=-0.00208863 0.0105282 -0.00260338 -0.00112057 0.00260703 0.00575696 0.010168 0.0215408 0.00480138 0.00926413 0.013581 -0.00283593 -0.00151948 0.000732563 0.00933987 0 -0.000377893 0.00107839 -0.00155596 0.00659806 -0.0014176 9.62633e-05 0.00254039 0.00308128 0.00597276 -0.000301141 0.00211144 0.00508971 0.006088 -0.000449579 -0.000515535 -0.00379696 -0.00420775 -0.00085839 -0.00450493 -0.0020388 0.00298156 -0.000614439 -0.00253286 0 -0.00274255 -0.00411231 -0.00262822 0 -0.00335735 -0.00400487 -0.00461292 -0.00398403 -0.0027397 0 -0.00343365 -0.000995752 -0.00439059 -0.00261983 -0.00324696 -0.00338304 -0.00259898 -0.000131279
internal_weight=35667.8 1389.05 34278.7 19290 6061.63 3412.76 1982.77 627.583 1355.18 745.308 524.583 13228.4 6788.07 3393.29 395.206 886.626 2998.09 2122.04 1426.23 695.809 2648.87 1786.96 544.703 853.316 482.737 1429.99 700.12 429.927 308.658 370.579 609.875 3394.78 6440.31 360.655 14988.7 667.352 209.776 220.725 933.642 227.964 729.871 3164.84 781.05 244.85 577.968 876.043 14321.4 2905.74 1130.36 174.098 705.678 155.004 6079.65 286.844 956.264 880.47 562.74 213.189
internal_count=33609 952 32657 10686 3814 1409 781 163 618 397 170 6872 2927 1158 192 800 966 664 451 213 2405 1134 163 473 217 628 335 208 207 256 221 1769 3945 229 21971 810 214 227 661 181 293 1650 465 165 593 302 21161 3860 1211 203 480 186 3716 222 1008 939 602 219
is_linear=0
shrinkage=0.0955619


Tree=17
num_leaves=54
num_cat=0
split_feature=1 4 6 7 6 3 1 6 0 1 9 9 2 8 2 3 6 7 9 2 6 4 6 7 7 8 4 3 9 2 8 6 2 2 1 8 7 1 7 8 4 2 4 9 3 1 8 1 7 8 8 8 3
split_gain=23.1821 24.3729 15.238 9.04856 9.33261 5.68954 4.07623 4.83386 4.3587 3.92914 2.83585 3.63595 4.43568 2.72256 2.52337 3.57568 3.92099 2.35801 2.43342 2.73971 2.07264 1.93004 1.5724 1.49776 3.1534 1.1554 1.13077 1.25323 1.05648 0.725396 0.60269 0.730971 0.540477 0.530445 1.55227 3.08473 0.518108 0.688866 0.440528 0.748652 1.28427 0.69845 0.402902 0.318183 0.210375 0.147631 0.146617 0.127686 0.0990077 0.0349283 0.0849546 0.093772 0.0107849
threshold=0.86958133671945947 1004.2500000000001 -0.60355339059327384 9.5450000000000017 -0.60355339059327384 4.1950000000000012 0.1670500785599974 -0.12940952255126037 0.37940952255126048 0.95992380042979863 0.3933133676989567 -0.20096981843822623 -0.84291031405530259 10.185000000000002 0.064506059999340642 2.7750000000000004 -0.5 5.3600000000000021 -1.7111420489786473 0.76663042157996963 -0.37940952255126015 1008.85 -0.98296291314453399 7.8650000000000011 6.5300000000000038 8.9800000000000004 1007.4500000000002 2.0950000000000002 3.3711384129479325 0.59818091440591625 10.080000000000002 -0.78656609248549325 -0.9523422988233432 -0.62538740722492581 -0.74981945761428159 7.5700000000000029 8.0500000000000043 0.98801351631316348 6.1800000000000024 7.0549999999999988 1006.1500000000002 -0.99981480381338828 1006.2500000000001 -3.8302991802175472 5.5650000000000004 0.83354805289222267 8.8599999999999994 0.11593352601052392 9.5450000000000017 9.3700000000000045 11.355000000000002 13.91 4.3350000000000009
decision_type=2 2 2 2 2 2 2 2 2 2 2 2 2 2 2 2 2 2 2 2 2 2 2 2 2 2 2 2 2 2 2 2 2 2 2 2 2 2 2 2 2 2 2 2 2 2 2 2 2 2 2 2 2
left_child=6 2 -2 14 5 9 33 8 10 -5 11 17 -13 -6 15 22 21 -8 19 23 -4 -17 -3 24 -19 -14 46 -28 32 -30 -16 -32 -12 34 35 -1 -24 -38 -36 40 -40 -41 -18 -10 -15 49 -20 -43 -45 -34 -51 -52 -33
right_child=1 3 20 4 13 -7 7 -9 43 -11 28 12 25 44 30 16 42 18 26 -21 -22 -23 36 -25 -26 -27 27 -29 29 -31 31 52 45 -35 38 -37 37 -39 39 41 -42 47 -44 48 -46 -47 -48 -49 -50 50 51 -53 -54
leaf_value=-0.040144010275466026 0.084365604488285437 -0.00012617532205949039 0.013514876408303055 0.037743459947764346 0.022096006212368437 0.077355372359334901 -0.076869850023406294 -0.24595527275652984 -0.14380393258937657 -0.00076298446894425547 -0.018850450040059873 0.015423036151789957 -0.13189221599214035 -0.05378461149295323 -0.094798843837566427 0.05804583493329659 0.011614048135047662 0.03678609008974295 -0.036063280433961231 -0.059844868990472144 -0.029492138761504885 0.00071909300609745703 -0.066260234142131516 0.060246609021469347 -0.052821186835297539 -0.0026317713110838039 -0.079856754406778571 0.012210162207306237 -0.0028140010447976985 0.0031163318835261758 0.0076716818927909441 -0.2106286746996292 -0.12212552890659326 -0.17861146323366572 -0.091922376148833237 0.016727175824880335 0.0056170356861681972 -0.069317910610843733 -0.073516187025119417 -0.030321851656294013 0.0053688978440937811 -0.057305579951546108 -0.13307019262416162 -0.082513254087689281 -0.012553451569773947 -0.00086283833105628091 -0.008759494585165022 -0.1180808315762872 -0.01769408134881131 -0.0029433821638351633 -0.012200528426141921 -0.011819933871167561 -0.24595376328650678
leaf_weight=229.6465645134449 457.28632575273514 146.33359503746033 167.9735255241394 392.43873935937881 68.831631422042847 262.05532521009445 499.28035640716553 3562.5735457241535 105.96688231825829 483.15453958511353 267.34651130437851 253.15594363212585 160.88836160302162 599.56913164258003 1838.663755685091 413.58185470104218 80.054300785064697 208.72882622480392 355.39303055405617 138.63271129131317 193.77756914496422 277.88729602098465 1064.6713302135468 146.32425040006638 197.13347691297531 168.87022280693054 87.728289067745209 146.69964212179184 267.61015409231186 171.86528015136719 237.93216544389725 256.71347257494926 729.28916281461716 11192.643073022366 3321.7219253480434 143.44457322359085 153.64292198419571 175.2611095905304 278.65935543179512 152.77981922030449 279.08055821061134 1981.5227361619473 307.07880058884621 1840.4818136692047 64.099264919757843 148.18063002824783 205.7850895524025 173.95052570104599 106.93526375293732 133.36806744337082 228.01552301645279 82.789429605007172 60.272352427244186
leaf_count=192 105 41 51 128 54 63 172 5018 131 148 77 72 60 721 1185 107 85 112 119 176 183 103 764 117 104 102 71 97 88 131 120 373 279 13464 3620 96 107 87 180 87 148 1484 346 1705 63 46 100 145 94 108 198 87 95
internal_value=-0.00216544 0.00246947 0.01803 0.000597978 0.0062755 0.0116953 -0.00344523 -0.00190695 -0.000369504 0.0077964 0.00125011 0.0033686 0.0100128 -0.00202607 -0.00150392 0.000514887 0.00475745 0.00136058 0.00330389 0.00744631 0.0030434 0.00908897 -0.00239901 0.0105011 0.00705911 0.00234198 -0.000188058 0.0052216 -0.00138727 0.00264549 -0.00374971 -0.000775955 -0.00256397 -0.00432449 -0.00357854 0.00223718 -0.00343589 0 -0.00394512 -0.00298057 0 -0.00373986 -0.0027478 -0.00403804 -0.0040321 -0.00337438 -0.00262761 -0.00419773 -0.00432171 -0.00373731 -0.00244385 -0.00331506 -0.00389878
internal_weight=35667.8 7701.28 819.037 6882.24 1870.15 1137.65 27966.5 10213 6650.47 875.593 4597.08 2568.62 582.915 732.5 5012.09 2618.51 1078.6 1985.71 1486.43 690.819 361.751 691.469 1539.91 552.187 405.862 329.759 795.606 234.428 2028.46 439.475 2393.58 554.918 1588.99 17753.4 6560.81 373.091 1393.58 328.904 6187.71 2865.99 557.74 2308.25 387.133 2053.38 663.668 1321.64 561.178 2155.47 1947.42 1173.46 444.173 310.805 316.986
internal_count=33609 4929 339 4590 1177 339 28680 9264 4246 276 2316 1302 234 838 3413 1640 641 1068 896 509 234 210 999 333 216 162 387 168 1014 219 1773 588 795 19416 5952 288 958 194 5664 2044 328 1716 431 1930 784 718 219 1629 1799 672 393 285 468
is_linear=0
shrinkage=0.0955619


Tree=18
num_leaves=59
num_cat=0
split_feature=1 2 3 1 9 4 1 8 2 1 9 1 6 8 0 2 3 2 6 8 4 6 1 2 3 1 3 1 2 9 8 8 9 9 1 9 5 5 3 2 1 6 9 0 2 8 6 8 4 4 5 1 1 1 0 0 1 8
split_gain=19.2104 18.2248 19.1312 12.0016 10.0231 9.60707 4.77727 6.39942 14.6068 5.33908 5.19198 3.44878 4.37263 2.66224 2.39883 2.06135 3.90858 1.89112 1.95341 1.82303 1.41845 1.26791 1.21955 1.61715 1.01899 0.88978 0.885034 1.13618 0.803602 1.83203 0.760632 0.608085 1.6104 0.489217 0.443309 0.415093 0.379592 0.357018 0.430013 0.330119 2.43897 1.24053 0.301226 0.286982 0.219098 0.200772 0.179328 0.17847 0.131733 0.163671 0.10503 0.156973 0.118071 0.602819 0.118747 0.0752263 0.223398 0.00810123
threshold=0.86095304316285726 -0.2511900638848194 3.4450000000000007 0.95236875646279973 3.8325567343025146 1003.85 0.99817629101047833 9.5000000000000036 0.012909817866233263 0.89391031859722891 1.8542367163866766 0.1670500785599974 -0.5 13.110000000000001 0.37940952255126048 -0.8520459593969173 2.5250000000000004 -0.13301470653419609 -0.9159756150367534 8.9500000000000028 1006.5500000000001 -0.70710678118654757 0.49002412863433359 0.56312986467441573 3.8050000000000002 0.92263100495486405 2.7950000000000004 0.59125596962661842 -0.99862982478704421 -1.7736156707084054 9.1650000000000009 7.7500000000000027 0.10224542043327213 -6.4121108504879798 0.77214943412548942 -1.9508865700070002 -0.60355339059327362 -0.91597561503675329 3.9350000000000005 -0.62538740722492581 -0.74981945761428159 -0.5 -3.4537840477485733 -0.9159756150367534 -0.65187484896379921 7.8150000000000004 -0.9159756150367534 14.795000000000002 1012.6500000000002 1013.5500000000001 -0.37940952255126059 0.11593352601052392 -0.56314550935064722 -0.59125596962661853 -0.37940952255126015 0.60355339059327384 0.69636977696931246 13.175000000000002
decision_type=2 2 2 2 2 2 2 2 2 2 2 2 2 2 2 2 2 2 2 2 2 2 2 2 2 2 2 2 2 2 2 2 2 2 2 2 2 2 2 2 2 2 2 2 2 2 2 2 2 2 2 2 2 2 2 2 2 2
left_child=11 2 5 4 25 -2 9 45 -9 10 21 28 14 46 15 16 -13 18 -11 35 31 -3 -21 24 34 -4 27 -25 29 -1 -20 -18 -33 -19 -24 -17 -31 38 43 40 41 -30 -16 -14 -45 -8 -7 48 -35 -50 51 52 53 54 -42 56 -44 -29
right_child=1 6 3 -5 -6 13 7 8 -10 17 -12 12 37 -15 42 19 20 33 30 22 -22 -23 23 26 -26 -27 -28 57 39 36 -32 32 -34 47 -36 -37 -38 -39 -40 -41 50 -43 55 44 -46 -47 -48 -49 49 -51 -52 -53 -54 -55 -56 -57 -58 -59
leaf_value=0.023458059810418371 0.048526699385396575 0.045739951412158704 0.009502715654140452 0.082926609919217228 0.084838189953809845 -0.02732290937213621 0.0071147942838467914 -0.043130490824979356 0.057298412271584775 0.0059604167941101583 0.037754523966863796 0.015965105275404474 -0.095836117032899973 0.0088941158854601975 -0.11269745817492487 -0.012070637055884846 -0.046670624375439826 -0.0087688956029123889 0.0013707193391133388 -0.10109803483023407 0.0018949923314633299 -0.05638027639544814 -0.0081149509196595474 0.0060068986991961342 0.0058301370266080794 -0.084405665007737982 0.0094683541911627211 -0.093596959275721939 -0.00045521928688285746 -0.034564300015639912 -0.02861721814420835 0.018857544265463086 -0.05031863060091369 -0.060359165349306909 -0.031276913307903803 -0.062939618236812545 -0.03733559981143194 -0.36534286617414075 -0.0081582055125229893 -0.16154302079160585 -0.069023123555124563 -0.28668225438539124 -0.051052884321434393 -0.0061085865995091264 -0.078377462140196322 -0.080289927124329516 -0.088894391940860046 -0.011318097628866401 -0.19026228044208299 -0.21266987419809719 -0.081671837925271967 -0.10175338242926156 -0.086994713014812083 -0.0073930845205345003 -0.046089950351315717 -0.11102361982058694 -0.034376178697073045 -0.013483221008339584
leaf_weight=87.107047736644745 153.41518032550812 139.5440993309021 216.39612275362015 220.98867046833038 364.08899649977684 256.83746141195297 89.224361389875412 229.96699249744415 138.61772191524506 248.15156817436218 138.83769011497498 255.84206622838974 598.13098406791687 179.44599211215973 93.463397622108459 278.56212851405144 299.77377408742905 131.12996104359627 211.15500915050507 236.94149962067604 445.87803441286087 181.94328856468201 210.03717046976089 91.867235779762268 223.09850257635117 138.14663732051849 167.25847774744034 84.527854919433594 254.49314224720001 223.92253589630127 398.88349011540413 177.65640389919281 205.46701091527939 3180.9940348863602 343.02257025241852 941.87307977676392 425.74958723783493 3362.0629923045635 136.78095871210098 11192.643073022366 493.66071590781212 118.59799548983574 340.11153185367584 212.48916077613831 149.77142313122749 247.25662422180176 694.35958844423294 142.85154592990875 132.02445530891418 134.13495334982872 2950.3525136113167 128.78264945745468 1573.6766794621944 136.90887239575386 167.55431836843491 830.60105082392693 181.03289860486984 79.676819682121277
leaf_count=88 62 65 109 90 86 73 113 135 72 63 78 61 690 94 113 116 99 109 149 367 113 241 81 79 63 103 143 93 96 134 292 92 75 2085 123 328 354 4927 115 13464 384 192 247 129 203 184 535 128 109 122 3180 108 1296 72 48 689 88 62
internal_value=-0.00225253 0.0018743 0.00921852 0.0195691 0.0132944 0.00154753 -0.000955081 0.00636676 0.0150636 -0.00200075 0.00772567 -0.00344316 -0.00199986 -0.00143852 -0.000175256 0.00100184 0.0039958 -0.00300271 0.000951687 -0.000525603 0.00147252 0.000704839 0.00173819 0.00302262 0.000298567 0.00154216 0.00776507 0.00365175 -0.00424605 -0.000983957 -0.00183553 -0.00115257 0.00117955 -0.00393988 -0.00177404 -0.00326468 -0.00285746 -0.00422247 -0.00252387 -0.00438162 -0.00371328 0.00360853 -0.00352757 -0.00327726 -0.000816766 -0.00292578 -0.00352757 -0.00415628 -0.00429674 -0.00161261 -0.00423307 -0.00359068 -0.00376776 -0.00249782 -0.00375506 -0.00390762 -0.0025271 -0.000611035
internal_weight=35667.8 7968.39 2223.68 939.62 718.632 1284.06 5744.72 705.066 368.585 5039.65 460.325 27699.4 9945.93 1130.64 5486.69 4041.48 1384.62 4579.33 858.19 2656.87 1128.78 321.487 1436.43 1199.49 776.158 354.543 423.33 256.072 17753.4 736.779 610.038 682.897 383.123 3721.13 553.06 1220.44 649.672 4459.24 1097.17 17016.7 5824.03 373.091 1445.21 960.392 362.261 336.481 951.197 3590 3447.15 266.159 5450.94 2500.58 2371.8 798.124 661.215 1351.75 521.144 164.205
internal_count=33609 5097 1152 388 298 764 3945 504 207 3441 384 28512 9096 702 3032 1895 440 3057 504 1455 379 306 1011 644 267 212 377 234 19416 576 441 266 167 2553 204 444 488 6064 1137 18840 5376 288 1137 1022 332 297 608 2444 2316 231 5088 1908 1800 504 432 1024 335 155
is_linear=0
shrinkage=0.0955619


Tree=19
num_leaves=44
num_cat=0
split_feature=1 6 8 2 1 4 2 1 1 1 2 6 1 4 2 1 4 4 0 1 2 1 3 9 5 2 9 8 9 1 0 8 4 9 9 3 9 9 3 4 9 8 8
split_gain=16.7953 16.414 11.9866 7.89349 19.2032 17.6786 7.17637 6.17239 4.29338 7.09825 2.12991 1.91981 2.6622 1.85061 1.44911 1.80993 1.41638 3.39587 1.41422 1.53134 1.17937 3.61201 1.04234 1.03658 1.02202 1.24063 1.50662 2.53961 0.752347 0.685176 0.647446 1.51646 0.514737 0.944862 0.50069 0.348789 0.195338 0.192198 0.0915642 0.0882629 0.0450146 0.0240061 0.0220817
threshold=0.45972848220565493 -0.5 9.0100000000000016 -0.2511900638848194 0.88606241628642846 1005.9500000000002 -0.84291031405530259 0.99817629101047833 0.90880922144842613 0.86958133671945947 -0.62538740722492581 -0.5 -0.73831951690629072 1007.4500000000002 -0.94695267581281539 0.1670500785599974 1005.7500000000001 1008.0500000000001 0.37940952255126048 0.84293373149377093 0.012909817866233263 0.95236875646279973 3.8350000000000004 4.582359907492493 -0.91597561503675329 -0.15855351192338588 1.4489232199185376 7.915 -1.6835020092900856 0.79356426026969662 -0.37940952255126015 7.6500000000000012 1008.0500000000001 0.7172509974810134 3.4411819701113022 4.4150000000000009 1.3279240974452213 -1.1412490288949255 3.8650000000000007 1009.35 -3.7007629824741382 12.345000000000001 11.629999999999999
decision_type=2 2 2 2 2 2 2 2 2 2 2 2 2 2 2 2 2 2 2 2 2 2 2 2 2 2 2 2 2 2 2 2 2 2 2 2 2 2 2 2 2 2 2
left_child=10 2 6 4 13 -6 -2 8 9 18 11 12 -1 22 15 30 -17 -18 19 29 21 28 41 32 25 26 27 37 -8 34 31 -14 -10 -34 -5 36 -32 -3 -30 40 -16 -4 -20
right_child=1 24 3 7 5 -7 20 -9 23 -11 -12 -13 14 -15 39 16 17 -19 42 -21 -22 -23 -24 -25 -26 -27 -28 -29 38 -31 35 -33 33 -35 -36 -37 -38 -39 -40 -41 -42 -43 -44
leaf_value=-0.0059087194890168667 0.0077182337076654884 -0.064894068883388945 -0.023625699056807177 0.0044637358320690802 0.076620337044490727 -0.0046118604867884582 0.016110551697777645 0.049324217760465423 -0.016509649303990109 0.039201497852840467 -0.15022902608121616 -0.26368991560019261 -0.063845212301121584 0.0091788383638772078 -0.047311341252128103 -0.01859356213276301 0.018045663503617727 -0.026269228719928577 -0.0028769737336653729 -0.035592390526083137 -0.078314169266111996 0.021546511303244656 0.0049946886256637497 0.002123767876807701 -0.25765375458733242 -0.15094926896547833 -0.0076871105786696092 0.0093069809562904646 -0.084268517711916027 0.012574984257470036 -0.051964329229753178 0.0092387264099921939 -0.014398248401709484 -0.00046483784924466066 0.0046881767067853373 -0.0081590735028074287 -0.11913339595482388 -0.090106390781804976 -0.031306776654777081 -0.026092208342148124 -0.053265410779458067 -0.013758681082770013 -0.054691480419555356
leaf_weight=321.68035167455673 487.3992378115654 91.329537332057953 222.32653224468231 286.44072413444519 560.26122015714645 317.20831632614136 290.12362113595009 324.36698460578918 611.16169536113739 196.44000095129013 12526.382790386677 3214.7922962605953 270.04234200716019 232.12701427936554 166.31314140558243 206.00016498565674 315.29504758119583 252.79741704463959 90.369319468736649 128.68251329660416 1590.9458727836609 317.66168689727783 299.33343243598938 273.06252092123032 3834.3977641165257 709.11700174212456 329.51322627067566 194.52525609731674 1091.9835687279701 147.69235515594482 895.04262492060661 262.58210295438766 426.95658898353577 456.32071298360825 97.2934410572052 210.98956704139709 142.96178817749023 139.4172825217247 259.85068428516388 168.48282754421234 2283.2226342856884 255.00261104106903 169.8747835457325
leaf_count=128 127 70 88 290 124 97 111 87 199 120 15192 5120 122 87 86 83 111 94 109 55 649 117 90 85 5813 834 221 123 317 94 460 110 177 153 69 152 84 93 73 92 1038 79 186
internal_value=-0.00220335 0.000306191 0.0027667 0.00585053 0.0107712 0.0210971 -0.0011024 0.00292235 0.00147442 0.00612152 -0.00391293 -0.002738 -0.00162516 0.00166596 -0.00216436 -0.000502124 0.00330108 0.00581565 0.00246085 0.00486601 -0.00261759 -0.00098459 -0.000465658 -0.00141357 -0.0039167 -0.00166442 0.000929684 0.00477345 -0.00283395 0.00719 -0.00220945 0.000425955 -0.00244201 -0.000830325 0.00461608 -0.0034067 -0.0041255 -0.00165922 -0.00379956 -0.00374921 -0.00391222 -0.00333725 -0.00327133
internal_weight=35667.8 14431.2 9132.89 5094.92 1886.26 877.47 4037.96 3208.66 2884.29 1116.79 21236.6 8710.2 5495.41 1008.79 5173.73 2555.71 774.093 568.092 920.353 660.109 3550.57 1959.62 776.663 1767.5 5298.3 1463.9 754.785 425.272 1641.96 531.427 1781.62 532.624 1494.44 883.277 383.734 1248.99 1038 230.747 1351.83 2618.02 2449.54 477.329 260.244
internal_count=33609 10737 3583 2189 565 221 1394 1624 1537 923 22872 7680 2560 344 2432 1216 288 205 803 508 1267 618 257 614 7154 1341 507 286 501 453 928 232 529 330 359 696 544 163 390 1216 1124 167 295
is_linear=0
shrinkage=0.0955619


Tree=20
num_leaves=59
num_cat=0
split_feature=6 7 9 8 2 7 3 8 2 2 2 9 2 7 2 4 7 9 4 3 8 6 3 7 3 0 2 7 9 2 2 8 3 5 3 7 2 3 2 9 2 9 7 9 6 7 9 2 3 0 9 9 3 7 7 2 8 9
split_gain=14.9328 17.6139 6.3561 10.2199 4.41033 3.444 3.25077 3.58247 3.77265 18.5118 3.24352 2.77905 3.1463 2.28647 3.05798 2.83765 2.78689 2.43828 2.23453 1.67293 1.65566 1.58804 1.99776 1.28155 1.30351 0.952521 1.20302 0.674172 0.592403 0.772504 0.686318 0.57772 0.560958 0.491444 0.78046 1.1316 1.38297 0.397832 0.58984 0.320639 0.276601 0.561605 0.233215 0.399884 0.248609 0.39317 0.124233 0.100713 0.0986099 0.0849492 0.223792 0.356379 0.0846535 0.0773165 0.0772292 0.318086 0.0147351 0.107468
threshold=-0.5 7.8650000000000011 4.8960588737313513 12.490000000000002 0.87377473702374975 13.800000000000001 1.925 12.725000000000003 -0.30081980763566762 -0.24284072672761489 -0.073092422389869308 -0.92572812518123537 0.030119189164198128 5.0000000000000027 -0.10737736916418625 1004.85 7.4750000000000005 -1.7111420489786473 1006.5500000000001 2.4350000000000005 9.0100000000000016 -0.98296291314453399 2.9550000000000005 5.9100000000000028 3.6250000000000004 -0.37940952255126015 -0.8038981836306559 6.1800000000000024 0.3933133676989567 -0.8520459593969173 -0.70862667826445969 7.7700000000000022 3.0450000000000004 -0.91597561503675329 3.6050000000000004 9.8200000000000038 -0.62538740722492581 2.9550000000000005 0.064506059999340642 -3.9012463522654275 0.48250774176121808 1.9598631322341158 4.4100000000000028 -3.3552633360492936 -0.98296291314453399 4.7200000000000015 -2.3197953995181115 -0.39754281428255622 5.8450000000000006 -0.9159756150367534 -2.8470340491331743 -3.8302991802175472 4.3350000000000009 7.2100000000000035 8.3200000000000038 -0.15855351192338588 8.2900000000000027 0.89586502293912507
decision_type=2 2 2 2 2 2 2 2 2 2 2 2 2 2 2 2 2 2 2 2 2 2 2 2 2 2 2 2 2 2 2 2 2 2 2 2 2 2 2 2 2 2 2 2 2 2 2 2 2 2 2 2 2 2 2 2 2 2
left_child=1 13 4 -4 5 6 40 8 18 -10 -7 -11 -13 42 15 46 17 23 28 -12 21 22 -19 -17 -25 26 -23 -22 29 -8 -30 -18 -9 34 49 36 -36 -16 -39 -40 47 -42 -1 -44 45 -45 -15 -3 -37 -2 51 -51 -34 -27 -52 -56 -41 -58
right_child=33 2 3 -5 -6 10 7 32 9 11 19 12 -14 14 37 16 31 20 -20 -21 27 25 -24 24 -26 53 -28 -29 30 -31 -32 -33 52 -35 35 48 -38 38 39 56 41 -43 43 44 -46 -47 -48 -49 -50 50 54 -53 -54 -55 55 -57 57 -59
leaf_value=-0.1055695055546145 -0.15424179818830708 -0.069587937782773238 0.0018893156623189175 0.083092331546898213 -0.11790750347357351 0.055311815027718647 0.014248970640117627 -0.0028937874294369826 0.039301457230409204 -0.059709643105803845 0.014934435248605217 -0.024763948923815109 0.02622934069586105 -0.11989828488658072 -0.072277259453164808 -0.044683127409130156 0.004289737994173275 0.0080807669226275747 -0.0043459279913476007 -0.0084605180282415066 -0.048550428557488194 0.0084580299555556786 -0.030304475564586462 -0.017423253587995714 0.0047189706247178723 -0.039068298100918976 -0.12747734725544846 0.011042110952068127 -0.051260438604174445 -0.0079550394873250992 0.0038643807992927433 0.0011310778122032253 -0.0092072160350666864 -0.38550195023954953 -0.084270042821182042 -0.020449227952492471 0.0099030869604255743 0.021642559341379475 0.011419158631429135 -0.090873244435436817 -0.1062038997824185 0.0037569596181774275 0.0085709149146272912 -0.025432090504391269 -0.051067829691068274 -0.057323737652777436 -0.07073935370480168 -0.083448404679116933 -0.0026663790166080404 -0.12464679952937012 -0.12193531884514248 0.013150705243221887 -0.012577909591019952 -0.015528237228692621 0.022199931063863691 -0.16709050319851781 -0.093928828276806389 -0.063466541052072278
leaf_weight=3002.5960062146187 1887.067205697298 242.19823694229126 250.92694228887558 258.36350429058075 673.80638620257378 196.25274872779846 198.27249187231064 192.63920205831528 178.56915801763535 271.57496333122253 129.21736824512482 351.44448351860046 819.3825623691082 188.85400784015656 2359.2821094989777 238.73900681734085 254.52288138866425 288.39520460367203 357.9955347776413 211.44336581230164 210.12969607114792 296.87265855073929 315.44253540039062 224.72332283854485 218.14383429288864 1507.8559775352478 274.89219588041306 206.85705518722534 546.13752222061157 215.89280027151108 219.62521404027939 281.66505366563797 395.30102384090424 11833.29516556859 79.001205950975418 255.3916856944561 126.9074712395668 98.707335323095322 97.618730187416077 389.97840625047684 139.00325536727905 106.28489714860916 169.87140280008316 264.75546246767044 1031.551579862833 246.47867077589035 1069.1591782867908 397.54833170771599 95.527121663093567 103.39512053132057 551.11317703127861 65.162329345941544 222.04550832509995 213.18684405088425 150.77810961008072 227.56793814897537 138.90265893936157 129.4567563533783
leaf_count=2354 2473 85 108 67 1018 39 123 97 33 231 74 109 398 112 1455 121 82 89 113 104 85 92 108 83 75 627 128 80 198 99 78 97 140 18202 94 225 133 50 107 263 107 72 103 89 649 78 443 125 69 124 589 76 81 60 108 309 168 110
internal_value=-0.0022057 -0.000498357 0.0035621 0.0138339 0.00267855 0.00359956 0.00276684 0.00394328 0.00540324 0.00863368 0.0109048 0.0049331 0.00697808 -0.00245125 -0.00154112 -0.000211342 0.000886769 0 0.00192879 0.00483758 -0.0010549 -0.00188896 0.00237738 0.00521065 0.0082446 -0.00305476 0.000169764 0.00449173 -4.17001e-06 0.00281568 -0.00165554 0.0073386 -0.00163427 -0.00445255 -0.0033657 0 0.00550319 -0.00390531 -0.00193235 -0.00291887 -0.00239947 0 -0.00416741 -0.00309837 -0.00359641 -0.00156461 -0.00423481 -0.00344798 -0.00337209 -0.00397803 -0.0029974 0 -0.00310767 -0.004179 -0.00357797 -0.00199376 -0.00372252 -0.00220319
internal_weight=35667.8 20292.6 6573.93 509.29 6064.64 5390.83 4853.92 3968.88 3158.89 1620.97 536.913 1442.4 1170.83 13718.6 9003.39 5789.44 4531.43 3995.24 1537.92 340.661 3313.63 2896.65 603.838 681.606 442.867 2292.81 571.765 416.987 1179.93 414.165 765.763 536.188 809.986 15375.2 3541.91 556.827 205.909 3213.95 854.664 755.957 885.035 245.288 4715.25 1712.66 1542.79 511.234 1258.01 639.747 350.919 2985.08 1098.02 168.557 617.347 1721.04 929.459 378.346 658.338 268.359
internal_count=33609 11207 3499 175 3324 2306 2089 1700 1382 771 217 738 507 7708 4435 2282 1727 1548 611 178 1269 1104 197 279 158 907 220 165 498 222 276 179 318 22402 4200 521 227 2153 698 648 389 179 3273 919 816 167 555 210 294 3679 1206 200 221 687 1006 417 541 278
is_linear=0
shrinkage=0.0955619


Tree=21
num_leaves=57
num_cat=0
split_feature=1 6 7 2 3 7 2 1 9 9 1 1 2 7 1 2 4 3 9 1 1 7 7 5 2 9 7 4 7 2 3 5 4 1 9 2 3 1 4 9 4 2 4 7 4 0 1 6 9 5 9 3 2 1 3 1
split_gain=14.1399 13.3398 7.76067 14.7157 4.97241 4.97843 5.95918 4.46135 5.01201 4.6231 3.75835 3.73995 2.53244 3.04092 2.59122 1.74738 1.61814 2.85253 4.35278 1.52618 2.18672 1.3592 1.12955 1.10678 1.27336 1.72566 4.20457 0.986379 0.961721 0.866946 0.860139 1.21642 3.27744 0.823335 0.657619 0.560152 1.55796 0.47776 0.572544 0.443679 0.348051 0.255279 0.254609 0.254073 0.249173 0.246144 0.435844 0.230056 0.227751 0.471092 0.293196 0.213715 0.138911 0.114081 0.0812201 0.0141982
threshold=0.45972848220565493 -0.5 13.515000000000002 -0.33346877891818688 2.1750000000000003 5.6900000000000004 0.064506059999340642 0.86958133671945947 1.7865158696092005 0.58819321032125071 0.96230016621822489 0.5772862706790628 -0.62538740722492581 7.5400000000000018 -0.71466676797886819 -0.94695267581281539 1004.85 2.6750000000000003 0.34477642018882554 0.94970904815366264 0.86958133671945947 9.8200000000000038 4.4100000000000028 -0.91597561503675329 -0.15855351192338588 1.4489232199185376 8.3200000000000038 1006.0500000000001 4.7500000000000027 1.0000000180025095e-35 4.1250000000000009 -0.37940952255126059 1004.85 0.84293373149377093 0.14903781003555497 0.48250774176121808 1.635 -0.7610972106345526 1007.4500000000002 -0.83945320721057637 1010.9500000000002 -0.86092912513210462 1005.6500000000002 10.940000000000005 1007.2500000000001 0.37940952255126048 0.7206604759859373 -0.9159756150367534 1.3608784322238565 -0.78656609248549303 1.5385477135526762 2.2150000000000003 -0.99049576193482802 0.34964421742355262 3.2450000000000006 0.78297285307474518
decision_type=2 2 2 2 2 2 2 2 2 2 2 2 2 2 2 2 2 2 2 2 2 2 2 2 2 2 2 2 2 2 2 2 2 2 2 2 2 2 2 2 2 2 2 2 2 2 2 2 2 2 2 2 2 2 2 2
left_child=12 2 4 -4 11 22 7 9 -9 27 -10 -2 13 30 -15 16 51 44 -19 20 43 -12 -6 24 25 26 39 -7 -24 -5 37 32 -32 -31 -30 42 -37 38 -1 -3 48 -25 -13 45 -18 46 -8 -11 -39 -50 -51 -16 -33 -54 -21 -44
right_child=1 23 3 29 5 6 19 8 10 47 21 35 -14 14 15 -17 17 18 -20 54 -22 -23 28 41 -26 -27 -28 -29 34 33 31 52 -34 -35 -36 36 -38 40 -40 -41 -42 -43 55 -45 -46 -47 -48 -49 49 50 -52 -53 53 -55 -56 -57
leaf_value=-0.0070605657673001162 0.0087894113211202871 0.010655619344456696 0.061406265234734525 0.011630807368450603 -0.07440291487256788 0.0030065430976665207 -0.056977789759459121 0.060970403910328819 -0.019602744964686995 -0.0075588238949740585 0.0064507992218349438 -0.051545898379649846 -0.12851600000500138 -0.0041340258734559312 0.012141820544101829 -0.11529449711232029 -0.14772747667771341 0.021420655826638185 -0.014712490903310666 -0.027560598849404767 0.031689836056210827 -0.014411265612392149 0.021925838780233853 0.0010627921249468707 -0.12621012616383917 -0.0078051808357394274 0.019005449283620392 0.028414507881983127 0.010148984216819616 0.0059123638838073237 -0.078214240453576445 -0.0020830855643132057 0.0069661599213966781 -0.0057814738655383793 -0.051370735830390167 -0.12297652920711814 0.027381502625956976 -0.066271135397935388 0.028294962842932939 -0.071897661642741528 0.01814816533098567 -0.2087435270477539 -0.071365513457304464 -0.0078185559501338861 0.036868852310378356 -0.027451371949791369 0.010079037088885225 -0.0044346771410355389 -0.14809570860499319 0.011240059920260045 -0.028366033703242016 -0.053191331360941854 -0.044887418361117135 -0.077268033988411602 -0.010368883450730289 -0.08215553897381507
leaf_weight=101.66169962286949 224.19047695398331 143.77443104982376 206.04107290506363 164.49993777275085 649.96904063224792 341.01986593008041 92.46441239118576 393.4611901640892 489.57523965835571 273.62990969419479 380.10143053531647 243.4427278637886 12526.382790386677 205.41332176327705 104.50608777999878 588.39505439996719 217.02294850349426 216.00478568673134 225.70295479893684 400.07928419113159 310.71211349964142 335.61280643939972 193.56503874063492 107.14936086535454 709.11700174212456 329.51322627067566 122.35172015428543 307.92822131514549 319.41070517897606 151.34762471914291 270.52019131183624 120.53929817676544 227.89612954854965 184.91309577226639 398.79603508114815 305.78738954663277 144.61945030093193 4466.2165164649487 79.880539238452911 159.1459247469902 78.272147417068481 3727.2484032511711 245.87847590446472 176.09620070457458 80.099876672029495 101.11686652898788 87.57424122095108 353.50851386785507 159.37330400943756 91.668828576803207 524.14521586894989 283.74532908201218 565.80479842424393 103.33327853679657 311.73115849494934 1345.8129125833511
leaf_count=79 151 101 39 37 328 95 73 110 99 84 102 89 15192 106 68 398 204 99 83 124 130 79 91 156 834 221 79 84 122 122 127 64 83 69 165 227 103 4748 93 106 67 5657 74 139 80 96 84 108 143 78 493 171 420 76 116 443
internal_value=-0.00219996 0.000101895 0.00232098 0.0119398 0.0014996 0.0030176 0.00468241 0.00721772 0.0106003 0.00289381 0.0073911 -0.00204101 -0.00376841 -0.0024924 0.000824459 -0.000343541 0.00180041 0.00447198 0.00936753 -0.000183895 0.00269896 0.00279404 -0.00156459 -0.00370482 -0.00137337 0.00126218 0.00536202 0.0085692 0.000514856 0.00283539 -0.00344458 -0.00111582 0.00246414 0 -0.000989214 -0.00322993 0 -0.00397205 0.000395085 -0.000417562 -0.0041388 -0.00456898 -0.0039715 -0.00133141 -0.00251129 0.000147479 0.00255726 -0.00284126 -0.00423854 -0.00243095 -0.00367996 -0.00303983 -0.00349426 -0.00403601 -0.00342379 -0.00442521
internal_weight=35667.8 14431.2 9132.89 706.802 8426.08 5916.35 4354.61 2874.84 1598.75 1276.09 1205.29 2509.73 21236.6 8710.2 1920.89 1715.48 1127.08 738.831 441.708 1479.77 767.964 715.714 1561.74 5298.3 1463.9 754.785 425.272 648.948 911.772 500.761 6789.31 1288.09 498.416 336.261 718.207 2285.54 450.407 5501.22 181.542 302.92 5319.68 3834.4 1835.13 457.252 297.123 281.156 180.039 627.138 5241.4 775.187 615.814 388.251 789.677 669.138 711.81 1591.69
internal_count=33609 10737 3583 267 3316 2229 1523 761 390 371 280 1087 22872 7680 1209 1103 705 466 182 762 522 181 706 7154 1341 507 286 179 378 228 6471 770 210 191 287 936 330 5701 172 207 5529 5813 606 392 284 253 157 192 5462 714 571 239 560 496 240 517
is_linear=0
shrinkage=0.0955619


Tree=22
num_leaves=53
num_cat=0
split_feature=6 1 2 7 7 6 4 7 7 1 9 7 2 4 5 8 3 4 1 9 8 4 3 8 8 5 1 2 9 7 7 7 7 1 1 5 7 1 1 7 4 3 2 1 1 9 4 9 2 2 2 3
split_gain=14.5221 13.2549 7.85424 11.7242 5.76125 4.59825 3.75468 2.61422 2.28729 2.59012 6.90489 1.98126 2.63299 2.3623 2.16894 1.67679 1.6105 1.5228 1.42148 2.58765 1.39282 1.09506 2.56881 3.82001 0.621017 0.554131 1.19948 1.41262 3.23803 2.312 0.537589 0.548442 0.488286 0.396459 0.878262 0.554403 0.759959 1.20197 0.168334 0.144082 0.0973485 0.0782907 0.0659098 0.86304 0.254483 0.036229 0.0349287 0.0342646 0.172791 0.0274813 0.679276 0.00121814
threshold=-0.5 0.1670500785599974 0.081673369964559248 13.115000000000004 5.085 -0.98296291314453399 1007.2500000000001 5.9400000000000004 6.2300000000000031 0.95236875646279973 1.7865158696092005 6.4700000000000015 -0.62538740722492581 1004.7500000000001 -0.25881904510252113 8.8599999999999994 2.8650000000000007 1003.5500000000001 -0.56314550935064722 0.24450455624091919 10.235000000000001 1008.85 2.8250000000000006 12.015000000000002 7.6100000000000021 -0.91597561503675329 0.60505046667002438 -0.15855351192338588 0.86941375320298253 6.9800000000000031 4.3400000000000025 4.7500000000000027 9.980000000000004 0.87795195455888941 0.51973899919070166 0.37940952255126054 9.5450000000000017 0.68391308835034159 -0.99865756837029884 9.3350000000000009 1007.5500000000001 2.8850000000000002 0.60503365783732044 -0.74981945761428159 -0.65189295912203338 -1.7111420489786473 1007.85 -3.764444652722712 -0.8140159405215136 -0.62538740722492581 -0.72066714955386113 3.4450000000000007
decision_type=2 2 2 2 2 2 2 2 2 2 2 2 2 2 2 2 2 2 2 2 2 2 2 2 2 2 2 2 2 2 2 2 2 2 2 2 2 2 2 2 2 2 2 2 2 2 2 2 2 2 2 2
left_child=1 11 3 4 30 6 -6 46 -9 17 -11 49 13 41 18 45 -12 -10 -15 -20 -19 22 23 -17 -16 26 47 28 29 -28 -3 -32 -24 34 -23 36 -36 -38 -14 -30 -25 -13 -40 -44 -45 -4 -7 48 -2 50 -1 -35
right_child=25 2 15 -5 5 7 -8 8 9 10 16 12 38 14 24 21 -18 20 19 -21 -22 33 32 40 -26 -27 27 -29 39 -31 31 -33 -34 51 35 -37 37 -39 42 -41 -42 -43 43 44 -46 -47 -48 -49 -50 -51 -52 -53
leaf_value=-0.040102760515902718 0.028615086407825667 -0.074309450300640845 -0.13369610039884178 0.057329961181559509 0.020991950336730649 -0.00035212398198026227 0.019186528900944182 -0.00038935437475798415 -0.0088324451356762545 0.055218084685088625 -0.023628846116828601 -0.11394811558609436 -0.055041138082074156 0.016823473933613012 0.0025829008613917201 0.044585374913228656 0.0042574130775960553 0.00051007057224673454 0.0058889326812383812 -0.0074954249546184647 0.01049549322858195 -0.065129453724656908 0.0027697080298835514 -0.0098214636170738737 -0.036535638992356505 -0.33185999566613933 -0.042512425891773627 -0.11414925260605174 -0.0078995272918035708 0.02150409188991069 0.00038989713975276231 -0.049450054828005068 -0.01553788818419191 -0.024598670731156694 0.02997085059440004 -0.049305525396098705 0.0021507381019334674 -0.0097711065039674128 -0.076748140027454823 -0.004877226466266496 0.0010634738784990713 -0.061612607422227059 0.00025044827029322439 -0.046724385934851884 -0.13252863006467439 -0.067500601741842539 -0.052479695180492406 -0.13498017568845466 -0.27276514806902818 -0.082094106199693109 -0.0090797693604332593 -0.0052497499326633699
leaf_weight=1948.3708789348602 59.314835846424103 778.38143581151962 172.94148200750351 539.11404329538345 310.05445551872253 189.92052483558655 453.1598100066185 283.85311159491539 367.94059932231903 353.79139545559883 378.36386668682098 189.97372150421143 130.61543548107147 256.186672270298 206.65395975112915 154.05620145797729 345.98029762506485 1556.7117404341698 232.11722052097321 281.01330405473709 536.67973613739014 355.72739586234093 170.55691677331924 98.072713732719421 275.47732990980148 11833.29516556859 95.646998286247253 634.63550293445587 175.33621501922607 112.72526687383652 338.7910304069519 386.50016075372696 337.78123861551285 365.95176082849503 163.74182176589966 155.19328877329826 106.84652853012085 185.19466149806976 1072.2431970238686 202.15857464075089 113.42652744054794 419.06971514225006 64.318123877048492 169.07637098431587 740.70548152923584 1216.1770187318325 312.05113708972931 2112.6936482191086 149.40032309293747 3112.954646974802 310.16670674085617 156.66040676832199
leaf_count=1120 70 372 113 116 93 83 112 89 128 96 98 74 40 85 70 93 85 456 101 79 174 536 54 79 132 18202 77 714 110 81 128 123 197 191 142 176 84 128 657 128 87 182 58 109 1049 501 118 2812 208 2575 141 83
internal_value=-0.00216163 -0.000477875 0.00178733 0.00365328 0.00252502 0.00406757 0.0109377 0.00282786 0.00369129 0.0029887 0.00690809 -0.00310784 -0.00147156 0.00112906 0.00354076 -0.00173402 0.00140404 0.00122843 0.00670313 0.00351214 0.00225519 -0.000142987 0.00249443 0.00861945 -0.0013209 -0.00437736 -0.00323595 -0.00071613 0.00256662 0.0121313 -0.0026309 -0.000602327 -0.00174816 -0.00175498 -0.000492451 0.001594 0.00336967 0.000101174 -0.00373581 -0.00251308 0 -0.00366733 -0.00394921 -0.00303922 -0.00386762 -0.00436814 -0.00354815 -0.0045182 -0.00219377 -0.00431901 -0.00376709 -0.00389809
internal_weight=35667.8 20292.6 10883.6 7131.29 6592.18 5088.51 763.214 4325.29 3823.32 3539.47 1078.14 9408.94 4037.45 1860.49 1251.45 3752.33 724.344 2461.33 769.317 513.131 2093.39 2363.21 873.894 365.555 482.131 15375.2 3541.91 1220.5 585.867 208.372 1503.67 725.291 508.338 1489.32 966.704 610.976 455.783 292.041 2176.96 377.495 211.499 609.043 2046.34 974.1 909.782 1389.12 501.972 2321.41 208.715 5371.49 2258.54 522.612
internal_count=33609 11207 4735 2271 2155 1532 205 1327 1126 1037 279 6472 2636 723 467 2464 183 758 265 180 630 1850 510 259 202 22402 4200 1110 396 158 623 251 251 1340 1066 530 354 212 1913 238 166 256 1873 1216 1158 614 201 3090 278 3836 1261 274
is_linear=0
shrinkage=0.0955619


Tree=23
num_leaves=61
num_cat=0
split_feature=6 7 2 7 2 2 2 7 2 4 7 9 9 6 3 6 2 7 8 2 2 2 7 7 8 9 2 2 2 5 4 9 7 4 2 4 9 8 7 8 4 8 0 3 8 3 2 8 4 9 3 3 8 8 8 9 9 9 3 3
split_gain=13.0576 11.1722 6.32188 8.58904 2.94328 5.55222 2.68882 2.64938 3.1575 2.9107 2.81162 6.04125 2.4585 2.05765 1.55891 1.52123 1.86748 1.51352 1.49753 1.45577 2.77978 3.08396 1.40793 1.15102 1.13649 1.11521 1.01703 1.5563 0.9292 0.770751 0.95357 0.910694 1.86388 1.72918 3.3065 0.565817 0.828136 0.856427 0.565352 0.520567 0.466144 0.570238 0.415193 0.384358 0.329379 0.281087 0.502898 0.671527 0.233936 0.193474 0.161321 0.159252 0.130387 0.185607 0.0737217 0.0633742 0.137291 0.0336814 0.0261185 0.0015628
threshold=-0.5 7.8650000000000011 0.081673369964559248 13.800000000000001 -0.44437817810461328 -0.25950218452349683 -0.04732138832243208 4.3400000000000025 0.064506059999340642 1004.7500000000001 5.9600000000000035 -2.2399668639384749 -0.86769926957598098 -0.98296291314453399 2.9550000000000005 -0.78656609248549325 -0.38168922026665864 7.4750000000000005 9.0800000000000018 0.87377473702374975 0.45207220393230413 0.49001051533419943 6.955000000000001 13.800000000000001 7.71 -4.4771641028968583 -0.9523422988233432 -0.98208922706762081 0.60503365783732044 -0.78656609248549303 1007.0500000000001 1.4489232199185376 7.3800000000000017 1005.5500000000001 -0.13301470653419609 1009.6500000000002 2.1773298853682914 9.9800000000000004 5.085 9.2800000000000047 1003.9500000000002 10.395000000000001 -0.37940952255126015 4.3850000000000007 8.6750000000000007 2.6550000000000007 -0.8520459593969173 6.8700000000000037 1008.5500000000001 0.22431073563454976 3.2450000000000006 2.8050000000000002 9.5000000000000036 10.855000000000002 10.235000000000001 4.2465236270862716 4.582359907492493 4.4192469114695436 2.1850000000000005 4.3550000000000013
decision_type=2 2 2 2 2 2 2 2 2 2 2 2 2 2 2 2 2 2 2 2 2 2 2 2 2 2 2 2 2 2 2 2 2 2 2 2 2 2 2 2 2 2 2 2 2 2 2 2 2 2 2 2 2 2 2 2 2 2 2 2
left_child=1 7 3 4 12 -6 51 -1 9 58 13 -12 -3 14 -11 17 22 18 43 20 50 -22 -17 35 -15 28 27 -14 -10 30 31 32 45 39 -35 44 37 -37 48 -34 -28 42 -42 -13 -23 -2 -47 -48 -26 -40 -4 -7 -27 54 -54 -31 -57 -33 -9 -55
right_child=29 2 19 -5 5 6 -8 8 25 10 11 15 26 24 -16 16 -18 -19 -20 -21 21 23 -24 -25 38 52 40 -29 -30 55 -32 57 33 34 -36 36 -38 -39 49 -41 41 -43 -44 -45 -46 46 47 -49 -50 -51 -52 -53 53 59 -56 56 -58 -59 -60 -61
leaf_value=-0.083511239154368755 -0.1868598288838203 0.052864352914101499 -0.020530018881056468 0.04655853941115029 0.022501271167787888 -0.03852749052252849 0.012765711548676768 -0.052457331689863454 0.02833173613814512 0.0015777892751655173 0.014334941145146355 -0.016778689266657997 -0.039318527677224741 -0.040936159613917972 -0.029080167123002192 0.019884848976174426 -0.019727236908044326 0.00078586947257223224 0.0077760874238046408 -0.086875404319999169 0.028155905553145216 0.014874006147042583 0.002707244246142969 0.0050859343573830314 -0.028766335829440506 -0.055924426995186668 -0.0021754568600552888 0.018373924489718366 -0.24206745875105731 -0.3917946062092037 -0.10324093847751395 -0.042719323263068786 -0.063293901625223387 0.021296811115631725 -0.084796798707495707 0.0082943462456092961 0.0039722147089924775 -0.051686254288851367 0.021502175831234243 0.0058631973088896011 -0.0092448560944786533 -0.0065001252537907278 -0.026903985465923774 -0.049245651964106373 -0.0070893036443787369 -0.085883807127068182 -0.10140007684349446 0.017895426670976811 0.010012474775797446 -0.065513228947229274 -0.0015516166375409291 -0.0057460624831904405 -0.13817196766167986 -0.060546002357112043 0.002263967022404723 0.0086760616681730261 -0.032144971042935087 -0.0048623407925274869 -0.059104647653727853 -0.11125721011902828
leaf_weight=2898.3942324519157 530.90111497044563 202.28347927331924 544.72043323516846 313.41387563943863 585.28209811449051 316.07976478338242 295.02060106396675 188.26466107368469 92.818005919456482 515.72391432523727 290.10979244112968 1182.5877388715744 216.67022705078125 1506.479110211134 399.22472488880157 297.52594548463821 222.72825065255165 373.27779787778854 275.83386260271072 699.27049294114113 163.00413191318512 90.390748262405396 303.6814192533493 153.61300140619278 139.84200578927994 2579.0189735591412 301.56095993518829 265.38539618253708 78.672329485416412 10512.559161633253 2271.7441055774689 688.65094554424286 176.54173678159714 162.97254818677902 94.024456292390823 79.386586278676987 132.36845231056213 188.35845011472702 131.21135729551315 163.16181606054306 305.51021826267242 353.866330742836 363.46993947029114 264.72239470481873 341.55764675140381 189.78753623366356 94.04904368519783 78.271166026592255 145.37087517976761 199.63047873973846 352.72592902183533 309.98673862218857 96.4899562895298 245.13172683119774 95.908419758081436 70.144735336303711 261.14452826976776 81.253635883331299 1132.8583329617977 63.13226443529129
leaf_count=2272 677 104 225 64 131 81 84 89 80 152 111 400 92 711 127 105 94 131 104 1056 68 84 106 112 91 1571 117 82 110 16352 3178 682 184 131 108 64 93 199 103 150 109 109 136 114 259 245 99 81 65 82 153 77 112 292 104 87 363 65 494 88
internal_value=-0.00213683 -0.00053984 0.0026924 0.0052038 0.0038112 0.00701609 0.00225679 -0.00209576 -0.00139542 -0.000311646 0.000537219 0.00251914 0.00135535 -0.00152712 0.00219687 0.00117151 0.00464771 -0.000154112 -0.00139389 -0.000777328 0.000468984 0.00361886 0.00744903 0.00148223 -0.00317719 -0.00388751 0.000177169 0.00396761 0.0032714 -0.00423805 -0.00312428 -0.00166498 -0.000217147 0.00384002 0.00973054 0 0.00264816 -8.78095e-05 0.000135574 -0.000382492 -0.00113692 -6.61094e-05 -0.00179348 -0.00266685 -0.00232211 -0.00303595 -0.000658642 0.00274035 0.00337691 -0.00238232 -0.00345742 -0.00116064 -0.00431895 -0.00244115 0 -0.00469397 -0.00258782 -0.00433508 -0.00439014 -0.00388594
internal_weight=35667.8 20292.6 6573.93 3828.53 3515.12 1506.37 921.087 13718.6 10820.2 7569.07 6247.95 3210.47 2008.75 3037.48 914.949 2920.36 823.936 2096.42 1723.14 2745.4 2046.13 1148.68 601.207 985.675 2122.53 3251.17 1806.46 482.056 171.49 15375.2 4531.36 2259.61 1489.71 596.701 256.997 832.062 400.113 267.745 616.055 339.704 1324.41 1022.85 668.98 1447.31 431.948 893.009 362.108 172.32 285.213 330.842 897.446 626.067 3079.68 500.662 192.398 10843.8 331.289 769.905 1321.12 308.264
internal_count=33609 11207 3499 1186 1122 373 242 7708 5436 3079 2496 1165 749 1331 279 1054 305 749 618 2313 1257 879 211 811 1052 2357 645 174 190 22402 5600 2422 1675 573 239 699 356 263 341 334 471 354 245 514 343 1102 425 180 156 185 378 158 2167 596 216 16802 450 747 583 380
is_linear=0
shrinkage=0.0955619


Tree=24
num_leaves=60
num_cat=0
split_feature=1 6 7 3 1 1 9 9 8 1 6 1 7 1 1 7 0 4 1 1 1 1 4 3 3 1 6 7 8 9 9 1 4 0 1 1 7 8 4 4 1 6 7 3 1 9 1 1 8 1 3 9 1 6 3 3 1 4 4
split_gain=12.6391 9.33687 6.40236 4.2962 4.26723 10.8367 16.1158 3.65014 3.32647 5.88345 2.95884 2.45076 2.38329 2.47364 3.4651 3.00983 2.33455 1.97265 1.95149 1.8584 1.69494 3.33529 2.28928 3.41893 1.29465 1.81038 2.26941 2.16285 1.93961 1.63135 1.0618 1.08896 1.002 0.98799 2.57807 0.883498 0.868141 0.856153 0.727702 1.44705 0.698137 0.589097 0.422774 0.382009 0.734586 0.284864 0.269348 0.25393 0.210903 0.135303 0.178681 0.131472 0.12724 0.114207 0.314513 0.80079 0.0273496 0.160811 0.433455
threshold=0.4749466738948262 -0.12940952255126037 7.8650000000000011 1.9350000000000003 0.86958133671945947 0.92591620288614507 3.7454727605825551 0.3933133676989567 12.410000000000004 0.96460524310950191 -0.5 0.53436760985011655 5.9100000000000028 -0.79356426026969629 -0.74981945761428159 6.0700000000000029 0.37940952255126048 1008.0500000000001 0.99551215362393841 0.68391308835034159 -0.25118773779856163 0.30081702196488996 1003.5500000000001 4.0650000000000004 2.1350000000000002 0.73248728852523659 -0.9159756150367534 5.2600000000000007 12.345000000000001 3.9116299212996766 -0.04915172197512873 0.90880922144842613 1006.35 -0.9159756150367534 0.53436760985011655 0.61866567420209762 13.305000000000001 9.7350000000000012 1006.0500000000001 1006.85 0.41327478071396911 -0.9159756150367534 6.200000000000002 3.9350000000000005 0.89391031859722891 3.5163825718211084 0.99466160899732492 0.63209755774300602 4.2350000000000003 0.87795195455888941 1.4350000000000003 -2.898899926528594 -0.99865756837029884 -0.98296291314453399 2.2450000000000006 1.7350000000000001 0.87795195455888941 1010.2500000000001 1011.85
decision_type=2 2 2 2 2 2 2 2 2 2 2 2 2 2 2 2 2 2 2 2 2 2 2 2 2 2 2 2 2 2 2 2 2 2 2 2 2 2 2 2 2 2 2 2 2 2 2 2 2 2 2 2 2 2 2 2 2 2 2
left_child=10 2 11 35 7 6 -6 19 9 -7 12 16 40 52 -15 -16 -2 20 37 -5 38 22 -22 -24 32 51 27 -27 30 -30 31 -28 -13 34 -3 -4 -10 -11 -17 -40 48 45 -19 47 -45 -9 -32 -36 -1 50 -37 -26 -14 54 55 -50 57 -34 -59
right_child=1 33 3 4 5 8 -8 41 36 18 -12 24 13 14 15 17 -18 42 -20 -21 21 -23 23 -25 25 26 28 -29 29 -31 46 -33 56 -35 43 49 -38 -39 39 -41 -42 -43 -44 44 -46 -47 -48 -49 53 -51 -52 -53 -54 -55 -56 -57 -58 58 -60
leaf_value=-0.012922168295014127 0.0054262219979761888 0.030639223213244707 0.0038599082548399317 0.022719676493642312 0.014940147240094759 0.028654568457460335 0.058403776006647673 0.00091813516694520705 -0.032447175103703429 0.005608657772648208 -0.30623588698955806 0.014629525511959014 -0.062193315075449007 0.012455547541808715 -0.0014165464346787959 -0.046500801936332874 -0.07925626982016197 0.015911699063483081 0.018811734003303188 0.00065094538087657832 -0.063125874201158255 -0.029520172498539915 0.0091661953918426211 0.014139063011335292 -0.07332410537883649 -0.011133716580621851 0.024739023123919308 0.013442741199055325 -0.012341614439271391 0.015801485704800503 -0.028422737298817006 -0.10487654291165253 -0.11951332482216458 -0.27266016984892827 -0.042334836512712914 -0.04950368638709287 0.0016101711380340851 -0.010742696351381581 -0.0080299233630364616 -0.021724269585091799 -0.08822599688877765 -0.0066206585627748222 -0.040679865794047108 0.0090370592337408132 -0.088845783275836906 -0.0096810742180066228 -0.02864192395073889 -0.066693820131748932 -0.045252280229340594 -0.043673283772447877 0.013759441838583162 -0.058864854796760541 -0.055667364815208682 -0.07226559927313457 -0.02476554302696676 0.0010633397376768861 -0.076744908543230031 0.0055615871806820455 -0.18940584867214169
leaf_weight=128.99245569109917 285.41844010353088 105.87554982304573 153.86311849951744 187.05065682530403 361.51212692260742 321.36221343278885 252.02657437324524 166.35911536216736 402.99032098054886 246.84562474489212 10161.300045251846 160.09374433755875 190.3704392015934 211.48929440975189 192.63809904456139 714.99992841482162 195.92814776301384 66.609253376722336 265.61952805519104 235.16229385137558 193.02626711130142 457.72414994239807 806.86112242937088 196.12988752126694 156.8210905790329 288.7679163813591 214.19098424911499 428.73669195175171 133.28027519583702 183.36074960231781 803.85757824778557 226.8751924932003 355.58737534284592 2772.0903422236443 124.13805928826332 145.878423422575 366.95757430791855 413.09422814846039 241.11133855581284 328.16188138723373 111.48421251773834 517.4250899553299 1294.4506532549858 119.83818092942238 168.56592962145805 192.02013206481934 133.5490987598896 695.22089806199074 253.69105213880539 411.31935653090477 143.18807691335678 704.17121487855911 1432.9971127212048 3549.2456350028515 718.38680922985077 172.79203087091446 901.35756725072861 112.987065076828 191.92238831520081
leaf_count=64 65 96 129 135 145 103 46 93 128 74 15376 86 71 123 105 305 146 48 86 125 86 214 326 85 58 109 129 138 110 80 452 114 201 4390 151 93 109 135 118 180 84 278 1530 127 218 75 86 725 104 148 72 395 910 2931 324 80 383 100 212
internal_value=-0.00201414 0.00018564 0.00171678 0.00427245 0.00561325 0.00782972 0.0189707 0.00104296 0.00437429 0.00742367 -0.00348114 -0.000498816 -0.00239624 -0.00114682 -1.59747e-05 -0.000601606 0.00596409 -0.00114768 0.00340909 0.00836364 0.000216108 0.00226628 0.00495641 0.00682501 -0.00114305 0 0.00131602 0.00582209 -0.000542073 0.00609695 -0.00214345 0.00156684 -0.00326227 -0.00373071 -0.00134343 -0.00178246 -0.000451214 0.000463991 -0.00235034 4.07278e-05 -0.0039777 -0.00239381 -0.00415509 -0.00278363 0 0.00034834 -0.00398836 -0.00383559 -0.0041593 -0.00330121 -0.00121831 -0.0037816 -0.00436026 -0.00426438 -0.0031274 -0.000785876 -0.00402962 -0.00301219 -0.00097007
internal_weight=35667.8 14245.3 10259.6 4782.67 3928.43 2630.41 613.539 1298.02 2016.87 1246.92 21422.5 5476.91 11261.2 6326.57 4703.2 4491.71 481.347 4299.07 925.559 422.213 2938.01 1653.74 1196.02 1002.99 4995.56 3273.61 2412.62 717.505 1695.11 316.641 1378.47 441.066 1721.95 3985.73 1213.64 854.249 769.948 659.94 1284.27 569.273 4934.59 875.804 1361.06 1107.76 288.404 358.379 937.407 819.359 4823.11 700.386 289.067 860.992 1623.37 4694.12 1144.87 426.483 1561.85 660.497 304.909
internal_count=33609 10545 4838 1974 1532 826 191 706 635 398 23064 2864 7688 4101 3120 2997 211 2892 295 260 1314 711 497 411 2653 1671 1218 247 971 190 781 243 982 5707 1317 442 237 209 603 298 3587 446 1578 1221 345 168 538 876 3503 313 165 453 981 3439 508 184 896 513 312
is_linear=0
shrinkage=0.0955619


Tree=25
num_leaves=67
num_cat=0
split_feature=6 1 7 9 2 2 9 7 2 1 6 7 9 8 8 1 1 1 4 8 8 5 1 2 8 7 1 4 4 9 2 0 9 4 4 9 1 1 1 9 8 4 1 8 4 4 7 2 4 9 6 2 1 9 6 1 8 0 9 9 1 8 8 8 4 4
split_gain=12.6351 9.2881 6.1248 11.4607 4.66583 4.80559 3.64422 3.37736 2.88397 3.17444 2.66989 1.99045 1.86147 1.79913 1.70054 1.59825 1.485 2.77743 3.50826 1.41685 1.98135 1.2421 2.01752 3.28632 1.05803 1.0523 1.97325 3.15968 1.05089 1.0468 1.02115 1.02017 1.38596 0.74781 0.70768 0.676398 1.24654 0.602053 0.529972 0.492109 0.706752 0.741589 0.596794 0.469729 0.503805 0.39685 0.306501 0.301125 0.243331 0.222802 0.537613 0.213237 0.825926 0.209158 0.165364 0.284067 0.0803694 0.078262 0.0600223 0.424628 0.0476857 0.0352267 0.455048 0.0153862 0.086539 0.000466276
threshold=-0.5 0.1670500785599974 13.800000000000001 3.8325567343025146 0.064506059999340642 -0.012910296075008829 -6.4121108504879798 4.2549999999999999 -0.62538740722492581 -0.73831951690629072 -0.9159756150367534 6.3900000000000032 1.7243431341734665 7.1650000000000018 7.71 0.26781182513105634 0.53436760985011655 0.91585580712236381 1007.5500000000001 10.080000000000002 10.685 -0.78656609248549303 0.49002412863433359 -0.7721279831368929 15.145000000000001 9.745000000000001 0.74409704927257569 1006.6500000000002 1005.4500000000002 0.22431073563454976 -0.15855351192338588 1.0000000180025095e-35 0.26852288081569858 1009.85 1005.0500000000001 2.2534285300924251 0.85206963063867758 -0.25118773779856163 0.93535928755917841 1.8542367163866766 12.885 1008.4500000000002 0.76109721063455271 4.825000000000002 1008.2500000000001 1007.1500000000002 6.7550000000000017 0.73246693938583607 1006.2500000000001 3.9116299212996766 -0.37940952255126015 -0.97870382656940669 0.11593352601052392 0.12477726858016781 -0.98296291314453399 -0.25118773779856163 12.129999999999999 -0.9159756150367534 1.8898909513227766 2.0595665196220385 0.90880922144842613 8.1400000000000041 8.495000000000001 8.8599999999999994 1008.5500000000001 1004.2500000000001
decision_type=2 2 2 2 2 2 2 2 2 2 2 2 2 2 2 2 2 2 2 2 2 2 2 2 2 2 2 2 2 2 2 2 2 2 2 2 2 2 2 2 2 2 2 2 2 2 2 2 2 2 2 2 2 2 2 2 2 2 2 2 2 2 2 2 2 2
left_child=1 8 4 12 5 7 -6 -3 9 -1 14 33 24 -13 29 -12 53 45 -19 63 -21 22 51 -24 -4 26 28 -28 -17 -9 35 32 34 54 -15 36 48 -34 -38 46 41 -41 -43 44 -10 -18 47 -22 -25 -23 -51 52 -2 -16 55 -11 -27 -32 -45 -60 -59 -61 -63 -8 -65 -37
right_child=21 2 3 -5 6 -7 19 10 43 11 15 13 -14 31 16 25 17 18 -20 20 39 49 23 30 -26 56 27 -29 -30 -31 57 -33 37 -35 -36 65 38 -39 -40 40 -42 42 -44 58 -46 -47 -48 -49 -50 50 -52 -53 -54 -55 -56 -57 -58 60 59 61 -62 62 -64 64 -66 -67
leaf_value=-0.0029972931614911302 -0.084223514227548549 -0.060402499464305419 0.043551378863700974 0.046303426027906033 0.015222019642821199 0.025490847344764565 -0.055122154693905329 0.0047752607615646758 0.0052044125102160771 -0.033607173039302544 0.028420218302710937 0.0056458528420502696 -0.011066606226917805 -0.038131898393584288 0.031618829740493501 -0.0002379648318685594 -0.0042614231244097484 0.024272936073082826 -0.0020239714405676534 0.024461709123128138 -0.012712551301506397 -0.33526672166393912 0.014391744481439555 -0.020625089571363105 0.0015673017903346069 -0.0059385750317873182 0.020690945422109617 -0.0042433842252204076 -0.0076161868577531901 -0.042484389441096851 -0.079560207823775819 -0.033432211992307143 -0.092140171205585625 -0.017703317403759702 0.0060775491858855784 -0.062964688316490935 -0.0069330882536503694 -0.0043279650353338257 0.01363616120911979 0.013040854365020491 -0.0053016730610473657 0.0032712951826857932 -0.0052317127425724769 -0.054848067790152007 -0.12593373735162164 -0.00096476544734104487 -0.026267551773069588 -0.18447741104884999 0.0081734611052444502 0.0013749145199490706 -0.25837452554444379 -0.16579606681128911 0.05310988187903045 0.010223324044857074 -0.033815131294424351 -0.009963180951203833 -0.0091004758802412343 -0.0017056604816712065 0.030469331183037358 -0.075078393610687549 -0.097512792771569157 0.020448674752638042 -0.084452694730014183 -0.047004315058209019 -0.057588579730772214 -0.03260330404886664
leaf_weight=321.68035167455673 253.44898456335068 708.37997221946716 110.21453487873077 167.20982921123505 130.80022871494293 284.29991254210472 1454.1245886981487 401.57396084070206 109.64739814400673 249.89640402793884 245.53293710947037 370.72303253412247 194.50582355260849 173.8430061340332 191.53987383842468 467.84363484382629 379.93045955896378 376.3485614657402 338.05360984802246 204.55519840121269 63.304200053215027 10417.561705589294 214.01803970336914 119.16479176282883 146.97917395830154 322.83249306678772 471.02496886253357 660.53296187520027 682.53818863630295 370.17975181341171 641.03317999839783 446.14175993204117 341.09854882955551 139.00980401039124 190.3755059838295 111.60065537691116 84.786056220531464 262.47021490335464 86.827013492584229 114.30576491355896 203.21768620610237 110.99524733424187 184.46865165233612 3992.8004125058651 130.31688529253006 279.02422297000885 639.70901140570641 69.497255146503448 123.59753203392029 129.60676619410515 296.67995345592499 2430.9375518858433 73.628297597169876 190.40032243728638 1399.7910386323929 223.99984216690063 341.42869913578033 97.641599833965302 93.878685057163239 615.93159267306328 159.81591057777405 76.25242030620575 271.0858618915081 148.24621266126633 230.02336990833282 134.85849219560623
leaf_count=128 304 329 63 34 94 112 622 119 63 91 96 146 87 101 85 170 100 83 87 145 59 16228 140 88 129 93 140 190 229 95 810 194 113 81 76 77 80 76 78 64 154 112 100 3370 92 84 592 101 87 126 448 3492 80 69 907 71 97 148 82 502 122 61 318 52 149 94
internal_value=-0.00201957 -0.000448659 0.00144655 0.0106722 0.000878628 0.00236701 -0.001906 0.00180943 -0.00265066 -0.000726252 0.002591 -0.00152116 0.00247544 0.000758895 0.0049164 0.000718062 0.00656902 0.00496844 0.00909076 -0.00253126 -0.000377592 -0.00408639 -0.00270486 -0.000134647 0.0079065 6.55725e-05 0.00107137 0.00392539 -0.00165722 0.00102731 -0.00171607 -0.00073834 0.000925948 -0.00358773 0.00562321 0.00102312 0.00347473 -0.00176593 0.00968309 -0.00173397 0.000145276 0.00257164 0 -0.00413033 0 0.000339621 -0.00334151 0.000206431 -0.000588001 -0.00465428 -0.00206923 -0.00432185 -0.00154834 0.0120087 -0.00411057 -0.00214952 -0.00323996 -0.00383184 -0.00432653 -0.00328222 -0.00171851 -0.00391804 -0.00240417 -0.00434589 -0.00284795 -0.00271601
internal_weight=35667.8 20292.6 10883.6 618.909 10264.7 6711.46 3553.25 6427.16 9408.94 4119.03 5718.78 3797.35 451.7 1784.65 2527.05 3191.73 1755.3 1373.36 714.402 3422.45 1590.05 15375.2 4531.36 1773.34 257.194 2946.2 2281.94 1131.56 1150.38 771.754 1559.33 1413.93 967.787 2012.7 364.219 660.835 414.375 603.569 171.613 1385.5 612.987 409.77 295.464 5289.91 239.964 658.955 772.51 132.801 242.762 10843.8 426.287 2758.01 327.077 381.94 1873.69 473.896 664.261 898.491 5049.95 1057.15 257.458 963.27 347.338 1832.39 378.27 246.459
internal_count=33609 11207 4735 313 4422 2178 2244 2066 6472 1984 1737 1856 279 706 722 1015 508 354 170 2150 1327 22402 5600 1724 192 919 729 330 399 214 1584 560 366 1150 177 504 333 189 158 1182 430 276 212 4488 155 184 752 160 175 16802 574 3876 384 154 1069 162 190 1080 4333 963 270 881 379 823 201 171
is_linear=0
shrinkage=0.0955619


Tree=26
num_leaves=66
num_cat=0
split_feature=6 1 3 4 0 1 1 3 1 1 9 9 7 8 1 8 8 7 1 6 5 1 4 1 8 4 8 7 8 9 1 7 4 0 1 8 9 9 8 9 8 7 1 9 9 9 4 3 8 0 1 3 3 3 1 1 7 3 3 3 7 7 1 1 1
split_gain=10.6259 7.34488 4.70028 3.26227 2.81526 2.77622 5.10574 3.44824 2.16098 4.89724 4.60909 3.13183 2.45703 2.35942 3.29779 3.80965 1.78541 2.75321 1.44576 1.85411 1.43849 2.1375 1.92403 1.25264 1.31997 2.09493 2.9822 1.08322 1.66777 2.30201 3.37223 1.62474 1.06198 1.53675 0.994102 0.898976 0.760337 0.747392 1.18658 1.85164 0.739296 0.730343 0.572114 0.828956 0.561364 0.514384 0.506971 0.401826 0.35904 0.346189 0.283966 0.280938 0.257482 0.38437 0.207571 0.161617 0.26888 0.134905 0.11589 0.101089 0.100413 0.0363701 0.0146403 0.00136408 0.233757
threshold=-0.37940952255126015 0.45972848220565493 2.7250000000000005 1004.35 0.37940952255126048 -0.79356426026969629 -0.74981945761428159 2.5250000000000004 0.87795195455888941 0.92591620288614507 3.8325567343025146 -1.7111420489786473 4.4100000000000028 13.480000000000004 0.99699193743116299 12.015000000000002 9.6499999999999986 7.4750000000000005 0.54883787585413535 -0.9159756150367534 -0.78656609248549303 0.18399664778440331 1007.1500000000002 0.89391031859722891 6.5000000000000027 1005.6500000000002 9.0100000000000016 5.9100000000000028 9.0100000000000016 -1.9508865700070002 -0.04732095011389225 8.1600000000000037 1004.85 -0.37940952255126015 0.53436760985011655 8.4700000000000024 -4.839264925406968 0.86941375320298253 10.515000000000001 1.8898909513227766 4.825000000000002 8.745000000000001 0.67125374152323958 1.0258695460507286 0.99688713186973221 3.65902467717846 1009.4500000000002 2.1350000000000002 7.7700000000000022 -0.9159756150367534 0.84293373149377093 2.5850000000000004 1.0550000000000004 0.83500000000000008 0.2843565540399125 0.77214943412548942 6.7299999999999995 3.1850000000000005 4.3550000000000013 3.1250000000000004 6.0450000000000008 6.0450000000000008 0.9927395293426734 0.77214943412548942 0.7206604759859373
decision_type=2 2 2 2 2 2 2 2 2 2 2 2 2 2 2 2 2 2 2 2 2 2 2 2 2 2 2 2 2 2 2 2 2 2 2 2 2 2 2 2 2 2 2 2 2 2 2 2 2 2 2 2 2 2 2 2 2 2 2 2 2 2 2 2 2
left_child=1 4 3 -3 5 40 7 -7 11 10 -10 12 -4 14 15 16 17 -11 19 -5 21 -2 23 24 -23 41 -27 44 29 30 -29 32 -31 -34 -13 -33 -30 51 45 -40 -1 57 -36 -44 48 55 -41 -47 -8 -25 61 63 53 -42 -38 56 -39 -26 59 -56 -24 -45 -62 64 -20
right_child=20 2 8 18 -6 6 27 -9 9 13 -12 34 -14 -15 -16 -17 -18 -19 37 -21 -22 22 60 49 25 26 -28 28 36 31 -32 35 33 -35 42 -37 54 38 39 46 52 -43 43 50 -46 47 -48 -49 -50 -51 -52 -53 -54 -55 58 -57 -58 -59 -60 -61 62 -63 -64 -65 -66
leaf_value=-0.0082193843368948017 -0.17021892820741691 0.013565982919763776 -0.0071048341184343847 0.0019129096463202529 -0.18758030656351748 0.010819366886591483 -0.023457478010599699 -0.01470371532633606 0.020239777344982193 -0.02895735714820475 0.029582498302377587 0.00044673610027582317 0.029932010402360751 -0.013039550037034331 0.032267936695266855 0.0052860440898652968 -0.016910732606758912 0.046180737855160789 -0.064326174200002709 -0.0075051867685938427 -0.31543530579182916 -0.07981633962475676 -0.015217488908962956 -0.062717153511773913 -0.057740136136617479 0.020628678667444982 0.0073923900143886357 -0.021548516422978389 0.0042277154676786336 -0.091604304186288982 0.0064339780967918349 0.016569243060410323 0.016485261512117155 -0.017817018764558334 -0.052214197814092776 -0.03616799693696298 -0.062701848578388994 -0.2573485351252735 0.039224714644190896 -0.0023234590138133233 -0.089702057536524354 0.002951537154774459 0.006469258946635424 -0.051887784211622261 -0.0049832531529131301 -0.042967559452298888 0.0079802137073927814 0.00081274709505534018 -0.028710425270139287 -0.0052324101121519733 -0.00036685747509602052 -0.0043827980708256269 -0.05677310691577013 -0.013197239933244563 -0.029615487717058589 -0.048459247814694337 -0.085708578573017613 0.0009625872378185693 -0.0024060630107128585 0.024196832694006049 -0.069172672335039598 -0.0079901767555188331 -0.011433683263205593 -0.050748614529979398 -0.02439170451572658
leaf_weight=150.67129558324814 2242.8269523978233 238.27605700492859 156.27708020806313 125.9702907204628 3207.0394740402699 146.62721925973892 1028.1364071965218 177.92891615629196 257.37850362062454 348.10504412651062 313.75390484929085 332.92258810997009 244.25607791543007 438.1163677573204 261.7536441385746 419.98819810152054 524.69935673475266 279.13305306434631 268.88727113604546 159.51637053489685 9873.0785250961781 140.16397529840469 131.20810249447823 279.17699208855629 134.38636553287506 156.16428160667419 103.82684904336929 176.70510411262512 80.941908925771713 541.28102225065231 196.39650619029999 172.46943295001984 552.01101931929588 1046.7309133112431 521.58217531442642 197.08717685937881 826.76939988136292 153.06934708356857 155.08301341533661 289.95143848657608 228.00565609335899 173.59694853425026 306.31895017623901 115.57344684004784 209.84921425580978 277.41212752461433 176.72225788235664 227.40850210189819 220.93609014153481 222.37106478214264 328.61840653419495 140.08576691150665 2193.9820876419544 171.15938651561737 100.71706220507622 734.90257453918457 164.46860963106155 71.078799247741699 92.539076209068298 54.882934123277664 795.27680543065071 302.28360539674759 81.28096878528595 1112.6640911996365 115.28854832053185
leaf_count=69 3268 95 67 67 3812 59 406 101 121 117 72 136 150 145 106 113 206 62 198 131 15401 126 132 267 142 126 100 130 106 200 108 70 247 402 240 104 870 89 79 105 106 126 115 87 80 95 126 70 111 125 88 64 1267 78 148 240 66 49 47 56 1061 159 78 545 77
internal_value=-0.00208453 -0.000721441 0.00125012 -0.00105028 -0.00231865 -0.00139812 -0.000199608 0.0113781 0.00320602 0.00497683 0.0129163 0.000980968 0.00864953 0.00292726 0.00445344 0.00271405 -5.22536e-05 0.00329973 -0.00170348 0.00472497 -0.00408969 -0.00263059 -0.000528342 0.00188004 0.00430731 0.00620172 0.0128113 -0.000905176 -7.45098e-05 0.00113144 0.00811001 4.93794e-05 -0.000925295 0.000260047 -0.000589905 0.00591247 -0.00315882 -0.00221182 -0.000991737 0.00245665 -0.00390451 0.0013669 -0.0016367 -0.000255839 -0.00313631 -0.00243039 -0.000373488 0 -0.00392175 -0.00170797 -0.00205517 -0.0037747 -0.00429559 -0.00166057 -0.00388468 -0.00363119 -0.00135455 -0.0021534 -0.000938597 0.000123304 -0.00367883 -0.00370039 -0.00407194 -0.0041582 -0.00282729
internal_weight=35667.8 21263.3 9490.47 4339.71 11772.9 8565.83 5822.01 324.556 5150.76 2842.93 571.132 2307.83 400.533 2271.8 1833.68 1571.93 1151.94 627.238 4101.43 285.487 14404.4 4531.36 2288.53 1280.77 779.217 639.053 259.991 5497.45 4038.53 2882.68 373.102 2509.58 2140.02 1598.74 1907.3 369.557 1155.85 3815.94 2179.02 621.757 2743.82 379.062 1574.38 1052.79 1458.92 1557.26 466.674 504.821 1249.07 501.548 746.475 1636.93 2593.15 399.165 1074.91 1052.44 317.538 205.465 248.139 155.6 1007.77 417.857 876.558 1496.84 384.176
internal_count=33609 12608 4031 2047 8577 4765 3245 160 1984 942 193 1042 217 749 604 498 385 179 1952 198 21001 5600 2332 1061 669 543 226 3085 2488 1261 238 1023 849 649 825 174 1227 1754 870 310 1520 317 689 449 597 560 231 165 517 392 334 884 1451 184 1121 395 155 191 251 204 1271 246 1139 820 275
is_linear=0
shrinkage=0.0955619


Tree=27
num_leaves=69
num_cat=0
split_feature=6 2 1 8 1 9 9 7 9 1 1 2 2 4 9 4 8 7 5 1 2 8 9 4 6 1 2 1 6 2 2 1 1 9 8 9 1 2 4 1 7 7 9 9 4 8 7 9 9 4 2 1 1 2 8 6 0 9 8 1 9 1 9 7 1 8 4 8
split_gain=10.6146 6.9682 9.55473 4.66843 6.59088 8.70028 4.10105 3.26597 4.2553 2.90594 2.04049 1.84323 4.80507 1.58947 1.50079 1.44905 1.60582 1.42464 1.38262 2.20862 3.17855 1.29056 1.42805 1.28048 1.22637 1.38909 1.14715 1.11487 1.44288 0.864845 1.16999 3.55971 0.82235 1.06166 0.695616 1.29928 0.644627 0.567942 0.594202 0.700052 0.563727 1.42295 0.512487 0.5012 0.436782 0.413107 0.323372 0.271342 0.252915 0.245656 0.212611 0.825926 0.141149 0.112635 0.109072 0.375878 0.103322 0.101725 0.0976396 0.529305 0.418554 0.088121 0.0559616 0.0425707 0.0288189 0.0253584 0.0105965 0.0858998
threshold=-0.37940952255126015 0.064506059999340642 0.86958133671945947 10.395000000000001 0.96230016621822489 3.7454727605825551 2.4267074611704982 5.8800000000000017 -1.9508865700070002 -0.04732095011389225 0.36571913681022045 -0.9668120007078248 -0.98208922706762081 1006.2500000000001 1.0000000180025095e-35 1006.4500000000002 7.1900000000000004 7.9400000000000039 -0.78656609248549303 0.4749466738948262 -0.7721279831368929 7.589999999999999 0.58819321032125071 1005.0500000000001 -0.98296291314453399 0.42888796625999276 -0.15855351192338588 0.96230016621822489 -0.9159756150367534 0.87377473702374975 0.45207220393230413 0.86958133671945947 0.4749466738948262 0.3933133676989567 4.825000000000002 -2.8051487093709837 0.74409704927257569 0.56312986467441573 1012.4500000000002 -0.65189295912203338 8.3200000000000038 9.9000000000000021 -6.4121108504879798 1.0823721141985205 1006.0500000000001 7.5400000000000018 12.410000000000004 3.0009297815938756 -0.70275617254445588 1009.35 -0.97870382656940669 0.11593352601052392 0.99052327954040398 0.82392300575755406 8.0300000000000011 -0.9159756150367534 -0.9159756150367534 0.86941375320298253 10.235000000000001 0.80392051724781077 1.7865158696092005 0.73248728852523659 0.10224542043327213 8.2700000000000031 0.90880922144842613 15.685 1003.7500000000001 7.5700000000000029
decision_type=2 2 2 2 2 2 2 2 2 2 2 2 2 2 2 2 2 2 2 2 2 2 2 2 2 2 2 2 2 2 2 2 2 2 2 2 2 2 2 2 2 2 2 2 2 2 2 2 2 2 2 2 2 2 2 2 2 2 2 2 2 2 2 2 2 2 2 2
left_child=1 2 7 13 5 -5 -6 24 9 -9 -11 12 14 -4 -10 32 62 42 19 50 23 -18 -23 -21 25 43 40 -15 -29 30 46 37 44 -34 35 -26 54 -32 39 -39 48 -42 -3 45 66 -1 63 -35 -22 -30 51 -2 -8 61 -36 -56 -28 64 -44 -60 -61 -41 -17 -19 -58 -31 67 -13
right_child=18 17 3 4 6 -7 52 8 11 10 -12 15 -14 27 -16 16 21 29 -20 20 26 22 -24 -25 34 -27 56 28 49 65 31 -33 33 47 36 -37 -38 38 -40 53 41 -43 58 -45 -46 -47 -48 -49 -50 -51 -52 -53 -54 -55 55 -57 57 -59 59 60 -62 -63 -64 -65 -66 -67 -68 -69
leaf_value=-0.020748308416254871 -0.059908522877655385 -0.034792458597877683 0.022407117203697272 0.01651292448560563 0.023254277090093173 0.038715287562108028 -0.019072236137925358 -0.019322268976633177 0.00033797258174074111 0.0064400415674004631 0.039094529894309837 -0.043532213078380053 0.016006149274288582 -0.033921344270434153 -0.036095241208513561 -0.02535546548547506 0.007296079440710786 -0.016852664880359376 -0.2852917233832471 -0.010206391994266314 0.012512423633803074 -0.00098119746992797658 -0.0029489716669482912 -0.012341883953612406 0.0033647191003369631 0.0045863018252310693 -0.065571353498343588 0.0024418766019177786 -0.015496972121704087 -0.070390333854210785 -0.0060552096945731253 0.022767975334203761 -0.0059997594550922091 -0.013713959904561855 -0.05134596158267668 -0.078657762234254663 0.005014129326019811 0.014761583000159008 0.006853532975470456 -0.0086252973041916689 0.0031478158515320554 -0.001880957947557569 -0.045889426753571251 -2.0367616132501738e-05 -0.0089911820201608768 -0.0031441360842862504 -0.0010663292876719084 -0.0018905396029526074 -0.054537634707789232 -0.036450829197464708 -0.13847923839208195 0.046063288375671189 -0.016455222523573343 -0.00066865674860615396 -0.022504432673479284 -0.060877822376104229 0.011392683047857351 -0.093887678245636708 -0.17094269867442177 0.014893348821109943 -0.056426517537785888 -0.0041418168927011886 -0.030106553790858241 -0.021395971598704207 -0.023478061066291901 -0.021667020186950135 -0.044251963699687515 -0.058318596137575236
leaf_weight=462.45366787910461 253.44898456335068 187.50539672374725 280.87692424654961 411.279904961586 296.85659044981003 390.40240341424942 296.21134227514267 174.70997911691666 279.28356695175171 182.71830725669861 192.80764612555504 148.99983525276184 337.87548911571503 455.03032898902893 425.95985531806946 254.51244133710861 288.38105940818787 184.03119248151779 9873.0785250961781 114.71990543603897 100.79664552211761 385.37193644046783 431.49225288629532 117.72603815793991 120.01115161180496 244.12475681304932 649.43654525279999 301.62813585996628 181.78867343068123 645.7110301554203 283.53037470579147 137.40894156694412 357.79898291826248 327.00715857744217 2589.8531118929386 170.83922520279884 308.39614298939705 134.08278262615204 78.511050760746002 224.45402044057846 116.57916218042374 222.21618640422821 3766.5592206716537 230.25825464725494 230.96748304367065 198.71862995624542 187.79425877332687 255.37762373685837 221.24254697561264 192.95622855424881 2401.6043475568295 73.628297597169876 327.15822303295135 130.61364221572876 150.64818966388702 406.2609004676342 66.990441739559174 104.9842483997345 521.17727825045586 141.20240932703018 98.426974713802338 133.67918068170547 253.43864345550537 546.10602051019669 87.984755456447601 53.593686640262604 1080.1631835103035 186.32828056812286
leaf_count=181 304 119 86 115 76 87 76 101 125 81 82 76 126 134 160 85 92 58 15401 78 97 141 142 78 53 59 822 100 57 962 152 55 102 110 1901 128 139 90 83 221 93 145 2955 73 87 68 85 64 169 101 3460 80 86 138 91 432 102 92 721 126 98 115 94 241 80 89 490 99
internal_value=-0.00203114 -0.000668849 0.000596559 0.00523711 0.00858168 0.0149315 0.00292209 -0.000758106 0.000763739 0.00873932 0.0134696 -5.9313e-05 0.00351171 0.00108486 -0.000862194 -0.000970152 0.00123836 -0.00302492 -0.00403513 -0.00260345 0 0.00332144 0.00123597 0.0103584 -0.00258278 8.87799e-05 -0.00155623 -0.000439564 0.00192534 -0.00124037 -0.000196193 0.00182184 -0.00238356 -2.62511e-05 -0.00341712 0.00080679 -0.00380011 -0.000110449 0.00125029 9.47333e-05 0.00136809 0.00414424 -0.00404071 -0.00157941 -0.00367071 -0.00297316 -0.00276342 -0.00263702 -0.0012737 -0.00183786 -0.00431695 -0.00154834 -0.00135341 -0.00143507 -0.00420993 -0.00253792 -0.00378182 -0.0015346 -0.00424606 -0.00284973 0.000526221 -0.00236536 -0.0031046 -0.00368707 0 -0.00414136 -0.00429901 -0.00276758
internal_weight=35667.8 21263.3 13808.9 3134.19 1721.91 801.682 920.226 10674.8 5793.19 550.236 375.526 5242.96 1043.12 1412.28 705.243 4199.84 1613.2 7454.39 14404.4 4531.36 1802.68 1105.25 816.864 232.446 4881.56 1135.56 1570.23 1131.4 676.373 2739.52 2040.21 1122.28 2586.64 940.184 3746.01 290.85 3455.16 984.871 701.341 622.83 660.835 338.795 4714.87 891.431 1646.46 661.172 917.931 582.385 322.039 374.745 2728.68 327.077 623.37 488.747 3146.76 556.909 909.396 259.959 4527.37 760.807 239.629 358.133 507.951 730.137 154.975 699.305 1415.49 335.328
internal_count=33609 12608 6300 918 440 202 238 5382 2257 264 163 1993 411 478 285 1582 554 6308 21001 5600 1756 375 283 156 3125 381 1600 392 258 2289 1238 854 1028 276 2744 181 2563 799 647 564 504 238 4019 322 752 249 384 174 266 158 3844 384 162 474 2424 523 1096 274 3900 945 224 336 179 299 182 1051 665 175
is_linear=0
shrinkage=0.0955619


Tree=28
num_leaves=71
num_cat=0
split_feature=6 2 8 0 2 2 9 9 4 8 2 8 0 2 3 2 8 9 2 2 9 7 9 3 3 0 3 7 7 3 2 4 9 7 0 2 4 7 7 2 3 7 2 3 9 9 2 7 7 7 3 8 7 9 7 9 7 4 4 9 9 3 9 3 9 3 2 2 7 6
split_gain=9.67709 5.99636 6.84299 3.22396 2.7653 6.64927 5.83115 3.36593 2.19474 1.72841 1.57964 1.57255 1.45495 1.99005 1.83633 1.42586 1.77928 1.28336 1.16416 2.36992 1.51241 1.14911 1.84353 1.07387 1.80538 0.977535 2.70111 1.57 5.27264 1.40508 1.16724 1.32515 1.03178 0.913332 0.78489 0.941585 1.42379 0.698094 1.12204 0.618681 0.558443 0.548641 0.534283 0.538588 0.523039 0.938578 0.519801 1.01743 0.516513 0.310067 0.338678 0.348928 0.30553 0.388435 0.202012 0.187671 0.5642 0.466519 0.676018 0.149831 0.126251 0.149446 0.0841299 0.0742947 0.0594742 0.0552217 0.0542579 1.88331 0.0153102 0.00562756
threshold=-0.37940952255126015 0.064506059999340642 10.235000000000001 0.37940952255126048 -0.44437817810461328 -0.26781430516217447 3.8325567343025146 2.0595665196220385 1004.85 8.1400000000000041 0.87377473702374975 6.7600000000000007 -0.78656609248549325 -0.15855351192338588 3.3650000000000007 -0.86955717898714324 8.125 0.3933133676989567 0.42110087079608943 0.49001051533419943 0.86941375320298253 8.0500000000000043 0.86941375320298253 2.2350000000000008 2.8250000000000006 1.0000000180025095e-35 4.3850000000000007 5.585 5.0000000000000027 3.6250000000000004 -0.63872576220844923 1007.4500000000002 1.2131758420300012 7.3800000000000017 0.60355339059327384 0.56312986467441573 1012.35 7.8650000000000011 8.1999999999999993 -0.54160775828284857 3.8050000000000002 4.7200000000000015 -0.30081980763566762 2.4850000000000008 2.2151400279070335 1.0823721141985205 0.76663042157996963 10.285 6.2900000000000018 12.410000000000004 3.2450000000000006 10.350000000000001 5.6900000000000004 0.58819321032125071 10.450000000000003 0.61231149456603273 5.8549999999999995 1006.2500000000001 1007.1500000000002 -1.0000000180025095e-35 0.99688713186973221 2.4150000000000005 2.0595665196220385 3.2450000000000006 0.66489993497614475 2.5950000000000002 -0.66483077113278999 -0.63872576220844923 14.330000000000002 -0.12940952255126037
decision_type=2 2 2 2 2 2 2 2 2 2 2 2 2 2 2 2 2 2 2 2 2 2 2 2 2 2 2 2 2 2 2 2 2 2 2 2 2 2 2 2 2 2 2 2 2 2 2 2 2 2 2 2 2 2 2 2 2 2 2 2 2 2 2 2 2 2 2 2 2 2
left_child=1 2 3 8 17 6 -6 -7 37 -3 18 23 13 14 21 -16 -17 -4 49 20 -20 55 -23 -10 -25 26 29 28 -27 30 32 -32 -13 52 35 -21 46 60 -39 62 -9 -26 43 -29 45 -18 47 -37 -43 50 -11 -52 66 -54 -48 56 -2 59 -59 -58 61 -1 -19 -40 -45 -24 -5 -68 -12 -15
right_child=12 9 4 33 5 7 -8 40 11 10 68 25 -14 69 15 16 44 39 19 34 -22 22 65 24 41 27 -28 42 -30 -31 31 -33 -34 -35 -36 36 -38 38 63 -41 -42 48 -44 64 -46 -47 54 -49 -50 -51 51 -53 53 -55 -56 -57 57 58 -60 -61 -62 -63 -64 -65 -66 -67 67 -69 -70 -71
leaf_value=-0.044730363826076931 -0.081065018274691314 -0.041200896904930152 0.0014364665100725467 -0.11113029434017957 0.0081835225609624817 0.020878709076515612 0.058468207808365827 -0.0022367731703700961 -0.046260860408645528 -0.028186783943720723 -0.09644339020703567 0.0021757535463943815 -0.27695077309282123 -0.10644544565383658 -0.119408389449825 0.02403754490620516 0.0082409894985210827 -0.0053407646086711703 -0.028666424348694652 -0.0054498885553123213 0.020112302352760354 0.019122174134546914 -0.13407193772947082 0.0006041908963579475 0.0016420548452569985 -0.03042811804081965 0.013611166969170457 -0.00025823198562334866 0.010306532288420408 -0.013843767305109623 -0.023926659315502839 0.0027953468143504536 0.022013788656706029 0.12516607667770266 -0.096224950853683169 0.013664714085389929 0.010246295793292743 0.010814208770871652 -0.018270129583713098 -1.208972912066892e-05 -0.015088629122840393 -0.011353215376863688 -0.011248845109709752 -0.0013647380081623264 -0.013889163669901975 0.0063851484079828942 -0.12108508834631085 -0.0029047235479259122 -0.0083560428491510925 -0.00071143529187517524 -0.0047028247283803079 -0.059750395464341743 -0.062399953534618496 -0.01508142636421928 -0.0010821675170018038 -0.081041830817563429 -0.067421209944351274 0.0054828105860851373 -0.019173069654780755 0.0063540698213501046 -0.018147268149434577 -0.052279843943832054 -0.060097265357274082 -0.10088320038683356 -0.071808345852096861 -0.10319488959219709 0.026298190087790198 -0.13136767663841142 -0.027506599021359338 -0.14893433128987735
leaf_weight=167.4482282102108 589.36014968156815 3055.791712552309 283.17508772015572 1343.5704520940781 337.37718933820724 299.04602986574173 309.90298706293106 339.81758314371109 536.88864946365356 757.94770365953445 1246.5392942130566 631.34259712696075 9009.8269311785698 604.13267132639885 135.7105907201767 96.264301300048828 138.07963874936104 247.37850707769394 122.29539221525192 280.87449014186859 162.60942652821541 165.70420980453491 141.35374665260315 334.82096573710442 349.39498114585876 417.5569983124733 229.34596914052963 421.71734082698822 295.08072936534882 340.77621549367905 480.05043914914131 236.68553256988525 236.51442086696625 87.648196935653687 346.01376968622208 201.41032958030701 123.92412808537483 198.50432085990906 155.51663434505463 347.38633859157562 318.87117618322372 527.37706285715103 237.74167513847351 481.52382439374924 123.1010964512825 76.068738460540771 174.94716188311577 201.3563677072525 216.78431344032288 170.15932238101959 200.51606175303459 210.84734010696411 157.23895812034607 154.58368593454361 138.34458982944489 617.19205698370934 192.61255925893784 109.25446164608002 117.9579930305481 70.152832090854645 388.91991710662842 865.97027060389519 249.93102526664734 180.4582000374794 341.19583868980408 76.832014441490173 90.94615563750267 970.45801350474358 60.810370922088623 2140.8326385617256
leaf_count=85 838 2211 141 1262 92 76 72 99 218 356 1783 209 14001 791 203 70 151 123 103 157 76 120 147 122 123 142 81 122 84 113 187 63 61 42 464 166 144 67 62 71 72 194 79 167 90 64 166 159 67 73 78 127 111 74 147 710 249 111 149 77 142 391 108 104 120 66 53 901 98 3164
internal_value=-0.00196657 -0.000665544 0.000507816 -0.000541557 0.00479154 0.00734708 0.0148343 0.00216309 0.000397872 -0.00285113 -0.00160391 0.00127408 -0.00388012 -0.00259686 -0.000685435 0.00405821 0.00680802 0.00106355 -0.000391638 0.0011933 0.00913851 -0.00203173 0.00254469 -0.000934878 0.000376165 0.00229364 0.00375104 0.000817514 0.00451735 0.00251377 0.00373641 0.000727154 0.00610453 -0.00334356 -0.000299469 0.000861304 0.0025297 -0.00237986 0.000409714 -0.000707672 -0.00153632 -0.00143633 -0.000903058 -0.00174538 0.00313684 0.00605148 0.000735469 0.00309181 -0.00294406 -0.00253254 -0.00310684 -0.00061737 -0.00367617 -0.000496012 -0.00199782 -0.0031247 -0.00218151 3.12845e-05 0.00336361 -0.00250187 -0.00349268 -0.00411703 -0.00294596 -0.00276177 -0.00319137 -0.00289236 -0.00404862 -0.00318196 -0.00439243 -0.00440544
internal_weight=35667.8 21263.3 13808.9 11076.1 2732.89 1605.01 647.28 957.735 8271.62 7454.39 4398.6 6314.8 14404.4 5394.61 2649.64 569.224 433.514 1127.87 3091.25 1751.78 284.905 2080.42 383.89 1965.27 1428.38 4349.53 2154.72 2194.82 712.638 1925.37 1584.59 716.736 867.857 2804.45 1466.87 1120.86 839.983 1956.82 534.479 844.696 658.689 1093.56 1482.18 1244.44 337.249 214.148 716.058 402.767 744.161 1339.47 1169.31 411.363 2716.8 311.823 313.292 1696.53 1079.34 489.978 227.212 262.765 1422.34 1033.42 497.31 335.975 822.72 218.186 2404.97 1061.4 1307.35 2744.97
internal_count=33609 12608 6300 5446 854 411 164 247 3003 6308 4097 2152 21001 7000 3045 578 375 443 2216 1582 179 2467 333 724 506 1428 714 714 226 633 520 250 270 2443 1403 939 782 851 233 302 171 384 488 409 305 215 638 325 261 634 561 205 2401 185 313 2134 1424 586 260 326 618 476 231 166 287 213 2216 954 1881 3955
is_linear=0
shrinkage=0.0955619


Tree=29
num_leaves=66
num_cat=0
split_feature=2 1 0 6 6 7 1 7 1 9 9 4 0 1 1 7 3 9 3 9 0 4 0 7 3 1 1 6 8 1 9 0 9 2 2 1 2 4 8 0 4 8 3 7 1 9 3 1 9 8 1 4 7 1 4 7 4 3 8 9 6 7 8 4 4
split_gain=9.88163 9.57942 4.56134 3.16692 3.1546 2.41457 2.72483 2.34393 2.27362 4.93481 4.70692 1.80349 1.97368 1.7825 5.91987 2.44717 1.71168 2.39613 1.69624 1.66396 1.70145 1.65167 1.63846 1.61913 1.54536 1.45565 4.64435 1.37695 1.67916 1.33135 3.39944 1.50913 1.73619 1.21353 1.11744 5.18273 0.757291 0.613508 0.600092 0.565018 1.36399 0.707936 1.59471 0.470374 0.397764 0.352811 0.340397 0.70714 0.337447 0.302176 0.283573 0.431619 0.45936 0.452127 0.241941 0.227872 0.202216 0.351436 0.101895 0.0588652 0.109186 0.0544718 0.0288295 0.0199749 0.142359
threshold=0.081673369964559248 0.1670500785599974 0.37940952255126048 0.1294095225512602 -0.5 13.800000000000001 0.26781182513105634 6.3400000000000025 0.95236875646279973 1.7865158696092005 0.12477726858016781 1004.7500000000001 1.0000000180025095e-35 0.54883787585413535 0.4749466738948262 6.1800000000000024 4.0650000000000004 1.2131758420300012 5.2750000000000012 3.1797335732317404 1.0000000180025095e-35 1003.5500000000001 -0.37940952255126015 7.5400000000000018 2.5250000000000004 0.45972848220565493 0.53436760985011655 -0.70710678118654757 8.1400000000000041 0.68391308835034159 1.2692251921440951 0.91597561503675351 4.0126798556573116 0.87377473702374975 0.42110087079608943 0.86958133671945947 0.56312986467441573 1006.5500000000001 7.205000000000001 0.37940952255126048 1009.35 5.5400000000000018 3.0450000000000004 8.1600000000000037 -0.012910176522261644 -1.920027213700944 4.5650000000000004 0.87795195455888941 1.0823721141985205 6.5300000000000002 -0.65189295912203338 1013.9500000000002 9.2300000000000004 0.68391308835034159 1011.1500000000002 6.7800000000000038 1007.6500000000002 3.4850000000000008 7.1400000000000032 -7.2833413010719061 0.1294095225512602 7.6099999999999985 15.56 1010.2500000000001 1011.1500000000002
decision_type=2 2 2 2 2 2 2 2 2 2 2 2 2 2 2 2 2 2 2 2 2 2 2 2 2 2 2 2 2 2 2 2 2 2 2 2 2 2 2 2 2 2 2 2 2 2 2 2 2 2 2 2 2 2 2 2 2 2 2 2 2 2 2 2 2
left_child=1 4 3 5 7 6 22 39 18 10 -10 43 16 14 49 -16 17 23 21 -11 -21 -8 -3 -13 63 37 -27 28 -2 45 -31 55 -33 34 56 36 -36 -23 -14 40 41 42 -1 58 48 -26 54 -48 -43 -5 -38 52 -52 -54 -15 -32 -30 -58 -9 60 -29 -40 -35 -4 -65
right_child=27 2 24 13 -6 -7 8 11 9 19 -12 12 38 46 15 -17 -18 -19 -20 20 -22 25 -24 -25 29 26 -28 59 33 30 31 32 -34 62 35 -37 50 -39 61 -41 -42 44 -44 -45 -46 -47 47 -49 -50 -51 51 -53 53 -55 -56 -57 57 -59 -60 -61 -62 -63 -64 64 -66
leaf_value=0.0024370441180101613 -0.037255122144960781 0.022408200720501044 -0.063471182537378573 0.0069118521311082037 -0.18712773689931247 0.025768463853175265 -0.043763922328247773 -0.081697341910290086 0.00050405393136538008 -0.00052608769117904993 0.045179035974427885 -0.037683615748746575 -0.0039527722505449505 -0.049344796617066165 0.050313597203323894 0.023247006685899969 0.011816276341289508 0.0055687671505299857 0.008447039443999842 0.0025547780120080943 0.0070136845794871736 -0.066015310282461104 0.0046186359194777763 0.002009941941769882 0.036471620749590344 0.0029254868130282274 0.004809234803714757 0.0064205183034967686 -0.015753090992711605 0.039398927260500129 -0.004094480809688091 0.0183429503284964 -0.02576158487406785 -0.065127668166886768 -0.0046498319118699286 0.016580261539897063 0.014038466194152879 -0.0062541416567987486 -0.0068833339462075552 -0.16367877657838709 -0.006223771213018048 -0.030782932178696338 -0.019331610192039023 -0.094697529668611224 -0.010876155972237678 -0.046810618095628656 0.0069916574517016545 -0.06517047059138284 -0.023667490517900285 -0.10850339919570914 -0.074532506514227589 0.0087549887108201597 0.0023920748703744345 -0.0023499335524574129 0.010157501474674743 -0.021528348460914774 -0.02125493952896515 -0.0034867721434547645 -0.057285964762024771 -0.16499100991746998 -0.31995484803465229 -0.014231333160632577 -0.016967898003359901 -0.082890369393619961 -0.22792321219819561
leaf_weight=166.98390460014343 2222.9820927977562 209.16540038585663 1163.5337555110455 72.574675589799881 4000.9011779129505 380.54206323623657 479.95697021484375 181.89329674839973 254.50990623235703 308.19471508264542 224.0878709256649 356.57407948374748 200.27031451463699 856.57080984115601 92.469773411750793 71.505479723215103 206.23011308908463 295.53744620084763 226.06998074054718 371.95732975006104 311.40007746219635 415.56856572628021 231.26432746648788 276.169353723526 105.63119634985924 395.94596219062805 1937.0135297477245 59.624291896820068 310.80124032497406 209.75593495368958 309.91488879919052 92.777134388685226 88.022373914718628 795.22261199355125 311.32570287585258 170.82454910874367 160.85935214161873 326.11902838945389 321.94924736022949 1184.9541245102882 208.32993257045746 1317.3420066833496 218.97835212945938 170.67379975318909 182.0723825097084 470.41671195626259 60.258970618247986 108.93005299568176 287.64459788799286 303.87565919756889 234.02736827731133 76.696956396102905 185.31037211418152 162.42583471536636 73.018807232379913 315.36921632289886 528.59836006164551 176.82425671815872 538.7647557258606 9013.2714572548866 96.183907270431519 235.86037266254425 52.52584844827652 130.94898903369904 161.76698508858681
leaf_count=79 1446 96 1313 112 6784 94 190 89 82 103 83 165 85 1180 83 77 72 112 84 108 66 202 72 92 114 110 610 70 107 134 115 102 64 1166 176 98 125 85 136 1210 68 585 97 109 61 397 67 158 106 496 256 86 183 128 91 125 228 73 218 12268 136 108 86 91 97
internal_value=-0.00188973 -0.000563514 0.00142738 0.00266895 -0.00264177 0.00367825 0.00315913 -0.00129635 0.00252686 0.00573059 0.013702 0.000754706 0.00244925 -0.00101248 0.00338649 0.0184724 0.00498437 0.00308227 0.00125325 0.00176319 0.00445204 0.000710918 0.010427 -9.97304e-05 -0.00168236 0.0015482 0.00273741 -0.00380605 -0.00255131 0.000322047 0.0024543 -0.000265088 0.00723017 -0.00109694 0 0.00188834 -0.000389265 -0.00206309 -0.00122562 -0.00292307 -0.00200102 -0.00273884 0.000773799 -0.00273526 -0.00354985 -0.00327041 -0.00326399 0.000177063 -0.00403519 -0.00301862 0.00104524 1.58073e-05 -0.00073894 0.00126184 -0.00398952 -0.00260232 -0.00233495 -0.0032332 -0.00383875 -0.00453229 -0.00153338 -0.00292119 -0.00418518 -0.00393436 -0.00225942
internal_weight=35667.8 21110.3 10759.1 7711 10351.1 6071.8 5691.25 6350.23 5250.82 1470.15 478.598 2783.92 1892.59 1639.2 540.426 163.975 1134.51 928.281 3780.67 991.552 683.357 3554.6 440.43 632.743 3048.14 3074.65 2332.96 14557.5 5388.42 1591.89 1015.84 806.084 180.8 3165.44 2317.69 1301.47 1130.65 741.688 758.08 3566.31 2381.35 2173.02 385.962 891.332 1787.06 576.048 1098.78 169.189 1604.99 376.45 819.32 658.461 581.764 347.736 929.59 625.284 1016.22 705.423 720.658 9169.08 155.808 557.81 847.748 1456.25 292.716
internal_count=33609 16977 6801 4249 10176 1985 1891 3392 1723 442 165 1186 770 2264 768 160 441 369 1281 277 174 1197 168 257 2552 1007 720 16632 4158 1051 540 406 166 2712 1460 1052 954 287 329 2206 996 928 176 416 752 511 1496 225 691 608 778 653 567 311 1271 240 408 301 307 12474 206 244 1252 1501 188
is_linear=0
shrinkage=0.0955619


Tree=30
num_leaves=72
num_cat=0
split_feature=6 1 0 3 8 9 4 1 8 0 9 8 9 1 9 9 9 8 0 9 9 1 4 8 3 3 1 7 7 4 1 4 8 8 0 0 1 1 8 8 1 1 8 4 1 4 1 0 9 4 9 3 4 3 7 9 1 9 9 3 7 1 1 7 8 1 9 4 1 3 3
split_gain=9.57309 7.66246 4.93417 4.06441 2.95676 2.65227 4.71305 2.75731 2.04895 1.73332 2.12442 2.23203 2.34741 1.92027 2.65627 1.67161 2.65868 2.71016 1.57049 1.12486 1.14582 1.92872 1.20896 1.06874 0.982304 0.97197 1.44369 1.53128 4.83052 1.06256 0.894813 1.09679 0.87357 1.0755 0.794691 0.6029 1.21827 7.80534 7.90517 0.566877 0.431212 1.31726 0.686567 1.27616 0.935735 1.70676 0.850749 0.70562 1.49656 0.376494 0.329358 1.09158 0.945895 0.248889 0.234153 0.222664 0.221609 0.20513 0.32734 0.174876 0.125619 0.118675 0.236281 0.102238 0.130081 0.0755961 0.0642441 0.0633092 0.0279587 0.0461752 0.0670435
threshold=1.0000000180025095e-35 -0.04732095011389225 0.37940952255126048 1.6850000000000003 6.0400000000000018 -3.7007629824741382 1006.4500000000002 0.99906486341235867 11.420000000000002 1.0000000180025095e-35 0.20228314502110403 9.6499999999999986 -1.0000000180025095e-35 0.78297285307474518 0.89586502293912507 -1.0000000180025095e-35 0.34477642018882554 10.450000000000003 0.37940952255126048 0.92255439924020888 2.138287092550597 -0.26781182513105617 1006.6500000000002 14.295 3.7650000000000001 2.4550000000000005 0.69636977696931246 7.5700000000000029 6.4700000000000015 1007.85 0.61866567420209762 1007.85 7.589999999999999 6.6200000000000037 0.78656609248549303 -0.37940952255126015 0.4749466738948262 0.53436760985011655 7.9300000000000024 8.0400000000000027 -0.55601228778889811 -0.58429276287313725 5.5400000000000018 1007.0500000000001 -0.79356426026969629 1009.6500000000002 -0.71466676797886819 -0.5 -1.4477322770781063 1004.35 3.2390400283295393 2.1250000000000004 1007.9500000000002 0.96500000000000008 7.6700000000000008 -2.8051487093709837 0.73248728852523659 1.4189176234079197 1.7243431341734665 2.0950000000000002 10.450000000000003 0.9927395293426734 0.99628894895067466 7.8650000000000011 8.4450000000000003 0.84293373149377093 2.3364015166702079 1005.6500000000002 0.59125596962661842 4.2250000000000005 4.5950000000000006
decision_type=2 2 2 2 2 2 2 2 2 2 2 2 2 2 2 2 2 2 2 2 2 2 2 2 2 2 2 2 2 2 2 2 2 2 2 2 2 2 2 2 2 2 2 2 2 2 2 2 2 2 2 2 2 2 2 2 2 2 2 2 2 2 2 2 2 2 2 2 2 2 2
left_child=1 18 3 30 67 6 -6 9 -8 10 11 12 -7 39 -15 24 -17 -18 19 40 21 22 57 -13 56 -4 54 28 29 -28 31 -3 33 -24 -31 36 -2 38 -38 -12 41 42 43 -1 63 47 -47 48 -46 -39 53 -52 -53 -22 55 -27 -11 -21 -59 -34 -32 68 -63 -44 -65 -36 -33 -5 -51 -70 -71
right_child=35 2 25 4 5 7 8 -9 -10 15 13 23 -14 14 -16 16 17 -19 -20 20 50 -23 32 -25 -26 26 27 -29 -30 34 60 66 59 -35 65 -37 37 49 -40 -41 -42 -43 44 -45 45 46 -48 -49 -50 61 51 52 -54 -55 -56 -57 -58 58 -60 -61 -62 62 -64 64 -66 -67 -68 -69 69 70 -72
leaf_value=0.002163083363311061 -0.18593790323289572 -0.0044902307737151237 -0.044362395758847879 -0.07532117505030983 0.037692675582545562 0.011367745088203634 -0.044044491276720235 0.030936181427107308 0.0036972382567158346 -0.013074633956250307 -0.031931894458567589 -0.0082384222313494401 0.0085135112794150394 0.0078747516432316148 0.0011703158599609834 0.013576522122564043 -0.0010480375973588923 0.013921583598148919 -0.18228819382480174 -0.062127726279591525 0.005857414349544272 0.0096092024469430787 -0.029165787819085114 0.0021387374243091667 -0.0032194847242040109 0.032986325078961529 0.0097827534384704803 -0.019011917615363801 0.028487473468801809 0.0079873193451528816 -0.04775273491200805 -0.089015306535519326 0.011403844122606296 0.010866288455968928 -0.0030833245882814068 -0.29239525901623631 0.045505536609842002 -0.11105348057157718 -0.094890882804537363 -0.020454349911358811 -0.059192886662717936 -0.00057132275134338982 -0.033399616431630648 -0.029159812293566619 0.054395304413529993 0.033420664508330783 0.020525614939528869 -0.017168234123622381 -0.057996966580444682 -0.0078386153250557047 -0.040275411101826433 0.00063842009252425508 -0.050664282054860496 -0.036290703735967926 -0.0034508128084662359 -0.062286634162577244 -0.0073586096191247613 -0.032341988229257101 -0.033486995593706909 -0.034965249398909756 -0.00035016529610333943 0.009186831809151759 -0.11925825789184913 0.0027170394012861233 -0.090479174714419811 -0.015406078859928733 -0.00077107387025067073 -0.0073404749642875002 -0.055698238283960297 0.004515895016172714 -0.084220771248853715
leaf_weight=182.24460753798485 3030.9695650041103 152.98066031932831 1756.1480245292187 203.1650071144104 90.703030526638031 999.61143931746483 192.32417839765549 241.57477897405624 109.15074020624161 290.11370003223419 415.49242663383484 472.40247657895088 174.67506396770477 218.29947751760483 1709.8744024932384 233.19914615154266 830.43297618627548 868.40916740894318 2740.2498340904713 293.16901203989983 93.8227898478508 122.98852133750916 156.67196249961853 109.02941516041756 273.97851255536079 82.970784276723862 182.12937626242638 436.48370611667633 116.85025072097778 285.52958327531815 918.22154220938683 180.65487363934517 78.167526543140411 234.62989410758018 89.400064647197723 6336.9296694099903 69.259328186511993 70.582238018512726 80.137177288532257 852.81367751955986 1449.22985881567 142.31454572081566 1636.1523213088512 183.63646963238716 81.915912121534348 98.239005625247955 101.63651159405708 559.06766980886459 139.18841755390167 99.666171729564667 261.27482157945633 94.767964124679565 80.790639609098434 600.16369640827179 119.76451820135117 845.32839816808701 181.11155325174332 143.55505222082138 194.71582555770874 117.24013578891754 200.73316416144371 67.073521047830582 104.12453150749207 98.765392243862152 115.18632990121841 352.01028081774712 98.775706887245178 419.90596157312393 882.93610936403275 64.330114930868149 157.72939303517342
leaf_count=136 4805 119 1548 78 41 460 141 82 102 140 157 339 59 102 580 73 230 329 3540 156 65 91 99 119 127 82 92 158 58 148 372 198 58 132 100 9800 40 93 120 582 1132 92 1013 125 61 78 81 234 115 144 236 68 88 414 122 845 60 82 107 102 131 65 149 67 124 312 75 152 1243 97 244
internal_value=-0.00177066 -0.000722928 0.000659837 0.00178377 0.00257708 0.00306215 0.0107871 0.00266194 0.00456556 0.00232611 0.00123922 0.00390998 0.00631282 -0.000200427 0.00166706 0.00429849 0.00578324 0.00437809 -0.00276523 -0.00200571 -0.00030696 0.00153765 0.000295649 -0.00078899 0.000317136 -0.00206718 -0.00081151 0.00107945 0.00314341 0.00066109 -0.0026968 0.000814257 0.00347888 0.00611952 -0.000866447 -0.00412219 -0.00322436 -0.00100783 0.0195107 -0.00311084 -0.00286263 -0.00220328 -0.00262649 0.00107638 -0.0031388 -0.00063554 0.00706004 -0.00274355 0.00150401 -0.00322272 -0.0025758 -0.000277964 0.0052707 -0.00388133 -0.00353536 -0.00405018 -0.00219029 -0.00251648 -0.00057125 -0.00134674 -0.00413589 -0.00360468 -0.000533703 -0.00441155 -0.00164193 -0.00349737 -0.00249956 -0.00369223 -0.00396144 -0.00415578 -0.0019677
internal_weight=35667.8 24704 14704.2 10437.6 8886.27 8263.2 392.178 7871.02 301.475 7629.44 4952.2 1755.72 1174.29 3196.48 1928.17 2677.25 1932.04 1698.84 9999.78 7259.53 2471.96 1341.14 1218.15 581.432 745.204 4266.61 2510.47 1462.4 1025.92 909.069 1551.37 432.411 586.71 391.302 726.94 10963.7 4626.81 1595.84 149.397 1268.31 4787.58 3338.35 3196.03 365.881 2830.15 980.048 199.876 780.172 221.104 1446.44 1130.82 436.833 175.559 693.986 1048.06 928.299 471.225 631.44 338.271 195.408 1118.95 1375.86 171.198 1850.1 213.952 441.41 279.431 623.071 1204.66 1105 222.06
internal_count=33609 16809 8313 4848 3953 3723 284 3439 243 3357 2398 977 519 1421 682 959 632 559 8496 4956 1698 827 736 458 327 3465 1917 868 710 652 895 392 391 231 560 16800 7000 2195 160 739 3258 2126 2034 261 1773 569 159 410 176 2035 871 392 156 479 1049 927 200 345 189 160 503 1942 214 1204 191 412 273 230 1728 1584 341
is_linear=0
shrinkage=0.0955619


Tree=31
num_leaves=71
num_cat=0
split_feature=6 7 9 2 7 1 6 3 2 1 0 9 6 8 1 9 9 9 1 9 8 3 1 2 9 9 8 9 8 3 7 8 2 0 2 1 7 2 8 9 2 1 9 1 9 1 6 3 3 7 7 9 8 0 2 7 2 7 1 1 7 1 7 3 1 9 8 1 7 7
split_gain=9.12156 5.58881 4.56699 4.31512 3.72896 3.17343 3.04689 2.58063 2.19172 3.63467 2.59493 2.96865 2.21287 1.97088 1.96003 2.72393 3.07078 1.77756 1.84506 2.85944 1.69548 1.49702 1.45515 6.74505 2.057 1.6042 1.22799 1.21046 1.11774 1.09128 2.85883 1.02143 1.0193 0.820223 0.802517 4.27595 0.767036 0.759522 0.609951 2.15395 0.577943 0.894324 0.561577 1.09803 0.490389 0.43249 0.686753 0.412539 0.336342 0.302646 0.397772 0.349315 0.262082 0.230141 0.519037 0.220892 0.219257 0.472886 0.212095 0.204361 0.23076 0.181813 0.136126 0.132302 0.101774 0.0544213 0.0463503 0.0411293 0.0354657 0.111886
threshold=-0.5 13.800000000000001 3.8325567343025146 0.064506059999340642 4.9799999999999995 -0.25118773779856163 -0.98296291314453399 2.4150000000000005 -0.10737736916418625 0.18399664778440331 -0.37940952255126015 1.6331445922824168 -0.37940952255126015 9.8800000000000026 0.2843565540399125 -0.20096981843822623 0.052929531204382492 4.2465236270862716 0.95236875646279973 1.7561414130516015 12.235000000000001 2.3950000000000005 0.26781182513105634 -0.97502841500522164 -2.2399668639384749 1.0000000180025095e-35 7.7700000000000022 3.0009297815938756 8.1400000000000041 2.5450000000000004 7.330000000000001 9.9800000000000004 0.8977101403255705 0.37940952255126048 0.42110087079608943 0.86958133671945947 5.4999999999999991 -0.19244445339415753 7.0700000000000029 0.53371271547135468 0.56312986467441573 0.79356426026969662 3.2390400283295393 0.5772862706790628 0.99688713186973221 0.61866567420209762 0.1294095225512602 5.3850000000000007 3.2450000000000006 4.7200000000000015 4.4750000000000005 -2.7180357534998296 10.350000000000001 -0.5 0.53435276464917691 8.5850000000000009 -0.99862982478704421 7.0700000000000029 0.74409704927257569 0.74409704927257569 3.395 -0.65189295912203338 10.050000000000001 3.2650000000000001 -0.99628894895067444 4.2465236270862716 7.915 0.53436760985011655 6.5300000000000038 5.830000000000001
decision_type=2 2 2 2 2 2 2 2 2 2 2 2 2 2 2 2 2 2 2 2 2 2 2 2 2 2 2 2 2 2 2 2 2 2 2 2 2 2 2 2 2 2 2 2 2 2 2 2 2 2 2 2 2 2 2 2 2 2 2 2 2 2 2 2 2 2 2 2 2 2
left_child=1 3 7 4 33 29 13 -3 9 56 11 14 20 26 -11 45 -17 18 22 -20 58 -18 23 25 -24 -8 -7 -26 53 30 36 -23 34 37 48 40 -6 49 39 63 -36 42 61 -44 -9 67 -47 65 62 50 51 -1 -50 54 -5 -19 57 -2 -12 -35 -61 -42 -30 -31 -38 -13 -48 -16 69 -40
right_child=8 2 -4 28 5 6 17 44 -10 10 12 47 -14 -15 15 16 21 55 19 -21 -22 31 24 -25 27 -27 -28 -29 32 38 -32 -33 -34 59 35 -37 64 -39 68 -41 41 -43 43 -45 -46 46 66 -49 52 -51 -52 -53 -54 -55 -56 -57 -58 -59 -60 60 -62 -63 -64 -65 -66 -67 -68 -69 -70 -71
leaf_value=-0.012612181679559928 -0.19246127798094803 0.015261002314376512 0.027190271822512806 -0.0070559126328701262 -0.0017561329749532441 0.005846951187886416 0.0031404496557086992 0.0019591020506714335 -0.21972093828502143 0.0034385039636760624 -0.052947235271325006 -0.037102551236241628 -0.13082916316640847 -0.0072420126624779405 -0.07955981011932467 0.041156943197312751 -0.053164998533454244 -0.00042622917911354884 0.033613915804505755 0.001815701160517145 0.022646421860015278 0.013734769321411067 0.033262530984845065 0.019438939985313427 -0.0030202334098505348 -0.06114933124571479 0.0060298519090551689 0.0023375902104345275 -0.035614849808069692 -0.022982696073087203 0.0046202817430582525 0.0037977572955942901 -0.076132182678309832 -0.094154753778288053 -0.043593821489885727 0.012353894513590541 -0.0022883824851706557 0.00013811183649242649 -0.039132304655438974 0.015799777618519355 -0.0022421667353902217 0.024971468891443586 0.034858725696038054 -0.0077807159936635053 -0.018100172403675362 0.0062765091073433777 -0.077342389750859622 0.00090177656873942965 -0.0080587869182226698 -0.017371777323522238 0.0013788057481120457 -0.019422098353517894 -0.005562996705453631 -0.034797050064363101 0.0070861364326405621 -0.0061409746626936608 -0.16955700136877813 0.013422538485200834 0.0098851348833296146 -0.051876005087529917 -0.0045242566114076094 -0.032421217946387949 -0.00093744619578906669 -0.029251053525142921 -0.05457938559172567 -0.010972746816233319 -0.014944172720509746 -0.0056426275023318158 -0.067533686865125231 -0.099805150137852669
leaf_weight=353.4611200094223 179.7676474750042 160.98539340496063 167.20982921123505 229.53829717636108 200.31863760948181 297.54652720689774 601.10625028610229 114.71775597333908 8541.0058484077454 127.95452189445496 81.813666701316833 431.33181190490723 1193.2503036856651 369.68431568145752 205.59184598922729 98.435469061136246 113.35128170251846 364.69044137001038 381.49843618273735 558.09338867664337 72.190904468297958 167.91525247693062 234.69056192040443 271.9947891831398 2019.6079910993576 519.34378200769424 307.16499483585358 267.8772389292717 588.02842676639557 157.55653360486031 395.01387983560562 122.11801421642303 940.31400996446609 1287.1631972789764 355.217659085989 207.68780860304832 178.22768658399582 238.01100534200668 147.8165528178215 234.09211981296539 175.13591226935387 90.341933250427246 90.464160799980164 123.96568486094475 213.47981655597687 114.96079921722412 83.063634544610977 95.290950000286102 193.56484305858612 321.59678161144257 247.23622703552246 313.05306154489517 258.45128041505814 2557.0893351435661 123.61094853281975 377.53408825397491 3381.6929220557213 85.335048347711563 65.513101160526276 200.67334949970245 246.02224653959274 514.46688884496689 175.20847064256668 461.58753436803818 485.93268743157387 86.64120677113533 60.942391276359558 67.03990912437439 849.34037882089615 125.14981251955032
leaf_count=120 296 128 34 119 79 87 282 114 12322 125 130 385 1968 95 280 67 107 93 114 147 34 124 116 100 645 202 98 65 250 70 131 139 1382 1203 224 120 59 119 92 95 152 88 81 106 94 73 122 60 66 87 86 114 130 1736 115 82 5760 88 82 81 107 650 80 242 235 82 94 64 420 72
internal_value=-0.00182996 -0.000494253 0.00814987 -0.00078901 0.000215038 0.00114685 0.00235784 0.00321807 -0.00358639 -0.00228223 4.64203e-05 0.00250643 -0.00297646 0.00730704 0.00537024 0.00384665 0.00889339 0.00147643 0.00215349 0.0059762 0.00560492 0.00483344 0.00120871 0.00368777 -0.000125207 0.000312243 0.0106847 -0.00103906 -0.00277522 -0.00128384 0.000857402 0.00855669 -0.00163264 -0.00260336 -0.000668779 0.000720841 -0.00213725 -0.000861228 -0.00269566 -0.000634759 -0.00118827 0 -0.000918283 0.00314822 -0.00140325 -0.000762006 0.00179386 -0.0027646 -0.00252417 -0.00186649 -0.000844633 -0.00213107 -0.000227624 -0.00419802 -0.0014731 -0.00281794 -0.00434179 -0.00116578 0 -0.00402633 -0.00187254 -0.00232509 -0.0037566 -0.00368584 -0.00375915 -0.00389962 -0.00210617 -0.00352415 -0.00417415 -0.00231257
internal_weight=35667.8 20292.6 656.393 19636.2 13013.1 9805.87 6570.83 489.183 15375.2 6834.2 3187.41 1774.64 1412.77 974.396 1161.37 1033.42 501.82 5596.44 4854.21 939.592 219.518 403.385 3914.62 1392.44 2522.18 1120.45 604.712 2287.49 6623.09 3235.04 1259.49 290.033 3712.85 3207.22 2772.53 1557.28 864.479 1473.36 1975.54 853.236 1349.59 994.375 904.033 214.43 328.198 531.599 258.967 613.264 1215.25 1235.35 913.75 666.514 452.016 2910.24 353.149 742.225 3646.8 265.103 147.327 1733.86 446.696 689.603 763.237 619.144 664.16 517.973 144.006 272.632 1122.31 272.966
internal_count=33609 11207 370 10837 5538 3621 2126 336 22402 10080 3936 1722 2214 280 1195 1070 437 1846 1671 261 246 370 1410 584 826 484 185 710 5299 1495 504 263 3329 1917 1947 1421 373 526 991 407 1301 1077 989 187 208 633 289 527 526 407 320 234 196 1970 234 175 6144 384 212 1391 188 802 330 312 294 467 216 344 584 164
is_linear=0
shrinkage=0.0955619


Tree=32
num_leaves=72
num_cat=0
split_feature=6 1 2 9 7 2 9 8 6 2 1 8 8 4 0 9 2 1 1 3 8 9 1 9 2 1 0 0 6 9 8 1 9 9 3 7 7 1 7 3 8 1 2 3 3 0 9 8 0 1 1 4 1 9 4 3 4 7 8 9 3 2 7 8 1 3 7 8 2 1 0
split_gain=8.82035 7.69719 3.70011 3.08576 2.81456 2.3467 4.0314 2.29992 2.3976 2.23157 2.26996 4.47577 2.06603 1.79267 1.63803 1.63664 1.89871 1.60752 2.03414 3.61997 2.75218 6.38455 4.16453 2.28989 1.41868 3.60332 3.91764 1.67076 1.38587 1.85822 1.35856 1.99817 2.32619 1.35059 1.43063 0.824805 0.628296 0.613105 0.612587 0.968588 0.459305 1.02397 1.80995 0.418521 0.427598 0.370407 0.347499 0.749685 0.339864 0.496012 0.3188 0.538856 0.281033 0.28311 0.275497 0.299771 0.268992 0.263679 0.607883 0.279532 0.224289 1.01784 0.219678 1.15452 0.185394 0.169605 0.160073 0.1505 0.140844 1.00915 0.117038
threshold=1.0000000180025095e-35 0.1670500785599974 0.064506059999340642 -6.4121108504879798 3.9800000000000026 -0.99862982478704421 1.0000000180025095e-35 10.080000000000002 -0.78656609248549325 -0.012910296075008829 0.26781182513105634 9.0100000000000016 10.685 1008.1500000000002 0.37940952255126048 0.92255439924020888 -0.9668120007078248 0.99628894895067466 0.84293373149377093 2.1350000000000002 9.6499999999999986 3.8325567343025146 0.92913280730858816 1.0258695460507286 -0.8140159405215136 0.4749466738948262 -0.37940952255126015 -0.9159756150367534 -0.98296291314453399 -2.2399668639384749 7.4900000000000011 -0.78297285307474518 1.6908850021393571 -0.89878824880347341 2.2450000000000006 6.9000000000000012 2.6350000000000002 0.86958133671945947 6.7800000000000038 1.2750000000000001 5.5400000000000018 -0.93535928755917819 -0.055914918885874271 3.2450000000000006 3.6450000000000005 -0.5 1.4489232199185376 8.5500000000000007 0.91597561503675351 0.74409704927257569 0.36571913681022045 1011.1500000000002 0.51973899919070166 1.2131758420300012 1007.6500000000002 2.1750000000000003 1006.85 6.1800000000000024 6.5000000000000027 -1.2860132551925998 4.5650000000000004 -0.49749486057528974 7.6399999999999997 7.915 0.9993981459635205 2.7250000000000005 13.800000000000001 8.360000000000003 0.74407637760383738 -0.48250327361223916 1.0000000180025095e-35
decision_type=2 2 2 2 2 2 2 2 2 2 2 2 2 2 2 2 2 2 2 2 2 2 2 2 2 2 2 2 2 2 2 2 2 2 2 2 2 2 2 2 2 2 2 2 2 2 2 2 2 2 2 2 2 2 2 2 2 2 2 2 2 2 2 2 2 2 2 2 2 2 2
left_child=1 5 4 -4 48 6 -1 43 12 10 11 -6 -9 -14 15 36 -17 18 23 70 21 -21 -22 28 25 27 -27 33 -12 -30 31 38 -33 -2 -35 -34 -7 50 -18 -40 41 42 -38 -5 -45 52 47 -32 -3 -50 -15 -52 -10 54 -54 -56 -25 67 59 -59 64 -62 -60 -64 -26 -36 -47 -42 -48 -70 -20
right_child=24 2 3 7 9 14 -8 8 45 -11 17 -13 13 37 -16 16 30 -19 19 20 22 -23 -24 56 60 26 -28 -29 29 -31 46 32 35 34 65 -37 40 -39 39 -41 57 -43 -44 44 -46 66 68 -49 49 -51 51 -53 53 -55 55 -57 -58 58 62 -61 61 -63 63 -65 -66 -67 -68 -69 69 -71 -72
leaf_value=0.0037644478891476563 -0.12573286667305453 -0.05751769463744185 0.015992141364673071 -0.036459525442629509 0.017472654260451987 -0.0053589524793287218 -0.0092578719595703667 0.0091156147286602825 -0.11478942195866187 0.020434361477437473 0.0087931676392165141 -0.023616945871774417 0.0087468538877245559 -0.038925211148546052 -0.15542986978785128 0.001390161417679709 -0.063300598801410202 -0.032685219348964234 -0.044695528671555101 0.021002118146288652 0.023495443325696291 0.0052716030538221903 -0.0023526066987986003 -0.07655928863538719 -0.18341881694803522 0.022499536397310574 -0.013460075116660411 -0.20380786214130656 0.0066790911189620224 -0.00037857220391793634 -0.10324119652937704 0.0046814672351345038 -0.014980254016262897 -0.004111628566770548 -0.023582868252067533 0.00084723369742253354 0.0022854768853693462 -0.002257956138498694 0.026502540437164712 -0.14863508827639849 -0.027424811516736491 -0.059710292400042532 -0.093245207311712222 -0.0029234282665465787 -0.050874619313245703 -0.030235706102017111 -0.039665717444897823 0.0098725489578352938 -0.059506403830107947 0.0089199881123555192 -0.0030702182484056073 0.0036630486804557017 -0.0024475838007364777 -0.0053109326933681996 0.019830415149534489 0.021230740097003705 -0.041568889008532929 0.020760418166288812 -0.01799737979391729 -0.015565723121607941 0.014008893967196439 -0.081975460499076822 -0.0022750821747541572 -0.043135352021021867 -0.088232365957808645 -0.0018180248500012633 -0.0070821820136025768 -0.028571028404068381 0.045490425753441283 -0.048277952468246878 -0.089210638040689683
leaf_weight=218.64836177229881 159.39127731323242 644.91514539718628 147.95522010326385 1781.8599428236485 301.24944254755974 121.66725295782089 341.99973151087761 135.99700152873993 142.23690131306648 337.16178023815155 294.94894844293594 201.95776364207268 249.53813827037811 108.35154366493225 3065.8162803351879 204.3919403553009 420.86588758230209 336.71520179510117 213.01573097705841 297.57891392707825 703.69386357069016 332.20396456122398 1018.5630600452423 603.10201305150986 8453.2343420386314 140.88778913021088 117.82207319140434 1433.8671706914902 418.55725121498108 1710.0104894936085 163.90770328044891 206.18010976910591 157.08772525191307 103.29616129398346 64.908915042877197 139.04275539517403 125.27626886963844 291.82363367080688 72.937641948461533 120.90327131748199 1748.7717837691307 277.10061487555504 116.97834700345993 155.66047048568726 206.52677470445633 653.11864528059959 706.90039503574371 116.93093687295914 140.86642351746559 143.48447984457016 217.68717315793037 277.58473724126816 90.90633499622345 102.71857815980911 65.639978796243668 58.07010543346405 349.0397954583168 103.88835060596466 1381.3137275874615 164.32265165448189 58.767778217792511 287.65254229307175 164.62324818968773 995.51397117972374 84.832413822412491 59.077356487512589 74.161643743515015 151.82941633462906 56.226496160030365 258.78741508722305 295.21940761804581
leaf_count=128 250 316 119 1061 129 44 160 90 212 143 83 104 136 172 3925 96 300 124 84 101 184 98 289 249 12772 135 189 2600 202 643 95 75 92 112 82 70 75 137 49 108 968 192 86 88 97 757 412 112 230 140 167 279 97 114 82 74 126 58 875 121 65 395 103 1052 124 76 59 78 66 368 115
internal_value=-0.00170549 -0.000699603 0.000882371 -0.00123085 0.00209934 -0.00249401 0.00345156 -0.00168729 0.000266783 0.00272729 0.00234592 0.0085678 0.00316522 0.0017337 -0.00280513 -0.00206129 -6.94304e-05 0.00185214 0.00221 0.00408948 0.00568306 0.0111512 0.00361552 0.000587835 -0.00396277 -0.00164109 0.00876253 -0.0031812 0.00217106 0.00126338 -0.00085527 0.00153336 0.00603669 0.00221991 0.00707244 0.000261781 -0.00302005 -0.000167892 -0.00200468 0.00211187 -0.00318783 -0.000286201 0.00403251 -0.00397771 -0.000692518 -0.00278286 -0.00297409 0 -0.00280318 0 0.0014598 0.0025886 -0.000420684 0.000931088 0.00310852 0.00604478 -0.00333888 -0.00348756 -0.00279981 0.00127265 -0.00449494 -0.00163766 -0.00326726 -0.00211603 -0.00459937 0 -0.00414043 -0.00444988 -0.00379043 -0.00159211 -0.00309345
internal_weight=35667.8 24704 13102.1 4759.84 8342.28 11601.9 560.648 4611.88 2467.83 7413.02 7075.86 503.207 1280.98 1144.99 11041.3 7975.45 2624.16 6572.65 6235.93 2860.27 2352.04 629.783 1722.26 3375.66 10963.7 2079.25 258.71 1820.54 2423.52 2128.57 2419.77 1117.02 502.311 386.674 227.282 296.13 5351.29 895.447 614.707 193.841 5229.62 519.355 242.255 2144.05 362.187 1186.85 1302.75 280.839 929.266 284.351 603.623 495.272 459.572 317.335 214.616 123.71 952.142 4710.26 2809.66 268.211 8884.49 346.42 2541.45 1160.14 8538.07 123.986 727.28 1900.6 1021.91 315.014 508.235
internal_count=33609 16809 7101 3741 3360 9708 288 3622 2376 2674 2531 233 981 891 9420 5495 1843 2298 2174 871 672 199 473 1303 16800 3444 324 3120 928 845 1747 694 237 520 270 162 3652 755 457 157 3608 353 161 1246 185 1395 1053 207 686 370 618 446 579 367 253 156 375 3255 2209 179 13356 460 2030 1155 12896 158 816 1046 846 434 199
is_linear=0
shrinkage=0.0955619


Tree=33
num_leaves=72
num_cat=0
split_feature=5 2 1 7 6 9 9 3 6 1 4 8 2 4 2 1 1 6 2 1 9 8 9 9 9 1 5 6 3 4 8 7 9 9 2 3 9 6 4 1 7 7 2 4 4 1 4 2 2 1 8 4 4 1 7 5 2 3 3 7 8 4 7 3 9 4 9 9 9 1 9
split_gain=9.32004 6.76983 6.65735 2.5563 2.19323 1.86664 5.1097 1.83228 2.4289 3.46261 1.91889 1.78581 1.94005 1.68705 1.55309 2.35693 1.48764 1.76224 1.47044 1.33007 2.08177 1.30455 1.96559 1.87059 6.47381 4.58456 3.72296 2.58504 2.13644 1.41999 1.30351 1.98544 2.23343 2.90311 1.30032 1.12665 1.05907 1.05564 1.43427 0.997324 0.805794 1.22778 0.777574 0.586813 1.15462 1.00983 0.583137 1.5174 0.793249 0.53004 0.497619 0.485013 1.02099 0.478472 0.918242 0.471618 0.419946 0.392607 0.364835 0.328676 1.08534 0.316846 0.277602 0.256349 0.252239 0.193421 0.178499 0.176835 0.129424 0.102742 0.0685822
threshold=0.12940952255126045 0.064506059999340642 0.1670500785599974 6.7800000000000038 -0.12940952255126037 1.2131758420300012 1.6331445922824168 1.635 -0.9159756150367534 0.89391031859722891 1006.85 9.8050000000000015 0.8977101403255705 1006.6500000000002 0.42110087079608943 0.86958133671945947 0.49002412863433359 -0.37940952255126015 -0.15855351192338588 0.53436760985011655 -1.0000000180025095e-35 6.0400000000000018 1.7243431341734665 -0.022338874824509244 0.07542098150684852 0.78297285307474518 -0.91597561503675329 0.1294095225512602 2.4450000000000007 1006.5500000000001 7.71 7.5400000000000018 4.0126798556573116 0.76512307836694771 -0.99862982478704421 1.3750000000000002 5.3227068379309097 -0.60355339059327384 1008.7500000000001 0.69636977696931246 9.980000000000004 12.960000000000001 -0.9668120007078248 1006.1500000000002 1007.0500000000001 -0.56314550935064722 1007.9500000000002 0.73246693938583607 0.7987497853924842 0.97310932590074095 14.795000000000002 1002.5500000000001 1003.5500000000001 0.34964421742355262 6.3199999999999994 -0.78656609248549303 -0.93533330245768853 4.535000000000001 2.5750000000000006 6.7299999999999995 11.295000000000003 1013.0500000000001 10.940000000000005 3.4250000000000003 -1.7736156707084054 1005.0500000000001 -0.67590615324713166 -1.4795175621563066 -2.9444944334841874 0.36571913681022045 0.76512307836694771
decision_type=2 2 2 2 2 2 2 2 2 2 2 2 2 2 2 2 2 2 2 2 2 2 2 2 2 2 2 2 2 2 2 2 2 2 2 2 2 2 2 2 2 2 2 2 2 2 2 2 2 2 2 2 2 2 2 2 2 2 2 2 2 2 2 2 2 2 2 2 2 2 2
left_child=1 2 3 37 11 34 -7 39 9 19 -11 46 14 42 58 40 -2 18 30 20 -9 65 23 26 -25 29 28 -27 -23 -26 -18 32 33 -32 -5 -36 51 38 43 -4 -16 62 -8 68 45 -45 47 49 -49 64 -43 -24 -53 54 -28 -54 -46 -37 -13 67 -61 -48 -42 -21 -3 -10 -55 -20 -1 -14 -60
right_child=16 4 7 5 -6 6 13 8 21 10 -12 12 69 -15 15 -17 17 -19 59 63 -22 22 36 24 25 27 53 -29 -30 -31 31 -33 -34 -35 35 57 -38 -39 -40 -41 41 50 -44 44 56 -47 61 48 -50 -51 -52 52 55 66 -56 -57 -58 -59 70 60 -62 -63 -64 -65 -66 -67 -68 -69 -70 -71 -72
leaf_value=-0.015178023024802164 -0.15901628278928731 0.00018346508790636446 0.042572094557017735 0.0017896993636913093 -0.17114168978208011 0.0031313498211920764 -0.0016035475819401405 -0.0022942445944352415 0.00040088921725297031 0.024381696160010475 0.0044025032754923185 -6.2457348762615727e-05 -0.071869180179899184 -0.0064363967730684535 0.016265777613066253 0.025212817387172171 -0.026598285755358789 -0.16116342216851451 -0.077994369427974983 -0.064502211301025555 0.0081664705789889543 0.013962012570619395 -0.02362026319122968 0.015117453850601341 -0.0067223367047753203 0.0033444569304047255 -0.018246317410100969 0.010225781456820593 -0.028227691171197448 0.020123323138467781 -4.3837824408341609e-05 -0.014793171575343647 -0.0066381215079329842 0.04105739694580593 -0.00044540958320175134 -0.05474846186252167 0.029974644301863224 -0.061419086532153347 0.004927380048407713 -0.037586960660353844 -0.0005337151601293986 0.0032593888745352066 -0.082264499476510169 -0.0057706676515352174 -0.0091972010070385194 -0.011686883489641213 -0.023549670406148526 -0.0026913824544093318 0.0010769454637752788 -0.0016806724857864653 -0.00042777468598188356 0.0060719005147267359 -0.0016613212352901761 -0.0065652888540575225 -0.0035469477198651119 -0.012010850701270904 -0.0073859778368639767 -0.0010594794338975244 -0.0011076455431406806 -0.0022146414731238967 -0.038360407882685271 -0.0028133009387493742 -0.0058009863210644573 0.00039225657119138006 -0.056292987945367842 -0.03613767117670303 -0.015011518883226358 -0.072289442336374063 -0.036987785107195359 -0.0019598060173179515 -0.005248487943563686
leaf_weight=175.36578845977783 7778.5114906430244 113.4161651134491 125.48444917798042 240.9619587957859 3206.0109500288963 307.75814437866211 125.24922925233841 333.32713449001312 113.7617272734642 297.26261287927628 408.23086458444595 172.98367613554001 533.67618981003761 219.62733644247055 135.03310012817383 157.50118976831436 467.53737637400627 1885.0964995920658 155.2906679213047 320.60857552289963 273.30438393354416 82.289701104164124 300.75649851560593 145.82002744078636 510.00622713565826 254.94836115837097 82.228092104196548 160.97927224636078 186.28514093160629 196.74150305986404 202.21686416864395 287.50698906183243 236.54579478502274 240.31067949533463 168.00474971532822 1002.4243651628494 176.933723539114 1956.1880536079407 355.91268050670624 525.05162075161934 136.75188946723938 132.70419031381607 467.67757278680801 224.20951515436172 203.44726407527924 202.37000954151154 2049.0097192525864 91.171420276165009 104.1436410844326 273.33760207891464 118.42959386110306 179.62737786769867 480.81590640544891 563.26286402344704 133.44775173068047 547.06462895870209 527.09211951494217 224.27129924297333 183.81178486347198 116.75101801753044 294.16114699840546 116.82046744227409 262.08790281414986 311.97621393203735 648.49753615260124 283.25819632411003 266.95249354839325 810.7955110669136 804.23021900653839 79.683886468410492 212.76000547409058
leaf_count=90 10659 65 108 112 4900 150 69 106 55 60 100 69 822 106 138 89 214 3018 178 92 76 59 94 65 239 97 78 210 146 140 109 82 114 125 88 726 65 2783 114 294 126 106 286 104 65 74 1393 77 86 69 102 74 254 405 98 322 214 135 102 74 202 138 245 68 386 202 133 630 344 106 85
internal_value=-0.00167153 -0.000533783 0.000729343 -0.00131963 -0.00263757 0.000941645 0.00396023 0.00277526 0.00325691 0.00611688 0.011497 -0.00145729 0.000679394 0 0.00255466 0.00495145 -0.00377878 -0.0023916 -0.000833415 0.002961 0.00614891 0.00204192 0.00254167 0.00419679 0.00683414 0.00424363 0.00157214 0.0121771 0.0115777 -0.000320592 0.00126126 0.00330694 0.00616549 0.0101749 -0.00107168 -0.00224056 0 -0.00274124 -0.00137974 -0.00196871 0.00264223 0.00106682 -0.00267492 -0.00234398 -0.000782061 0.00304722 -0.00282147 -0.00104961 0.00648974 -0.00257487 0.00636036 -0.000822243 0 -0.00093004 0.00288304 -0.00112997 -0.00314869 -0.00329281 -0.00125231 -0.00308115 -0.000538941 -0.00378254 -0.00205245 0 -0.00388944 -0.00307797 -0.00203895 -0.00406144 -0.00408669 -0.00378281 -0.0029467
internal_weight=35667.8 23193 14465.2 7204.79 8727.83 2755.97 1120.31 7260.43 6609.89 1944.71 705.493 5521.82 2125.42 812.554 1512.06 942.508 12474.7 4696.21 2811.12 1239.22 606.632 4665.18 4268.16 2582.96 1268.5 1122.68 1314.47 415.928 268.575 706.748 1434.12 966.58 679.073 442.528 1635.66 1394.7 1685.2 4448.82 2492.63 650.536 785.007 649.974 592.927 2136.71 1157.12 426.58 3396.4 1230.57 195.315 1035.25 251.134 1508.26 1207.51 1045.89 215.676 1027.88 730.539 1226.7 569.555 1377 410.912 2165.83 398.84 632.585 761.914 397.02 830.215 966.086 979.596 613.36 396.572
internal_count=33609 18204 9100 5460 9104 1672 611 3640 3238 502 160 4204 1990 461 1062 806 15405 4746 1728 342 182 2736 2479 1670 751 686 919 307 205 379 644 430 348 234 1061 949 809 3788 1005 402 717 579 355 891 457 178 2214 683 163 520 208 744 650 714 176 576 279 861 256 1084 276 1531 371 160 451 257 538 808 434 928 187
is_linear=0
shrinkage=0.0955619


Tree=34
num_leaves=72
num_cat=0
split_feature=5 2 7 6 4 1 9 9 1 5 1 5 4 1 1 1 3 7 8 8 1 8 4 3 3 8 1 2 6 2 1 3 1 4 2 1 6 2 4 8 7 9 3 7 7 8 6 8 4 3 8 9 4 8 8 3 3 9 4 8 3 8 6 1 3 9 3 2 4 8 4
split_gain=9.72196 7.04198 5.36713 2.39473 2.13577 2.68174 2.12103 2.58293 3.62487 3.8925 2.5661 1.87015 1.95877 1.75057 5.87754 1.71045 2.54584 1.6716 1.65495 1.59 1.5744 1.57179 1.51331 1.48702 1.63739 2.06145 2.07204 1.47575 1.38122 1.34974 1.9595 1.23392 1.2293 1.1786 1.1321 1.00671 0.946906 0.901405 1.17328 1.50136 0.888343 0.866641 1.23547 0.851228 0.962464 0.845358 1.28927 0.798734 0.659213 0.705541 0.609638 1.37046 0.563564 0.556662 0.522448 0.480642 0.731871 0.455 0.349386 0.67603 0.292678 0.280673 0.259658 0.840123 0.63569 0.257961 0.255732 0.217409 0.179115 0.239161 0.150043
threshold=0.12940952255126045 0.081673369964559248 7.2649999999999997 -0.37940952255126015 1007.4500000000002 -0.25118773779856163 5.0937704837932047 2.3812354573956864 0.95236875646279973 -0.78656609248549303 -0.064507852084056697 -0.70710678118654735 1003.4500000000002 -0.78297285307474518 -0.7610972106345526 -0.39753913293122006 2.2350000000000008 8.9500000000000028 6.0000000000000027 9.8050000000000015 0.49002412863433359 10.800000000000004 1005.1500000000002 2.1150000000000007 2.2250000000000005 7.8899999999999997 0.49002412863433359 0.8977101403255705 -0.37940952255126015 0.42110087079608943 0.86958133671945947 2.4450000000000007 0.30081702196488996 1006.6500000000002 -0.84291031405530259 0.86958133671945947 -0.78656609248549325 -0.081676395330422633 1006.1500000000002 12.490000000000002 5.4999999999999991 -2.3197953995181115 3.2050000000000005 12.795000000000003 10.860000000000003 5.5400000000000018 -0.60355339059327384 4.5250000000000012 1007.4500000000002 1.5550000000000004 8.2650000000000006 0.58819321032125071 1007.6500000000002 6.9600000000000035 14.795000000000002 1.135 0.96500000000000008 -1.1412490288949255 1011.5500000000001 11.059999999999999 4.1450000000000005 7.1400000000000032 -0.9159756150367534 -0.04732095011389225 3.8950000000000005 0.8432384584849083 1.7550000000000001 -0.65187484896379921 1003.2500000000001 8.9250000000000007 1012.7500000000001
decision_type=2 2 2 2 2 2 2 2 2 2 2 2 2 2 2 2 2 2 2 2 2 2 2 2 2 2 2 2 2 2 2 2 2 2 2 2 2 2 2 2 2 2 2 2 2 2 2 2 2 2 2 2 2 2 2 2 2 2 2 2 2 2 2 2 2 2 2 2 2 2 2
left_child=1 2 13 19 5 33 7 8 10 -10 -7 12 -12 45 -15 -6 -17 35 47 48 62 -19 41 52 -25 26 -26 29 31 65 43 67 -13 68 -30 -18 -9 38 -33 40 61 42 -20 44 57 46 -1 -16 49 -3 51 -51 53 -24 -45 56 -47 -31 -39 -60 -27 -40 63 -2 -65 -21 -49 -22 -4 -70 -50
right_child=20 3 4 -5 15 6 -8 36 9 -11 11 32 -14 14 18 16 17 21 22 27 28 -23 23 24 25 60 -28 -29 34 30 -32 37 -34 -35 -36 -37 -38 58 39 -41 -42 -43 -44 54 -46 55 -48 66 70 50 -52 -53 -54 -55 -56 -57 -58 -59 59 -61 -62 -63 -64 64 -66 -67 -68 -69 69 -71 -72
leaf_value=0.0023537393834887036 -0.099355728382366601 -0.062778420162420107 0.00072483289438372443 -0.14167965179200767 0.0031259766494539771 0.017305557053166137 0.044229743775117472 -0.00037370627251420479 0.0019193975936093921 0.023240691692057357 -0.035478113984370917 5.6488243077629482e-05 0.0094626727883164209 0.0028714471347629582 -0.017324440961136882 -0.02749422026719445 0.0035673822426869834 0.017516205691119509 -0.0035912136175668585 -0.0015750806640048309 -0.0027024075021419448 -3.5316661541513151e-05 0.0086050807350869021 0.015959850294231092 0.0026364686677197752 -0.025820560424364848 0.016683438609746973 -0.050859897455673188 0.0069919903913502742 -0.0302010591294475 0.0128002586394054 -0.026767409144263069 -0.0030861934323791564 0.0024532917579752202 -0.1545040570087399 -0.0068194404844373309 -0.011225029399517517 -0.038926042702182036 -0.027129369814353627 0.011859693802633972 -0.0011543401846655854 -0.022150019681971663 -0.035368891319415348 0.0016200430302548464 -0.0054869756946324556 -0.071241602198148568 -0.11944680004128543 -0.011226443608422742 -0.020271185079905739 -0.012161195440382312 -0.06360410873678253 0.0046713477167305726 -0.025374104608041865 -0.032492398035938869 -0.00023521582973897641 -0.052600782607983197 0.024584982560620947 0.016425511236109507 0.0031590799290922376 -0.04938890233740427 -0.033839449519890062 0.0041645615362474022 -0.18027206349896976 -0.024433664233189135 0.01217244001827285 -0.0086333645340280363 -0.014146582265318942 -0.033333084710203117 -0.074625756149053465 0.0084575681139854274 -0.0022310477685743486
leaf_weight=187.08736419677734 721.63802248239517 248.06030488014221 118.43706580996513 3661.4607964158058 183.36852976679802 155.408706843853 260.21946537494659 561.29262214899063 204.40202388167381 181.01498347520828 162.95107108354568 426.04759001731873 724.09551507234573 123.36205992102623 128.31507083773613 222.19417858123779 185.9659152328968 180.37104451656342 99.246174097061157 284.01433485746384 139.05148616433144 151.38619703054428 176.66472247242928 137.77033546566963 1404.0182483792305 768.65547540783882 537.5364083647728 512.46416088938713 52.057593733072281 124.15878921747208 147.36366319656372 182.30829468369484 749.90066555142403 160.70550167560577 1833.0389058589935 143.33189645409584 717.31447279453278 295.23695275187492 160.85070693492889 246.08249542117119 192.56532561779022 772.42903146147728 114.84864690899849 131.36975342035294 226.85555499792099 155.32494035363197 202.65439581871033 124.74087089300156 2098.0671693384647 178.36589813232422 216.02158629894257 164.34664082527161 485.33478832244873 240.5041629076004 108.99215614795685 1420.7602839767933 91.608782649040222 121.46056145429611 156.33085143566132 180.46612405776978 140.25695171952248 272.24196317791939 6755.2160184383392 192.74157124757767 108.91587847471237 224.6122915148735 1029.7073255181313 985.98184764385223 671.03170776367188 119.57885628938675 125.58885419368744
leaf_count=84 708 117 85 5544 97 89 70 121 105 80 115 172 448 85 112 84 115 53 68 112 72 112 115 115 833 577 246 782 84 136 75 73 306 80 2934 87 324 198 67 79 61 440 104 93 199 134 305 127 1283 88 79 87 417 201 86 1332 76 91 145 176 82 155 9690 179 82 95 685 702 413 101 142
internal_value=-0.00151676 -0.000355093 0.000915313 -0.00253206 0.00302771 0.0022019 0.00331161 0.00271564 0.00444681 0.0130412 0.00289805 0.00194407 0.00525955 -0.00066413 0.000114057 0.00696066 0.00502978 0.00804059 -0.000288657 -0.00112636 -0.0036685 0.0128896 0.000498346 0.00136236 0.00240294 0.00186627 0.00363933 0.00101987 -0.0022448 0.00269435 0.00501653 -0.000859276 -0.000483436 -0.00200577 -0.00425732 0.00281086 -0.000738563 0.000731008 0.00248038 0.00399387 0.00131809 -0.00280918 0.00227024 0.0027546 0.000183582 -0.00308334 0.000720314 -0.00334883 -0.00248935 -2.9704e-05 0.001735 0.0043177 -0.00197662 0.000399363 0.0073672 -0.00402807 0 0.00449073 -0.00203706 0 -0.00181805 -0.000900803 -0.00451498 -0.00283835 0.00114686 -0.00105525 -0.00418143 -0.00332191 -0.00340391 -0.00392159 -0.00333862
internal_weight=35667.8 23193 14619.8 8573.2 6279.02 5212.4 4142.65 3882.43 2603.82 385.417 2218.4 2062.99 887.047 8340.83 6283.39 1066.62 883.249 661.055 6160.03 4911.74 12474.7 331.757 4877.26 3890.74 2988.24 2850.47 1941.55 1881.29 4696.21 1368.83 860.2 2811.12 1175.95 1069.75 1885.1 329.298 1278.61 1686.08 1054.05 871.74 625.658 986.524 214.095 712.837 472.475 2057.44 389.742 1282.76 3030.45 806.794 558.734 342.713 902.504 417.169 240.362 1667.69 246.934 245.619 632.034 336.797 908.912 433.093 7778.51 1023.3 301.657 508.627 1154.45 1125.03 909.048 790.611 2223.66
internal_count=33609 18204 9195 9009 3057 2509 1830 1760 1315 185 1130 1041 563 6138 4207 548 451 367 4122 3465 15405 165 3198 2586 1853 1738 1079 1669 4746 887 680 1728 478 679 3018 202 445 954 435 362 283 612 172 605 426 1931 389 924 1796 371 254 175 733 316 179 1542 210 227 519 321 659 222 10659 969 261 207 812 774 599 514 1425
is_linear=0
shrinkage=0.0955619


Tree=35
num_leaves=72
num_cat=0
split_feature=5 1 6 3 0 7 1 6 7 4 6 9 9 4 9 1 3 9 3 9 1 1 9 1 9 7 8 7 1 1 3 4 4 8 1 3 1 9 1 1 9 1 7 7 4 3 1 4 4 0 8 7 1 8 1 1 1 6 8 3 8 7 4 4 9 3 3 8 8 3 1
split_gain=10.8541 6.13874 4.51619 3.62611 3.00441 3.34285 1.94417 1.73642 1.82539 3.33138 1.62239 1.58338 5.74443 1.48738 2.42898 2.39656 1.34658 1.22282 1.17034 1.62634 1.51046 1.93997 1.04938 1.12511 2.61666 2.60315 5.84895 1.46012 0.991464 0.978307 0.977667 1.14066 0.969441 1.25417 2.8317 1.68846 1.08312 0.954554 0.905628 0.937239 1.83093 3.85931 0.895389 4.42179 0.908724 0.839002 0.80955 0.943081 0.78469 0.705068 0.781093 0.682635 0.650129 0.882814 0.616358 1.78188 4.51128 1.38348 0.922588 0.568491 0.566832 1.66421 0.513592 1.18486 0.477925 0.403944 0.382389 0.637956 0.478973 0.357396 0.335831
threshold=0.12940952255126045 0.1670500785599974 -0.37940952255126015 1.6850000000000003 1.0000000180025095e-35 7.3800000000000017 0.49002412863433359 0.78656609248549303 5.4100000000000028 1007.7500000000001 -0.37940952255126015 1.2131758420300012 1.3279240974452213 1009.2500000000001 1.7561414130516015 0.92913280730858816 2.3350000000000004 3.0009297815938756 3.8650000000000007 2.138287092550597 -0.78297285307474518 -0.57023701209772126 1.7561414130516015 0.74409704927257569 0.02424476175698587 7.830000000000001 9.7350000000000012 4.8600000000000021 0.94697898371965716 0.823915376013162 2.9550000000000005 1009.0500000000001 1004.35 9.0100000000000016 0.26781182513105634 3.3250000000000006 0.51973899919070166 5.3227068379309097 -0.99628894895067444 -0.04732095011389225 0.07542098150684852 0.030120025924939415 5.6900000000000004 7.6700000000000008 1009.6500000000002 3.7650000000000001 0.61866567420209762 1007.6500000000002 1006.0500000000001 0.91597561503675351 12.675000000000002 10.780000000000001 0.54883787585413535 8.0300000000000011 -0.55601228778889811 -0.79356426026969629 -0.7610972106345526 -0.60355339059327384 5.7549999999999999 2.0550000000000002 7.4900000000000011 6.8700000000000001 1002.5500000000001 1003.5500000000001 0.02424476175698587 4.1450000000000005 2.6350000000000002 8.245000000000001 11.975000000000001 3.2450000000000006 0.90149333598846393
decision_type=2 2 2 2 2 2 2 2 2 2 2 2 2 2 2 2 2 2 2 2 2 2 2 2 2 2 2 2 2 2 2 2 2 2 2 2 2 2 2 2 2 2 2 2 2 2 2 2 2 2 2 2 2 2 2 2 2 2 2 2 2 2 2 2 2 2 2 2 2 2 2
left_child=1 2 11 46 7 30 -2 22 9 -9 16 38 -13 14 -7 -16 -8 -15 19 20 -14 -22 23 32 27 -26 -27 -25 -28 -29 31 -6 -5 34 -34 -36 -35 62 -1 54 41 -41 49 44 -44 -32 47 -3 -43 64 -51 -38 53 -12 55 58 -57 65 -40 -31 61 -21 -24 -64 -18 -58 67 -65 -68 -62 -45
right_child=6 3 -4 4 5 13 10 8 -10 -11 52 12 18 17 15 -17 42 -19 -20 60 21 -23 37 24 25 26 28 29 -30 59 45 -33 33 36 35 -37 51 -39 39 40 -42 48 43 70 -46 -47 -48 -49 -50 50 -52 -53 -54 -55 -56 56 57 -59 -60 -61 69 -63 63 66 -66 -67 68 -69 -70 -71 -72
leaf_value=0.0020710789990929777 -0.12906377481257358 0.021328348132470157 -0.1241798164995699 -0.055862967465806913 0.0062139114511202045 0.018728542807953476 -0.019882276841320018 0.032034859815357392 -0.092045461921869798 -0.14056853084823592 0.006323822831499743 0.0068849755797034508 -0.11711184020460044 -0.0020968175673628082 0.0067175564691910094 -0.00074036827347214178 0.00078361025495817731 0.00080380363709164904 -0.037033309030769235 -0.067863189963582343 0.0048637721019280204 -0.060705077113244639 -0.017015860214300304 0.0021080466857247362 -0.021080234498755401 0.025994206699291936 0.010788712921707027 0.035124754619236261 -0.00031638977629736914 0.0004355126360896885 -0.030261735477328574 -0.0053610197074272599 0.019343502758060536 -0.02993678892429839 -0.010961166453076434 0.0064444520538102686 -0.0049044227358492933 0.02288353545638358 0.0015945725958779527 0.001938228856048056 -0.020134459569009801 0.0045461870910668764 0.02453239064458897 -0.0071006854285371856 -0.0013021395291319467 0.0033179037228515951 -0.029100573848164779 -0.0061120590482540912 -0.03097364328551001 -0.01571851787197219 0.013180164447854633 0.0027793246132359205 -0.14081716491210908 -0.21319203486805921 -0.030599643067804758 0.007803207451833943 -0.0078855097058119061 0.0011058664072514479 -0.036128855111983653 -0.0068865852973385667 -0.027174410100906838 -0.0037730081661924795 0.0052221974057851447 0.017307923803242361 -0.033754395840370856 -0.013047988562966536 -0.0077181091716061858 -0.020139328778486683 -0.0030246076516488888 -0.027714462717412059 -0.016942041535203109
leaf_weight=324.60676535964012 7778.5114906430244 134.32628336548805 4165.9127449691296 408.38420516252518 304.33537203073502 390.56925946474075 1019.4129172563553 65.76339003443718 824.01638397574425 102.68476882576942 54.320121824741364 186.51937860250473 224.76010501384735 252.73790439963341 325.50304621458054 397.43477833271027 262.58388042449951 118.61811208724976 351.35989171266556 172.10641747713089 191.89703512191772 172.9483437538147 300.1725492477417 95.019537329673767 229.67259761691093 149.63453829288483 204.18126544356346 156.92732992768288 243.46370673179626 103.16006800532341 353.89566850662231 277.86469197273254 169.09157392382622 422.04446226358414 613.68694996833801 404.85011085867882 119.81157320737839 176.00559848546982 242.26881846785545 167.66363018751144 304.65305614471436 146.4239239692688 155.40729653835297 206.44097852706909 152.72344261407852 318.27608615159988 1349.3848732411861 366.08831906318665 214.65335351228714 122.93317034840584 83.575997918844223 143.62963911890984 1743.4935249388218 87.282852828502655 1284.6356789469719 162.06739920377731 601.25010964274406 163.81817051768303 1521.2907159924507 647.21539556980133 388.88769763708115 154.55971759557724 164.30892837047577 127.56554740667343 524.38001790642738 175.74830776453018 628.39495527744293 306.60318756103516 372.88492575287819 106.80772003531456 283.6583463549614
leaf_count=140 10659 123 6472 235 82 137 707 67 1275 166 81 74 145 181 99 87 155 62 155 85 69 118 93 86 129 79 160 121 132 66 104 94 99 487 398 149 118 55 131 103 111 66 58 103 101 96 837 395 120 177 52 117 2794 143 852 95 269 89 888 486 300 83 64 61 284 85 311 237 199 67 91
internal_value=-0.00129081 -6.40202e-05 -0.00164558 0.00146346 0.00219282 0.00489451 -0.00356367 0.00114755 -0.00252014 0.0062532 -0.00199061 -0.000192331 0.00211895 0.00797024 0.0097442 0.00621137 -0.000496976 0.00237 0.000366631 0.00164453 0.00548888 0.00927627 0.00175185 0.00263582 0.00441885 0.00840581 0.0117192 0.00102311 0.00591069 -6.92018e-05 0.00117021 0.00406626 0.00116183 0.0021111 0.00400351 0.00197851 -0.00103416 0 -0.00105944 -0.00139225 0.00146486 0.0049392 0.00104112 0.00344202 0.0124058 -0.00120535 -0.0023943 0.000733087 -0.000398855 -0.000797826 0.00398443 0.00356598 -0.00416461 0.00156224 -0.00198896 -0.00115979 0.00179739 -0.000659211 -0.00306209 -0.00161003 -0.00100675 0.00190116 -0.000626739 0 -0.00218031 -0.00243603 -0.000827845 0.00141461 -0.00189464 -0.00311098 -0.00203894
internal_weight=35667.8 23193 11424.8 11768.2 9918.41 2739.23 12474.7 7179.17 992.465 168.448 4696.21 7258.93 1949.85 1484.86 1113.51 722.938 2811.12 371.356 1763.33 1411.97 589.605 364.845 6186.71 4110.77 1829.27 826.952 597.28 1002.32 447.645 907.303 1254.37 582.2 2281.5 1873.11 1187.63 1018.54 685.486 2075.94 5309.08 4984.47 833.394 528.741 1791.7 798.23 308.131 672.172 1849.8 500.415 361.077 993.473 206.509 263.441 1885.1 141.603 4151.08 2866.44 1102.88 940.817 1763.56 750.375 822.362 326.666 1899.93 1599.76 786.964 776.998 1435.45 434.169 1001.28 495.695 490.099
internal_count=33609 18204 10517 7687 6332 942 15405 5390 1508 233 4746 4045 1096 566 323 186 1728 243 1022 867 332 187 3882 2862 1259 500 371 759 292 673 376 176 1603 1368 646 547 722 1020 2949 2809 400 289 1021 353 159 200 1355 518 186 668 229 235 3018 224 2409 1557 538 443 1019 552 535 168 965 872 439 354 808 298 510 367 194
is_linear=0
shrinkage=0.0955619


Tree=36
num_leaves=72
num_cat=0
split_feature=5 2 7 9 4 4 2 2 6 6 7 8 2 4 7 9 8 7 4 2 3 3 4 3 9 9 2 6 6 2 2 3 2 2 7 2 7 9 7 8 4 3 0 9 2 7 9 5 3 3 8 8 4 7 9 9 4 7 7 8 9 9 8 2 2 2 2 2 8 9 9
split_gain=10.4733 6.99379 2.99612 3.03753 2.73741 2.73184 2.60973 3.86471 3.09657 2.48269 2.06695 1.93687 2.21206 1.88819 1.52799 1.89608 1.88558 1.94433 5.18432 1.60394 2.69617 1.58433 1.47301 1.57813 1.88489 11.0232 1.45434 1.43564 1.16706 1.7336 3.60525 1.58751 1.1226 2.12424 1.04926 0.830669 0.810931 0.764666 0.705181 0.608752 0.589635 0.746964 0.708963 0.587803 0.579186 0.644707 0.512341 0.470708 0.754121 0.449842 0.818757 0.464807 0.428737 0.383582 0.354101 0.345823 0.336185 0.318902 0.681206 0.288067 0.286022 1.09772 0.242125 0.228605 0.358139 0.378678 0.623769 0.348089 0.311934 0.224594 0.219697
threshold=0.12940952255126045 0.081673369964559248 7.830000000000001 -1.5469657360456066 1007.9500000000002 1004.7500000000001 -0.62538740722492581 -0.66483077113278999 -0.78656609248549325 -0.12940952255126037 13.800000000000001 9.8050000000000015 0.86527520261780289 1003.35 4.950000000000002 -3.9698788447676132 8.2200000000000024 5.4100000000000028 1007.2500000000001 -0.86955717898714324 3.2250000000000005 4.3850000000000007 1003.85 2.8050000000000002 0.3933133676989567 -0.022338874824509244 -0.62538740722492581 -0.37940952255126015 -0.12940952255126037 -0.16705162550211936 -0.021515300460958474 2.1350000000000002 0.42110087079608943 0.49751328890718055 5.6900000000000004 -0.84291031405530259 12.795000000000003 1.7561414130516015 5.1399999999999997 14.295 1007.4500000000002 1.5550000000000004 -0.5 -0.78366249637247509 0.57727023316007786 10.940000000000005 5.0937704837932047 -0.60355339059327362 2.1850000000000005 2.5250000000000004 12.930000000000003 11.920000000000002 1013.0500000000001 12.410000000000004 4.4192469114695436 2.6573081103355141 1007.85 6.7299999999999995 7.7999999999999998 8.9800000000000004 0.99688713186973221 1.4771880117935512 10.800000000000004 -0.15855351192338588 -0.86955717898714324 -0.63872576220844923 -0.67758968959607091 -0.8038981836306559 11.920000000000002 1.0823721141985205 -4.047565007407349
decision_type=2 2 2 2 2 2 2 2 2 2 2 2 2 2 2 2 2 2 2 2 2 2 2 2 2 2 2 2 2 2 2 2 2 2 2 2 2 2 2 2 2 2 2 2 2 2 2 2 2 2 2 2 2 2 2 2 2 2 2 2 2 2 2 2 2 2 2 2 2 2 2
left_child=1 2 5 -4 10 60 7 14 -9 11 13 40 32 -5 19 -16 17 18 -17 -7 -21 -19 -15 47 25 -25 -26 34 29 38 31 -31 53 -34 39 -36 44 -6 43 63 41 -3 -43 -8 -35 -46 49 48 -24 -37 51 57 -42 62 -30 -40 -18 -51 -59 -58 70 -62 -13 64 -2 66 67 -66 -67 -38 -1
right_child=27 9 3 4 37 6 28 8 -10 -11 -12 12 -14 22 15 16 56 21 -20 20 -22 -23 23 24 26 -27 -28 -29 54 30 -32 -33 33 36 35 46 69 -39 55 -41 52 42 -44 -45 45 -47 -48 -49 -50 50 -52 -53 -54 -55 -56 -57 59 58 -60 -61 61 -63 -64 -65 65 68 -68 -69 -70 -71 -72
leaf_value=-0.043069942150519402 -0.072627829135423219 -0.058519768337354471 0.020439716746172575 -0.014805056019104658 0.019389112925737591 -0.05373931674173469 -0.019091535348116632 0.031220842251526933 -0.00036325930398372057 -0.13589275518733809 0.018007140409176687 -0.010816187352998614 -0.038926442360924768 0.011091950520308489 0.0040660460349607672 -0.011434003644508981 -0.062526671474671072 0.00048029084251603559 -0.0074201815172757948 -0.039810524562335074 0.011717600825530711 0.007808637189427539 4.8710124073814258e-05 -0.0044723636261026802 -0.0049387327706346658 0.016952164490570361 0.0037806695281154094 -0.19431376954282664 -0.091922929492277497 -0.00046734495590581264 -0.023077107466948452 0.0034944011442180774 0.021856466931479811 -0.052705822933821506 0.021417425325085691 -0.0052908703624331499 0.0019541635394229504 -1.937285067083303e-05 -0.049651979981073339 0.011920643506800841 -0.021757699851463506 0.0011830365949623027 -0.0060857868186158575 0.0027532749603428356 0.011954563311625383 -0.0048242972269289816 0.0026133845251858005 -0.02622223174617028 -0.067984701264130795 -0.022790453100532453 -0.019399461773054658 0.027867150573764096 0.00032556757085552135 0.00022845419674764883 0.0045141526260645036 -0.0064073997588648826 -0.022195754225130038 0.033699816655103562 -0.021134305114200846 -0.00061963006407333954 -0.0012545435594112347 -0.03338597421133227 -0.046380351391456937 -0.11068376896131944 -0.032944418887068602 -0.050499933910441157 0.034794318861298572 -0.090731865921629393 -0.0032806842193297131 4.6019108479546527e-05 -0.029202692196936487
leaf_weight=120.5332917869091 839.34951096773148 281.73854771256447 178.74159851670265 623.83684194087982 244.22060111165047 663.43843466043472 233.54061907529831 188.26695108413696 164.04858994483948 3175.4425581991673 380.54206323623657 183.46323752403259 685.89531508088112 260.64371335506439 157.65415114164352 227.59265029430389 395.74260929226875 2116.1107769012451 222.21984133124352 227.78539797663689 176.53528282046318 373.06166112422943 327.91444742679596 293.1833108663559 521.69767153263092 170.35206842422485 736.33412247896194 6392.4594518840313 911.95705795288086 198.22231557965279 323.63914257287979 191.59823989868164 157.50118976831436 162.71257573366165 148.23678910732269 589.73995116353035 116.48891305923462 256.56253087520599 671.95196723937988 78.218039631843567 2283.071600228548 229.73943185806274 388.77801495790482 201.80734401941299 173.09172159433365 123.51093265414238 108.28712403774261 400.75202721357346 320.25878620147705 202.77328777313232 308.41842904686928 143.35601809620857 116.82046744227409 173.58826470375061 51.479292303323746 251.67092370986938 91.592156589031219 126.01975548267365 130.76199999451637 81.730747520923615 161.94946387410164 300.45820283889771 184.69245052337646 1883.8881868124008 265.51442924141884 717.47966828942299 118.73333770036697 277.76556894183159 143.72248995304108 136.66729474067688 1200.2171543240547
leaf_count=82 854 161 148 286 142 552 100 50 150 4851 94 63 1040 134 133 156 302 1253 165 270 62 107 205 187 236 84 325 9801 1452 94 160 65 89 119 112 517 108 91 362 65 1554 152 173 66 164 122 55 141 163 176 213 79 138 85 57 71 90 102 67 89 85 194 98 2124 198 656 76 258 52 92 792
internal_value=-0.00131912 -0.000113899 0.00115255 0.00313599 0.0026246 0.000198342 0.000951042 0.00228065 0.011939 -0.00228419 0.00176578 -0.00101341 0.00122657 0.00103575 0.00153587 0.00247228 0.00197469 0.00296554 0.00878713 -0.00158957 0.00300558 0.00186793 0.00204135 0.00135095 0.00314733 0.00837175 0.00113483 -0.00355187 -0.00124558 0 0.00383938 0.0100623 0.00341979 0.00554122 -0.00246531 -0.000433471 0.00312765 0.00931469 -0.00196856 -0.00326867 -0.00246537 -0.000263238 0.00148315 0.00103556 0.000501158 0.00318167 -0.00111692 -0.0015088 0 -0.00162484 -0.000181904 0.00175748 -0.00325128 0 -0.00398904 -0.00348461 -0.00296905 5.60954e-05 0.00247359 3.58958e-05 -0.0031739 -0.000850877 -0.00174166 -0.00343614 -0.00269253 -0.0017103 0 -0.0013682 -0.00302827 0.00747363 -0.00391319
internal_weight=35667.8 23193 14619.8 4715.04 4536.3 9904.8 8121.65 5085.78 352.316 8573.2 4035.52 5397.76 2097.61 3654.97 4733.46 3665.7 3508.05 2938.98 449.812 1067.76 404.321 2489.17 3031.14 2770.49 1721.57 463.535 1258.03 12474.7 3035.87 2072.43 713.46 389.821 1411.72 869.973 6082.26 1757.59 712.471 500.783 1358.97 4324.67 3300.15 900.256 618.517 435.348 459.315 296.603 1609.36 1048.93 648.173 1501.07 911.329 602.911 2399.89 541.744 963.436 923.623 569.066 459.555 256.782 173.323 1783.16 462.408 368.156 4246.45 2362.57 1523.22 662.013 543.28 861.202 253.156 1320.75
internal_count=33609 18204 9195 2236 2088 6959 5806 3379 200 9009 1855 4158 1980 1761 3179 2295 2162 1681 321 884 332 1360 1475 1341 832 271 561 15405 2427 918 319 159 940 694 5604 1321 605 233 599 4283 2178 486 325 166 405 286 1209 509 368 1154 637 424 1692 246 1509 433 481 345 169 179 1153 279 161 4218 2094 1240 532 456 708 200 874
is_linear=0
shrinkage=0.0955619


Tree=37
num_leaves=72
num_cat=0
split_feature=6 1 2 4 0 0 1 1 7 3 2 3 2 2 9 4 2 1 1 3 7 3 7 8 8 2 9 9 8 2 1 2 0 7 8 2 6 2 3 8 2 3 1 4 1 2 9 8 1 7 2 1 4 8 7 8 3 7 6 1 2 7 1 9 3 4 1 9 9 3 4
split_gain=8.32183 4.27809 8.10221 7.45815 4.15797 3.6228 3.24723 4.07596 2.63827 2.79586 4.04956 2.67986 2.38458 5.50154 2.85876 3.69659 2.33696 2.66082 1.98255 1.84999 1.81559 2.48939 2.00921 1.77099 1.58434 2.67371 1.31389 1.23015 2.56249 1.48301 1.32283 1.15808 2.03584 1.29312 1.57645 2.39592 1.12516 1.3094 1.11949 1.9366 1.05597 0.775377 0.873467 0.720295 0.703426 0.726478 0.62021 0.61402 0.548036 0.484463 0.551584 0.553709 0.397264 0.318706 0.296561 1.14864 0.254173 0.43871 0.249109 0.248488 0.232031 0.256514 0.343666 0.186151 0.100238 0.083175 0.0533001 0.0421478 0.133906 0.0378352 0.0377973
threshold=-0.5 0.4749466738948262 -0.83352489619613901 1006.4500000000002 0.60355339059327384 -0.78656609248549325 -0.78297285307474518 -0.74981945761428159 12.960000000000001 1.9450000000000001 -0.36572252349726903 1.635 -0.9668120007078248 -0.97502841500522164 0.20228314502110403 1007.4500000000002 -0.098820138732871751 0.98521098335796142 0.42888796625999276 3.0450000000000004 12.130000000000003 4.1450000000000005 11.130000000000003 11.215000000000003 5.7549999999999999 -0.073092422389869308 -0.70275617254445588 0.24450455624091919 7.4450000000000012 -0.8038981836306559 -0.67760851415498069 -0.93533330245768853 -0.78656609248549325 5.6399999999999997 9.0800000000000018 -0.98208922706762081 -0.37940952255126015 -0.28435918728100346 3.3050000000000002 12.235000000000001 -0.96227343267549392 1.905 -0.99865756837029884 1005.2500000000001 0.49002412863433359 -0.2511900638848194 0.10224542043327213 8.245000000000001 0.31718835131409573 6.2900000000000018 0.36570897681179731 -0.96230016621822456 1006.1500000000002 7.71 9.0000000000000036 9.7350000000000012 2.4950000000000006 6.9299999999999988 -0.12940952255126037 0.88606241628642846 0.49751328890718055 7.4100000000000028 0.44437406304545285 3.0009297815938756 3.5250000000000004 1007.0500000000001 0.63209755774300602 -0.48387188954882093 -1.6835020092900856 3.5650000000000004 1005.2500000000001
decision_type=2 2 2 2 2 2 2 2 2 2 2 2 2 2 2 2 2 2 2 2 2 2 2 2 2 2 2 2 2 2 2 2 2 2 2 2 2 2 2 2 2 2 2 2 2 2 2 2 2 2 2 2 2 2 2 2 2 2 2 2 2 2 2 2 2 2 2 2 2 2 2
left_child=4 31 3 46 6 16 24 -8 11 -10 -11 43 13 14 15 19 17 38 27 -13 21 22 -20 -23 25 -1 -12 30 29 -29 -14 32 33 -2 35 52 37 -7 56 -40 -37 42 -26 -9 -6 53 -3 -30 -32 -44 51 -51 -35 -46 66 -56 57 65 64 -28 -45 -62 -63 -55 -57 -4 -18 68 -47 -39 -16
right_child=1 2 5 -5 44 36 7 8 9 10 26 12 18 -15 70 -17 54 -19 20 -21 -22 23 -24 -25 41 -27 59 28 47 -31 48 -33 -34 34 -36 40 -38 69 39 -41 -42 -43 49 60 45 67 -48 -49 -50 50 -52 -53 -54 63 55 58 -58 -59 -60 -61 61 62 -64 -65 -66 -67 -68 -69 -70 -71 -72
leaf_value=0.002490614853393555 -0.10925301189469222 0.0075830913488392059 -0.079353313718403248 0.029682635539522387 -0.085419489520967992 0.0097052039189666293 0.0012003046927377007 0.00044239026470523763 -0.007625484398204113 0.021459361870921161 0.001637376456223623 -0.038858552223770021 0.0018477615900503129 0.015872760908058149 -0.051002125545160336 0.0050216995001003597 -0.0068973966347728897 0.014341343164257598 0.00024787973118217335 0.0085668066446289316 -0.0063610022920594714 0.021632261825976544 0.0023441474306276178 0.0033648143099169747 0.0010987961086184168 -0.058420587541306086 -0.015234279238406584 -0.0049450990480158922 -0.065024204476713435 -0.020716495892913998 -0.030223196974224233 -0.16629516354133003 -0.17219870872101545 -0.039132939579200846 -0.088561909497230515 -0.0084363044951510507 -0.10377247113442713 -0.058711215345836766 0.015096592350077364 -0.0083340983502627093 0.0088744038557665005 -0.042317632135699626 -0.040483684317041517 -0.038040168287185844 -0.018761371000330325 -0.10555534865010915 -0.028502902207252913 0.0061443981423489422 -0.0066437192961520631 -0.0048184292632088167 -0.034843214723136479 0.0035721134566675033 0.023178101315689349 -0.0038107731343898668 0.053144481771314749 0.068845861442040482 -0.056827334461414511 0.0010033557471406849 -0.065157533687617675 -0.014261519257334621 -0.036052228291724366 -0.058256996857907285 -5.3344409269276743e-05 0.0068468393963845471 -0.0013846157618495876 -0.0032036568273083616 -0.064120049900144763 -0.019340318426195244 -0.009330719598577588 -0.041239984922758877 -0.02714797403002963
leaf_weight=202.5238341987133 197.314049243927 111.67502608895302 85.690946668386459 118.71772411465645 1623.108213275671 133.34462952613831 309.46235072612762 176.19742697477341 139.42104256153107 280.95046228170395 137.80681353807449 262.59484440088272 231.0092798769474 245.05556797981262 213.11464357376099 215.66839700937271 53.703956454992294 126.03056597709656 3850.8580279648304 428.11645376682281 449.54347056150436 629.39512073993683 374.2556477189064 274.5729404091835 164.01153296232224 238.68171861767769 152.45732873678207 338.66721260547638 556.9699472784996 239.32158416509628 1399.4389402270317 8431.9019552469254 1023.7824926972389 106.49184235930443 128.11147236824036 107.75139257311821 2632.8054565787315 155.55919262766838 171.29672899842262 172.61526530981064 89.533215820789337 1518.7297992408276 467.27284604310989 984.7083446085453 283.24517273902893 102.40996992588043 83.642267882823944 576.57683470845222 368.85474219918251 180.21165439486504 197.97694331407547 148.97512799501419 76.413624942302704 209.33491271734238 63.567272156476974 68.894573271274567 186.02716279029846 137.55144363641739 282.88449755311012 348.72219234704971 216.15665349364281 134.88845708966255 173.06976276636124 185.08361893892288 65.41309517621994 74.984704852104187 438.9826298058033 672.17385765910149 80.057511270046234 50.519345760345459 310.91286885738373
leaf_count=100 313 107 74 132 1938 121 144 73 112 58 131 133 114 95 81 79 87 60 1319 180 185 186 143 104 50 157 151 102 250 119 1061 12688 1848 134 150 82 4191 232 145 148 88 1020 262 292 108 122 81 568 199 87 117 79 73 106 56 99 148 113 425 103 180 144 117 72 59 82 599 399 57 67 110
internal_value=-0.00134278 -0.00301965 -0.000771679 0.0140122 -6.74156e-05 -0.00174517 0.000514968 0.00113987 0.000886498 0.0054704 0.00340708 0.000494183 0.00104594 0.00436762 0.0020129 0.0052972 0.00144511 0.00482653 0.000435713 0.00171224 0.00158151 0.00210452 0.0011022 0.00666951 -0.00226289 0.0029216 -0.000669164 -0.00126148 0.000573479 0.00577967 -0.00287782 -0.00416341 -0.00181639 0.00203777 0.0046702 0.00783249 -0.00384518 0.00110876 0.00269727 0.00685119 0.0150652 -0.00315425 -0.00117767 -0.00303689 -0.00325786 -0.00168761 0.00191374 -0.00200579 -0.003793 -0.00231065 -0.000134199 0.00207232 0 0.000530339 -0.00177748 0 -8.10813e-05 0.00144009 -0.00192883 -0.00307718 -0.0037372 -0.00179114 0 0.00238353 0.00092773 -0.00150554 -0.00341972 -0.00355183 -0.0013015 -0.00333658 -0.00348801
internal_weight=35667.8 15375.2 5213.91 314.035 20292.6 4899.87 17137.2 14018.8 13709.3 1059.36 919.937 12649.9 10964.9 1675.46 1430.41 906.38 1927.64 954.197 9289.46 690.711 5578.63 5129.08 4225.11 903.968 3118.38 441.206 638.986 3710.84 1711.54 577.989 1999.3 10161.3 1729.4 705.616 508.302 380.19 2972.23 339.423 828.166 343.912 197.285 2677.18 1158.45 1685.02 3155.41 1532.31 195.317 1133.55 1768.29 994.437 527.164 329.187 182.905 677.664 973.446 480.759 484.254 298.227 417.192 501.18 1508.82 524.115 307.958 394.419 134.308 160.676 492.687 854.641 182.467 206.079 524.028
internal_count=33609 22402 7026 320 11207 6706 8405 6533 6389 555 443 5834 5028 678 583 392 2095 770 4350 313 1937 1752 1462 290 1872 257 385 2413 1039 221 1374 15376 2688 840 527 377 4611 420 710 293 170 1615 595 806 2802 864 188 818 1260 545 283 166 207 286 1325 639 417 269 583 254 733 441 261 178 158 156 686 578 179 299 191
is_linear=0
shrinkage=0.0955619


Tree=38
num_leaves=72
num_cat=0
split_feature=5 2 1 1 7 6 1 1 3 1 2 7 1 9 4 3 9 4 7 1 1 7 5 4 1 0 4 3 7 4 1 1 1 4 3 0 1 2 4 4 7 4 1 1 1 3 7 9 3 4 4 3 1 4 9 9 9 9 9 3 7 7 7 0 3 7 6 1 3 1 1
split_gain=10.3849 6.61993 3.39919 4.22118 3.25252 3.06588 2.10977 8.73517 2.04662 1.75274 2.67615 1.55993 1.50835 1.71306 2.47826 3.39535 1.64821 2.74231 1.49884 1.42652 2.04314 1.39848 1.37973 1.61315 2.18913 1.96575 1.09589 1.0286 1.02233 0.928668 0.842407 1.79253 1.82041 2.02488 2.88566 1.14929 0.789167 1.20063 0.915042 1.19158 0.749007 0.740141 0.837566 0.728905 0.970581 0.669557 0.538539 0.529685 0.515629 0.511187 0.430626 0.407659 0.400976 0.409826 0.454203 0.386705 0.379027 0.31571 0.838018 0.365389 0.252553 1.14726 0.246351 0.239382 0.230226 0.195024 0.160064 0.133397 0.126375 0.0949726 0.107433
threshold=0.37940952255126054 0.081673369964559248 -0.78297285307474518 -0.74981945761428159 5.6600000000000028 -0.12940952255126037 -0.25118773779856163 -0.21772121422198129 1.6150000000000004 -0.99628894895067444 -0.0387208465846701 14.764999999999999 -0.04732095011389225 1.7243431341734665 1004.85 4.1450000000000005 5.0937704837932047 1006.0500000000001 4.6900000000000039 -0.413274780713969 -0.44437406304545285 7.3599999999999985 -0.37940952255126059 1006.0500000000001 -0.56314550935064722 -0.70710678118654757 1009.0500000000001 3.0050000000000003 4.4400000000000039 1009.4500000000002 0.44437406304545285 0.90880922144842613 0.86095304316285726 1012.35 3.0250000000000004 -0.5 0.49002412863433359 -0.2511900638848194 1006.35 1006.85 6.0700000000000029 1006.9500000000002 -0.72660079619119988 -0.99865756837029884 -0.99939814596352028 2.1150000000000007 10.205000000000002 -1.0340436641555184 2.6150000000000007 1008.1500000000002 1004.85 0.96500000000000008 0.77214943412548942 1009.35 1.0000000180025095e-35 1.9211847320701596 0.20228314502110403 1.2421757658246018 1.5083173410111288 3.4850000000000008 5.1100000000000021 4.9799999999999995 4.5000000000000027 -0.78656609248549325 2.3450000000000002 3.1800000000000019 -0.70710678118654757 -0.57728627067906269 3.0850000000000004 -0.92913280730858783 0.15005400879207817
decision_type=2 2 2 2 2 2 2 2 2 2 2 2 2 2 2 2 2 2 2 2 2 2 2 2 2 2 2 2 2 2 2 2 2 2 2 2 2 2 2 2 2 2 2 2 2 2 2 2 2 2 2 2 2 2 2 2 2 2 2 2 2 2 2 2 2 2 2 2 2 2 2
left_child=1 2 9 4 -4 11 19 -8 50 10 18 30 28 14 21 -16 29 -18 -1 20 22 -14 23 40 25 -25 45 -12 -10 -15 41 32 33 46 -35 -33 43 38 -38 -40 -5 42 47 44 -2 -13 -32 -3 55 -34 -9 56 53 54 -41 -48 -11 -43 -59 69 61 65 -24 -52 -54 -53 68 -42 -39 -60 -71
right_child=36 5 3 6 -6 -7 7 8 12 51 27 26 13 16 15 -17 17 -19 -20 -21 -22 -23 62 24 -26 -27 -28 -29 -30 -31 31 35 49 34 -36 -37 37 66 39 52 67 57 -44 -45 -46 -47 48 -49 -50 -51 63 60 64 -55 -56 -57 -58 58 59 -61 -62 -63 -64 -65 -66 -67 -68 -69 -70 70 -72
leaf_value=0.0017719340221898697 -0.15099646935663649 0.0058226466466785604 -0.0022918456563509318 -0.0011026859174875245 0.014491499366878781 -0.12154733645984682 0.018405921912429974 0.03026023648805656 0.010921859455328489 -0.078787141023001606 -0.066803167713605643 0.0064781303793174433 -0.065646469581510228 -0.001587762812784155 0.0051723356326009674 0.020298238123374057 0.031986465151631741 -0.018365751912577739 0.007344982867666619 -0.056645929603656123 0.0016863322640675654 0.0042274984609563838 0.0029282189645400969 0.010239149877307153 -0.096140060404317162 0.017043591631889725 -0.0055116329186450487 0.0021609344509158769 -0.047680755037572901 0.001569227732147546 -0.034666392372234615 -0.00043272808977351334 0.01955937440000691 -0.0040000043884764278 0.030062273788364617 -0.0094919059124117869 -0.026829441644442863 -0.004275032661509387 0.018172510892737449 0.0057739351673213139 -0.053940606147054926 -0.027419197778852114 0.0065081390904312454 -0.13093501223297227 0.0015946635281617405 -0.00066731848336961069 0.016980068901531545 -0.046065442404636343 -0.010544827327518935 -0.0011090210243953362 -0.0067455973919955852 0.0029641107632896037 -0.074135563590018952 0.041449324237979687 -0.016370103227786578 0.0015688501550907216 0.0032713651608365143 -0.0048076459331459903 -0.022130428476980719 0.027149026164395781 -0.057185927768540597 0.0026269910969372585 -0.018142235569103441 -0.046065583083554525 -0.0043063658590200421 -0.059234208013181411 -0.085809721330607713 -0.030654235913572463 -0.0047538624150102165 -0.038866226846133396 -0.0077742649262091713
leaf_weight=107.61683362722397 83.865411341190338 110.59834641218185 146.69120255112648 156.73108443617821 159.87049129605293 3648.456009298563 159.60008910298347 133.4870138168335 90.216221541166306 91.98520889878273 387.59942764043808 78.034147679805756 482.45054107904434 2243.2139770686626 3709.4042404592037 894.70017567276955 264.34073412418365 238.66517725586891 167.43178102374077 724.19608643651009 190.43850442767143 661.89285004138947 115.22588190436363 150.09988757967949 132.15059322118759 171.91417372226715 77.104396373033524 72.519491881132126 475.2704376578331 251.9620735347271 402.82953906059265 304.61902838945389 171.17285281419754 125.375044465065 76.886376947164536 1223.894135594368 365.84596505761147 307.21357551217079 150.271135866642 92.280504792928696 350.42345610260963 1786.662800937891 108.34418454766273 6016.0410406887531 50.124749839305878 64.871882081031799 104.97923588752747 193.31187158823013 188.41688770055771 186.21865576505661 171.5346873998642 107.51203462481499 225.47142952680588 113.07894277572632 138.74338248372078 90.62428891658783 106.2572802901268 103.53369164466858 77.7065269947052 88.55243656039238 1295.2039720416069 71.847607374191284 630.64948177337646 598.85691654682159 272.80183330178261 430.65042859315872 1691.6112305819988 148.18722867965698 135.35090118646622 441.60604429244995 80.474842607975006
leaf_count=98 144 49 95 112 85 5544 120 73 86 81 368 81 297 967 2190 420 69 86 82 600 120 363 82 212 154 48 66 52 435 113 314 150 72 132 83 387 447 206 135 92 173 1931 108 8505 72 73 104 133 164 88 184 91 238 81 141 61 85 97 61 105 1214 58 446 347 153 511 2307 93 83 480 112
internal_value=-0.00120891 -0.000212439 0.000961677 0.00159968 0.0126737 -0.00218673 0.00133186 0.00196034 0.00160078 -0.00202753 0.00190295 -0.000853743 0.00202804 0.00234316 0.00331137 0.00430271 0.000454337 0.00544649 0.00938559 -0.000988069 0.000260412 -0.000596184 -0.000665024 0.00140957 0.00581387 0.0101261 0.0069395 -0.00239499 -0.00266965 -0.000519127 -0.00116493 0 0.00254308 0.000325378 0.00886883 -0.00223448 -0.00388785 -0.002671 -0.000372337 0.00105899 -0.00151116 -0.00228702 0.00131275 -0.00456228 0.00189865 0.0119042 -0.00177391 -0.00100188 0.000577162 0.00837422 -0.00269097 -0.00344637 -0.000241226 0.00212842 0 0.00418159 0.000253234 -0.00289957 -0.00112777 -0.00243855 -0.00388024 -0.00198191 -0.0038704 -0.0036024 -0.00206723 -0.00362935 -0.00408815 -0.00342258 -0.0020318 -0.00335777 -0.00382067
internal_weight=35667.8 26025.1 16290.8 13452.2 306.562 9734.27 13145.6 10375.6 10216 2838.62 735.168 6085.82 9312.12 8746.63 5748.45 4604.1 2998.18 503.006 275.049 2770.02 2045.82 1144.34 1855.38 1109.51 454.165 322.014 220.01 460.119 565.487 2495.18 5865.81 2875.02 1346.5 989.111 202.261 1528.51 9642.7 3492.67 1358.49 992.647 655.342 2990.79 412.254 6150.03 133.99 142.906 786.85 303.91 384.02 357.392 903.879 2103.46 842.376 344.103 231.024 195.604 198.242 2578.54 791.874 688.34 1905.21 610.01 745.875 770.392 498.273 538.162 2134.18 498.611 442.564 599.787 522.081
internal_count=33609 21005 10610 7970 180 10395 7790 5750 5630 2640 600 4851 5026 4505 3270 2610 1235 155 180 2040 1440 660 1320 792 414 260 220 420 521 1080 4631 1555 1018 858 215 537 12604 3883 1287 840 378 3076 290 8721 216 154 643 182 329 160 604 2040 705 314 233 165 166 2786 855 758 1874 660 528 531 391 602 2596 266 289 653 592
is_linear=0
shrinkage=0.0955619


Tree=39
num_leaves=67
num_cat=0
split_feature=5 6 2 1 1 8 9 2 1 6 1 2 7 4 0 2 2 2 9 9 8 1 2 1 8 9 4 0 7 1 1 2 0 4 7 8 7 8 8 9 9 0 9 1 9 4 8 1 8 1 1 4 9 1 9 0 9 7 4 8 9 9 2 1 1 9
split_gain=9.52474 5.34407 3.46225 4.00206 4.95059 2.67093 2.91495 2.533 2.24342 2.03766 1.98945 1.86424 1.6941 1.95147 1.70638 1.40909 6.6434 1.40793 1.36981 1.28504 1.24939 1.21459 9.59293 1.04708 0.97384 0.744521 0.876827 0.741109 1.51094 0.791025 0.631669 0.533144 0.641266 0.491163 0.465682 0.629896 0.453136 1.88701 0.560762 1.18489 0.380468 0.365984 1.15254 0.355439 0.66972 0.319523 0.181041 0.154402 0.146454 0.131901 0.125743 0.117027 0.097795 0.166677 0.242065 0.205134 0.0923564 0.0918277 0.373397 0.0493423 0.0550989 0.0435174 0.0338155 1.71699 0.0578419 0.00832298
threshold=0.12940952255126045 0.60355339059327384 0.76663042157996963 -0.7721494341254892 -0.74981945761428159 5.7549999999999999 -6.0512282797431096 0.32534208471197984 -0.99628894895067444 -0.37940952255126015 -0.073094453017891914 -0.0387208465846701 14.330000000000002 1003.4500000000002 -0.37940952255126015 -0.9668120007078248 -0.97502841500522164 -0.081676395330422633 -1.0000000180025095e-35 -0.53810416157854124 13.745000000000001 0.4749466738948262 -0.84291031405530259 -0.99865756837029884 13.91 3.0613252797620167 1006.6500000000002 0.60355339059327384 5.6900000000000004 0.31718835131409573 0.36571913681022045 -0.51974381215551546 -0.60355339059327384 1008.1500000000002 6.7299999999999995 10.945000000000004 7.4400000000000039 7.6900000000000004 5.7549999999999999 -0.62182293113286125 3.65902467717846 0.78656609248549303 -1.0000000180025095e-35 0.59125596962661842 0.46718152904412064 1008.5500000000001 6.7600000000000007 0.59125596962661842 4.6450000000000005 -0.99273952934267318 0.92913280730858816 1009.85 2.3812354573956864 0.50495637864894027 -0.20096981843822623 -0.37940952255126015 -0.48387188954882093 6.955000000000001 1009.1500000000002 9.0100000000000016 4.7439818142699481 -1.6162676747760008 -0.83352489619613901 0.50495637864894027 0.45972848220565493 -4.1287939789626771
decision_type=2 2 2 2 2 2 2 2 2 2 2 2 2 2 2 2 2 2 2 2 2 2 2 2 2 2 2 2 2 2 2 2 2 2 2 2 2 2 2 2 2 2 2 2 2 2 2 2 2 2 2 2 2 2 2 2 2 2 2 2 2 2 2 2 2 2
left_child=1 2 3 8 -5 48 7 -7 11 10 23 -1 13 20 -14 16 -15 24 -17 -13 50 -3 -23 -2 25 26 -12 28 -28 -29 46 32 33 -24 56 -36 38 -38 39 -10 47 -31 -43 44 -37 -39 -4 52 -6 -40 -8 -47 53 55 -55 -32 61 -51 -59 -27 -61 65 63 64 -11 -19
right_child=9 21 30 4 5 6 12 -9 36 62 17 19 14 15 -16 18 -18 34 -20 -21 -22 22 31 -25 -26 59 27 29 -30 41 40 -33 -34 -35 35 43 37 45 49 -41 -42 42 -44 -45 -46 51 -48 -49 -50 57 -52 -53 -54 54 -56 -57 -58 58 -60 60 -62 -63 -64 -65 -66 -67
leaf_value=0.006371508559207417 0.0014422745260671049 -0.14640966119569379 -0.014411366233312382 0.02206827718712108 -0.019049763709839001 -0.0015001245267882981 -0.025313173356874656 -0.00017964200652977142 -0.067724564258998449 -0.16316038490439555 -0.025350298991931957 0.0010905150859325094 0.0019697284755616244 0.00057678067085322989 0.0067884170980434463 -0.00072959653596515192 0.017927468341928154 -0.035537790025107346 0.0024040908894924331 -0.045902685351899314 -0.0020541029242830862 0.026351829898605874 0.0082531203642753383 -0.079225464679640048 0.0070289881458484253 -0.041473590530972236 -0.011541655091238355 -0.043594269962129437 0.024974492010570785 -0.00067522600756226116 -0.042515258689176882 -0.079962261627970266 -0.043347790137541142 0.023312754771748437 0.0086400141558648138 -0.084719581582285305 0.0048908096149847015 -0.040672506287071281 -0.0043591207051582679 0.0014747971366731204 0.0011021574551713898 -0.036306748082043032 0.024371415325733951 -0.049869819021592807 0.023315495486378221 -0.070342095213438025 -0.069786460937649508 -0.029295942839227332 -0.018386350306716513 -0.036621617014912421 -0.0039526495718816843 -0.0054847808275296714 -0.022062874139794887 -0.071013462315371131 0.017697352193735198 0.018403759126336922 -0.054074077755428489 -0.047745880523960504 0.02053549999100876 -0.0033056994055822306 -0.0092148281632308364 -0.098762711336263784 -0.16776945061479684 0.019585890469624577 -0.00134405148501831 -0.15184183869915521
leaf_weight=215.64971792697906 86.80136775970459 2340.8848853111267 138.40690776705742 252.15774342417717 144.20350378751755 111.21377357840538 768.72633993625641 118.48655384778976 248.66782850027084 949.85742765665054 224.83075520396233 111.2882573902607 217.00739458203316 1359.0493878126144 171.77715259790421 3237.6324160397053 256.77029860019684 70.0392205119133 6198.6517824828625 251.02160319685936 164.52712523937225 64.424745619297028 56.941623151302338 2181.3828123211861 146.53499859571457 181.34001216292381 252.81083410978317 218.00088226795197 176.94361853599548 326.29893106222153 131.21327713131905 866.40991181135178 104.99785354733467 46.960053771734238 104.97522896528244 92.730879127979279 98.798736691474915 417.01267069578171 163.78916656970978 146.18757513165474 75.305458664894104 92.300321459770203 168.17895671725273 256.54736509919167 69.455012321472168 77.950779438018799 1444.3269087672234 137.95491126179695 691.36311209201813 1518.4848776757717 159.30652588605881 78.026753008365631 72.34729665517807 80.654195100069046 60.330069124698639 63.984014570713043 800.31889545917511 239.0998646914959 91.053511738777161 209.20615682005882 196.19903123378754 124.0790339410305 5341.8431973159313 55.041356146335602 45.717470765113831 103.29027256369591
leaf_count=108 96 3844 115 144 84 59 415 97 231 1736 173 75 123 715 55 1830 114 93 2632 177 55 64 92 2688 40 92 121 222 70 146 194 1360 166 74 67 127 68 333 117 121 60 87 123 181 101 87 2126 125 419 1201 57 81 56 87 74 88 769 196 85 88 74 117 7897 84 84 129
internal_value=-0.00117419 -2.47645e-05 0.000580824 0.0010343 0.00178003 0.0015248 0.00187252 0.0125434 -0.00176378 -0.00330325 -0.00202169 0.0036179 0.00166694 0.00145771 0.00791092 0.00184342 0.00447526 -0.000658775 0.00138173 -0.000334794 -0.00235368 -0.00347929 -0.000817712 -0.00426892 0.000887613 0.00029627 0.0014924 0.00253861 0.00576293 0.000687876 -0.00297515 -0.00307666 0.000892589 0.00648417 -0.00280569 -0.000261805 -0.00280654 -0.000444999 -0.00342551 0 -0.000229355 0.00261082 0.00528602 -0.00209448 0.000947039 -0.00269327 -0.00399264 -0.00125719 -0.00366422 -0.00407122 -0.00377342 0.000484294 -7.56922e-05 0.000375585 0.00304692 -0.00109483 -0.00393076 -0.00431841 -0.00222057 -0.00251334 -0.00150671 -0.00186008 -0.00450667 -0.00351308 -0.00450026 -0.00285648
internal_weight=35667.8 23193 19712.4 17507.9 13850.9 13598.7 12763.1 229.7 3657.03 12474.7 6082.26 577.96 12533.4 12144.7 388.785 11052.1 1615.82 3814.08 9436.28 362.31 1092.56 3480.62 1139.73 2268.18 2192.64 2046.11 1459.36 1234.53 429.754 804.779 2204.52 1075.31 208.9 103.902 1621.44 523.708 3079.07 671.789 2407.28 394.855 621.789 586.778 260.479 418.733 162.186 572.99 1582.73 546.484 835.567 2012.43 928.033 155.978 408.529 336.182 140.984 195.197 1097.73 1848.64 330.153 586.745 405.405 297.409 6392.46 1050.62 995.575 173.329
internal_count=33609 18204 12604 9679 6799 6655 6152 156 2880 15405 5604 360 5996 5818 178 5291 829 2820 4462 252 527 5600 1756 2784 1236 1196 942 769 191 578 2925 1692 332 166 1584 476 2520 569 1951 352 684 356 210 409 228 501 2241 624 503 1599 472 168 499 443 161 282 1108 1482 281 254 162 339 9801 1904 1820 222
is_linear=0
shrinkage=0.0955619


Tree=40
num_leaves=72
num_cat=0
split_feature=5 2 1 8 9 4 1 9 1 2 1 2 2 2 8 5 2 3 2 9 7 2 4 9 4 8 8 9 5 9 2 3 7 1 8 9 7 4 8 1 8 4 1 1 4 4 9 9 4 1 9 3 2 8 0 1 8 3 7 3 4 8 3 3 3 1 8 9 1 9 4
split_gain=7.70409 5.19825 2.36648 2.15084 3.11824 3.98106 1.99407 1.92231 1.53464 1.44121 1.41122 1.74368 1.38226 2.91568 5.0218 5.17385 2.34302 2.03705 1.62594 3.12169 5.10142 1.6638 2.67913 1.73658 1.28769 1.19051 1.33337 2.38522 1.15549 1.03494 1.00906 0.938926 1.49853 0.937218 0.933628 1.49706 0.878591 0.829236 0.777538 1.09631 0.81133 1.01612 0.705647 0.970581 0.691539 0.657522 0.6529 0.877438 0.820672 1.55214 0.565062 1.79162 0.550049 0.6109 0.601747 0.543483 0.553306 0.522649 0.517999 0.544198 0.501221 0.467892 0.439909 0.416222 0.387647 0.746821 1.59781 0.377643 0.307118 0.268189 0.248049
threshold=0.37940952255126054 0.081673369964559248 -0.78297285307474518 6.0000000000000027 -3.7007629824741382 1005.9500000000002 0.44437406304545285 -6.4121108504879798 -0.99628894895067444 -0.0387208465846701 0.4749466738948262 -0.2511900638848194 -0.98208922706762081 -0.9668120007078248 9.0100000000000016 -0.60355339059327362 -0.90878397393106225 4.4150000000000009 -0.8140159405215136 -1.0000000180025095e-35 7.4100000000000028 -0.67758968959607091 1009.1500000000002 1.7243431341734665 1008.4500000000002 10.080000000000002 10.685 0.7172509974810134 -0.60355339059327362 -0.53810416157854124 -0.9993703818063705 0.99500000000000011 6.4400000000000039 0.42888796625999276 5.7549999999999999 -0.62182293113286125 4.6900000000000039 1007.2500000000001 6.7600000000000007 0.53436760985011655 12.015000000000002 1006.1500000000002 -0.99865756837029884 -0.99939814596352028 1009.2500000000001 1006.5500000000001 1.2421757658246018 1.3279240974452213 1006.9500000000002 -0.71466676797886819 2.6573081103355141 2.8450000000000002 -0.99463397642532658 4.3950000000000005 -0.9159756150367534 0.96460524310950191 8.245000000000001 2.1850000000000005 14.330000000000002 2.3150000000000004 1007.1500000000002 9.1250000000000018 3.7650000000000001 3.4850000000000008 3.3250000000000006 0.89391031859722891 12.570000000000004 -2.5520825534315832 0.9927395293426734 1.0506748784855751 1004.2500000000001
decision_type=2 2 2 2 2 2 2 2 2 2 2 2 2 2 2 2 2 2 2 2 2 2 2 2 2 2 2 2 2 2 2 2 2 2 2 2 2 2 2 2 2 2 2 2 2 2 2 2 2 2 2 2 2 2 2 2 2 2 2 2 2 2 2 2 2 2 2 2 2 2 2
left_child=1 2 8 52 5 -5 46 -8 9 36 42 38 17 14 15 -14 24 30 19 33 -21 22 -20 -23 -15 28 27 -27 55 -11 45 32 -10 -18 35 -33 -1 -7 -12 -40 44 -42 43 -2 -41 -6 70 -48 49 -49 58 -52 -4 -54 57 61 -57 -55 64 -60 -43 -9 -50 -13 69 66 -66 -32 -65 -28 -3
right_child=10 6 3 4 12 37 7 25 31 29 11 63 13 16 -16 -17 18 -19 21 20 -22 23 -24 -25 -26 26 50 -29 -30 -31 67 34 -34 -35 -36 -37 -38 -39 39 40 41 60 -44 -45 -46 -47 47 48 62 -51 51 -53 53 54 -56 56 -58 -59 59 -61 -62 -63 -64 68 65 -67 -68 -69 -70 -71 -72
leaf_value=0.00099373155710576872 -0.13670479333417088 0.0056827893953969423 -0.0039092393339452873 -0.00034294026811599904 -0.0019277232627854916 -0.069781628950228186 0.026493895872552759 -0.026496368248188615 -0.076209191805434728 0.0008925806867319194 -0.045954846187367671 -0.059993633373101721 0.01470112569318258 -0.022353339264865206 -0.02038979833230533 0.0083316475529838716 -0.071461485202570493 0.0014077712951111919 -0.01318762488299491 0.01082182570844497 -0.0025731649920963605 0.012323681214360612 0.017025784041346758 0.0012586684028013492 -0.00036956058276836786 -0.028697611475115251 -0.061491576441985905 0.0077575370697615083 -0.030766120063921095 -0.044439354221114218 -0.027333290292377192 -0.068481751337000921 0.0096448487756341933 0.0027786441766965075 -0.046779158193317502 0.0025399204978699954 0.0060342095265387445 0.0023486080550363165 -0.0017039897249577004 -0.063109999121007801 -0.021843048926028973 0.020837926814328247 -0.11438817308129481 0.0013044480994302307 0.0080807358123410073 0.0023687967731861851 0.0065533158239411658 -0.090647694997922038 -0.022257754923829011 -0.010711551109147382 0.0050266620684057484 -0.0093004100273083538 -0.0021332550438229844 0.009531646112091386 -0.015877924672546031 -0.00026431759717349026 -0.043593998537508304 -0.051280924445172966 0.0035930260447041272 -0.0037232258845949057 0.0035709649263098268 0.023382812937314059 0.024118119332290928 -0.02726409066225767 0.042492637017316058 -0.01960357173075316 -0.0080858560298919125 -0.067516158241902907 -0.0051401277734343153 -0.0085080637181534358 -0.051806908460277981
leaf_weight=107.61683362722397 83.865411341190338 107.46223652362823 127.82180747389793 162.56688317656517 186.25238108634949 109.24239730834961 144.15713506937027 432.09233450889587 120.21501097083092 141.60919886827469 231.40998351573944 1847.1500406563282 190.90448632836342 1089.2159029245377 191.25075218081474 221.84165045619011 294.70913833379745 134.27243763208389 1636.6041184067726 663.54543742537498 322.43152701854706 1843.3407578766346 142.95309507846832 2907.1710803210735 158.32472407817841 112.59453535079956 538.21890011429787 106.99550241231918 1160.9017090201378 318.50972065329552 90.438366740942001 154.22238829731941 93.328571975231171 400.60098099708557 1640.4276907444 95.262869834899902 167.43178102374077 158.86286187171936 106.93683809041977 398.75439158082008 143.78472024202347 132.53160691261292 5961.8983463346958 50.124749839305878 230.6081770658493 124.92173546552658 57.589117228984833 90.459983468055725 1200.5164055228233 75.336449265480042 180.59716284275055 211.64775148034096 126.50620943307877 94.966347217559814 1040.8254461884499 182.39570355415344 150.7785581946373 84.894691795110703 108.28786021471024 95.036741703748703 143.82949298620224 141.30654686689377 59.615298122167587 225.84877792000771 70.498583912849426 240.28362646698952 131.78065994381905 947.70799061655998 85.957566469907761 259.81888177990913 3875.9015429913998
leaf_count=98 144 64 80 113 123 69 118 378 118 130 255 2324 122 699 136 149 279 58 917 360 177 1086 108 1091 110 125 629 76 770 290 85 177 61 224 1596 88 82 152 111 502 148 68 8433 72 149 73 67 87 1574 79 136 154 106 97 705 78 97 121 88 89 90 136 72 252 106 235 169 730 56 216 4852
internal_value=-0.00125028 -0.000391217 0.000648363 0.00118171 0.00161037 0.00960431 -0.00214034 -0.000565193 -0.00184498 0.00182878 -0.0035584 -0.00199229 0.00130201 0.00170767 0.00815989 0.0141176 0.00128365 -0.0013846 0.00187652 0.00454418 0.00799833 0.00117383 -0.00128454 0.00211464 -0.00253958 -0.000967877 0.000623841 0.00762669 -0.00259463 -0.00127405 -0.00256191 -0.00317412 0.00254999 -0.000231202 -0.00387298 0.00127423 0.00732036 0.00200453 0.000592252 0.00166449 0.000618378 0.00391935 -0.00445303 0.00189865 -0.00144405 0.00200185 -0.00335191 -0.00153223 -0.00206005 0.00398389 -0.000172232 0.00296989 -0.00223235 -0.00284042 -0.00353275 0 0.00301896 0.00115989 -0.00109433 0.00318398 0.00736709 -0.00181767 -0.00293596 -0.00369578 -0.001876 0.000199198 0.0046391 -0.00402143 -0.000141179 -0.00314076 -0.00400468
internal_weight=35667.8 26025.1 16290.8 13452.2 11977.2 430.672 9734.27 4267.39 2838.62 735.168 9642.7 3546.81 11546.5 10062.9 603.997 412.746 9458.9 1483.59 8211.36 1681.29 985.977 6530.07 1779.56 4750.51 1247.54 4123.24 2055.76 219.59 2067.47 460.119 1349.32 2103.46 213.544 695.31 1889.91 249.485 275.049 268.105 1387.86 1156.45 1049.51 420.146 6095.89 133.99 629.363 311.174 5466.88 1483.52 1425.93 165.796 1836.17 392.245 1475.01 1347.19 1220.69 906.573 333.174 179.861 1443.93 203.325 276.361 573.399 1260.13 2158.96 1240.6 442.563 202.279 1038.15 311.806 798.038 3983.36
internal_count=33609 21005 10610 7970 6861 334 10395 3600 2640 600 12604 3955 6527 5458 407 271 5051 1069 4242 1040 537 3202 1025 2177 809 3482 2023 201 1459 420 1011 2040 179 503 1861 265 180 221 1323 1068 957 306 8649 216 651 196 6795 1879 1812 166 1822 290 1109 1029 923 689 175 218 1532 177 158 514 1646 2632 1355 510 275 815 308 845 4916
is_linear=0
shrinkage=0.0955619


Tree=41
num_leaves=72
num_cat=0
split_feature=6 2 1 7 1 6 5 7 2 9 3 7 0 8 0 6 2 2 3 1 8 7 8 9 7 2 2 3 1 1 1 2 3 1 9 9 8 9 7 1 1 1 3 1 2 8 9 8 9 3 8 9 3 2 8 1 0 1 1 2 7 7 9 1 7 8 7 7 8 7 6
split_gain=9.34319 3.86597 4.49706 3.55418 2.99804 5.25925 2.4506 2.32728 1.94896 3.95865 1.64698 1.61103 2.62161 2.97933 1.54096 1.68902 1.50933 3.34505 1.47019 1.46415 1.31063 1.29039 2.151 1.736 1.5876 1.28935 2.72178 2.57011 1.24582 1.23913 4.42252 1.93485 1.39169 1.10919 1.03637 1.03568 0.887979 1.43987 0.815081 0.679458 1.25513 2.54273 1.93646 0.845657 1.63435 0.760418 0.833533 0.659423 0.633001 0.56348 0.492058 0.48308 0.426163 0.416945 0.371991 0.332413 0.296565 0.610274 0.293469 0.28672 1.21029 0.479399 0.596763 0.266901 0.261225 0.261199 0.245108 0.587882 0.227763 0.258561 0.214413
threshold=-0.5 -0.090248267031647136 0.4749466738948262 4.9799999999999995 0.54883787585413535 0.37940952255126048 -0.78656609248549303 6.1800000000000024 -0.93533330245768853 -1.8456097642358082 4.0650000000000004 12.960000000000001 1.0000000180025095e-35 14.535000000000002 -0.78656609248549325 -0.37940952255126015 -0.97502841500522164 -0.9668120007078248 3.7650000000000001 -0.99865756837029884 12.725000000000003 6.9800000000000031 12.235000000000001 2.9505289392439349 8.3200000000000038 -0.9574497222574998 -0.98208922706762081 2.2850000000000006 -0.99273952934267318 0.86095304316285726 0.89391031859722891 -0.2511900638848194 1.925 -0.99762106698677366 -6.4121108504879798 3.8325567343025146 6.5000000000000027 0.29460317699640731 10.450000000000003 -0.86095304316285715 -0.54883787585413535 -0.57728627067906269 1.4150000000000003 0.42888796625999276 -0.8520459593969173 5.8050000000000006 -1.7736156707084054 4.3950000000000005 1.0258695460507286 3.8350000000000004 11.825000000000001 -3.6421965916219246 2.8050000000000002 -0.99862982478704421 7.3549999999999995 0.23448921811828119 -0.78656609248549325 0.49002412863433359 0.94970904815366264 -0.84291031405530259 4.0200000000000022 4.3400000000000025 2.9005914907431412 0.79356426026969662 4.835 14.295 9.0000000000000036 10.610000000000003 11.629999999999999 10.860000000000003 -0.70710678118654757
decision_type=2 2 2 2 2 2 2 2 2 2 2 2 2 2 2 2 2 2 2 2 2 2 2 2 2 2 2 2 2 2 2 2 2 2 2 2 2 2 2 2 2 2 2 2 2 2 2 2 2 2 2 2 2 2 2 2 2 2 2 2 2 2 2 2 2 2 2 2 2 2 2
left_child=3 2 6 28 5 -4 25 -7 9 10 -5 19 35 -14 21 50 18 -18 53 -10 29 64 23 24 -23 26 52 -28 33 39 -31 -32 -33 -1 -30 48 37 51 -34 45 41 42 -41 54 -45 -21 -47 -36 65 -19 -16 -27 -2 -11 -42 -49 57 -3 63 60 -57 -61 -63 -59 -6 -13 -65 -68 -17 -70 -22
right_child=1 56 4 8 14 7 -8 -9 11 16 -12 12 13 -15 15 68 17 49 -20 20 70 22 -24 -25 -26 36 27 -29 34 30 31 32 38 -35 47 -37 -38 -39 -40 40 43 -43 -44 44 -46 46 -48 55 -50 -51 -52 -53 -54 -55 -56 59 -58 58 -60 61 -62 62 -64 66 -66 -67 67 -69 69 -71 -72
leaf_value=-0.043330764738906291 -0.025583383488301976 -0.10926697387826435 -0.01684669166174738 0.0014166807738032175 0.0012080171667616206 0.02279944647593719 -0.12976721709298872 -0.001999825560927614 0.0011551371312378369 -0.00016769146063201165 9.8308837673997991e-05 -0.0026750720406169912 0.035620452696324627 -0.00012743187703372061 -0.001464025101871729 -0.058600093744187259 0.0096552389980673146 -0.02026511229355268 0.0064325753248256363 -0.00096269041461042595 -0.0078661920710138052 0.008620628825576248 -0.0019605662234015151 0.0037885987913702599 0.012119806482916835 0.0047805512585092028 -0.024252506466824066 -0.0099595592865017631 0.0022755035250390473 -0.017730368741437495 0.0076450191613490343 -0.02849207381795571 -0.00015811615574990473 0.0015852985730333215 0.016277384002436581 0.014023337675144057 -0.062817499466901044 -0.00020588078185680188 0.0022372462385492663 0.0037262621699107328 -0.0059110560848987734 0.006070505025097042 -0.0018033808019276051 0.0042401518078537138 -0.0019150786224237163 0.00078628153131045321 -0.025765997107878545 -0.029133382969224918 -0.0048923990394770288 0.0026800507493204904 0.0039843865632981602 -0.044834369351919638 -0.0039929913558852991 -0.061050645112547985 -0.024544130185146753 0.002525878428044422 -0.17624660530116401 -0.045648387319540809 -0.049170152843546241 -0.046916733951300804 -0.0059115750471735486 -0.024495123035221486 0.0015824491854510153 -0.0034262221344123732 -0.04202083078908999 0.0024439739925745385 0.051528839209070032 -0.01981983440157957 0.0025249303558099088 -0.067914790369538111 -0.0070259262560973959
leaf_weight=170.65317076444626 193.80688583850861 1630.8417947590351 155.21957686543465 215.15081584453583 90.548621743917465 98.314726442098618 3021.645771920681 60.500714778900146 260.74097660183907 219.41727244853973 147.45091837644577 83.361502349376678 177.59892570972443 151.54538679122925 83.786419630050659 673.16990202665329 222.51959633827209 253.98278987407684 347.97013008594513 120.31371176242828 872.49590182304382 105.6953381896019 226.17451053857803 147.08565837144852 190.16525161266327 56.617747575044632 101.73212224245071 97.362420469522476 233.3981921672821 317.15328434109688 608.95344144105911 576.66658034920692 1555.7124401926994 143.12209898233414 115.8827343583107 212.05731904506683 587.60321593284607 100.04895055294037 319.30192416906357 259.51875007152557 530.48487359285355 144.68032959103584 1749.478279709816 388.39051502943039 2039.921470195055 207.97306221723557 1249.6554752290249 2207.736750215292 312.81551688909531 205.89779597520828 84.482432216405869 199.37496200203896 95.412053436040878 503.25216746330261 1113.3587042093277 155.89188069105148 5893.4660952687263 298.23702612519264 352.22279214859009 781.88494130969048 215.40992176532745 387.9317407310009 193.43950933218002 119.72738581895828 232.50421985983849 123.76731550693512 69.0741286277771 82.792405813932419 190.54505634307861 137.04834333062172 195.62595891952515
leaf_count=127 232 2525 140 107 102 97 5520 83 102 83 76 70 67 102 115 1106 76 72 146 79 509 103 180 91 109 84 77 115 118 131 136 170 476 106 60 50 787 130 104 121 255 90 955 124 996 134 774 1923 151 104 42 295 120 219 1247 90 8395 480 430 455 86 173 86 178 200 118 76 126 282 182 139
internal_value=-0.00114172 -0.00291876 -0.00122606 0.000200289 0.0020155 0.0107216 -0.00304881 0.0228374 0.00088977 0.00359231 0.0126836 0.000460974 0.00403473 0.0111033 0.000695885 -0.00159903 0.00164261 0.00515911 -0.000518469 0.000149589 0 0.00349116 0.00590454 0.00978608 0.0139967 0.000144662 0.00417798 0.0127526 -0.00212715 0.000303807 0.00183662 0.000686409 -0.000477555 0.00354152 -0.0025653 0.000700994 -0.0018492 0.0017266 0.000743499 -0.000348043 8.67198e-05 0.00196473 0.00102452 -0.000884149 0.00021384 -0.00212002 -0.00276599 -0.00293442 -0.00145286 0.000276321 0.00702207 -0.00177844 -0.00146432 -0.00305077 -0.0025608 -0.00315708 -0.00429545 -0.00329732 -0.00118571 -0.0020466 7.1999e-05 -0.00269125 -0.000425971 0 -0.00122706 0.00234432 0.00231001 0.00489106 -0.00315627 -0.000717073 -0.00319598
internal_weight=35667.8 15375.2 6928.84 20292.6 2475.24 314.035 4453.6 158.815 15687.2 2115.64 362.602 13571.6 1061.15 329.144 2161.21 1169.03 1753.04 682.4 1070.64 12510.4 12249.7 992.174 669.121 442.946 295.861 1431.96 488.313 199.095 4605.35 11181.6 3377.79 3060.63 2451.68 313.775 4291.58 732.002 943.645 356.042 1875.01 7803.78 6225.83 2153.68 2009 4072.16 2428.31 1577.94 1457.63 4058.18 519.944 459.881 168.269 255.993 289.219 722.669 1643.84 3942.29 8446.36 2552.9 922.054 1734.56 371.302 1363.26 581.371 569.831 323.053 207.129 271.594 151.867 1000.76 327.593 1068.12
internal_count=33609 22402 10192 11207 2832 320 7360 180 7983 883 183 7100 558 169 2512 1727 700 252 448 6542 6440 785 483 303 212 1840 544 192 3224 5792 1017 886 750 233 2991 389 1296 509 580 4775 3788 1166 1076 2622 1120 987 908 2873 339 176 157 379 352 302 1502 2813 12210 3815 1290 890 176 714 259 860 302 188 380 202 1570 464 648
is_linear=0
shrinkage=0.0955619


Tree=42
num_leaves=72
num_cat=0
split_feature=6 2 9 7 2 9 7 0 9 2 1 3 9 1 3 7 4 3 3 3 2 1 2 2 3 3 2 1 4 7 3 9 0 6 1 3 4 2 7 1 0 4 3 2 2 9 0 7 7 7 7 3 3 3 1 7 4 1 1 0 1 7 7 2 4 2 1 4 7 7 7
split_gain=9.88497 4.15903 2.52242 5.23756 3.52943 2.51839 2.47597 2.32316 1.84533 2.55845 1.61533 2.14981 1.82966 2.34658 2.27056 2.13227 2.09151 1.66611 1.56817 1.54139 1.54375 2.46695 1.51211 1.59781 1.32652 3.49237 2.79191 1.4168 1.30568 2.50147 1.50877 2.92768 1.35706 1.25254 1.1139 1.05692 1.0117 0.96242 1.00564 0.932238 0.90045 1.29155 1.1346 1.06842 0.980075 0.899616 0.897271 0.874368 0.912624 0.841073 1.0524 0.693609 1.32116 1.2243 1.00747 0.72864 0.770397 0.684519 0.655655 0.625644 0.569254 0.745067 1.0744 0.553721 0.52776 0.520855 3.78339 3.74274 0.465017 0.459155 0.405702
threshold=1.0000000180025095e-35 0.1159303052754759 -2.2399668639384749 6.0450000000000008 -0.93533330245768853 -2.898899926528594 6.200000000000002 -0.78656609248549325 -0.89878824880347341 -0.51974381215551546 0.86095304316285726 1.7450000000000003 1.7243431341734665 0.92913280730858816 2.5950000000000002 4.7800000000000002 1006.1500000000002 2.3350000000000004 3.4050000000000007 2.2350000000000008 -0.055914918885874271 -0.99939814596352028 -0.63872576220844923 -0.66483077113278999 2.1150000000000007 3.2250000000000005 -0.9668120007078248 -0.67760851415498069 1006.5500000000001 8.5850000000000009 4.2250000000000005 0.26852288081569858 -0.37940952255126015 -0.5 0.13301347478292308 2.2450000000000006 1003.6500000000002 -0.9574497222574998 5.8050000000000006 0.79356426026969662 0.37940952255126048 1007.0500000000001 1.7450000000000003 -0.63872576220844923 -0.97502841500522164 -1.5134188966572955 -0.37940952255126015 12.130000000000003 10.450000000000003 8.8000000000000007 9.6700000000000017 2.8250000000000006 1.2150000000000001 1.3350000000000002 0.86095304316285726 7.1000000000000041 1008.4500000000002 0.49002412863433359 0.50495637864894027 0.25881904510252057 -0.65189295912203338 7.9750000000000005 7.5000000000000027 1.0000000180025095e-35 1007.4500000000002 -0.82389248692129191 0.49002412863433359 1006.6500000000002 6.7550000000000017 11.855000000000002 13.305000000000001
decision_type=2 2 2 2 2 2 2 2 2 2 2 2 2 2 2 2 2 2 2 2 2 2 2 2 2 2 2 2 2 2 2 2 2 2 2 2 2 2 2 2 2 2 2 2 2 2 2 2 2 2 2 2 2 2 2 2 2 2 2 2 2 2 2 2 2 2 2 2 2 2 2
left_child=1 2 3 24 -5 -6 -3 8 -2 18 17 -12 14 69 -13 -15 -16 19 35 20 40 -22 23 28 -1 26 -26 -28 32 30 46 -32 34 45 36 37 -19 -10 -39 -11 41 43 -43 44 -4 70 -30 48 68 -41 -51 52 -47 -54 55 56 -55 -42 -27 -21 -53 62 -62 -24 -37 66 -9 -68 -17 -14 -8
right_child=7 6 10 4 5 -7 33 65 9 39 11 12 13 15 16 47 -18 22 -20 59 21 -23 63 -25 25 58 27 -29 29 -31 31 -33 -34 -35 -36 64 -38 38 -40 49 57 42 -44 -45 -46 51 -48 -49 -50 50 -52 60 53 54 -56 -57 -58 -59 -60 -61 61 -63 -64 -65 -66 -67 67 -69 -70 -71 -72
leaf_value=-0.051250422218390733 -0.076012353778839317 -0.04132512092709436 -0.026267381243703918 -0.0056365494450434988 -0.0060183574036963994 0.024977535509271783 -0.019203027367661482 -0.10730521615681142 -0.0026509856948140668 -0.068893236757298082 -0.026436066674127862 -0.001952389739789905 0.0055197936545369969 0.012700270248369091 0.0033654257084747632 0.0036698648464225663 0.018647956817968121 -0.084091698982854984 0.013189617951193411 0.0075052873520735208 -0.0065151625224533181 0.0047341810257573976 -0.013178428016689388 0.017258225341211204 -0.013703961441602588 -0.0058327574579331949 1.9183626796590456e-05 -0.02488911773487297 -0.0021451289914636742 -0.012654620664557168 0.010876065949996095 -0.015562358963598441 -0.0097038230897354468 -0.082547170522488569 -0.014979785419710982 -0.028172067292105772 0.0027727673174935174 0.010173417034772734 -0.031489401002599761 -0.0018907702021530466 -0.057396984921981073 0.00011590407602314976 0.0032390638656906992 -0.061195420060422639 0.0035285904747125859 -0.024294764986353884 -0.0053230909721676172 -0.0098253297200555229 0.00092300609164214253 0.01622411662661076 -0.00084954833528051537 0.011865671627700268 0.0006493665950705168 0.0075185366363920651 0.0058927043624363478 -0.0027068148285354764 -0.011688942695807315 0.0028146483990510985 -0.035333599466712599 -0.024413839507247837 -0.053211285763842833 -0.0045501870883535283 0.019494118098666861 -0.022827222881289848 0.0095973196688137596 -0.12339034095228725 -0.079957563576902285 0.020620689117143015 -0.0037423219396150245 0.016982073530634162 0.0011979115344948343
leaf_weight=306.95172563195229 1158.2623364329338 3169.7287545204163 187.6987766623497 202.31629329919815 210.47409456968307 149.85240638256073 820.04469439387321 1283.4455355107784 75.116653710603714 722.8207947909832 559.43000993132591 269.60466960072517 343.11217713356018 238.0881841480732 197.50533300638199 326.4808748960495 333.68173676729202 181.32188048958778 105.58117508888245 206.29215738177299 170.50149443745613 192.56913247704506 1487.6682404279709 189.88474395871162 123.754948168993 493.33813965320587 184.79701596498489 200.43684485554695 154.70219749212265 151.81126230955124 284.83135062456131 223.01327037811279 1464.4385765790939 1057.6682506799698 730.45301115512848 198.78690150380135 575.40049132704735 73.75453183054924 80.867083549499512 241.39640763401985 533.49232947826385 447.77588525414467 253.45900845527649 427.45248317718506 528.47225502133369 451.85370647907257 1483.7654373943806 472.5910649895668 315.28596782684326 83.494395583868027 82.206671297550201 108.03195598721504 108.15773898363113 94.667713165283203 511.75627505779266 782.79475504159927 126.32900884747505 198.51021054387093 154.79854160547256 131.2949284017086 190.67579492926598 794.30735146999359 113.56922489404678 135.87394613027573 56.224171787500381 6667.4004254043102 66.366782456636429 68.013952940702438 578.32380670309067 273.97174751758575 98.968906760215759
leaf_count=256 1787 3306 126 120 126 70 876 2340 92 1195 216 109 116 146 81 110 122 111 99 103 97 144 995 79 70 301 125 145 68 48 154 150 720 1472 306 267 325 104 90 304 618 148 91 316 264 312 864 121 88 69 113 85 61 57 151 752 105 122 62 94 140 641 70 126 80 10080 119 61 176 56 96
internal_value=-0.00100621 4.99499e-05 0.000945885 0.00410439 0.0119342 0.00583189 -0.00166874 -0.003394 -0.00101832 0.000923166 0.00048939 0.00214517 0.00307574 0.00177053 0.00709287 7.90326e-05 0.0107035 -0.000127706 0.00604263 0.0016417 0.000900057 0.00671292 -0.000962318 -0.000179691 0.00101584 0.00254938 0.00848874 0.00410906 -0.000509801 0.00117262 0.000282456 0.00485386 -0.00185132 -0.000376794 0.00012209 0.00345351 0.00274627 0.00814498 0.00297211 -0.00167649 3.88339e-05 0.00119965 0.00443986 -0.000710966 0.00144718 0.000343572 -0.00108279 -0.00106706 0.000214131 0.0018212 0.0071138 0.0011029 0.002172 0.00346602 0.00267443 0.000801535 0.00564842 -0.00275317 -0.0019861 0.0077692 -0.000659408 -0.00138355 0.00245849 -0.00352243 -0.00044867 -0.00422761 -0.0024129 0.0125277 -0.00124914 0.00688944 -0.00226214
internal_weight=35667.8 24704 16275.5 2026.72 562.643 360.327 8428.55 10963.7 2878.51 1720.25 14248.8 3908.08 3348.65 2547.85 800.792 1930.77 531.187 10340.7 590.331 3277.52 2939.93 363.071 7063.16 5439.62 1464.08 1157.13 508.989 385.234 5249.74 2298.12 2146.31 507.845 2951.61 5258.83 1487.18 484.749 756.722 229.738 154.622 1129.92 2576.86 1844.86 701.235 1143.62 716.171 4201.16 1638.47 1692.68 1220.09 407.097 165.701 3282.14 2075.56 1623.71 1515.55 1003.79 220.997 732.003 648.137 337.587 1206.58 1098.55 304.245 1623.54 255.011 8085.23 1417.83 134.381 904.805 617.084 919.014
internal_count=33609 16809 8685 1275 316 196 8124 16800 4200 2413 7410 1341 1125 813 312 641 203 6069 732 2123 1926 241 3946 2825 959 703 340 270 2746 1284 1236 304 1462 4818 742 633 436 286 194 1681 1685 945 239 706 390 3346 932 495 374 486 182 2374 1438 1126 1065 914 162 740 363 197 936 851 210 1121 347 12600 2520 180 286 172 972
is_linear=0
shrinkage=0.0955619


Tree=43
num_leaves=72
num_cat=0
split_feature=6 2 0 0 1 1 4 2 2 9 1 9 1 1 8 9 4 8 1 1 9 1 2 8 1 2 0 3 3 3 2 1 1 0 9 1 4 9 9 5 8 9 6 6 3 8 1 9 4 8 8 4 4 3 2 8 3 5 3 3 0 4 1 1 3 6 5 8 1 0 1
split_gain=10.9667 4.88456 4.29559 3.56596 2.72981 2.33382 1.9415 2.57099 4.52978 6.3444 2.5021 2.37997 2.26969 2.05381 1.7522 3.0502 2.04389 2.03522 1.6988 1.58473 1.34194 1.31633 1.24744 1.28738 1.88248 2.26284 1.574 1.41367 1.10256 1.07069 2.20767 1.03365 0.907611 2.22095 0.903056 0.87051 0.960732 1.44557 0.782021 0.778459 0.743688 3.0021 0.709273 0.679609 0.587633 0.507747 0.494597 0.493321 0.457897 1.04443 1.2768 0.996234 3.17198 0.813907 1.37608 0.510606 0.441564 0.560746 1.12987 0.985852 0.645904 0.378103 0.327087 0.317053 0.225599 0.201856 0.185757 0.18422 0.171196 0.123208 0.118118
threshold=-0.5 -0.44437817810461328 -0.60355339059327384 0.37940952255126048 -0.23448921811828094 -0.073094453017891914 1003.5500000000001 -0.96227343267549392 -0.97502841500522164 -2.3197953995181115 -0.99273952934267318 -0.48387188954882093 -0.94130860066615785 0.89391031859722891 7.8650000000000011 1.0000000180025095e-35 1005.6500000000002 8.2200000000000024 0.4749466738948262 0.99906486341235867 -0.86769926957598098 0.78297285307474518 0.86527520261780289 9.3700000000000045 -0.413274780713969 0.73246693938583607 -0.37940952255126015 2.2950000000000004 3.7250000000000005 3.6850000000000005 -0.94128245028753155 0.79356426026969662 0.54883787585413535 0.37940952255126048 1.2131758420300012 0.23448921811828119 1007.0500000000001 -1.2860132551925998 -2.2399668639384749 -0.78656609248549303 6.5000000000000027 0.29460317699640731 -0.37940952255126015 -0.37940952255126015 2.6550000000000007 12.345000000000001 0.90880922144842613 -3.3552633360492936 1009.1500000000002 10.620000000000001 12.725000000000003 1010.6500000000002 1012.35 2.4650000000000003 -0.16705162550211936 7.1650000000000018 4.8750000000000009 -0.91597561503675329 2.8250000000000006 3.3250000000000006 -0.9159756150367534 1007.2500000000001 0.21772121422198085 -0.99865756837029884 1.0250000000000001 -0.12940952255126037 -0.91597561503675329 10.800000000000004 0.84293373149377093 0.60355339059327384 0.83354805289222267
decision_type=2 2 2 2 2 2 2 2 2 2 2 2 2 2 2 2 2 2 2 2 2 2 2 2 2 2 2 2 2 2 2 2 2 2 2 2 2 2 2 2 2 2 2 2 2 2 2 2 2 2 2 2 2 2 2 2 2 2 2 2 2 2 2 2 2 2 2 2 2 2 2
left_child=3 2 4 6 40 63 13 8 9 -8 11 -9 64 70 35 16 -16 -17 -4 22 -18 66 23 24 25 -14 34 -28 61 47 -31 -3 33 -20 -25 65 44 -38 -26 56 41 -2 -34 45 -37 -41 69 -7 55 53 51 -51 -53 -50 -55 -49 57 59 -59 -33 -61 -11 -24 -5 -12 -6 -19 -44 -69 -32 -1
right_child=1 31 18 5 14 29 7 10 -10 28 12 -13 19 -15 15 17 20 21 32 -21 -22 -23 62 26 38 -27 27 -29 -30 30 46 39 42 -35 -36 36 37 -39 -40 43 -42 -43 67 -45 -46 -47 -48 48 49 50 -52 52 -54 54 -56 -57 -58 58 -60 60 -62 -63 -64 -65 -66 -67 -68 68 -70 -71 -72
leaf_value=-0.033201198958683592 -0.028027136228802561 -0.1318461444482783 -0.10998235284687409 0.0048681536911111467 0.02394599943145009 -0.0002452538699973461 0.0012471566511549998 0.0028200309290997345 0.0099786306059546949 -0.0064128941221457516 0.0040208634157164521 0.00016527290965969232 0.0016931078803377705 0.010500333507100321 0.0011140048123833926 0.052027183500777251 -0.022991740199793803 -0.087375634478769323 0.012766110508123972 0.0077852931201314616 0.018650137849382853 0.0018186176128514881 -0.0372881401681735 0.0028248650020133181 0.00058907492767825028 0.0049639160206452378 -0.0018117344568817648 0.002809141669466286 0.0059645576791874594 0.01807139677821646 0.015960765334203764 -0.027186915663101035 0.0089098961563123559 -0.0472947162939674 -0.0086583815917948559 -0.092458909958131733 -0.0026249679277995895 0.021542637799062368 -0.0023742943362336922 -0.025732440040829342 -0.064131824527367334 0.0092416778823311667 -0.046154560433377151 -0.072823554695723755 0.0021957744941884226 0.0074535393950856052 0.00588468453295955 -0.02281626888880332 -0.045878366277497272 -0.0004360387883894442 -0.030285948617177552 0.022728540000466872 0.0054852582220636416 0.0026094733767049018 -0.12967423024466107 -0.011683359342864658 -0.0030129969301134017 0.014673709974086542 -0.0002486164703989571 0.0038752871517214573 0.068543745646679727 -0.010765110895547133 0.0025398933237277014 -0.056988363550473875 -0.022391728403693176 -0.14467326188106239 0.018844728429937754 -0.02990886961314549 0.01772262501241299 -0.023186776779343263 -0.0094586524686925046
leaf_weight=886.45305272936821 219.43985891342163 7471.7506891191006 2058.7482187747955 73.888747155666351 57.124278843402863 143.42036440968513 238.88137596845627 243.91293999552727 316.84315371513367 446.35064268112183 105.75198611617088 332.84588301181793 2800.3595930933952 371.27865326404572 114.63904026150703 78.985484004020691 92.297571688890457 212.18598425388336 69.625309020280838 213.00364050269127 86.8714978992939 142.10585832595825 598.53702753782272 500.1425313949585 619.15523442625999 272.50878030061722 465.61234992742538 1448.232154250145 263.40729933977127 134.14291632175446 146.42871433496475 414.70505711436272 90.336861491203308 67.566106230020523 399.93782299757004 176.28021791577339 78.980050981044769 95.268025577068329 3336.5801404118538 117.73521441221237 541.24432489275932 69.649927854537964 347.40201437473297 1562.9189131557941 152.77893272042274 65.962153613567352 220.87053239345551 200.78042834997177 668.18674170970917 113.64397394657135 147.28171834349632 75.530894756317139 120.55013519525528 164.20112335681915 218.46465441584587 701.84236842393875 203.21403124928474 84.572136729955673 62.093407511711121 100.7122890651226 81.952766358852386 228.36167752742767 237.31193602085114 1766.8154856562614 674.46184059977531 204.63651245832443 89.227237731218338 85.243954539299011 78.952603399753571 215.44588732719421 181.13967055082321
leaf_count=416 343 10960 3760 72 64 144 77 113 97 197 63 150 1299 89 92 62 113 182 80 70 69 109 865 288 271 203 218 554 97 108 112 355 91 120 163 199 106 98 918 177 792 89 604 2509 134 52 86 96 388 38 172 66 142 82 143 308 199 85 78 123 72 59 360 2016 398 330 140 143 72 230 39
internal_value=-0.000804704 -0.00273071 -0.000331445 0.000650135 0.00260228 -0.00152377 0.0013884 0.00174171 0.00550025 0.00265852 0.0012746 0.00742898 0.000960877 -0.00191808 0.00494496 0.00804566 0.0158843 0.00340311 -0.00289378 0.00132429 0.0223591 0.000627355 0.00115023 0.00145723 0.000747695 0.00252712 0.00319395 0.00474267 -0.000799969 0 0.00326529 -0.00395066 0.0009307 0.00791609 0 0.00149862 0.00389543 0.00961755 -0.000611667 -0.00227163 -0.00174841 0.00194243 -0.000533456 -0.00346682 0.00053166 0.00166049 0.000530793 -0.000907744 -0.00126353 -0.000176422 0.00355544 0.00711944 0.0112016 -0.00189303 0.00143949 -0.00297043 0 0.00101554 0.00627611 -0.000141355 0.00549213 -0.00292846 -0.00234652 -0.00424313 -0.00398011 -0.0027486 -0.00271826 -0.00206181 5.77413e-05 -0.00145518 -0.00408936
internal_weight=35667.8 15375.2 5209.59 20292.6 2411.71 5111.49 15181.1 13742.2 1493.84 1177 12248.4 576.759 11671.6 1438.87 1581.38 816.313 293.808 522.505 2797.88 10891.4 179.169 443.519 10678.4 9842.53 7028.6 3072.87 2813.92 1913.84 938.12 3270.79 716.888 10165.6 739.127 137.191 900.08 765.068 503.307 174.248 3955.74 2693.87 830.334 289.09 601.935 1746.62 329.059 183.697 582.745 2553.9 2410.48 1507.86 457.007 309.725 196.081 1050.85 382.666 902.623 947.25 744.036 146.666 597.37 182.665 674.712 835.849 1840.7 780.214 261.761 301.413 511.599 164.197 361.875 1067.59
internal_count=33609 22402 7792 11207 2922 4203 7004 6460 527 430 5933 263 5670 544 1698 767 274 493 4870 5209 182 431 5139 3914 2691 1502 1223 772 353 2115 536 14610 1110 200 451 931 537 204 1189 3650 1224 432 910 2738 333 229 428 1579 1435 1031 418 246 208 613 225 404 912 713 163 550 195 256 1225 2088 461 394 322 819 215 342 455
is_linear=0
shrinkage=0.0955619


Tree=44
num_leaves=72
num_cat=0
split_feature=6 2 1 0 1 9 1 1 0 9 8 4 3 0 8 2 4 2 8 1 4 9 2 8 0 5 3 9 8 9 8 3 3 8 4 8 6 1 9 3 2 4 1 8 8 2 4 1 9 9 1 8 2 9 8 1 1 0 1 2 0 1 1 8 8 1 9 1 3 1 9
split_gain=10.2236 4.72385 4.61915 2.89751 2.7126 2.95033 2.91594 2.69452 1.93832 3.05894 2.18255 2.18025 2.09159 1.99943 1.67394 1.58248 3.07135 2.24992 1.57933 1.71029 4.13084 2.08904 2.42424 1.83934 1.775 1.52913 1.52276 1.51259 1.46132 1.44484 2.44996 1.74276 1.62728 1.41242 1.33261 1.27597 1.20338 1.02969 1.84981 1.011 1.03882 1.37756 0.999473 0.95429 0.862578 0.808232 0.666376 0.599732 0.935303 1.45827 0.635842 0.520686 0.519461 1.57551 0.480248 0.462902 0.843034 0.391259 0.53148 0.382313 0.381427 0.873509 2.53484 0.531633 0.352954 0.317053 0.296423 0.294255 0.28911 0.257061 0.249606
threshold=-0.5 -0.081676395330422633 0.18399664778440331 0.37940952255126048 -0.99273952934267318 -1.417736101581857 -0.86095304316285715 -0.073094453017891914 -0.60355339059327384 1.4489232199185376 5.9200000000000008 1005.0500000000001 1.8550000000000002 -0.98296291314453399 6.6900000000000004 -0.9668120007078248 1007.9500000000002 -0.98208922706762081 6.0000000000000027 -0.54883787585413535 1007.85 0.12477726858016781 0.64532420896511999 7.5599999999999978 1.0000000180025095e-35 -0.78656609248549303 2.2850000000000006 5.0937704837932047 11.550000000000004 -0.56388004516718826 10.295 3.8950000000000005 2.4850000000000008 9.7350000000000012 1007.35 7.5100000000000007 -0.37940952255126015 -0.04732095011389225 -0.83945320721057637 1.4750000000000003 0.59818091440591625 1007.0500000000001 0.51973899919070166 5.7549999999999999 12.345000000000001 -0.67758968959607091 1008.35 -0.7610972106345526 -1.0000000180025095e-35 0.7172509974810134 -0.23448921811828094 9.2800000000000047 -0.70862667826445969 1.2421757658246018 4.9850000000000003 0.61866567420209762 0.44437406304545285 -0.78656609248549325 0.51973899919070166 -0.65187484896379921 0.37940952255126048 0.56314550935064711 0.44437406304545285 12.015000000000002 10.235000000000001 -0.99865756837029884 4.122407044550731 0.94970904815366264 0.8650000000000001 -0.98801351631316325 0.052929531204382492
decision_type=2 2 2 2 2 2 2 2 2 2 2 2 2 2 2 2 2 2 2 2 2 2 2 2 2 2 2 2 2 2 2 2 2 2 2 2 2 2 2 2 2 2 2 2 2 2 2 2 2 2 2 2 2 2 2 2 2 2 2 2 2 2 2 2 2 2 2 2 2 2 2
left_child=3 2 25 4 5 -1 43 65 9 10 -4 51 -13 -14 -7 16 17 37 54 20 24 22 23 -22 35 47 59 39 -29 30 31 42 -31 34 -15 -20 44 -8 -39 55 41 -41 -28 -6 -10 -37 -34 69 -49 -50 -51 -12 -48 -54 -17 56 -21 58 -3 -9 61 62 -38 -62 -55 -5 -11 70 -45 -2 -60
right_child=1 57 8 7 6 14 15 26 36 66 11 12 13 33 -16 18 -18 -19 19 27 21 -23 -24 -25 -26 -27 29 28 -30 32 -32 -33 46 -35 -36 45 60 38 -40 40 -42 -43 -44 68 -46 -47 52 48 49 50 -52 -53 53 64 -56 -57 -58 -59 67 -61 63 -63 -64 -65 -66 -67 -68 -69 -70 -71 -72
leaf_value=0.002009494444034979 0.0090552723494373068 -0.08392961229627921 -0.029653882380897539 0.0044029439023801466 -0.00030805816267912277 -0.12213497376999201 -0.033921060696903441 0.004726040321475544 0.0080584499671628295 -0.0034455742053729021 -0.031645393628649696 -0.024031268122089257 0.00043087393851388815 0.0087231979807302299 0.0012005160611921854 -0.012489302088241864 0.0032924701066998395 0.0093454790260325809 0.0047473249025884725 -0.049523501029348618 -0.0028664368567646375 0.0046295827530761198 -0.057579431155236019 -0.004353039325400156 -0.014874626867195586 -0.12553792361886923 -0.028141786235869295 -0.0011647569029760304 0.024682207747516172 0.0050631493533891559 -0.02637535709964663 0.019372810380954345 -0.015586819966522541 0.01881446062075166 0.01005500811606341 -0.05490448754434793 -0.048494902659087027 0.0029699813333449732 -0.0049054793137819439 2.4916861216297698e-05 -0.0051779758442937144 0.0020758323537726098 0.0024610017512831572 -0.080588461981918769 0.011342279911929536 -0.0013144705389532838 -0.021296130475540666 -0.030686014655860516 0.0085262906483393967 -0.026210465786977506 0.00069813658919137074 0.010681493155262973 0.025505629595353709 -0.040955099320973715 -0.013628267476668001 -0.035617602647315727 -0.0041224784714652572 -0.13789283328100577 -0.025207971271152013 -0.033864279793111129 -0.059626007157395904 -0.034252311567847298 0.011479729556587492 0.0060657621710911375 0.0014534787177642378 -0.051542449914707252 0.0022049918547091363 -0.030140017759775695 -0.020984674893108804 -0.065498505700461146 0.013271463054601177
leaf_weight=192.37452781200409 54.137717843055725 1636.7746104001999 157.8234591782093 73.888747155666351 221.13936677575111 170.63621911406517 306.2133042216301 221.69555646181107 152.20098531246185 510.46781650185585 120.41485476493835 100.73376932740211 90.056000828742981 249.15040525794029 256.57996326684952 199.0915139913559 254.11580324172974 350.56867104768753 409.233014523983 165.28012832999229 146.03228121995926 280.66399705410004 152.82645106315613 164.49102872610092 409.82665294408798 2560.6736451983452 118.31240203976631 303.37105935811996 236.8955363035202 193.21860286593437 178.30721560120583 134.92126905918121 509.25749677419662 101.78517031669617 131.86296105384827 232.57119464874268 142.32205629348755 304.35737133026123 418.0639460682869 3539.6933852434158 1055.9864645898342 2342.7696174383163 121.84537273645401 125.91290089488029 70.532826751470566 257.63354724645615 158.09029018878937 387.7203124165535 124.84937825798988 166.88878107070923 109.35258769989014 83.937711775302887 210.36625599861145 242.10626924037933 545.8537183701992 697.91228547692299 169.15111738443375 5870.3249493539333 301.52021715044975 852.90040871500969 584.54509264230728 406.47982957959175 96.162209957838058 152.83172380924225 329.7693136036396 1766.8154856562614 96.320304155349731 352.22279214859009 1271.824318677187 319.60436424612999 243.50999718904495
leaf_count=81 80 2545 150 72 122 112 149 108 216 411 108 123 81 183 87 57 65 136 144 139 73 140 143 98 154 4704 93 108 69 106 193 90 243 128 147 82 256 120 130 1131 1382 718 67 74 33 156 106 535 130 196 115 82 145 130 232 242 96 8351 453 623 1027 612 128 218 211 2016 81 430 764 512 367
internal_value=-0.000763869 -0.00262354 -0.000767361 0.000640702 0.00130637 0.00751018 0.00103468 -0.00131765 0.00184781 0.00415893 0.00732154 0.00920206 0.01182 0.0140486 0.00278237 0.00151771 0.00431595 0.00244189 0.00110441 0.00141059 0.00389629 0.00957764 0.00528283 0.0101936 0.000583862 -0.00307331 0.00030215 0.000798919 0.0056951 0.00176951 0.00598975 0.0104069 0.000283807 0.0164803 0.0192479 0.00302003 -0.000461899 8.97903e-05 0.0021458 0.000453569 0.00087868 0.00138328 0.0048963 -0.00276559 0.00593049 -8.75581e-05 -0.000760293 -0.00011483 0.00129467 0.00458627 0.000329288 8.0275e-05 0.00066528 0.00176176 -0.00310224 -0.00230819 0.000366861 -0.00415127 -0.003039 -0.00260684 -0.00156866 0 0.00469147 -0.00305169 -0.000697426 -0.00424313 -0.00109397 -0.00102292 -0.00371766 -0.00332706 0.000213034
internal_weight=35667.8 15375.2 6970.85 20292.6 15181.1 619.591 14561.5 5111.49 3247.63 1642.55 1035.76 877.941 673.588 572.855 427.216 12942.6 1633.32 1379.2 11309.3 10564.3 2053.28 744.014 463.35 310.523 1309.26 3723.23 3270.79 8511.06 540.267 2196.19 553.386 375.079 1642.81 482.799 381.013 899.438 1605.07 1028.63 722.421 7970.79 6938.45 5882.46 240.158 1618.88 222.734 490.205 1449.59 1162.55 788.811 401.091 276.241 204.353 940.332 782.242 744.945 1032.34 334.431 8404.35 2534.03 1074.6 1382.34 644.964 238.484 737.377 571.876 1840.7 606.788 897.253 1397.74 373.742 545.03
internal_count=33609 22402 10256 11207 7004 280 6724 4203 3984 1494 1002 852 662 539 199 5764 600 535 5164 4875 990 454 314 171 536 6272 2115 3885 177 1384 443 250 941 458 330 382 2490 399 250 3708 3231 1849 160 960 249 238 835 1568 976 441 311 190 592 486 289 477 235 12146 3795 731 2241 996 384 1245 341 2088 492 1250 838 592 820
is_linear=0
shrinkage=0.0955619


Tree=45
num_leaves=72
num_cat=0
split_feature=6 0 2 0 7 8 2 9 2 4 9 9 7 4 0 2 3 7 8 7 3 4 2 2 2 7 7 8 9 8 4 9 4 9 8 2 2 8 2 7 7 7 7 4 0 4 3 9 2 2 3 3 9 7 8 9 9 7 5 8 9 9 4 9 6 2 8 8 7 7 0
split_gain=10.6682 5.14021 3.19062 2.75865 2.84699 2.14547 2.09724 3.677 2.43363 2.04029 1.37389 1.29623 2.98114 2.05431 2.00579 2.07155 1.36186 1.34644 2.71285 1.11869 1.4218 1.28889 1.18926 1.17633 1.96588 1.25014 2.23703 1.906 1.59535 1.54996 1.50745 1.11129 0.891361 1.14708 1.43846 0.825687 0.748317 1.39215 0.735164 0.888456 0.763463 0.976569 1.54869 0.720326 0.975264 0.677016 0.624831 0.577219 0.571079 0.567531 0.558484 0.546741 0.48855 0.482096 0.466282 0.573118 0.609474 1.20591 0.409141 0.396225 0.372974 0.315277 0.299954 0.45626 0.298595 0.504973 0.292162 0.25147 0.23603 0.292701 0.31339
threshold=-0.5 -0.78656609248549325 -0.44437817810461328 0.37940952255126048 6.1800000000000024 8.9250000000000007 -0.96227343267549392 -1.9508865700070002 -0.97502841500522164 1005.1500000000002 0.20228314502110403 0.79044146006875249 5.6399999999999997 1004.9500000000002 -0.98296291314453399 -0.76107606668641947 2.3650000000000007 7.3800000000000017 6.6599999999999993 14.330000000000002 2.2150000000000003 1003.0500000000001 0.83824865459667641 -0.90878397393106225 -0.89388548498445497 5.1700000000000008 4.6900000000000039 6.165 -3.764444652722712 7.5100000000000007 1007.4500000000002 3.9116299212996766 1009.1500000000002 -1.2860132551925998 11.170000000000002 -0.99626127116974506 -0.055914918885874271 13.91 0.85651926849515192 7.7999999999999998 10.205000000000002 9.0000000000000036 9.2800000000000011 1004.5500000000001 -0.9159756150367534 1003.35 4.3350000000000009 -1.0000000180025095e-35 0.081673369964559248 -0.098820138732871751 2.6550000000000007 3.4050000000000007 0.02424476175698587 8.9500000000000028 10.765000000000001 0.26852288081569858 -1.0000000180025095e-35 5.0300000000000002 -0.91597561503675329 7.2299999999999995 -0.83945320721057637 4.122407044550731 1007.5500000000001 -1.2860132551925998 -0.12940952255126037 0.030119189164198128 9.0100000000000016 8.1950000000000003 8.6850000000000023 10.860000000000003 -0.12940952255126037
decision_type=2 2 2 2 2 2 2 2 2 2 2 2 2 2 2 2 2 2 2 2 2 2 2 2 2 2 2 2 2 2 2 2 2 2 2 2 2 2 2 2 2 2 2 2 2 2 2 2 2 2 2 2 2 2 2 2 2 2 2 2 2 2 2 2 2 2 2 2 2 2 2
left_child=3 2 11 6 48 -6 7 9 10 -1 35 12 51 16 -15 17 -14 18 -16 21 -21 -8 23 46 -25 26 28 -27 -26 -29 -28 32 -7 -34 -35 -9 37 47 39 61 41 49 -43 44 -13 -22 -23 -3 54 -41 -17 62 -49 -36 55 56 57 -5 -45 -20 -59 -4 -2 -64 65 -42 -57 -60 -54 70 -70
right_child=1 36 38 4 5 31 19 8 -10 -11 -12 43 13 14 15 50 -18 -19 59 20 45 22 -24 24 25 27 30 29 -30 -31 -32 -33 33 34 53 -37 -38 -39 -40 40 64 42 -44 58 -46 -47 -48 52 -50 -51 -52 -53 68 -55 -56 66 -58 60 67 -61 -62 -63 63 -65 -66 -67 -68 -69 69 -71 -72
leaf_value=0.0019745623072774921 -0.045831110248152937 -0.084721394304412556 -0.041273887435634829 -0.024873581033249086 0.0054495305247366952 -0.016520894756601619 -0.0080706101804329765 -1.5507709202720021e-05 0.0082812334535896613 0.0028683143455565025 -0.023820578489047575 0.0032468553351435048 0.0096607498736444256 -0.013927876596318466 0.0075693031723357588 -0.031400821126142335 -0.044242640393299351 -0.01733733677757433 0.024590087777370269 0.0089766815694862969 0.004870853703966469 -0.040365107381750927 -0.014837787903390798 0.001718115616566031 -0.028655351446096267 -0.052760891157656413 -0.00084786881546866373 0.003363801173456386 0.0012231379442752424 0.00033208015612684724 0.00066407364058648397 0.0084081637061349107 -0.067694216872852944 0.0033765866511328811 -0.014369681876000453 -0.037650643810006455 -0.12652871967194387 -0.00089912965603505292 -0.11122621324280875 0.020126285383022056 -0.010378517544954807 0.012003217449485518 0.010400053799711557 -0.039190617787503226 -0.026513334501943507 -0.0016883971823632735 0.00041514601167004733 0.016034291147246908 -0.07615359796448444 -0.047736672250536683 0.046847757429094528 0.0084954830763583275 -0.023601442095656393 0.021137940213596978 0.001448195048245015 -0.038883855641698176 0.0038563672182631457 0.020961351631251443 0.046988654198671723 -0.068245357089373709 -0.012508868838793555 0.0019942787466254099 -0.045550196128467092 0.010343451648802427 -0.077049059492385677 0.056507969280697248 -0.0041766849474483732 -0.087147488430304565 -0.010875775463025657 -0.03406757061544366 0.029120038742030802
leaf_weight=192.99065506458282 311.88175362348557 2248.9643348753452 1277.2611130774021 786.40597301721573 202.2078931927681 343.17989772558212 702.14330130815506 194.89053428173065 303.01871299743652 194.73693114519119 525.30626165866852 118.68289279937744 86.683815211057663 125.18972000479698 86.711135655641556 93.31843364238739 175.3776319026947 108.17580461502075 71.397424161434174 115.08426409959793 134.98774760961533 611.25761377811432 887.93171757459641 215.13505619764328 314.40157091617584 520.31348004937172 244.24159148335457 2360.9500725567341 738.88129743933678 5743.1345529556274 361.44067811965942 202.63294962048531 174.42977994680405 147.5371943116188 140.60281816124916 339.93512153625488 5803.8672024011612 107.93884700536728 861.66884472966194 81.422844707965851 99.858659386634827 89.216560274362564 173.80022642016411 343.04930409789085 107.27472627162933 163.52911621332169 316.75910937786102 51.488567143678665 1325.1337231993675 281.4136118888855 74.880858540534973 63.119854897260666 1535.092349588871 77.285893589258194 226.08225417137146 938.92972332239151 165.51256555318832 109.25130599737167 89.697209298610687 66.778824687004089 110.56804937124252 51.524132311344147 75.839752942323685 57.742074429988861 259.64315977692604 94.133506089448929 161.73466491699219 68.865823715925217 56.134887635707855 82.632274121046066 94.478368550539017
leaf_count=81 442 4082 1956 683 120 140 268 79 90 74 176 133 80 142 53 121 213 87 61 87 29 191 1233 70 151 277 78 988 317 2284 123 91 216 118 121 140 8241 115 1265 69 44 81 203 333 76 136 132 73 1470 418 70 89 2536 83 93 709 116 77 114 105 84 41 126 88 356 132 82 102 91 107 157
internal_value=-0.000642217 -0.00254213 -0.000147211 0.000792826 -0.00111665 0.00273155 0.001442 0.00456608 0.00213713 0.0127951 0 0.00271523 0.0044228 0.0077703 0.0107388 0.0134287 0.000284791 0.0178624 0.012589 0.00102695 0.00594309 0.000862394 0.00109528 0.00136227 0.00165534 0.00145415 0.00387389 0.000976814 0.0011034 0.00134618 0.00851266 0.000942653 -0.000428742 0.00187069 0.00502211 0.00337257 -0.00382685 -0.00278904 -0.0020364 -0.00112446 0.000845125 0.00306406 0.00746937 -0.000439456 0.00385287 0.00204766 -0.00184789 -0.00309124 -0.00243826 0 0.00396339 -0.00125188 -0.00173179 0 -0.00152436 -0.00195969 -0.000395611 -0.00135554 -0.00256859 0.00333682 0.00469742 -0.00279342 -0.00259186 0.000614081 -0.00201091 0.000406565 -0.00353505 0.000972572 -0.00204385 0.000463721 0.00329112
internal_weight=35667.8 15375.2 5394.61 20292.6 5111.49 1287.88 15181.1 1750.88 1363.15 387.728 1060.13 2124.67 1397.1 888.514 626.452 501.262 262.061 333.063 224.887 13430.2 413.601 13016.6 12314.4 11426.5 10498.5 10283.4 1658.97 8624.4 1053.28 8104.08 605.682 1085.67 883.036 539.856 365.426 534.826 9980.6 4176.73 3269.94 2408.27 1079.49 625.853 263.017 727.57 225.958 298.517 928.017 4068.79 3823.62 362.836 168.199 508.583 1819.83 217.889 2498.48 2272.4 1171.74 1006.23 501.612 138.176 219.819 1328.79 445.464 133.582 453.635 193.992 1100.66 158.563 1768.34 233.246 150.613
internal_count=33609 22402 7000 11207 4203 889 7004 640 485 155 395 2435 1677 932 639 497 293 306 219 6364 252 6112 5844 4611 4288 4218 669 3549 468 3272 201 769 678 538 322 219 15402 7161 4565 3300 1303 771 284 758 209 165 323 7046 3314 487 191 745 2964 204 1844 1751 960 844 549 166 161 1997 656 214 532 176 791 216 2891 355 248
is_linear=0
shrinkage=0.0955619


Tree=46
num_leaves=72
num_cat=0
split_feature=2 1 5 1 9 5 9 9 9 3 1 5 7 3 8 4 0 7 7 7 3 3 8 3 2 9 8 5 4 4 1 8 7 8 2 9 7 8 8 8 8 7 1 2 9 9 1 8 7 8 9 4 8 3 2 2 1 1 8 1 9 3 5 9 4 7 4 5 8 3 4
split_gain=8.0531 3.78002 3.43156 3.03648 4.49227 2.64733 1.9443 4.18375 4.80085 4.17609 4.04529 2.97124 3.06548 2.26584 1.84167 1.7553 2.12699 1.82361 1.76925 2.55648 2.5835 3.51896 1.69263 1.82774 1.66788 1.61344 1.47082 1.45715 1.92499 1.37365 1.37243 1.26909 1.25653 1.65085 1.24468 2.16235 1.13847 1.12286 1.9051 1.01977 1.48658 0.995038 1.24595 4.45542 0.952051 0.923824 2.28306 3.12915 0.892702 1.31993 1.09018 1.14764 1.06307 0.90391 0.883328 3.25706 1.04355 4.56846 1.21637 0.869664 0.863375 0.836377 0.714649 0.982016 0.914761 1.85657 0.722 0.669694 0.574961 0.561912 0.526342
threshold=0.081673369964559248 -0.25118773779856163 0.12940952255126045 -0.21772121422198129 1.2131758420300012 0.12940952255126045 0.22431073563454976 -1.0000000180025095e-35 1.0000000180025095e-35 4.0650000000000004 0.34964421742355262 -0.91597561503675329 7.5700000000000029 4.6750000000000007 8.615000000000002 1005.7500000000001 -0.70710678118654757 6.4700000000000015 5.2600000000000007 4.4750000000000005 2.5650000000000004 1.8550000000000002 7.71 2.0450000000000004 0.86527520261780289 0.17944292862902958 10.515000000000001 0.60355339059327384 1007.5500000000001 1011.1500000000002 0.21772121422198085 10.685 4.8099999999999978 6.0900000000000025 0.82392300575755406 0.12477726858016781 3.6600000000000024 5.9200000000000008 7.1900000000000004 6.7200000000000015 6.8899999999999997 5.7600000000000007 -0.67760851415498069 -0.55599684127981919 -5.8141576108143012 5.3227068379309097 0.88606241628642846 9.0100000000000016 4.3800000000000017 11.52 2.2151400279070335 1006.5500000000001 11.355000000000002 2.3450000000000002 0.5488226286565131 0.57727023316007786 -0.65189295912203338 -0.67760851415498069 8.9250000000000007 -0.99273952934267318 -1.1694000864757663 4.4450000000000012 -0.60355339059327362 0.12477726858016781 1006.2500000000001 7.0700000000000029 1007.7500000000001 1.0000000180025095e-35 6.7600000000000007 1.925 1008.5500000000001
decision_type=2 2 2 2 2 2 2 2 2 2 2 2 2 2 2 2 2 2 2 2 2 2 2 2 2 2 2 2 2 2 2 2 2 2 2 2 2 2 2 2 2 2 2 2 2 2 2 2 2 2 2 2 2 2 2 2 2 2 2 2 2 2 2 2 2 2 2 2 2 2 2
left_child=1 2 15 4 -3 24 7 9 -9 11 13 12 37 -11 67 41 -17 18 19 -18 21 -21 25 -24 26 -19 54 28 36 -4 -8 -28 -30 -34 44 -36 -13 -5 -39 -32 -41 42 43 -1 -33 48 -47 -48 49 53 51 -50 -52 -42 59 -56 57 58 -57 -2 -20 -12 63 -61 -65 -66 -67 -10 69 -58 -46
right_child=5 3 29 6 -6 -7 30 8 14 10 61 27 -14 -15 -16 16 17 22 60 20 -22 -23 23 -25 -26 -27 31 -29 32 -31 39 34 33 -35 35 -37 -38 38 -40 40 45 -43 -44 -45 70 46 47 -49 50 -51 52 -53 -54 -55 55 56 68 -59 -60 62 -62 -63 -64 64 65 66 -68 -69 -70 -71 -72
leaf_value=4.0972459184856087e-05 0.0036589294445183878 0.010009354030515749 -0.054143965792921321 -0.054687587448527079 0.028430322389117382 -0.090058970926505014 -0.040903267262718812 0.0076776939960384932 -0.0032666477057197722 0.01352258093814987 0.018567933052495593 0.0099454529008284817 -0.02973079750169046 0.00081674059168288719 0.014779374177631843 -0.038240025413423397 -0.0046195563014558814 -0.00014183243379913818 -0.0032634855288658027 -0.0077390572766804326 -0.0041192801963687688 0.025521844456751708 0.001970512559311746 -0.067079672855890934 -0.047032849025510859 0.010775703968194807 0.029332201385106713 -0.076806017035476931 -0.000297914671327246 0.0036136688249498107 -0.011117484805125342 0.0018901927761471545 0.0070827395396834214 0.003981202462311974 -0.11936939443097475 0.021308878881592837 -0.012301279010526155 0.0044713329425250864 -0.06093198840740268 0.01080966940579463 0.0072997536697968759 -0.021312025944226751 -0.055120197218409314 -0.055202140431104302 0.0023913147960794362 -0.017870260231683793 -0.011687693771216387 0.030074070593254267 -0.0010561907383657804 0.010344313119488328 -0.0077751516794314609 0.00497938945010842 -0.00024749017799942488 -0.021788083248166879 0.0084522687299345874 -0.043764800520605031 0.0049856942227974018 0.027821779848225949 0.0087875601811361146 -0.030704435818675279 -0.01733268557664816 -0.0077670388369758024 -0.016673491430544689 -0.054541503825311033 -0.050531893124221419 -0.00024831100918580227 0.010091913469254653 0.0089976248885182408 -0.076666721953776704 -0.045859139024091826 -0.0051097100546481748
leaf_weight=89.052337318658829 126.43306323885918 114.51296117901802 2284.311025083065 134.64810484647751 91.812051653862 5984.3016866147518 906.61854636669159 171.18753975629807 175.71685653924942 173.05263310670853 192.35436403751373 112.45681464672089 130.514204621315 214.94274353981018 188.32504487037659 817.53684431314468 455.78142440319061 196.61584365367889 208.44802436232567 125.61950305104256 200.77461507916451 115.39554363489151 156.9398632645607 214.63749435544014 2226.1802459955215 324.77117908000946 100.45197147130966 726.66237899661064 365.07962468266487 64.577857732772827 337.59295675158501 85.650341540575027 111.93128997087479 707.23987123370171 72.236312061548233 84.984619796276093 1671.8523153066635 137.56660625338554 85.733501851558685 170.79039743542671 166.33829125761986 1508.3118033111095 194.32003059983253 221.64781647920609 600.76389783620834 181.43149399757385 201.29686632752419 210.26628449559212 1121.1336118876934 87.971730887889862 1144.7597990036011 1149.2554951310158 1567.8661049902439 186.29773250222206 114.77788916230202 405.79786464571953 122.22088971734047 114.72958475351334 124.18859013915062 625.79234379529953 529.74091669917107 350.15614441037178 1494.5398018956184 182.87296411395073 196.11797270178795 150.84582060575485 157.68312636017799 114.41991558670998 698.90042150020599 100.34341010451317 787.69138434529305
leaf_count=38 104 159 3492 113 33 7623 733 72 103 96 92 76 95 101 114 1319 292 104 138 82 121 85 52 140 3185 110 99 1163 286 72 265 95 77 577 98 86 1099 126 96 79 152 1002 190 219 444 71 104 88 696 55 644 738 613 175 111 487 125 94 120 595 320 209 975 106 254 75 126 101 852 101 877
internal_value=-0.000692633 0.000496102 -0.00118303 0.00146894 0.0129502 -0.00242267 0.00127982 0.0025983 0.00983614 0.00165609 0.00744196 0.00034306 0.00734092 0.0148958 0.00462162 0.000135305 0.00149271 0.00288004 0.00091332 0.00380014 0.00898183 0.0156153 0.00636513 0.00113348 -0.00132889 0.00989086 -0.000521605 -0.00056112 0.00034967 -0.00422781 0.00024408 0.00182791 0.00335842 0.00545185 0.00111301 0.00913772 -0.00159679 0.00241712 0.00670618 0.000740183 0.00103209 -0.00207334 0.00146586 0.00533881 0.00017923 0.000763461 0.00435043 0.00834952 0.000352133 0.00446235 0 0.00153058 -0.00130594 0.00150859 -0.00142403 0.000272944 -0.000819611 0.00204016 -0.0015669 -0.00242744 -0.00247136 0.00189393 -0.00279941 -0.00107288 0.0013183 0.00351626 0.00820293 0 -0.00292197 0.000967703 -0.00036695
internal_weight=35667.8 21110.3 7708.48 13401.8 206.325 14557.5 13195.5 5763.84 649.649 5114.19 930.506 4183.68 488.462 387.995 478.462 5359.59 3346.26 2528.72 1635.76 897.571 441.79 241.015 892.964 371.577 8573.2 521.387 6347.02 3695.22 2968.56 2348.89 7431.62 1731.78 1184.25 819.171 1631.33 157.221 1784.31 357.948 223.3 6525 6187.41 2013.33 505.02 310.7 1474.11 6016.62 592.995 411.563 5423.62 440.608 4983.02 2270.39 2712.63 352.636 4615.24 1680.96 1566.18 644.716 529.986 2934.29 738.189 542.511 2807.85 1313.31 687.52 504.647 308.529 290.137 921.465 222.564 1388.46
internal_count=33609 16977 7776 9201 192 16632 9009 4596 390 4206 498 3708 430 197 318 4212 2763 1444 1038 580 288 167 406 192 9009 214 5824 3278 2115 3564 4413 1699 940 654 1600 184 1175 335 222 3680 3415 1449 447 257 1416 3336 263 192 3073 382 2691 1434 1257 327 4125 1890 1779 701 607 2235 458 301 2131 1156 561 455 201 204 1078 226 1321
is_linear=0
shrinkage=0.0955619


Tree=47
num_leaves=72
num_cat=0
split_feature=6 2 0 7 9 2 1 9 2 1 1 1 1 7 7 1 8 8 8 8 1 3 8 2 2 8 8 6 9 7 7 9 9 2 1 3 8 7 8 7 3 1 7 8 7 3 7 7 3 7 7 1 1 3 9 2 1 1 0 3 0 8 8 9 3 1 1 0 7 8 6
split_gain=9.73293 3.31264 2.95941 2.93561 2.66854 3.9279 2.31423 2.03828 3.04581 1.99003 3.06255 2.02383 4.20939 1.98854 3.57437 2.53087 1.90932 4.86328 1.66225 1.6407 1.63574 1.46175 1.47555 1.97312 1.37475 1.62416 1.99853 1.36686 1.30038 1.23363 1.11744 1.10656 1.98561 2.00481 1.08312 1.02054 0.957767 0.841218 0.721513 1.68092 3.14597 1.76895 1.12395 0.719962 1.7999 2.67559 0.562542 1.61729 0.544755 0.476667 0.537139 0.400894 1.80342 1.35498 0.387285 0.342233 1.11525 0.793698 1.37215 0.307977 0.28378 0.280067 0.326923 0.274282 0.263679 0.260573 0.215851 0.210345 0.456711 0.194028 0.19331
threshold=1.0000000180025095e-35 0.1159303052754759 -0.60355339059327384 6.7299999999999995 -2.2399668639384749 -0.97870382656940669 -0.04732095011389225 -0.95451780934105723 -0.8140159405215136 -0.78297285307474518 -0.73831951690629072 -0.59125596962661853 -0.56314550935064722 6.0450000000000008 6.3400000000000025 -0.99628894895067444 8.4700000000000024 7.8650000000000011 6.5650000000000004 6.0400000000000018 0.69636977696931246 1.0550000000000004 6.4000000000000012 -0.93533330245768853 -0.055914918885874271 6.4249999999999998 7.2299999999999995 -0.5 -3.045288073477884 6.3199999999999994 6.6949999999999994 -1.5134188966572955 -0.53810416157854124 0.74407637760383738 0.92591620288614507 0.99500000000000011 7.7700000000000022 12.410000000000004 8.0300000000000011 8.2700000000000031 3.1050000000000004 0.86095304316285726 7.2100000000000035 9.6750000000000007 10.285 2.6350000000000002 10.205000000000002 9.0000000000000036 2.7450000000000006 8.8000000000000007 9.4700000000000024 0.75548631800528565 0.90880922144842613 2.4150000000000005 3.0009297815938756 -0.51974381215551546 0.44437406304545285 0.54883787585413535 0.37940952255126048 3.1650000000000005 -0.5 7.3000000000000034 11.420000000000002 -0.83945320721057637 3.4050000000000007 0.83354805289222267 0.59125596962661842 -0.5 6.2600000000000042 5.7549999999999999 -0.98296291314453399
decision_type=2 2 2 2 2 2 2 2 2 2 2 2 2 2 2 2 2 2 2 2 2 2 2 2 2 2 2 2 2 2 2 2 2 2 2 2 2 2 2 2 2 2 2 2 2 2 2 2 2 2 2 2 2 2 2 2 2 2 2 2 2 2 2 2 2 2 2 2 2 2 2
left_child=1 4 7 51 5 6 -1 -2 16 24 29 63 -13 15 -15 -7 17 18 -9 -14 64 -21 23 -23 35 -26 -27 31 -16 -11 -24 37 33 -33 46 -6 60 -5 42 40 41 -40 -34 -41 45 -45 47 61 -38 -36 -51 67 53 -53 -46 56 -4 58 -58 -29 -17 -22 -63 -12 -10 -59 -62 68 -3 -37 -69
right_child=2 3 55 27 9 13 -8 8 20 10 11 12 19 14 28 36 -18 -19 -20 21 34 22 30 -25 25 26 -28 59 -30 -31 -32 32 38 -35 49 69 48 -39 39 43 -42 -43 -44 44 54 -47 -48 -49 -50 50 -52 52 -54 -55 -56 -57 57 65 -60 -61 66 62 -64 -65 -66 -67 -68 70 -70 -71 -72
leaf_value=-0.00017019940891675452 -0.058912925515719236 -0.064546255861917909 -0.085568186897726273 -0.03777801461509004 0.00069277872649765838 0.00022025574274870771 -0.0008843145012897844 0.022721098871172258 -0.044758107200123722 -0.00017018277608109075 -0.0024215097986840721 0.010269044692532217 -0.0082531182168333085 -0.0014928379651992789 -0.045986052049520679 -0.0094144844235366284 -0.10262554768153528 0.018532180424147286 -0.012583265169317993 -0.028871009597043796 0.012624329235122697 0.0065974314054360562 0.00024399695189432919 -0.015511146462254146 -0.09624799374343905 0.0012515785003281859 -0.0064133478701142712 -0.065224627433500854 0.029156690690187261 0.00069476294486843222 0.0024763728132137569 0.0076137383010254876 3.1953025529876773e-05 -0.0079097740803567348 -0.042479903589207224 -0.0030778236996496602 0.00021145436858382611 0.00034949492539267899 -0.017825795658033605 -0.031926281841467244 0.022170126491052756 0.0088398464085013735 -0.0049983074968146394 0.026529161860226493 0.0013525271252193233 0.0011283199206250281 -0.0094951901340835244 0.039383396378860049 -0.012278596916375447 0.0075694675147849957 -0.029979772568708582 -0.023373400519577581 -0.017592056893562687 0.024153686195013999 -0.0013814250678430644 -0.11475754015195253 0.014825030071410596 -0.024355687400471199 -0.027955278434530967 0.0056542283555749582 -0.034719415380725052 -0.0046740249602110762 0.042128078698176419 -0.041578093078570209 0.037197898150921255 0.026140987948020857 -0.02121213948468793 -0.0026673728410137923 0.0028918752435812775 -0.02592100485336819 -0.046128993460776133
leaf_weight=173.82345074415207 1473.2404945194721 163.44828581809998 1516.6520572006702 671.11084535717964 246.24335587024689 108.78063943982124 243.40093985199928 68.714526861906052 1083.6090047359467 188.30516603589058 158.52940586209297 169.30689385533333 757.11881092190742 135.20074039697647 155.76935911178589 198.24756023287773 102.22658452391624 115.87205272912979 160.37128049135208 360.51415514945984 58.53753188252449 139.65500524640083 3375.7210351526737 153.97273871302605 213.15129464864731 207.68268918991089 166.66698718070984 781.56308543682098 137.95296889543533 154.43828094005585 5760.9821332991123 184.72680461406708 189.36678758263588 117.31190332770348 225.26879677176476 189.11331608891487 102.63004770874977 152.33544102311134 202.26743486523628 277.30388063192368 122.44821459054947 166.69027334451675 438.16159525513649 131.74951732158661 662.47332176566124 221.22933894395828 58.878206968307495 63.008155405521393 120.79032164812088 66.181067556142807 72.635926842689514 148.32254555821419 667.17448437213898 114.93276765942574 265.80002054572105 5176.574086278677 87.097583919763565 322.29380524158478 60.653649747371674 153.12075960636139 526.507697224617 100.17587402462959 50.869056820869446 686.59936192631721 46.007195234298706 54.870881766080856 123.61628487706184 389.18808141350746 79.506085932254791 1320.7580119967461 2128.3226562440395
leaf_count=95 2289 209 2784 723 153 79 127 92 1778 111 98 83 448 69 96 149 161 101 215 161 61 83 1932 95 189 143 100 1119 82 65 2083 104 109 163 296 166 75 152 200 194 93 48 205 112 562 151 79 75 96 58 102 147 373 144 212 7560 112 560 112 199 352 140 78 354 75 72 55 290 86 1146 2529
internal_value=-0.000661023 0.000387296 -0.00303122 -0.00114456 0.00118641 0.00443762 0.0127194 -0.000819651 0.000942777 0.000716666 0.00122247 0.000948449 0.00131009 0.00221573 0.00777143 0.000105527 0.00800508 0.0114417 0.00281824 0.00105858 -0.000745173 0.00139688 0.00163288 0.00833684 -0.00181131 0.00208861 0.00597168 0.000412222 0.00145461 0.010119 0.00140489 0.00123431 0.00210562 0.00946412 0.00282532 -0.00317043 -0.00123628 -0.00180174 0.00123226 0.00211904 0.00699277 0.00224832 -0.00151275 0.000513349 0.00152243 0.00732539 0.00678009 0.00862901 0.00413468 -0.000542102 0.00350405 -0.0031671 -0.00128828 0.00522477 -0.000597739 -0.00416517 -0.00297381 0.000668518 0.00666199 -0.00282688 -0.00276905 0.00392233 0.000973212 -0.00351712 -0.00302784 -0.00146206 -0.00373724 -0.00376468 -0.000586061 -0.00412289 -0.00403335
internal_weight=35667.8 24704 10963.7 8428.55 16275.5 2026.72 417.224 3745.6 2272.36 14248.8 11905.1 11562.4 10717.3 1609.5 428.923 1180.57 447.184 344.958 229.086 10548 1825.17 9790.85 9430.33 293.628 2343.62 587.501 374.35 4737.66 293.722 342.743 9136.7 3802.98 2979.53 302.039 695.555 1756.11 1071.79 823.446 2677.49 2049.96 491.406 368.958 627.528 1558.56 1281.25 352.979 331.469 272.591 223.42 364.086 138.817 3690.89 930.43 263.255 928.273 7218.14 2041.57 524.916 147.751 934.684 848.372 209.582 151.045 845.129 1129.62 377.165 650.124 2760.47 242.954 1509.87 2517.51
internal_count=33609 16809 16800 8124 8685 1275 222 5600 3311 7410 5513 5337 4885 1053 247 806 569 408 307 4802 2742 4354 4193 178 1897 432 243 4346 178 176 4015 3028 2153 267 889 1465 727 875 1886 1572 341 248 314 1231 1037 263 433 354 171 456 160 3778 664 291 774 11200 3640 856 224 1318 556 279 218 452 1853 632 407 3114 295 1312 2819
is_linear=0
shrinkage=0.0955619


Tree=48
num_leaves=72
num_cat=0
split_feature=6 0 0 2 9 1 2 1 9 4 1 9 2 2 9 7 2 1 1 2 4 3 1 9 3 7 9 1 1 1 3 2 7 9 4 1 1 1 3 9 3 2 9 7 7 9 9 3 3 9 9 3 7 5 3 2 1 1 0 1 2 1 7 7 3 4 1 9 9 2 1
split_gain=10.0217 3.34758 2.75041 2.67374 5.93894 4.27103 2.4351 1.88574 1.53393 1.57118 3.69749 2.72856 1.43653 1.35991 1.35552 2.85227 1.43153 1.33721 2.51761 2.71273 2.2437 2.44071 2.20513 2.1305 1.33356 1.30732 1.59455 1.85708 3.08002 6.21673 1.8379 3.12509 1.24608 1.06956 2.47948 1.07723 0.995805 0.906522 1.46407 0.848276 0.679038 0.683498 1.1127 0.675359 0.872348 0.6655 0.792056 0.662963 0.653858 0.645698 0.615553 0.539858 0.528733 1.19679 0.827046 0.43941 1.18122 0.772357 1.37215 0.429636 0.362651 0.343616 0.327849 0.274117 0.258158 0.247175 0.405877 0.205839 0.999374 0.198712 0.179392
threshold=-0.12940952255126037 0.78656609248549303 -0.60355339059327384 -0.9668120007078248 -2.3197953995181115 -0.04732095011389225 -0.61186373645567615 0.4749466738948262 -1.7388759390300501 1006.35 0.1670500785599974 1.0000000180025095e-35 -0.97502841500522164 -0.04732138832243208 0.44469250106146069 7.5400000000000018 -0.99862982478704421 -0.833548052892222 -0.73831951690629072 -0.63872576220844923 1008.7500000000001 2.2550000000000003 -0.99273952934267318 -1.9508865700070002 1.0250000000000001 3.9000000000000008 1.2692251921440951 0.2843565540399125 -0.54883787585413535 -0.57728627067906269 3.5650000000000004 -0.93533330245768853 14.035000000000002 5.0937704837932047 1005.5500000000001 0.99906486341235867 0.44437406304545285 -0.21772121422198129 2.1950000000000007 0.61231149456603273 2.1850000000000005 -0.24284072672761489 -0.56388004516718826 3.1200000000000032 4.5950000000000015 1.7865158696092005 -0.53810416157854124 2.7150000000000003 2.1650000000000005 3.8325567343025146 0.4914469144387788 2.3550000000000004 6.9800000000000031 -0.91597561503675329 4.7150000000000007 -0.42889193791248376 0.44437406304545285 0.54883787585413535 0.37940952255126048 0.53436760985011655 -0.49749486057528974 -0.99762106698677366 8.5300000000000047 6.0700000000000029 3.1650000000000005 1009.6500000000002 -0.92913280730858783 -1.0000000180025095e-35 0.58819321032125071 0.49751328890718055 0.44437406304545285
decision_type=2 2 2 2 2 2 2 2 2 2 2 2 2 2 2 2 2 2 2 2 2 2 2 2 2 2 2 2 2 2 2 2 2 2 2 2 2 2 2 2 2 2 2 2 2 2 2 2 2 2 2 2 2 2 2 2 2 2 2 2 2 2 2 2 2 2 2 2 2 2 2
left_child=1 3 6 4 5 -1 8 61 59 37 67 -12 14 43 15 16 -6 22 19 -19 63 -22 23 -5 69 -26 27 28 29 -27 32 -32 -29 35 -35 48 -8 38 -10 -30 41 42 -24 51 49 46 -25 -13 -28 -45 -38 -9 -52 -54 62 56 -4 58 -58 -2 -42 -3 -55 -21 -39 -43 -67 -11 -69 -20 -71
right_child=2 7 55 17 12 -7 36 13 9 10 11 47 -14 -15 -16 -17 -18 18 24 20 21 -23 40 45 25 26 33 30 39 -31 31 -33 -34 34 -36 -37 50 64 -40 -41 60 65 -44 44 -46 -47 -48 -49 -50 -51 52 -53 53 54 -56 -57 57 -59 -60 -61 -62 -63 -64 -65 -66 66 -68 68 -70 70 -72
leaf_value=-0.00024923339087190447 -0.069021885827689283 0.0031487367739243817 -0.082317400215812964 0.0023249780414020802 0.0011533334485928643 0.0010723165105702055 -0.063911819901618996 -0.00065525542282050429 0.038010507517652989 -0.030147052693225446 0.016845430465273498 0.0067522117528805029 0.0066936498060001888 -0.037465950477371224 -0.040883900280384335 0.0044279097839685653 -0.041863633246346281 0.0007413526205871828 -0.035740161652646554 -0.059545890767501032 0.0073977957990978881 -0.003804791735785486 -0.075098721405118793 -0.00047779337266476082 -0.04610240801266148 0.00061839285263153672 -0.0022948721096868866 0.0023635099073546243 -0.022791697980065594 0.0097101516843982709 0.0053545733646227127 0.0049913281677036051 0.0031352007648189966 0.026963489896538701 -0.0010971585494412633 0.0046905292902977526 -0.013376014272069942 -0.010750613903999392 -0.048274091870030844 0.0012853906133858369 -0.023911834147827167 -0.022038279249262296 0.004442552192510307 0.04089447854958405 -0.0029278191188335727 0.001629892478735294 -0.0087564632613525012 0.0083583939170900814 -0.00043967939841743078 0.00063404591731284164 -0.055419460015032965 -0.0060244613949410677 -0.00059743618849310103 0.0013403053795970341 -0.0034917732650731185 -0.10479376118291621 0.013408322722987838 -0.018081191580130721 -0.025283820218619295 0.0049475291906054602 -0.022664781620927603 -0.067612859629435168 0.015316458146066863 -0.024669743773400747 0.00056722586490981985 0.024810543910776021 -0.031699283090736233 0.029276208839049217 -0.044940145523700327 -0.063725505700718291 -0.0017202049932379289
leaf_weight=185.56687036156654 345.12436640262604 63.449262320995331 1617.2662092745304 181.54685133695602 160.75608140230179 229.64464116096497 1959.4656846523285 149.79631441831589 84.465586960315704 113.67959886789322 128.30834710597992 102.29798924922943 258.08060747385025 624.3132472038269 519.57926499843597 246.12180197238922 437.66760820150375 258.54984760284424 444.76433590054512 106.11632442474365 89.716640651226044 143.62385901808739 144.46886211633682 168.53889784216881 521.64617377519608 881.14328742027283 1170.7642322182655 2970.2075007557869 1232.0828280448914 170.92207419872284 184.40909588336945 1356.1379124820232 165.91940230131149 228.5576673746109 435.42962038516998 206.68971341848373 684.40028789639473 269.96451044082642 95.37499675154686 207.94621488451958 106.55912417173386 507.15792235732079 258.7995597422123 96.279542654752731 223.71684044599533 138.48399257659912 293.48772981762886 75.314128547906876 3579.8747600018978 106.03498259186745 150.68608298897743 166.69313564896584 359.11609423160553 70.14424791932106 59.198835074901581 4983.2437143325806 87.097583919763565 469.88090687990189 60.653649747371674 48.310176849365234 1157.3059422075748 1960.4369997382164 75.871908634901047 237.50525116920471 69.591689556837082 133.34437417984009 127.39472687244415 72.755296975374222 133.47899731993675 119.74776354432106 195.10002309083939
leaf_count=91 571 96 2976 99 83 102 3125 105 92 179 127 126 104 771 221 109 250 96 160 75 83 156 69 104 327 503 620 1403 1205 104 67 656 133 51 185 63 992 310 148 179 67 382 128 115 142 67 178 66 1530 72 201 115 379 98 89 7248 112 752 112 55 868 2787 86 166 67 125 89 94 195 150 158
internal_value=-0.000629468 0.000516075 -0.00286369 0.000986575 0.00427431 0.0144634 -0.00108865 -0.00225255 0.00202369 0.00382655 0.0070411 0.0145065 0.00158988 0.000428052 0.000275831 0.00269878 -0.000726757 0.000611258 0.000995945 0.0060986 0.00223566 0.00949962 -0.00114152 0.00321321 0.000685247 0.000913149 0.00111031 0.00205542 -1.45642e-05 0.00387261 0.00317789 0.00590579 0.00180428 -7.87144e-05 0.00349571 -0.00057793 -0.0025427 0 0.00537773 -0.00292126 -0.00258048 -0.000818484 0.00223692 0.00324559 0.00571851 0.000293669 -0.00128844 0.00598149 -0.000890288 0.0102936 -0.000516182 0 0.00135761 0.00279225 0.00858563 -0.00405428 -0.00282133 0.000601424 0.00666199 -0.00297839 -0.00413428 -0.00410736 0.0124059 -0.00246053 -0.00296252 -0.00254675 0 0 0.00163503 -0.00317528 -0.000929508
internal_weight=35667.8 23552.1 12115.7 20161.4 2037.42 415.212 4897.55 3390.72 1538.67 1145.23 625.834 305.92 1622.21 1366.83 1364.12 844.545 598.424 18123.9 14906.9 835.512 576.962 233.34 3217.09 782.057 14071.3 13311.7 12790.1 7168.77 2492.09 1052.07 4676.67 1540.55 3136.13 5621.32 663.987 4957.33 3358.88 519.397 179.841 1440.03 2435.03 1171.17 403.268 742.521 426.031 600.511 462.027 177.612 4750.64 202.315 1399.42 316.489 715.017 564.331 205.215 7218.14 2234.9 617.632 147.751 393.435 1263.87 2023.89 146.016 343.622 339.556 767.897 260.739 319.914 206.234 759.612 314.848
internal_count=33609 15409 18200 11206 960 193 7000 4203 2030 1404 787 319 767 1320 663 442 333 10246 8070 576 480 239 2176 448 7494 7026 6699 4250 1991 607 2259 723 1536 2449 236 2213 4970 617 240 1384 1728 793 197 549 329 349 282 192 2150 187 1845 220 853 652 273 11200 3952 976 224 626 935 2883 184 241 377 596 214 468 289 468 308
is_linear=0
shrinkage=0.0955619


Tree=49
num_leaves=72
num_cat=0
split_feature=6 0 2 2 1 9 8 7 8 3 3 4 7 8 7 1 1 9 9 1 0 2 8 9 8 4 6 4 2 1 1 0 2 1 1 8 8 3 6 9 7 3 7 7 1 1 2 9 8 1 2 4 3 3 3 8 7 6 8 2 2 9 9 1 1 3 7 4 4 8 1
split_gain=9.48062 4.69663 3.51692 2.34674 1.9823 3.12087 2.78227 1.95168 1.85844 2.21531 2.7754 1.78207 3.92396 3.77791 4.64183 3.02767 2.46912 2.30696 1.93095 3.20423 2.19169 3.17039 2.07322 1.86398 1.48204 1.47771 1.45938 1.56722 1.43644 1.85205 1.33604 1.30842 1.46692 1.45277 1.24991 2.34127 3.86962 1.23428 1.66057 3.1984 1.16476 1.29575 1.0165 2.04508 0.985717 0.875349 1.30005 0.783421 1.13113 1.0268 1.29074 0.763381 1.1299 0.697097 0.624131 0.617386 0.776639 1.92834 2.30914 0.598729 0.847193 0.663897 0.674108 0.54204 0.489503 0.477345 0.728972 1.33839 0.463087 0.967792 1.2892
threshold=-0.5 -0.60355339059327384 -0.61186373645567615 -0.25950218452349683 0.1670500785599974 0.052929531204382492 5.9200000000000008 6.200000000000002 7.2750000000000012 2.2250000000000005 1.655 1007.7500000000001 7.4750000000000005 6.4000000000000012 4.4400000000000039 0.89391031859722891 0.92913280730858816 -0.53810416157854124 -2.3197953995181115 -0.2008886948310977 -0.5 -0.96227343267549392 6.0900000000000025 -3.515639380261264 7.71 1006.5500000000001 -0.98296291314453399 1009.4500000000002 -0.04732138832243208 -0.99628894895067444 0.49002412863433359 0.60355339059327384 -0.012910296075008829 0.83354805289222267 -0.413274780713969 7.4700000000000015 7.2299999999999995 3.4250000000000003 0.1294095225512602 -0.89878824880347341 14.330000000000002 2.3550000000000004 6.8700000000000001 7.9000000000000012 0.9821165111257959 0.44437406304545285 -0.04732138832243208 -1.0000000180025095e-35 6.5949999999999998 -0.23448921811828094 -0.99463397642532658 1006.2500000000001 4.3050000000000006 2.7150000000000003 2.5650000000000004 13.609999999999999 8.1600000000000037 0.37940952255126048 10.130000000000003 0.081673369964559248 0.18399153619612912 -1.2860132551925998 -0.53810416157854124 -0.97505550290239429 0.4749466738948262 3.6050000000000004 7.4750000000000005 1005.1500000000002 1006.35 12.615000000000004 0.56314550935064711
decision_type=2 2 2 2 2 2 2 2 2 2 2 2 2 2 2 2 2 2 2 2 2 2 2 2 2 2 2 2 2 2 2 2 2 2 2 2 2 2 2 2 2 2 2 2 2 2 2 2 2 2 2 2 2 2 2 2 2 2 2 2 2 2 2 2 2 2 2 2 2 2 2
left_child=3 2 4 11 47 6 -6 28 9 10 -9 15 13 14 -13 18 -17 -16 19 -1 21 -20 -21 -24 64 -7 -26 -28 29 -5 63 32 -10 -33 35 36 51 38 -8 -40 59 -42 -23 -44 -31 -3 68 -2 -49 -50 -51 52 -22 -27 -37 56 -32 -58 -59 -34 -61 -62 -63 -4 -15 -36 -67 -68 -47 70 -70
right_child=1 45 30 7 5 25 37 8 31 -11 -12 12 -14 24 17 16 -18 -19 20 22 34 42 23 -25 26 53 27 -29 -30 44 55 33 40 -35 65 54 -38 -39 39 -41 41 -43 43 -45 -46 46 -48 48 49 50 -52 -53 -54 -55 -56 -57 57 58 -60 60 61 62 -64 -65 -66 66 67 -69 69 -71 -72
leaf_value=-0.016052245891439783 -0.030630431124599976 -0.1075296794992799 -0.0053364265204554817 0.0023561606666767133 -0.017224830299571007 -0.016430595002806751 0.010397810724684682 0.022498152849940903 -0.006410811456481323 -0.013075449729516912 0.0022832541325819959 -0.01004023298397253 0.0024867557193240324 -0.011060219540208327 0.0099639430284510638 0.017513007654659424 0.0021555353890846461 0.0022944197954864625 0.0039349406161865805 -0.0055462610905349435 0.0032625724820476969 -0.039219462833219872 0.0039684886401643764 0.022502444124291997 0.0025833955848093577 0.006888187286999377 -0.0099616059683711629 -0.046007720674308576 -0.014284836403805946 -0.03819905806084109 -0.013473334782386701 -0.0065575448640314143 -0.0017516954643128529 0.0073631220595052277 -0.0082821438809429857 -0.0021313575541462688 -2.1297406011261679e-05 0.0066396279112889483 -0.01168231950559334 0.012713330616331694 0.0075349023396246032 -0.0040756407326223891 0.0050721576966912653 -0.017291857320582978 0.0023820912468345999 -0.042610504891265409 -0.063996692393428742 0.016216611630228681 -0.033797814144874393 -0.0087040286397630819 -0.024122968673019274 -0.010470527464800415 -0.011921095201886662 0.015461949590920008 -0.036780449160358081 -0.016458599326508592 -0.00046500617833714227 0.0053824460448109431 0.015822907408046413 -0.017862936442115802 -0.0020663048254729519 0.0062100242467081502 0.00061340907120525001 -0.060780714976262265 -0.0073377615673815514 -0.018625165025124454 -0.01115386641166807 0.0069625533513966191 0.010580330244207301 0.0094379723012482358 -0.0081356810479143379
leaf_weight=432.95961272716522 572.45375406742096 6154.8477621376514 375.57093200087547 174.00093871355057 111.4881058037281 264.10126969218254 151.04058361053467 224.16806373000145 942.34298115968704 251.57178619503975 152.35565406084061 277.23654699325562 296.6047300696373 751.59215521812439 178.23665979504585 365.46546494960785 504.96887212991714 185.69961249828339 252.67896419763565 262.72688370943069 204.1614283323288 251.9114550948143 168.1520134806633 255.66072651743889 166.77400785684586 91.180078566074371 418.20364856719971 214.93695038557053 2774.4061866700649 347.70589065551758 712.14144447445869 155.71764358878136 349.84742161631584 154.04421496391296 1855.3138858675957 159.66430199146271 177.42144030332565 82.779800921678543 116.30974024534225 63.047183692455292 123.70285701751709 132.62519747018814 233.95157480239868 304.11280310153961 248.35867136716843 407.20514979958534 1673.2693566381931 73.624786853790283 258.36555483937263 117.16198545694351 73.55017077922821 337.43393900990486 182.64562755823135 68.2177714407444 566.85787081718445 300.42609572410583 586.14685818552971 59.778172671794891 130.79713228344917 380.06983160972595 763.70850592851639 174.59029126167297 2146.9307830035686 2053.5129100084305 400.7742879986763 740.63921529054642 328.67261606454849 320.95985811948776 127.14582103490829 142.08447679877281 608.95963275432587
leaf_count=229 863 9450 624 77 107 238 93 123 253 157 76 214 87 431 60 84 113 95 97 80 80 100 73 128 44 113 259 115 2366 266 912 214 103 82 663 64 64 82 168 63 95 126 91 124 65 624 2642 96 346 125 82 187 87 60 283 366 608 58 198 109 810 160 1589 3198 102 351 122 109 182 137 967
internal_value=-0.000567106 -0.00235831 -0.000326674 0.000785558 0.00290701 0.00610103 0.011008 -0.00030179 0.00074384 0.00565305 0.0102915 0.00175047 0.00379178 0.00254939 0.00890526 0.00099146 0.00630531 0.0159668 0.000318689 0.00396027 -0.000355969 0.00359259 0.00804023 0.0121782 0.000405066 0 0.00359755 0.0013157 -0.00208322 0.00148301 -0.00191604 0.000144588 -0.000211107 0.00615592 -0.00122135 0.00089722 0.00418892 0.0146307 0.0172998 0.00995119 0.000555932 0.00676516 0.00047555 0.00292346 -0.000916615 -0.00374344 -0.00232118 4.85207e-05 0.00279828 0.000744471 0.00618119 0.000931375 0.00390706 0.00719138 -0.0030599 1.41989e-05 0.000864791 0.00298803 0.0112766 0.000109926 -0.00024621 0.000250939 0.001082 -0.00337489 -0.00173299 -0.00231287 -0.000878336 0.00135804 0 0.00119988 -7.90148e-05
internal_weight=35667.8 15375.2 6261.69 20292.6 2043.32 948.165 524.665 9496.15 5951.68 628.096 376.524 10796.4 2890.06 2593.45 641.173 7906.36 870.434 363.936 7035.92 1119.5 5916.42 1042.65 686.54 423.813 1952.28 423.499 799.915 633.141 3544.47 770.066 4218.37 5323.58 5013.82 309.762 4873.77 1628.18 901.662 413.177 330.398 179.357 4071.47 256.328 789.976 538.064 596.065 9113.51 2958.66 1095.16 522.702 449.078 190.712 724.241 386.807 159.398 726.522 1789.29 1488.86 776.722 190.575 3815.15 3465.3 3085.23 2321.52 2429.08 1152.37 3245.59 1390.27 649.632 1285.4 878.19 736.105
internal_count=33609 22402 8400 11207 2436 924 513 6671 3897 356 199 4536 1407 1320 369 3129 197 155 2932 510 2422 412 281 201 951 411 418 374 2774 408 5964 3541 3245 296 2010 765 418 406 324 231 2992 221 315 215 331 14002 4552 1512 649 553 207 354 167 173 347 2142 1776 864 256 2771 2668 2559 1749 3822 533 1245 582 231 1910 1286 1149
is_linear=0
shrinkage=0.0955619


Tree=50
num_leaves=72
num_cat=0
split_feature=6 0 3 0 1 1 1 4 9 9 1 4 4 4 4 7 8 0 9 4 3 3 7 8 1 9 3 1 8 3 7 8 0 4 9 9 7 8 9 3 8 3 3 8 9 1 8 4 8 9 9 9 1 3 4 3 9 6 9 7 7 1 3 1 1 3 1 3 7 9 8
split_gain=9.31519 3.31857 2.32021 2.29324 2.06822 3.60639 2.75155 2.2659 2.94149 1.85391 1.7832 1.77164 2.34166 1.74632 2.23049 3.09353 2.8463 2.05298 2.14136 2.11471 2.62879 1.94293 1.93322 1.68498 1.64113 1.25389 1.13465 1.51142 1.48583 0.99738 0.768408 1.81723 0.994382 0.822159 0.696009 2.14128 0.741619 0.990276 1.0591 0.680011 1.79044 0.653857 0.636207 1.14296 1.1474 0.907155 1.43188 2.17314 1.20441 1.30339 0.659936 0.633848 0.674349 1.51406 1.36829 0.857563 0.599791 0.77794 0.641385 0.577697 1.07703 0.421801 0.358605 0.352139 0.536659 0.337752 0.328743 0.313235 0.329485 0.325817 0.287888
threshold=1.0000000180025095e-35 0.78656609248549303 1.2150000000000001 -0.60355339059327384 -0.833548052892222 -0.74981945761428159 -0.7721494341254892 1008.1500000000002 -0.75856680626645623 1.4489232199185376 -0.99273952934267318 1006.85 1005.35 1009.5500000000001 1007.85 5.3600000000000021 6.8899999999999997 -0.5 -3.8302991802175472 1004.35 2.3550000000000004 1.9350000000000003 8.5850000000000009 5.2650000000000015 0.4749466738948262 -1.7111420489786473 2.5950000000000002 0.23448921811828119 6.2300000000000031 3.6650000000000005 5.335 6.5650000000000004 -0.98296291314453399 1007.7500000000001 -0.022338874824509244 0.07542098150684852 6.9299999999999988 9.2800000000000047 1.4489232199185376 2.3350000000000004 5.7549999999999999 1.7050000000000003 5.3850000000000007 12.725000000000003 4.8960588737313513 0.823915376013162 7.3900000000000032 1008.0500000000001 8.0800000000000018 3.3082446915396706 2.8498708428163657 -1.0000000180025095e-35 0.90149333598846393 2.5150000000000001 1010.4500000000002 3.4850000000000008 -1.4795175621563066 -0.9159756150367534 -2.636564904237225 6.5000000000000027 6.8100000000000014 -0.85206963063867713 3.1250000000000004 0.45972848220565493 0.79356426026969662 1.4150000000000003 -0.99762106698677366 2.1650000000000005 6.955000000000001 1.2421757658246018 12.615000000000004
decision_type=2 2 2 2 2 2 2 2 2 2 2 2 2 2 2 2 2 2 2 2 2 2 2 2 2 2 2 2 2 2 2 2 2 2 2 2 2 2 2 2 2 2 2 2 2 2 2 2 2 2 2 2 2 2 2 2 2 2 2 2 2 2 2 2 2 2 2 2 2 2 2
left_child=1 2 59 25 10 6 7 -6 -9 13 11 12 -4 14 17 29 -17 19 -19 20 -7 -18 -20 -21 66 -2 65 28 -28 -16 63 33 -33 -32 -34 -36 -37 38 -38 40 -12 -13 43 45 -45 46 47 -11 -47 -50 -48 -26 53 54 -53 -54 58 -58 -29 -1 -61 -62 -39 -27 -65 -15 -3 68 -42 -70 -55
right_child=3 24 4 -5 5 9 -8 8 -10 42 39 41 -14 26 15 16 21 18 22 23 -22 -23 -24 -25 51 30 27 56 -30 -31 31 32 34 -35 35 36 37 62 -40 -41 67 -43 -44 44 -46 48 50 -49 49 -51 -52 52 55 70 -56 -57 57 -59 -60 60 61 -63 -64 64 -66 -67 -68 -69 69 -71 -72
leaf_value=-0.02334323658522508 -0.060145121741174166 0.0026226785724334906 -0.0028927545479803174 -0.065103798964554732 -0.015189132444288997 0.003800550072442491 -0.017342560607652151 -0.0026528354108108589 0.0080559341628361186 0.0033666837157915949 0.0057929675126949434 0.005624860582892327 0.0040975055109934485 0.00065947717113447638 -0.0042045807041194393 0.0030178537318399116 -0.0073971485186094046 0.0002063087360709944 -0.0016072556684504065 -0.052294105973925899 -0.045732409562391989 0.0065199376892910391 0.0037281589120286797 0.007163799082082466 -0.049851676203045731 -0.051087459660524463 0.012418133269570874 0.0051233024772383545 -0.072298162077402237 0.00011412967679102931 0.022533315127938162 -0.010373193487224524 -0.01115086246667394 0.013187514320447222 0.0091726704063808066 -0.0091549410342557109 0.036683388568286207 -0.0056520010969546529 0.0024997601551195671 -0.026018983259986025 -0.020588641694634473 -0.014501404526398682 0.0028095477943105634 -0.0051762712374147871 0.014408326985933816 -0.018139126547350743 -0.010204538657924256 -0.011494584842907671 0.0021908090564138425 -0.00059733122716279985 0.0019871221879009682 0.041383109443246649 -0.015176016784425395 -0.01428143873510535 0.0019308430417106165 0.0029084004770699085 -0.0068398155352777735 0.023213782270819005 0.0040269964759191207 0.0013223816771515326 -0.0024724826617798647 -0.01026013564748403 0.030935832354025958 0.010114423125503385 -0.035187010415887239 -0.031730878549369027 -0.056726378891043476 -0.0023369508348163597 -0.048671488454808502 0.018260423995590937 0.0023727610497573134
leaf_weight=788.75287359952927 1124.2015832960606 63.449262320995331 139.48003152012825 7218.1420641541481 261.10755914449692 92.506205052137375 242.8460148870945 89.401523679494858 98.842361509799957 282.644929677248 131.80358955264091 101.40146601200104 164.82782733440399 89.233492761850357 476.71574318408966 270.87128534913063 178.43231612443924 277.31262469291687 3209.6253008544445 117.40590623021126 420.7406060397625 762.0687460899353 678.84024664759636 1271.243834644556 317.72974348068237 644.74776521325111 60.957549482584 242.14903962612152 543.82169279456139 165.07391732931137 62.571201711893082 625.79808095097542 335.45418632030487 69.848141729831696 56.459029585123062 233.78605279326439 69.399672567844391 119.1588796377182 80.507919400930405 1132.6405675411224 471.03378054499626 234.10779616236687 253.23833203315735 1012.7607103288174 227.74676769971848 539.85850459337234 1036.4256257116795 176.8112311065197 820.28163501620293 866.20921498537064 558.3281831741333 124.69140020012856 408.59115323424339 164.89838898181915 90.425031989812851 148.60485258698463 183.41319555044174 115.8153215944767 87.810658276081085 127.23489969968796 253.05266445875168 829.90429255366325 139.02673798799515 98.388597249984741 86.247906923294067 908.38443332910538 1960.4369997382164 134.26473453640938 94.45870840549469 91.424517273902893 111.89349249005318
leaf_count=529 1736 96 89 11200 191 74 133 107 82 134 122 56 84 79 213 102 109 115 1253 63 318 487 311 772 398 1113 46 213 748 98 77 815 531 92 60 351 71 175 104 854 326 172 92 428 55 154 632 112 297 245 537 111 307 190 132 108 100 103 77 58 136 596 215 136 124 826 2787 107 89 82 74
internal_value=-0.000495957 0.000529703 0.000974583 -0.00281515 0.0012984 0.0016989 0.00846568 0.0037249 0.0117105 0.0013976 -0.00113546 0.00319756 0.00849108 0.00217509 0.0028408 0.00576642 0.00860638 0.00192976 0.000714227 0.00453843 -0.000535198 0.00593771 0.000108625 0.00647848 -0.00223772 -0.000863243 -0.000146426 0.00174468 -0.00154689 0.000247659 0.000249222 0.00139358 0.000466669 0.0120856 0.00233158 0.00407448 0.00229868 0.00480973 0.0109783 -0.00253194 -0.00048703 -0.00135482 1.40422e-05 -0.000185452 -0.00274892 0.000536782 -0.000880093 0.00373075 0.00188563 0.00316351 -0.00227102 0.000256858 0.00145288 0.00405169 0.0100337 -0.000682206 0.00505021 0.00152936 0.0079248 -0.00210505 -0.000696136 -0.00174866 0.000795715 -0.00210741 0.00120689 -0.00257767 -0.00396684 -0.00230829 -0.0032145 0 -0.000311912
internal_weight=35667.8 24704 21313.3 10963.7 19314.4 16618.9 692.197 449.351 188.244 15926.7 2695.44 639.817 304.308 10152.4 7920.84 1853.16 1211.37 6067.67 4165.78 1901.9 513.247 940.501 3888.47 1388.65 3390.72 3745.6 2231.59 1233.97 604.779 641.79 2621.39 1792.01 1659.59 132.419 1033.79 698.338 641.879 408.093 149.908 2055.63 922.985 335.509 5774.31 5521.07 1240.51 4280.56 2054.21 459.456 2226.35 1686.49 1594.75 1366.83 1049.1 491.908 215.116 557.196 629.188 299.229 329.96 1998.94 1210.19 1082.96 258.186 829.384 184.637 997.618 2023.89 791.182 656.917 185.883 276.792
internal_count=33609 16809 12606 16800 11287 9306 513 380 189 8793 1981 401 173 6107 3915 1009 698 2906 1679 1227 392 596 1564 835 4203 5600 2192 1287 794 311 3864 2491 2322 169 1507 976 916 565 175 1580 726 228 2686 2594 483 2111 1415 246 696 542 1169 1320 922 507 243 415 493 203 290 1319 790 732 390 1373 260 905 2883 604 497 171 264
is_linear=0
shrinkage=0.0955619


Tree=51
num_leaves=72
num_cat=0
split_feature=6 2 1 4 1 1 9 5 2 7 5 4 2 7 9 9 9 6 9 9 3 1 1 9 4 4 1 1 2 0 1 2 2 2 6 7 4 7 7 3 3 0 7 0 4 2 1 1 1 4 9 7 9 7 9 9 5 1 1 9 2 6 1 3 4 1 1 0 7 7 3
split_gain=8.82982 4.33107 3.51206 1.95977 2.02035 3.93658 2.78965 1.95557 1.85092 1.99794 1.66392 1.48664 2.449 1.95878 2.44914 1.44872 1.26003 3.29554 1.10245 1.13192 1.35932 0.995674 2.84563 1.18133 1.88195 4.13967 1.3817 1.64527 1.24056 2.00255 2.41168 1.7254 0.968703 1.54664 1.27531 1.26957 2.68333 0.961667 0.926639 1.43475 0.918472 0.904191 0.865362 0.835078 0.908121 0.724758 0.636209 1.20599 0.629953 0.606549 1.12563 0.849961 0.586871 1.02995 0.547746 0.698418 0.880406 0.891603 1.37446 0.530151 0.472263 0.682044 1.59897 0.469755 0.569929 0.511448 0.980612 0.469178 0.531815 1.57605 1.02072
threshold=-0.5 -0.04732138832243208 0.1670500785599974 1006.2500000000001 0.56314550935064711 0.49002412863433359 -1.7388759390300501 -0.78656609248549303 0.1159303052754759 6.2600000000000042 -0.78656609248549303 1007.2500000000001 -0.012910296075008829 4.3400000000000025 -1.7111420489786473 2.0595665196220385 -2.4330261460451061 -0.12940952255126037 -1.5134188966572955 -0.53810416157854124 2.3550000000000004 -0.81403855522663837 -0.73831951690629072 -2.3987109400785829 1005.6500000000002 1003.9500000000002 0.89391031859722891 0.96683886033945965 -0.8038981836306559 -0.5 -0.413274780713969 -0.96227343267549392 -0.15855351192338588 -0.52705818521824699 -0.98296291314453399 5.5500000000000034 1008.4500000000002 6.4200000000000008 5.1700000000000008 2.5650000000000004 2.4650000000000003 -0.37940952255126015 5.0500000000000034 0.37940952255126048 1010.6500000000002 0.87377473702374975 0.84293373149377093 0.86958133671945947 0.9927395293426734 1009.9500000000002 -4.7011142422582397 3.0200000000000018 -2.680181605159706 4.6300000000000017 -0.27562232671042247 1.6331445922824168 -0.98296291314453399 -0.7610972106345526 -0.21772121422198129 0.89586502293912507 0.34157076916785584 -0.98296291314453399 -0.5416228050394748 2.0950000000000002 1010.1500000000002 0.80392051724781077 0.74409704927257569 0.25881904510252057 7.8650000000000011 8.2700000000000031 2.8250000000000006
decision_type=2 2 2 2 2 2 2 2 2 2 2 2 2 2 2 2 2 2 2 2 2 2 2 2 2 2 2 2 2 2 2 2 2 2 2 2 2 2 2 2 2 2 2 2 2 2 2 2 2 2 2 2 2 2 2 2 2 2 2 2 2 2 2 2 2 2 2 2 2 2 2
left_child=8 2 7 16 5 6 -5 52 11 60 -8 12 21 49 -15 32 17 -4 -11 20 -20 38 -23 24 25 -24 28 -28 29 31 -31 -25 33 34 -16 -36 -37 -21 39 -1 -12 45 -17 67 -45 -3 -18 -48 -44 50 -13 -51 53 -2 -54 56 -56 -58 -59 -34 -10 62 -62 65 -65 66 -6 68 -39 -70 -71
right_child=1 41 3 4 63 -7 10 -9 9 18 40 13 -14 14 15 42 46 -19 19 37 -22 22 23 26 -26 -27 27 -29 -30 30 -32 -33 59 -35 35 36 -38 43 -40 -41 -42 -43 48 44 -46 -47 47 -49 -50 51 -52 -53 54 -55 55 -57 57 58 -60 -61 61 -63 -64 64 -66 -67 -68 -69 69 70 -72
leaf_value=0.0018920276858713913 -0.052300250145482931 -0.011769368856477946 0.036029064788766843 -0.04015140500302871 -0.050822436728269263 0.015786632238879342 0.010499083158180666 -0.079608233191359137 -0.012966971071424643 -0.0041099587018781757 0.0041528985589942141 0.00071318362957832181 0.0038596236331203443 0.0095810465401372918 0.0018340311212209886 0.0055749619480645607 -0.019655565237042424 -0.1065165408065132 0.0040251266123181228 0.0012019269902142744 0.0025597129842066598 0.0034984709813519368 -0.026428657032812716 0.0044038278295853482 -0.0039631143782582539 0.0076128367906754613 0.012004032605902666 -0.01112978377776562 -0.0069009854803583678 0.002831128757745625 -0.002002126494637001 -0.0023488187422268606 -0.0017223807099243432 0.0012722903471295427 -0.034329932787245977 -0.00061421846305266862 0.0037649053668065199 -0.0033400874257495852 -0.027993328184658887 -0.020432056488846603 0.036245096345731219 -0.10888731664213494 -0.0055909720134632102 -0.044954497946282632 0.017402696653532272 -0.089083904645350931 -0.0025222361810714618 -0.01003428485977499 0.00039898643800731341 -0.020714513861113597 -0.015606067549420398 0.00051036649477005864 -0.037765564073760367 0.0030825009231310197 -0.00055520254627791882 -0.037546949689563458 -0.020358549159336724 0.021547395878071959 0.0023928029528048024 -0.0081677421134552161 -0.0015850159340573512 -0.02661582774595805 -0.042771800311217065 0.0021813050285977697 0.0048986157687756727 -0.059437165646941376 0.018480612514805012 -0.0017217159455214911 0.012259160616364589 0.0068303998084032445 -0.005627310001257357
leaf_weight=92.333041191101074 69.258653908967972 2279.8951226174831 66.857924789190292 216.26682022213936 91.240353465080261 121.96577790379524 104.76956689357758 2585.8681438565254 803.46876987814903 910.78248557448387 148.9492312669754 76.80316561460495 329.82960268855095 332.63367214798927 499.62813121080399 273.6546875834465 680.75797691941261 95.452839106321335 191.48764729499817 128.26920127868652 152.08789870142937 302.03634017705917 190.82219159603119 238.94381147623062 380.15699118375778 297.29282492399216 772.7111884355545 517.50864887237549 1631.3406826257706 359.06377902626991 1900.2790421247482 313.24623441696167 297.22155219316483 371.64040976762772 386.22937899827957 505.29259568452835 239.69939535856247 781.80572903156281 776.99612557888031 149.01425617933273 88.97127577662468 4818.9455063939095 698.65272933244705 95.172553807497025 232.33793610334396 1158.7622777223587 96.191539704799652 464.75297123193741 356.48852789402008 266.94779694080353 842.31690573692322 169.68686503171921 337.25926879048347 117.65948462486267 90.317950159311295 244.55807211995125 103.94479218125343 127.09387585520744 82.974836647510529 194.40541049838066 150.67997676134109 1223.2484984993935 193.20956960320473 735.73692238330841 71.01680913567543 277.00915285944939 98.729383945465088 302.95674186944962 189.579126983881 667.30648118257523 507.29547140002251
leaf_count=51 119 3556 45 367 151 126 82 4752 452 961 259 45 138 145 141 111 808 162 118 75 178 130 101 96 152 126 174 123 496 164 837 117 129 153 225 165 94 381 441 125 152 6707 198 61 251 1659 61 476 104 166 646 122 481 154 127 330 152 131 90 76 95 1419 145 835 68 421 131 241 124 528 387
internal_value=-0.000400292 -0.00212928 -0.00038668 0.00184252 0.00380574 0.00802948 0.00437628 -0.0024033 0.00090521 -0.000408399 0.00978962 0.00153521 0.000707799 0.00275611 0.00378657 0.00306407 -0.000826049 0.00690427 0.000836551 0.00167625 0.00689075 0.000358156 0.000780106 0.000348546 0.00363197 0.00757074 -0.000133806 0.00259679 -0.000948895 0.0002371 -0.000990126 0.0054085 0.0044253 0.0053624 0.00399196 0.00209402 0.00443636 0.00102168 -0.00240526 0.00251325 0.00474486 -0.00361937 0.000435103 0.000607546 0.00511958 -0.00237376 -0.00192403 0.000307641 -0.000732469 -0.000334626 -0.00178681 0.00250152 0.000765649 0.00564689 -7.71545e-05 0.00144719 0.00396468 0.00645881 0.0100198 0.000410729 -0.00263059 -0.00156771 0.00203008 0.00146272 0.00288262 -0.000793183 0.00273531 0 0.000497641 0.00166749 0.000271947
internal_weight=35667.8 15375.2 7117.6 3358.67 1954.66 680.923 558.957 3758.94 20292.6 6529.69 342.69 13762.9 8251.57 5511.3 4155.55 3822.91 1404.01 162.311 4159.08 3248.3 343.576 7921.75 6903.4 6601.37 868.272 488.115 5733.09 1290.22 4442.87 2811.53 2259.34 552.19 2494.12 2002.49 1630.85 1131.22 744.992 2904.72 1018.34 241.347 237.921 8257.6 1328.8 2776.45 327.51 3438.66 1241.7 560.945 1055.14 1355.75 919.12 436.635 1173.07 186.918 986.149 648.89 404.331 314.014 210.069 491.627 2370.61 1567.14 343.89 1273.73 806.754 466.979 189.97 2448.94 2145.99 1364.18 1174.6
internal_count=33609 22402 10480 4144 2592 986 860 6336 11207 5416 493 5791 3271 2520 1541 1396 1552 207 3305 2344 296 3133 2516 2386 379 227 2007 297 1710 1214 1001 213 983 778 625 484 259 2048 617 176 411 11922 413 1973 312 5215 1345 537 302 979 691 288 1584 273 1311 830 500 373 221 205 2111 1659 240 1606 903 703 282 1661 1420 1039 915
is_linear=0
shrinkage=0.0955619


Tree=52
num_leaves=72
num_cat=0
split_feature=6 5 1 3 3 7 4 9 3 8 7 7 4 8 8 1 1 1 4 9 4 0 1 3 7 3 6 3 1 1 4 8 1 3 0 1 8 9 8 4 1 1 3 3 3 1 1 1 0 1 1 3 9 8 3 9 3 1 4 1 0 7 1 3 1 3 4 7 1 9 9
split_gain=8.68376 4.05711 2.11088 1.5675 1.62287 1.59126 1.34523 1.71443 2.63518 1.61595 1.45463 1.24609 1.21998 1.26065 1.06818 1.40029 3.02533 1.00781 1.00731 1.16074 1.49427 1.23091 1.45772 1.37766 1.89386 2.18039 0.903814 0.881779 1.27958 0.857018 0.831743 0.777327 0.818903 1.27379 0.764114 1.58254 2.53822 0.706011 0.657136 0.617853 0.574652 0.561383 0.712887 0.546762 1.58859 0.559716 0.505811 2.21584 1.62265 0.542173 1.48791 0.991445 0.487933 1.12575 0.487654 0.484208 0.465122 1.06791 0.447229 0.415376 0.392331 0.380005 0.377036 0.797541 0.711964 0.609934 0.36478 0.488786 0.33809 0.257755 0.406811
threshold=-0.5 -0.78656609248549303 0.44437406304545285 4.9850000000000012 1.2150000000000001 13.515000000000002 1011.7500000000001 1.5083173410111288 1.3750000000000002 4.3950000000000005 14.330000000000002 6.5000000000000027 1007.1500000000002 8.4450000000000003 5.7299999999999995 -0.81403855522663837 -0.7610972106345526 -0.92913280730858783 1008.5500000000001 0.86941375320298253 1004.2500000000001 -0.98296291314453399 -0.04732095011389225 4.1650000000000009 6.9299999999999988 2.8050000000000002 -0.37940952255126015 3.4850000000000008 0.25118773779856129 0.95495791161117582 1011.1500000000002 6.5000000000000027 -0.57023701209772126 1.7650000000000003 0.37940952255126048 0.54883787585413535 8.495000000000001 3.65902467717846 6.5000000000000027 1007.0500000000001 0.97873101657557349 -0.61866567420209784 2.5850000000000004 3.8650000000000007 3.6650000000000005 0.99052327954040398 -0.29259762607704992 -0.44437406304545285 -0.37940952255126015 0.86095304316285726 0.90880922144842613 1.8550000000000002 3.3711384129479325 12.725000000000003 2.6550000000000007 -0.14792165698969481 3.2850000000000006 0.86095304316285726 1006.0500000000001 0.44437406304545285 -0.37940952255126015 10.205000000000002 -0.23448921811828094 2.4950000000000006 0.61866567420209762 5.3850000000000007 1009.35 5.3100000000000014 -0.38168568572378597 1.0258695460507286 2.4267074611704982
decision_type=2 2 2 2 2 2 2 2 2 2 2 2 2 2 2 2 2 2 2 2 2 2 2 2 2 2 2 2 2 2 2 2 2 2 2 2 2 2 2 2 2 2 2 2 2 2 2 2 2 2 2 2 2 2 2 2 2 2 2 2 2 2 2 2 2 2 2 2 2 2 2
left_child=3 18 -3 4 11 -5 7 8 -6 -10 14 -1 -13 -14 41 17 -17 -16 19 20 -2 38 31 24 39 55 40 37 -29 -30 43 32 33 -23 35 36 -28 -8 68 54 66 42 -11 44 46 60 47 48 -9 51 -51 -48 -36 -54 -24 -26 -37 61 62 -20 -45 -58 -21 64 -64 -65 -4 -68 -22 -61 -71
right_child=1 2 26 5 6 -7 27 30 9 10 -12 12 13 -15 15 16 -18 -19 59 58 21 22 23 -25 25 -27 34 28 29 -31 -32 -33 -34 -35 52 56 -38 -39 -40 -41 -42 -43 -44 45 -46 -47 49 -49 -50 50 -52 -53 53 -55 -56 -57 57 -59 -60 69 -62 -63 63 65 -66 -67 67 -69 -70 70 -72
leaf_value=-0.021595587049166746 -0.024448878006229566 -0.078293040411370807 -0.0043030083287286559 -0.004803682718488511 0.0069369527137788864 0.0071752499556589546 -0.027030026876800492 0.0016400181669366924 0.0012265269535169205 0.00025743197922551688 0.0060897505456025689 -0.047523541570380586 0.0031769162441736571 -0.0053804903324716118 -5.0338082784538791e-05 0.014868512130788871 0.0016219125439096099 -0.015366068260501031 -0.033208765616839803 -0.023425835006961652 0.025626460836259472 -0.003341853558810112 -0.063208467308424485 -0.0078240523023364126 0.011316274919411291 0.047621953347506588 0.014743073484666112 -0.01929338726294634 0.034717838174105668 -0.0010803540393855241 0.00048967956035223827 -0.035458047959288572 -0.096054519133184565 0.016761221322963146 -0.052109726164791453 -0.019192306095648329 -0.02113046924967088 0.020929094868848478 -0.020306254777466334 0.0095139712031330499 0.02978432513969867 -0.022093891569261788 -0.029549407768259574 -0.0043183664487794577 0.015813356886858844 -0.005592886132266172 0.0053330428010636326 0.0024470057966798175 -0.00468700029497839 0.0024538230794442328 -0.00053478841214667098 -0.0081292982969127826 -0.063769516049040034 0.022454447383600421 0.00057744056272483822 -0.0019882930118437603 0.033017288715456269 -0.015748004988776307 -0.014479444409997393 -0.001047213250797416 -0.008193936588865006 0.0017781751438962375 0.031118746889166174 -0.019514214656804883 0.0032197732994132425 0.00070808047344917649 0.025486740835822936 -0.028330487502760657 -0.065330625735713341 0.032971070068877319 -0.0009032568125644071
leaf_weight=852.22826132178307 281.81334510445595 7297.9418889582157 127.76467370986938 1161.9417173564434 256.16962745785713 131.98099666833878 1178.3825210034847 258.64513057470322 162.90807309746742 129.23797744512558 154.16339606046677 322.9577924311161 368.41405588388443 294.64457088708878 960.03270646929741 262.99590861797333 6833.4236058294773 587.00795587897301 1016.1807489395142 206.16545557975769 60.29002258181572 65.885388761758804 104.13032615184784 81.844544529914856 95.251940816640854 112.67043033242226 117.80056342482567 232.19970026612282 127.56824347376823 94.594770789146423 184.08954912424088 214.87480202317238 59.380654662847519 92.485068410634995 1232.8279025554657 1042.0864427089691 129.20448279380798 111.98580276966095 201.01977974176407 95.583559215068817 62.055006235837936 528.12763318419456 176.12836048007011 273.78288105130196 234.63234668970108 222.70868653059006 183.6542963385582 106.99337017536163 513.55876049399376 310.8464320898056 1654.4344511032104 835.19176670908928 140.76834267377853 54.410747289657593 101.97228118777275 95.978732049465179 95.731126248836517 318.56811109185219 576.76931890845299 348.20309913158417 586.93272420763969 50.482747465372086 89.887527883052826 241.84307184815407 82.771958142518997 118.79906702041626 119.61842015385628 54.587969928979874 52.52945801615715 68.512985825538635 66.514538377523422
leaf_count=556 353 11340 127 792 134 31 1234 164 65 84 129 145 125 210 603 184 3105 412 1543 289 90 105 99 87 94 106 138 327 142 48 126 316 89 120 1980 1671 198 126 254 74 80 236 137 94 99 51 109 98 368 97 461 448 236 60 73 74 157 500 674 495 267 66 83 194 72 73 175 74 69 102 72
internal_value=-0.000334983 -0.00204975 -0.00305389 0.000959739 0.00118223 -0.00223064 0.00147407 0.00176093 0.00249875 0.00223487 0.00206155 -0.00148955 0.000743693 0.00316539 0.00189807 0.00221717 0.00278642 -0.000333849 0.00033294 0.00135173 0.0029986 0.00427632 0.00576657 0.00851783 0.0101173 0.0155412 -0.00110329 -0.00100579 0.00250765 0.00774672 0.000360917 0.00115507 0.00529675 0.0090137 -0.00163966 -0.000244105 0.00673961 -0.00231792 -0.000749882 0.0042602 0.00330801 -0.00129568 0.00176283 0.000116651 0.000638403 -0.00176741 0.0001475 0.00217617 0.00024694 -0.0004202 0.000468407 -0.00222281 -0.00328466 0.000759511 0.000774251 0.00840005 -0.00146049 0.000903873 -0.000725602 -0.00166358 -0.00291985 0.00772694 0.000731307 0.0021677 0.00747551 -0.000150643 0.0011946 0.00421062 0.00464365 0.000480457 0.00409428
internal_weight=35667.8 15375.2 10843.8 20292.6 18998.6 1293.92 17160.4 15415.7 10050.2 9794.03 9631.12 1838.24 986.016 663.059 9476.95 8643.46 7096.42 1547.04 4531.36 3031.95 1715.71 1433.9 1120.06 687.432 605.587 303.901 3545.91 1744.73 454.363 222.163 5365.47 432.626 217.751 158.37 3181.88 1753.87 247.005 1290.37 313.839 301.686 364.026 833.494 305.366 5181.38 4097.96 1083.42 3863.32 879.197 772.204 2984.13 1965.28 1018.85 1428.01 195.179 206.103 191.231 1506.87 464.782 1316.24 1499.41 860.716 146.214 739.467 533.302 172.659 360.642 301.971 174.206 112.819 483.231 135.028
internal_count=33609 22402 16802 11207 10384 823 9348 7471 5089 4955 4890 1036 480 335 4761 4304 3289 1015 5600 3388 2003 1650 1237 607 520 274 5462 1877 517 190 2382 630 314 225 5006 2730 336 1360 413 246 456 457 221 2256 1844 412 1745 630 532 1115 558 557 2276 296 172 168 2394 723 1385 2212 361 223 711 422 155 267 376 249 159 669 174
is_linear=0
shrinkage=0.0955619


Tree=53
num_leaves=72
num_cat=0
split_feature=2 5 8 5 9 9 7 7 3 4 7 1 3 9 2 4 8 2 1 1 2 2 3 2 5 2 0 4 3 4 3 8 7 8 3 3 0 1 9 3 9 5 3 2 7 7 2 8 1 7 5 3 3 4 4 9 1 3 4 8 2 2 1 4 1 1 4 0 5 9 3
split_gain=6.84715 2.72606 2.46309 2.07244 1.32986 1.21855 1.66663 2.75649 7.35056 2.10434 1.98557 5.15844 2.50441 2.20728 2.0873 2.9354 4.18176 1.99255 1.54962 3.35247 1.48346 6.57822 1.45835 1.39771 1.52973 1.72708 1.74752 1.37393 1.11453 1.03735 0.985806 1.04408 0.979114 1.43615 2.18002 3.18118 1.37267 0.953797 2.05107 4.09929 0.935447 0.923916 0.920978 1.60862 2.61679 0.869008 1.08918 0.836327 1.21031 0.825423 0.785167 0.849769 2.06344 1.27722 0.774859 1.27897 0.726591 0.617186 0.853834 0.577489 0.676943 1.08298 0.7813 0.563287 0.549245 1.04256 0.820399 0.754453 0.541042 0.516018 0.811456
threshold=0.1159303052754759 0.60355339059327384 11.920000000000002 0.60355339059327384 -1.5134188966572955 2.0973537008014209 4.950000000000002 5.0500000000000034 2.4650000000000003 1006.0500000000001 7.6399999999999997 -0.73831951690629072 2.1950000000000007 1.8542367163866766 -0.63872576220844923 1008.35 6.4000000000000012 -0.99862982478704421 0.1670500785599974 0.30081702196488996 -0.098820138732871751 -0.073092422389869308 2.3950000000000005 -0.021515300460958474 -0.78656609248549303 -0.70862667826445969 -0.9159756150367534 1011.1500000000002 5.3850000000000007 1008.0500000000001 3.0650000000000004 5.7549999999999999 6.2600000000000042 7.1150000000000011 2.2250000000000005 1.4950000000000003 0.37940952255126048 0.80392051724781077 -5.8141576108143012 2.8050000000000002 6.0622737159085327 -1.0000000180025095e-35 3.5250000000000004 -0.8140159405215136 4.2549999999999999 3.6600000000000024 -0.9574497222574998 12.345000000000001 0.44437406304545285 6.6949999999999994 -0.37940952255126059 3.4250000000000003 4.6750000000000007 1003.5500000000001 1010.1500000000002 3.0009297815938756 0.4749466738948262 3.8650000000000007 1002.5500000000001 8.0300000000000011 0.76110425866077458 0.72660752476856549 0.98370018436603734 1006.5500000000001 -0.5416228050394748 -0.72660079619119988 1011.5500000000001 0.25881904510252057 0.12940952255126045 -2.7617351824019845 2.1250000000000004
decision_type=2 2 2 2 2 2 2 2 2 2 2 2 2 2 2 2 2 2 2 2 2 2 2 2 2 2 2 2 2 2 2 2 2 2 2 2 2 2 2 2 2 2 2 2 2 2 2 2 2 2 2 2 2 2 2 2 2 2 2 2 2 2 2 2 2 2 2 2 2 2 2
left_child=1 5 54 4 37 6 20 8 -8 22 13 -12 -13 14 15 17 -17 -11 -14 -20 42 -22 23 24 25 26 -9 28 40 -4 31 -16 64 34 35 -34 41 -2 39 -39 57 59 45 -44 -45 46 -1 48 -38 -32 51 -24 53 -53 -3 -56 -26 58 -7 -35 61 62 -61 -23 65 66 -6 -67 -68 -48 -71
right_child=3 2 29 -5 32 27 7 9 -10 10 11 12 18 -15 30 16 -18 -19 19 -21 21 63 50 -25 56 -27 -28 -29 -30 -31 49 -33 33 36 -36 -37 47 38 -40 -41 -42 -43 43 44 -46 -47 69 -49 -50 -51 -52 52 -54 -55 55 -57 -58 -59 -60 60 -62 -63 -64 -65 -66 67 68 -69 -70 70 -72
leaf_value=0.0077536876304662309 -0.050099348555431557 -0.037759781678096759 0.00029461634592508869 -0.099185022732083281 -0.027615689086252969 0.014302203196314329 0.0084340186788071109 -0.0025637995452859785 -0.018747198276445626 0.002740148908948165 0.004438037005134534 -0.033681981270374937 -0.0035486008137267178 0.01332370174476369 0.00097830303816928981 0.013499525305958451 0.0092515157878275446 0.0014151156513491847 0.015618443946377467 0.011077539532289448 0.0015145052450324635 0.0038448288581531781 -0.0049798444353323637 -0.0020046773230787971 -0.038182330173147275 -0.014460941835613991 0.009418210193487566 -0.0005574001406326687 0.0052148792722818069 0.0050175124005395798 -0.0052660426565807996 -0.0075923696801307207 -0.01611988861313594 -0.0027909980323138146 -0.036145822351024579 0.0051170397696244964 0.0012733982868865094 -0.013928576020517027 -0.0055371667270686991 0.025848806919616378 0.0019153915280667134 -0.013179066865452116 -0.0045377154449215201 -0.010132705238984458 0.0028135691650950307 -0.032473000435140703 -0.024376348418464033 -0.0023462057867825186 0.012222772780849763 0.00053458964098547057 -0.012506960067876799 -0.033474093236278396 -0.0064565704052708056 0.0017817545571424905 -0.033701683423746673 0.036386073661416454 -0.0023327506298271273 -0.0037978424698847922 -0.00099851638985312273 0.0019797348493205032 -0.004164799329520472 0.035168404376678793 -0.0056653556581346669 -0.033568904632891076 -0.019327438903438954 -0.0031628381167882174 0.015805085023170483 0.0013937701479099871 -0.045005803841089001 0.0067355359390194403 -0.010548617811751664
leaf_weight=89.970861405134201 2526.1648705899715 2640.0919225513935 286.6592230796814 3639.3141422271729 630.89477029442787 157.21905714273453 114.79843920469284 135.84099018573761 154.9078816473484 137.995724350214 160.23644110560417 257.88481220602989 193.63988018035889 172.85788372159004 101.40896263718605 137.33963242173195 558.71899843215942 1940.4402337372303 113.10965889692307 683.27796107530594 94.84682509303093 74.254480063915253 1143.7520700991154 99.906505197286606 316.49039700627327 211.89266261458397 190.78020647168159 193.66235885024071 231.21917915344238 161.31661304831505 176.84930297732353 1023.3496300876141 122.37883391976357 795.00671750307083 129.68352901935577 138.01317703723907 96.98877364397049 104.25006976723671 562.98832833766937 89.804910480976105 276.85941755771637 879.37240558862686 420.49546304345131 147.40277451276779 201.64582869410515 1463.2168264687061 224.65962225198746 148.39370971918106 131.20419716835022 109.60744419693947 844.95483568310738 226.56810256838799 551.77019673585892 786.5310782790184 283.59257972240448 84.590218186378479 172.16638648509979 886.45456570386887 2448.3205070495605 1253.2042664885521 1137.4722470343113 98.034048050642014 205.23806947469711 224.531753718853 1012.9186732470989 124.28887778520584 123.14336842298508 94.800997912883759 78.543480515480042 105.54689347743988 132.03484973311424
leaf_count=74 3221 4277 281 4739 821 71 88 149 103 99 83 163 117 101 75 90 492 1317 51 461 64 71 709 55 247 215 114 82 88 107 165 925 123 608 82 103 137 107 516 67 84 1082 268 86 95 1426 189 151 81 76 647 135 330 385 328 71 90 307 1397 1031 1604 101 89 266 1110 153 158 69 95 122 125
internal_value=-0.000484063 0.00058447 -0.00186396 -0.00212073 -0.00142426 0.00105766 0.00148978 0.00206111 0.0116184 0.00180261 0.00302576 0.00617472 0.00398656 0.00198388 0.00151725 0.00304912 0.00843101 0.00119351 0.00620724 0.00808201 -0.00040718 0.00501924 0.000274805 0.00327983 0.00210444 0.00564561 0.0100002 -0.000351892 -0.000755706 0.00464974 -0.00142828 -0.00274922 -0.000680086 8.7503e-06 0.00558047 0.0106887 -0.000432352 -0.00302581 0 0.00835726 -0.00117273 -0.000928725 -0.0012117 0.00152468 0.00636961 -0.00230355 0.000787576 0.00504556 0.00865576 0.0034125 -0.000653638 0.000107265 0.00158563 0.00418194 -0.00286821 0.00104149 -0.00161653 -0.00161671 -0.000827634 -0.000201521 0.000437425 0.00175696 0.00102272 -0.00170483 -0.00243652 -0.000790863 -0.00241128 0.00490086 0.00259155 -0.000917702 0.00191347
internal_weight=35667.8 21545.7 3456.25 14122.1 10482.8 18089.4 13895.7 10717.1 269.706 10447.4 5766.72 1408.15 1247.91 4358.57 4185.71 2774.49 696.059 2078.44 990.028 796.388 3178.61 393.633 4680.65 1127.08 1027.17 538.514 326.621 4193.74 4000.07 447.976 1411.22 1124.76 7199.58 5134.99 390.076 260.392 4744.91 3283.21 757.043 194.055 3768.85 4368.33 2784.97 769.544 349.049 2015.43 552.212 376.587 228.193 286.457 3553.58 2708.62 1564.87 1013.1 3008.27 368.183 488.657 3491.99 2605.54 3488.96 2693.95 1556.48 1458.44 298.786 2064.59 1051.67 832.582 219.09 201.687 462.241 237.582
internal_count=33609 17361 5064 16248 11509 12297 10268 7482 191 7291 4215 875 792 3340 3239 1998 582 1416 629 512 2786 401 3076 870 815 478 263 2029 1947 388 1241 1000 7598 5192 308 226 4884 3911 690 174 1859 4515 2385 449 181 1936 510 369 218 241 2206 1559 850 520 4676 399 337 1775 1468 3433 2825 1221 1120 337 2406 1296 1074 222 253 436 247
is_linear=0
shrinkage=0.0955619


Tree=54
num_leaves=72
num_cat=0
split_feature=6 0 2 2 4 0 3 3 1 8 2 8 6 3 8 9 8 1 0 3 9 8 8 3 1 9 9 9 1 8 3 1 9 3 1 8 3 3 9 2 8 0 1 2 1 2 1 1 1 8 2 2 3 8 1 1 3 4 0 0 1 1 8 4 9 3 8 1 4 9 4
split_gain=8.5372 3.61798 2.03225 1.80831 1.57861 3.13886 2.30808 4.47466 2.31703 1.95634 1.87486 1.66136 1.57393 1.21034 1.16592 1.39806 1.99519 1.54868 2.6525 4.29276 1.09983 1.68071 2.16071 1.31955 1.20743 1.08192 1.14674 1.0292 1.79916 1.04043 1.0198 0.993674 1.69383 1.87626 1.00215 0.909702 0.842012 1.87895 1.10483 1.52017 0.829154 0.985344 1.3782 0.75368 1.31381 0.713842 0.63467 0.9111 1.35309 0.718241 0.703429 2.94086 1.37826 1.2815 3.0477 1.21787 0.568807 0.546764 0.649259 1.76662 2.50016 0.518956 0.516677 0.417306 0.417074 0.923424 0.420716 0.415924 0.744806 0.370285 0.364626
threshold=-0.37940952255126015 -0.37940952255126015 0.1159303052754759 0.74982640120456845 1007.9500000000002 0.37940952255126048 2.0450000000000004 2.9750000000000005 -0.413274780713969 4.825000000000002 -0.012910296075008829 12.675000000000002 -0.78656609248549325 3.5250000000000004 6.7600000000000007 -3.7007629824741382 7.5599999999999978 -0.413274780713969 1.0000000180025095e-35 3.2050000000000005 0.68901169720875732 10.080000000000002 10.685 2.9450000000000007 0.73248728852523659 0.53371271547135468 3.2390400283295393 -1.0000000180025095e-35 0.18399664778440331 7.7900000000000018 2.1650000000000005 -0.04732095011389225 2.0973537008014209 3.7250000000000005 -0.99865756837029884 13.865 3.2450000000000006 3.8650000000000007 1.6908850021393571 0.68389408864483059 6.7600000000000007 0.60355339059327384 0.4749466738948262 -0.22610730998347103 0.26781182513105634 -0.62538740722492581 -0.78297285307474518 0.92591620288614507 0.91585580712236381 5.6900000000000004 -0.98518361333263327 -0.97106408147883394 2.3650000000000007 6.5949999999999998 -0.56314550935064722 0.45972848220565493 2.1150000000000007 1006.35 0.37940952255126048 -0.12940952255126037 0.56314550935064711 -0.67760851415498069 11.870000000000005 1006.1500000000002 -6.4121108504879798 2.8050000000000002 14.215000000000002 -0.99273952934267318 1005.85 -2.5520825534315832 1006.2500000000001
decision_type=2 2 2 2 2 2 2 2 2 2 2 2 2 2 2 2 2 2 2 2 2 2 2 2 2 2 2 2 2 2 2 2 2 2 2 2 2 2 2 2 2 2 2 2 2 2 2 2 2 2 2 2 2 2 2 2 2 2 2 2 2 2 2 2 2 2 2 2 2 2 2
left_child=2 3 4 46 9 6 8 45 -6 -1 14 31 -12 -9 70 -16 17 18 19 -17 64 36 -23 24 62 27 56 29 -29 -18 -19 34 33 40 -7 -28 38 -38 39 -22 -33 -42 -43 44 -3 -8 67 48 49 -48 69 52 -52 54 -53 -55 -27 -46 59 -59 -61 -20 -24 -32 65 -4 -66 68 -2 -51 -11
right_child=1 43 20 -5 5 11 7 13 -10 10 12 -13 -14 -15 15 16 25 30 61 -21 21 22 23 -25 -26 26 35 28 -30 -31 63 32 -34 -35 -36 -37 37 -39 -40 -41 41 42 -44 -45 57 -47 47 -49 -50 50 51 53 -54 55 -56 -57 -58 58 -60 60 -62 -63 -64 -65 66 -67 -68 -69 -70 -71 -72
leaf_value=0.0014383771627256331 0.04297993734014062 -0.074725312462687737 -0.047408473729333121 -0.062178818370456274 0.00011010670880506856 0.007576973608501656 0.0038180709916704925 -0.0014982678023217689 -0.023258836776346829 -0.0008413658090106051 0.0056993733777100583 0.01339986923856128 0.00020895391882534741 0.00014985670258719325 -0.00041772198251525402 -0.0018196754251367437 0.006958457523004731 -0.0085139130892941412 -0.024305441290614637 0.0086301285421403837 -0.013359990541391718 0.022089542999708053 0.0083585514684743588 -0.0057451728338622533 0.011713574965566301 -0.00089845627126789156 -0.0014061267390091251 -0.0019097902464901137 0.013590743389968065 -0.0058547193163531889 -0.0120877536851954 -0.05386147363948976 -0.006044159222846803 0.023015309117425407 -0.026057200792594448 0.0061177918286455671 0.016321081630443244 -0.073532150903248064 -0.0099799697544088808 0.0021571315358787659 -0.0039879657366693518 -0.02362108513187321 0.0010161374892167978 -0.089029101308170766 -0.037104203222150967 0.0065329219969803955 -0.022802896616331603 -0.0032016629037213418 0.0030075058725448694 0.018930208255099255 0.028234283268641656 0.024356372015744917 0.028511101630897737 -0.019730092070536501 0.0023440852073638883 0.0049182247559709643 -0.0069813662476499371 -0.025500499212513173 -0.0019446898694361354 0.027383914431172704 0.015794409603824573 -0.0030543790300286431 -0.0042396195678252053 0.0023505608190943781 -0.0069604693626377362 0.015745821472737908 0.0017855916368698019 -0.02633755413779847 -0.017727914429855517 -0.027833881160023371 -0.0029027281818789557
leaf_weight=229.34066751599312 50.768092632293701 1627.2760753333569 116.25773051381111 1595.3966043889523 333.53976571559906 72.152535319328308 275.1637624502182 267.55788207054138 327.70501446723938 1109.699613660574 214.33995455503464 111.72305291891098 221.12665602564812 383.35277837514877 212.15558689832687 248.5375645160675 196.54381278157234 196.0488215982914 208.49026757478714 243.74783873558044 408.7006556391716 165.83524858951569 112.78487405180931 539.00821968913078 258.39460867643356 295.19357717037201 980.57878091931343 275.39718651771545 280.22047156095505 1147.5885430574417 415.03877368569374 150.45591548085213 591.86592325568199 155.47424831986427 704.62167432904243 397.96395421028137 149.44351470470428 133.73214536905289 1118.7484658956528 148.75516232848167 202.84743404388428 147.91064968705177 298.11693161725998 4635.4868431389332 396.36304703354836 366.33035507798195 346.37675669789314 963.96168434619904 106.0888663828373 57.986553698778152 75.759583353996277 106.59965309500694 88.39510053396225 815.74665865302086 276.31951242685318 1110.7974543571472 1676.0972135066986 90.617484956979752 363.2076518535614 59.062321692705154 89.516480267047882 133.57800048589706 231.06862181425095 332.07821914553642 3191.1810711324215 140.87740424275398 287.33083906769753 1062.6315923035145 181.41053780913353 304.6680753827095 858.63198363780975
leaf_count=110 77 3008 70 2359 110 73 69 83 74 540 84 46 100 120 105 109 94 74 144 87 248 151 138 463 146 109 264 141 86 600 169 100 296 103 819 82 127 100 841 147 85 117 149 6553 645 123 498 1071 70 85 68 133 122 1183 340 1274 638 145 611 91 148 66 292 125 2935 127 308 1792 315 413 421
internal_value=-0.000416008 -0.0022138 0.000797586 -0.000670327 0.00145388 0.00296889 0.00582555 0.00818311 0.00106269 0.000770297 0.00055123 0.000634927 0.00666801 0.00240904 0.000249983 0.000819658 0.000573019 0.00334282 0.0063475 0.0108208 -0.000525769 0.000734984 0.00340203 0.00181137 0.00491361 -0.000348189 -0.00139529 0.00144831 0.00489757 0 0.000575669 4.10236e-05 0.00148044 0.00400374 -0.00270029 0.00066371 -0.000998583 0.0036911 -0.0018511 0.00150291 0.00197755 0.00353779 0.00608593 -0.00371838 -0.00234452 0.0138634 0.000129274 0.000708958 0.00148195 0.00109057 0.0016141 0.00220948 0.0145225 0.00127853 0.00631791 0.000221239 -0.0028816 0.000297454 0.00218932 0.00604119 0.0125271 0 0.000882261 -0.000930083 -0.00165298 0.00186642 -0.00194124 -0.00170008 0.001717 -0.00217737 -0.00179601
internal_weight=35667.8 14404.4 21263.3 7142.91 14261.2 4388.82 1953.65 1292.4 661.245 9872.4 9643.06 2435.17 435.467 650.911 9207.59 7239.26 7027.1 1777.52 834.354 492.285 7002.12 3266.47 1307.09 1141.26 602.248 5249.58 3349.83 1899.75 555.618 1344.13 943.166 2323.45 1546.67 954.805 776.774 1378.54 1959.38 283.176 1676.2 557.456 799.331 648.875 446.028 7261.53 2626.04 641.494 5547.51 4252.7 3288.74 3182.65 2836.27 2473.62 164.155 2309.46 382.919 1926.54 1971.29 998.767 602.404 239.196 148.579 342.068 343.853 747.117 3735.65 257.135 3478.51 1294.81 232.179 362.655 1968.33
internal_count=33609 21001 12608 9800 6515 2367 579 395 184 4148 4038 1788 184 203 3854 2893 2788 774 406 196 6093 2653 1190 1039 576 2014 1093 921 227 694 368 1742 850 554 892 346 1463 227 1236 395 451 351 266 11201 4648 192 7441 5257 4186 4116 3618 3120 190 2930 473 2457 747 1640 995 384 239 210 430 294 3440 197 3243 2184 392 498 961
is_linear=0
shrinkage=0.0955619


Tree=55
num_leaves=72
num_cat=0
split_feature=6 0 2 2 2 4 9 1 0 4 4 9 7 9 9 2 1 1 7 4 9 7 4 8 1 9 1 2 9 2 1 2 9 9 1 8 7 2 8 1 7 1 7 4 1 7 4 0 1 1 9 2 8 9 4 8 7 1 9 4 1 7 4 8 1 2 8 6 2 4 8
split_gain=7.5856 3.86122 2.98667 9.74358 2.15704 1.87057 2.46521 3.4703 1.71436 2.36284 2.15747 2.30344 2.63365 2.02471 2.30459 1.90681 1.71332 1.74807 1.669 1.56143 2.35462 3.01977 1.3763 1.3536 1.00562 1.12169 0.929689 1.22646 0.919721 0.916913 0.914247 1.8982 1.28313 1.15136 1.04668 1.38002 4.72657 2.82806 1.84126 3.06075 1.07631 1.13859 1.111 0.924969 3.93277 1.644 1.14298 1.31149 0.919765 1.3577 1.84155 0.804754 0.785355 2.25098 2.15782 2.22565 0.789757 1.34754 0.748358 0.720643 1.37191 0.712445 0.656227 0.599617 0.548671 1.06652 0.538609 0.467879 0.466582 0.410337 0.382908
threshold=-0.37940952255126015 -0.37940952255126015 -0.63872576220844923 -0.66483077113278999 -0.63872576220844923 1003.5500000000001 -2.2399668639384749 -0.04732095011389225 -0.5 1007.7500000000001 1008.6500000000002 -0.64766210493070797 4.4400000000000039 0.79044146006875249 -0.17368349923922818 -0.94128245028753155 0.25118773779856129 0.41327478071396911 5.335 1005.85 0.68901169720875732 7.5700000000000029 1005.5500000000001 7.2299999999999995 -0.21772121422198129 -0.17368349923922818 0.4749466738948262 -0.44437817810461328 -0.22633553344582322 -0.84291031405530259 -0.99628894895067444 -0.0387208465846701 -1.5134188966572955 -0.51074284602696796 -0.96230016621822456 6.9300000000000024 6.7299999999999995 0.73246693938583607 5.7549999999999999 -0.78297285307474518 5.585 0.9821165111257959 4.7800000000000002 1008.35 -0.7610972106345526 7.2649999999999997 1008.85 0.37940952255126048 0.88606241628642846 0.92591620288614507 1.7243431341734665 0.8977101403255705 7.4900000000000011 -1.0000000180025095e-35 1005.85 7.1049999999999995 8.5850000000000009 0.30081702196488996 2.0271434273114122 1006.6500000000002 0.5772862706790628 6.2900000000000018 1004.35 6.8899999999999997 0.39753913293121995 0.39752808894539271 7.839999999999999 -0.98296291314453399 -0.73829900574246976 1009.85 12.930000000000003
decision_type=2 2 2 2 2 2 2 2 2 2 2 2 2 2 2 2 2 2 2 2 2 2 2 2 2 2 2 2 2 2 2 2 2 2 2 2 2 2 2 2 2 2 2 2 2 2 2 2 2 2 2 2 2 2 2 2 2 2 2 2 2 2 2 2 2 2 2 2 2 2 2
left_child=2 4 3 5 18 -1 7 22 15 52 13 12 -12 14 -11 -8 -9 -18 68 24 21 23 -7 29 25 -20 -3 59 -25 -21 31 -4 62 -33 -34 36 37 38 39 -36 41 -37 -43 48 45 -45 58 -48 -42 -50 -51 -6 53 63 -55 -56 -54 -58 -46 -28 -61 -22 -32 -10 -64 -66 -27 -40 -2 -13 -67
right_child=1 26 30 -5 51 6 8 16 9 10 11 69 -14 -15 -16 -17 17 -19 19 20 61 -23 -24 28 -26 66 27 -29 -30 -31 32 33 34 -35 35 40 -38 -39 67 -41 43 42 -44 44 46 -47 47 -49 49 50 -52 -53 56 54 55 -57 57 -59 -60 60 -62 -63 64 -65 65 70 -68 -69 -70 -71 -72
leaf_value=-0.027407736049100427 -0.010766547458711938 -0.082491522147888297 0.00048629296789549838 0.031376387548425498 -0.0025093281423268277 -0.00058628712783584207 0.0034537601102169972 0.0045577053124294343 -0.015321149791422389 0.0024948772824071631 -0.050983042836058881 -0.0089782121917425014 0.0023698034553480923 -0.0070733185023012608 0.0018682839451728368 -0.0018070481291616409 -0.0061380592719240479 0.023035074033748545 -0.037054024787570049 0.0077731648037689333 0.057159545313373895 -0.015642309096716673 -0.01534120251221616 -0.033293703326142086 -0.005514786620199638 0.00017308037465045 -0.021745794124318544 -0.039689492408126401 0.018730577913247219 0.025375761634318348 0.0072983879880443555 4.3869195345989259e-05 -0.0027141435037477683 -0.023448476423581246 0.0075213030685853432 -0.011392023233122996 0.0019318064629385927 0.0012912431804290691 -0.0019486029197130052 -0.047877486920231596 -0.0024916097342371495 0.0027265068986704446 -0.0015859852323054243 0.019116904128742306 0.0068727176657835043 0.0046919447569155623 -0.00098406022016578028 0.0075187859646826533 0.011683463522806305 0.0051547306952525939 -0.0017573153952503856 -0.080038103337765343 -0.0066620534630899364 -0.0071017112058799096 -0.00016585781192920404 0.0027628980517850326 -0.023525807107447842 -0.006444162752537114 -0.0013058197589684319 0.010918937406134121 0.0056306807351670027 -0.026256166838761127 -0.028064133530035406 -0.0073204027687709021 -0.0043300186756292172 0.0025427037982899943 0.025691862765998105 -0.015684811276579873 0.0088413062686609738 -0.012043001649130317 0.0047047570386655408
leaf_weight=589.13161015510559 542.5827768445015 5061.7324492037296 255.11043980717659 378.98479631543159 3910.9961095452309 140.41111379861832 215.4063161611557 197.92581364512444 561.22950038313866 258.81173834204674 117.87790709733963 497.23419395089149 139.51689577102661 240.2350398004055 233.1175189614296 370.54943126440048 183.27507996559143 175.58281025290489 72.559095293283463 144.93512082099915 65.356462389230728 111.26098585128784 346.40019890666008 175.81981930136681 469.84315302968025 80.961884617805481 258.56832256913185 1642.6386575698853 70.944185614585876 106.99326831102371 100.28653606772423 121.88931572437286 762.57028314471245 257.29025414586067 119.50939518213272 1472.8990227878094 122.58970862627029 185.8297119140625 148.15416085720062 108.18694189190865 1625.9314203858376 220.80567753314972 198.44035029411316 136.63360723853111 144.31492978334427 121.24152266979218 1280.6385849416256 739.21383374929428 491.71442973613739 552.55806359648705 1348.6659455895424 1047.7142032384872 1431.5837854444981 255.92017111182213 277.10751783847809 162.67547804117203 191.63790220022202 215.41975140571594 226.24348556995392 52.885265916585922 245.70520901679993 207.09508019685745 1357.8882783949375 209.63367289304733 499.3940521478653 381.13610237836838 77.091445714235306 677.15677186846733 58.753135293722153 144.03051674365997 73.34238612651825
leaf_count=262 856 7688 108 126 5565 70 81 86 241 142 106 293 64 133 112 131 94 67 106 151 96 101 193 276 474 87 411 2625 99 100 40 84 603 168 104 1362 43 113 63 71 906 112 72 96 82 74 952 650 137 178 318 1491 656 98 151 58 96 80 113 70 407 229 1443 90 263 384 78 457 91 98 84
internal_value=-0.00030613 -0.00200106 0.00083777 0.00236635 -0.000408395 0.00155785 0.00203007 0.00630519 0.00120259 0.000599891 0.0035845 0.000333161 0.0080149 0.00743252 0.0109302 0.00609565 0.0114443 0.00699786 0.00207417 0.00372245 0.00639538 0.00969506 0.000206638 0.00619555 0.000210858 0.00546316 -0.00355412 -0.00183494 0.000729597 0.0111197 0 0.00353446 -0.000173196 -0.00053114 0.000268623 0.00053921 0.00336396 0.00149108 -0.000351229 0.00710286 7.80927e-05 -0.00191934 0.00233693 0.000659532 0.00204895 0.0132236 0.000791329 -6.05528e-05 -0.00023348 0.000931353 -0.000180955 -0.0015213 -0.000846077 0.000755682 0.0047373 0.00881964 -0.00217384 0.00137513 0.00565411 0.00192979 0.00518327 -0.000672918 -0.00216706 -0.00272044 -0.00252426 -0.000644234 0.0100892 -0.00253662 -0.00210677 -0.00262448 0.00257743
internal_weight=35667.8 14404.4 21263.3 7533.7 7142.91 7154.71 6565.58 1043.6 5521.99 4936.03 1630.82 898.66 257.395 732.164 491.929 585.956 556.784 358.858 2184.2 1582.86 882.405 609.953 486.811 498.692 700.456 230.612 7261.53 2199.8 246.764 251.928 13729.6 634.29 13095.3 379.18 10683.3 9920.73 1361.43 1238.84 1053.01 227.696 8559.3 1892.15 419.246 6667.16 2648.29 257.875 2390.41 2019.85 4018.87 2392.94 1901.22 4958.71 3305.21 1466.57 695.703 439.783 1838.64 407.058 370.558 557.159 298.59 272.452 2412.05 770.863 2311.76 953.873 158.053 825.311 601.336 641.265 454.478
internal_count=33609 21001 12608 3528 9800 3402 3140 510 2630 2418 948 561 170 387 254 212 247 161 2744 1797 1052 727 263 626 745 271 11201 3513 375 251 9080 360 8720 252 6506 5903 851 808 695 175 5052 1546 184 3506 1967 170 1797 1602 1539 633 496 7056 1470 638 307 209 832 176 195 888 477 325 2214 331 2174 731 165 520 947 391 468
is_linear=0
shrinkage=0.0955619


Tree=56
num_leaves=72
num_cat=0
split_feature=6 0 2 2 4 2 1 1 4 8 8 4 2 9 4 4 1 9 9 6 8 9 9 3 3 1 9 1 9 1 1 8 3 1 1 2 2 3 4 1 2 8 3 8 0 1 8 3 3 1 1 4 4 3 3 1 2 4 1 4 1 1 8 3 2 3 3 3 1 8 8
split_gain=6.83131 3.53368 2.78521 2.2821 2.04053 1.74038 1.49625 3.73664 1.59984 4.74713 6.41922 2.23936 1.4974 1.43504 1.313 1.28386 1.63343 2.14718 3.57376 3.30766 1.25943 2.39328 1.02715 1.47143 1.33985 1.00129 1.53371 1.0425 0.955983 1.80512 4.33357 3.69158 1.701 1.15076 1.06576 1.66625 1.57927 1.3811 1.07114 0.930132 1.10685 0.862239 0.852112 0.834089 0.788685 0.760556 0.639933 0.800581 0.637414 0.763611 2.43718 1.11456 0.596214 0.579354 0.570855 1.55062 3.77708 0.561477 0.555536 0.744806 0.531091 1.52938 0.5117 0.915454 1.11982 0.529697 0.506857 1.13949 0.459256 2.11732 0.448117
threshold=-0.37940952255126015 -0.37940952255126015 -0.63872576220844923 -0.66483077113278999 1003.5500000000001 -0.63872576220844923 0.54883787585413535 0.4749466738948262 1007.7500000000001 6.4000000000000012 6.0000000000000027 1008.0500000000001 -0.9993703818063705 -0.35169586670103919 1004.1500000000002 1005.85 -0.04732095011389225 1.0000000180025095e-35 -0.45827399456941359 0.1294095225512602 8.0600000000000023 -0.78366249637247509 1.9598631322341158 3.3850000000000002 4.3350000000000009 -0.99628894895067444 -0.35169586670103919 -0.86958133671945925 -1.8098536307332809 -0.5416228050394748 -0.67760851415498069 6.9799999999999995 1.3350000000000002 -0.63874350706337046 0.86095304316285726 0.45207220393230413 0.064506059999340642 1.7450000000000003 1008.0500000000001 0.45972848220565493 -0.081676395330422633 7.1900000000000004 2.6950000000000007 10.620000000000001 -0.37940952255126015 0.44437406304545285 10.295 4.1450000000000005 2.2350000000000008 -0.92913280730858783 -0.94697898371965705 1006.1500000000002 1007.6500000000002 2.5450000000000004 2.8050000000000002 0.39753913293121995 0.39752808894539271 1007.5500000000001 -0.99273952934267318 1005.85 0.92591620288614507 0.91585580712236381 13.745000000000001 3.3050000000000002 -0.52705818521824699 3.8350000000000004 2.2850000000000006 2.1150000000000007 -0.54883787585413535 6.7200000000000015 8.9250000000000007
decision_type=2 2 2 2 2 2 2 2 2 2 2 2 2 2 2 2 2 2 2 2 2 2 2 2 2 2 2 2 2 2 2 2 2 2 2 2 2 2 2 2 2 2 2 2 2 2 2 2 2 2 2 2 2 2 2 2 2 2 2 2 2 2 2 2 2 2 2 2 2 2 2
left_child=2 5 3 4 -1 15 7 8 12 10 42 -11 -6 -9 -14 66 68 18 19 -18 -13 -22 24 -24 -16 26 53 48 54 30 32 -32 -30 -33 43 36 37 -36 -39 -3 -41 -28 -10 -31 -38 58 47 -8 49 50 51 -27 -19 -4 -29 -56 -57 -21 59 -7 61 62 63 -47 -65 -66 67 -2 69 -17 -34
right_child=1 39 25 -5 6 45 46 13 9 11 -12 20 14 -15 22 16 17 52 -20 57 21 -23 23 -25 -26 27 41 28 29 34 31 33 70 -35 35 -37 44 38 -40 40 -42 -43 -44 -45 -46 60 -48 -49 -50 -51 -52 -53 -54 -55 55 56 -58 -59 -60 -61 -62 -63 -64 64 65 -67 -68 -69 -70 -71 -72
leaf_value=-0.024788601998285226 -0.0011721294483796327 -0.075314594432795173 -0.0024982945077701734 0.02837800180534767 0.001810950746113717 0.039112490922189741 -0.042151417934509175 0.012952891768471747 -0.0012540966643491453 0.0016186604406635005 0.0049846024939589981 -0.01140547665974459 0.0015699117760735349 0.0034276433394681916 -0.0077698631951755651 0.039027960392363184 0.0074378145241239526 -0.0089102692380045485 0.012246555199572013 -0.0399091614926348 0.023605732920189665 -0.0029835922289508533 0.0044069433233500689 -0.02865540654837 0.00098816413537925136 -0.00016874457072335263 -0.018730097821610722 -0.025467126182076159 0.0039770679956001474 -0.030090554164851704 0.0020081955331457853 0.046195202013250246 -0.0051266194565470057 -0.083198801876397707 -0.022774904536450438 0.0063656733412475065 0.00012815084727897408 0.0022908409143460227 -0.0021580809994493251 0.0042323825770624098 -0.047287856872429368 0.0043641191154129184 -0.0014562605477662599 -0.00023851902778239997 -0.0033399471166227061 -0.0040692783519199818 0.0072887357335091434 -0.038781639498409452 -0.021045401101578088 -0.054472507493383795 0.014291807457091276 -0.0063540909956206664 0.013083945941005374 0.0013556601781088257 -0.051578675588081185 -0.0051660573441147774 0.034110209910906998 0.01017379495290479 -0.039500841892469662 -0.01579400602456231 -0.0026559100153471051 0.0029598990853865002 -0.028674696246200834 -0.00049817793290628546 0.064051611298983221 0.011728874189640037 -0.010221133583680483 0.023236700746094525 -0.052501135020912075 -0.02548101791444865 0.0124093544984467
leaf_weight=589.13161015510559 210.12944507598877 5019.4019773006439 118.55137252807617 378.98479631543159 185.18019178509712 50.768092632293701 543.85410118103027 262.33532130718231 93.400621622800827 175.27856433391571 167.27021679282188 566.70971542596817 265.44600760936737 248.16511607170105 1935.5535635650158 65.142125993967056 102.11442619562149 205.67668664455414 77.735927879810333 119.63200685381889 111.80172699689865 224.91039571166039 179.2209660410881 193.11766391992569 856.96194955706596 156.90108245611191 213.45075944066048 855.79585275053978 203.5454469025135 1202.1915343403816 114.57255077362061 68.786338686943054 697.68754616379738 75.629309892654419 441.59344041347504 280.78610360622406 439.37008261680603 1759.8557384908199 943.7336505651474 906.93158334493637 1335.1963436305523 160.95186212658882 126.93403518199921 1578.9631843864918 1229.7200911641121 604.72004696726799 202.94747748970985 226.49471938610077 1167.4335761368275 331.54686281085014 117.72281250357628 503.31640243530273 105.29329997301102 141.33601558208466 420.27113765478134 236.99043148756027 135.84859320521355 156.18902289867401 2575.9835794568062 181.41053780913353 963.96168434619904 106.0888663828373 211.76104390621185 71.080876350402832 63.546249240636826 129.38933569192886 593.67976933717728 74.858207106590271 306.84867200255394 166.89682331681252 133.08343303203583
leaf_count=262 230 7624 78 126 86 77 218 74 70 104 92 359 134 88 883 92 52 209 66 186 80 129 69 93 419 92 153 745 116 1206 36 62 549 101 142 108 138 408 339 1448 2129 51 85 1506 503 887 89 68 941 262 105 400 147 78 581 119 155 235 4039 315 1071 70 280 62 89 166 703 74 502 248 106
internal_value=-0.000378341 -0.00198668 0.000706902 0.00218357 0.00178266 -0.000462073 0.00227504 0.00288147 0.00207266 0.00474886 0.0138099 0.00138116 0.000958793 0.0106993 0.000474766 0.00176481 0.00367828 0.0065096 0.0106731 0.00641209 -0.000447949 0.00404019 -3.97137e-05 0.004625 -0.000698889 -9.68099e-05 0.00359283 -0.000283346 9.97182e-05 0.000489013 0.00379498 0.0148093 0.00091671 0.00374622 -4.30172e-05 0.000765915 0.000326254 0.00160341 0.00243287 -0.00347279 -0.00177803 -8.84543e-05 0.00254393 -0.00155796 -0.0020231 -0.00146225 -0.00111173 -0.00244151 -0.00214256 -0.000404356 0.00113928 -0.00100486 7.23021e-05 0.00920178 -0.0020058 -3.60849e-05 0.00431379 0.000565348 -0.0024984 0.001717 -6.43839e-05 0.00124226 6.77689e-05 0.00118059 0.00588864 0.00976656 -0.000974398 0.00214958 -0.000188507 0.00280924 -0.000907007
internal_weight=35667.8 14404.4 21263.3 7533.7 7154.71 7142.91 6565.58 5592.29 5081.79 1466.31 387.605 1078.7 3615.48 510.5 3430.3 2184.2 1305.53 766.641 455.671 377.935 903.422 336.712 3164.85 372.339 2792.52 13729.6 634.29 13095.3 10818.4 9169.52 1293.3 258.988 1034.32 144.416 7876.21 5095.06 4814.27 3145.18 2703.59 7261.53 2242.13 374.403 220.335 2781.15 1669.09 4958.71 973.296 770.349 2276.92 1109.49 777.94 660.217 310.97 259.887 1648.91 793.11 372.839 275.821 2808.16 232.179 2150.55 1186.59 1080.5 868.737 264.016 192.936 878.667 284.988 538.888 232.039 830.771
internal_count=33609 21001 12608 3528 3402 9800 3140 2765 2603 919 247 672 1684 162 1598 2744 1737 895 539 473 568 209 1464 162 1302 9080 360 8720 6920 5320 970 199 771 163 4350 1638 1530 889 747 11201 3577 204 155 2712 641 7056 375 286 1800 859 597 492 356 156 1600 855 274 421 4431 392 2625 1554 1484 1204 317 255 1007 304 842 340 655
is_linear=0
shrinkage=0.0955619


Tree=57
num_leaves=72
num_cat=0
split_feature=6 0 2 2 7 4 1 4 9 9 2 1 3 2 1 1 1 7 6 9 9 4 4 3 7 3 6 9 4 9 7 1 7 1 2 3 1 4 4 4 3 2 2 2 1 9 1 1 1 9 1 3 1 0 1 9 7 1 1 2 2 9 7 9 9 3 2 9 1 4 0
split_gain=7.86833 3.24828 2.79329 2.63271 2.37498 3.049 3.32279 2.15816 1.99005 2.88684 2.34524 2.02452 3.12118 1.6907 1.62758 2.77825 1.46276 1.43389 1.32997 1.76231 1.3207 3.57222 1.64941 2.02878 1.46905 2.07153 1.27451 1.72448 1.64695 1.28097 1.25534 1.24984 1.15993 2.23885 1.14694 1.07965 1.01589 1.55012 0.969232 0.889879 1.25687 0.884831 0.862689 0.762269 1.25804 0.837217 1.44896 4.00322 1.62576 1.07107 0.736447 1.38087 0.830389 0.673906 0.821761 0.625811 0.639865 0.602649 0.956568 1.74618 0.589717 0.564393 0.617577 0.508286 0.565442 0.862519 0.457313 0.432795 0.752524 0.592891 0.600711
threshold=-0.37940952255126015 0.37940952255126048 0.1159303052754759 -0.7721279831368929 5.335 1005.7500000000001 0.45972848220565493 1003.5500000000001 0.3933133676989567 0.12477726858016781 -0.99862982478704421 0.25118773779856129 2.1850000000000005 0.012909817866233263 -0.59125596962661853 -0.413274780713969 0.99906486341235867 13.800000000000001 -0.60355339059327384 6.0622737159085327 -2.2399668639384749 1005.5500000000001 1007.2500000000001 1.8550000000000002 3.2349999999999999 3.0650000000000004 0.1294095225512602 -0.92572812518123537 1006.6500000000002 0.58819321032125071 5.8050000000000006 0.51973899919070166 7.6399999999999997 0.61866567420209762 0.85651926849515192 3.1250000000000004 0.51973899919070166 1007.1500000000002 1006.9500000000002 1009.1500000000002 2.0550000000000002 -0.88603780069526494 -0.8038981836306559 0.45207220393230413 0.86958133671945947 -1.2860132551925998 -0.5416228050394748 -0.67760851415498069 -0.65189295912203338 -0.20096981843822623 0.33346569090932193 2.8250000000000006 0.64534213713577271 -0.37940952255126015 0.97310932590074095 3.4411819701113022 7.4100000000000028 -0.32533907195844763 0.5772862706790628 0.95493138204271821 -0.9668120007078248 3.3711384129479325 8.360000000000003 1.0823721141985205 1.9211847320701596 2.2450000000000006 0.84750952922804634 -1.6835020092900856 -0.99628894895067444 1011.5500000000001 -0.37940952255126015
decision_type=2 2 2 2 2 2 2 2 2 2 2 2 2 2 2 2 2 2 2 2 2 2 2 2 2 2 2 2 2 2 2 2 2 2 2 2 2 2 2 2 2 2 2 2 2 2 2 2 2 2 2 2 2 2 2 2 2 2 2 2 2 2 2 2 2 2 2 2 2 2 2
left_child=2 3 7 4 -2 31 26 17 9 10 -9 12 -11 20 63 41 18 -1 19 39 21 35 32 -24 -23 -26 -7 -28 -29 -30 -25 -6 42 -34 67 -12 -20 -38 -8 60 -41 -16 -22 53 45 50 47 49 -49 -47 -45 -52 -53 54 -4 56 -48 -57 59 -59 -17 -3 -63 -10 65 -65 -58 68 -5 -69 -71
right_child=1 61 43 34 5 6 38 8 14 11 13 -13 -14 -15 15 16 -18 -19 36 -21 22 24 23 30 25 -27 27 28 29 -31 -32 -33 33 -35 -36 -37 37 -39 -40 40 -42 -43 -44 44 -46 46 55 48 -50 -51 51 52 -54 -55 -56 57 66 58 -60 -61 -62 62 -64 64 -66 -67 -68 69 -70 70 -72
leaf_value=-0.0087676270201628055 -0.0098461935162180228 -0.067245189371728742 -0.0071013114905262029 0.0031305495024678922 -0.014752009370177606 0.0029037121482661621 0.0072979851745357894 0.0024363382593733805 -0.0069748445561241962 2.3004340150799599e-05 -0.0098302752554245056 0.0050436558181802416 -0.0042437147763627388 0.0030874744038649035 0.0020170456888366135 0.0002266419037761673 0.0061115129613251804 0.0012262259435933409 0.0039858076521100422 0.0035744274143740496 -0.011812265750645989 -0.0089940314457089103 -0.029551557439540271 0.0027706558206072006 0.0017299695894911718 -0.0029519253037106753 -0.02552256321230606 -0.0016047194678676705 0.046091925229320145 0.025408441089190315 -0.0059048117080604569 0.009503868515099231 0.0068450552958336346 -0.0074319106052921791 -0.069823087828569871 0.0062164818350659576 -0.007970992028755142 0.0079452706554163002 0.011833619818784889 -0.023135518934302827 -0.00028288101672758125 -0.0074722549465065435 -0.0052509861344667008 -0.041134889838144256 0.01269146609576768 0.0035900114004000015 -0.05892265853038392 0.015841199674892101 9.1143222799528872e-05 -0.0159566051006758 -0.052743009365708179 0.0045571179254227006 0.030850575036356832 -0.0034252712132227265 0.0014466323728598704 -0.046040180426711756 -0.0041506253740463944 0.015600204561432355 0.0007772059668080067 -0.00025203650935174722 -0.0022685850103008128 -0.023598294475671085 0.025499865182033645 0.0042422859889762847 -0.025383705752714848 -0.0058555023449649362 0.006547252307936317 -0.0017905482609322687 -0.032909727386103649 0.020194735675474799 -0.017354400565403792
leaf_weight=1163.427538216114 631.97691363096237 4381.178208976984 512.87739482522011 62.489732205867767 547.04315954446793 183.48706376552582 72.996499866247177 194.07474184036255 455.42408680915833 120.61762028932571 161.3160694539547 280.46561819314957 293.34595263004303 253.94810581207275 167.49330317974091 446.06985902786255 229.35535401105881 223.79695606231689 215.66574025154114 301.0815948843956 942.09936082363129 293.39503875374794 300.9737614095211 910.32092213630676 393.29023408889771 376.74280148744583 293.90514203906059 95.803262561559677 155.55558529496193 122.12171348929405 464.53411161899567 88.668837249279022 263.79193007946014 193.46520352363586 1857.7236978113651 260.31908959150314 254.61870360374451 171.89526027441025 75.599450975656509 276.80928832292557 496.681789457798 227.58019679784775 682.21092516183853 767.5075461268425 214.7693395614624 194.99419057369232 734.18690344691277 101.08105728030205 142.05544590950012 405.43763768672943 248.59991228580475 64.626084804534912 76.166739940643311 1951.1801871955395 195.40866714715958 108.49468457698822 398.45106807351112 88.334384918212891 255.85258436203003 89.600446909666061 2267.9413087964058 193.52228450775146 54.744115173816681 208.90243598818779 486.4560558795929 283.10445243120193 452.49428609013557 3922.5384184420109 1313.4774577915668 243.75457665324211 107.85051035881042
leaf_count=471 1017 6626 272 101 689 137 84 100 274 54 75 90 186 145 72 205 86 48 136 82 437 218 198 586 172 197 504 144 228 179 170 85 138 55 2530 128 85 131 83 90 187 109 325 1022 108 145 887 46 138 327 282 99 74 1148 56 127 281 90 196 135 682 298 77 99 306 178 660 5594 2066 381 178
internal_value=-0.00020383 -0.00193028 0.000961405 -0.000929739 0.00190271 0.00384921 0.00714765 0.00173046 0.00211974 0.00332293 0.00258753 0.00918291 0.00456311 0.00219895 0.000920575 0.0017362 0.00105865 -0.001812 0.000648072 -1.01272e-05 0.00180537 0.00423101 0.000819506 0.00306199 0.00117197 0.00343146 0.00466806 0.0025262 0.00688804 0.0106727 0.00464802 -0.0011978 -0.000942488 0.00321581 -0.00179789 0.0116715 0.00466093 0.00166822 0.0204042 -0.000642263 0.00216381 0.00943402 -0.0021739 -0.00059162 0.000169106 -0.000181794 0.000642953 0.0040038 0.014282 -4.62116e-05 -0.00237728 0.000807871 0.00847191 -0.00186796 0.000546758 -0.000648963 -0.00164058 0.00207175 0.00377484 0.00910148 -0.00147777 -0.00402097 5.32415e-05 -0.00188767 -0.000545861 0.00161423 3.69445e-05 -0.00109643 -0.00258987 -0.000592474 0.00309156
internal_weight=35667.8 14404.4 21263.3 9774.99 2267.16 1635.18 999.469 14261.2 12874 6384.91 5690.48 694.429 413.964 5496.41 6489.08 5055.19 4660.12 1387.22 4430.76 3788.58 5242.46 1485.06 3757.4 1675.83 1063.43 770.033 850.873 667.386 373.481 277.677 1374.86 635.712 2081.57 457.257 7507.83 421.635 642.18 426.514 148.596 3487.5 773.491 395.073 1624.31 7002.12 4342.65 4127.88 2970.98 843.568 243.137 600.432 1156.9 389.393 140.793 2659.47 708.286 2127.41 1585.13 542.282 433.787 177.935 2714.01 4629.44 248.266 1433.89 978.463 492.007 850.945 5650.11 1375.97 4274.14 351.605
internal_count=33609 21001 12608 14000 3150 2133 1359 6515 5996 3274 2944 330 240 2844 2722 1865 1684 519 1598 1246 2699 790 1909 954 587 369 1192 1055 551 407 756 774 955 193 10850 203 352 216 167 1164 277 181 762 6093 4617 4509 3032 656 184 472 1477 455 173 1476 328 2376 1828 548 421 225 887 7001 375 857 583 277 941 8320 2167 6153 559
is_linear=0
shrinkage=0.0955619


Tree=58
num_leaves=72
num_cat=0
split_feature=2 5 8 4 2 7 5 2 2 8 8 1 8 8 4 7 9 4 2 8 4 4 7 3 2 3 4 9 4 9 3 9 8 8 2 1 7 1 9 2 3 9 2 9 1 8 3 3 1 1 4 7 2 7 8 9 3 9 9 3 7 8 4 9 0 8 0 7 3 7 5
split_gain=7.76296 2.5476 2.4621 2.39216 2.83829 2.50395 2.09765 2.09407 6.90255 3.47459 5.02766 2.35834 1.80389 2.9886 2.41376 1.73346 1.6537 1.52544 1.38401 3.83107 1.50211 1.37861 1.2626 1.307 1.20559 1.15422 1.60973 1.07651 1.04834 1.00014 1.93194 3.42707 1.76293 1.08104 1.23804 0.844925 0.785922 1.85191 0.622041 0.525358 0.556253 0.591433 0.510408 1.06193 0.661425 1.23846 2.11428 1.65792 0.928822 1.64174 1.2612 0.58228 0.528775 0.48992 0.474625 0.468298 0.465598 0.458053 0.771574 0.430786 0.959497 0.381764 0.374607 0.341513 0.308083 0.300283 0.264437 0.386921 0.256661 0.338359 0.202585
threshold=0.081673369964559248 0.60355339059327384 11.920000000000002 1003.5500000000001 -0.99862982478704421 6.955000000000001 0.60355339059327384 -0.98518361333263327 -0.96227343267549392 9.0100000000000016 8.1700000000000017 0.21772121422198085 7.2500000000000027 7.1400000000000032 1011.4500000000002 13.800000000000001 -1.5134188966572955 1005.0500000000001 -0.021515300460958474 10.620000000000001 1007.5500000000001 1007.9500000000002 6.6949999999999994 4.0950000000000006 -0.51974381215551546 1.675 1007.1500000000002 -3.1482441192171247 1008.0500000000001 0.81523824268232847 4.1450000000000005 0.12477726858016781 7.8650000000000011 7.3900000000000032 -0.69637622559687229 0.081675638985454754 2.5800000000000005 0.51973899919070166 3.9116299212996766 0.95989713290459411 1.2150000000000001 3.65902467717846 0.32534208471197984 -0.89878824880347341 0.83354805289222267 8.495000000000001 2.8250000000000006 1.925 -0.5416228050394748 -0.57023701209772126 1009.6500000000002 10.125 0.94968266440323645 8.745000000000001 10.855000000000002 2.5593611250955903 3.8950000000000005 0.97038939371682542 0.68901169720875732 4.1250000000000009 5.2300000000000031 10.620000000000001 1010.7500000000001 0.53371271547135468 -0.5 9.8800000000000026 0.37940952255126048 7.2950000000000008 1.3150000000000002 4.3800000000000017 -0.91597561503675329
decision_type=2 2 2 2 2 2 2 2 2 2 2 2 2 2 2 2 2 2 2 2 2 2 2 2 2 2 2 2 2 2 2 2 2 2 2 2 2 2 2 2 2 2 2 2 2 2 2 2 2 2 2 2 2 2 2 2 2 2 2 2 2 2 2 2 2 2 2 2 2 2 2
left_child=1 3 35 15 5 21 16 27 9 10 11 17 13 14 22 -1 59 -9 29 20 -20 -5 23 -10 -24 -15 -27 -6 53 30 32 -32 -14 -31 -35 62 37 -37 -8 40 64 42 43 -42 48 -46 47 -47 49 50 -44 -48 54 -4 -50 57 -29 58 -45 -2 -61 -40 -3 -19 70 -66 -41 -68 69 -38 -18
right_child=6 2 28 4 7 -7 38 8 12 -11 -12 -13 18 25 -16 -17 39 63 19 -21 -22 -23 24 -25 -26 26 -28 56 -30 33 31 -33 -34 34 -36 36 68 -39 61 66 41 -43 44 55 45 46 51 -49 52 -51 -52 -53 -54 -55 -56 -57 -58 -59 -60 60 -62 -63 -64 -65 65 -67 67 -69 -70 -71 -72
leaf_value=-0.0073659601051873375 -0.017386939399715577 -0.043949107628022573 -0.00030518783095929666 -0.0048995524488109638 -0.00056220879129262628 -0.0053172052020896031 -0.090190426845143695 0.0064050778275084935 0.00019955240320730766 -0.0068493735799730641 0.043440974992334645 0.0026884872634407599 -0.0042233378937109774 0.025391733810020068 0.018777514793369841 0.0037487800490625732 -0.027951731172657847 -0.038406701925864824 0.0018900325394779567 -0.011014461641120956 -0.020383715096899298 0.0090744783950914634 -0.00084559613024762237 0.0016097388268026865 0.0029783718518368923 0.00079199055427855633 0.012778594142980363 -0.040718457643981305 0.0014688925348247167 0.00092711614676146547 0.00018916116553693987 0.0083663624149044446 0.00066728326425547196 -0.038729889042634455 -0.00031196973034493887 0.0066451016550988385 0.029987176963898608 -0.0073733558876799051 -0.096802801885210982 -0.043878814702753864 0.002793810898079251 -0.0043455598505801728 -0.0014236597455212908 -0.0023068696137175612 -0.042243619136363666 -0.0009176877197596084 0.024590199632459689 0.011775752551561788 -0.026351927155058689 0.0021555297473357556 0.012160269438887004 -0.019069354469199766 0.018525648232024416 0.027786127384147055 0.0010878736351357919 0.001345463479678393 -0.088097463878739998 -0.0088758652681901595 0.0026819642988733122 0.014720036624570654 -0.0036086790164818207 0.019464623124776537 0.0063871912631005487 0.0097114545376763683 -0.041977685692157748 0.0014644295181592186 -0.16843297725393516 0.027325753890552879 -0.010992507657614859 -0.025523422023031504 0.0089935986097261014
leaf_weight=1446.0126430094242 2925.4814740717411 1590.8897988796234 192.98458907008171 208.4417479634285 149.40342780947685 233.85608410835266 3522.9357918202877 86.423020631074905 3739.9376904070377 221.46163809299469 208.70034143328667 225.65709233283997 751.03633633255959 117.10325279831886 105.24630203843117 267.95852142572403 178.97309327125549 162.41827023029327 150.8491119146347 192.20321351289749 302.38038662075996 93.084561884403229 350.91925755143166 653.41463199257851 193.34567034244537 212.16207271814346 149.36719542741776 829.76846218109131 157.19414791464806 190.65489459037781 537.15189969539642 218.7361715734005 1825.0826336741447 975.30253228545189 2737.2459128201008 129.27131471037865 57.465595632791519 250.81498700380325 73.179873883724213 782.7869930267334 138.93462729454041 533.53221815824509 499.27447083592415 594.13855636119843 190.35417199134827 155.23928052186966 127.8648664355278 146.10722064971924 755.78518411517143 75.807035177946091 530.32151907682419 205.70269972085953 120.88039454817772 85.406385689973831 611.66526925563812 201.75912219285965 102.46377992630005 540.45060020685196 112.90704283118248 70.36128094792366 359.09019213914871 111.88063871860504 52.865416765213013 84.909248828887939 523.38053199648857 141.24009621143341 55.051989883184433 49.460794538259506 797.11293637752533 73.563222348690033 222.95717251300812
leaf_count=844 3444 2754 136 176 133 116 4586 72 3304 181 131 130 625 103 82 65 260 169 83 86 224 71 183 331 96 110 94 692 100 119 349 128 1247 618 1351 128 86 189 112 1152 141 442 506 486 135 88 122 95 1033 54 579 156 179 131 847 120 62 359 87 79 441 153 74 50 400 141 78 77 1232 122 280
internal_value=-0.000133202 0.00103465 -0.00135128 0.00149612 0.00186236 0.00872671 -0.00183306 0.00161738 0.00192585 0.00963273 0.0126708 0.00764239 0.00134806 0.00267525 0.00196428 -0.0018677 -0.00114953 0.00217263 0.000405729 0.00463729 0 0.00255464 0.00163338 0.00106767 0.00600195 0.0099206 0.0126027 -0.00239526 0.00526957 1.37828e-05 0.001242 0.00548111 0 -0.00101084 -0.00139312 -0.00236369 -0.000467188 0.00308426 -0.00380561 -0.00034561 -3.75886e-05 0.000332865 0.00067052 -0.000706141 0.00133743 0.00370978 0.00578038 0.0115564 0.000543587 0.00266179 0.00154172 0.000234979 -0.000968693 0.00132699 -0.0015591 -0.00152858 -0.00366096 -0.00225998 -0.000502103 -0.00291586 0 0.00120327 -0.00381308 -0.00133582 -0.00204586 -0.0033051 -0.00252727 0.00137738 -0.00202671 0.00142967 0
internal_weight=35667.8 21110.3 3387.57 17722.7 16008.7 535.382 14557.5 15473.3 14391.7 989.57 768.108 559.408 13402.1 5521.5 5042.86 1713.97 10849.5 333.751 7880.64 645.433 453.229 301.526 4937.62 4393.35 544.265 478.633 361.529 1081.64 435.585 7235.21 3332.01 755.888 2576.12 3903.2 3712.55 2951.98 1308.23 380.086 3708 7494.57 6607.28 5540.72 5007.19 1588.19 3419 825.268 634.914 301.347 2593.73 1105.4 1029.6 333.568 1488.33 278.391 1367.45 1449.26 932.232 1247.5 707.046 3354.93 429.451 185.061 1643.76 247.328 1066.55 664.621 887.3 104.513 928.142 131.029 401.93
internal_count=33609 16977 4952 12025 11116 363 16632 10753 9866 733 552 421 9133 4303 3996 909 11781 291 4830 393 307 247 3914 3635 279 307 204 887 367 4437 2349 477 1872 2088 1969 4585 1757 317 4851 7817 6510 5429 4987 1193 3794 596 461 183 3198 1139 1085 278 2059 267 1880 1052 754 932 573 3964 520 265 2828 219 1081 541 1307 155 1440 208 540
is_linear=0
shrinkage=0.0955619


Tree=59
num_leaves=72
num_cat=0
split_feature=6 2 1 2 4 7 4 2 0 0 4 1 9 3 2 0 1 9 7 3 3 3 0 2 7 3 7 3 7 4 4 1 9 2 4 0 2 4 3 9 9 7 9 9 3 3 3 1 9 4 7 9 6 3 0 7 3 3 7 1 1 6 7 7 1 1 1 0 9 0 7
split_gain=7.34954 3.40177 2.04423 2.52965 3.02375 2.75782 1.84249 2.29883 3.37376 1.63489 2.35335 3.04391 6.68572 2.23014 2.17737 1.59957 1.59221 1.54757 1.54096 1.36901 2.84024 1.3679 1.23969 1.20555 1.17238 1.07696 1.0272 1.01973 1.38135 1.26379 1.04629 1.01352 1.07863 0.919588 0.916191 0.888149 0.889252 0.885655 0.843261 1.10983 0.793056 1.0323 0.924136 0.965876 1.3929 1.98996 0.760803 1.35527 2.13351 1.22581 1.00661 0.725045 0.639063 0.636604 0.619434 0.618769 1.00622 0.537888 0.97669 0.547816 0.522223 0.653401 0.980922 1.76579 1.138 0.502662 1.2961 0.657419 0.825026 0.520766 0.48306
threshold=-0.12940952255126037 0.1159303052754759 0.44437406304545285 -0.7721279831368929 1006.4500000000002 5.335 1003.9500000000002 -0.99862982478704421 1.0000000180025095e-35 0.37940952255126048 1008.35 -0.93535928755917819 -0.40560740584879967 1.3350000000000002 -0.62538740722492581 -0.37940952255126015 0.081675638985454754 3.65902467717846 6.2600000000000042 4.0650000000000004 4.3550000000000013 2.2750000000000004 -0.5 -0.65187484896379921 13.800000000000001 2.9050000000000007 6.3700000000000001 3.6850000000000005 7.700000000000002 1009.1500000000002 1007.4500000000002 -0.57728627067906269 1.7243431341734665 -0.97870382656940669 1011.1500000000002 0.37940952255126048 0.75546532993267157 1007.5500000000001 1.1050000000000002 1.2421757658246018 -1.2860132551925998 14.764999999999999 1.2692251921440951 0.76512307836694771 1.635 2.9750000000000005 2.2350000000000008 -0.71466676797886819 -0.89878824880347341 1005.4500000000002 5.2300000000000031 1.9598631322341158 0.1294095225512602 1.675 0.37940952255126048 5.9600000000000035 1.9750000000000003 2.7950000000000004 7.5400000000000018 -0.74981945761428159 0.76109721063455271 0.37940952255126048 10.610000000000003 8.5850000000000009 0.92591620288614507 -0.833548052892222 -0.5416228050394748 -0.5 1.0000000180025095e-35 0.60355339059327384 12.960000000000001
decision_type=2 2 2 2 2 2 2 2 2 2 2 2 2 2 2 2 2 2 2 2 2 2 2 2 2 2 2 2 2 2 2 2 2 2 2 2 2 2 2 2 2 2 2 2 2 2 2 2 2 2 2 2 2 2 2 2 2 2 2 2 2 2 2 2 2 2 2 2 2 2 2
left_child=1 6 35 4 52 -6 24 8 -8 10 11 12 15 -14 -12 -9 34 25 -7 21 -21 38 23 -23 57 53 -3 -18 29 30 -29 -22 -33 -24 -11 36 46 -10 -13 -40 41 -28 43 65 -45 -46 47 -2 -49 -50 -51 -5 -4 -16 -44 -52 -57 58 -1 -59 -53 -62 63 64 -63 -42 -67 68 -68 70 -69
right_child=2 26 3 51 5 18 7 9 37 16 14 19 13 -15 17 -17 27 -19 -20 20 31 22 33 -25 -26 -27 40 28 -30 -31 -32 32 -34 -35 -36 -37 -38 -39 39 -41 42 -43 54 44 45 -47 -48 48 49 50 55 60 -54 -55 -56 56 -58 59 -60 -61 61 62 -64 -65 -66 66 67 69 -70 -71 -72
leaf_value=-0.010885050541716559 -0.016363502026934651 -0.0057430930853257355 0.0016392366463216946 -0.0083977227148025208 0.0011562207430278503 0.0085068286420573024 0.0072434110186529455 0.0012789324461129829 -0.0077368704933256016 -0.022484034150981446 0.0026531217479450189 -0.040196172213204644 -0.0087011172914413081 -0.031807378356985529 -0.0035938909968116603 0.0019421358818128591 0.00030318341952670748 -0.019697008510944785 0.010054453041973737 0.0018378386910643733 -0.034634083843123768 0.001619160787044938 0.00014420531434926499 -0.0035962935483786263 0.0032584281738332337 -0.022864947015303873 -0.0080828595889286033 0.0061300977622361086 -0.021189765912121811 -0.00025676963843424471 0.024753877316146155 -0.0029858005549929312 -0.0021957294286604301 -0.0028998391515917166 0.0057768194288020224 -0.07737963185076184 -0.081969340465539622 0.00067694867212417166 -0.0023333016758137143 0.0032935711716664141 -0.032195597539957224 0.00080955978274162386 -0.00086603716482274676 -0.023058697991558619 0.016375407395460315 0.0022570461385666507 -0.026789686131999422 -0.015742882512637515 -0.0034154903250559884 0.0033465780973686477 0.050135001195150068 -0.051718250886603166 -0.0072627781112963993 0.0012126510654479328 0.0090569692156501173 0.0031961759220037727 0.054690060626917031 -0.008729784945152641 -4.6108366722565671e-06 -0.0090013048156827122 -0.0012263127615290742 0.011091312933245204 -0.054030303071950288 0.048320350306920876 -0.011275906986652226 0.0032316717368224323 -0.010336682558356005 -0.026099770769099931 0.0081341536590047725 0.0078689196843909261 -0.00070332634781724169
leaf_weight=207.70081251859665 1336.0319381952286 3294.6947990059853 69.106673568487167 2551.7419140338898 92.135745644569397 63.209873616695404 177.24829596281052 148.40160575509071 121.77592372894287 1462.8282570838928 475.12879031896591 273.6881690621376 120.40272691845894 326.88639831542969 240.7658993601799 210.46178930997849 1960.3553546071053 230.37495237588882 69.106348693370819 405.22491276264191 227.220105946064 575.25118646025658 332.55127614736557 281.72685226798058 278.24376773834229 220.18268626928329 1152.1837532818317 163.5236080288887 132.44146174192429 112.99894300103188 153.83580386638641 880.73060184717178 281.84523868560791 2369.7127678394318 67.906929522752762 2577.2579118907452 1795.5463615059853 122.34788912534714 773.44572824239731 421.39120137691498 150.64322274923325 78.021505892276764 1663.2837163805962 92.46516489982605 165.77589294314384 121.50385826826096 1523.4403581023216 308.32833251357079 69.214946448802948 86.777221500873566 75.29941514134407 226.48789116740227 173.59760543704033 271.0163162946701 249.46931684017181 157.678980499506 61.71105033159256 210.07756176590919 303.06449154019356 1028.1859342753887 354.11053830385208 91.02154141664505 118.77444061636925 112.00428423285484 203.1075177192688 149.89555084705353 126.17528223991394 402.11560672521591 117.32022973895073 112.37329116463661 107.2142813205719
leaf_count=135 2343 3381 64 3793 130 66 60 112 82 1844 126 108 55 211 76 87 1176 56 101 143 92 287 132 133 66 88 1260 145 41 82 107 305 71 713 78 3780 2457 78 327 143 105 79 1207 79 132 104 2541 515 91 148 112 374 250 100 232 212 86 123 133 447 406 118 150 162 301 122 135 282 109 127 93
internal_value=-0.000122327 0.000858733 -0.00203695 -0.000283561 0.00628791 0.0142411 0.00168287 0.00208728 0.00907177 0.00185409 0.00256832 0.00188097 0.00744734 -0.000156063 0.00614127 0.0171168 0.000233029 0.00337295 0.022976 0.00120698 0.00347697 0.00037656 -0.000614588 0.00250468 -0.000971583 0.00106583 -0.000736821 0.00172831 0.00532783 0.00800089 0.0110768 0.00133909 0.00253201 -0.00163989 -0.00216936 -0.00292979 -0.00219809 0.00132305 0.00283932 0.00395848 0.000153507 -0.0019035 0.000913188 0.00265815 0.00688129 0.0102137 -0.00129498 -6.65876e-05 0.00310509 0.00733788 0.00952148 -0.0011524 -0.000757811 0.00356742 -0.000449504 0.0121674 0.0086414 -0.00192751 0.000527522 -0.00301464 0.000830897 0.00195152 0.00412167 0.00642365 0.00211295 0.00119011 0.00201659 0.000469289 0.00472475 -0.00106001 -0.0024813
internal_weight=35667.8 23552.1 12115.7 4124.4 467.156 224.452 15568.9 13541.7 421.372 13120.3 9066.41 7628.94 806.153 447.289 1437.47 358.863 4053.89 962.34 132.316 6822.79 1795.02 5027.77 3559.24 856.978 2027.27 731.965 7983.14 2523.16 562.8 430.358 317.359 1389.8 1162.58 2702.26 1530.74 7991.29 5414.03 244.124 1468.53 1194.84 4688.44 1230.21 3458.24 1545.48 379.745 287.28 3618.48 2095.04 759.01 450.682 381.467 3657.25 242.704 511.782 1912.75 294.689 219.39 1749.03 510.765 1238.26 1105.51 879.018 524.908 406.133 294.129 1165.74 1015.09 865.199 243.496 621.703 509.33
internal_count=33609 15409 18200 5915 611 297 7962 7058 220 6838 3365 2919 465 266 446 199 3473 320 167 2454 611 1843 1265 420 904 264 7447 1551 375 334 252 468 376 845 1922 12285 8505 160 578 470 4066 1339 2727 1288 315 236 6048 3507 1164 649 558 5304 314 176 1439 410 298 838 268 570 1511 1137 731 581 419 973 868 746 244 502 375
is_linear=0
shrinkage=0.0955619


Tree=60
num_leaves=72
num_cat=0
split_feature=6 2 0 4 2 1 9 1 9 0 2 2 1 4 0 4 1 8 0 1 2 2 2 2 2 9 4 1 5 4 9 8 8 0 8 3 1 9 9 8 8 3 3 2 8 9 9 2 1 8 9 8 8 8 2 4 0 1 8 1 8 4 9 0 1 2 8 2 8 3 3
split_gain=7.38831 3.7319 2.27351 3.68459 2.89669 3.19397 3.17595 2.51485 2.26629 1.99532 1.9974 1.34523 1.66695 2.4488 2.35878 1.16619 0.864421 2.58037 0.864119 0.8526 0.84957 1.11821 1.81505 1.29328 2.29205 0.949713 0.831806 0.827887 0.79682 0.829381 0.784382 0.775387 1.07435 0.759372 0.718096 1.51366 2.26029 1.00603 0.709424 0.696617 1.66682 0.695098 0.830022 1.99779 1.34312 1.66815 0.665748 0.634298 0.818212 0.629243 0.620311 1.12191 0.61247 0.558051 0.555804 0.403829 0.386653 0.703726 0.361773 0.703188 1.06172 0.449112 0.680146 0.35453 0.62112 0.340137 0.460667 0.4712 0.516084 1.37654 0.437333
threshold=-0.12940952255126037 0.1159303052754759 0.37940952255126048 1008.35 -0.49749486057528974 0.012910176522261303 3.65902467717846 -0.99273952934267318 -0.40560740584879967 0.37940952255126048 -0.99981480381338828 -0.61186373645567615 0.1670500785599974 1006.35 -0.12940952255126037 1002.2500000000001 -0.54883787585413535 6.5000000000000027 -0.9159756150367534 0.098819223632317002 -0.9993703818063705 -0.98208922706762081 -0.96227343267549392 -0.91583036384466876 -0.89388548498445497 -1.1412490288949255 1011.1500000000002 0.98801351631316348 -0.98296291314453399 1008.0500000000001 0.4914469144387788 12.930000000000003 12.235000000000001 0.25881904510252057 9.1250000000000018 2.3050000000000002 0.86095304316285726 0.26852288081569858 -0.32621487697053192 8.1700000000000017 8.4450000000000003 1.2550000000000001 2.2350000000000008 0.20931464596304869 7.1049999999999995 0.12477726858016781 -3.7007629824741382 0.18399153619612912 0.96460524310950191 7.9300000000000024 2.7060101590422225 12.015000000000002 7.0200000000000022 8.1099999999999994 -0.055914918885874271 1009.1500000000002 -0.5 0.51973899919070166 10.235000000000001 0.45972848220565493 10.945000000000004 1011.5500000000001 2.7060101590422225 -0.60355339059327384 0.53436760985011655 0.34157076916785584 5.5400000000000018 0.74982640120456845 8.2900000000000027 2.6950000000000007 1.4750000000000003
decision_type=2 2 2 2 2 2 2 2 2 2 2 2 2 2 2 2 2 2 2 2 2 2 2 2 2 2 2 2 2 2 2 2 2 2 2 2 2 2 2 2 2 2 2 2 2 2 2 2 2 2 2 2 2 2 2 2 2 2 2 2 2 2 2 2 2 2 2 2 2 2 2
left_child=1 2 3 7 5 -5 54 8 -1 10 -2 12 16 -14 28 -9 17 18 -12 26 -17 25 38 46 -25 52 -4 31 -15 -30 -13 32 34 41 35 -21 37 -37 -23 -18 -41 -3 43 -43 45 -45 -24 -44 49 -49 56 -52 -22 -16 -6 -36 57 -51 65 -60 -61 -62 -63 64 -31 -35 -67 68 70 -70 -68
right_child=9 33 19 4 6 -7 -8 15 -10 -11 11 30 13 14 53 20 39 -19 -20 27 21 22 23 24 -26 -27 -28 -29 29 63 -32 -33 -34 58 55 36 -38 -39 -40 40 -42 42 47 44 -46 -47 -48 48 -50 50 51 -53 -54 -55 -56 -57 -58 -59 59 60 61 62 -64 -65 -66 66 67 -69 69 -71 -72
leaf_value=0.0009379727672620122 0.037596575691653547 -0.0093669898603057702 -0.015733915498708059 0.0055039435756356501 -0.011172617470815872 0.0013616507119665838 -0.017593512332745486 -0.0086982215174000801 -0.0074364099073095597 -0.052675859713837439 0.011950377016006139 -0.030364128526563002 -0.0065687335750845652 0.0041223679250053571 0.041468375601606926 -0.00044105921396482822 -0.054808476896818843 -0.027085139663831519 0.024339698480123267 -0.0010554195842303216 -0.009883890253784125 -0.024096278609372832 0.00033901310503243456 0.0012882576971045205 0.0012824394178262985 -0.032699435910194127 0.0052247758581734976 -0.0034328762896199076 -0.00019435800853382154 0.0040521936784060388 -0.0015119516058077465 -0.0052970911130925434 0.018073113434685914 -0.012806070699153039 -0.020166365664568951 0.010111993307917601 0.025656779048132253 -0.00026240123357360495 0.00092617600903751349 0.05962860741185258 -0.095407150907812488 0.0003518536790761793 -0.0020776513300200944 -0.031976725868459552 -0.00040993969617572271 0.00048817032262933564 -0.012735972811211979 -0.025309282464796488 0.00047498510944173571 -0.026974974735075471 0.010510516073373341 -0.013826026908080288 0.0076720038348932146 0.021048506284338263 0.0010986002180794012 0.0024763000986057003 -0.0019215178428633635 0.034133211962901595 -0.057592929705675422 0.0076045627016810237 -0.013299797100893322 -0.0016057789909602158 0.031183927512094471 0.0076939003315630783 0.01756796114887664 -0.0084400071883296707 0.00095473410474476359 -0.081538825763428219 -0.038833302201207412 0.068405110726565882 -0.0099324890838983527
leaf_weight=268.53098967671394 55.828055679798126 678.09850299358368 1611.2737039029598 285.14155149459839 352.78708606958389 339.74055683612823 229.77813422679901 562.23965716362 253.01776811480522 3704.8443737924099 56.704726219177246 3556.920415699482 395.31129920482635 72.874154448509216 73.175020724534988 224.4460312128067 723.33991456031799 301.09071886539459 70.588555365800858 495.79279324412346 219.44182687997818 175.10674393177032 155.63447338342667 339.63883417844772 6009.7113097906113 467.77352488040924 67.906929522752762 461.53469231724739 262.92992800474167 63.13041752576828 2390.8409885168076 311.04778242111206 115.58590456843376 666.41811981797218 297.72753638029099 391.25588113069534 112.81184586882591 179.86092403531075 324.0195010304451 58.892783164978027 129.49236500263214 147.21608740091324 298.54012155532837 95.73761647939682 891.65018612146378 108.61708641052246 697.35911026597023 500.41670289635658 166.43218421936035 194.97954070568085 114.12640550732613 115.04017877578735 217.36516028642654 43.832592159509659 257.57832950353622 144.83565774559975 733.21212449669838 154.51778382062912 716.57381439208984 203.10460177063942 252.40286839008331 281.63338801264763 105.7073181271553 85.443035304546356 70.451546341180801 94.580511003732681 213.14012157917023 671.91272911429405 128.97246241569519 86.931753993034363 363.17326229810715
leaf_count=128 72 495 2002 84 118 85 55 220 143 5600 66 5357 498 35 116 82 1227 493 125 339 88 95 75 134 2223 223 78 255 340 90 3589 100 60 497 229 265 49 153 111 63 222 68 92 90 737 73 278 393 76 289 112 77 91 77 109 90 742 141 934 162 216 316 123 144 86 89 183 882 149 99 412
internal_value=-1.17707e-05 0.000972024 0.00183496 0.00253571 0.00702833 0.0119997 0.0031941 0.00186074 0.00834281 -0.00193173 -0.00110145 -0.00123462 0.000641583 0.00348266 0.00701972 0.00148865 -0.0015534 0.00184268 0.0132358 -4.6356e-05 0.00176391 0.00159734 0.00197601 0.0015718 0.00204824 -0.00151975 -0.00173291 0.00104509 0.00415691 0.00247146 -0.00200967 0.00189504 0.00270671 -0.000699227 0.00199243 0.00324349 0.00616321 0.00347724 0.00758395 -0.00325223 0.00154647 0.000165509 0.000726416 0.00271796 0.0012057 0.0081605 -0.00186069 -0.000321583 0.000255368 -0.000287924 0.000755285 0.00525457 0.00152275 0.0194286 -0.000275039 -0.00113153 -0.000120965 0.00238634 -0.00168276 -0.000489108 0.00130625 -0.000475897 0.0013946 0.00683282 0.00997158 -0.00247571 -0.00160137 -0.0020655 -0.000351509 0.0034573 -0.00194926
internal_weight=35667.8 23552.1 15568.9 11379.3 1465.03 624.882 840.144 9914.28 521.549 12115.7 8410.85 8355.02 2407.26 1067.15 671.837 9392.74 1340.11 428.384 127.293 4189.63 8830.5 8606.05 7701.47 7202.34 6349.35 904.581 1679.18 2510.45 554.829 481.955 5947.76 2048.92 1737.87 7983.14 1622.28 1179.72 683.929 571.117 499.126 911.725 188.385 4198.58 3520.49 1243.22 1096 204.355 852.994 2277.27 1978.72 1812.29 1311.88 229.167 436.807 117.008 610.365 442.563 1082.71 349.497 3784.55 1559.42 842.848 639.744 387.341 219.025 133.582 2225.13 1558.71 1464.13 792.218 215.904 576.313
internal_count=33609 15409 7962 4342 451 169 282 3891 271 18200 12600 12528 3582 1386 888 3620 2196 684 191 3620 3400 3318 2916 2710 2357 402 2080 1540 695 660 8946 1285 1185 7447 1125 806 467 418 206 1512 285 3385 2890 968 900 163 353 1922 1830 1754 1361 189 179 193 227 319 1172 430 4062 1751 817 655 439 320 176 2311 1814 1725 843 248 595
is_linear=0
shrinkage=0.0955619


Tree=61
num_leaves=72
num_cat=0
split_feature=6 0 0 8 2 4 3 3 1 0 2 1 2 9 1 2 4 2 4 2 3 9 3 3 2 8 1 3 3 4 9 9 8 4 1 0 9 8 8 8 0 8 8 8 4 5 9 3 3 5 4 3 8 1 2 1 9 9 1 6 9 8 8 3 1 3 1 2 2 1 9
split_gain=7.09386 2.68926 2.56301 2.68033 2.04426 2.91368 3.04838 4.42906 1.56745 1.6288 1.41339 1.32942 1.81968 1.1582 1.08421 1.21966 1.01862 0.990066 0.943873 1.56129 1.33472 2.20658 2.28975 2.18288 1.23548 0.913388 0.762896 1.7251 1.82232 0.910452 0.976395 2.13643 0.83307 0.754352 1.33895 0.745069 0.625668 0.578131 0.614333 0.543973 0.543542 0.535866 1.28749 1.37614 1.08569 1.31597 1.84388 1.37382 0.565225 0.562665 0.608172 0.920648 0.531528 0.524011 0.476784 0.466561 0.548768 0.548158 0.444418 0.406698 1.07196 0.406381 1.10987 0.927356 2.32754 0.900121 1.20657 0.788943 0.395023 0.570427 0.599985
threshold=-0.37940952255126015 -0.37940952255126015 0.37940952255126048 4.5250000000000012 0.20088311396693925 1008.35 1.9750000000000003 2.9750000000000005 -0.99273952934267318 -0.37940952255126015 -0.081676395330422633 0.33346569090932193 -0.081676395330422633 0.7408130147234645 0.081675638985454754 -0.97870382656940669 1007.6500000000002 0.85651926849515192 1003.9500000000002 -0.99862982478704421 4.0650000000000004 2.0973537008014209 4.9850000000000012 2.3350000000000004 -0.39754281428255622 13.865 -0.5416228050394748 1.925 1.2950000000000002 1009.0500000000001 1.2421757658246018 0.12477726858016781 8.360000000000003 1006.4500000000002 0.5772862706790628 -0.5 -2.1698448063310205 11.52 13.480000000000004 7.2500000000000027 0.91597561503675351 8.9800000000000004 10.91 10.570000000000004 1005.7500000000001 -0.78656609248549303 1.4771880117935512 2.9550000000000005 2.4950000000000006 -0.98296291314453399 1006.0500000000001 2.3850000000000002 12.615000000000004 0.98801351631316348 0.86527520261780289 -0.21772121422198129 -0.51074284602696796 1.4489232199185376 0.84293373149377093 -0.12940952255126037 -1.8823668277034871 12.725000000000003 10.235000000000001 2.5150000000000001 0.823915376013162 3.4850000000000008 0.54883787585413535 -0.63872576220844923 -0.61186373645567615 0.4749466738948262 -1.0090011488678436
decision_type=2 2 2 2 2 2 2 2 2 2 2 2 2 2 2 2 2 2 2 2 2 2 2 2 2 2 2 2 2 2 2 2 2 2 2 2 2 2 2 2 2 2 2 2 2 2 2 2 2 2 2 2 2 2 2 2 2 2 2 2 2 2 2 2 2 2 2 2 2 2 2
left_child=2 17 3 -1 5 8 -7 10 9 -5 -8 -3 33 -9 39 -16 -6 41 25 -20 23 22 -22 24 -21 -10 27 28 -18 30 31 -28 -29 37 36 -25 -35 -13 -39 -4 53 48 43 44 -43 46 47 -46 49 -2 51 55 -36 61 -42 56 -51 -58 -31 60 -50 62 65 64 -64 67 -67 -17 69 70 -52
right_child=1 11 14 4 16 6 7 13 18 -11 -12 12 -14 -15 15 40 26 -19 19 20 21 -23 -24 35 -26 -27 29 32 -30 58 -32 -33 -34 34 52 -37 -38 38 -40 -41 54 42 -44 -45 45 -47 -48 -49 59 50 68 -53 -54 -55 -56 -57 57 -59 -60 -61 -62 -63 63 -65 -66 66 -68 -69 -70 -71 -72
leaf_value=0.0016444320227731451 -0.0042257522673849511 -0.061458403310276286 -0.0014514906639668109 -0.00071469621755744462 -0.00089798439216751569 -0.00023230928122839399 0.0014775817920301354 -0.0021115248731642558 -0.0032987479130735498 0.0013059337927490121 0.00098752331824677173 -0.057410071536091553 -0.042429174274152902 -0.00072217749502303521 0.0091456724871488582 0.0026742333653228738 -0.024118961246318502 -0.046048653711623602 0.0016036295921012119 0.00089825341409137524 0.0069164703479447582 -0.0033575490199624432 -0.0019712219686054992 0.0013013007254839999 0.0026838022126052146 0.00099743072510092168 -0.00057748750932656715 -0.0086887726865549873 0.0026750009593348111 -0.0020791776663628019 -0.00064436354132342522 0.008126523693793939 0.013663165982029216 0.013543931931548861 -0.00086540759887389503 -0.0016633174893710221 0.010895064905279599 0.042665552216979631 -0.044432638942082089 -0.030718731370572301 0.015494179602184891 -0.038068373049048129 -0.00072440905463767098 0.028169944337488095 0.00088636386943121001 -0.0074980669533691183 -0.0088708894682254097 0.045488232799202631 0.011098876744895011 -0.069024520734011455 -0.028295932009274834 0.0071083054727611736 0.014143965013467373 -0.010779554770998102 -0.055438619795802044 -0.077775983537042723 0.011897813320375395 0.00029436127670690217 -0.011239762097372052 -0.0043047225232144097 -0.0051220577889079365 -0.0056813530799643417 -0.0025210087491723487 0.0022396459538385491 0.014355501688072756 -0.0017375892124962553 0.013307066859916405 -0.0094225462893730259 -0.0066874721227381572 0.0091122040871498364 0.018961751430288103
leaf_weight=164.1583594083786 500.54740861058235 4645.3570736944675 1279.421060025692 195.18736413121223 927.65569627285004 502.00628125667572 418.67408499121666 276.70562696456909 1422.183975815773 239.04749375581741 265.12599217891693 248.40686804056168 1568.7222417891026 228.67810273170471 116.30700880289078 431.19044327735901 126.18244296312332 1230.0237790048122 260.5307874083519 1157.0308094024658 990.91301465034485 342.3468998670578 425.72587740421295 589.53330421447754 532.77053219079971 314.67017984390259 173.78807199001312 446.75423234701157 188.81280380487442 1078.2019280791283 373.9818252325058 119.84289008378983 158.21692550182343 61.627447903156281 404.80387994647026 2819.8468089699745 102.72040659189224 93.137794435024261 73.469881176948547 1238.0906401276588 385.50287488102913 149.0219010412693 1041.5648184120655 72.186619251966476 143.10823413729668 209.58120247721672 78.606500744819641 105.36955678462982 112.87117749452591 70.40205454826355 177.6515391767025 60.640596896409988 63.284310698509216 467.70926260948181 88.60262805223465 121.00595769286156 89.64220854640007 68.454172611236572 442.49707490205765 1102.4895116388798 283.09169203042984 479.16810837388039 109.39770209789276 380.30173581838608 122.24788933992386 171.66514378786087 110.95080125331879 701.70928779244423 1167.5434402227402 105.02588576078415 254.078468978405
leaf_count=57 616 7112 1501 99 584 149 115 104 581 100 97 433 2385 59 112 203 84 1771 84 408 353 84 171 216 185 69 140 334 116 1268 264 67 147 106 689 901 162 129 107 1575 500 162 1330 98 153 340 78 94 111 117 287 65 78 177 104 142 112 86 168 1623 245 351 136 237 80 129 67 432 1903 124 343
internal_value=5.95005e-05 -0.00157497 0.0011712 0.00183648 0.00169528 0.00237154 0.00603886 0.00867108 0.00169234 0.00733286 0.0136907 -0.00287088 -0.00109588 0.00165986 -0.000473984 0.000577883 -0.000121851 -0.000243866 0.00140312 0.00189337 0.00159898 0.00388081 0.00556552 0.000791934 0.00360539 -0.00055218 0.000683592 0.0029968 0.00870028 -0.000248512 0.00263537 0.0067555 0 0.00193038 0.00403432 -0.000576727 0.0114556 -0.00105662 0.00295564 -0.00199964 0.000221817 0.000255171 0.00163828 0.00463982 0.00311619 0.00519026 0.00896988 0.0130475 -0.000327766 0.000492237 0.00120386 0.00451603 0.00118114 -0.000228831 0.00323141 0.00225941 0.00490992 0.00808853 -0.0015784 -0.00181956 0.000616532 0.000285961 0.000910539 0.0043186 0.00911424 -0.000501944 0.00420353 -0.00176516 0.000346275 0.0025195 0.000723305
internal_weight=35667.8 14404.4 21263.3 15181.1 15016.9 10981 1691.19 1189.18 9289.79 434.235 683.8 7261.53 2616.17 505.384 6082.26 3564.75 4035.93 7142.91 8855.55 7118.7 6858.17 1758.99 1416.64 5099.18 1689.8 1736.85 3108.28 919.966 314.995 2188.31 667.613 293.631 604.971 1047.45 632.436 3409.38 164.348 415.015 166.608 2517.51 3448.45 5912.88 1799.44 757.874 685.687 536.665 327.084 248.478 4113.44 2614.99 2114.44 410.145 468.088 2974.34 474.106 349.504 228.498 158.096 1520.7 1498.45 395.963 2506.63 2027.46 611.947 231.646 1415.52 282.616 1132.9 1704.3 536.756 431.73
internal_count=33609 21001 12608 7004 6947 3775 524 375 3251 199 212 11201 4089 163 5604 2528 3172 9800 3052 2402 2318 608 524 1710 593 650 2588 681 200 1907 471 207 481 1704 1035 1117 268 669 236 3076 2416 8029 2255 925 827 665 325 247 5774 3795 3179 522 767 1812 604 457 315 198 1436 1979 356 1635 1284 453 216 831 196 635 2657 754 630
is_linear=0
shrinkage=0.0955619


Tree=62
num_leaves=72
num_cat=0
split_feature=6 8 1 0 1 8 1 4 3 1 8 3 4 3 1 1 1 0 8 8 7 4 4 8 9 9 7 7 8 7 9 9 9 3 9 1 1 8 3 1 1 9 1 9 4 9 3 3 3 8 8 7 7 3 9 9 1 0 8 7 4 7 7 4 1 4 5 9 4 4 1
split_gain=6.81744 2.96997 2.6024 1.78195 1.70489 2.16939 1.58345 2.03494 2.58313 1.41017 1.44623 2.88634 1.94756 2.39477 1.52583 1.6059 1.35951 1.17819 1.14591 1.81218 1.11277 1.06651 1.05711 1.03186 1.96682 0.916185 0.769605 2.63309 1.05591 0.79884 1.2316 2.76167 1.08119 0.95201 0.727617 0.691265 0.820904 1.00367 0.746956 0.789329 0.651617 0.645891 0.634248 0.629899 0.817389 0.908051 0.60751 0.826221 0.60446 0.830758 0.686813 1.14206 0.57809 1.30348 2.48178 0.551226 0.961027 0.509811 0.489146 1.08813 0.461176 0.407196 0.427129 0.849512 1.01361 0.445829 0.505144 0.571891 0.406715 0.362897 0.672416
threshold=-0.5 4.5250000000000012 0.44437406304545285 0.37940952255126048 0.54883787585413535 11.870000000000005 -0.99273952934267318 1007.6500000000002 1.9150000000000003 -0.96683886033945943 6.9300000000000024 2.4650000000000003 1006.7500000000001 2.0450000000000004 0.53436760985011655 -0.71466676797886819 0.99906486341235867 -0.37940952255126015 5.7299999999999995 6.5000000000000027 5.6900000000000004 1006.4500000000002 1008.1500000000002 8.8900000000000041 0.12477726858016781 0.31963022590431406 5.714999999999999 5.3600000000000021 8.4100000000000037 7.330000000000001 0.44469250106146069 0.12477726858016781 0.86941375320298253 4.3850000000000007 0.10224542043327213 -0.57023701209772126 -0.71466676797886819 6.5949999999999998 2.2350000000000008 -0.65189295912203338 0.92591620288614507 0.7408130147234645 -0.7610972106345526 3.9116299212996766 1009.1500000000002 -1.2860132551925998 2.1150000000000007 2.8050000000000002 3.2850000000000006 13.980000000000004 10.800000000000004 10.535000000000002 2.0949999999999993 2.3250000000000006 -1.0000000180025095e-35 -4.1287939789626771 0.081675638985454754 0.37940952255126048 5.7549999999999999 4.5000000000000027 1011.7500000000001 10.860000000000003 8.745000000000001 1010.4500000000002 0.83354805289222267 1005.9500000000002 -0.78656609248549303 -0.80912018151492038 1008.0500000000001 1010.1500000000002 0.13301347478292308
decision_type=2 2 2 2 2 2 2 2 2 2 2 2 2 2 2 2 2 2 2 2 2 2 2 2 2 2 2 2 2 2 2 2 2 2 2 2 2 2 2 2 2 2 2 2 2 2 2 2 2 2 2 2 2 2 2 2 2 2 2 2 2 2 2 2 2 2 2 2 2 2 2
left_child=1 -1 17 6 5 21 7 8 -3 -8 11 12 -11 25 15 -13 26 35 -17 -20 52 34 -23 24 -22 -14 27 28 41 33 31 -31 -32 42 -4 36 58 -38 39 -39 48 -12 -28 44 -25 -46 -47 -48 61 50 -50 68 53 54 -5 56 -54 -24 59 -2 -60 62 65 64 -64 -6 67 -67 -52 70 -19
right_child=2 3 4 20 40 -7 9 -9 -10 10 16 14 13 -15 -16 18 -18 69 19 -21 23 22 57 43 -26 -27 29 -29 -30 30 32 -33 -34 -35 -36 -37 37 38 -40 -41 -42 -43 -44 -45 45 46 47 -49 49 -51 51 -53 55 -55 -56 -57 -58 -59 60 -61 -62 -63 63 -65 -66 66 -68 -69 -70 -71 -72
leaf_value=0.0026942079767496106 -0.013265515652830144 0.0018566607884882486 7.0886733011996328e-05 -0.028601440189360637 -0.020706311101607405 -0.044942623987135999 -0.016990928630522779 -0.0047925039011160594 -0.00010184667649761807 -0.012759147799995657 -0.012450547369213191 -0.017671060003886654 -0.046475014617781071 -0.0050060915589000771 -0.024653772910442392 -0.0051035840547437594 0.003675402933365603 -0.046111245117468287 0.0024042669791087628 -0.00018238180360569163 0.010705526847033969 0.0082414249771976655 0.04057504848345745 -0.012570718323860352 -0.0022147014126809965 -0.00095637414201969284 -0.017136216316280664 0.0033255671967074942 0.0058143711724846026 0.00095917893014990001 -0.0025280434140761989 0.0074753801063501294 0.00015719094994840353 0.00059107073100825606 -0.0055296459588695815 -0.0088154496811454711 0.016927038895091995 0.038178397069016073 -0.045474882455345783 -0.033070764503456376 -0.0033071309542387255 -0.0049562346432849083 -0.0085666561009451973 0.0079519211474551078 -0.049109765937659061 -0.0077668343240447097 0.0072507376292762094 0.0083802824146509188 -0.0025938889920108527 -0.01996563662563006 0.012792341504179809 -0.004345773627091344 -0.029370806981734516 -0.017097278501437021 0.0037729018588446121 -0.013153961775903243 0.019987471206768196 -0.0054011082691263592 -0.027495777088870049 0.016537183260158721 0.021913794176908589 -0.059771684556998335 0.0059403446586368891 -0.019501077348644553 0.025410245046549672 0.00014903480766899991 -0.001230498518039044 -0.003578076010999211 0.045764748829292295 -0.1035909983934251 0.0023223095078279679
leaf_weight=263.11233329772949 199.40021309256554 178.59872508049011 104.30110800266266 127.90057665109634 255.27789261937141 208.88381534814835 505.53004792332649 186.86746168136597 201.44457772374153 297.46973568201065 376.53807511925697 342.55097699165344 204.3358690738678 295.088708370924 388.61096620559692 281.5720391869545 234.83701667189598 2639.3663777709007 577.73453396558762 466.18203136324883 136.47006732225418 126.36234676837921 100.14268803596497 382.35236746072769 220.24377819895744 240.17226248979568 273.70027410984039 274.7191436290741 341.44973701238632 2084.9793179035187 518.17143735289574 379.12462443113327 4299.9015313088894 324.72348839044571 89.46808734536171 2464.3820785582066 109.49566864967346 66.257926523685455 175.94971418380737 81.761172562837601 1819.7705178558826 241.17048239707947 1501.4379628896713 238.12396714091301 210.28685185313225 112.00123065710068 98.33138445019722 221.8630636036396 162.63607373833656 127.87841421365738 94.79254949092865 177.47227862477303 76.099618524312973 247.77612015604973 129.58846119046211 2734.9533556103706 76.549869388341904 67.63843247294426 1095.3493783771992 107.41134035587311 105.81851249933243 272.88368707895279 112.44279581308365 147.45211377739906 84.902693241834641 119.88332363963127 1082.5331525802612 132.88987013697624 102.64120763540268 2446.2718124985695 493.48928698897362
leaf_count=131 355 70 96 110 306 297 316 86 102 125 164 206 102 118 107 111 73 4707 198 161 94 153 154 164 145 94 180 112 130 1428 247 165 1813 149 92 3479 145 98 258 115 2450 76 614 110 262 117 85 177 196 142 115 172 98 205 77 2402 83 104 1841 154 170 397 151 222 91 122 1706 152 164 2987 811
internal_value=2.51891e-06 0.00115508 -0.00151251 0.00101666 0.000163377 0.00457791 0.00153896 0.00652497 0.0105467 0.00133574 0.0015204 0.00335503 0.00747718 0.0101062 0.00122418 0.00251564 0.000988018 -0.0024264 0.00405313 0.00552563 -0.000529412 0.00811036 0.0117897 0.00150087 0.00602738 0.00531277 0.00081805 0.00307452 0.000598088 0.000510545 0.000990849 0.00272874 8.16271e-05 -0.00110973 0.0019665 -0.00122348 7.91523e-05 0.003775 0.000758065 0.00593267 -0.000474221 -0.00164668 -0.00201435 0.000138686 -0.000815675 0.0011527 0.00376226 0.00594105 0.000395071 0.00292884 0.00465065 0.00689653 -0.00152661 0.00133986 0.0062022 -0.00206133 0.00323581 0.00582764 -0.000925837 0.00233516 -0.00183982 -0.000328595 0.000113839 0.0031881 0.00735223 -0.000497877 0.000136986 0.00401737 0.0118924 -0.00335856 -0.00259504
internal_weight=35667.8 20292.6 15375.2 20029.5 5390.25 696.796 15016.9 566.911 380.043 14450 13944.5 3093.72 1037.07 739.597 2056.65 1668.04 10850.8 9984.95 1325.49 1043.92 5012.54 487.913 294.143 1619.67 356.714 444.508 10615.9 1233.88 959.158 9382.04 7282.18 2464.1 4818.07 2099.86 193.769 4405.83 1941.44 433.464 323.969 148.019 4693.46 617.709 1775.14 1262.96 1024.83 642.483 432.196 320.194 2873.69 665.421 537.542 374.906 3392.87 505.265 257.489 2887.6 152.649 167.781 1507.98 306.812 1201.17 2208.27 1935.38 344.798 197.345 1590.58 1335.31 252.773 197.434 5579.13 3132.86
internal_count=33609 11207 22402 11076 7282 896 6947 258 172 6689 6373 1222 439 314 783 676 5151 15120 470 359 4129 599 411 1154 239 196 5078 482 370 4596 3653 1593 2060 943 188 6615 3136 616 471 213 6386 240 794 915 805 641 379 262 3936 789 647 451 2975 392 187 2583 181 258 2520 509 2011 3147 2750 464 242 2286 1980 274 279 8505 5518
is_linear=0
shrinkage=0.0955619


Tree=63
num_leaves=72
num_cat=0
split_feature=6 0 8 0 4 9 7 7 4 3 4 1 4 1 1 9 8 9 8 7 9 1 0 4 6 1 3 9 7 8 9 1 8 8 1 8 1 9 7 8 1 1 3 8 7 1 4 1 1 9 3 0 3 0 4 4 1 1 9 4 7 9 1 3 9 7 1 7 9 7 4
split_gain=6.81388 2.26722 2.05477 1.69192 2.07637 2.42113 2.89016 4.78944 2.08085 2.32556 1.57136 1.49764 1.25721 1.37953 1.93078 1.54713 1.20096 1.1644 3.04599 3.22223 1.22683 0.912412 0.911673 0.806705 0.789995 0.742784 0.952889 1.8301 0.923052 1.35324 1.11531 0.947192 0.740856 0.753118 0.736943 0.917307 1.00376 1.03935 1.43181 2.35111 1.69438 2.13174 0.855091 0.648687 1.01924 1.23982 0.641389 0.633884 0.682325 0.61858 0.734207 0.55399 0.549744 0.545796 0.539449 0.693956 0.50997 0.494954 0.7012 0.488209 0.569574 0.698539 0.659758 0.55007 0.74017 0.933183 0.477146 0.472096 0.827399 0.848955 0.448622
threshold=-0.37940952255126015 0.37940952255126048 4.5250000000000012 0.37940952255126048 1005.7500000000001 -2.4330261460451061 5.1700000000000008 4.8600000000000021 1008.2500000000001 2.2350000000000008 1007.2500000000001 -0.99628894895067444 1005.9500000000002 0.97310932590074095 0.53436760985011655 1.6908850021393571 12.985000000000001 -2.2821905133841862 6.165 6.3199999999999994 5.0937704837932047 -0.97873101657557326 1.0000000180025095e-35 1005.4500000000002 0.98296291314453421 0.098819223632317002 2.0550000000000002 1.9598631322341158 6.7299999999999995 10.945000000000004 -2.8470340491331743 0.77214943412548942 7.2500000000000027 7.1900000000000004 0.1670500785599974 13.980000000000004 0.63209755774300602 0.07542098150684852 5.5200000000000022 10.945000000000004 0.49002412863433359 0.2843565540399125 2.2350000000000008 5.8050000000000006 4.6300000000000017 -0.54883787585413535 1006.5500000000001 0.42888796625999276 0.54883787585413535 -0.43090211841463949 2.1150000000000007 -0.5 5.8450000000000006 0.60355339059327384 1011.7500000000001 1007.7500000000001 0.87795195455888941 0.87795195455888941 2.8026846268406769 1004.5500000000001 6.2900000000000018 2.4267074611704982 -0.25118773779856163 5.3350000000000009 1.0000000180025095e-35 7.4400000000000039 0.73248728852523659 8.5850000000000009 1.2131758420300012 10.365000000000002 1013.35
decision_type=2 2 2 2 2 2 2 2 2 2 2 2 2 2 2 2 2 2 2 2 2 2 2 2 2 2 2 2 2 2 2 2 2 2 2 2 2 2 2 2 2 2 2 2 2 2 2 2 2 2 2 2 2 2 2 2 2 2 2 2 2 2 2 2 2 2 2 2 2 2 2
left_child=2 24 10 4 17 16 7 8 -7 -10 -1 -8 -13 14 21 -15 51 18 -4 -20 23 -14 -17 59 34 32 57 28 30 -30 -28 -31 33 -5 42 36 37 38 -36 40 41 -40 49 44 -44 -46 -39 -48 -49 -2 -51 -6 -38 -32 55 -55 -16 58 -27 63 -61 62 -62 64 65 -19 -3 -68 -69 -70 -53
right_child=1 66 3 25 5 6 11 -9 9 -11 -12 12 13 15 56 22 -18 20 19 -21 -22 -23 -24 -25 -26 26 27 -29 29 31 53 -33 -34 -35 35 -37 52 46 39 -41 -42 -43 43 -45 45 -47 47 48 -50 50 -52 70 -54 54 -56 -57 -58 -59 -60 60 61 -63 -64 -65 -66 -67 67 68 69 -71 -72
leaf_value=0.0027123705938966137 -0.0231801476712328 -0.053314876528014199 -0.021644354678350589 -0.010269433864117326 -0.001019632585251616 -0.030561984919496542 0.0017029749432500942 0.0045438185051747534 -0.0052571213710752461 0.0021232749883314714 -0.00094888714205521496 0.0016804088863163356 -0.067624842358477641 -0.00082806674343311132 -0.00068147541584390051 -0.00061947528150076137 0.0015571027826757928 -0.021497425839002243 0.0058019048988041015 -0.003225476705352808 0.010280303213942743 0.0015597578662800949 0.0051541030841991027 -0.005352862953432823 -0.035776368239113766 -0.012142186337561162 0.031417235614592975 -0.0008969619494255069 0.013802415248503246 0.018647533152470072 -0.0071478002696427761 -0.050401560875681935 -0.026693540244275987 0.0045036482382540006 -0.00055198337931913906 -0.040693408147822199 -0.0010207203178529221 -0.026485383827412879 0.043121902945233 -0.027602882494548377 0.017523442629599911 -0.0029859294683102183 -0.045629182746913625 -0.047866163810038921 0.01495685937993527 -0.014253644120242973 -0.0046824597401854502 0.020562173993948201 -0.028552432456471745 0.00077394607726963272 0.0201077166778207 -0.0064972792011186112 0.00079837962041132908 -0.013865504141429383 -0.0033068651545061891 0.0061628731516138301 -0.003172702625169054 -0.061008890270369438 0.028194894109551005 -0.039556755622592088 -0.00035653884375033988 -0.00060267744758403616 0.0034237988560541308 0.002156887104832095 -0.002706884849900045 -0.01452640340746055 -0.019288559021857221 -0.051718240464786666 0.034804286624706346 -0.0042087904122066391 0.0077030852860378212
leaf_weight=128.00874972343445 1037.6789204478264 3690.9121294617653 240.2307562828064 1133.4739719629288 218.53272303938866 300.77836900949478 254.89402276277542 343.32899177074432 227.99351739883423 260.41972377896309 150.52485391497612 316.33622512221336 174.48074674606323 373.2464314699173 1172.6124089956284 341.05122351646423 112.4468352496624 337.29565131664276 215.33082270622253 161.95637422800064 211.46275126934052 3576.4435220956802 358.56708508729935 645.92448505759239 869.07045239210129 448.42257514595985 118.7982762157917 1161.5623146295547 137.73790121078491 97.135929346084595 277.5622766315937 107.98034060001373 1262.0557680130005 78.081999063491821 189.67821323871613 461.17547479271889 2246.9611807465553 214.49825328588486 109.13415768742561 164.48524215817451 172.40664449334145 198.78530120849609 135.67785859107971 1841.0862585008144 56.84091454744339 57.961885660886765 210.01107722520828 114.73234891891479 67.501840829849243 1415.9410421252251 136.48508423566818 989.22945085167885 74.879870593547821 111.66640883684158 171.41977736353874 333.00483334064484 849.69823437929153 433.38708537817001 95.599884271621704 212.8213022351265 321.4574775993824 262.40079349279404 544.99604141712189 201.62877351045609 1489.1988003849983 163.36222153902054 701.87320682406425 123.98691588640213 63.24040213227272 49.431954354047775 138.78526464104652
leaf_count=53 1692 5500 92 1357 162 123 85 113 86 100 106 115 117 96 545 82 105 155 98 99 45 2222 82 242 1400 448 132 678 69 120 142 65 1600 68 254 622 2767 217 112 216 171 300 241 2715 72 84 301 167 116 2275 202 575 76 115 171 227 251 211 99 93 155 72 203 84 511 87 1129 196 103 73 152
internal_value=-1.68307e-05 -0.00162401 0.00106758 0.000953758 0.00149594 0.00229095 0.00290817 0.00743492 0.00316667 0.00706001 0.00922259 0.00220203 0.00192737 0.00163614 0.00102952 0.00480304 -0.00126065 -7.46118e-05 0.00378032 0.00919271 -0.000640021 0.00232129 0.00744658 -0.00102019 -0.00078602 -0.000394883 0.000481383 0.00148606 0.00388544 0.00826403 0.00229315 0.00271213 -0.00166975 0 -0.000504842 0.00039317 0.000906738 0.00289148 0.0050754 0.00724718 0.0106447 0.00585857 -0.00133488 -0.00277343 0.00152521 0.00831436 0 0.00217189 0.00633763 -0.000135484 0.00103218 -0.00211285 -0.000286795 0.00100651 0.00266111 0.00446715 -0.00132007 -0.00200722 0 -0.000421575 0.000973262 0.00188292 0.00323441 -0.00131835 -0.00183156 0.00121265 -0.00337177 -0.00128871 0.00217717 0.00823079 -0.00300002
internal_weight=35667.8 14404.4 21263.3 20984.8 15016.9 10008.8 8549.85 1132.52 789.192 488.413 278.534 7417.33 7162.44 6846.1 5773.23 1072.86 1458.99 5008.07 617.518 377.287 4390.55 3750.92 699.618 4179.09 9774.99 5967.89 3494.28 2516.87 1355.31 342.854 1012.45 205.116 2473.61 1211.56 8905.92 4224.25 3763.07 1441.23 834.49 644.811 480.326 307.919 4681.67 2091.57 250.481 114.803 606.744 392.245 182.234 2590.11 1552.43 1346.55 2321.84 893.653 616.091 444.671 2022.31 977.41 544.022 3533.16 1341.68 1128.85 866.454 2191.49 1989.86 500.658 4629.44 938.532 236.659 112.672 1128.01
internal_count=33609 21001 12608 12449 6947 5011 4017 422 309 186 159 3595 3510 3395 3135 260 994 1936 289 197 1647 2339 164 1602 14000 5502 2477 1719 1041 254 787 185 3025 1425 12600 5319 4697 1854 1053 799 583 412 7281 3112 397 156 801 584 283 4169 2477 889 2843 655 513 342 796 758 547 1360 523 430 358 837 753 242 7001 1501 372 176 727
is_linear=0
shrinkage=0.0955619


Tree=64
num_leaves=72
num_cat=0
split_feature=6 2 2 0 8 4 3 3 8 3 9 1 1 8 2 2 0 3 3 9 8 1 9 9 8 8 1 3 4 2 2 2 4 3 9 9 4 1 2 1 8 9 9 9 4 9 3 8 8 2 2 3 1 1 1 2 1 6 9 2 9 9 8 5 1 3 8 1 1 4 3
split_gain=6.6223 2.57052 2.21767 2.13847 2.03582 2.20356 1.76877 1.36428 3.05474 1.93387 2.51166 2.21969 2.14718 3.54898 1.42228 1.16401 1.15894 1.13895 1.6002 4.3241 1.67892 0.958352 0.993857 3.64558 4.10198 1.92249 1.52655 1.35186 1.68714 1.96119 0.992808 1.12312 1.36005 0.926785 1.04117 0.893402 0.885061 0.759573 1.5674 1.21132 0.994826 0.982391 1.41204 0.877599 0.758126 0.870813 0.786023 0.688544 0.770882 0.687746 0.665311 0.658092 0.656444 1.58172 1.26964 1.24652 0.723825 0.634959 2.8775 1.15764 0.730749 0.600577 0.879976 0.596947 0.570835 0.893242 0.526798 0.542205 0.72032 0.553349 0.480346
threshold=-0.37940952255126015 -0.99981480381338828 0.74982640120456845 0.37940952255126048 7.4700000000000015 1003.6500000000002 4.9850000000000012 4.0650000000000004 6.1850000000000014 2.5650000000000004 3.2390400283295393 -0.92913280730858783 -0.96683886033945943 6.4249999999999998 0.72064045540576316 -0.8140159405215136 0.37940952255126048 2.8050000000000002 3.2450000000000006 -1.9508865700070002 6.6900000000000004 0.99906486341235867 0.22431073563454976 0.12477726858016781 7.7900000000000018 8.3300000000000018 0.11593352601052392 1.925 1008.35 0.12447926388678894 -0.38168922026665864 -0.47495107206705001 1006.0500000000001 3.8050000000000002 2.5593611250955903 -1.7736156707084054 1005.85 0.081675638985454754 -0.65187484896379921 0.69636977696931246 8.125 0.46718152904412064 -1.0000000180025095e-35 -1.8456097642358082 1009.1500000000002 4.4192469114695436 3.0850000000000004 7.2500000000000027 7.1900000000000004 0.73246693938583607 -0.49749486057528974 2.1050000000000004 -0.70252096857941215 -0.82391537601316178 0.18399664778440331 -0.8520459593969173 0.98664879617890844 -0.12940952255126037 -2.5980635127405178 -0.63872576220844923 -1.2860132551925998 1.8898909513227766 10.350000000000001 -0.91597561503675329 -0.2760944163666606 2.3950000000000005 13.385 -0.6453421371357726 0.92591620288614507 1005.85 2.3350000000000004
decision_type=2 2 2 2 2 2 2 2 2 2 2 2 2 2 2 2 2 2 2 2 2 2 2 2 2 2 2 2 2 2 2 2 2 2 2 2 2 2 2 2 2 2 2 2 2 2 2 2 2 2 2 2 2 2 2 2 2 2 2 2 2 2 2 2 2 2 2 2 2 2 2
left_child=3 -2 16 4 5 -1 7 9 -9 10 11 12 13 -7 15 -13 49 -11 19 -19 -21 22 23 24 26 70 -6 -27 30 -30 31 32 -29 34 -32 -20 -10 47 39 41 -40 42 43 -39 -42 51 -47 48 -5 57 -37 -46 53 -26 -54 -56 -57 58 59 -3 -59 62 -53 -62 -31 -66 67 69 -69 -65 -24
right_child=1 2 -4 37 21 6 -8 8 36 17 -12 14 -14 -15 -16 -17 -18 18 35 20 -22 -23 25 -25 52 27 -28 28 29 64 33 -33 -34 -35 -36 50 -38 38 40 -41 44 -43 -44 -45 45 46 -48 -49 -50 -51 -52 61 54 -55 55 56 -58 60 -60 -61 63 -63 -64 66 65 -67 -68 68 -70 -71 -72
leaf_value=-0.006726018847670945 0.0035822031942705172 0.018648711763486564 -0.065046389666413046 -0.0044473444884948806 0.0023530286598117539 -0.037864787857067886 -0.0031531648366238622 -0.00077843967466829196 -0.00032108185986890299 -0.010238140968004263 0.0027359954971501637 0.0019513970996098869 0.015775724221105545 0.0028481813800859102 -3.3934724655526819e-05 -0.0073945605501724437 -0.021929663157988086 0.005602508069085005 -0.011304898387418964 -0.025629044696737407 0.0022712844054195145 -0.00050396507402223571 -0.00092429080875563855 0.006826141983178817 -0.0078239164234849608 -0.0021762580988043236 -9.5870022240340095e-06 -0.00071661257051813267 0.003279570143790096 0.015653523179277606 -0.0013619346358258689 0.0097300050591433533 -0.0016684146425108694 -0.0052966243395636209 -0.00069065104003364092 0.00054203926816697107 0.0015269928921407437 0.0044083298929269328 -0.12987517933158477 0.017794400735504846 -0.0017916272621525872 -0.018519638663918842 0.0040159403315281695 -0.0025780069569432862 -0.028804827538824487 0.012262038352770798 -0.013970990257887433 -0.024062629636692579 0.0040732712661254687 0.033037794289694583 -0.02358976249282746 0.031954591111011607 -0.0086338950415656406 0.0044489499244294408 0.0014420908045945356 -0.002114498864893879 6.679156402101951e-05 -0.014299620749275139 -0.0028909704431433901 0.0034193935464830387 -0.0041406281272392291 -0.00085983952282411705 0.0091189611905642294 0.025978420878248958 0.014123233644150295 -0.0010555648556096907 -0.052438387381342627 0.010530512647308581 -0.0010385917940935823 -0.013035927435855259 -0.025989589223053777
leaf_weight=412.37209984660149 91.538189709186554 100.00428587198257 3935.4550482928753 1201.3390609622002 268.36426430940628 274.30792516469955 226.70810979604721 206.92060017585754 252.50593227148056 340.70324808359146 182.59533321857452 408.51038885116577 231.64683526754379 237.59729924798012 190.06851679086685 834.5201835334301 3056.5423197448254 174.04915946722031 303.62722632288933 241.0693846642971 198.65548449754715 229.78529831767082 722.65912801027298 159.95342630147934 230.15230506658554 760.97886747121811 213.51479917764664 697.89086884260178 213.33317291736603 89.044474482536316 361.46296560764313 249.47210478782654 230.23355710506439 502.93012088537216 577.00928443670273 471.53550231456757 257.2431343793869 151.14125335216522 553.98128867149353 129.75243833661079 689.43448194861412 242.88347515463829 112.80935543775558 301.46756920218468 404.96459037065506 103.25683981180191 98.156758964061737 1238.0906401276588 78.081999063491821 74.653641194105148 235.036078363657 137.44163277745247 696.48792299628258 228.1527116894722 243.10543435811996 1243.8290400505066 160.11016708612442 1879.0101293623447 936.12414667010307 87.833917737007141 1311.1194646060467 306.89194810390472 332.57125395536423 111.37334060668945 94.110709071159363 315.29738983511925 194.28139486908913 1216.8029334843159 517.69510471820831 892.00271347165108 1013.518931299448
leaf_count=201 120 86 5055 1433 133 154 92 73 91 155 66 128 112 106 73 382 5276 83 130 106 83 67 297 66 145 404 64 245 59 104 178 53 76 152 187 130 101 124 356 60 257 209 65 202 404 103 80 1575 68 120 127 94 662 109 110 731 36 3105 851 106 1550 227 347 198 94 278 290 1874 759 1611 361
internal_value=5.28976e-05 -0.00152623 -0.00163533 0.00112711 0.00173473 0.00317194 0.00370739 0.00408884 0.00804495 0.00340708 0.00526118 0.00428732 0.00855467 0.00479431 0.00199659 0.000729011 -0.00089032 0.00112902 0.00221989 0.00605906 0.000758119 0.000865131 0.000701761 0.00198889 0.00126535 -4.32702e-05 0.00938717 0.00107094 0.0019172 0.00605312 0.000752561 0.0028273 0.00116953 -0.000879614 0.000812279 -2.97171e-05 0.0037948 -0.000374201 0.000503156 0.00386553 -0.000664617 0.00232598 0.00456375 0.00190427 0.000255871 0.00158564 0.00738856 -0.00165293 -2.28235e-05 -0.000223388 0.00173916 0.000503686 -0.000105447 0.00315215 -0.0007852 0.000612825 -0.000422729 -0.000331341 0.00172957 0.0124535 -0.000725558 0.00219476 0.00436887 -8.21479e-06 0.00251048 0.000727926 0.000727375 0.00109668 0.00213079 -0.000598717 -0.00272077
internal_weight=35667.8 14404.4 14312.9 21263.3 15181.1 5679.67 5267.3 5040.59 716.67 4323.92 2359.25 2176.65 743.552 511.905 1433.1 1243.03 10377.4 1964.68 1623.97 613.774 439.725 9501.4 9271.61 3443.67 3283.72 5827.94 481.879 4091.76 3330.78 711.786 2619 1177.6 928.124 1441.4 938.472 1010.2 509.749 6082.26 3564.75 938.054 2626.7 808.302 565.418 452.609 2072.72 1383.28 201.414 2517.51 1279.42 7320.9 706.572 1181.87 2801.84 458.305 2343.53 1647.04 1403.94 7246.25 1123.96 187.838 6122.29 776.905 470.013 4243.27 498.453 409.408 2932.16 2737.87 1734.5 1003.38 1736.18
internal_count=33609 21001 20881 12608 7004 2393 2192 2100 265 1835 1021 955 372 260 583 510 15826 814 659 272 189 4611 4544 2056 1990 2488 197 1830 1426 535 891 374 321 517 365 387 192 5604 2528 660 1868 600 391 326 1512 1255 183 3076 1501 10550 257 1072 1793 254 1539 877 767 10430 1043 192 9387 668 441 6282 476 372 4732 4442 2633 1809 658
is_linear=0
shrinkage=0.0955619


Tree=65
num_leaves=72
num_cat=0
split_feature=6 8 2 2 3 6 3 2 8 8 8 6 4 7 3 7 3 4 7 5 8 1 1 2 3 3 3 9 3 3 3 1 9 8 5 1 4 4 1 5 2 2 8 8 3 1 2 1 8 5 8 4 8 8 6 9 1 3 2 2 2 2 2 8 5 8 7 3 9 3 8
split_gain=6.6788 2.84811 2.56012 2.00828 1.72959 1.63348 2.56749 2.20896 1.90924 2.33369 2.04147 1.6244 2.32742 3.82081 2.39948 1.85 3.36662 2.21999 1.90844 1.19288 1.14013 0.919843 1.01974 4.45582 2.6954 1.50303 1.19389 1.10982 1.29824 1.76457 1.33072 1.19509 1.03276 1.04683 2.58172 0.917895 1.59196 0.898193 0.789174 0.78725 0.765308 0.762183 0.740999 1.39541 0.734694 0.643827 0.694609 0.564476 0.757389 0.649795 0.735901 0.542629 0.504214 0.471906 0.455494 1.26247 0.798579 0.661191 0.588297 0.747313 0.572478 2.8859 0.529361 0.575945 0.691511 0.455504 0.749283 0.594253 0.712215 0.726885 0.445846
threshold=-0.37940952255126015 7.2750000000000012 -0.99981480381338828 0.74982640120456845 0.93500000000000016 -0.98296291314453399 2.4550000000000005 -0.65187484896379921 4.3950000000000005 5.7299999999999995 5.8050000000000006 -0.70710678118654757 1006.6500000000002 4.6300000000000017 1.4750000000000003 5.4999999999999991 1.925 1007.6500000000002 5.830000000000001 0.25881904510252091 6.5949999999999998 0.99906486341235867 -0.73831951690629072 -0.62538740722492581 1.8250000000000004 2.0550000000000002 1.2350000000000001 3.1797335732317404 3.8050000000000002 3.4450000000000007 2.6150000000000007 -0.012910176522261644 1.3279240974452213 8.1099999999999994 -0.5 -0.90149333598846371 1006.9500000000002 1009.7500000000001 0.081675638985454754 0.60355339059327384 -0.94128245028753155 -0.9668120007078248 8.8599999999999994 12.015000000000002 4.7950000000000008 0.13301347478292308 -0.081676395330422633 0.42888796625999276 11.920000000000002 0.60355339059327384 9.8050000000000015 1005.7500000000001 7.0549999999999988 7.4450000000000012 -0.12940952255126037 -2.636564904237225 0.21772121422198085 2.4950000000000006 -0.84291031405530259 -0.73829900574246976 -0.97870382656940669 -0.97106408147883394 0.72660752476856549 7.1900000000000004 -0.98296291314453399 10.800000000000004 10.860000000000003 4.8350000000000009 -0.076656623108858554 3.1650000000000005 12.015000000000002
decision_type=2 2 2 2 2 2 2 2 2 2 2 2 2 2 2 2 2 2 2 2 2 2 2 2 2 2 2 2 2 2 2 2 2 2 2 2 2 2 2 2 2 2 2 2 2 2 2 2 2 2 2 2 2 2 2 2 2 2 2 2 2 2 2 2 2 2 2 2 2 2 2
left_child=1 4 -2 39 -1 6 20 -8 -7 35 -11 15 -13 14 -14 40 17 -17 -18 21 -6 22 23 -3 26 -24 -25 31 29 30 -29 53 33 34 -33 36 -10 -26 -21 54 -12 -40 -34 -44 -35 -41 51 -5 49 50 -49 -47 -42 -27 55 56 -4 60 -57 -60 -56 -62 63 64 -63 -59 67 68 -67 -70 -61
right_child=2 19 3 47 5 8 7 -9 9 10 11 12 13 -15 -16 16 18 -19 -20 38 -22 -23 25 24 37 27 -28 28 -30 -31 -32 32 42 44 -36 -37 -38 -39 41 45 52 -43 43 -45 -46 46 -48 48 -50 -51 -52 -53 -54 -55 57 58 -58 65 59 70 61 62 -64 -65 -66 66 -68 -69 69 -71 -72
leaf_value=-0.0316615205626452 0.003239881218232659 -0.00080215901500384006 0.014354514018636728 -0.092923382733794829 0.00040666874534516179 0.0039430396048911647 0.0018620325275768043 -0.018981097810753491 -0.0034110488789714419 0.0018036609085194809 0.0015079298701001075 -0.00039500320544521038 0.026614619096227921 -0.010929505335457735 -0.0030753001758511726 0.020019264475168698 0.0021811961628506148 -0.0012536235847728789 -0.00030975610803238605 -0.021752002984622432 0.0039931269841592719 -0.00049477892175850261 -0.0012596777056775134 -0.002177072763064634 -0.018195579286487604 -0.003287537117139386 0.0017069008887369106 0.0048125359563706846 -0.00021400523627907253 0.0088681769099449755 -0.00035051836966264118 0.0023640398497416976 -0.0098276275768668271 0.00075753268973438213 -0.00041692638704448557 -0.014323353774389098 -0.0038105473765963202 0.0089014691896343017 0.0081800007862460888 -0.046124368867094249 -0.018682128668326577 -0.00052914563139886989 0.0011527403786321122 -0.0091262659918670778 -0.0057822625609813185 -0.048437526725770882 -0.039520715696608776 0.010689545732301936 -0.045115314701551314 -0.045705915634617615 0.057602671365699382 0.0083083375455241318 -0.021782626366953096 -0.01818358438989039 -0.037465663602623586 -0.018409181496429176 0.021627969897021947 -0.0034811083501357374 -0.00050162489426119612 -0.002685687912653955 0.035909202647103677 -0.0076344386967289075 0.036941794118810205 -0.0050264288103071984 0.0062721063339110719 -0.0045202008493186825 -0.021708341654112912 -0.00070395609892105954 -0.0080729380060745402 0.03325157209811555 0.0010478093837021996
leaf_weight=362.47971466183662 91.538189709186554 163.78724783658981 85.079572111368179 3249.2290332317352 226.77381956577301 186.33431330323219 426.87176877260208 243.71266707777977 105.88333478569984 154.55126431584358 199.45483604073524 450.80553385615349 81.949308097362518 212.65436264872551 394.44985404610634 190.53115797042847 199.38650739192963 192.82921463251114 1395.9168592691422 1226.9292925000191 197.74887323379517 230.61362311244011 1994.0242594778538 235.28775525093079 527.13260132074356 137.44709894061089 207.88096708059311 283.08370101451874 608.94772261381149 207.41227805614471 405.85609921813011 303.20765525102615 386.11001098155975 1845.2966841161251 411.73856496810913 653.01425451040268 169.37381047010422 115.07940179109573 121.74382546544075 1642.3231067955494 807.93734204769135 2742.5420108437538 415.92004817724228 359.33224523067474 213.21345308423042 198.52015069127083 641.58417490124702 136.79818874597549 375.54747486114502 101.8644847869873 72.015866667032242 574.11488735675812 137.08885514736176 1130.9997744262218 276.498913615942 220.47602161765099 95.216659098863602 1800.3313918709755 82.268854111433029 507.00756788253784 66.320881575345993 257.54787248373032 56.726124227046967 1586.6614148318768 1405.6374065279961 75.816803097724915 328.48377922177315 141.44220647215843 60.198602825403214 134.16041496396065 141.02658605575562
leaf_count=250 120 48 101 4035 98 111 141 140 77 77 111 273 91 117 459 86 100 81 571 1562 69 68 985 98 359 61 94 124 145 69 165 87 101 884 122 415 166 88 121 2940 547 1974 166 185 132 342 1031 229 502 168 121 963 97 893 460 189 84 2729 61 529 77 319 96 2442 2333 118 410 206 92 213 91
internal_value=8.97821e-05 0.00116849 -0.00149599 -0.0016049 0.00275079 0.00311019 0.00653014 0.00265041 0.00241355 0.00205759 0.00298181 0.00255877 0.00566987 0.00915548 0.00410565 0.00138959 0.00317308 0.0112116 0.00116775 0.000386724 0.0123863 0.000945122 0.000795238 0.00335637 0.00102983 0.000415967 0.00680426 0.00110944 0.00340147 0.0057093 0.00317821 0.000427008 0.00126416 0.00227638 0.00545515 -0.00223614 0.00215772 -0.00282094 -0.00097988 -0.000895164 -0.00161237 -7.67646e-05 -0.00107235 0.000526314 0.00112146 -0.00218846 -0.000610567 -0.00345081 -0.000782121 0.0025206 0.00571752 0.00123338 -0.0028038 -0.00209349 -0.000341832 0.00139279 0.00866411 -0.000674377 0 0.00130206 0.00012594 0.000494535 6.26954e-05 -7.1977e-05 0.00113901 -0.00185984 1.31615e-05 0.00284495 0.00554282 0.00865659 5.12516e-05
internal_weight=35667.8 21263.3 14404.4 14312.9 6989.75 6627.27 1095.11 670.584 5532.16 5345.83 4417.56 4263 1139.86 689.054 476.399 3123.14 1978.66 383.36 1595.3 14273.6 424.523 10182.4 9951.76 1249.17 1085.38 8702.59 443.169 6708.57 1505.3 896.352 688.94 5203.27 3934.82 2773.46 714.946 928.271 275.257 642.212 4091.22 10377.4 1144.48 2864.29 1161.36 775.252 2058.51 3056.54 1414.22 3935.46 686.226 310.679 208.814 772.635 945.026 1268.45 7320.9 1131.08 180.296 6189.83 950.779 730.303 3649.39 3372.89 3306.57 3249.85 1663.19 2540.43 740.102 411.618 270.176 194.359 648.034
internal_count=33609 12608 21001 20881 4077 3827 448 281 3379 3268 2610 2533 940 667 550 1593 838 167 671 8531 167 4874 4806 687 639 4119 192 3134 503 358 289 2631 1677 1225 209 658 243 447 3657 15826 755 2095 452 351 1016 5276 2336 5055 1020 518 350 1305 644 954 10550 1055 185 9495 870 681 5727 5267 5190 5094 2652 3768 1039 629 423 305 620
is_linear=0
shrinkage=0.0955619


Tree=66
num_leaves=72
num_cat=0
split_feature=6 8 2 6 8 3 8 9 9 9 2 7 2 7 2 1 3 7 4 7 1 2 3 3 8 1 3 1 8 3 1 8 0 2 2 1 9 0 1 1 4 4 2 2 6 9 7 3 9 7 2 0 1 2 4 2 9 2 2 8 1 1 2 3 9 7 9 2 2 8 8
split_gain=6.07672 2.35386 2.14719 1.8377 1.78657 1.77413 1.82101 1.46366 1.96654 2.27179 1.94992 1.28623 2.3437 2.34393 1.28216 2.51829 1.49279 1.7752 1.40557 1.13612 1.22185 4.89924 2.08657 1.35805 1.39975 1.5172 1.32464 1.22758 2.59794 1.83841 1.33643 0.974798 0.936885 1.29341 0.853082 0.753207 1.12418 0.746221 0.745454 1.61602 0.945257 1.10175 0.735834 0.628509 0.601744 1.85166 1.96267 0.666662 0.587298 0.947392 0.576379 0.573881 0.5372 0.645769 0.627676 0.518783 0.494532 0.496803 2.03067 0.583158 0.485401 0.483892 0.466029 0.461449 0.459838 0.42898 0.736703 0.386616 0.510258 0.382191 0.643849
threshold=-0.37940952255126015 7.2500000000000027 0.74982640120456845 -0.98296291314453399 5.665 2.4550000000000005 6.6599999999999993 -6.4121108504879798 -3.197916291046528 -2.2399668639384749 -0.63872576220844923 6.6949999999999994 -0.51974381215551546 6.9299999999999988 -0.25950218452349683 -0.93535928755917819 4.0650000000000004 2.0949999999999993 1006.7500000000001 4.5950000000000015 -0.73831951690629072 -0.62538740722492581 1.8250000000000004 1.925 13.045000000000002 0.7086201161944764 1.2350000000000001 0.95747632178960107 10.855000000000002 2.8650000000000007 0.98521098335796142 6.4000000000000012 0.37940952255126048 -0.99981480381338828 -0.8038981836306559 -0.5416228050394748 -0.70275617254445588 0.91597561503675351 0.92591620288614507 0.89391031859722891 1004.4500000000002 1004.6500000000002 0.56312986467441573 -0.72066714955386113 -0.12940952255126037 -1.5134188966572955 6.9299999999999988 2.4950000000000006 3.7454727605825551 11.030000000000001 -0.9993703818063705 -0.37940952255126015 0.13301347478292308 -0.47495107206705001 1006.7500000000001 0.72660752476856549 -3.8302991802175472 -0.98208922706762081 -0.97106408147883394 7.1900000000000004 -0.92263100495486394 0.26781182513105634 -0.65187484896379921 2.6750000000000003 -2.3987109400785829 8.5850000000000009 1.6634990907260241 -0.82389248692129191 -0.69637622559687229 10.800000000000004 13.609999999999999
decision_type=2 2 2 2 2 2 2 2 2 2 2 2 2 2 2 2 2 2 2 2 2 2 2 2 2 2 2 2 2 2 2 2 2 2 2 2 2 2 2 2 2 2 2 2 2 2 2 2 2 2 2 2 2 2 2 2 2 2 2 2 2 2 2 2 2 2 2 2 2 2 2
left_child=1 3 32 4 -1 6 -6 -5 60 10 -10 14 -13 -14 15 -11 17 -17 -18 37 21 -21 26 24 43 -26 -23 38 29 30 -29 -16 33 -2 -7 36 -33 -3 39 40 -25 -42 -24 -22 45 46 -35 55 49 -30 -43 61 -34 54 -54 56 -46 -58 -59 -60 -9 -4 63 -39 -56 -55 -67 -47 -69 -49 -71
right_child=2 19 51 7 5 34 -8 8 9 11 -12 12 13 -15 31 16 18 -19 -20 20 23 22 42 27 25 -27 -28 28 48 -31 -32 35 52 44 -36 -37 -38 62 -40 -41 41 50 -44 -45 47 67 -48 69 -50 -51 -52 -53 53 65 64 -57 57 58 59 -61 -62 -63 -64 -65 -66 66 -68 68 -70 70 -72
leaf_value=0.0020378953015263101 0.029143918617450255 -0.0053817624035194765 -0.047867832678489181 0.00038290069138572551 -0.0081351526893882944 0.00037228968595448921 0.0020435136921672053 -0.010794316535990271 0.0042769388376993041 0.0016937165687139868 -0.0052470185603491898 -0.00043354315016941796 0.0097430188339857823 0.0058121683439645491 -0.026328527679209845 0.0030811048038889739 0.00043674499175573307 -0.0020878792856274175 0.0099597666947714835 0.00037286566471814094 -0.0010774306254159359 -0.0020421997421198553 -0.015325924538764133 -0.0067057393799497701 -0.00020501895523743484 0.0077409678323481935 0.0015435403898095299 -0.0014625602889350752 -0.0046719700775060971 0.011807080003948617 0.0053001431899853541 -0.02027256612332046 -0.041424375693832116 -0.0050241027732092353 -0.02326463159760608 -0.059058417423029148 0.0011318053200914135 -0.041944997866886304 -0.0018366205456888326 0.0052273314700368523 0.0019684420881848621 0.00055154255484751236 0.0080508282970381696 -0.0082061574952424481 -0.037098788204728124 -0.045268476414438812 0.015418776863871319 -0.0031484471847594074 -0.011517980375458542 0.001552916935162123 0.00019348458554435812 -0.11077014470459901 -0.015582648071739124 -0.032416765848896086 -0.01988772447482072 0.033411567809659766 -0.050902262296438787 0.03416436295556418 0.004919937250928241 -0.002955144250212208 -0.0081190987504549152 0.0093763923799163144 -0.00057120559771499759 0.036271450542180901 0.016368048557722257 -0.0438087469039911 0.03755990898087614 0.0020903482018902542 -0.0012913426554756434 0.0063134071698813911 -0.060145217155506303
leaf_weight=242.85535717010498 68.929939925670624 1370.0017117857933 1088.1293333470821 145.4527815580368 210.16752904653549 237.47709012031555 210.17047119140625 134.07065296173096 305.75524118542671 136.54054662585258 195.19148966670036 454.84392499923706 200.73681873083115 177.68769446015358 723.53161802887917 197.664490878582 333.84353166818619 1407.5050404071808 144.59217518568039 153.98721522092819 199.67775127291679 252.74351924657822 611.78143459558487 950.41857880353928 123.16842111945152 89.766785979270935 210.34298056364059 271.2508801817894 292.27569848299026 535.19857120513916 316.55323642492294 129.15109288692474 1664.9313565790653 170.35750517249107 260.09995451569557 185.75620329380035 341.03403979539871 53.737588763237 664.90011355280876 400.21000191569328 139.12843412160873 144.35573184490204 116.0296243429184 1755.6959322690964 283.16354528069496 189.24201956391335 109.89601495862007 1800.3313918709755 336.65919822454453 429.02801883220673 4543.6654424369335 2340.058443903923 242.75980305671692 640.62182945013046 69.125830858945847 56.726124227046967 231.14679974317551 88.180664837360382 1511.1286803483963 1479.046798825264 534.41457769274712 507.26727104187012 324.27704563736916 69.937733709812164 233.34253424406052 148.25192207098007 80.117293268442154 97.815971165895462 563.7637500166893 503.73535281419754 236.36645376682281
leaf_count=104 80 1134 1603 72 83 84 75 104 149 96 151 162 67 108 627 179 149 755 115 54 88 115 446 372 151 39 118 75 115 152 99 96 2980 178 129 145 296 82 201 140 50 45 110 1013 492 163 116 2729 79 136 3236 2696 421 1024 125 96 396 99 2386 2258 289 756 405 118 399 239 128 64 534 705 334
internal_value=6.22942e-05 0.00109139 -0.00145024 0.00254282 0.00604254 0.00394654 0.00849756 0.00181737 0.00154935 0.0022199 0.00834485 0.00150217 0.00489822 0.010431 0.000687078 0.00212581 0.0012438 -9.82717e-05 0.00591757 0.000386003 0.000715199 0.00344259 0.00126606 0.000378377 -0.00175314 0.00542219 0.00630886 0.000901294 0.00287847 0.00608029 0.00216977 -0.00156031 -0.000723094 -0.000125813 0 0.000993459 0.00313791 -0.00183052 0.000256577 0.000596639 0.000171875 0.00072966 -0.00182526 -0.00258847 -0.00026319 0.00173899 0.00845379 -0.000644749 -0.000438393 0.000999248 0.000457391 -0.00335906 -0.00212484 -0.000668924 0.00180883 0.000159366 0 0.000342056 0.000689915 0.000230427 -0.00324964 -0.001852 0.00141034 0.00637692 0.00477625 -0.00233175 0.000900548 -0.00038194 0.000588617 -0.0018357 0
internal_weight=35667.8 21263.3 14404.4 6908.54 1160.77 917.915 420.338 5747.77 5602.32 4933.83 500.947 4432.89 833.268 378.425 3599.62 2220.15 2083.61 1605.17 478.436 14354.8 12536.8 1344.88 1190.9 11192 2168.31 212.935 463.086 9023.64 2180.97 1123 587.804 1379.47 10469 7389.83 497.577 655.941 470.185 1817.95 6842.68 6177.78 5777.57 4827.15 727.811 1955.37 7320.9 1131.08 280.254 6189.83 1057.96 721.304 4688.02 3935.46 3079.15 1414.22 545.228 3649.39 3592.67 3309.5 3078.36 2990.18 668.485 1595.4 447.952 123.675 302.468 868.991 228.369 850.822 661.58 2540.43 740.102
internal_count=33609 12608 21001 4035 475 371 158 3560 3488 3095 300 2795 337 175 2458 1294 1198 934 264 8573 6834 843 789 5991 1291 190 233 4700 656 326 174 1164 15946 10630 213 537 392 1739 4044 3843 3703 3331 556 1101 10550 1055 294 9495 330 251 3281 5055 5316 2336 945 5727 5631 5139 4743 4644 393 2359 605 200 524 1391 367 761 598 3768 1039
is_linear=0
shrinkage=0.0955619


Tree=67
num_leaves=72
num_cat=0
split_feature=2 0 0 7 7 3 3 3 8 4 2 3 5 9 9 1 1 7 7 5 3 1 1 4 1 2 9 3 9 4 1 1 2 9 9 7 4 9 1 4 1 7 7 3 2 2 7 9 2 9 2 2 2 8 8 1 8 8 1 4 3 5 3 0 8 8 0 1 2 1 7
split_gain=5.44303 2.34234 2.00294 2.89286 3.17307 4.7999 6.00733 2.12691 3.50539 1.82479 1.43557 1.38397 1.348 1.24035 1.21179 1.3725 1.79931 1.85612 2.12878 2.42046 1.05355 1.18228 1.4083 2.06562 1.88354 2.59756 2.11771 1.69145 1.34907 1.18651 0.988655 0.963517 1.12211 1.69029 0.949114 0.920441 0.911347 0.869399 0.863874 1.19726 0.80193 1.34254 1.21431 0.696549 0.662898 1.90178 1.58036 1.05738 0.608366 0.592358 0.560129 0.662797 0.86956 1.59685 0.708421 1.07214 0.572523 1.21204 0.549153 0.53819 0.519579 0.516392 1.00217 0.494088 0.476569 0.817826 1.04815 0.465915 0.446161 0.720341 0.440619
threshold=0.74982640120456845 0.37940952255126048 -0.70710678118654757 5.1100000000000021 4.835 2.4650000000000003 1.9750000000000003 2.5250000000000004 4.825000000000002 1007.9500000000002 -0.8038981836306559 3.4650000000000003 0.60355339059327384 -2.898899926528594 -0.83945320721057637 0.88606241628642846 0.86958133671945947 2.0949999999999993 1.7249999999999999 0.78656609248549325 4.9850000000000012 0.99906486341235867 0.54883787585413535 1009.35 -0.833548052892222 0.56312986467441573 0.86941375320298253 3.3050000000000002 -1.1148116543780071 1006.6500000000002 0.73248728852523659 0.95236875646279973 -0.098820138732871751 3.8325567343025146 -1.6468674949533388 12.795000000000003 1005.6500000000002 5.0937704837932047 -0.93535928755917819 1008.4500000000002 -0.15005400879207767 7.700000000000002 3.9399999999999999 2.9450000000000007 -0.8520459593969173 -0.7721279831368929 7.6099999999999985 -0.022338874824509244 -0.41327860778290426 -2.9909956636845911 0.80392796183282111 0.95989713290459411 0.94415253529446119 9.9800000000000004 6.4449999999999994 0.42888796625999276 12.985000000000001 9.3300000000000018 0.97310932590074095 1008.2500000000001 2.2350000000000008 0.60355339059327384 1.655 -0.60355339059327384 11.920000000000002 13.980000000000004 -0.9159756150367534 0.51973899919070166 -0.0387208465846701 -0.67760851415498069 12.130000000000003
decision_type=2 2 2 2 2 2 2 2 2 2 2 2 2 2 2 2 2 2 2 2 2 2 2 2 2 2 2 2 2 2 2 2 2 2 2 2 2 2 2 2 2 2 2 2 2 2 2 2 2 2 2 2 2 2 2 2 2 2 2 2 2 2 2 2 2 2 2 2 2 2 2
left_child=1 2 44 4 7 6 -6 38 -9 36 -7 14 34 63 -3 16 17 18 -16 -20 21 22 23 27 26 -26 -25 29 -29 -15 -19 37 33 -33 -2 -22 -10 59 39 -4 -13 42 -42 61 -1 46 47 -46 -11 68 -36 52 54 -54 -52 -56 57 -57 -34 -24 -40 -32 -63 -5 -51 66 -66 -59 69 -47 -68
right_child=12 11 3 13 5 10 -8 8 9 48 -12 40 -14 20 15 -17 -18 30 19 -21 35 -23 31 24 25 -27 -28 28 -30 -31 43 32 58 -35 50 -37 -38 -39 60 -41 41 -43 -44 -45 45 49 -48 -49 -50 64 51 -53 53 -55 55 56 -58 67 -60 -61 -62 62 -64 -65 65 -67 70 -69 -70 -71 -72
leaf_value=-0.002076379451297827 -0.047752188070165152 -0.024461208926191691 0.0054557135652284657 0.0009914090435065772 0.001538254528533521 0.00023603566342599952 0.01759582595641241 0.002255421655279036 0.0012524201455009038 0.00066726582215781405 -0.013613760432674739 -0.0097414038869120222 -0.12091174255050093 -0.00097643435401052877 -0.0077169310306988564 -0.0034327447881678055 0.0055878026182170854 -0.012532551907618395 0.0019085897380779785 0.0048959429084773224 -0.004890068664755734 0.0050230844504475271 -0.0049634989657051862 -0.0031988638698303195 0.01611033827571131 0.0072814762246064379 0.0148231227934168 0.0028990213660138398 0.0014111729727184568 0.001399562405212726 0.016118318312598873 0.0071000187503748929 -0.047490810606797364 -0.00013699191153262574 -0.02779581873465236 0.00059740434568695416 -0.035976421404866295 0.0032855314673066881 -0.013006210071479183 -0.0022030897057714913 0.0016365588890499378 -0.0072131328544588376 0.016145889588729367 -0.0083213651378578508 -0.0032239552117006806 0.0076770681754617445 0.0033707922245691446 0.0016386259821320746 -0.0087246415869779836 -0.0028187387924253496 0.0058999725771177172 -0.021889332700620816 0.043084122014979687 0.0024089153892631835 -0.019152300805152421 -0.0069879815215871275 -0.010200020596529606 0.019383696130106022 0.00033828494906537436 0.0007239453217114816 -0.012450496233841904 0.041544553243858667 0.018518122843205014 -0.0015279669534109534 -0.0012400056390951643 -0.020905191176828913 0.047937640425111019 0.03831131769790682 0.00043199995897842892 -0.031017669654473744 0.0010710818744864693
leaf_weight=1205.1452341675758 1530.63791680336 2237.7747843563557 108.36538130044937 158.02753368020058 174.51472935080528 180.96252566576004 112.4011824131012 229.55786979198456 196.97964426875114 148.39723074436188 185.60201951861382 608.94981160759926 2048.2745741903782 1851.3471573293209 167.73522958159447 1441.2677763402462 105.01641941070557 1925.457717269659 88.635387599468231 66.238313466310501 573.5679018497467 234.95316889882088 1992.4047290384769 237.37944036722183 171.48751780390739 179.62819597125053 117.75161761045456 491.31765779852867 1636.190772652626 1853.5612381100655 153.73535326123238 414.72119665145874 216.91271755099297 400.57983005046844 353.36659827828407 197.30534219741821 336.697664052248 287.72973781824112 550.06631913781166 165.31879016757011 250.63557106256485 274.28813484311104 508.50312760472298 125.3484702706337 150.26971182227135 84.900160312652588 74.521097451448441 115.93845066428185 158.1221672296524 2480.7995227873325 102.93068134784698 910.26575911045074 79.329251825809479 132.11950781941414 709.97028976678848 144.13561823964119 122.40579918026924 111.38009950518608 905.76762354373932 756.94260612130165 135.57779836654663 84.864779323339462 165.94779828190804 873.47749131917953 181.19105476140976 160.27549624443054 94.960085332393646 78.389468908309937 219.53648775815964 53.047678709030151 85.964585304260254
leaf_count=1536 2004 3249 108 104 137 71 81 115 95 58 107 746 2359 1081 196 1191 73 2695 66 117 258 111 889 241 126 193 103 256 650 1337 69 173 133 121 427 46 179 85 472 170 249 127 396 67 175 128 68 111 97 3362 88 1339 107 196 1009 149 166 162 383 624 94 125 206 873 193 199 130 82 342 78 56
internal_value=0.000145013 0.000695514 0.00122892 0.00174143 0.00461902 0.0104485 0.0197074 0.0026846 0.00561681 0.00260233 0.00286052 -0.000667446 -0.00239417 0.0011641 -0.00129667 -0.0003375 0.000841518 0.0003369 0.00714184 0.0151263 0.00143096 0.0016599 0.00151192 0.00243546 0.00735179 0.0123494 0.00209539 0.0018211 0.00397434 0.000557455 -0.000525656 0.000278664 0.0019558 0.00464809 -0.00139472 -0.00193104 -0.000616824 -0.000761466 -0.000494051 0.00389525 0.00178772 0.00342449 0.00552468 0.00306137 -0.000447705 0.000162919 0.00695676 0.00301148 0.00846852 -0.000502851 -0.000292759 0.000196466 0.00147804 0.00714493 0.00044771 -0.000151911 0.00336436 0.00547516 0 -0.00131153 -0.00239023 0.0050669 0.00773679 -0.00197973 -0.000965156 0.0015655 0.00419831 0.0104767 0.00309986 0.00732214 0.00932564
internal_weight=35667.8 29344.6 21140.2 16233.6 2682.56 653.48 286.916 2029.08 1069.75 840.197 366.565 8204.4 6323.21 13551.1 6562.02 4324.25 2882.98 2777.96 322.609 154.874 12519.5 11748.7 11513.7 6538.66 706.247 351.116 355.131 5832.42 2127.51 3704.91 2455.35 4975.06 1937.98 815.301 4274.93 770.873 533.677 3037.08 959.328 273.684 1642.38 1033.43 759.139 529.896 4906.55 3701.4 340.729 266.208 306.519 3360.68 2744.29 2390.93 1480.66 211.449 1269.21 1166.28 456.311 333.905 1122.68 2749.35 685.644 404.548 250.813 1031.51 3003.19 522.391 362.116 189.77 357.484 137.948 180.925
internal_count=33609 25521 15949 9571 1784 396 218 1388 544 429 178 9572 8088 7787 8054 4805 3614 3541 379 183 6810 6506 6395 3987 663 319 344 3324 906 2418 3162 2408 810 294 5729 304 274 1598 844 278 1518 772 645 467 6378 4842 354 286 155 4488 3725 3298 1959 303 1656 1568 559 393 516 1513 566 400 331 977 3940 578 379 244 548 206 186
is_linear=0
shrinkage=0.0955619


Tree=68
num_leaves=72
num_cat=0
split_feature=6 0 7 9 9 7 2 0 3 1 3 1 1 1 0 3 9 3 4 7 3 1 9 9 2 3 3 1 1 3 3 9 4 4 7 4 4 3 2 1 3 0 0 4 6 9 9 4 2 9 0 9 9 7 2 1 4 7 2 4 2 2 1 7 2 1 4 9 3 3 1
split_gain=5.88433 1.94752 2.82945 2.42923 1.60631 2.22646 1.57738 1.56655 1.86247 1.39177 0.89975 1.00027 1.14222 1.35081 1.16785 2.16134 2.35084 1.86512 0.912502 1.17293 0.953798 0.828402 2.12093 0.682234 1.57536 0.654976 0.879368 0.67205 0.726235 0.638349 0.910329 0.792539 1.21888 0.668447 0.746973 0.637119 2.12193 0.942211 0.943136 0.891105 0.655485 0.635162 0.591555 0.53665 0.55511 1.75929 0.611969 0.635985 1.17235 0.667296 0.554899 0.51489 0.500985 0.453202 0.446824 0.787386 0.644286 0.39208 0.386502 0.724933 0.344777 0.451164 0.32454 0.323078 0.320523 0.478279 0.766142 0.538165 0.317983 0.310074 0.559601
threshold=-0.37940952255126015 0.37940952255126048 5.0500000000000034 0.7408130147234645 -1.417736101581857 4.6900000000000039 0.74982640120456845 -0.37940952255126015 2.6750000000000003 -0.2008886948310977 1.5950000000000004 0.95495791161117582 0.92263100495486405 0.88606241628642846 -0.5 4.3050000000000006 2.0973537008014209 3.1250000000000004 1006.0500000000001 9.2300000000000004 2.3950000000000005 -0.92913280730858783 1.2421757658246018 0.22431073563454976 -0.51974381215551546 1.175 1.3150000000000002 -0.99628894895067444 -0.05591647229452347 2.3050000000000002 2.3750000000000004 -2.636564904237225 1011.9500000000002 1007.5500000000001 5.585 1006.0500000000001 1006.2500000000001 3.3250000000000006 -0.49749486057528974 -0.833548052892222 1.9550000000000003 -0.37940952255126015 0.37940952255126048 1004.2500000000001 -0.12940952255126037 -2.636564904237225 -1.9508865700070002 1009.4500000000002 -0.61186373645567615 2.4633534631083305 -0.60355339059327384 1.6908850021393571 -1.6835020092900856 8.5850000000000009 -0.76107606668641947 0.59125596962661842 1007.5500000000001 5.335 -0.84291031405530259 1005.1500000000002 0.3090169943749474 0.36570897681179731 -0.59817537509284324 5.6100000000000021 -0.62538740722492581 0.13301347478292308 1006.35 -2.2399668639384749 5.9750000000000005 1.3150000000000002 -0.99273952934267318
decision_type=2 2 2 2 2 2 2 2 2 2 2 2 2 2 2 2 2 2 2 2 2 2 2 2 2 2 2 2 2 2 2 2 2 2 2 2 2 2 2 2 2 2 2 2 2 2 2 2 2 2 2 2 2 2 2 2 2 2 2 2 2 2 2 2 2 2 2 2 2 2 2
left_child=1 2 3 4 5 7 42 -1 -9 -10 21 12 13 14 15 16 17 -12 -13 20 -20 22 -4 24 -23 -3 -27 -28 62 -30 -31 32 -32 -33 -35 37 -37 39 -39 -16 -38 52 43 68 45 -45 -46 54 63 60 -51 64 -8 -53 55 56 -48 -58 -47 -60 -50 -62 -29 -49 65 -44 -67 -68 -2 70 -66
right_child=6 25 10 -5 -6 -7 41 8 9 -11 11 18 -14 -15 35 -17 -18 -19 19 -21 -22 23 -24 -25 -26 26 27 28 29 30 31 33 -34 34 -36 36 40 38 -40 -41 -42 -43 51 44 46 58 47 48 49 50 -52 53 -54 -55 -56 -57 57 -59 59 -61 61 -63 -64 -65 69 66 67 -69 -70 -71 -72
leaf_value=-0.024949288357008565 -0.0063676213665550705 -0.022053256629270303 -0.0054558912596608476 0.0016753238655831792 -0.00015343571295299956 -0.00050179547429861262 -0.071068284471954082 -0.0030543661287715613 -0.00043424900494380648 -0.0020190564837976898 0.0028134787494719488 0.00031950874200880843 -0.0026714416647685099 0.0070686023327142045 -0.0036849645788632718 -0.0056851658092889265 -0.020670777842305185 0.0051632875257033011 0.0016422087797229507 0.00297553983849608 -0.00053342810113404966 0.015854034178235995 0.013956570649992518 -0.0069446064432432978 -0.0012163946809766889 0.015154396455967126 0.0013430142929508283 -0.0055042881054015681 -0.0067084091822548399 -0.00032890420282356158 0.0095097342548279961 -0.0027074377851952964 0.012842900340631319 -1.4682116441603793e-05 0.007429593036328978 0.00098619168600826254 0.00052966526843791677 0.00018869393133783872 -0.018386361644999807 -0.0051795414741536289 9.5378901851237143e-05 -0.091731105165288623 -0.031614505567058783 0.013452967614164734 -0.018377318771067741 -0.013715240196338364 -0.0010760013871107747 0.014017072312215488 -0.0069220069661388509 0.011925278371384363 0.026541488084536276 -0.0071399974120134489 -0.0014613296103600543 0.01797496414190931 -0.0029034245528726278 0.0032797336878209126 -0.0030666988322438711 0.017844133583565337 0.0088684897770260687 -0.00015133599655462027 0.026767357329175297 0.0018603700980565788 -0.020691577168550072 0.043356630664647025 0.030196705786825834 -0.04086183709782263 -0.016108297106231215 0.014336022125272846 -0.0012924291793317861 -0.052603456358231236 -0.035604774293709701
leaf_weight=216.48144167661667 638.69719421863556 525.27009290456772 214.28207597136497 392.27960687875748 571.8024910390377 287.1481269299984 641.18875604867935 280.4407611489296 183.8404852449894 198.37924486398697 616.80026695132256 619.3516281247139 575.94867873191833 372.34823721647263 199.17257568240166 257.55589798092842 206.6270660161972 465.91575637459755 287.96658730506897 499.33597326278687 486.50864207744598 205.22848838567734 161.50983440876007 1028.0516201555729 367.99295023083687 156.58220574259758 112.30788651108742 1050.9278689026833 940.80841878056526 109.18219271302223 75.802329152822495 580.76761421561241 105.78324726223946 937.63803789019585 668.79552334547043 207.65332812070847 493.90458336472511 1354.9605839848518 263.70982536673546 828.71557986736298 3337.1570490002632 2340.058443903923 600.60933122038841 147.38856846094131 1388.5385165512562 149.27516135573387 799.5958451628685 50.268057525157928 365.0137380361557 66.944855004549026 66.384991347789764 485.15434056520462 954.2078483402729 106.82978248596191 2105.4383181035519 60.892515659332275 117.43806606531143 227.26039215922356 94.851471096277237 423.1544194817543 72.654895037412643 492.82607305049896 818.39916881918907 52.320614278316498 45.462573617696762 151.09782615303993 74.136801064014435 178.21792015433311 70.887319922447205 1113.9973071217537 323.64468714594841
leaf_count=113 781 530 114 135 220 96 876 122 95 69 390 162 146 121 97 124 139 280 63 160 118 69 75 478 219 142 119 1309 724 75 64 327 127 755 403 83 281 545 123 299 2068 2696 1107 142 2315 112 1096 86 586 96 96 806 1483 166 3127 73 200 317 87 433 126 824 1029 86 87 278 132 306 47 1862 572
internal_value=4.31924e-05 0.00105594 0.00163592 0.00487579 0.00325778 0.00529905 -0.00144521 0.00275808 0.00512287 0.00945508 0.00109901 0.00143717 0.00100968 0.00129337 0.00102417 0.00339775 0.00502767 0.00684087 0.00345659 0.00492294 0.00241028 -0.000747147 0.00319052 -0.0017333 0.000776936 -0.000376341 -5.35953e-05 -0.000276492 -0.000450023 0.000355104 0.00118211 0.000740688 0.00677766 0.000189315 0.00123329 0.000459842 0.00122303 -0.0006695 0.000721262 -0.00294682 0.000683421 -0.00308436 -0.000819474 -0.000340062 -5.98306e-05 0.00225667 -0.000398382 0.000125851 0.00205884 0.00100798 0.00726695 -0.0019384 -0.00151553 0.000461954 -0.000527992 0.000891528 0.000232431 0.00373701 1.3272e-05 0.00138717 0 0.00156699 -0.001971 0.0117733 -0.00254723 -0.00108455 0.00129979 0.00467348 -0.00283694 -0.00347082 -0.000741689
internal_weight=35667.8 21263.3 15181.1 2130.37 1738.09 1166.29 14404.4 879.142 662.66 382.22 13050.7 11073.6 9180.47 8604.52 8232.17 1546.9 1289.34 1082.72 1893.16 1273.81 774.475 1977.06 375.792 1601.27 573.221 6082.26 5556.99 5400.41 5288.1 3418.78 2477.97 2368.79 181.586 2187.2 1606.43 6685.27 4038.71 2646.56 1618.67 1027.89 3831.06 3935.46 10469 7389.83 6680.25 814.67 5865.58 4477.04 1166.41 1063.82 133.33 3079.15 1595.4 591.984 3310.63 1205.19 1144.29 344.698 667.281 518.006 930.495 565.481 1869.33 102.589 2487.17 1004.06 403.453 252.355 709.585 1483.1 369.107
internal_count=33609 12608 7004 850 715 495 21001 399 286 164 6154 5199 4696 4550 4429 933 809 670 503 341 181 955 189 766 288 5604 5074 4932 4813 2475 1751 1676 191 1485 1158 3496 2432 1064 668 396 2349 5055 15946 10630 9802 774 9028 6713 1900 1728 192 5316 2359 972 4813 1686 1613 517 632 520 1536 950 2338 172 4344 1823 716 438 828 2521 659
is_linear=0
shrinkage=0.0955619


Tree=69
num_leaves=72
num_cat=0
split_feature=6 8 9 2 2 0 4 1 8 9 2 8 8 1 1 7 1 0 4 2 4 7 9 9 4 9 7 0 7 4 6 1 4 7 8 7 9 6 8 0 8 2 2 8 1 9 8 4 9 1 8 0 8 9 7 1 2 2 4 2 2 7 9 9 7 1 7 7 9 7 9
split_gain=4.79678 2.29109 1.80659 1.73087 1.71147 1.30262 1.81988 2.73407 3.94365 1.80217 1.77582 2.6179 2.0993 1.35785 2.02321 1.33491 1.23303 1.19376 1.15694 0.965793 1.89066 1.96777 0.959396 0.92245 1.30742 1.11029 0.866537 0.96062 1.30845 0.815576 0.763942 0.751313 0.748987 0.783645 2.56342 0.665885 0.892197 0.855683 0.646434 0.645759 0.678272 0.737835 2.22033 1.29578 0.617242 0.612201 0.642969 0.611838 1.23558 0.604134 0.760368 0.704404 0.560569 0.509568 0.578374 0.755781 0.709061 0.615371 0.495419 0.45788 0.663387 0.507835 0.446464 0.44425 0.489926 0.444079 0.595906 0.655453 0.632938 0.449364 0.608252
threshold=-0.37940952255126015 4.915 -2.5110559799145267 0.91586428826728705 0.23448270380211197 0.37940952255126048 1007.9500000000002 -0.94130860066615785 6.4249999999999998 1.0823721141985205 -0.021515300460958474 8.1950000000000003 6.6900000000000004 -0.7721494341254892 -0.70252096857941215 5.5200000000000022 0.13301347478292308 0.25881904510252057 1007.35 -0.098820138732871751 1009.9500000000002 6.5300000000000038 5.0937704837932047 -2.3987109400785829 1005.2500000000001 -1.0000000180025095e-35 15.355000000000002 -0.5 6.6600000000000028 1005.85 -0.9159756150367534 0.20088869483109786 1006.4500000000002 5.6900000000000004 8.8900000000000041 9.2800000000000011 2.0973537008014209 0.1294095225512602 10.765000000000001 0.37940952255126048 7.1049999999999995 -0.82389248692129191 -0.65187484896379921 6.5000000000000027 -0.99628894895067444 0.86941375320298253 8.360000000000003 1008.35 0.12477726858016781 0.95495791161117582 13.175000000000002 0.37940952255126048 6.9099999999999993 1.0823721141985205 8.2700000000000031 -0.29259762607704992 0.94415253529446119 0.97690230611205509 1010.85 -0.66483077113278999 -0.47495107206705001 2.8400000000000021 1.2692251921440951 1.7561414130516015 5.714999999999999 0.60505046667002438 8.0150000000000006 10.610000000000003 -0.75856680626645623 8.5850000000000009 -0.27562232671042247
decision_type=2 2 2 2 2 2 2 2 2 2 2 2 2 2 2 2 2 2 2 2 2 2 2 2 2 2 2 2 2 2 2 2 2 2 2 2 2 2 2 2 2 2 2 2 2 2 2 2 2 2 2 2 2 2 2 2 2 2 2 2 2 2 2 2 2 2 2 2 2 2 2
left_child=1 2 -1 16 5 6 10 -8 -9 15 13 12 -12 18 -15 -10 39 -11 -3 20 29 -22 23 24 -16 -25 27 28 -6 35 -4 -31 -7 38 -35 -18 37 -37 44 40 41 -2 43 -43 -34 -29 62 -30 -49 50 51 65 -44 -48 55 -55 -56 -58 59 61 -61 -46 -47 -42 -65 69 -67 68 -68 70 -21
right_child=3 4 30 -5 26 32 7 8 9 17 11 -13 -14 14 22 -17 19 -19 -20 49 21 -23 -24 25 -26 -27 -28 45 47 31 -32 -33 33 34 -36 36 -38 -39 -40 -41 63 42 52 -45 58 46 53 48 -50 -51 -52 -53 -54 54 56 -57 57 -59 -60 60 -62 -63 -64 64 -66 66 67 -69 -70 -71 -72
leaf_value=0.0043488838419360612 -0.027066467525615805 -0.0094327777311214653 0.00068319617795397768 -0.086830587473143067 0.017837574174590424 -0.0053515928828707171 -0.0052421727289384224 0.0026971044190624597 -4.3474471216707775e-05 0.00021733160673038235 -0.00021560033423376074 -0.00059027199292526801 0.0014795404136757945 0.0023824493034604174 0.0014339513449633623 -0.0013517918729573928 -0.016612743256931087 0.0028846227861095588 0.0034260638203369637 0.084642213607880698 0.0091376932708639603 0.015262504459174181 -0.0097891457375058905 -0.0040600642996846629 -0.0013212868339071756 0.00023606122851831034 0.0036628579268872669 -0.0026052998522849533 -0.0043940158644934927 0.01094994322755158 -0.029805097171306236 0.0021814374677568468 0.0033537128539315817 0.005717821854977316 -0.00092242389664743546 0.0010406169643769065 -0.012415716888188813 -0.0028454115964087002 0.0066904034479937802 -0.037099603523750788 -0.019062694630152519 0.017500467592886228 -0.0087169029667036133 -0.0065907985166876919 0.0027686777641271793 0.00099633416097223378 0.012755681302165495 -0.0084764311457992958 0.013220422263249206 -0.019895470460787826 -0.035024562815056115 -0.022124625484309695 0.022732432243222116 0.021358495847786062 -0.0011504704618793642 0.0029646148008208922 0.029343158397710165 -0.0010575466196786343 -0.059377916415495197 0.015588271174355463 -0.019557681263736734 -0.0091528535861974923 -0.022542203233781286 0.018256671195548423 -0.0040520880195419259 -0.013743334222111603 0.0018198207784146964 -0.039761852265215981 0.018097719787893846 0.020172269947734089 0.024713053434070747
leaf_weight=231.96305391192436 532.65660589933395 975.3724083006382 142.13361015915871 2457.000988304615 103.311020642519 540.58916401863098 369.8381587266922 297.95176264643669 307.26490610837936 358.61051177978516 197.63467541337013 424.6049790084362 258.57532292604446 334.2864351272583 363.64395403862 551.78128355741501 664.55499446392059 360.5483039021492 148.79394006729126 51.704062789678574 73.701232254505157 56.449705839157104 338.9660935997963 1756.1843752861023 451.7180250287056 3505.1950665712357 107.61540877819061 2725.8201962411404 287.78536656498909 108.37694698572159 146.84838336706161 1724.4979110360146 85.951788276433945 261.34677952528 537.98786073923111 105.16447538137436 236.24529096484184 107.70015788078308 253.13099798560143 1947.6614898145199 1600.9669173061848 131.94700592756271 1179.3121692240238 70.884947538375854 332.21758905053139 123.12622275948524 94.899829536676407 148.08012720942497 111.5360566675663 889.98585245013237 491.87879487872124 485.41919898986816 126.76963177323341 95.520420730113983 698.21355512738228 426.1211234331131 60.04778003692627 87.695279628038406 408.12353187799454 310.72919121384621 461.80057829618454 756.92616948485374 722.84268525242805 140.39107352495193 322.43242484331131 373.09663930535316 83.497862696647644 111.72182592749596 168.38350757956505 93.888424694538116 68.146492063999176
leaf_count=112 854 543 67 2895 81 414 195 94 91 85 98 126 83 102 171 153 813 83 62 74 119 49 71 670 172 998 123 2772 206 154 140 2289 95 141 223 66 216 164 146 3340 2570 172 2043 94 341 97 88 172 124 1276 712 738 209 117 441 463 87 130 271 254 446 645 615 243 495 600 127 175 248 150 116
internal_value=0.00010153 0.00101603 0.00728362 -0.00124187 0.00085322 0.00139522 0.0019299 0.00437288 0.0058691 0.00387249 0.00129138 0.00537369 0.0103783 0.000821219 0.0013421 0.000789209 -0.000756452 0.00740975 -0.00221919 0.000213267 0.00139645 0.0126066 0.000946239 0.000651594 0.00364299 0.000168661 -0.000529432 -0.00070694 0.00269842 0.00085893 0.00182726 0.00211514 -7.09085e-05 0.000429717 0.00305466 -0.00112475 0.00157691 0.00614833 -0.000340897 -0.00171592 -0.00100131 0.000191962 0.00131397 0.0105539 -0.000868421 -0.00116686 0 0.000632637 0.00410552 -0.00104555 -4.40939e-05 0.00101773 -6.73892e-05 0.00119094 0.000638963 0.0031719 -0.000817432 0.00495578 -0.00120766 -0.000486887 0.00121944 -0.001783 -0.00211441 -0.00222582 0.000196802 0.00256986 0.00128542 0.00408736 0.00684022 0.0064958 0.0103894
internal_weight=35667.8 21263.3 520.945 14404.4 20742.4 14949.8 11001 2245.99 1876.16 1578.21 8754.98 880.815 456.21 7874.16 6749.99 859.046 11947.4 719.159 1124.17 5894.41 3076.69 130.151 6415.71 6076.74 815.362 5261.38 5792.62 5685 650.713 2946.54 288.982 1832.87 3948.8 3408.21 799.335 1113.66 449.11 212.865 2608.88 6053.02 4105.36 2041.57 1508.91 202.832 2355.75 5034.29 2308.47 547.402 259.616 2817.72 1927.74 1435.86 1306.08 1462.5 1367.6 521.642 845.957 147.743 2269.8 1861.67 772.53 1089.14 845.969 2063.79 462.823 950.439 736.7 363.603 251.881 213.739 119.851
internal_count=33609 12608 319 21001 12289 6773 3797 701 506 412 3096 307 181 2789 2184 244 18106 168 605 8086 3870 168 2082 2011 343 1668 5516 5393 583 3702 207 2443 2976 2562 364 1259 446 230 2198 10020 6680 3372 2518 266 2052 4810 2038 502 296 4216 2940 2228 2252 1326 1238 580 658 217 1957 1686 700 986 712 3308 738 1490 1150 550 375 340 190
is_linear=0
shrinkage=0.0955619


Tree=70
num_leaves=72
num_cat=0
split_feature=6 0 7 7 1 2 2 0 9 8 7 3 7 1 2 3 2 7 3 0 7 8 0 7 0 7 8 3 7 2 2 2 8 3 3 2 8 8 1 1 2 7 7 7 7 8 3 9 8 6 9 1 2 9 7 7 9 5 2 9 9 2 1 1 1 2 2 2 2 2 0
split_gain=5.1279 2.63106 3.05841 2.36308 1.6808 1.50179 1.49463 1.36151 5.00321 2.07869 4.4078 1.21412 1.12157 1.90315 2.3617 1.43532 1.13398 1.07769 1.82117 1.66148 1.07589 1.38417 1.82191 1.66986 1.06618 1.00389 3.33303 2.20688 0.916081 0.727899 0.725943 0.698523 0.634567 0.704106 0.632264 0.594193 0.62811 0.666204 0.588808 0.67474 0.980255 0.719354 0.699564 0.771979 1.00835 1.92301 0.578668 0.570168 0.562924 0.555593 1.5006 1.16356 1.19907 0.902991 0.818464 1.20093 0.869772 0.752468 0.514722 0.480831 0.495359 0.456539 0.447475 0.44699 1.00545 0.437749 0.425885 0.651775 0.399595 0.790615 0.44221
threshold=-0.37940952255126015 0.37940952255126048 5.1100000000000021 4.6900000000000039 -0.56314550935064722 0.36570897681179731 0.95989713290459411 -0.5 0.61231149456603273 7.915 6.839999999999999 3.0850000000000004 8.9500000000000028 0.99628894895067466 -0.20089055513063514 1.8250000000000004 -0.055914918885874271 6.5300000000000038 3.9650000000000003 1.0000000180025095e-35 4.5000000000000027 6.4449999999999994 1.0000000180025095e-35 3.9399999999999999 0.37940952255126048 13.115000000000004 12.235000000000001 2.8050000000000002 15.355000000000002 -0.8038981836306559 0.95493138204271821 -0.61186373645567615 6.0400000000000018 2.8250000000000006 1.2550000000000001 0.16704543776228128 11.920000000000002 13.480000000000004 -0.99628894895067444 0.4749466738948262 -0.84291031405530259 7.6700000000000008 2.9650000000000003 8.6850000000000023 6.6949999999999994 11.27 1.3150000000000002 0.20228314502110403 7.335 -0.12940952255126037 -1.5134188966572955 -0.04732095011389225 -0.60505606964884906 -1.417736101581857 10.535000000000002 9.8200000000000038 1.4771880117935512 -0.91597561503675329 -0.8038981836306559 0.10224542043327213 -1.0000000180025095e-35 0.45207220393230413 -0.99052327954040364 0.69636977696931246 0.88606241628642846 -0.16705162550211936 -0.82389248692129191 -0.70862667826445969 0.76663042157996963 0.68389408864483059 0.91597561503675351
decision_type=2 2 2 2 2 2 2 2 2 2 2 2 2 2 2 2 2 2 2 2 2 2 2 2 2 2 2 2 2 2 2 2 2 2 2 2 2 2 2 2 2 2 2 2 2 2 2 2 2 2 2 2 2 2 2 2 2 2 2 2 2 2 2 2 2 2 2 2 2 2 2
left_child=1 2 3 20 -5 7 24 8 9 10 11 -4 15 14 25 16 47 18 32 -20 21 22 -1 -23 30 26 27 -14 61 -10 49 -11 -17 -34 -3 36 46 -38 -36 41 -41 68 -42 44 63 -46 62 -9 -8 50 51 -2 -53 -51 55 57 -57 59 -6 60 -55 -7 -26 -44 -65 -31 -52 -68 69 70 -40
right_child=6 34 5 4 58 28 48 12 29 31 -12 -13 13 -15 -16 17 -18 -19 19 -21 -22 23 -24 -25 35 -27 -28 -29 -30 65 -32 -33 33 -35 38 -37 37 -39 39 40 42 -43 43 -45 45 -47 -48 -49 -50 53 66 52 -54 54 -56 56 -58 -59 -60 -61 -62 -63 -64 64 -66 -67 67 -69 -70 -71 -72
leaf_value=-0.00017143140527228103 -0.071424975340860911 -0.0039693077812415316 -0.0030538057114956954 0.0022040909161366922 0.00068076400132825266 -0.051324843985526364 0.036232482659487537 -0.003071410718969601 0.0011999341439097393 0.0099487759055658948 0.0025491842287072384 0.0015796477144500421 -0.037838902598221438 0.0022859549746121919 -0.0022053712763387551 -0.013168968855619993 -0.010296844723182949 -0.00057356680817559434 0.0028267396911787735 -0.0012120616857306881 -0.021603587970106947 -0.015532870517986618 0.0019214035914682625 0.00055296772038142055 0.016375612258551532 0.0068843643884914027 -0.0037574525855689363 0.009297847033922833 0.0033128284351251007 -0.01783783985782425 0.050128893308500469 -0.031406537167061321 0.0032700508933068691 -0.0072359599347435431 0.00076111878616453178 -0.051510047985288451 0.020864330570952397 -0.0071907638031468157 -0.0055699346025372062 -0.0036464586831009044 -0.022712219891221689 0.017656958688170542 -0.0088183103840388521 -0.008636125263614975 0.01290407690088673 0.0013927051005911979 -0.017272095539318501 0.00029107101171999119 -0.10238295492046365 -0.014512419256235375 -0.033631008114888873 0.015551303248776158 0.0086453395976907876 -0.0013835998841386602 -0.020385446099976699 0.0070917424064021869 0.025135682365185846 0.0014541574516356379 -0.00037524115587732104 -0.012224748608097231 0.0034033268450867319 -0.00066926865668550512 0.00058664788932669121 0.017527538718889263 -0.0018471245491940599 -0.0015948060490590032 0.0003130728796856652 -0.00042734713629991592 -0.079096247553737856 0.023961538315542059 0.014019806111555448
leaf_weight=229.2896676659584 128.25832870602608 606.06055250763893 186.86949902772903 244.07732871174812 309.32285094261169 344.42413407564163 75.414405941963196 260.38720536231995 258.6443943977356 170.17698866128922 215.56271255016327 171.00029155611992 207.60046607255936 277.04960632324219 520.05096566677094 261.19350683689117 409.95496797561646 3047.2118514180183 213.99133092164993 294.66670340299606 263.77113270759583 297.16844296455383 388.75827318429947 243.88524228334427 58.253794997930527 268.46077173948288 360.45033025741577 420.44949692487717 107.61540877819061 433.94207161664963 58.997097283601761 166.06944298744202 519.22401982545853 594.59212410449982 117.84345450997353 1816.0251115560532 107.24306702613831 94.634066790342331 1634.0461220145226 138.29624474048615 382.53404006361961 138.83116567134857 194.6695641875267 409.36722654104233 136.51127427816391 188.829629778862 1548.1957448720932 464.99156087636948 1673.6412423253059 2289.0757654607296 201.17026057839394 106.56307232379913 86.059576869010925 300.32759356498718 545.33331027626991 102.73793432116508 96.889938771724701 3192.7956528365612 264.88360774517059 824.39122343063354 68.520770162343979 2470.2129869759083 283.02956479787827 356.18333348631859 761.78771904110909 295.12000182271004 87.200093179941177 659.67901426553726 617.92337992787361 86.73993256688118 312.64094692468643
leaf_count=103 181 602 93 103 86 187 108 97 79 89 92 77 80 63 173 106 152 1031 87 121 118 123 151 122 111 54 91 153 123 147 80 72 199 203 124 2600 164 138 1669 60 251 178 190 163 75 108 2801 146 1887 3678 169 69 107 376 724 150 137 5168 88 1043 55 2279 522 251 452 116 57 676 849 89 543
internal_value=0.00018017 0.00112548 0.00179968 0.00507035 0.00920182 0.00122507 -0.00120872 0.00178355 0.00410808 0.00921659 0.0127552 0.00582728 0.00122774 0.00316623 0.00194501 0.000554852 0.00361722 -0.000132795 0.00164134 0.00651477 0.0026163 0.00390223 0.00698844 0.000188097 -0.000836919 0.00421688 0.00266241 0.00691518 -0.000657288 -0.000514039 -0.000238423 0.00285419 -0.000102334 0.000823812 -0.000541949 -0.00215186 -0.00098804 0.00391774 -0.000198906 -0.000363809 0.000729749 -0.00140364 0.000240406 0.000978004 0.00193884 0.00671331 -0.00156632 0.00118288 -0.0038402 -0.000322053 0.00150186 0.00713646 0.0117824 -0.000646999 3.95176e-05 0.000474348 0.00768281 0.00012059 0.006064 -0.00189936 0.000765522 -0.00102054 0.00183386 0.000673411 0.0014696 -0.00214096 -0.000320924 0.000625516 -0.00178262 -0.00106926 -0.00151104
internal_weight=35667.8 21263.3 15181.1 2241.16 818.284 12939.9 14404.4 10017.7 1897.39 909.679 573.433 357.87 8120.27 2054.06 1777.01 6066.21 1135.33 4930.88 1883.67 508.658 1422.87 1159.1 618.048 541.054 12655.4 1256.96 988.5 628.05 2922.25 987.706 8748 336.246 1375.01 1113.82 6082.26 3907.38 2091.36 201.877 5476.2 5358.36 2568.18 2790.18 2429.88 2047.35 1637.98 325.341 1889.48 725.379 1749.06 8689 1268.93 320.881 192.623 7420.07 5131 4585.66 199.628 4386.04 574.206 1193.24 368.848 2814.64 341.283 1312.64 1117.97 729.062 948.049 746.879 2651.35 2033.43 1946.69
internal_count=33609 12608 7004 894 277 6110 21001 3521 765 423 262 170 2756 614 551 2142 395 1747 716 208 617 499 254 245 19006 378 324 233 2589 342 12670 161 508 402 5604 6336 3736 302 5002 4878 1550 3328 1490 1239 1076 183 3434 243 1995 12590 1259 357 176 11331 7653 6929 287 6642 174 1474 431 2466 633 893 703 263 902 733 3150 2301 2212
is_linear=0
shrinkage=0.0955619


Tree=71
num_leaves=72
num_cat=0
split_feature=6 8 2 3 1 8 8 0 3 4 1 8 1 2 3 7 7 4 2 7 2 3 8 7 8 1 1 3 2 4 3 5 4 2 1 7 8 3 7 6 6 0 0 4 7 8 1 3 2 2 4 8 8 2 8 1 1 4 3 3 8 3 1 8 8 7 6 8 6 4 7
split_gain=5.59548 2.92188 2.06251 2.01109 2.85742 1.3592 2.09989 2.51185 3.4191 2.80857 1.6823 2.38733 2.21131 1.56011 3.88165 1.38391 1.29576 1.48875 1.24528 0.780039 1.16077 0.962154 1.2211 2.02735 0.998771 0.685258 0.629673 0.83535 0.805946 1.36905 0.784407 1.78212 0.697388 0.808294 1.71871 0.588208 0.940084 0.635739 0.56691 0.566399 0.546995 0.541225 0.513304 1.18077 1.78833 0.478704 0.45841 0.671371 0.655015 0.500881 0.427558 0.810612 0.941328 1.04135 0.418826 0.632638 1.7364 0.605931 0.870033 1.23212 0.522428 0.430203 0.408787 0.400636 1.30061 0.635915 0.533712 0.485172 0.491112 0.760726 0.530802
threshold=-0.37940952255126015 4.915 0.23448270380211197 4.1250000000000009 -0.99628894895067444 7.8150000000000004 5.7299999999999995 -0.5 2.6750000000000003 1004.7500000000001 0.92913280730858816 7.71 0.85206963063867758 -0.055914918885874271 1.7150000000000001 6.5300000000000038 13.800000000000001 1006.0500000000001 0.91586428826728705 3.7450000000000014 -0.98518361333263327 1.8150000000000002 11.215000000000003 8.9500000000000028 8.6750000000000007 -0.61866567420209784 0.13301347478292308 2.4450000000000007 -0.7721279831368929 1006.35 2.3850000000000002 -0.78656609248549303 1011.5500000000001 0.39752808894539271 -0.94130860066615785 5.9950000000000001 9.3700000000000045 2.2350000000000008 15.355000000000002 -0.9159756150367534 -0.9159756150367534 -0.12940952255126037 -0.5 1008.35 8.0500000000000043 7.2299999999999995 -0.99273952934267318 1.5350000000000004 0.064506059999340642 -0.0387208465846701 1005.0500000000001 8.7600000000000016 10.91 -0.79354221435844496 10.620000000000001 -0.5416228050394748 -0.57023701209772126 1009.5500000000001 1.5150000000000003 1.2350000000000001 10.765000000000001 3.4850000000000008 -0.09025077427732299 9.3300000000000018 9.4200000000000017 10.535000000000002 -0.12940952255126037 10.800000000000004 0.60355339059327384 1011.2500000000001 5.2800000000000038
decision_type=2 2 2 2 2 2 2 2 2 2 2 2 2 2 2 2 2 2 2 2 2 2 2 2 2 2 2 2 2 2 2 2 2 2 2 2 2 2 2 2 2 2 2 2 2 2 2 2 2 2 2 2 2 2 2 2 2 2 2 2 2 2 2 2 2 2 2 2 2 2 2
left_child=1 3 5 4 -1 6 39 8 25 -10 11 12 13 15 -15 -9 17 50 26 -19 -21 24 23 -23 -22 -8 27 30 29 -28 32 -32 46 34 -34 -31 37 41 42 -3 -24 -37 43 -4 -45 -20 47 48 49 -2 51 -7 53 -53 55 56 57 -44 59 -59 -56 -57 -63 -30 -65 67 -67 -66 70 -70 -69
right_child=18 2 38 -5 -6 16 7 10 9 -11 -12 -13 -14 14 -16 -17 -18 19 45 20 21 22 40 -25 -26 -27 28 -29 63 35 31 -33 33 -35 -36 36 -38 -39 -40 -41 -42 -43 54 44 -46 -47 -48 -49 -50 -51 -52 52 -54 -55 60 61 -58 58 -60 -61 -62 62 -64 64 65 66 -68 68 69 -71 -72
leaf_value=0.0010763965952104563 0.016305432172989583 -0.0005378981974743912 -0.0021342094523770145 0.0057720563972339916 -0.033012211798431043 -0.017448686930112728 -0.044746475370531578 0.00075117954325199345 0.0008179308763827586 0.0028125190249758572 -0.0065670011172916194 0.0034882319605246889 -0.0079461680073703786 0.0021686905589534326 -0.0039337822712972393 -0.00078622947660511708 -0.0013506288536890259 -0.0015509879442655672 0.024936913740837015 -0.0064117305915484604 7.7345979721892507e-05 0.0011351674862709908 -0.0010187861591139725 0.0092046421809167268 -0.012721175351415646 0.00070060805370290771 -0.0032445290594839706 -0.036992610553168312 -0.0017693989500123938 0.0053106433080475903 0.0059477247311267327 -0.0049711779510778825 -0.02262835389927103 -0.0065621427046557105 0.035272844983852594 -0.008401240011787681 -0.00074426442415483128 0.017393653788115023 0.0029962484102953129 -0.0090904025222612057 -0.00045784468211703891 0.023427021282356311 -0.0061284353973561911 0.016424809861927018 0.0033674087909800854 -0.075864669813444627 -0.0085435533410513249 -0.039142062120295612 0.051130464156400018 -0.084056364791196561 -0.0044369316184695523 -0.0021268377794056042 -0.0032248950433422575 0.001471924810639053 0.02618124630820037 -0.028033552104915805 0.0054161772586165374 -0.019201149540641217 -0.0019444496092076448 0.015621834083515918 -0.00057713111818756514 -0.028539774488939736 0.025564611468975033 0.0038444910210799518 -0.002421856572946279 0.0010336290318281366 -0.035579585518227069 0.011547421185736814 0.026012390198184809 -0.001564599109145817 -0.0017285501779654093
leaf_weight=125.45959383249283 74.179783374071121 298.65000906586647 346.2496477663517 145.75075167417526 249.73470193147659 624.4667506814003 183.91344413161278 3099.5731645226479 215.57423594594002 271.33569002151489 475.10715362429619 247.14998546242714 149.77641725540161 225.16389033198357 344.2681593298912 1281.9532351493835 376.3341401219368 531.84570714831352 84.988915413618088 292.55147606134415 269.38657468557358 1669.1945397257805 438.24664032459259 306.87298798561096 344.26497599482536 168.74920520186424 635.75049462914467 1797.8100239336491 1824.753659516573 386.39524269104004 54.993002504110336 109.58567395806313 65.563916981220245 255.60273262858391 74.241585582494736 65.003594845533371 74.622268080711365 130.22774013876915 107.61540877819061 441.7316722869873 455.01527389883995 63.177902847528458 531.38141596317291 112.24672922492027 192.21619409322739 2372.0120728909969 3330.2503645718098 175.40649664402008 46.377565681934357 69.011119991540909 1105.1312352716923 202.47100782394409 718.34807604551315 212.69820445775986 123.95037236809731 1453.2863773405552 93.753427952528 108.26643696427345 605.72551670670509 93.656180173158646 1702.7938184738159 181.43040040135384 140.04314640164375 80.478802114725113 508.62013119459152 240.02280873060226 787.16631802916527 62.021815538406372 261.36684441566467 210.96352580189705 563.84222760796547
leaf_count=72 134 154 249 55 192 252 103 1822 98 90 132 112 48 111 235 449 87 431 117 138 89 711 124 80 108 61 801 2819 2493 581 68 185 116 398 127 71 115 166 123 307 189 111 411 99 235 2778 5646 319 77 131 422 113 212 95 121 1249 64 120 623 69 1799 242 112 68 749 200 1085 91 417 328 810
internal_value=0.000210783 0.00119811 0.00101487 0.00827432 0.00418574 0.00160946 0.00253408 0.00307654 0.00800288 0.0131819 0.00234694 0.0028403 0.0023694 0.00199716 0.00673365 0.00135663 0.000689497 0.000387596 -0.00124012 0.00151986 0.00201443 0.00251651 0.0032573 0.00458424 -0.000794429 0.000544944 -0.000826217 -0.00151187 -0.000105877 0.00191816 -0.000752449 0.00557883 -0.00103342 0.00268729 0.00848357 0.00479305 0.00782447 0.0105619 -0.000503548 -0.00221504 0.00021257 0.00454505 -0.000649797 0.00182119 0.00620898 -0.00321173 -0.00145848 0.00161507 0.00567115 0.00162379 -0.00128298 -0.000295535 0.00116785 0.00480991 -0.000988553 -0.00164824 -8.56857e-05 -0.0010399 0.000509741 0.00597972 0.000119268 -0.00285505 3.05343e-05 -0.000731517 0 -0.000366044 -0.00224416 0.000778058 0.0019455 0.00426791 3.34327e-05
internal_weight=35667.8 21263.3 20742.4 520.945 375.194 14949.8 7402.95 6662.56 839.573 486.91 5822.99 5347.88 5100.73 4950.96 569.432 4381.53 7546.83 7170.49 14404.4 4307.38 3775.53 3482.98 2869.33 1976.07 613.652 352.663 11947.4 6053.02 5894.41 1355.18 4255.21 164.579 4090.63 395.408 139.806 719.427 333.032 258.409 5792.62 740.382 893.262 128.181 5685 650.713 304.463 2457 3695.23 364.975 189.568 143.191 2863.12 1757.98 1133.52 415.169 5034.29 3207.54 1432.78 1339.03 807.648 201.923 1826.74 1774.76 321.474 4539.24 2714.48 2634 1027.19 1606.81 1098.19 472.33 625.864
internal_count=33609 12608 12289 319 264 6773 3722 3261 352 188 2909 2777 2665 2617 346 2271 3051 2964 21001 1870 1439 1301 1104 791 197 164 18106 10020 8086 1845 7201 253 6948 641 243 1044 463 348 5516 461 313 182 5393 583 334 2895 6307 661 342 265 1094 672 420 208 4810 2890 1287 1223 812 189 1920 1603 354 6241 3748 3680 1285 2395 1646 745 901
is_linear=0
shrinkage=0.0955619


Tree=72
num_leaves=72
num_cat=0
split_feature=2 6 2 1 2 5 7 7 2 3 9 7 7 3 3 2 2 3 2 6 4 3 9 1 9 4 1 1 3 2 2 3 3 0 3 5 3 3 9 9 4 4 4 2 2 4 9 5 1 7 2 2 1 4 1 4 2 1 1 7 7 4 7 7 4 2 7 4 5 7 1
split_gain=4.83442 2.82899 1.65915 1.47314 2.95566 1.43998 1.25371 1.2311 1.21205 1.19981 1.36432 1.77916 2.25311 1.71538 1.81628 1.2014 1.97758 1.20523 1.60978 0.984963 0.984814 0.828945 1.09276 0.621003 0.461689 0.427134 0.657334 2.96047 0.813006 0.549434 0.720344 0.573689 0.870453 0.788085 0.478519 0.711479 0.424165 1.17668 0.900999 1.62934 0.837825 0.413659 0.487888 0.867257 0.50125 0.773294 0.553074 1.44057 1.93748 0.899835 0.656648 2.24364 0.576248 0.720694 0.496455 1.98904 0.572227 1.60812 0.466565 0.427511 0.930872 0.76517 0.39495 0.379509 0.478034 0.354 0.331552 0.351227 0.506076 0.326021 0.361994
threshold=0.21771516573566849 -0.37940952255126015 -0.9993703818063705 -0.99628894895067444 -0.0387208465846701 0.37940952255126054 6.3400000000000025 13.115000000000004 -0.99981480381338828 5.0250000000000012 0.36895902539387043 7.5400000000000018 7.9000000000000012 1.4750000000000003 1.675 -0.97502841500522164 -0.96227343267549392 4.5950000000000006 0.13300977955191609 -0.9159756150367534 1003.9500000000002 3.7250000000000005 -0.53810416157854124 0.49002412863433359 -0.45827399456941359 1007.6500000000002 -0.92913280730858783 -0.94130860066615785 2.5750000000000006 0.48250774176121808 0.96457844552971317 3.3650000000000007 3.7850000000000006 1.0000000180025095e-35 2.5250000000000004 -0.78656609248549303 2.1150000000000007 1.635 0.86941375320298253 1.3882110880469833 1011.5500000000001 1004.2500000000001 1004.4500000000002 -0.79354221435844496 -0.58427653070765284 1009.4500000000002 0.7172509974810134 -0.78656609248549303 -0.56314550935064722 6.5000000000000027 -0.97106408147883394 -0.98518361333263327 0.34964421742355262 1006.85 -0.9852109833579612 1005.85 -0.0387208465846701 -0.99628894895067444 -0.54883787585413535 9.5450000000000017 10.780000000000001 1007.85 14.330000000000002 8.1250000000000018 1005.9500000000002 0.76663042157996963 6.2900000000000018 1011.35 0.78656609248549325 5.7300000000000031 0.39753913293121995
decision_type=2 2 2 2 2 2 2 2 2 2 2 2 2 2 2 2 2 2 2 2 2 2 2 2 2 2 2 2 2 2 2 2 2 2 2 2 2 2 2 2 2 2 2 2 2 2 2 2 2 2 2 2 2 2 2 2 2 2 2 2 2 2 2 2 2 2 2 2 2 2 2
left_child=1 2 -1 4 -4 25 -6 9 -3 10 11 13 -13 -5 -15 -12 -17 18 -18 -19 -16 22 -14 -7 -25 63 27 28 -27 34 31 36 33 65 -28 -36 37 -31 40 -40 -39 -10 43 -43 45 46 47 48 -44 -50 51 -48 58 -54 55 -46 57 -57 -49 -56 61 -61 -38 -2 -65 -33 67 -26 -69 -34 -71
right_child=5 8 3 7 6 23 -8 -9 41 -11 15 12 21 14 20 16 17 19 -20 -21 -22 -23 -24 24 66 26 29 -29 -30 30 -32 32 69 -35 35 -37 62 38 39 -41 -42 42 44 -45 54 -47 50 52 49 -51 -52 -53 53 -55 59 56 -58 -59 -60 60 -62 -63 -64 64 -66 -67 -68 68 -70 70 -72
leaf_value=5.3784047065386499e-05 -0.018583651549046277 0.0085782300415043304 0.0019812708064686825 -0.03763151088877429 -0.0293901845019332 -0.063978541098537803 0.00070450522431664492 -0.00050026948503344214 -0.0027860432782894698 -0.0031206627319806828 -0.023203687506668909 0.0022360176203681725 0.0041035262628972523 0.00010161496304041077 -0.0048482667311719142 0.0018674931814356155 -0.00010008569754813812 -0.014169199573432116 0.00014466153244041907 0.0077987363941757924 0.0010560483761592801 0.0065741512378287631 -0.015890933127456965 -0.057337462458918791 -0.055098809479521969 -0.04042140790143537 -0.014877940220540137 0.031177016575231958 0.0053982085132690746 -0.0018690268700287955 -0.024763200948252188 0.034540376773803359 0.014844500831543525 0.012197248734220234 0.008545703866496621 -0.003120359344638422 -0.0026519553919172219 -0.00045754435984606874 0.03891512745786372 0.017761737443137655 0.023769948680824788 -0.011438121935401138 0.010581216492576382 0.034853645389236021 0.034451036798319103 0.017925577736677304 -0.07063454657032342 0.0025791939700790089 -0.0025641289909168045 0.0087274882101974309 -0.0058913977639888978 0.051956608739270771 -0.006971662325330614 0.012846758866371539 -0.0030754377641330978 0.017604020873892835 -0.042945325715112719 -0.080994358000154837 -0.025360909076846589 0.034390767247474689 -0.0091697937648657964 -0.0066447404131031824 0.0037571044346517181 0.0038599155625841323 -0.0070544827225504083 -0.012299824894921096 0.011356742137806087 -0.0086770588036131652 0.031840471670621082 -0.057218528124210438 0.0031102264898229129
leaf_weight=315.41325470805168 502.58272981643677 91.538189709186554 255.11043980717659 474.61764466762543 215.54936665296555 3106.7390959262848 163.63020321726799 628.57781839370728 843.21199128031731 856.0620841383934 432.01275011897087 250.97408682107925 209.54985857009888 215.38015884160995 329.44841152429581 239.00151196122169 5259.1874245107174 211.01674455404282 361.59320285916328 212.78375869989395 4139.0413219034672 236.05177021026611 266.61383265256882 527.32934254407883 217.22945457696915 215.28578525781631 774.13921758532524 86.001655012369156 62.698569804430008 1162.7096576690674 1329.9418350160122 60.804403275251389 62.682525753974915 78.375217318534851 89.346850544214249 419.14834243059158 1515.7538560032845 282.04955497384071 62.162048935890198 213.42767116427422 206.59869822859764 63.737975507974625 117.62607446312904 84.229344874620438 83.169309258460999 194.51620197296143 122.30148479342461 339.28301021456718 378.06054270267487 289.55833759903908 747.55050098896027 56.538640975952148 199.73647525906563 277.31540435552597 2031.6350043118 77.196761071681976 335.82196766138077 113.5810127556324 896.56729757785797 96.839049369096756 247.84105604887009 54.163461625576019 62.212644994258881 191.58253857493401 458.65615150332451 83.34207546710968 309.30070695281029 123.81965497136116 94.757257282733917 160.31410896778107 195.14421319961548
leaf_count=144 420 120 108 298 182 3897 70 145 1075 487 229 103 90 108 151 79 2131 67 141 90 2123 110 91 737 292 264 659 117 56 1346 1856 88 73 88 113 325 1878 324 66 258 301 92 142 102 139 328 189 625 400 272 1045 68 342 449 3075 131 617 214 1634 126 294 87 60 141 429 112 447 138 150 205 256
internal_value=0.000122915 0.000950271 0.00170602 0.00155284 0.00609272 -0.00137425 0.000464694 0.00134418 -0.000528469 0.00114509 0.00138074 0.00241561 0.00621739 0.00168484 0.0022524 0.000422884 0.000771376 0.000416103 2.77373e-05 0.00531588 0.00181054 0.0032764 0.000747526 -0.00278126 -0.000899781 -0.000617703 -0.000325737 0.00358211 -0.00093904 -0.000551351 -0.00011585 0.000486952 0.00311027 0.00792438 -0.00233364 0 0 0.000956245 0.003886 0.00829138 0.00118024 -0.000672342 -0.000408229 0.00491095 -0.000542336 0.000194952 -0.000113176 0.000597494 0.00400232 0.00182346 -0.00212676 0.00276481 -0.000912453 0.00179984 -0.00145019 0.000879136 -0.0011494 0.00273591 -0.00203663 -0.00207339 0.000597917 0.00663757 -0.00115518 -0.00233565 -0.000633385 0.00280887 0.000526357 -0.00101417 0.00138026 0.000292807 -0.000605628
internal_weight=35667.8 23013.6 15271.6 14956.2 634.29 12654.1 379.18 14321.9 7742.02 13693.3 12837.3 6121.68 963.19 5158.49 4683.87 6715.6 6283.58 6044.58 5620.78 423.801 4468.49 712.215 476.164 4379.18 1272.44 8274.96 7122.14 363.986 277.984 6758.15 5475.52 4145.58 640.663 222.522 1282.63 508.495 3504.91 1926.95 764.238 275.59 488.648 7650.48 6807.27 147.967 6659.3 3619.05 3424.54 2498.15 785.245 667.619 926.391 178.84 1712.9 477.052 3040.25 609.769 526.6 190.778 1235.85 2430.48 398.844 151.003 1577.97 1152.82 650.239 144.146 745.107 435.806 218.577 418.141 355.458
internal_count=33609 18513 6947 6803 360 15096 252 6443 11566 6298 5811 3074 394 2680 2382 2737 2508 2429 2272 157 2274 291 181 5661 1764 9435 8445 437 320 8008 6911 5055 822 288 1097 438 4233 2295 949 324 625 11446 10371 194 10177 5494 5166 3864 814 672 1302 257 3050 791 4683 1101 962 345 2259 3582 507 213 1938 990 570 200 1027 580 288 534 461
is_linear=0
shrinkage=0.0955619


Tree=73
num_leaves=72
num_cat=0
split_feature=6 1 2 2 1 9 2 7 0 2 2 9 0 9 7 0 2 2 2 8 7 4 4 9 8 8 2 8 0 7 8 9 8 3 2 3 8 7 4 4 9 9 4 8 4 9 4 6 2 2 8 2 2 8 2 2 1 3 1 4 2 8 0 7 4 1 1 8 1 8 9
split_gain=5.49145 2.2131 2.41683 2.34868 2.71787 3.17732 2.215 2.00722 2.80018 1.58701 1.36673 1.33813 1.12943 1.10983 2.73306 3.28564 1.75987 1.65183 1.69893 1.15694 1.15199 1.18234 1.96902 1.11018 1.08905 1.02814 0.887172 1.35094 0.809034 1.38803 1.29094 0.810838 0.951179 0.794626 0.763782 0.711704 0.827946 0.787807 1.04168 0.700835 0.695978 0.661472 0.590334 1.3697 0.579569 0.55022 1.03779 0.51039 0.50206 0.477565 0.466052 0.510495 0.53074 0.48298 0.438813 0.935549 0.640701 1.35806 0.545391 0.758137 0.424977 0.415938 0.402441 0.392915 0.384743 0.382338 0.539258 0.381794 0.372732 0.367839 0.436268
threshold=-0.37940952255126015 -0.99628894895067444 -0.0387208465846701 -0.96227343267549392 0.23448921811828119 -3.1482441192171247 -0.90878397393106225 7.5400000000000018 -0.37940952255126015 0.23448270380211197 -0.99981480381338828 -0.35169586670103919 0.37940952255126048 -1.2548691478229921 5.5500000000000034 -0.5 -0.65187484896379921 -0.89388548498445497 0.18399153619612912 8.5500000000000007 13.115000000000004 1008.0500000000001 1008.6500000000002 -1.5469657360456066 7.5599999999999978 5.5400000000000018 -0.9975933521984367 7.205000000000001 -0.5 6.6600000000000028 8.125 0.86941375320298253 14.645 3.4650000000000003 0.56312986467441573 5.9750000000000005 7.2299999999999995 6.9299999999999988 1006.35 1012.0500000000001 1.0823721141985205 -3.197916291046528 1008.2500000000001 10.235000000000001 1010.35 -1.7111420489786473 1006.4500000000002 -0.12940952255126037 0.60503365783732044 0.33345642693991789 7.71 0.96457844552971317 0.95493138204271821 8.3900000000000006 -0.8520459593969173 -0.58427653070765284 0.5772862706790628 2.0750000000000006 -0.99273952934267318 1005.85 0.59123954401714218 7.335 -0.9159756150367534 5.0500000000000034 1008.4500000000002 -0.92913280730858783 -0.95747632178960107 11.000000000000004 0.74409704927257569 11.920000000000002 0.97038939371682542
decision_type=2 2 2 2 2 2 2 2 2 2 2 2 2 2 2 2 2 2 2 2 2 2 2 2 2 2 2 2 2 2 2 2 2 2 2 2 2 2 2 2 2 2 2 2 2 2 2 2 2 2 2 2 2 2 2 2 2 2 2 2 2 2 2 2 2 2 2 2 2 2 2
left_child=1 2 -1 4 5 -3 64 26 -9 13 -2 -4 35 14 19 -16 -17 -15 20 23 21 24 -23 61 -19 -11 27 -7 29 -27 65 32 33 -32 69 36 37 39 -39 54 -33 -41 -31 -44 -34 47 -47 48 -38 -42 -48 52 53 -52 -12 56 57 -56 59 -57 -43 -8 67 -28 -5 66 -30 -53 -58 -14 -71
right_child=10 3 11 6 -6 7 9 8 -10 25 12 -13 34 17 15 16 -18 18 -20 -21 -22 22 -24 -25 -26 28 63 -29 30 42 31 40 44 -35 -36 -37 45 38 -40 41 49 60 43 -45 -46 46 50 -49 -50 -51 51 62 -54 -55 55 58 68 -59 -60 -61 -62 -63 -64 -65 -66 -67 -68 -69 -70 70 -72
leaf_value=0.0017919368963708355 0.007758478480952959 0.00088065876297057245 0.001096534831327204 -0.010782304225195039 0.0019942945171059863 0.00044645247500913317 -0.0093093545203287408 0.0079745287828448409 -0.0031363862273753821 0.0050772049936516662 -0.007733989744361053 -0.028867520008045575 -0.012395284701897841 0.0013826284533376193 0.036936881034854027 0.00015097492108426659 -0.00074446237912920729 0.00045591985843998722 0.00012739054514713545 0.00052121764024679377 0.0008827083515177748 0.0021284997038207914 0.00025626936285668886 -0.0024380445625024868 -0.00094484894946156393 0.011875891108506086 -0.0074375712944960062 -0.0051140478833529698 -0.041499038140813731 -0.0029975145563395297 -0.035759944158487218 0.0053799511920563942 0.005090430954680928 0.0013992648659791461 -0.071870121802335568 0.00017845629960660931 0.0081676538023054378 0.016915890833155707 -0.0094078193905195503 -0.016603201813298465 -0.012964994998206912 0.026280604782637322 0.010976464943332799 -0.019823534100566951 0.0093097287714401268 -0.0031083272522316741 -0.0091437379129019562 -0.042770971295737814 -0.047528179219728829 0.0026593027209715725 0.0063998437981797147 0.062017939541969942 0.056324216383272889 -0.00055817024218997942 -0.00072650577313938943 0.042952137319450273 -0.052343255382459729 0.01042986913894523 -0.008982776580823134 0.0076289232014542978 0.024920313424440774 0.00069707287594482608 -0.048932592920254744 -0.019844987875694629 -0.0075181076765296799 -0.0038473440493295595 0.01374853009306219 -0.037813979882842394 0.016181578882480785 -0.037503767223385782 0.01676863658916946
leaf_weight=255.11043980717659 91.538189709186554 235.06064477562904 128.38032731413841 1095.2240788936615 184.41457375884056 152.97441273927689 604.33503106236458 301.773586332798 294.00157076120377 164.89358243346214 691.38649943470955 250.79924255609512 2364.5808803141117 227.74479353427887 179.48995485901833 293.20439904928207 327.8465701341629 1946.2317962646484 236.78889018297195 147.2869801223278 590.97075843811035 696.23939076066017 2246.1213903725147 152.20711070299149 3385.0365884006023 101.52037301659584 336.41365629434586 274.13978472352028 94.954011350870132 292.999646037817 1056.0660774111748 101.70308938622475 74.209128022193909 536.89181476831436 1943.0474714636803 120.44148606061935 86.822512865066528 70.366837471723557 65.304166406393051 58.129564851522446 135.88953250646591 63.528629720211029 131.77759492397308 142.38818126916885 81.889110893011093 1315.9207004904747 448.96739834547043 1545.9669929146767 80.862971484661102 1339.4121800065041 608.52600586414337 53.439500987529755 72.269276469945908 1893.8629225492477 144.65245801210403 58.814226150512695 123.29452508687973 240.82461807131767 1217.523826956749 188.77298060059547 93.918927878141403 180.09784859418869 307.20425581932068 440.39626353979111 216.34537780284882 1542.114337593317 87.989851206541061 74.805869281291962 80.454927980899811 135.27356088161469 163.93444621562958
leaf_count=108 120 104 87 543 72 71 360 107 118 136 1074 165 4239 101 80 120 148 909 131 90 132 333 1105 96 1152 78 290 147 73 219 1137 95 82 672 2265 110 88 66 102 97 75 108 130 185 108 1523 719 2223 119 1260 927 79 101 2777 187 94 164 301 1971 340 127 102 435 243 105 1244 95 114 74 222 235
internal_value=0.000255786 0.00123382 0.00680965 0.00105701 0.00400104 0.00292638 0.000696531 0.00149399 0.00603451 0.000991122 -0.00118142 0.0016607 -0.00126251 0.00165912 0.00379683 0.00803165 0.00450262 0.00121634 0.00100223 0.000571308 0.000775897 0.000471442 0.00201321 -0.000581484 -0.00036247 -0.000266043 -0.000683402 0.00269792 -0.000497235 0.00258375 -0.000924753 0.000149167 -0.0012357 -0.00197958 -0.00250175 -0.000664162 -0.000765408 0.000497755 0.00756271 0.000136169 0.00174393 0.00536942 0.000545698 0.0038443 0.0056739 -0.00138269 -0.000826907 -0.0028732 0.00175682 0.00113589 1.58061e-05 0.00047167 0.00100994 0.00073113 -0.000245291 0.000417647 0.00365466 0.0059508 -0.000824511 0.00311271 0.00868583 -0.00212597 -0.00248429 -0.00266551 -0.00306704 -0.00304671 0.000665367 0.00147007 -0.000255596 -0.00139381 0.00159081
internal_weight=35667.8 21263.3 634.29 20629 2219.17 2034.76 18409.9 1799.7 595.775 17098.3 14404.4 379.18 14312.9 11213.6 1884.47 800.541 621.051 9329.13 9101.39 1083.93 8864.6 8273.63 2942.36 936.64 5331.27 5884.7 1203.92 427.114 5719.8 668.686 5051.12 3326.06 1749.06 1592.96 4606.84 9706.06 9585.62 3096.97 135.671 2961.3 1577 215.577 567.165 274.166 156.098 6488.65 4775 1713.65 167.685 1475.3 3459.08 3010.11 2574.66 2502.39 2745.72 2054.34 589.227 385.477 1465.11 247.587 157.448 784.433 435.45 776.81 1311.57 1725.06 182.944 128.245 203.749 2663.79 299.208
internal_count=33609 12608 360 12248 1152 1080 11096 976 225 10448 21001 252 20881 4859 996 348 268 3863 3762 648 3631 3499 1438 558 2061 5589 751 218 5453 612 4841 3429 1999 1809 6961 13920 13810 4705 168 4537 1430 332 534 315 190 9105 6675 2430 207 1335 5152 4433 3805 3704 4205 3131 726 488 2405 434 235 462 628 533 648 1412 168 193 238 4696 457
is_linear=0
shrinkage=0.0955619


Tree=74
num_leaves=72
num_cat=0
split_feature=6 1 2 0 8 2 9 1 8 4 9 9 8 2 8 3 0 3 1 1 2 8 9 9 8 8 4 8 2 9 1 3 4 4 3 3 9 9 1 2 8 3 1 9 3 8 2 2 0 3 4 4 8 9 9 2 2 8 3 8 1 3 9 2 1 1 4 1 9 1 1
split_gain=5.15019 2.22438 2.41683 1.71457 1.67394 1.35073 1.33813 1.10113 1.09267 1.59491 1.42058 3.06624 2.97257 2.04394 3.5962 1.61935 2.72662 1.20955 1.06434 1.05832 1.34164 1.00821 0.972168 1.96887 1.51342 1.39775 3.32986 0.986397 0.848988 1.70161 1.93866 0.871329 0.939477 2.80725 0.836845 2.90924 1.03083 0.834134 0.724708 1.31059 0.72294 0.704062 1.17582 0.66703 0.655356 0.618116 0.606075 0.897725 0.589137 0.587072 0.574991 0.58699 0.504447 0.425202 0.646475 0.38353 1.07767 1.63736 1.16618 0.985967 0.51445 0.631546 0.558356 0.51705 0.463842 0.907083 0.756854 0.579767 0.374807 0.362719 0.349607
threshold=-0.37940952255126015 -0.99628894895067444 -0.0387208465846701 0.37940952255126048 4.6450000000000005 -0.99981480381338828 -0.35169586670103919 0.99906486341235867 7.5100000000000007 1003.6500000000002 0.58819321032125071 0.81523824268232847 6.6200000000000037 -0.96227343267549392 6.4000000000000012 2.2950000000000004 -0.37940952255126015 2.5450000000000004 -0.05591647229452347 0.1670500785599974 -0.97870382656940669 8.4700000000000024 0.36895902539387043 0.12477726858016781 8.3300000000000018 7.7900000000000018 1005.7500000000001 15.010000000000002 -0.65187484896379921 -2.3581436817872024 0.69636977696931246 2.0550000000000002 1009.1500000000002 1009.5500000000001 3.8350000000000004 3.5650000000000004 5.0937704837932047 -3.045288073477884 0.92263100495486405 -0.39754281428255622 8.0800000000000018 2.4350000000000005 0.86958133671945947 -0.78366249637247509 5.9750000000000005 13.980000000000004 -0.16705162550211936 0.21771516573566849 0.78656609248549303 3.8950000000000005 1005.0500000000001 1005.35 10.620000000000001 0.46718152904412064 -0.37941003514544919 -0.82389248692129191 -0.63872576220844923 6.5000000000000027 2.0750000000000006 8.1700000000000017 0.064507852084056461 1.8250000000000004 2.0595665196220385 0.1500498401600889 -0.91585580712236336 -0.94130860066615785 1011.5500000000001 -0.98801351631316325 2.5593611250955903 -0.59125596962661853 -0.70252096857941215
decision_type=2 2 2 2 2 2 2 2 2 2 2 2 2 2 2 2 2 2 2 2 2 2 2 2 2 2 2 2 2 2 2 2 2 2 2 2 2 2 2 2 2 2 2 2 2 2 2 2 2 2 2 2 2 2 2 2 2 2 2 2 2 2 2 2 2 2 2 2 2 2 2
left_child=1 2 -1 4 -3 -2 -4 8 9 -6 13 -12 -13 14 -11 16 -15 -14 -5 21 -21 55 23 25 46 26 -10 43 29 -20 48 52 -33 -34 35 36 -26 -17 39 -36 -35 42 -42 -27 45 50 -24 -48 49 -31 -22 -52 -30 54 -50 59 57 58 -57 -7 61 64 -63 -64 65 67 -67 -58 -54 -59 -66
right_child=5 3 6 18 7 19 -8 -9 22 10 11 12 17 15 -16 37 -18 -19 28 20 44 -23 24 -25 34 27 -28 -29 31 30 -32 32 33 40 38 -37 -38 -39 -40 -41 41 -43 -44 -45 -46 -47 47 -49 53 -51 51 -53 68 -55 -56 56 60 69 -60 -61 -62 62 63 -65 70 66 -68 -69 -70 -71 -72
leaf_value=0.0016206960856092177 0.0070170638987497921 0.0015267080309779527 0.00099174793066942181 -0.0074596225595327387 -0.010785434040550324 -0.027110674882093649 -0.026108886296737802 0.0038486079313737208 0.0072139532726782996 0.0010674776154710264 0.0014704344562057889 -0.0051755412738115347 0.0022541103550507858 -0.019618584527273455 -0.0085151824133408473 -0.026980627781836113 0.002505372463211 0.0014292056399210417 0.0049471417486905154 0.0071129571282055369 -0.0085665671716286182 -0.056526448942178301 -0.023017212973913053 0.0034861349023478259 0.00012962798066321239 0.00083258473218814229 -0.00046435488895574072 0.0035974798043599925 -0.14386714383048857 -0.025591814495744561 0.011954646771008458 -0.0013126369041317177 0.013189754326581329 -0.1326256006908714 -0.0013041676077055629 0.0051922432164674378 0.013995541147467993 -0.00034520419741377261 -0.0028475222157171615 0.0036756334499307027 0.001943150521059319 0.00255624354167456 0.0021327307540461699 -0.0039311472460338325 0.00014159872829716408 -0.040924871330337897 -0.0018343009499925066 -0.01344455176874222 0.0060354279236331902 0.0008187082773104691 -0.0025529378800604641 -0.0002672313774640111 -0.014743334871334415 -0.010786474719422165 0.0060518713112736374 0.0025252045435705662 0.011560914495035327 -0.013600049172057887 0.024201520694552909 0.033031403466412264 0.037512070271281735 -0.043243428235120618 -0.073417072153016044 0.047527651254032431 -0.033331836281819176 0.010914192340953669 0.059268614849140117 -0.040952726923775079 0.014717316773599519 0.031025099337593866 0.0053536561627716799
leaf_weight=255.11043980717659 91.538189709186554 154.0586479306221 128.38032731413841 2131.5904223620892 385.78960964083672 1228.9188740849495 250.79924255609512 238.92882761359215 182.86455059051514 247.67078727483749 187.79355156421661 379.61123079061508 588.99981433153152 293.98671332001686 242.00847941637039 418.32410442829132 574.57668668031693 453.65175992250443 101.91146034002304 88.400585412979126 581.06390953063965 2569.833655834198 935.95415735244751 373.26753968000412 2249.0873778760433 1745.4034157395363 211.19803869724274 124.05422312021255 536.43269607424736 359.70184421539307 127.12583938241005 633.50684577226639 116.61441624164581 195.46911746263504 507.70021325349808 282.20586544275284 230.40468311309814 1549.357853859663 461.35891312360764 199.25016665458679 94.550349295139313 763.59815162420273 82.954603999853134 902.84882566332817 122.07953542470932 742.34591603279114 155.24168831110001 429.94832566380501 88.01726308465004 177.49183279275894 145.40693411231041 4889.131133377552 223.53211969137192 131.90242674946785 81.034930944442749 79.824085623025894 343.65207269787788 263.62564319372177 99.222282946109772 98.814488738775253 45.912483066320419 1397.3825082182884 52.652261108160019 67.149251580238342 571.92397969961166 116.27449950575829 61.107393622398376 401.01499247550964 78.063591837882996 61.378491848707199 285.78346249461174
leaf_count=108 120 49 87 2656 191 2076 165 75 66 76 77 164 240 165 109 200 242 158 86 120 634 3394 280 155 1158 1238 97 114 385 196 58 235 56 148 160 104 90 627 109 141 119 697 53 433 113 999 38 248 91 115 153 6847 230 175 67 124 619 437 137 121 71 2269 93 108 1010 205 104 710 77 75 462
internal_value=0.000272956 0.00122013 0.00680965 0.0010429 0.00159683 -0.0011187 0.0016607 0.00148337 0.00136721 0.00245946 0.00293239 0.00529032 0.00367351 0.00175957 0.0074654 0.000735571 0.00418254 0.0063373 -0.000316551 -0.00119939 -0.000290104 -0.00195816 0.000709763 0.00194338 -7.464e-05 0.00113197 0.00645172 0.000336752 0.000625043 0.00291338 0.00154596 -0.000238789 0.000862518 0.0024119 0.000898341 0.00181848 0.000726499 -0.000741917 -0.00119594 0.000613929 0.000859469 0.0020272 0.0074559 -2.20113e-05 -0.000465607 -0.00061336 -0.00264715 -6.71474e-05 -2.54217e-05 -0.00202782 -0.000251971 5.89586e-05 -0.00282467 0.00322706 0.00640402 -0.00116159 -0.000644627 0.00341331 0.010704 -0.00258484 -0.00128666 -0.00145355 -0.00288895 0.00291727 -0.000174955 0.00125215 0.00735163 -9.57981e-05 4.4268e-06 -0.000369955 -0.00181714
internal_weight=35667.8 21263.3 634.29 20629 14705.5 14404.4 379.18 14551.5 14312.6 5321.77 4935.98 1610.06 1422.26 3325.92 489.679 2836.25 868.563 1042.65 5923.5 14312.9 6568.43 7744.47 8990.79 3539.64 5451.15 3166.37 394.063 2772.31 3791.91 1067.19 965.274 2724.72 1886.69 1253.19 3930.01 2761.7 2479.49 1967.68 1168.31 706.95 1136.57 941.103 177.505 2648.25 6480.03 6357.95 1521.14 585.19 838.148 537.194 5615.6 5034.54 838.028 300.955 169.052 5174.64 3846.9 504.051 179.046 1327.73 3342.85 3296.94 1517.18 119.802 1779.76 922.049 177.382 744.667 301.596 325.004 857.707
internal_count=33609 12608 360 12248 6804 21001 252 6755 6680 2249 2058 639 562 1419 185 1234 407 398 5444 20881 8866 12015 4431 2103 2328 1948 163 1785 2788 788 702 2000 1308 1073 1762 1352 1248 827 410 301 1017 869 172 1671 8746 8633 566 286 644 311 7634 7000 692 333 158 8621 6424 773 261 2197 5651 5580 2470 201 3110 1638 309 1329 307 512 1472
is_linear=0
shrinkage=0.0955619


Tree=75
num_leaves=72
num_cat=0
split_feature=2 6 0 7 9 1 9 8 1 1 5 9 1 1 9 3 8 2 9 9 1 0 9 1 8 3 8 0 9 9 9 2 6 2 3 2 8 7 7 2 6 8 8 3 1 1 9 1 3 1 1 1 1 1 9 9 7 1 3 9 3 9 2 2 1 8 9 1 1 1 8
split_gain=4.30018 2.88275 2.29752 3.10058 2.02211 3.71779 6.05246 2.20106 1.84371 1.86935 1.22339 1.18715 2.10813 1.53471 1.50397 1.31984 1.08573 1.602 1.14879 1.17731 2.17977 0.872654 1.4959 2.9287 2.13471 1.90361 1.47228 1.18435 0.796571 0.777299 0.757829 0.756114 0.723586 0.690642 0.657974 0.654069 0.602091 0.89784 0.713665 0.937141 0.697456 0.577987 0.494339 0.47795 0.629684 1.3994 0.941507 0.412098 0.393058 0.709173 3.66277 0.629628 0.969921 0.83008 0.583817 0.770001 0.966161 0.570576 0.639905 0.569144 0.598965 0.422502 0.387032 0.380884 0.462747 0.566644 0.448511 0.642772 0.729805 0.74085 0.847452
threshold=0.76663042157996963 -0.12940952255126037 0.37940952255126048 5.7600000000000007 0.53371271547135468 -0.23448921811828094 1.3882110880469833 4.825000000000002 0.99906486341235867 0.98801351631316348 0.60355339059327384 -1.1148116543780071 0.823915376013162 0.50495637864894027 -1.2860132551925998 2.1750000000000003 8.5500000000000007 -0.9668120007078248 -1.5134188966572955 -0.30400533685141967 -0.69016699705532225 0.25881904510252057 1.8898909513227766 0.95236875646279973 7.915 1.7850000000000004 9.8050000000000015 -0.5 -1.8456097642358082 -1.9508865700070002 -2.2399668639384749 -0.99981480381338828 0.37940952255126048 -0.42889193791248376 1.175 0.72064045540576316 13.385 9.0000000000000036 10.535000000000002 -0.54160775828284857 0.78656609248549303 6.2999999999999998 6.6900000000000004 2.4450000000000007 -0.70252096857941215 -0.56314550935064722 0.41613346753728214 0.95495791161117582 3.4450000000000007 0.88606241628642846 0.86958133671945947 0.4749466738948262 0.53436760985011655 -0.99865756837029884 -0.10099224320929066 -0.86769926957598098 4.8099999999999978 0.68391308835034159 3.8650000000000007 -1.4795175621563066 3.7450000000000006 -0.83945320721057637 -0.97502841500522164 0.80392796183282111 0.047320950113892181 9.9800000000000004 -0.70275617254445588 -0.43664718845046341 -0.2760944163666606 -0.32533907195844763 8.1400000000000041
decision_type=2 2 2 2 2 2 2 2 2 2 2 2 2 2 2 2 2 2 2 2 2 2 2 2 2 2 2 2 2 2 2 2 2 2 2 2 2 2 2 2 2 2 2 2 2 2 2 2 2 2 2 2 2 2 2 2 2 2 2 2 2 2 2 2 2 2 2 2 2 2 2
left_child=1 2 3 4 7 6 -6 -1 9 11 28 12 13 14 15 -5 17 -9 41 20 -20 22 23 26 25 -24 -13 -26 -2 42 -15 -31 -33 -23 -4 48 37 43 39 -39 -41 -19 -3 44 -34 46 -46 -42 49 50 51 53 -53 -36 55 59 -57 -56 -59 60 -50 -54 -47 -30 65 66 -65 -68 69 70 -69
right_child=10 29 34 8 5 -7 -8 16 -10 -11 -12 21 -14 30 -16 -17 -18 18 19 -21 -22 33 24 -25 27 -27 -28 -29 63 31 -32 32 36 -35 35 -37 -38 38 -40 40 47 -43 -44 -45 45 62 -48 -49 54 -51 -52 52 61 -55 57 56 -58 58 -60 -61 -62 -63 -64 64 -66 -67 67 68 -70 -71 -72
leaf_value=0.0038909883885797805 -0.044885140009568378 -0.0039024822790114464 -0.019861239225394258 0.0071321177280359331 -0.0035198657826180178 0.0011499568487577552 -0.0047532310624923448 0.0004704131059876389 0.0038680957583200558 -0.0044037202854955949 -0.090180253701681978 -0.00062791432234885229 -0.0019214255355935773 0.030681340697756701 0.0048619609255909782 -6.1292341898620144e-06 0.0070747367743267935 -0.029644052398395366 0.0035179132000570622 -0.00027611336284088584 -0.0048388892021689559 -0.00094315745982836378 0.0029153097891077952 0.0014714683240152587 -0.012058676170423959 0.00096884538724468963 0.0008768837447295035 0.0013124070143458834 -0.043249983202063469 0.023352879567403687 0.0063944195027717974 -0.0028016969504545859 -0.0028470283719427602 -0.002897479157116435 0.0022377963851314352 0.027373300531340634 -0.046905051679324107 -0.022910258475333858 -0.0022547940782047054 0.038597900259739727 0.029319271810384778 -0.001106870718405123 -0.034336506398046668 -0.0015560261979887502 0.011745324687800667 -0.034232087541097744 0.032160821764446207 -0.012178089887197702 -0.0050835262556315269 -0.0025546461122747822 0.014457600102199536 -0.0014830020057771574 -0.047027485180908407 -0.0079353869512138065 -0.01273992647960381 0.015855958082586101 0.0329077609102 0.016927491928156291 -0.0013913599796882977 -0.004503981481085377 -0.0012127159290581224 0.013883035036088341 0.0062305722399068827 0.025404555677541185 0.0082907359063598678 -0.069080065542946031 -0.016903806525381912 0.02540884857313077 -0.030236307272374207 0.052133291118261905 -0.012074852850959005
leaf_weight=297.3820561170578 1385.2762207984924 895.23850685358047 468.39205878973007 212.28849571943283 184.67303657531738 453.99527591466904 171.03040999174118 341.33695030212402 220.24185416102409 900.25597268342972 1993.1020295321941 3925.9594104588032 413.32012367248535 159.51830041408539 182.73860630393028 913.35266849398613 250.07144379615784 449.63523390889168 268.57524231076241 329.59917145967484 247.02458122372627 478.26683664321899 261.09307250380516 308.28035932779312 505.97478759288788 486.73635849356651 707.51854681968689 1240.9742767810822 228.84723204374313 64.073094695806503 133.79311144351959 2320.2508155107498 1099.3709698021412 452.12171402573586 66.484867453575134 101.09315195679665 278.36082026362419 61.215987741947174 131.02180513739586 90.360059559345245 69.486809074878693 498.10208216309547 1325.7330713868141 1219.3691587746143 62.475729525089264 183.14613273739815 80.305188357830048 53.559670031070709 71.939412772655487 1118.5449368655682 86.86957448720932 107.76671838760376 181.08156940340996 1581.2128726840019 497.78561234474182 84.873009920120239 86.920681536197662 210.45578479766846 268.5236993432045 138.59397175908089 213.5507495701313 505.33205538988113 860.1360054910183 109.2944723367691 1219.0365161597729 481.09973764419556 260.75251424312592 63.541519731283188 142.94942951202393 74.709431558847427 131.77696767449379
leaf_count=142 1808 1538 477 124 86 113 78 121 70 239 2275 1731 220 101 89 560 94 261 133 130 92 191 123 115 229 188 368 363 294 86 73 3231 1977 196 74 126 423 106 200 120 111 224 2191 1957 111 330 133 88 71 678 44 51 181 1978 541 104 74 108 151 133 232 357 1373 144 1694 695 289 107 204 101 189
internal_value=0.000239546 0.000718065 0.0013333 0.00195832 0.00446143 0.00870778 0.0160436 0.00313729 0.00118955 0.00101004 -0.00206828 0.00137873 0.00347515 0.00506321 0.00354415 0.00212291 0.00211523 0.0013592 0.000159394 0.00276439 0.00564513 0.000861737 0.00121467 0.00023068 0.00312405 0.00741298 -0.000352095 0.00122629 -0.00109087 -0.000725239 0.0114327 -0.00018711 -0.000304658 -0.00185442 -0.000269404 1.61255e-05 0.000427547 0.00075413 0.00500743 0.00777359 0.010801 -0.0020664 -0.00227368 0.000231826 0.00106899 0.00260734 0.011478 0.0048414 -0.000115444 -0.000676045 0.000176181 -0.000481673 0.0016687 -0.00157588 0.00112423 0.00348591 0.00891337 -0.000226275 0.00201551 0.00102712 0.00362564 0.000191008 0.00127843 -0.000101889 0.000207855 -0.00102807 0.000454174 -0.00034477 0.0018439 0.00489463 0.00120192
internal_weight=35667.8 29577.4 20783.3 14993.9 3491.43 809.699 355.703 2681.73 11502.4 11282.2 6090.39 10381.9 2015.01 1601.69 1308.38 1125.64 2384.34 2134.27 1792.94 845.199 515.6 8366.93 7436.54 4941.76 2494.78 747.829 4633.48 1746.95 4097.28 8794.1 293.311 6573.13 6509.06 930.389 5789.42 5321.03 4188.81 3910.45 405.644 274.623 213.407 947.737 2220.97 3504.8 2285.43 1186.06 142.781 123.046 5219.94 3647.29 2528.75 2441.88 794.18 1647.7 1572.64 595.878 171.794 976.765 478.979 424.084 285.49 686.414 1043.28 2712.01 2483.16 1264.12 783.024 673.73 412.977 270.028 195.318
internal_count=33609 25809 11834 6454 1474 277 164 1197 4980 4910 7800 4671 1167 947 773 684 1055 961 840 355 225 3504 3117 2214 903 311 2099 592 5525 13975 174 10246 10160 387 5380 4903 6929 6506 625 425 319 485 3729 5881 3924 1947 244 199 4777 3363 2685 2641 589 2052 1414 614 178 800 259 436 303 538 1703 3717 3423 1729 1034 890 601 397 296
is_linear=0
shrinkage=0.0955619


Tree=76
num_leaves=72
num_cat=0
split_feature=6 1 0 7 9 1 4 3 1 7 1 8 7 6 9 8 9 4 1 8 7 7 7 9 4 8 3 3 1 1 4 8 8 3 9 0 8 3 1 1 6 0 7 8 7 7 8 3 3 0 8 7 4 9 9 3 7 0 4 7 0 3 7 9 6 8 8 1 1 4 7
split_gain=4.07368 2.41181 1.61649 2.05335 1.42215 2.12618 2.34347 1.66003 1.9551 1.38349 1.71393 1.31322 1.24532 1.20755 1.81575 1.42654 1.14419 1.97563 1.12127 1.10997 1.10083 1.00609 1.24018 1.93946 1.47083 0.909468 1.03563 0.942671 0.85697 1.21359 1.39756 0.949164 2.86375 0.821414 0.816066 0.797983 0.759978 0.757609 0.919926 0.855703 0.673486 0.702408 0.651207 0.672056 0.797403 0.627047 0.778054 0.751342 0.667518 0.973034 0.609574 1.18987 0.566714 1.1073 0.515026 0.490041 1.22063 0.480351 0.456068 0.542024 0.449333 0.408004 0.400417 0.37397 0.361788 0.357655 0.5551 0.778233 0.33069 0.320437 0.298345
threshold=-0.12940952255126037 -0.99273952934267318 0.37940952255126048 6.200000000000002 3.3711384129479325 0.60505046667002438 1009.6500000000002 4.0650000000000004 -0.16705007855999712 3.9800000000000026 -0.58429276287313725 8.6400000000000041 6.3900000000000032 -0.98296291314453399 -1.7736156707084054 7.1900000000000004 -0.70275617254445588 1005.0500000000001 0.99906486341235867 6.5000000000000027 13.800000000000001 10.535000000000002 9.8200000000000038 1.4771880117935512 1007.6500000000002 12.129999999999999 4.9850000000000012 1.635 0.4749466738948262 0.87795195455888941 1006.85 8.0400000000000027 6.7600000000000007 2.0550000000000002 1.3882110880469833 0.25881904510252057 9.0800000000000018 2.4450000000000007 0.098819223632317002 0.18399664778440331 0.37940952255126048 -0.9159756150367534 8.6350000000000016 6.6599999999999993 5.2600000000000007 8.8500000000000014 8.0800000000000018 2.4650000000000003 3.0650000000000004 0.78656609248549303 6.8899999999999997 4.5000000000000027 1002.85 -2.5980635127405178 -1.1412490288949255 1.4950000000000003 2.7150000000000003 -0.78656609248549325 1009.1500000000002 5.7300000000000031 0.91597561503675351 3.8350000000000004 5.7800000000000038 -2.5520825534315832 -0.60355339059327384 7.3700000000000001 6.4249999999999998 0.60505046667002438 0.7206604759859373 1008.85 12.960000000000001
decision_type=2 2 2 2 2 2 2 2 2 2 2 2 2 2 2 2 2 2 2 2 2 2 2 2 2 2 2 2 2 2 2 2 2 2 2 2 2 2 2 2 2 2 2 2 2 2 2 2 2 2 2 2 2 2 2 2 2 2 2 2 2 2 2 2 2 2 2 2 2 2 2
left_child=1 13 3 4 5 6 7 16 54 -8 -11 -7 -5 -1 -15 64 17 -3 19 -14 25 22 37 57 -25 26 27 -21 42 30 -30 32 -32 -31 35 -18 -33 40 -39 -40 -2 50 43 44 55 46 -35 -48 -49 -50 51 -42 -22 -54 -9 56 -4 -24 -38 60 -60 -55 -19 -43 -16 66 -41 -68 -34 -52 -27
right_child=21 2 28 12 -6 11 9 8 -10 10 -12 -13 18 14 15 -17 34 62 -20 20 52 -23 23 24 -26 70 -28 -29 29 33 31 36 68 45 -36 -37 58 38 39 65 41 63 -44 -45 -46 -47 47 48 49 -51 69 -53 53 61 -56 -57 -58 -59 59 -61 -62 -63 -64 -65 -66 -67 67 -69 -70 -71 -72
leaf_value=0.00056466661530989051 -0.0069587806738638175 -0.00062387037283234107 0.024757457202420754 -0.0040284799379276823 0.011688758270519998 -0.0084376451035972425 0.0017984209135751563 -0.003758548061211113 -0.01974283112233479 0.012135426080453105 -0.0014071500715403811 0.00060989275873041531 0.0010555269814645795 0.00090605951371827622 -0.036876690243167053 -0.00057023439401705333 0.0005457959404371166 -0.0070066795283181705 0.0034984533590250787 -0.0020970487392179436 -0.0019799832603861669 -0.053193322290366662 0.021506198092378487 0.044379390179008479 0.016433044401177883 -0.0030778732191042205 -0.012723851253008277 0.00081032509897082533 -0.0081946850513894675 -0.050795806251735069 -0.0075578033226525792 -0.024138368298581764 -0.0017392177376384318 -0.14374838379553032 -0.013204293419737662 0.0010421054312383885 -0.015133208001808949 -0.055333207053456443 0.038216654479768873 -0.036593702218454927 -0.028090240273776722 -0.015268579554474649 0.038881681012179294 -0.01124765884053839 0.003302613964926971 -0.016519986976009992 0.007191270288461513 -0.0057551525230565784 0.012954666058107392 -0.0010861728253784939 -0.0089206339003757278 0.026221530923449123 0.0013052879181915525 0.00047024666847449625 0.0011089237080305512 -0.011205109204933558 -0.0010658704981336337 -0.031864414583250789 0.021518996236279429 0.0056105963457591494 0.037736275644767898 -0.0071992840110733413 -0.0045345313232210199 0.00056080599319075592 0.00098398780789972604 -0.0014186219247911936 0.003146189853427345 -0.029439607261850381 0.014642972322951298 0.031845087047554933 0.0015962845412551103
leaf_weight=124.19854426383972 2425.2311924397945 283.25627472996712 84.537867397069931 434.71438691020012 174.9576690196991 648.75971779227257 168.63005724549294 163.75476026535034 192.17309486865997 259.43258678913116 127.12082022428513 258.88179731369019 165.85235184431076 214.13643106818199 256.0980344414711 201.11616122722626 453.72642388939857 780.02378448843956 220.24185416102409 1471.5939075350761 197.7647163271904 1293.7634127438068 116.47004047036171 59.744602680206299 71.27882918715477 964.80526477098465 516.69697666168213 6571.8173892199993 265.99909135699272 470.49316734075546 192.76161697506905 163.70873314142227 111.66292914748192 181.19038477540016 174.98562067747116 365.37153023481369 117.88500002026558 1897.3887469768524 110.3347724378109 135.41737225651741 74.894972890615463 720.68171179294586 79.474257856607437 2651.1916240155697 64.732959628105164 221.88576972484589 148.1658900976181 222.19036409258842 215.15579336881638 256.47631952166557 139.57376283407211 116.40236467123032 67.973797619342804 286.13852724432945 201.44375443458557 670.36848652362823 87.299929201602936 221.12741637229919 114.56404286623001 274.76344871520996 72.429699778556824 133.59605658054352 191.305509775877 3064.4087125360966 96.04994735121727 1327.5883829295635 91.093990504741669 101.93392643332481 107.46794882416725 148.35668042302132 411.05663901567459
leaf_count=56 3583 153 100 257 58 243 78 101 58 152 102 90 76 136 197 96 236 336 70 816 49 1655 162 78 111 577 276 3367 162 272 142 146 92 119 84 119 64 2765 150 206 128 1216 114 3276 55 66 100 141 82 215 186 151 59 266 77 892 88 300 121 301 111 67 85 5172 131 1881 94 125 66 237 216
internal_value=0.000185547 0.000920286 0.000723387 0.00125209 0.00299978 0.00262093 0.00373634 0.00256298 0.0072587 0.00945958 0.00586159 -0.0014057 0.000564636 0.00580331 0.00418619 0.00108792 0.00135047 -0.000503398 0.000770403 0.000622171 0.000490618 -0.0012349 -0.000921793 0.00382808 0.0135738 0.000224604 0.000599754 0.000875865 -0.000502619 0.000633658 0.00271482 0.00418804 0.0079341 -0.00103744 0.00377937 0.00507372 0.0019665 -0.00114673 -0.00225875 -0.00062345 -0.000523063 0.000180325 -0.00150795 -0.00172195 0.000436071 0.000178413 0.00125057 0.00254394 0.00105587 0.00318433 0.00362926 0.00781661 0.00419507 0.00216107 0.00279345 -0.000255091 0.00411986 0 0.00366833 0.00505843 0.00914362 7.23356e-05 -0.0026212 -0.000233789 -0.00237903 -0.00121917 0.00143659 0.00488597 0.0153501 0.000480086 -0.00203824
internal_weight=35667.8 23552.1 22660.5 15886.1 4443.82 4268.87 3361.22 2806.04 557.372 555.183 386.553 907.642 11442.3 891.599 767.401 553.264 2248.67 1254.59 11007.5 10787.3 10621.4 12115.7 10821.9 468.621 131.023 9935.97 8560.11 8043.41 6774.41 3136.8 1421.24 1155.24 411.892 1715.56 994.084 819.098 743.351 10353.3 3663.76 1766.37 6689.55 4264.32 3637.61 3558.13 906.939 1245.06 1023.18 841.988 693.822 471.632 479.228 191.297 685.473 487.708 365.199 842.206 171.838 337.597 579.642 461.757 186.994 419.735 971.329 3785.09 352.148 1656.03 328.445 193.028 219.131 287.93 1375.86
internal_count=33609 15409 14793 8068 1972 1914 1581 1249 236 332 254 333 6096 616 560 424 1013 574 5839 5769 5693 18200 16545 651 189 5252 4459 4183 6725 2200 1205 1043 300 995 439 355 743 15894 5221 2456 10673 7090 4525 4411 1135 723 657 538 438 297 702 279 441 392 178 1080 188 462 597 533 232 333 421 6388 328 2306 425 219 158 423 793
is_linear=0
shrinkage=0.0955619


Tree=77
num_leaves=72
num_cat=0
split_feature=6 1 8 2 8 9 1 3 3 6 2 7 9 9 0 2 9 0 7 8 0 9 9 1 9 9 2 4 8 1 1 4 8 8 7 4 9 3 1 1 2 4 1 2 2 8 3 7 8 0 2 3 9 7 2 4 6 0 8 8 1 3 4 1 4 1 1 1 3 2 9
split_gain=4.04907 2.41124 2.73689 2.22026 5.19809 2.22453 2.11937 1.48367 3.59536 2.49576 1.42652 1.29789 1.16555 1.56407 1.08219 1.0512 0.994085 0.878009 1.08865 1.78799 2.40633 1.55802 3.03599 1.48623 1.27738 2.49456 1.92124 1.2831 1.16054 0.735898 1.32976 1.55108 1.73893 0.794565 1.34676 1.7921 1.40829 1.08512 0.727493 0.723653 1.69902 0.795869 0.757055 1.11658 1.00942 0.713714 0.664237 0.652987 0.628885 0.572203 0.711285 0.549073 0.538048 0.78299 0.862593 0.520658 0.435922 0.430284 0.412221 0.405343 0.390887 0.388884 0.717174 0.427914 0.387662 0.438499 0.972949 1.73212 0.408615 0.378399 0.368711
threshold=-0.37940952255126015 -0.99273952934267318 4.5250000000000012 -0.96227343267549392 6.4000000000000012 1.2421757658246018 -0.04732095011389225 1.8250000000000004 1.4150000000000003 -0.78656609248549325 0.87377473702374975 13.800000000000001 3.8325567343025146 1.6908850021393571 -0.60355339059327384 -0.99981480381338828 -2.3987109400785829 0.37940952255126048 6.200000000000002 6.165 0.25881904510252057 0.10224542043327213 0.36895902539387043 0.99699193743116299 -4.1287939789626771 -1.4477322770781063 -0.86092912513210462 1007.85 7.589999999999999 0.13301347478292308 0.63209755774300602 1011.5500000000001 11.870000000000005 9.3700000000000045 5.6100000000000021 1005.0500000000001 1.2131758420300012 2.2350000000000008 0.92591620288614507 -0.56314550935064722 -0.8038981836306559 1005.85 -0.9852109833579612 1.0000000180025095e-35 -0.58427653070765284 7.8899999999999997 5.9750000000000005 7.6099999999999985 10.235000000000001 -0.5 -0.63872576220844923 1.2550000000000001 0.4914469144387788 7.5400000000000018 -0.9993703818063705 1009.7500000000001 -0.12940952255126037 -0.9159756150367534 5.8050000000000006 8.0800000000000018 0.23448921811828119 1.1950000000000001 1011.5500000000001 -0.99628894895067444 1014.2500000000001 0.90149333598846393 0.4749466738948262 0.53436760985011655 3.4450000000000007 0.67123509350548771 1.8204368931990269
decision_type=2 2 2 2 2 2 2 2 2 2 2 2 2 2 2 2 2 2 2 2 2 2 2 2 2 2 2 2 2 2 2 2 2 2 2 2 2 2 2 2 2 2 2 2 2 2 2 2 2 2 2 2 2 2 2 2 2 2 2 2 2 2 2 2 2 2 2 2 2 2 2
left_child=1 7 -3 4 6 16 -4 8 -1 -9 15 17 13 38 48 -2 -6 18 19 20 -5 49 47 28 -21 27 -27 -26 -24 39 31 33 -33 34 -31 -36 37 -37 -13 40 -17 42 43 -42 45 -44 -32 -23 57 50 -20 -19 53 54 -18 -52 -35 -12 -43 -51 -50 62 63 -60 65 66 69 -68 -67 -53 -41
right_child=10 2 3 11 5 -7 -8 9 -10 -11 14 12 -14 -15 -16 29 52 51 21 24 -22 22 23 -25 25 26 -28 -29 -30 30 46 32 -34 56 35 36 -38 -39 -40 70 41 58 44 -45 -46 -47 -48 -49 60 59 55 64 -54 -55 -56 -57 -58 -59 61 -61 -62 -63 -64 -65 -66 68 67 -69 -70 -71 -72
leaf_value=0.0059161689464073608 0.0043487656796164596 0.0025762681124597972 0.0001007102312925121 -0.0067380542771221155 -7.7492420424828302e-05 0.0025765981943306638 0.0018592158321920562 -0.0025764301500673346 0.0017915583497101096 0.0024255940480866676 0.035493324955909476 0.0011805521856767672 -0.00048843255969547011 -0.0051687559707961671 -0.095292913212101024 0.024933343956410753 0.00069222085874733421 -0.0059456175427090906 0.016234479282381999 -0.0088942462701011513 0.00055921058949257084 -0.00064063247408822628 0.0011567653511374144 0.0032026500958193395 0.0017044808813429372 0.0017141103051348167 0.00063503166354078903 0.0085054153616153233 -0.00046181459973123403 -0.00057337168821920519 -0.00087558263137625485 0.057830131909264199 0.005921501801675097 0.00045739323646781349 -0.013870879055441808 0.0076222171883978456 -0.0012778151453258083 0.0080374362687488047 0.0018348112194381421 -0.024376006538229994 -0.035595070935310121 0.0044198040339585264 0.0092428719332105988 0.053088602366292009 -0.057814801340678304 -0.030660821926947003 0.0011554090457578665 0.0034790906228206065 -0.061228745630034491 -0.0023557880984095836 -0.0007166246585190711 -0.0043891765747815364 -0.010344133845578602 0.0062189173557363571 -0.011848648787341085 0.0064841406344997004 -0.020585345576288456 -0.0013759552379077481 0.016308111865787348 -0.0018357806143878754 0.009973670438343506 -0.021399307748390856 0.034200435789554319 -0.021001603853549735 -0.045711063183725344 -0.0018043693140627017 0.0035030832352894044 0.0033096261399046907 0.0044125561679979842 0.0035684163603841561 0.0062266884957882084
leaf_weight=226.14081168174744 91.538189709186554 195.68770310282707 215.13705250620842 824.65893030166626 160.21157121658325 350.8570608496666 225.79564693570137 289.03287202119827 148.23734667897224 159.87969192862511 183.31665548682213 186.38408637046814 167.20982921123505 214.29523879289627 1960.9863391518593 98.201965689659119 132.20437663793564 549.78380218148232 229.34582209587097 269.7835648059845 295.28010302782059 191.57092720270157 1175.1316646337509 218.38335612416267 377.74303165078163 197.76271641254425 1288.4493400752544 227.91481935977936 3970.2322980165482 486.48506855964661 3802.6919896006584 53.896010041236877 51.144446164369583 72.718836843967438 145.70526298880577 216.87313422560692 84.593464821577072 259.82107636332512 88.50364077091217 1537.4764188230038 91.445604860782623 591.44409981369972 128.4462942481041 48.596083700656891 301.69586256146431 71.199205189943314 118.46769291162491 203.81501817703247 393.21280124783516 1008.6045940816402 248.70370265841484 1405.7754883766174 340.77719500660896 270.0341472029686 523.02648067474365 104.87821999192238 367.49361258745193 181.94843432307243 57.574975818395615 1213.7748972475529 224.47592085599899 2126.4363574981689 72.37160512804985 423.929194688797 528.23120340704918 931.41413903236389 149.55807173252106 922.1965526342392 374.05941537022591 462.86754241585732 160.25002643465996
leaf_count=124 120 110 126 399 98 157 90 171 76 133 276 204 34 101 2133 120 69 543 101 146 129 66 462 66 156 51 519 106 1791 745 5231 87 82 83 158 308 109 306 31 2515 157 1037 168 81 524 110 110 98 558 435 167 1583 156 109 345 122 567 276 105 870 312 3601 118 759 705 456 77 634 157 635 245
internal_value=0.000341728 0.00118159 0.00097149 0.000856972 0.00371479 0.00134402 0.0129952 0.00626509 0.0107597 0.00226923 -0.000891538 0.000499655 0.00467361 0.00205765 -0.00277236 -0.000399712 -0.000274061 0.000335863 0.000791093 0.00221801 -0.000858115 0.000199598 0.00110876 0.00049253 0.00371573 0.00452873 0.00233078 0.00973547 0.000144338 -0.00049071 0.000267852 0.00247736 0.0137171 0.00167694 0.00298392 0.00565568 0.00814985 0.0101994 0.0069232 -0.00125892 -0.000529528 -0.000866802 0.00214637 0.00831431 0.00020382 0.00560493 -0.000689008 0.0091757 -8.51377e-05 -0.00163281 0.000915509 -0.000676458 -0.00123828 0 -0.00182347 -0.00157294 -0.00165168 0.0029441 -0.00148733 -0.00234362 -0.00203226 -0.00200027 9.66281e-05 -0.00107962 -0.000324572 0 0.000626835 0.00293477 -0.00147557 -0.000649043 -0.00292379
internal_weight=35667.8 21263.3 20440 20244.4 2218.04 1777.11 440.933 823.291 374.378 448.913 14404.4 18026.3 656.393 489.183 2943.94 11460.5 1426.25 17369.9 12046 3481.59 1119.94 8564.44 5759.13 5363.75 2361.65 2091.87 1486.21 605.658 5145.36 11369 5659.89 1738.73 105.04 1633.69 1193.48 706.993 561.288 476.694 274.888 5709.07 4011.34 3913.14 641.383 140.042 501.341 199.645 3921.16 395.386 982.954 2805.31 582.928 5323.89 1266.04 925.265 655.231 353.582 440.212 365.265 3271.76 2222.38 617.689 2680.31 553.876 481.504 4774.1 4245.87 2940.4 1071.75 1305.47 1868.64 1697.73
internal_count=33609 12608 12104 11994 1150 934 216 504 200 304 21001 10844 370 336 3555 17446 777 10474 5684 1506 528 4178 2483 2319 978 832 570 262 2253 17326 7786 2445 169 2276 1626 881 723 614 235 9540 6780 6660 1040 238 802 278 5341 164 1422 1695 390 4790 679 523 414 289 650 552 5620 1305 870 4583 982 864 4247 3542 2929 711 613 2218 2760
is_linear=0
shrinkage=0.0955619


Tree=78
num_leaves=72
num_cat=0
split_feature=6 1 4 9 1 3 3 2 6 7 9 2 7 2 7 3 4 1 0 1 9 1 4 9 4 2 1 1 9 3 1 7 3 9 6 2 0 6 9 7 2 9 3 3 7 7 4 3 6 4 1 3 1 7 9 7 2 1 4 2 9 3 4 7 0 9 7 2 9 3 9
split_gain=3.95645 2.97925 1.99236 1.27228 6.34441 2.33101 2.06583 4.57421 1.7652 5.4064 1.74339 1.23149 1.13085 1.11811 0.921513 1.37889 1.0953 0.801946 1.41682 1.5724 2.2246 1.4282 0.776729 2.93004 2.00134 1.45607 0.957175 1.61843 1.27792 1.17432 1.05536 0.97261 1.34041 1.10479 0.691076 0.992176 0.655499 0.707682 1.82732 0.953287 0.734352 0.601096 0.599491 0.754651 0.595114 0.575728 0.535178 1.07738 0.517584 0.526975 0.509174 0.772751 0.563366 0.433705 0.844232 0.423584 0.399342 0.735275 0.476506 0.384683 0.823168 0.343581 0.362605 0.413384 0.321959 0.318489 0.619059 0.303996 0.287937 0.279107 0.662637
threshold=-0.37940952255126015 -0.99628894895067444 1009.35 -2.3197953995181115 -0.2008886948310977 4.1450000000000005 3.2250000000000005 -0.83352489619613901 -0.98296291314453399 5.4100000000000028 -1.0000000180025095e-35 0.95989713290459411 5.4999999999999991 -0.99981480381338828 4.6900000000000039 1.675 1008.7500000000001 -0.54883787585413535 0.37940952255126048 -0.82391537601316178 -2.4330261460451061 -0.92913280730858783 1008.35 1.2421757658246018 1008.9500000000002 0.081673369964559248 0.88606241628642846 0.92591620288614507 2.6115365138719011 3.2050000000000005 0.53436760985011655 6.5000000000000027 4.0650000000000004 1.2421757658246018 -0.60355339059327384 0.22611568550828817 0.60355339059327384 -0.12940952255126037 -3.764444652722712 13.800000000000001 0.95493138204271821 -2.7617351824019845 2.3050000000000002 2.3750000000000004 10.940000000000005 7.9400000000000039 1006.9500000000002 3.4650000000000003 0.98296291314453421 1004.35 0.13301347478292308 2.4450000000000007 0.20088869483109786 2.0949999999999993 0.26852288081569858 11.240000000000002 -0.49749486057528974 0.2843565540399125 1006.6500000000002 0.67123509350548771 -0.45827399456941359 3.7450000000000006 1006.7500000000001 4.3800000000000017 -0.9159756150367534 1.3882110880469833 10.780000000000001 -0.65187484896379921 3.1797335732317404 2.9250000000000003 0.36895902539387043
decision_type=2 2 2 2 2 2 2 2 2 2 2 2 2 2 2 2 2 2 2 2 2 2 2 2 2 2 2 2 2 2 2 2 2 2 2 2 2 2 2 2 2 2 2 2 2 2 2 2 2 2 2 2 2 2 2 2 2 2 2 2 2 2 2 2 2 2 2 2 2 2 2
left_child=1 14 3 4 41 6 7 -6 9 10 -5 13 53 -2 16 -16 -1 18 19 21 -21 -4 26 24 25 -24 30 -28 29 -29 31 32 -14 -33 42 -36 37 38 -15 65 44 -3 67 -44 48 -25 -11 -48 49 -39 51 -51 -52 54 -10 -30 57 -38 -59 -20 -61 -55 -63 -64 -13 66 -40 -19 -47 70 -32
right_child=11 2 17 8 5 -7 -8 -9 12 46 -12 64 22 36 15 -17 -18 34 59 20 -22 -23 23 45 -26 -27 27 28 55 -31 69 33 -34 -35 35 -37 56 40 39 -41 -42 -43 43 -45 -46 68 47 -49 -50 50 52 -53 -54 61 -56 -57 -58 58 -60 60 -62 62 63 -65 -66 -67 -68 -69 -70 -71 -72
leaf_value=-0.00012474894520479295 0.0039331895718308987 -0.0080354718173222296 0.0091465011457202289 0.00068766945574887377 0.0061315198372095476 0.0021876492607082916 -0.0020102801748885916 -0.0010412739040903867 0.0081515883967452369 -0.017862862394600297 0.0011954596442584199 -0.0032122730713554266 0.00014794461524425334 0.011674152836646835 -0.0028093079134450024 0.0018828427495310421 0.00051049882501054053 -0.0018527608102648055 -0.0036989010761049657 -0.0023284521398237485 0.010942737204132974 -0.00073844392687421885 0.0020684772293409759 -0.0072873019650532833 -0.0075867129747346903 0.0001754490168419719 0.0065169057072105643 -0.00038606734105752763 -0.011449968867407914 0.004275990471139684 0.005680521343360328 -0.00045139362368066735 0.0053924760307145188 0.0010661859220026718 0.038983153519287744 -0.0047591738633345438 -0.013890416225395871 -0.0083413455074516796 -0.00059774230210936732 0.0099895795024118762 0.059411254504352515 -0.00034432982765568118 -0.015745074229260254 -0.0005492361823455481 -0.040065062474724425 -0.0069478735175915723 -0.019721370020603937 -0.00021438367641660565 -0.024541728091530855 9.0880072261569596e-05 0.025603431448941991 -0.039450396480191066 0.0011119505929757926 -0.003429037651153437 -0.00024415285787661841 -0.00040312730208757076 -0.026983131099386066 -0.0093499024238737714 0.013816674075922991 -0.06260611373711028 0.022050584229238345 -0.0068441871966199242 -0.0037829569593280125 0.00093132615874318213 -0.09330398599476479 -0.0044792696840641553 0.025190062502858795 -0.012465195398598257 0.00077857110956722512 -0.0029049343479512946 -0.0047179121167435153
leaf_weight=116.42156356573105 91.538189709186554 537.3439522087574 215.64150804281235 318.61440774798393 217.17824637889862 293.91928815841675 236.31934973597527 210.47713309526443 112.76199468970299 484.69163066148758 433.92212927341461 283.44474533200264 775.47330310940742 112.59427860379219 190.57572335004807 228.55717530846596 98.735547453165054 131.81713908910751 640.67226180434227 86.437091290950775 234.50849235057831 249.76586014032364 130.41319841146469 276.2170744240284 190.01453506946564 207.57209664583206 471.14012044668198 513.80911305546761 493.33124697208405 398.51195657253265 218.83559417724609 2050.3545513749123 267.96610325574875 1202.0566263198853 120.00704607367516 473.26430240273476 661.59749126434326 372.08516603708267 627.12490803003311 84.312919914722443 60.266891926527023 157.37303283810616 123.97323131561279 2082.6658063530922 675.73905405402184 129.30860948562622 327.11891788244247 212.69491517543793 684.40200304985046 2508.2624204158783 82.188447564840317 945.0565410554409 2851.658666908741 1336.1972260475159 134.61564061045647 391.68424707651138 2115.9017349779606 143.43140333890915 201.80713132023811 91.986776113510132 93.064275085926056 202.13684955239296 127.50737625360489 154.55171427130699 1465.6109029352665 348.60656914114952 88.807164758443832 1526.4805344641209 129.664171397686 833.61315327882767 381.37013274431229
leaf_count=84 120 355 126 114 105 127 108 101 121 192 130 399 387 126 61 114 101 68 803 101 135 129 57 119 117 137 134 155 112 123 96 958 128 551 158 612 1216 559 654 70 80 91 90 1798 901 91 127 76 1169 4238 118 1541 3984 937 135 82 3221 247 353 125 102 169 173 115 1596 311 98 1112 67 253 146
internal_value=0.000188068 0.00101862 0.000814677 0.001423 0.00393959 0.00899647 0.00560393 0.00957501 0.00109278 0.00389776 0.0100397 -0.00103143 0.000635681 -0.000693269 0.00747429 0.0101306 0.00181077 -0.000628875 0.00116607 0.00409559 0.00922679 0.000325576 0.00110157 0.00354972 0.00860661 0.0130014 0.000763391 0.00242533 0.00105296 0.00358818 8.82636e-05 0.000853246 0.0033886 9.03386e-06 -0.00129922 0.00165162 -0.000777752 -0.000368305 0.00171494 0.000478523 -0.000701465 -0.00290615 -0.00177719 -0.000689144 -0.00079153 -0.00128243 -0.000536445 0.00141595 -0.000529543 -0.000260242 -4.10461e-05 -0.000841088 0.000868666 -0.00135951 0.00220829 -0.00145778 -0.00198435 -0.000309289 0.00314082 -0.00151476 0.00202525 -0.00189817 0.000102297 0.00248687 -0.00342011 -0.000220784 0.000835164 -0.00316531 0.00169298 -0.0021359 -0.000379487
internal_weight=35667.8 21263.3 20629 14558.8 1652.61 957.894 663.975 427.655 12906.1 1777.04 752.537 14404.4 11129.1 12655.4 634.29 419.133 215.157 6070.28 1612.08 786.353 320.946 465.407 9061.34 1063.19 528 337.985 7998.15 2268.48 1797.34 912.321 5729.67 4295.85 1043.44 3252.41 4458.21 593.271 12563.8 9441.11 1261.45 1148.85 8179.66 694.717 3864.94 2206.64 8119.39 535.19 1024.51 539.814 7443.65 6759.25 6387.17 3453.32 2933.85 2067.77 247.378 885.015 3122.74 1006.84 345.239 825.723 185.051 1820.39 484.196 282.059 1749.06 1064.54 715.932 1658.3 258.973 1433.82 600.206
internal_count=33609 12608 12248 6889 887 441 314 206 6002 639 244 21001 5363 19006 360 175 185 5359 1521 491 236 255 3713 588 311 194 3125 606 472 278 2519 2024 515 1509 3838 770 18886 13849 1259 1133 12590 446 3068 1888 12510 277 395 203 11609 10440 9881 5779 4102 1650 256 194 5037 1816 600 1030 227 1394 457 288 1995 1063 752 1180 158 495 242
is_linear=0
shrinkage=0.0955619


Tree=79
num_leaves=72
num_cat=0
split_feature=6 1 8 3 6 1 8 2 7 8 4 4 4 3 4 4 2 8 8 2 7 2 3 8 3 1 1 1 2 3 8 1 3 8 7 3 7 0 4 4 7 2 1 8 1 1 8 4 3 1 1 8 2 2 4 3 1 3 4 2 0 8 1 2 1 4 6 6 7 7 1
split_gain=4.38292 3.07332 2.78632 1.70394 1.64287 2.7638 2.95419 1.20065 1.14628 3.21644 2.07867 0.988307 2.71954 1.43396 0.880389 0.871049 0.893123 4.36085 1.16993 0.866652 0.852411 0.838205 0.747781 0.798897 0.684862 0.665166 1.87252 1.06984 0.617854 0.543568 0.587199 0.586193 0.74288 0.510688 0.46731 0.461323 0.544539 0.436627 1.12926 0.395716 0.470842 0.384749 0.390306 0.716225 0.508463 0.775851 0.919968 0.616975 0.59174 0.571796 0.661035 0.548154 0.542442 1.15943 0.504936 0.708593 0.488272 0.556419 0.567448 0.727042 0.812982 0.511867 0.496342 0.467414 0.458434 0.449586 0.448999 0.372075 0.689464 0.474888 0.344645
threshold=-0.37940952255126015 -0.99273952934267318 4.5250000000000012 1.2550000000000001 -0.98296291314453399 0.9821165111257959 5.9200000000000008 -0.99981480381338828 7.1300000000000017 7.1900000000000004 1006.85 1008.85 1007.9500000000002 2.9550000000000005 1011.9500000000002 1003.9500000000002 -0.96227343267549392 6.2700000000000022 6.165 0.95989713290459411 3.9800000000000026 -0.97106408147883394 3.6850000000000005 7.7299999999999995 3.4650000000000003 0.98801351631316348 0.98521098335796142 0.99817629101047833 -0.51974381215551546 3.4850000000000008 12.570000000000004 -0.10738035228456493 4.8750000000000009 10.235000000000001 6.8100000000000014 2.2950000000000004 5.1100000000000021 0.25881904510252057 1009.1500000000002 1013.4500000000002 5.9600000000000035 0.95493138204271821 0.13301347478292308 8.3900000000000006 -0.56314550935064722 -0.70252096857941215 6.5000000000000027 1005.5500000000001 1.9950000000000003 -0.9852109833579612 -0.86958133671945925 8.1700000000000017 0.75546532993267157 0.72064045540576316 1011.5500000000001 1.3150000000000002 0.99166813670569354 5.9750000000000005 1005.85 0.1500498401600889 -0.12940952255126037 7.2750000000000012 0.88606241628642846 -0.30081980763566762 -0.99628894895067444 1004.35 -0.12940952255126037 -0.12940952255126037 10.610000000000003 10.450000000000003 0.030120025924939415
decision_type=2 2 2 2 2 2 2 2 2 2 2 2 2 2 2 2 2 2 2 2 2 2 2 2 2 2 2 2 2 2 2 2 2 2 2 2 2 2 2 2 2 2 2 2 2 2 2 2 2 2 2 2 2 2 2 2 2 2 2 2 2 2 2 2 2 2 2 2 2 2 2
left_child=1 8 -3 -4 5 6 -5 -2 9 10 -1 12 13 -8 15 22 17 -17 35 41 -13 24 23 -6 -19 26 -20 -27 -25 30 -16 -31 39 70 -15 36 -18 -12 -39 -33 -41 42 43 44 45 47 48 49 -47 65 -51 -46 53 -48 64 -56 57 58 63 60 61 -60 -62 -44 -49 -9 -65 69 -69 -61 -21
right_child=7 2 3 4 14 -7 11 19 -10 -11 37 20 -14 34 29 16 18 21 25 33 -22 -23 -24 28 -26 27 -28 -29 -30 31 -32 32 -34 -35 -36 -37 -38 38 -40 40 -42 -43 56 -45 51 46 52 54 -50 50 -52 -53 -54 -55 55 -57 -58 -59 59 67 62 -63 -64 66 -66 -67 -68 68 -70 -71 -72
leaf_value=6.8442983417140832e-05 0.0035573266870803366 0.0025810466174078115 -0.002285378095301925 9.652637175465907e-05 0.0010542586143182284 0.00068657656113238214 0.0017703864016419711 0.032160992315216248 -0.0058161906159107709 0.0014218437198625709 -0.062011064228608678 -0.0017694698946698266 0.00065086205528432388 -0.027978931846583146 -0.022800509694316157 0.0018679987571565684 -0.0014299227919222744 -0.0017749048188467152 0.00069556320046044442 -0.026617373561540196 -0.0014664186739899833 -0.00079792735295957631 -0.0028759522544191214 -0.0017985739830325509 0.0039933723851376902 -0.00047573870437005145 0.0038532005566826017 0.0021944895370561573 0.0057914852382034716 -0.053443268810130409 0.018246118550876839 0.01696428891773908 -0.010438635690907017 -0.10878600285454823 -0.001010742364182617 -0.0039178950160549996 -0.031692921260882342 0.00048108414298192649 -0.022483247426446428 0.035257851122635249 0.043180012945872127 0.045467129195483104 -0.0021565940819584773 -0.038492971514244891 -0.019494351291252869 0.012818482355298741 -0.0059944764056560768 0.0070611683291555904 0.021656739870654512 -0.056161433304065117 0.016662274115993678 0.020147726809654782 -0.088046088787862201 0.035970336385198906 0.0304782461587975 -0.010788655655485186 -0.0052599505529390533 0.00015867233809947759 0.0015774622505265133 -0.001087371096415494 0.01300068064695818 -0.00054541197574618815 -0.00077702626945224047 0.026437270666720143 -0.02558268437521289 0.024494401570721462 -0.035386401039308096 -0.0017296495637613954 -0.095978992120305376 0.039834465820901867 0.027721487290284601
leaf_weight=215.37683197855949 91.538189709186554 195.68770310282707 1900.5852313041687 217.0219219326973 261.49852204322815 282.37863433361053 318.43163847923279 50.079279959201813 135.61664551496506 129.41829407215118 128.30962216854095 102.29234865307808 337.70679938793182 392.54061272740364 1018.3144381344318 263.15183255076408 125.476547986269 684.57307356595993 8541.2840542793274 272.4205629825592 684.31655102968216 141.99870640039444 900.6501302421093 277.1322517991066 415.7492587864399 802.71295747160912 153.46529823541641 326.16548004746437 216.48089128732681 207.41103744506836 112.22344106435776 124.05165496468544 105.54857704043388 1299.7353709042072 299.53950351476669 762.34470981359482 138.34797203540802 94.087770789861679 120.48155778646469 70.640600323677063 60.32087031006813 96.981065332889557 931.44714090228081 1328.5159496665001 1463.5880324840546 100.98464089632034 238.85548484325409 263.92360433936119 82.355310052633286 191.76961186528206 83.465973109006882 85.037459403276443 153.4979627430439 64.613620907068253 107.54261460900307 205.99221631884575 551.45590355992317 91.969467461109161 403.88844311237335 251.56193506717682 553.31947910785675 776.88953238725662 218.83216491341591 70.629395186901093 1737.0963882803917 73.952824860811234 82.517754793167114 1682.6711457967758 530.84113144874573 89.567258954048157 176.8997143805027
leaf_count=122 120 110 1186 98 112 68 113 87 47 69 71 49 116 156 1170 142 121 412 5001 344 490 78 343 114 227 217 48 118 65 300 148 121 149 1398 115 482 69 71 124 86 80 120 1083 2032 2414 164 370 479 114 332 106 96 233 103 183 328 721 86 441 349 948 893 337 57 3096 123 118 2581 758 134 253
internal_value=0.000237796 0.00111177 0.000875472 0.000760026 0.00104561 0.00326217 0.00213425 -0.0010458 0.00684388 0.00843478 0.00501689 0.000999588 0.00259538 1.38648e-05 0.000667489 0.000920609 0.00120011 0.0034016 0.000885271 -0.00112221 -0.0016164 0.000942032 -0.00110715 0.00101786 0 0.00121221 0.00149969 -0.000917567 -0.00109127 -0.00136367 -0.00259624 0.000926224 0.0033688 -0.00313342 -0.0023338 -0.00214872 0.00102472 9.90804e-05 0.00298089 0.00626067 0.0100391 -0.000834188 -0.000887658 -0.00142716 -0.000867139 -0.000174911 0.00277514 -0.000907411 0.00846511 0.00246285 0 -0.00230325 0.000253715 0.00277739 -0.00153131 0.00186836 -0.000333143 -5.23534e-05 -0.000191513 0.000262539 0.00166489 6.34073e-06 0.00407177 -0.00216085 -0.00211247 0.00777767 0.00237264 -0.000773475 -0.00125312 0.00205235 -0.000133012
internal_weight=35667.8 21263.3 20440 20244.4 18343.8 2634.23 2351.85 14404.4 823.291 687.674 558.256 2134.83 1348.22 1010.51 15709.5 14011 12355.3 1505.47 10849.8 14312.9 786.609 1242.32 1655.76 755.112 1100.32 9823.63 8694.75 1128.88 493.613 1698.51 1130.54 567.973 360.562 1749.06 692.08 1026.17 263.825 342.879 214.569 255.013 130.961 12563.8 12466.9 6231.27 4902.76 3354.13 640.307 2713.82 183.34 399.268 275.236 1548.63 456.967 303.469 2314.55 313.535 6235.59 5684.13 5592.17 4507.57 1952.93 1180.78 772.152 1084.59 2001.02 124.032 153.147 2554.64 2213.51 341.129 449.32
internal_count=33609 12608 12104 11994 10808 1205 1137 21001 504 457 388 1039 500 384 9603 7549 6915 859 6056 20881 539 717 634 291 639 5384 5049 335 179 2054 1318 736 436 1995 271 672 190 266 195 287 166 18886 18766 10260 8228 5718 984 4734 278 648 438 2510 706 473 4086 511 8506 7785 7699 6441 2619 1334 1285 1258 3575 210 175 3822 3339 483 597
is_linear=0
shrinkage=0.0955619


Tree=80
num_leaves=72
num_cat=0
split_feature=1 2 2 2 1 7 7 7 9 3 8 2 5 1 2 4 7 9 2 2 2 3 8 1 2 1 4 2 2 4 0 7 8 7 7 2 9 2 3 8 1 8 8 1 3 4 9 7 3 9 1 1 2 1 3 8 5 3 7 9 4 9 1 9 3 3 8 0 0 9 1
split_gain=3.29824 2.43588 2.37568 2.74198 3.50023 2.92102 5.25411 1.50725 2.34558 1.39089 3.24363 1.75125 1.31455 1.27233 1.16852 1.40297 1.07721 1.09959 1.54198 1.54072 2.55429 1.25338 1.45417 1.95633 3.07698 1.26554 1.09866 1.23903 1.55584 1.03818 1.43723 1.60514 3.79064 1.72766 1.48938 1.67964 1.01707 0.971856 1.76981 1.12073 0.942884 0.661985 0.627219 0.873567 0.625826 0.581851 0.47088 0.457894 0.754989 0.453242 0.436344 0.656079 0.435078 0.738189 0.405694 0.376395 0.315248 0.301767 0.519801 0.2902 0.299483 0.263467 0.255393 0.254618 0.392408 0.233946 0.316716 0.224159 0.193923 0.19354 0.215294
threshold=-0.99273952934267318 0.87377473702374975 0.098816478347602127 -0.0387208465846701 -0.99628894895067444 5.2600000000000007 4.4400000000000039 6.3400000000000025 -0.22633553344582322 3.6050000000000004 4.6450000000000005 -0.99862982478704421 -1.0000000180025095e-35 -0.8779519545588893 -0.99981480381338828 1007.0500000000001 14.330000000000002 -1.6162676747760008 -0.58427653070765284 -0.97502841500522164 -0.9668120007078248 2.6550000000000007 6.0900000000000025 0.51973899919070166 -0.97870382656940669 -0.67760851415498069 1006.5500000000001 -0.67758968959607091 -0.63872576220844923 1009.2500000000001 -0.5 9.3350000000000009 12.570000000000004 13.515000000000002 6.839999999999999 -0.94695267581281539 1.2421757658246018 -0.34155811708470757 2.5450000000000004 8.0300000000000011 0.83354805289222267 3.8850000000000002 10.235000000000001 0.098819223632317002 3.8650000000000007 1007.85 -1.3499824280009738 5.9400000000000004 3.7250000000000005 0.26852288081569858 0.53436760985011655 0.59125596962661842 0.34157076916785584 -0.91585580712236336 5.9750000000000005 7.915 0.37940952255126054 2.1250000000000004 8.9500000000000028 -0.10099224320929066 1009.4500000000002 1.9598631322341158 0.098819223632317002 -2.8051487093709837 1.5350000000000004 2.3550000000000004 13.480000000000004 0.91597561503675351 -0.12940952255126037 1.9598631322341158 0.1670500785599974
decision_type=2 2 2 2 2 2 2 2 2 2 2 2 2 2 2 2 2 2 2 2 2 2 2 2 2 2 2 2 2 2 2 2 2 2 2 2 2 2 2 2 2 2 2 2 2 2 2 2 2 2 2 2 2 2 2 2 2 2 2 2 2 2 2 2 2 2 2 2 2 2 2
left_child=2 9 3 4 5 6 45 55 -9 14 -11 -12 42 -13 15 -2 17 18 21 46 36 25 68 24 -24 -16 27 49 -29 30 47 34 -33 -34 35 -32 -21 38 -28 -39 -18 -20 57 -44 -36 -1 -19 -15 -49 -22 -27 -52 -43 -54 -50 -5 -55 59 62 -3 -61 -14 -59 -45 -65 66 -66 -31 -23 70 -48
right_child=1 12 -4 7 -6 -7 -8 8 -10 10 11 13 61 29 16 -17 40 19 41 20 26 22 23 -25 -26 50 37 28 -30 67 31 32 33 -35 44 -37 -38 39 -40 -41 -42 52 43 63 -46 -47 69 48 54 -51 51 -53 53 56 -56 -57 -58 58 -60 60 -62 -63 -64 64 65 -67 -68 -69 -70 -71 -72
leaf_value=0.0040347161836061249 -0.0015496397486590653 -0.013767943875732156 0.024935135435803894 -0.034299769944521698 -0.054881228689750899 0.018735662714358451 0.0058971493868427878 0.0033731494715346644 -0.032082617000503882 0.0020604728662813724 0.0010850980326635284 -0.033368431637501549 -0.088348290357296952 0.0015454099956035967 0.011656318125157763 0.0075872272226842367 -0.00037464191768872096 0.0057212210083569161 0.0036543458100265023 0.00017158085782519126 -0.00027513748460115207 -0.0039923696401641924 0.0097253480875569617 0.017471496358070847 -3.5183516249926521e-05 -0.0070522493257300384 0.0018910597415262684 0.0099831772074841403 -0.00037501190130457147 -0.003175610499449233 -0.0077395442513440204 0.0064433207727182763 -0.0061750536838408848 0.0007237711654583224 0.017724063257339349 0.0017287677808468065 -0.0027726551024299189 -0.00028770739985016551 -0.00059895473228383054 0.00096731435813962976 0.036981166415574022 -0.027446641417227212 -0.07117488819982204 -0.081487347178022765 -0.0021849476406554879 0.0086422689282753661 -0.02633181502281284 0.00086300912494608102 -0.002478117414489537 -0.0080932458982005944 0.020358186421779015 -0.024428708713002654 0.015065694677573785 -0.0029667954288003645 -3.1775863549833061e-05 0.00032584059026839979 -0.053959233044311994 -0.024073768014792156 0.030789868765419452 0.011059619728689721 0.037599864364289387 -0.0064987436833952817 0.040963274102761099 -0.041311484207070363 0.0092768926330180426 0.0082370522581789157 0.033156457442176532 0.021707762339876095 0.0017266704924875367 0.0011374387270820263 0.0056753610483297814
leaf_weight=78.557680457830429 98.143341600894928 61.338122308254242 89.385873138904572 409.00795528292656 138.88772702217102 128.08847549557686 86.026094555854797 82.36139389872551 145.10958513617516 128.98505109548569 243.42266419529915 417.98125782608986 2229.9997351169586 156.43176302313805 123.67945402860641 84.619724839925766 131.25111484527588 97.392545968294144 85.09718918800354 176.2631117105484 757.28813454508781 175.74908569455147 145.53498640656471 78.049376755952835 390.09553942084312 989.71830472350121 2319.5432351827621 186.53546592593193 2440.9949180781841 908.21636793017387 370.11506921052933 420.1244649887085 368.31311795115471 259.08533412218094 204.6341857612133 1297.2136054635048 170.4576977789402 3448.1552468836308 1351.4172554314137 4010.2664690613747 114.78276872634888 1266.497863650322 555.57886132597923 106.21319928765297 843.48839238286018 70.458432793617249 983.61861822009087 104.59676459431648 1081.3489609360695 999.51741802692413 71.636671125888824 135.37727364897728 84.130132496356964 1046.1039674282074 159.97547936439514 61.857317179441452 641.30486217141151 229.27282717823982 75.244948595762253 82.495577991008759 149.32953035831451 405.53362190723419 55.226661443710327 100.91705363988876 145.19635874032974 162.02134707570076 71.411756426095963 116.63035327196121 90.569383233785629 75.335977673530579 98.560499995946884
leaf_count=88 85 93 96 546 192 78 44 59 106 48 99 379 2516 150 137 75 134 104 114 137 601 146 121 50 442 1340 2182 131 1838 896 301 152 156 57 98 730 82 3682 965 3614 46 1435 803 136 375 78 960 83 825 762 56 166 94 1303 116 57 859 321 113 123 221 565 89 141 223 243 101 165 86 102 98
internal_value=0.000220273 3.93608e-05 0.00496031 0.00372094 0.00909006 0.0140488 0.0203632 -2.44242e-05 0.00618412 0.000351452 0.00152163 0.00122526 -0.00204843 0.000918948 -6.90898e-06 0.00754535 -7.27346e-05 -0.000146108 -0.00134775 0.000222323 0.000482618 0.00055445 0.00337233 0.00596736 0.00364328 -0.00125567 0.000294356 -0.000976944 0.000304804 0.00127014 0.00181969 0.00282143 0.00602637 0.00114385 0.00154607 0.00333382 0.00857366 0.0008037 0.00207825 0.00016332 0.00617442 -0.00271726 -2.71448e-07 -0.0014023 -0.00120991 0.00842202 -0.00298723 -0.000627669 -0.00125222 -0.00294484 -0.00227204 0.00140281 -0.0029712 -0.00190382 -0.00197077 -0.00323892 -0.00238333 0.00230358 0.000164334 0.00458762 0.00615298 -0.00340592 -0.00144723 0.00104545 0.00209875 0.00361661 0.00569726 -0.00145963 -0.00225896 -0.00356238 -0.00389886
internal_weight=35667.8 34378 1289.74 1200.35 502.018 363.131 235.042 698.336 227.471 29948.3 7080.56 6951.58 4429.78 6708.16 22867.7 182.763 22684.9 22438.9 5323.54 17115.3 15860.4 2200.41 879.998 613.68 535.631 1320.41 15513.7 4384.34 2627.53 6290.17 5265.33 3762.97 1047.52 627.398 2715.45 1667.33 346.721 11129.4 3670.96 7458.42 246.034 3123.13 1794.25 1141.34 1048.12 149.016 1254.91 1502.35 1345.92 1756.81 1196.73 207.014 3038.04 1771.54 1241.32 470.865 1687.41 652.908 359.744 293.163 231.825 2635.53 284.499 585.76 479.547 378.629 216.608 1024.85 266.318 1157.52 1082.18
internal_count=33609 32265 1344 1248 480 288 210 768 165 26577 4630 4582 5688 4483 21947 160 21787 21607 6349 15258 13994 2544 845 613 563 1699 13775 3332 1969 4104 3043 1869 365 213 1504 1031 219 10443 3147 7296 180 3805 2607 1647 473 166 1264 1174 1024 1363 1562 222 3691 2256 941 603 2162 960 523 437 344 3081 410 844 708 567 324 1061 232 1160 1058
is_linear=0
shrinkage=0.0955619


Tree=81
num_leaves=72
num_cat=0
split_feature=6 0 7 4 3 3 3 7 1 2 1 1 4 9 4 9 1 2 1 1 1 9 7 3 7 9 0 2 6 3 6 3 2 1 9 7 7 1 0 2 4 3 1 1 4 2 9 7 4 4 1 9 2 7 2 1 7 1 1 9 7 2 9 4 3 4 1 4 3 7 1
split_gain=3.25262 1.48044 3.27949 1.57006 1.45102 3.48707 1.89003 1.87729 1.79125 1.18223 0.936765 1.20674 1.19612 1.87675 1.14464 0.904301 1.16717 1.63021 0.842176 0.781245 0.772384 0.806519 0.92773 3.19782 0.899779 0.715466 0.711396 0.654034 0.685143 0.594301 0.578547 0.788159 0.568644 0.77269 0.63546 0.555823 0.523519 1.06174 1.20902 0.471308 0.799565 1.06409 0.704579 0.569433 0.690114 0.568483 0.553304 1.22703 1.20627 0.46195 0.559881 0.49919 0.473007 0.6788 0.539198 0.431044 0.731335 0.414784 0.404646 0.380832 0.477353 0.388458 0.378041 0.359167 0.351535 0.350976 0.336647 0.585981 0.514685 0.572258 0.503138
threshold=-0.37940952255126015 0.37940952255126048 5.585 1009.0500000000001 1.4750000000000003 2.2950000000000004 4.1250000000000009 4.9799999999999995 -0.16705007855999712 -0.99981480381338828 -0.99865756837029884 -0.78297285307474518 1008.35 1.5083173410111288 1008.5500000000001 -1.4477322770781063 -0.99628894895067444 -0.055914918885874271 0.823915376013162 -0.97873101657557326 -0.72660079619119988 5.0937704837932047 6.5300000000000038 4.0650000000000004 6.8100000000000014 2.6573081103355141 0.25881904510252057 -0.99463397642532658 0.25881904510252057 2.9250000000000003 0.37940952255126048 5.9750000000000005 0.56312986467441573 -0.74981945761428159 1.2421757658246018 10.780000000000001 9.8200000000000038 0.83354805289222267 -0.12940952255126037 -0.15855351192338588 1006.7500000000001 4.8750000000000009 -0.012910176522261644 -0.84293373149377071 1010.0500000000001 0.44436171794418394 1.2421757658246018 5.585 1010.1500000000002 1013.35 0.44437406304545285 0.92255439924020888 0.53435276464917691 2.7150000000000003 0.94415253529446119 0.50495637864894027 2.7150000000000003 0.098819223632317002 -0.94130860066615785 0.22431073563454976 6.7800000000000038 -0.25950218452349683 1.4189176234079197 1005.6500000000002 2.7950000000000004 1014.2500000000001 0.50495637864894027 1006.85 2.9250000000000003 8.9050000000000011 0.60505046667002438
decision_type=2 2 2 2 2 2 2 2 2 2 2 2 2 2 2 2 2 2 2 2 2 2 2 2 2 2 2 2 2 2 2 2 2 2 2 2 2 2 2 2 2 2 2 2 2 2 2 2 2 2 2 2 2 2 2 2 2 2 2 2 2 2 2 2 2 2 2 2 2 2 2
left_child=1 2 4 10 -1 7 18 -6 -8 -2 -4 25 20 14 -14 16 17 -11 19 -7 -13 22 23 -22 -24 59 63 28 -18 -28 31 66 34 -34 -5 36 -32 -38 -39 40 -3 42 43 44 58 -41 47 55 -48 52 -51 -52 -47 -54 -55 56 -44 -29 -42 60 -12 -62 -56 -21 -58 -35 -17 -68 70 -70 -69
right_child=9 39 3 32 5 6 8 -9 -10 15 11 12 13 -15 -16 30 27 -19 -20 26 21 -23 24 -25 -26 -27 29 57 -30 -31 35 -33 33 65 -36 -37 37 38 -40 45 41 -43 46 -45 -46 49 48 -49 -50 50 51 -53 53 54 62 -57 64 -59 -60 -61 61 -63 -64 -65 -66 -67 67 68 69 -71 -72
leaf_value=-0.00041991984176672895 0.0033654684024568959 -0.0025969069715468347 -0.0030815791947420572 -0.0027444812644720038 0.00015476463499703507 0.0028864886619776654 -0.012191652725994163 0.0041644242734369371 0.011431546563096241 0.010698830325055204 -0.0042080404768933231 0.0024179799457019462 0.0017760255841116819 -0.0031960130606586415 0.00012859559567999479 -0.0083451331250571185 0.023532720118114931 -0.052695768726550692 0.0002125483977522869 -0.0019754364155992149 -0.00050813802736792888 0.00027901475358798526 -0.027063533607725895 0.00094599761112653898 7.8810448489652289e-05 -0.000158384780957454 -0.0019892446291077297 -0.036472113915364965 -0.013360274146455011 1.6113740695504049e-05 0.00062827194260154837 0.00014580075688722493 -0.0034620814911489814 -0.0032853865352419072 -0.0020998127039964305 -0.035994445893707261 -0.0081039659893120588 0.0075525535921307724 0.041487031038807472 -0.0033113266049298331 -0.035784765449726599 -0.00049377619532963942 0.0068621777280959339 -0.0044735137623034384 -0.018468079469962352 0.0095851813070251708 -0.0082570198291348935 0.0070982472951788573 0.0080744778772448289 -0.051270031536702385 -0.0015306570242259883 0.024850538594112969 0.019904414078409774 -0.015225392993139981 -0.016725229687768271 -0.0034524098989923251 -0.047601409614108602 -0.0026909361621397106 0.018080799360778853 -0.014684752115256322 -0.00052445080619434119 -0.013292099202200605 0.064337025378944021 -0.00062569331979320036 0.00045420128068699502 0.036402892293940954 -0.0017371089986675157 0.032358568825786041 0.0006824016210438237 0.0070617262203520404 -0.0011330799946077874
leaf_weight=436.67968851327896 91.538189709186554 663.61834979057312 203.32806685566902 846.60527828335762 372.2771480679512 180.12976855039597 227.91502219438553 295.63631927967072 229.89652544260025 45.333359390497208 338.50983870029449 234.49696332216263 153.34670469164848 321.05612307786942 207.22908136248589 2643.4879190027714 51.904305875301361 54.626497805118561 193.21447360515594 183.25520288944244 737.91635870933533 379.12077885866165 427.10597842931747 333.43704456090927 5486.0318454802036 136.56057888269424 191.48407071828842 2651.6146554946899 89.136814087629318 341.50653523206711 4427.9270949661732 92.258553892374039 67.761229276657104 924.19411328434944 318.42796188592911 411.30870363116264 138.50499629974365 64.406522810459137 51.977241456508636 1391.5461055338383 52.963530570268631 126.36555832624435 104.17179852724075 545.93298718333244 92.7760910987854 141.92412340641022 540.76609200239182 181.47242212295532 154.66825851798058 519.53919366002083 149.06688490509987 62.102422565221786 85.803971350193024 504.32737368345261 60.974946737289429 314.92289561033249 126.52848172187805 1920.5940762758255 94.920672208070755 619.17529165744781 132.5380049943924 137.97956138849258 52.061746656894684 439.45993655920029 115.81068006157875 84.793891608715057 756.82966074347496 70.130599439144135 134.28144270181656 125.72922676801682 582.84676998853683
leaf_count=175 120 495 75 353 152 89 115 123 70 69 199 80 65 176 121 3749 66 103 61 63 281 93 139 124 2012 76 85 3959 159 136 7129 65 65 1102 111 569 196 99 85 1100 83 121 87 627 102 131 289 89 61 684 190 81 118 702 80 164 85 2723 128 379 73 92 82 197 105 122 677 116 173 143 801
internal_value=0.000136371 0.000889726 0.00139565 0.000675747 0.00417775 0.00502174 0.00294162 0.0110347 0.00834734 -0.000969163 0.00120077 0.00105302 0.00149279 0.0053575 0.0100634 -0.00104509 -0.00211786 0.00776543 0.00125061 0.000318273 0.00113206 0.000943956 0.000694436 0.00328447 0.000208107 -0.00154425 -0.000524351 -0.00235146 0.00374813 0.00193155 -0.000491263 -0.00129562 -0.0015876 0 -0.00304832 0.000186301 0.000500036 0.00470917 0.0113739 -0.0003577 0.000441258 0.00126335 0.000750075 -0.00150669 0.00212082 -0.00122758 0.00196539 0.0036078 0 0 -0.00174023 0.00212352 0.00153522 0.000367668 -0.000611142 0.00151403 0.00387923 -0.0025621 0.00637464 -0.00232758 -0.000449324 0.00234389 0.00505327 -0.00277548 0.000553166 -0.000677041 -0.00150228 -0.000370282 0.0011909 0.00477653 -0.00010718
internal_weight=35667.8 21263.3 15181.1 12089.6 3091.45 2654.78 1986.86 667.913 457.812 14404.4 9847.83 9644.5 8279.74 681.632 360.576 14312.9 4813.21 99.9599 1529.05 1335.84 7598.11 7363.61 6984.49 1071.35 5913.14 1364.76 1155.71 4713.25 141.041 532.991 9499.69 4405.56 2241.78 1076.75 1165.03 5094.12 4682.82 254.889 116.384 6082.26 3114.92 2451.3 2324.93 786.593 240.66 2967.35 1538.34 842.906 695.434 1575.8 730.709 211.169 845.092 703.168 617.364 661.434 346.511 4572.21 147.884 1228.2 609.027 270.518 113.037 622.715 242.339 1008.99 4313.31 1669.82 912.988 260.011 652.977
internal_count=33609 12608 7004 5738 1266 1091 816 275 185 21001 3985 3910 3091 362 186 20881 7079 172 631 570 2729 2649 2556 405 2151 819 481 6907 225 221 13802 5724 1753 1289 464 8078 7509 380 184 5604 2436 1941 1820 940 313 3168 880 530 350 2068 955 271 1113 982 864 441 277 6682 211 743 364 165 162 260 190 1224 5659 1910 1233 316 917
is_linear=0
shrinkage=0.0955619


Tree=82
num_leaves=72
num_cat=0
split_feature=6 8 2 2 1 6 7 7 7 2 7 9 1 3 3 3 0 2 3 3 2 6 3 2 2 9 1 9 2 3 8 7 2 8 7 9 3 9 8 8 8 1 1 8 3 3 7 2 3 6 2 8 3 1 3 3 9 7 5 7 1 2 1 8 8 8 7 1 3 3 1
split_gain=3.28919 1.98279 2.43479 1.71915 5.50367 1.35043 1.77554 2.11732 1.22235 3.51649 2.20329 1.78273 1.20941 1.1841 2.61365 0.978904 0.948096 1.03832 0.936713 3.07761 5.45042 1.02124 1.43545 0.905 0.880192 1.75195 0.867771 2.30609 3.18956 2.05097 1.13582 0.824866 0.749125 0.744526 1.52756 0.729198 0.661988 1.33464 0.900774 3.25448 0.927817 0.893963 1.90366 0.614 0.551039 0.80702 0.93759 1.10801 0.842761 0.527754 0.516762 0.512607 0.512092 1.35911 1.22321 1.14754 0.71375 0.511251 0.474551 0.468464 0.424482 0.421629 0.421148 0.447563 0.502627 0.41176 1.21118 0.929773 0.409344 0.4414 0.674036
threshold=-0.37940952255126015 7.2500000000000027 -0.9975933521984367 0.73246693938583607 -0.5416228050394748 -0.98296291314453399 5.2600000000000007 4.6900000000000039 6.4400000000000039 -0.82389248692129191 6.8100000000000014 1.1639972860187451 -0.69016699705532225 4.0650000000000004 4.3350000000000009 3.2050000000000005 0.37940952255126048 -0.99981480381338828 1.5950000000000004 1.7050000000000003 0.2843486543654084 -0.9159756150367534 0.59500000000000008 0.86527520261780289 -0.04732138832243208 -4.202054275506776 0.081675638985454754 -2.680181605159706 -0.83352489619613901 3.4850000000000008 12.725000000000003 5.8050000000000006 -0.51974381215551546 6.6599999999999993 5.335 -1.4477322770781063 3.8650000000000007 1.2969504621060326 8.9800000000000004 8.3300000000000018 7.6100000000000021 -0.7610972106345526 -0.80392051724781066 7.4450000000000012 2.1050000000000004 2.6450000000000005 5.0300000000000002 -0.28435918728100346 2.5250000000000004 0.98296291314453421 0.48250774176121808 11.920000000000002 3.4250000000000003 0.96460524310950191 3.8050000000000002 3.6650000000000005 4.2465236270862716 10.780000000000001 0.98296291314453421 7.9750000000000005 -0.9852109833579612 0.99370977118463066 0.86958133671945947 7.3700000000000001 7.5700000000000029 7.2299999999999995 6.5650000000000004 -0.04732095011389225 5.9750000000000005 2.2650000000000001 0.11593352601052392
decision_type=2 2 2 2 2 2 2 2 2 2 2 2 2 2 2 2 2 2 2 2 2 2 2 2 2 2 2 2 2 2 2 2 2 2 2 2 2 2 2 2 2 2 2 2 2 2 2 2 2 2 2 2 2 2 2 2 2 2 2 2 2 2 2 2 2 2 2 2 2 2 2
left_child=1 2 -1 5 -5 6 7 12 13 -10 -11 -12 -4 15 -15 24 17 -2 21 20 -20 -3 -23 35 25 -7 36 28 -28 -30 -31 -27 -24 -26 -35 -18 37 41 39 40 -39 42 60 -38 50 46 -46 -48 -49 65 -29 62 53 -47 55 -54 -56 58 -53 -55 -21 -45 63 -37 -65 66 -19 -68 69 -67 -71
right_child=16 18 3 4 -6 8 -8 -9 9 10 11 -13 -14 14 -16 -17 23 49 19 26 -22 22 32 -25 33 31 27 44 29 30 -32 -33 -34 34 -36 51 43 38 -40 -41 -42 -43 -44 61 45 52 47 48 -50 -51 -52 57 54 59 56 -57 -58 -59 -60 -61 -62 -63 -64 64 -66 68 67 -69 -70 70 -72
leaf_value=0.00074864832612537744 0.018889599840996148 -0.0046480300423833165 -0.00060306557921846362 0.00032831011645358094 -0.069705863638565291 0.0028245792664161129 -0.022547933305057749 0.0016556955449769652 -0.0016443353020588764 -0.0027042009054806457 -0.018173227772163021 0.0050322988353103974 -0.0014170584387375837 0.0019498882097408966 -0.0020524026740076011 -0.0029989922419384999 -0.023373537948104397 -6.3075734506871613e-05 0.0060662358435657308 0.0043210226902995258 -0.0037592225018024034 0.0027408101677652841 -0.0031214095281719011 -0.10262544037044317 -0.015603210664716217 -8.0800797408451768e-05 0.0025736667766165827 -0.0020607128480959287 -0.0039767119488022104 0.024258191438728396 0.00071075755740548615 -0.00035499553393684947 -0.0016676987832728108 -0.035522389273936077 0.0034499425738541926 -0.0091151713310274208 -0.00070594432821979847 0.00037926572308712126 -0.017505255937883376 0.0085248835093406083 -0.0058909751140728038 -0.0040880748970423247 0.010090572984436674 -0.036097190780013354 -0.011998505623427852 -0.0032439881074683009 0.0056241263087977011 -0.00027387100151532353 0.00091338324486262533 -0.024974514096209856 0.0045483819227140404 0.018453714148106728 0.00041118164025691497 0.010840010670866288 -0.00012181647833623751 0.0077711033513593137 -0.0054445240160338028 -0.041140843347047019 -0.018190354113800829 -0.0014149104737737218 -0.0029470473542487483 0.024474325555570005 -0.034089822156803992 0.055741420876461063 0.0026043280200440831 0.00011065642121422593 0.0071652263896097431 -0.00068571296635608076 7.0671821054764015e-05 -0.043939144913627083 -0.00053807077323655657
leaf_weight=181.58733147382736 68.929939925670624 817.69227397441864 224.31231209635735 156.40900427103043 153.73500046133995 127.07743921875954 341.3657198548317 238.48245185613632 416.13428407907486 334.89832401275635 243.9715271294117 169.30895406007767 272.1511994600296 194.74680879712105 499.40442675352097 780.09492245316505 1272.8352463543415 2466.4829432070255 151.26062309741974 96.130711227655411 152.4578865468502 145.9720513522625 272.09585690498352 1218.1544812321663 617.48286402225494 1318.4453544318676 139.01054853200912 575.05754789710045 293.7186478972435 87.095672875642776 83.839868396520615 404.5465185046196 969.59270417690277 147.02786684036255 87.360012292861938 757.55475276708603 135.47038504481316 206.05892124772072 171.93216183781624 139.08747407793999 306.53140336275101 1234.2693375349045 101.26596286892891 916.43192848563194 248.45328682661057 1519.0633933544159 419.42107933759689 578.6529732644558 150.0337783396244 864.83671906590462 195.04944637417793 181.93718376755714 668.785384953022 291.56649035215378 1828.8328950405121 249.21527966856956 425.71197751164436 75.289121836423874 67.029722690582275 318.01811307668686 367.61441412568092 99.401170969009399 353.1241700053215 80.276000946760178 623.24392905831337 2465.4223992824554 230.50369864702225 138.53179138898849 116.00096160173416 1209.9341688156128 2214.3493997454643
leaf_count=81 80 409 109 73 170 70 153 83 153 128 111 74 90 116 335 495 2092 3799 62 58 134 93 120 1225 523 891 76 208 226 88 104 162 700 158 60 1368 94 136 219 97 199 1019 95 824 155 721 129 315 86 1392 200 270 260 104 835 110 133 118 104 106 315 143 592 144 1088 3691 319 120 106 1760 2733
internal_value=0.000202425 0.000959831 0.00229186 0.00197786 0.00896504 0.00162209 0.00472911 0.00737973 0.000976392 0.00371538 0.00765983 0.00267552 0.00353926 0.000188529 0.00380099 -0.000507025 -0.000909103 -0.000363648 0.000311942 0.000646265 0.0101163 -0.00148604 2.75104e-05 -0.00203976 0.000323132 0.00152302 0.000393401 0.000957875 0.00663855 0.00256251 0.0108923 0.000658272 -0.000964851 -0.00216985 0.00214632 -0.00120122 -0.000788819 1.50352e-05 0.00323017 0.0049011 0.00115514 -0.00140721 0.00163178 -0.00269726 0.000484004 0.000772498 0.00281973 0.00400062 0.00157504 -0.000457328 -0.00189806 -7.72273e-05 0.000214399 -0.000908781 0.000997633 0.00393742 -0.00016102 0.00335635 0.00556458 0.00282436 -0.000793504 -0.00354647 -0.000746371 0 0.00170378 -0.000224991 0.000707652 0.00579525 -0.000681031 -0.000806266 -0.00151031
internal_weight=35667.8 21263.3 6908.54 6726.95 310.144 6416.81 1076.31 734.946 5340.5 1164.31 748.179 413.28 496.464 4176.19 694.151 3482.03 14404.4 9774.99 14354.8 12149.4 303.719 2205.35 1387.66 4629.44 2701.94 1850.07 11845.7 8071.53 603.665 464.654 170.936 1722.99 1241.69 851.871 234.388 3411.29 3774.19 2622.89 823.61 651.678 512.59 1799.28 565.011 1151.3 7467.86 6697.75 1396.56 1148.11 728.687 9706.06 770.107 2138.45 5301.19 2128.65 3172.55 918.001 2254.54 324.256 248.967 609.585 463.745 1015.83 1814.2 1461.07 703.52 8841.23 2835.52 369.035 6005.71 5889.71 3424.28
internal_count=33609 12608 4035 3954 243 3711 435 282 3276 466 313 185 199 2810 451 2359 21001 14000 8573 7251 196 1322 913 7001 1864 1123 7055 3856 494 418 192 1053 820 741 218 5776 3199 2138 651 432 335 1487 468 1061 3362 2954 685 530 401 13920 408 3684 2269 931 1338 370 968 492 374 210 373 967 3192 2600 1232 12528 4238 439 8290 8184 4493
is_linear=0
shrinkage=0.0955619


Tree=83
num_leaves=72
num_cat=0
split_feature=6 1 1 3 1 3 0 3 4 3 7 2 1 3 2 2 7 4 7 0 1 1 0 4 7 0 7 7 2 4 4 2 2 1 3 4 9 6 9 3 4 7 7 1 7 9 2 2 1 4 7 6 9 2 9 4 3 2 6 2 1 4 9 9 9 1 4 9 9 1 4
split_gain=3.86461 2.79631 3.25922 2.08808 1.7582 1.63203 1.66638 1.49354 1.99779 1.49291 2.55706 3.39938 3.69979 3.20479 1.59459 1.39447 2.11637 2.93428 2.30553 2.93499 1.48981 1.01524 1.01281 0.980754 1.1561 0.90955 1.61312 2.17908 0.802746 0.769677 0.809709 1.1025 1.02356 1.54268 0.87018 0.759724 0.929718 0.961052 1.00666 0.74733 2.35705 2.00048 2.74758 0.716994 0.690014 0.688804 0.685982 1.58859 0.55906 0.540105 0.57871 0.531548 0.55672 0.531126 0.519678 0.461312 1.10625 0.651581 0.943903 0.733233 0.765671 0.633723 0.749639 0.963507 0.4879 1.53061 0.47442 0.425038 0.912644 0.421053 0.413181
threshold=-0.37940952255126015 -0.54883787585413535 -0.57728627067906269 1.8550000000000002 -0.44437406304545285 4.1950000000000012 0.37940952255126048 3.9350000000000005 1005.6500000000002 4.1250000000000009 6.4200000000000008 -0.79354221435844496 -0.16705007855999712 4.8750000000000009 -0.92260537345622995 0.36570897681179731 6.6249999999999991 1009.6500000000002 7.9000000000000012 1.0000000180025095e-35 -0.98801351631316325 -0.67760851415498069 0.60355339059327384 1009.6500000000002 6.7550000000000017 -0.5 8.360000000000003 7.5000000000000027 -0.86092912513210462 1002.5500000000001 1006.0500000000001 0.081673369964559248 -0.90878397393106225 0.53436760985011655 1.9850000000000001 1005.0500000000001 4.7439818142699481 -0.60355339059327384 0.12477726858016781 4.7150000000000007 1004.85 8.8000000000000007 10.705000000000002 0.25118773779856129 7.6700000000000008 -0.67590615324713166 -0.36572252349726903 -0.90878397393106225 0.67125374152323958 1007.7500000000001 10.860000000000003 -0.78656609248549325 2.0271434273114122 0.87377473702374975 1.4489232199185376 1005.0500000000001 5.9750000000000005 -0.97106408147883394 -0.12940952255126037 -0.97502841500522164 1.0000000180025095e-35 1006.35 -1.9508865700070002 0.02424476175698587 -1.7111420489786473 -0.99628894895067444 1005.2500000000001 2.4267074611704982 3.5163825718211084 -0.57728627067906269 1007.5500000000001
decision_type=2 2 2 2 2 2 2 2 2 2 2 2 2 2 2 2 2 2 2 2 2 2 2 2 2 2 2 2 2 2 2 2 2 2 2 2 2 2 2 2 2 2 2 2 2 2 2 2 2 2 2 2 2 2 2 2 2 2 2 2 2 2 2 2 2 2 2 2 2 2 2
left_child=1 2 5 35 -5 6 7 8 45 25 11 12 14 -14 -11 16 17 20 19 -18 -10 23 55 -17 -25 26 27 28 -6 -27 51 32 43 -34 -33 -3 37 -37 -39 40 -12 -42 -43 -32 -40 -1 47 -41 -13 -28 -51 52 -31 -24 -47 56 69 58 -57 60 -60 -62 -63 -64 65 -59 -66 70 -69 -2 -8
right_child=22 3 -4 4 9 -7 67 -9 15 10 39 48 13 -15 -16 21 18 -19 -20 -21 -22 -23 53 24 -26 29 49 -29 -30 30 31 34 33 -35 -36 36 -38 38 44 46 41 42 -44 -45 -46 54 -48 -49 -50 50 -52 -53 -54 -55 -56 57 -58 64 59 -61 61 62 63 -65 66 -67 -68 68 -70 -71 -72
leaf_value=-0.0011063565211571252 -0.0017320677678686759 0.0061477105565459541 0.0033069118939402084 -0.063950226863146817 -0.017531267042742601 -0.015385209267477593 0.01357287764635551 0.0018284638104914294 0.0022540948221098202 -0.026492187376366504 -0.0096424415608615133 -0.042639809237905162 -0.0087148679975406901 0.0010120914510377567 0.0024021842233440428 -0.028982907521808498 0.0085135818075783853 0.00092192282101506739 -0.0073722562005612254 -1.8818387402830273e-05 -8.6786804085053375e-05 -0.0035340891149383958 -0.0073629138537591177 -0.00084488061449107814 0.0038666984333070426 0.0043463209420511956 -0.021967308127989343 0.0023032163533317739 0.0015555431442529264 -0.0016084447237369175 0.00016330163907161976 6.2311045670887936e-05 0.00044188537496166641 0.00087683509708135203 -0.0014311037225952657 -0.0067870938000419191 0.0015922535515541234 -0.019737594070389483 0.013785039555286012 -0.015334025901766257 0.00086321429217610043 0.010780884219286298 0.00058220729774944495 -0.030550174387819779 0.00061641244170404725 -0.019657070446322707 -0.0051137676500039881 -0.003015502170809206 0.0087510118747068256 0.012469864296787231 -0.01802095536214476 -0.0027520274383934888 -0.00035358101672540801 -0.11333561893221231 -0.00048387414973582863 0.014987416797853113 0.00013957743200087496 0.0090436121123420501 -0.056868695608597308 0.040239693185386206 -0.0073093571688608479 -0.01299852865498707 0.031084867942596277 -0.0088701239261687898 0.0013580601246791421 -0.011529522334141777 -5.7048100420735624e-05 0.005155914764131954 -0.013593102719408853 -0.0082660403771171662 -0.0025230640781125158
leaf_weight=291.54602670669556 329.90006965398788 183.80507242679596 225.86084195971489 496.95407178997993 218.09925639629364 628.89609536528587 184.91860353946686 175.91722804307938 297.8474223613739 154.41194489598274 304.7832595705986 209.8738648891449 245.32465386390686 130.9099879860878 108.10713046789169 369.38169449567795 280.58120942115784 248.19997012615204 180.79318511486053 178.61049288511276 764.52116221189499 146.26111233234406 2762.6114211380482 158.44250339269638 140.40861225128174 178.39284187555313 329.47307309508324 212.51149356365204 214.59795764088631 647.78477120399475 988.62726917862892 162.45723432302475 337.24455279111862 2090.1920418143272 2119.6838713884354 2076.1783821880817 146.47074291110039 177.6901935338974 94.123766034841537 243.14867824316025 329.78832027316093 160.3753579556942 170.36867669224739 376.31952139735222 87.832863003015518 376.21343857049942 440.48068875074387 334.37456202507019 176.08344769477844 64.24570506811142 62.505525887012482 594.58908733725548 429.89629274606705 964.29585856199265 211.10357439517975 57.498552531003952 86.647216558456421 60.078545063734055 239.97007197141647 49.384899646043777 70.257860422134399 68.01710057258606 94.574502915143967 51.018888920545578 121.09620788693428 2622.1788710951805 5921.7034229040146 87.989479094743729 68.906013131141663 905.20314049720764 949.22914630174637
leaf_count=135 500 88 144 443 88 461 192 82 158 129 98 193 148 74 55 278 128 111 77 76 328 125 4653 95 97 51 140 74 76 239 575 129 122 748 1849 1135 93 184 103 152 134 67 102 136 62 180 281 95 112 70 86 235 102 948 110 43 63 98 422 67 105 105 136 78 131 3818 8757 103 92 1077 1168
internal_value=0.000292961 0.00111361 0.00287075 0.000421887 0.000951486 0.00240435 0.00297723 0.00397981 0.00352301 0.00118803 0.00303801 0.00692343 0.0111886 0.0172691 0.00203756 0.00478608 0.00618544 0.00386029 0.0107665 0.0143692 0.00156099 0.0013113 -0.000911929 -0.00014117 0.00376258 0.000560475 0.00313591 0.00622396 0.00204683 0.000189826 3.37308e-05 0.000558268 0.0015667 0.00274888 -0.0010764 -0.00194224 -0.00238803 -0.00285807 0.00151307 0.000977 0.00289926 0.00615475 0.0113949 -0.000468431 0.0066391 -0.000346909 -0.000756717 0.00129032 0 -0.00103763 0.00389158 -0.00181365 -0.000446374 -0.00227361 -0.00232423 -0.00042744 -0.00210362 -0.000180112 0.00276104 0.00137784 0.000121197 0.00363374 0.00636741 0.0102531 -0.000404209 -0.00147759 5.71735e-05 0 0.00462878 -0.00289659 -0.000639299
internal_weight=35667.8 21263.3 5965.63 15297.7 12531.6 5739.77 5110.87 3819.83 3643.91 12034.7 3008.03 1024.71 638.754 376.235 262.519 2765.05 1950.55 1310.57 639.985 459.192 1062.37 814.494 14404.4 668.233 298.851 9026.62 1101.43 645.209 432.697 7925.19 7746.79 6074.52 3792.38 2427.44 2282.14 2766.1 2582.3 2435.83 359.647 1983.32 965.316 660.532 330.744 1364.95 181.957 878.863 1018 577.523 385.957 456.224 126.751 1672.27 1077.68 3726.91 587.317 10677.5 1321.75 9355.78 630.722 573.223 523.838 283.868 213.61 145.593 8725.06 2682.26 6042.8 1291.04 156.895 1235.1 1134.15
internal_count=33609 12608 4140 8468 6803 3996 3535 1980 1898 6360 1640 711 406 222 184 1473 878 597 281 204 486 595 21001 470 192 4720 534 238 164 4186 4135 3559 1581 870 1978 1665 1577 1484 349 929 401 303 169 711 165 425 528 247 305 296 156 576 341 5601 290 15400 1640 13760 956 913 846 424 319 214 12804 3916 8888 1555 195 1577 1360
is_linear=0
shrinkage=0.0955619


Tree=84
num_leaves=72
num_cat=0
split_feature=6 8 8 2 1 7 8 3 1 8 4 2 3 1 3 3 0 4 2 0 7 4 0 7 2 8 8 1 8 3 1 2 3 3 2 3 4 2 1 8 8 3 7 1 1 7 8 3 3 3 8 8 1 2 8 1 8 1 1 2 3 4 8 7 7 8 1 1 2 1 1
split_gain=3.29401 2.94142 1.85404 1.69686 5.34762 1.78403 1.73064 3.1629 1.721 1.92269 3.30297 2.29183 1.35762 1.15234 1.69335 2.25043 0.900119 0.82475 0.79424 0.637547 2.09205 1.77824 2.20273 0.751648 1.80478 1.06694 1.03285 0.834118 0.894948 0.603968 0.689792 0.603052 0.72342 0.964855 3.22894 0.697514 0.532499 0.812679 0.722972 0.519631 1.6263 2.60796 0.734701 0.500706 0.498602 1.73976 0.794658 0.419702 0.424208 0.543033 0.677 1.50152 0.470704 0.497925 0.402788 0.445775 0.498679 0.400318 0.399392 2.06181 0.416447 0.427324 0.39695 0.63739 0.772731 0.380934 0.881759 0.379324 0.342861 0.341152 0.460616
threshold=-0.37940952255126015 4.5250000000000012 7.2500000000000027 0.73246693938583607 -0.5416228050394748 4.4400000000000039 6.6200000000000037 4.5050000000000008 -0.98211651112579568 6.8700000000000037 1006.7500000000001 -0.36572252349726903 3.4850000000000008 0.030120025924939415 3.0850000000000004 4.1250000000000009 0.37940952255126048 1010.1500000000002 0.87377473702374975 0.37940952255126048 6.0700000000000029 1007.9500000000002 0.25881904510252057 13.115000000000004 -0.36572252349726903 12.235000000000001 11.825000000000001 0.69636977696931246 15.010000000000002 4.9150000000000009 -0.73831951690629072 -0.9668120007078248 2.3550000000000004 1.8550000000000002 -0.34155811708470757 2.4650000000000003 1006.4500000000002 -0.2511900638848194 0.047320950113892181 7.2299999999999995 7.1650000000000018 2.4850000000000008 6.5650000000000004 -0.04732095011389225 0.23448921811828119 5.830000000000001 5.330000000000001 5.9750000000000005 2.2450000000000006 1.4350000000000003 7.7900000000000018 7.9300000000000024 0.11593352601052392 -0.97870382656940669 8.1400000000000041 0.34964421742355262 12.345000000000001 0.51973899919070166 -0.99628894895067444 -0.0387208465846701 2.0350000000000006 1012.0500000000001 10.620000000000001 10.780000000000001 10.205000000000002 10.235000000000001 -0.29259762607704992 0.13301347478292308 0.26780438508363441 1.0000000180025095e-35 0.86958133671945947
decision_type=2 2 2 2 2 2 2 2 2 2 2 2 2 2 2 2 2 2 2 2 2 2 2 2 2 2 2 2 2 2 2 2 2 2 2 2 2 2 2 2 2 2 2 2 2 2 2 2 2 2 2 2 2 2 2 2 2 2 2 2 2 2 2 2 2 2 2 2 2 2 2
left_child=1 12 3 5 -5 31 7 44 -8 10 -10 -12 -1 14 -11 -16 39 19 69 20 21 22 -4 25 -25 26 29 28 -26 30 -22 35 33 -33 -35 -3 -21 38 -38 40 42 -42 58 -44 46 -46 -7 48 49 -41 -51 -52 -50 -54 -40 -56 -57 65 59 -2 61 -60 -19 64 -64 66 -53 -67 -27 -18 -71
right_child=16 2 17 4 -6 6 8 -9 9 13 11 -13 -14 -15 15 -17 18 62 -20 36 23 -23 -24 24 27 68 -28 -29 -30 -31 -32 32 -34 34 -36 -37 37 -39 54 47 41 -43 43 -45 45 -47 -48 -49 52 50 51 57 53 -55 55 56 -58 -59 60 -61 -62 -63 63 -65 -66 67 -68 -69 -70 70 -72
leaf_value=0.0028879855136349948 0.015707587991674984 -0.045147633413094204 0.001706732526420457 -1.9078435911414579e-05 -0.057699493340887469 0.00029949196243786702 0.0043223203867974631 -0.00027467603929826019 -0.0038381943119046346 -0.0031018506127556702 0.0022673385279093302 0.0058052504894291392 0.0066363806824676665 -0.0021675008071595104 0.0037898525837475748 -0.00046854726686361225 -0.015389693123186656 -0.0046970759113386072 -0.094767011604374715 -0.0057177177962007674 0.0010103397874476532 0.001596390310564923 -0.026335248600028199 0.0031910475925802828 -0.0027518414453973901 -0.00092475682028574958 -0.0030154944705247191 -0.0024000997018085446 0.0019628383913488884 -0.010584719780884178 -7.7399354221723129e-06 -0.0019636895097427556 -0.020440959533594906 -0.0046223345995615815 -0.011875002662498845 0.0047180992775140169 -0.010127537399399094 -0.001311293176580046 0.0053853657829738902 -0.0066108614515849292 0.00084621201305321015 0.038413708715806294 0.0078493011833769052 -0.010090189568976402 -0.009112731777151507 0.0012617569377303081 -0.00025708035815183867 4.7577118964582884e-05 -0.035434810961669366 -0.010095883008710982 0.020946603658500977 -0.00040350471499569856 0.018323020963911921 -0.00053221893949673442 0.0053509600415538568 -0.012759771229859322 0.0042983555544525813 -0.0046657625908469186 -0.00017399055583331563 -0.066191926035838428 -0.0027912951635031742 0.014971009036836038 0.0010328687486394477 -0.0031634588846666625 0.029538878409308075 -0.025953212044750103 0.036394313529532804 0.0095414382487263756 -0.0013040659138560486 0.0041947372294055488 -0.010525868030366455
leaf_weight=131.37247249484062 62.874548941850662 89.485497206449509 226.0412535071373 156.40900427103043 153.73500046133995 180.42256411910057 186.91915428638458 292.84143674373627 274.44174832105637 350.38797360658646 215.11697655916214 226.87381488084793 147.16113114356995 488.89768272638321 171.62239807844162 203.35685181617737 1763.3227578103542 2005.6990389823914 1189.3945298790932 375.74411195516586 876.1701825261116 451.56444281339645 274.51651513576508 264.97073721885681 73.529677987098694 521.9876247048378 204.16087037324905 468.07815736532211 85.87009859085083 408.93084704875946 4727.4224325716496 450.10309085249901 841.5525835454464 100.76254883408546 137.57903495430946 123.2145054936409 348.66467645764351 539.51365542411804 202.26823315024376 809.82600793242455 96.597827941179276 62.150633543729782 212.323352009058 105.17942607402802 369.0656578540802 237.31003823876381 1379.9111555814743 117.16600495576859 1410.3371886610985 353.68993744254112 75.245416551828384 288.88974687457085 79.534688413143158 2375.6045588552952 125.74408432841301 295.24287131428719 194.58068618178368 413.15430852770805 1107.3686815202236 98.831462621688843 1262.6008652746677 103.51583403348923 975.0958536863327 423.5006747841835 82.951432466506958 221.94935131072998 258.64207634329796 259.51010385155678 202.54349195957184 1053.1405363678932 623.58678460121155
leaf_count=104 100 65 100 73 170 111 89 143 113 196 70 102 55 148 81 93 3060 1806 1185 239 486 143 93 54 102 139 101 158 101 208 1817 407 760 88 134 104 413 318 123 1227 129 61 293 102 130 65 734 107 2048 566 99 466 97 2998 108 184 72 611 1796 181 1895 171 1125 432 96 327 348 378 155 1730 1026
internal_value=0.000255679 0.00101351 0.000878455 0.00220175 0.00915139 0.00184229 0.00283678 0.00106165 0.00485056 0.00392292 0.00787206 0.0129642 0.0107539 0.00150414 0.00395893 0.00841823 -0.000856487 0.000260459 -0.00195791 0.000675941 0.00103688 0.00527102 0.00112175 0.000508734 0.00312099 0.000158346 0.000576084 0.00016511 0.00620996 0.000331232 0.000604544 -0.000716395 -0.00142583 0.000761497 0.00573661 0.00390754 -0.000801821 -2.68398e-05 0.00133561 -0.000324894 0.000678135 0.0100298 0.000135334 0.00448129 -0.000160396 0.00210762 -0.00110375 -0.000807375 -0.000921584 0 0.000896949 0.00181228 -0.00156188 -0.000710528 0.00293583 0.00150648 0 0.00104254 -0.000356656 0.00412719 -0.000691616 0.000514011 -0.00100704 0.000120806 0.00143465 0.0020866 0.00380632 0 -0.00328647 -0.00118173 -0.000144326
internal_weight=35667.8 21263.3 20984.8 6630.01 310.144 6319.86 4577.17 2459.55 2117.62 1930.7 716.433 441.991 278.534 1214.26 725.367 374.979 14404.4 14354.8 4629.44 10867.5 8785.79 952.122 500.558 7833.66 892.449 6941.22 6216.68 627.478 159.4 6012.52 5603.59 1742.7 1530 688.445 238.342 212.7 2081.76 1706.01 1166.5 9774.99 3111.44 158.748 2952.69 317.503 2166.71 606.376 1560.33 6663.55 6546.38 2680.91 1871.08 1517.39 3865.48 2455.14 817.836 615.568 489.824 1442.15 2635.19 161.706 2473.49 1210.88 3487.25 1481.55 1058.05 1028.99 547.532 481.459 724.531 3440.05 1676.73
internal_count=33609 12608 12449 3876 243 3633 2075 1183 892 803 285 172 159 518 370 174 21001 8573 7001 5114 3657 336 193 3321 415 2906 2612 361 203 2511 2303 1558 1389 629 222 169 1457 1218 900 14000 4728 190 4538 395 1040 195 845 9272 9165 4022 2795 2229 5143 3095 487 364 256 2130 4143 281 3862 1967 3459 1653 1221 1519 814 705 294 5816 2756
is_linear=0
shrinkage=0.0955619


Tree=85
num_leaves=72
num_cat=0
split_feature=0 8 1 5 2 2 1 2 4 1 2 4 2 2 7 9 8 3 1 1 2 8 3 9 2 2 1 2 2 9 2 4 3 2 1 1 1 8 8 3 3 4 3 1 4 1 1 2 8 4 9 9 1 1 1 8 7 5 1 8 1 2 1 9 5 7 4 1 5 7 2
split_gain=2.1508 2.09386 2.60259 1.84849 2.30233 1.66153 4.33121 1.39435 1.30547 1.46895 1.16568 1.535 3.48067 1.74887 1.04908 0.938709 1.08624 1.17947 0.92962 2.21393 0.925726 1.34233 0.925309 0.878528 0.762027 1.2846 1.19106 0.720154 0.791499 1.15922 2.77225 1.9311 0.771968 3.0137 0.889142 1.23145 4.49575 1.29035 1.57421 0.979077 2.25089 0.717329 0.883411 1.17194 1.42199 2.09388 1.24909 1.11303 2.24721 1.07531 0.709313 0.68546 0.961442 0.667344 0.979673 0.632852 0.631168 0.917133 0.613259 0.613134 1.6978 0.984196 0.965943 0.807816 0.547911 0.46539 0.450364 0.816217 0.76112 0.429018 0.404658
threshold=0.37940952255126048 7.2500000000000027 0.98930504265984687 -0.5 -0.99626127116974506 0.73246693938583607 -0.5416228050394748 -0.42889193791248376 1006.5500000000001 -0.04732095011389225 0.3896304495307879 1010.0500000000001 -0.51974381215551546 0.2843486543654084 4.6300000000000017 0.4914469144387788 6.165 4.2550000000000008 0.44437406304545285 0.53436760985011655 -0.9993703818063705 8.3300000000000018 2.5950000000000002 0.63863835860670559 0.17553149042142802 0.064506059999340642 0.49002412863433359 -0.99626127116974506 -0.9668120007078248 -1.1412490288949255 -0.97502841500522164 1005.9500000000002 5.5650000000000004 -0.38168922026665864 -0.63874350706337046 -0.79356426026969629 -0.7610972106345526 8.125 8.3900000000000006 1.8550000000000002 1.635 1003.9500000000002 2.1750000000000003 -0.57023701209772126 1007.9500000000002 -0.71466676797886819 -0.95747632178960107 -0.96227343267549392 6.1850000000000014 1008.9500000000002 1.3279240974452213 -0.17368349923922818 0.33346569090932193 0.87795195455888941 0.83354805289222267 8.9800000000000004 6.0700000000000029 -0.37940952255126059 0.823915376013162 7.4450000000000012 0.49002412863433359 -0.54160775828284857 0.99052327954040398 0.53371271547135468 0.78656609248549325 1.9749999999999999 1008.4500000000002 -0.81403855522663837 0.78656609248549325 7.6099999999999985 -0.30081980763566762
decision_type=2 2 2 2 2 2 2 2 2 2 2 2 2 2 2 2 2 2 2 2 2 2 2 2 2 2 2 2 2 2 2 2 2 2 2 2 2 2 2 2 2 2 2 2 2 2 2 2 2 2 2 2 2 2 2 2 2 2 2 2 2 2 2 2 2 2 2 2 2 2 2
left_child=1 2 3 14 -5 10 -7 8 -2 66 11 24 -13 -14 -1 16 -11 18 55 -20 21 -3 -21 65 25 26 -6 -22 29 31 -31 -29 34 -34 35 39 69 -38 -39 40 70 -16 49 44 45 46 -44 48 -45 -43 -51 52 -36 54 -25 -18 57 -54 -58 60 -53 63 -63 -61 -17 -9 67 68 -10 -37 -30
right_child=7 20 -4 4 5 6 -8 23 9 15 -12 12 13 -15 41 64 17 -19 19 22 27 -23 -24 53 -26 -27 -28 28 32 30 -32 -33 33 -35 51 36 37 38 -40 -41 -42 42 43 47 -46 -47 -48 -49 -50 50 -52 59 56 -55 -56 -57 58 -59 -60 61 -62 62 -64 -65 -66 -67 -68 -69 -70 -71 -72
leaf_value=-0.011300673340556023 -0.0069417222075830315 -0.0042443642484017441 0.015130682694041175 0.00054422878139092289 0.00058710255694711239 0.0016360521872044456 -0.0023761163851798361 -0.0018095006868174268 0.01603395253458835 -6.9789573359496347e-05 -0.011840025997880702 0.0017592250809103046 -0.032783561591694522 0.019644006905375867 -0.0021037448655024187 -0.0022904254326268809 -0.0019632471370906821 0.0021279117223154263 0.0056936181728546101 -0.0024316306861371499 -0.043355297240508642 0.014161714598618759 0.016708776086116237 0.00044629221109491226 -0.05930669574189168 0.0020604203342364674 0.0012134650717413929 0.010454254496856474 0.0095204657277674232 -0.0093896820307588277 0.0024821150100279542 0.00032758260072637021 1.1739099937009029e-05 -0.012580575192185806 -0.037430240587401138 0.01359797228082919 -0.011920214653983475 0.033271419159794299 0.00042671416424134521 -0.0081051624951556586 0.0054291620602523721 -0.0035309168622521454 0.0008037470299527915 0.0012779755254021898 -0.0009462217170768479 0.0076450367312522697 -0.016119100634743196 -0.0018632485401295453 -0.028747699929129469 0.0051850958238239498 0.03089443637039907 0.0028400649213868321 0.0017970619694368203 -0.0014104544281204115 0.034882514505010467 0.0076021515271522686 0.00039962696528378502 -0.0034886518052127499 -0.002848826838069602 -0.00082741162403931979 -0.0020043092989181607 0.00068637757917503796 -0.00086391540626465379 -0.0048776753387134867 0.0096504709001356288 -0.033588412892564999 -0.0015158254138194784 -0.0060560814381254557 0.0014114211309440552 0.027026164733708315 -0.00053420861196983797
leaf_weight=832.57080954313278 1073.0359384715557 150.22577491402626 118.4222354888916 148.09222972393036 2273.9686152637005 92.33614781498909 136.94525837898254 213.72548839449883 48.885234713554382 146.52932652831078 308.05689898133278 95.295833200216293 170.06267493963242 94.257709473371506 355.06811127066612 435.89154544472694 300.64917838573456 86.710642099380493 100.93681755661964 164.85699051618576 324.22057050466537 141.70768684148788 82.685150593519211 1509.9216368496418 165.0006143450737 171.96649858355522 548.51611968874931 107.37480100989342 121.8543458878994 453.293686658144 225.9260185956955 136.82931646704674 273.12655997276306 223.44119158387184 1567.4773227870464 101.48123288154602 424.90603402256966 103.963404327631 384.10449719429016 785.55247497558594 154.82138255238533 843.76485702395439 141.41915464401245 99.772680699825287 144.74642151594162 138.15217098593712 127.66645109653473 727.3303909599781 132.39707174897194 183.46702820062637 46.029185891151428 150.35176986455917 191.66044035553932 1510.2394261360168 91.609991878271103 104.58267772197723 1232.6083463430405 205.67680549621582 937.93311434984207 445.28047069907188 233.19692260026932 4781.1013212502003 1133.6421035528183 1276.6203131973743 168.8553484082222 3634.1092973351479 455.31808856129646 529.44924560189247 53.71716970205307 88.911891549825668 503.46643814444542
leaf_count=1168 1489 85 73 88 1629 59 153 265 68 146 344 68 176 92 269 252 339 65 58 180 226 86 61 2142 144 115 260 79 82 352 117 119 138 213 1990 113 321 83 350 849 140 831 108 53 145 64 118 471 128 286 73 95 169 1099 81 135 1256 116 816 217 116 4038 568 769 240 4572 557 754 102 84 502
internal_value=0.000205646 0.000693946 0.00195746 0.00173268 0.00311136 0.00265047 0.0106124 -0.000923144 0.000542613 0.00169041 0.00214218 0.00265099 0.00862183 0.00249593 0.000170185 0.00355046 0.00537296 0.00671878 0.00528601 0.00896536 8.15379e-05 0.00539276 0.00355331 -0.00172673 0.00193526 0.00230487 0.00177091 -7.21616e-06 7.64591e-05 0.0027925 0.000602062 0.00843533 -8.15702e-05 0.00360458 -0.000211965 0.00135635 0.00380447 0.000892075 0.00431074 -0.000312565 0.00201375 0.00104178 0.00161886 0.00311326 0.006642 0.0095439 0.00410747 0.000973499 0.00673841 -0.000401082 0.00525125 -0.000564249 -0.00156383 -0.000494984 0.000822682 0.00185554 -0.000383075 0.00304713 -0.00105698 -3.68323e-05 0.00366411 -0.000236148 0.000335656 -0.00225217 0.000411705 -0.00269753 -0.000948359 0.000579136 0.00835309 0.0170859 -0.000411568
internal_weight=35667.8 24956.1 8095.31 7976.88 4204.5 4056.41 229.281 10711.7 3752.1 2679.07 3827.12 3519.07 359.616 264.32 3772.38 1591.7 986.951 840.421 753.711 348.479 16860.8 291.933 247.542 6959.61 3159.45 2994.45 2822.48 16568.8 16244.6 923.424 679.22 244.204 15321.2 496.568 14824.6 2669.06 1103.37 912.974 488.068 1565.69 780.142 2939.81 2584.75 1511.48 551.984 407.238 269.086 959.5 232.17 1073.26 229.496 12155.5 4135.36 3111.77 1601.53 405.232 2567.88 397.337 2170.54 8020.19 383.549 7636.64 5914.74 1721.9 604.747 3847.83 1087.37 632.052 102.602 190.393 625.321
internal_count=33609 21004 6915 6842 3128 3040 212 12605 4446 2957 2828 2484 336 268 3714 1476 984 838 773 299 14089 171 241 8159 2148 2004 1889 13918 13692 667 469 198 13025 351 12674 2524 951 754 433 1573 724 2546 2277 1087 435 290 226 652 181 1190 359 10150 4347 3322 2223 474 2357 285 2072 5803 211 5592 4606 986 492 4837 1481 924 170 197 584
is_linear=0
shrinkage=0.0955619


Tree=86
num_leaves=72
num_cat=0
split_feature=6 8 2 9 2 2 2 9 2 8 4 0 8 1 8 9 9 2 9 1 8 4 9 1 4 4 2 2 9 1 1 0 8 0 4 4 8 1 8 4 9 8 8 3 1 8 8 9 2 2 8 1 3 2 0 8 1 4 8 3 8 3 4 3 3 9 1 2 3 8 1
split_gain=3.08575 2.35133 2.5559 1.39165 1.41887 3.52683 1.27009 3.72915 1.01106 1.45623 2.79398 2.5418 1.45363 1.59139 1.05611 1.28151 1.03355 0.974794 0.917703 0.900988 0.845046 0.708755 2.39656 4.64038 0.624443 0.563685 1.02241 1.03814 0.985909 0.958402 1.9622 0.988871 1.52869 0.952114 0.883061 1.24359 1.01062 1.14265 0.770736 0.731917 0.695058 0.621648 1.8926 0.60344 0.602099 0.562574 0.536873 0.544981 1.12464 0.73299 0.518606 0.493378 0.594852 0.455782 0.903544 0.482323 0.454606 0.448357 0.549714 0.729631 0.778274 0.84813 0.667318 0.446273 0.499269 0.434983 0.962372 0.424966 0.424465 0.63794 0.649182
threshold=-0.37940952255126015 7.2500000000000027 -0.9975933521984367 -3.197916291046528 -0.97106408147883394 -0.9574497222574998 0.73246693938583607 1.2692251921440951 -0.34155811708470757 6.830000000000001 1007.9500000000002 0.37940952255126048 6.2999999999999998 -0.99273952934267318 7.0549999999999988 0.97038939371682542 -0.30400533685141967 -0.91583036384466876 -1.6468674949533388 -0.93535928755917819 7.2299999999999995 1010.35 -3.7007629824741382 0.1670500785599974 1011.7500000000001 1006.0500000000001 0.23448270380211197 0.48250774176121808 -1.1412490288949255 0.88606241628642846 0.92913280730858816 -0.5 7.8899999999999997 0.37940952255126048 1006.85 1007.2500000000001 7.9600000000000035 0.012910176522261303 8.8599999999999994 1009.1500000000002 -0.14792165698969481 9.9350000000000005 11.790000000000003 4.0150000000000006 0.86095304316285726 6.9999999999999991 8.0600000000000023 0.29460317699640731 -0.13301470653419609 0.46735921715800216 12.129999999999999 0.99166813670569354 5.9750000000000005 0.91586428826728705 -0.37940952255126015 13.480000000000004 -0.99628894895067444 1003.2500000000001 9.3300000000000018 4.6350000000000007 13.175000000000002 3.3050000000000002 1009.35 3.3650000000000007 3.8650000000000007 1.1868367213166151 0.41327478071396911 0.60503365783732044 2.4150000000000005 9.610000000000003 -0.09025077427732299
decision_type=2 2 2 2 2 2 2 2 2 2 2 2 2 2 2 2 2 2 2 2 2 2 2 2 2 2 2 2 2 2 2 2 2 2 2 2 2 2 2 2 2 2 2 2 2 2 2 2 2 2 2 2 2 2 2 2 2 2 2 2 2 2 2 2 2 2 2 2 2 2 2
left_child=1 2 -1 19 -5 -6 8 -8 9 10 17 -12 24 -14 -11 -16 -15 -7 20 -4 45 22 23 -3 -10 28 33 -28 43 31 -31 32 -30 34 38 -36 37 -37 -27 63 -38 -33 -43 -24 67 56 -23 68 -49 -50 -32 52 53 57 55 -55 -2 -20 -59 60 61 62 -60 -35 -65 66 -41 -29 -48 70 -70
right_child=18 21 3 4 5 6 7 -9 12 14 11 -13 13 16 15 -17 -18 -19 51 -21 -22 46 25 -25 -26 26 27 44 29 30 50 41 -34 39 35 36 40 -39 -40 65 -42 42 -44 -45 -46 -47 47 48 49 -51 -52 -53 -54 54 -56 -57 -58 58 59 -61 -62 -63 -64 64 -66 -67 -68 -69 69 -71 -72
leaf_value=0.0019591515864689469 0.0091517634110956734 -0.0012314306797331449 0.00019707834973952884 -0.0058474317559926098 0.0019631083360346301 -0.017246775024262549 0.004055149079876183 -0.0091667016583303357 -0.0081297088979703641 -0.0046666342164676322 0.0011769070313536623 0.0013511746473297882 0.0011071904501142736 -2.1365524498532262e-05 0.0061039442748842074 -0.012293568706691156 -0.00042436262521192364 0.00076770041299308359 -0.035692288202222096 -0.0028274028045714933 -0.02775731802728696 -0.0088575187905521376 -0.0015514570952658705 0.0043868858805251416 0.010453452383288623 -2.9199484369679398e-05 -0.010380881843805426 -0.0018020432691527193 0.00073207215987826824 0.0089806956127772095 -0.0072258608484486861 -0.0077568813577208063 -0.0032691036238574052 -0.0015702337366791622 -0.004465921427326781 0.001596768548557923 -0.0021645968817053615 -0.00099955917757612472 0.0046014634137172125 -0.012776572017504277 -8.8940386149949295e-05 0.0020788332115124221 -0.0031506991306427703 -0.039239567254845301 0.0040429236868537418 0.021229247643911788 -0.021591052289575648 0.0074748736637915763 -0.0027917994900687271 0.0096210161095327922 -0.0029724592481323426 -0.0036378092153686124 0.00011382886041459485 0.001247203351707675 -0.072022988288308359 0.05756243593532899 -0.0017894681232491797 -0.00039471872361473834 -0.0014676683672935919 -0.0018383989300249394 -0.0047818598601605325 0.016320836927248658 0.014425594943933497 0.032147891417655047 -0.00086506702089804313 -0.001784450672826065 0.0059074395314950082 0.000873125883902724 -0.0059690481903384275 -0.0021829846541178938 0.043382988715007516
leaf_weight=181.58733147382736 80.418527215719223 181.25916868448257 208.18658557534218 402.53960970044136 192.37455430626869 204.24761408567429 159.1143761575222 127.39296531677246 702.3853907585144 570.00073957443237 223.31383764743805 376.68884626030922 261.42504468560219 352.74311131238937 242.17926263809204 197.00899931788445 615.12983903288841 1089.0554111897945 223.99786099791527 710.46931427717209 2938.9694113731384 612.47570464015007 281.74944594502449 138.39650517702103 92.699488759040833 518.2352928519249 653.14270946383476 243.3716883957386 206.9384788274765 305.6895564198494 414.51264575123787 1264.4817372858524 390.4194729924202 679.3495072722435 396.14417922496796 273.10616594552994 337.99480950832367 280.48037040233612 383.84169048070908 121.03392845392227 856.26735925674438 199.47793400287628 380.10500055551529 174.91121795773506 82.82998251914978 114.45597612857819 566.15150362253189 94.53429102897644 327.68890362977982 757.69744509458542 516.22890800237656 534.01009666919708 89.262905359268188 491.89284878969193 939.33537444472313 53.358853906393051 1347.4933027923107 5542.8848490715027 574.17038363218307 228.08681604266167 416.66095632314682 337.14589405059814 492.29257354140282 195.27997621893883 314.85963654518127 247.89607971906662 119.20457661151886 937.72324761748314 119.18723583221436 688.56524255871773 93.560052037239075
leaf_count=81 135 137 128 254 95 105 111 101 572 235 73 295 161 226 112 87 439 469 267 386 4067 486 132 82 105 171 293 152 73 77 113 562 179 444 113 107 94 60 108 101 210 92 119 97 25 167 601 45 188 950 131 692 82 743 1037 80 2209 8592 868 278 590 449 745 127 274 129 56 1008 170 778 89
internal_value=0.000295527 0.00102896 0.00247922 0.00215768 0.0027093 0.00312501 0.0026301 0.00890056 0.00224199 0.00339108 0.00495652 0.0103794 0.000546025 0.00264124 0.000356469 0.00394471 0.00073944 0.00235272 -0.000780625 -0.00122612 -0.00191855 0.000324144 0.000692899 0.00882913 -0.00257407 0.000440785 0.000990265 -0.000837396 -0.000419205 -0.00096019 0.00115776 -0.00207122 0.00119162 0.00175187 0.00275856 0.00163582 0.00275981 0.00616366 0.0053112 -2.16577e-05 0.00109384 -0.00317908 -0.000402489 0.00371473 0.000699469 -4.4388e-05 -0.000901758 -0.000271958 0.00121193 0.000241218 -0.000939073 -0.000256927 -8.55583e-05 -0.000170947 -0.00170834 0.00125765 -0.000625295 0.000109584 0.000246181 0.00158887 0.00225891 0.00335256 0.00190382 -0.00135509 0.000631542 0.00302681 0.0059054 5.87832e-05 -0.00152883 -0.000128993 0.0042967
internal_weight=35667.8 21263.3 6908.54 6726.95 5808.3 5405.76 5213.38 286.507 4926.88 2902.49 1893.31 600.003 2024.38 1229.3 1009.19 439.188 967.873 1293.3 14404.4 918.656 4481.34 14354.8 11094.9 319.656 795.085 10775.3 6640.76 1917.07 4134.51 3677.85 1236.43 2441.42 597.358 4723.69 3046.07 2143.99 1747.85 553.587 902.077 1677.62 1194.26 1844.06 579.583 456.661 1263.92 1542.37 3259.86 2647.38 1179.92 1085.39 930.742 9923.1 9389.09 9299.83 1484.59 545.252 1427.91 7815.24 7591.24 2048.36 1820.27 1403.61 1066.46 1189.49 510.14 488.135 240.239 1181.09 1467.46 901.313 212.747
internal_count=33609 12608 4035 3954 3440 3186 3091 212 2879 1376 942 368 1503 826 434 199 665 574 21001 514 6578 8573 5266 219 677 5047 3472 1478 1575 1346 321 1025 252 1994 863 584 471 167 279 1131 304 773 211 229 1185 2511 3307 2821 1183 1138 244 14423 13731 13649 1860 823 2344 11789 11522 2930 2652 2062 1613 845 401 286 157 1160 1638 1037 259
is_linear=0
shrinkage=0.0955619


Tree=87
num_leaves=72
num_cat=0
split_feature=6 0 8 2 2 9 2 1 3 1 9 1 8 2 4 2 9 9 8 9 2 1 8 8 4 0 3 3 0 9 8 8 1 8 8 1 1 9 1 3 2 9 1 2 0 2 2 9 1 3 3 4 4 3 2 3 1 9 2 2 2 0 8 8 9 1 3 1 4 4 8
split_gain=3.25253 1.86448 1.73612 2.2188 1.81553 2.19474 4.86407 1.56747 1.73641 1.43851 1.38898 1.57658 1.8875 2.7627 1.18263 1.34939 2.05029 1.31385 1.20976 1.92899 1.17401 1.15119 1.7509 1.92828 1.65398 1.3357 1.07861 1.23361 1.07712 1.00899 0.906152 1.70216 0.757433 0.738738 3.87009 1.08848 1.50594 1.31199 0.710602 0.701933 0.684649 0.872857 0.651084 0.619618 0.617027 0.608509 1.02358 0.608345 0.565215 1.20957 0.907793 0.758585 0.575431 1.32931 0.58985 0.492393 1.08021 0.463024 0.470938 0.727145 0.669936 0.638954 0.497947 0.932947 0.634996 0.67519 1.21124 0.610446 0.460738 1.23197 0.590736
threshold=-0.12940952255126037 0.37940952255126048 7.7900000000000018 -0.96227343267549392 -0.97502841500522164 0.02424476175698587 -0.99626127116974506 0.18399664778440331 5.745000000000001 0.53436760985011655 0.34477642018882554 0.42888796625999276 8.9800000000000004 -0.94695267581281539 1010.0500000000001 0.030119189164198128 3.0009297815938756 5.0937704837932047 12.129999999999999 2.300066934882413 -0.94128245028753155 0.60505046667002438 5.1900000000000004 6.2300000000000031 1010.6500000000002 1.0000000180025095e-35 1.4750000000000003 1.675 0.25881904510252057 -1.4477322770781063 6.5000000000000027 7.1650000000000018 -0.9523687564627995 8.3300000000000018 8.3900000000000006 -0.63874350706337046 -0.82391537601316178 -1.0090011488678436 0.26781182513105634 1.2550000000000001 0.83824865459667641 0.4914469144387788 -0.99628894895067444 0.51972456038539816 0.91597561503675351 -0.51974381215551546 -0.52705818521824699 1.3279240974452213 -0.16705007855999712 2.3250000000000006 1.4950000000000003 1007.2500000000001 1010.1500000000002 2.9250000000000003 0.39752808894539271 3.6250000000000004 -0.81403855522663837 3.0009297815938756 -0.98518361333263327 -0.99981480381338828 -0.97106408147883394 -0.78656609248549325 7.589999999999999 10.800000000000004 1.2131758420300012 -0.56314550935064722 1.9950000000000003 0.25118773779856129 1005.85 1006.7500000000001 12.129999999999999
decision_type=2 2 2 2 2 2 2 2 2 2 2 2 2 2 2 2 2 2 2 2 2 2 2 2 2 2 2 2 2 2 2 2 2 2 2 2 2 2 2 2 2 2 2 2 2 2 2 2 2 2 2 2 2 2 2 2 2 2 2 2 2 2 2 2 2 2 2 2 2 2 2
left_child=1 2 3 4 5 6 -1 33 9 10 11 12 -9 -14 15 17 18 68 19 -17 -5 22 25 28 26 -22 32 -28 -24 42 -23 -32 -25 43 -35 36 -36 -38 -12 -3 41 48 -2 -4 -43 46 57 -20 50 -50 -41 -51 53 -53 -54 -52 -57 58 59 -31 61 -60 64 -64 65 66 -62 -67 70 -70 -11
right_child=29 39 7 20 -6 -7 -8 8 -10 14 38 -13 13 -15 -16 16 -18 -19 47 -21 21 30 23 24 -26 -27 27 -29 -30 45 31 -33 -34 34 35 -37 37 -39 -40 40 -42 44 -44 -45 -46 -47 -48 -49 49 51 55 52 54 -55 -56 56 -58 -59 60 -61 62 -63 63 -65 -66 67 -68 -69 69 -71 -72
leaf_value=-0.00079343771794591932 0.008277203938833206 -0.0036251721123565657 -0.012087156204382287 -0.022057933734748635 -0.00054857964817174674 -0.035868720154995266 -0.00078827108833876296 -0.029839571871833889 -9.097956843789102e-06 -0.00041219685387427666 0.0024708445479157339 0.021571833690886888 0.00085732531678662334 0.021009348908400227 -0.0019081084477850423 0.0011701269468481182 -0.0013222902427209339 0.012036098588401177 0.00089347998290061547 0.0080516878344147128 4.0585947358519071e-05 -0.057101884944591487 -0.0016630351759155254 0.0071520471000327277 0.001092190446784172 0.0011113798659963315 0.00079150045928895278 0.00060479107940673838 0.00064390464024682295 0.017827977985323203 0.00097176770983771813 -0.0052342334571821945 -0.020816607296109922 -0.019766205612466791 -0.047439035780050091 -0.0037395895174923842 0.007820765585467522 -0.00026769611080017784 -0.0016621133462860309 0.021036122730629037 -0.039461222767687723 -0.0014685377186597621 -0.014537443916171464 0.0011803951021509918 0.0055528285100818787 -0.002006876594526513 0.021463158669853176 -0.0079142263041894218 -0.00053082294394785827 -0.00029066777603796028 -0.0089095803998400103 0.0047303065236070588 -0.00079489540200293994 -0.0034374503636002314 0.020616644256542221 0.0062265494436226088 -0.01507835258485639 -0.068564707928524496 0.0025103194734007049 -0.039677957872935085 -0.011153919252862255 0.034378616238692442 -0.0024077778017537878 0.0034392177482989537 -0.0016232731539059081 -0.0066049547792195584 0.024592046985930087 0.0045959133456446996 -3.0604048468667035e-05 -0.0014471406226922181 -0.002761622396343648
leaf_weight=188.52896356582642 81.519041627645493 716.40422347187996 810.02527177333832 243.42512774467468 212.82491147518158 249.38066828250885 354.00982272624969 138.56603586673737 189.19115218520164 665.50530219078064 174.86091196537018 150.24937736988068 82.895027637481689 137.38040137290955 743.01274174451828 673.42149785161018 384.6677867770195 300.55185985565186 208.5027340054512 194.50221019983292 236.55906581878662 346.85552874207497 806.75471326708794 188.44551378488541 223.45451104640961 163.00664913654327 190.87411880493164 2691.2161292731762 211.55760228633881 61.39979487657547 313.9400632083416 554.99485456943512 330.60972911119461 118.52990075945854 219.17532980442047 1083.4178936779499 113.74716624617577 261.29327672719955 344.19521015882492 85.185879290103912 894.18472993373871 2200.177136182785 4064.2988429367542 184.38923320174217 580.60870495438576 5557.0024420619011 55.476560175418854 157.74790620803833 483.78180125355721 220.48844480514526 768.65216571092606 151.52020084857941 176.17633664608002 302.43432614207268 83.43406468629837 96.192311346530914 247.62449583411217 177.92979454994202 73.459669381380081 329.73215001821518 71.041025757789612 63.280360639095306 651.80968937277794 135.19886195659637 186.77491298317909 200.49232679605484 130.9421326816082 275.33328476548195 311.81050020456314 647.08423542976379 744.05395519733429
leaf_count=79 146 780 371 111 82 86 149 61 73 219 108 126 29 185 405 309 163 71 166 59 139 148 495 100 148 66 89 1241 103 81 104 157 204 51 153 1142 73 153 250 99 1173 1390 6076 207 833 8387 61 88 463 187 1040 113 132 246 108 122 319 272 81 557 117 108 962 179 271 325 212 365 91 161 189
internal_value=0.000382492 0.0010388 0.00159285 0.00267118 0.00688417 0.00457684 0.00801893 0.000686456 0.00153382 0.00123237 0.00449763 0.00805453 0.00419931 0.00978119 0.000544486 0.00117036 0.00334693 -0.000116699 0.00526846 0.00721553 0.00200325 0.00226691 0.00290497 0.00235211 0.00339095 0.00903984 0.00282566 0.00355513 -0.00125301 -0.000885544 -0.000303116 0.00126294 -0.00104278 -0.00117695 0 -0.00120818 0.00197882 0.00574705 0.000806869 -0.000256208 5.2467e-05 0.00047311 -0.00209724 -0.00326302 -0.000681299 -0.000243015 0.00100642 0.000382212 0.00173572 0.00302884 0.000123597 0.00504632 0.00655583 0.00869442 0.00241027 -0.00053399 0.00234057 0.000655153 0.00107313 -0.00180664 0.00175697 0.0082365 0.00115187 -0.000487589 0.00274924 0.0041504 0.00888361 0.00190831 -0.000908196 0.000633628 -0.00202264
internal_weight=35667.8 23552.1 16545.2 7506.44 1004.74 791.919 542.539 9038.78 6248.2 6059.01 1028.15 509.091 358.841 220.275 5030.86 4287.85 1618.84 2669.01 1234.17 867.924 6501.69 6258.27 5042.48 4642.91 3624.6 399.566 3401.15 2882.09 1018.31 12115.7 1215.79 868.935 519.055 2790.58 1796.16 1677.63 594.216 375.04 519.056 7006.86 6290.46 5396.28 4145.82 994.415 2780.79 7969.87 2412.87 366.251 2615.49 1417.84 1197.65 934.053 713.565 453.955 259.61 1112.47 343.817 2357.39 2179.46 391.132 1788.33 136.74 1651.59 787.009 864.584 677.809 201.983 475.826 2368.45 958.895 1409.56
internal_count=33609 15409 8404 3501 396 314 228 4903 2753 2680 759 401 275 214 1921 1516 785 731 622 368 3105 2994 2585 2380 1782 205 1634 1330 598 18200 409 261 304 2150 1572 1521 379 226 358 7005 6225 5052 6222 578 2223 11978 3591 254 2829 1249 1580 786 599 359 240 1481 441 3530 3258 638 2620 189 2431 1141 1290 1019 329 690 660 252 408
is_linear=0
shrinkage=0.0955619


Tree=88
num_leaves=72
num_cat=0
split_feature=6 2 9 4 2 3 0 3 4 2 0 7 8 0 8 2 3 8 7 9 8 7 8 2 0 2 4 8 7 9 3 7 2 8 7 4 0 4 9 7 9 9 3 6 0 8 7 3 3 2 4 0 2 3 9 8 8 4 2 4 2 8 8 4 2 2 7 7 8 9 3
split_gain=4.10464 2.59781 2.24941 3.85105 2.58672 3.47057 1.60189 1.4375 1.65531 3.52202 1.34933 1.43004 2.43558 1.57791 1.68478 1.85064 1.51285 1.38882 1.1446 0.983595 0.918575 2.65311 1.06282 1.29705 1.75423 1.01348 2.26431 0.896357 1.5255 2.23154 1.29921 0.86881 0.843735 0.977013 0.740573 1.83105 0.725088 1.6043 0.762443 0.700534 0.975723 0.955967 0.703489 0.714596 0.722885 0.828556 1.08856 0.668268 1.50578 0.523125 0.496548 0.470747 0.440263 0.437045 0.453853 0.40115 0.399614 0.383619 0.582121 0.674695 0.636475 0.438687 2.41674 0.578212 0.360112 0.843603 1.65745 0.469287 0.525947 0.619397 0.409963
threshold=-0.12940952255126037 -0.96227343267549392 -1.920027213700944 1005.1500000000002 -0.97502841500522164 2.8250000000000006 0.25881904510252057 2.8250000000000006 1005.1500000000002 -0.99862982478704421 0.37940952255126048 5.7600000000000007 8.360000000000003 0.25881904510252057 6.830000000000001 -0.055914918885874271 5.8450000000000006 4.825000000000002 5.200000000000002 -1.6162676747760008 7.9300000000000024 7.7999999999999998 8.8599999999999994 0.49751328890718055 -0.5 -0.63872576220844923 1006.0500000000001 6.165 6.8100000000000014 -1.6835020092900856 2.3750000000000004 10.780000000000001 -0.65187484896379921 7.71 5.5200000000000022 1006.0500000000001 1.0000000180025095e-35 1009.0500000000001 3.3082446915396706 9.8200000000000038 1.2131758420300012 2.0973537008014209 2.1150000000000007 0.37940952255126048 -0.9159756150367534 6.8899999999999997 4.5000000000000027 4.7950000000000008 4.5650000000000004 0.56312986467441573 1008.9500000000002 -0.78656609248549325 0.49001051533419943 1.2550000000000001 2.4267074611704982 5.2650000000000015 7.2500000000000027 1006.4500000000002 -0.04732138832243208 1011.2500000000001 -0.098820138732871751 8.1400000000000041 7.71 1009.5500000000001 0.46735921715800216 0.76110425866077458 8.6350000000000016 7.330000000000001 7.7900000000000018 -0.73164528196953771 1.4950000000000003
decision_type=2 2 2 2 2 2 2 2 2 2 2 2 2 2 2 2 2 2 2 2 2 2 2 2 2 2 2 2 2 2 2 2 2 2 2 2 2 2 2 2 2 2 2 2 2 2 2 2 2 2 2 2 2 2 2 2 2 2 2 2 2 2 2 2 2 2 2 2 2 2 2
left_child=1 2 3 -1 7 -6 -5 -4 -9 -10 11 12 13 17 15 -15 20 -3 -16 -14 21 27 23 -22 -25 26 -24 -13 29 -29 -31 39 56 -34 50 -36 47 38 -38 42 51 -42 43 -2 45 46 -45 48 -27 -39 55 -41 -47 54 -12 -19 -30 -55 59 60 61 62 63 -59 -60 67 70 68 -66 -70 -67
right_child=31 10 4 6 5 -7 -8 8 9 -11 53 16 19 14 18 -17 -18 34 -20 -21 22 -23 25 24 -26 36 -28 28 32 30 -32 -33 33 -35 35 -37 37 49 -40 40 41 -43 -44 44 -46 52 -48 -49 -50 -51 -52 -53 -54 57 -56 -57 -58 58 64 -61 -62 -63 -64 -65 65 66 -68 -69 69 -71 -72
leaf_value=-0.0010080007458650492 -0.0031006462538343826 0.0020753095180566232 -0.012521969304632582 0.015247103224131633 -0.00024820921718872474 -0.0026862507231285751 0.00092577802179567706 -0.049741858408166299 0.0011126324529948399 -0.0024381623408554613 -0.0071373371639734404 -0.0031839158394797438 0.0022705834120173769 0.00089053625575930451 -0.00030673074757403351 -0.001216607358325419 0.00019614982812807323 -0.0021430100836871539 0.0041344909784658494 -2.054951820044354e-06 -0.0045254053585418686 0.00067853754210700479 -0.0029497911665183401 0.016371382975787937 -0.004859360021641823 -0.00028168134310642694 -0.00055384576243421425 0.0098778109080508453 -0.00049120992813548637 0.00062053779467750728 -0.0013317774973928211 -0.04319833536026528 0.00081198488456387112 -0.014501448356527053 -0.0018775567722970942 -0.025232069410324982 0.0022766611021569501 -0.0011882426091897314 -0.00073343945986113844 0.023895600521908589 0.0457120904278022 0.0050611649755778788 -0.0027516624533048305 0.00091526315020173813 0.0015898676078034723 -0.0017206076983532325 0.031209895307154772 -0.0022117928024185263 0.0087293054039258335 0.0028903719252298334 -0.0013141530955452286 -0.021252747684978424 0.045661290491524918 -0.004063359817450954 -0.0020001228295098879 -0.0045804651456999483 -0.0065049092575597866 0.00028862229620417375 -0.0077772634687269466 -0.035853718739439627 0.00043817471495881567 -0.00052702927202763505 0.030364582648739612 -0.011257077174759458 -0.0021524169379989839 0.0016573806447373286 0.037919956762768943 -0.01394566675293204 0.0092869972804554037 0.030770010828374147 -0.059646366921744992
leaf_weight=219.16512063145638 1869.1225201487541 225.83335989713669 589.05768284201622 164.68863260746002 242.11473667621613 172.92279839515686 155.11460173130035 278.19665515422821 206.45793601870537 407.52042111754417 531.43932461738586 321.69435518980026 189.91437917947769 419.07593542337418 375.17670679092407 215.66373920440674 284.10165384411812 193.30324369668961 244.68971586227417 205.6971498131752 1466.7123697698116 205.23309284448624 366.06151759624481 98.404865175485611 259.42745041847229 2312.6056943535805 248.82358658313751 286.95177239179611 287.05508035421371 569.66834479570389 816.49678561091423 1146.9007152020931 1064.5544807314873 208.08837705850601 124.75478273630142 146.75859200954437 468.2811952829361 313.9279932975769 472.89498996734619 146.29648268222809 56.29988020658493 125.36127486824989 5268.0510335862637 58.256650596857071 2875.8407813608646 114.72188785672188 89.509327709674835 389.87392604351044 115.49130618572235 405.36679500341415 165.06780457496643 287.52594849467278 77.804387867450714 516.5752220749855 171.44210883975029 633.78083667159081 549.72133526206017 887.44840249419212 1047.4237439334393 176.19845858216286 114.78614458441734 932.92429760098457 172.59966284036636 241.57524651288986 179.308733522892 60.158396005630493 81.455489963293076 125.03096172213554 138.45246243476868 169.9405574798584 918.92870035767555
leaf_count=120 2849 120 425 71 95 104 131 147 87 228 601 198 92 147 148 115 153 80 82 74 576 94 194 119 216 1682 71 148 108 297 333 1459 610 103 68 92 176 127 114 208 81 183 7642 99 4892 162 124 164 55 470 116 375 126 437 159 299 195 865 999 85 49 631 160 216 225 78 120 110 186 228 1216
internal_value=0.000494701 0.00123163 0.00419577 0.00969391 0.00257267 0.00923282 0.0163384 0.000630575 0.00309772 0.00591081 0.000884899 0.00139329 0.00321182 0.0021527 0.00464611 0.00811738 0.000888542 0 0.000922138 0.0102615 0.000704152 0.00179904 8.14316e-06 -0.00195543 0.00305448 0.000730556 0.00436803 0.00123944 0.0016687 0.00382143 0.00213976 -0.000930076 0 0.00150699 -0.00118901 0.00306377 0.000208003 0.00180653 0.00442397 -0.000657388 0.00242941 0.00825598 -0.000850496 -2.97534e-05 0.000814785 0.00498014 0.0103326 -0.000701499 -7.06666e-05 -0.00149214 -0.00245193 0 0.000309614 -0.000252716 -0.00249855 -0.00344905 -0.00239361 5.95499e-06 0.000267198 0.00132407 0.00178123 0.00136931 0.00250557 0.000794591 -0.000679795 0.000138648 -0.00143235 0.00300462 0.00439783 0.00677775 -0.00260952
internal_weight=35667.8 23552.1 2435.24 538.968 1896.27 415.038 319.803 1481.23 892.175 613.978 21116.8 14651.2 3139.72 2744.1 1254.61 634.74 11511.4 1489.5 619.866 395.612 11227.3 4309.46 6917.87 1824.54 357.832 5093.33 614.885 4104.23 3782.54 1673.12 1386.17 12115.7 2109.42 1272.64 1263.67 271.513 4478.44 1660.47 941.176 10968.8 615.484 181.661 10353.3 5085.26 3216.13 340.292 147.766 2817.97 2428.1 719.295 992.152 433.822 192.526 6465.69 702.881 827.084 836.776 5762.81 5246.23 2525.53 2349.33 2234.55 1301.62 1129.02 2720.7 1673.28 1060.54 612.733 487.702 308.393 979.087
internal_count=33609 15409 1408 322 1086 199 202 887 462 315 14001 7636 1433 1267 492 262 6203 775 230 166 6050 2086 3964 911 335 3053 265 1992 1794 778 630 18200 1016 713 655 160 2788 887 290 16741 847 264 15894 8252 5403 511 223 1901 1737 597 495 583 288 6365 760 379 303 5605 5168 2006 1921 1872 1241 1081 3162 2163 1414 749 639 414 1294
is_linear=0
shrinkage=0.0955619


Tree=89
num_leaves=72
num_cat=0
split_feature=6 2 2 5 7 8 9 1 1 3 1 3 3 8 8 7 7 3 8 5 1 2 1 1 9 7 4 9 3 3 7 7 9 3 8 8 9 8 8 5 8 7 9 4 4 4 3 9 7 3 8 1 5 7 8 9 3 6 6 6 1 9 9 1 2 7 1 8 2 1 7
split_gain=3.71606 2.77938 2.74199 2.44222 2.30463 5.23952 2.02258 1.88471 1.78422 2.40505 2.41639 1.63402 2.41833 4.67028 7.8124 1.69282 3.60538 1.48622 1.53851 1.41715 1.38379 1.33127 1.26405 1.50086 1.11516 1.07599 2.62867 0.97087 0.970262 1.04774 0.955842 1.87512 1.37463 1.21596 1.29368 2.95755 1.03479 0.953271 0.91513 0.871353 0.837101 0.823856 0.750274 0.692057 2.70245 0.673091 0.768919 0.962057 1.11567 1.37672 0.648597 0.788857 0.692127 0.629373 0.609142 1.15263 0.556086 0.535565 0.525833 0.525332 0.51206 0.503588 0.579771 0.489581 0.636562 0.478275 0.465675 0.43454 0.42927 2.29725 0.424135
threshold=-0.12940952255126037 -0.96227343267549392 -0.97106408147883394 -0.5 7.5400000000000018 8.5900000000000034 -2.3581436817872024 -0.54883787585413535 0.4749466738948262 5.745000000000001 0.53436760985011655 2.3450000000000002 2.1450000000000005 6.9799999999999995 6.3200000000000029 7.4400000000000039 7.9000000000000012 2.8250000000000006 7.0200000000000022 -0.5 -0.99865756837029884 -0.8038981836306559 -0.94130860066615785 -0.92263100495486394 0.89586502293912507 7.3599999999999985 1007.0500000000001 0.20228314502110403 4.2250000000000005 4.3550000000000013 3.9800000000000026 4.3800000000000017 -1.4795175621563066 1.0250000000000001 6.830000000000001 6.5000000000000027 1.8898909513227766 9.3050000000000033 4.3950000000000005 0.78656609248549325 13.980000000000004 6.0450000000000008 -1.9508865700070002 1005.6500000000002 1006.1500000000002 1008.4500000000002 4.1250000000000009 -1.0000000180025095e-35 5.5200000000000022 3.1250000000000004 5.665 -0.6453421371357726 -0.78656609248549303 8.4850000000000012 8.0600000000000023 -1.2860132551925998 2.6450000000000005 0.37940952255126048 -0.98296291314453399 -0.9159756150367534 -0.10738035228456493 3.1222909967945722 3.8325567343025146 0.34964421742355262 0.85651926849515192 8.3200000000000038 0.030120025924939415 6.5949999999999998 -0.65187484896379921 -0.78297285307474518 7.9750000000000005
decision_type=2 2 2 2 2 2 2 2 2 2 2 2 2 2 2 2 2 2 2 2 2 2 2 2 2 2 2 2 2 2 2 2 2 2 2 2 2 2 2 2 2 2 2 2 2 2 2 2 2 2 2 2 2 2 2 2 2 2 2 2 2 2 2 2 2 2 2 2 2 2 2
left_child=1 2 3 4 6 -6 -1 11 28 10 25 12 15 14 -14 19 -17 -5 -19 -3 -21 -13 58 -24 -25 26 -10 59 53 -30 39 32 -32 -33 35 -35 -36 -27 -23 -12 42 -4 50 -31 -45 46 47 48 56 -50 51 52 -2 61 -47 -56 -40 70 -22 -20 -46 -9 -63 -52 67 -18 -55 -65 -49 -70 -44
right_child=40 7 41 17 5 -7 -8 8 9 -11 30 21 13 -15 -16 16 65 18 27 20 22 38 23 24 -26 37 -28 -29 29 43 31 33 -34 34 36 -37 -38 -39 45 -41 -42 -43 57 44 60 54 -48 68 49 -51 63 -53 -54 66 55 -57 -58 -59 -60 -61 -62 62 -64 64 -66 -67 -68 -69 69 -71 -72
leaf_value=0.00046474568326144918 0.01272714376008427 -0.012423433797534944 -0.00013790822341379447 -0.0041864388381873448 -6.3846504459303633e-05 -0.003828980725013796 -0.020300520242387189 -0.020923200703289947 -0.0033554448276739467 0.00015982930335069822 -0.026686782807472793 0.001575256347800754 -0.00033173981643622294 -0.016807089401281526 0.0037411490367904162 0.0014914947547644821 -0.031429590997534541 0.0020930579579073634 -7.0635952371288119e-05 0.00033099474585994421 -0.00017538912327859246 -0.0039041023060068952 0.022386013156126594 0.00091760831082610963 -0.00056706893133444576 5.1936306759904125e-05 0.0013553115687114608 -0.013759192906464403 0.0083363953788234465 -0.0021099761894111013 0.015912280350089271 -0.0097543071894343938 0.0094311548944009168 -0.00087103302518528811 0.0005213777732448108 -0.03744587045974658 -0.00029476382923124202 0.0045321248601805581 0.0020436129026287012 0.0080409133977484108 -0.065215143558055633 -0.00013456958734744132 -0.0046218695758185758 0.0037000820062340111 -0.035782604827130839 -0.010468014450102819 -0.012606022096258286 -0.011856897996103954 -0.0090811337319962517 0.0036385233567363057 -0.035596699959676834 -0.0099940180702272844 0.0037599174525778335 -0.014650519142443835 -0.023751921880389697 0.023639607955176545 -0.00040510048585220469 0.0011032491452707962 -0.0032721772693098906 -0.0015716944294247061 0.001975705326468877 0.002212681108286266 -4.9258087669270249e-05 0.015550770051943219 0.023483280439849638 0.007372809610942551 0.0079000120139807953 -0.012564599719638577 -0.013803849941619487 0.0055504270466793411 0.00049889232375058756
leaf_weight=130.06004172563553 59.942910552024841 542.09657728672028 153.3287795484066 580.30380776524544 176.34515106678009 185.07903599739075 197.52636504173279 2094.9371873438358 231.34767538309097 187.76245006918907 726.53281584382057 238.73672217130661 152.52691000699997 195.16894194483757 111.4049371778965 253.17866396903992 136.75127381086349 269.05431553721428 189.67645996809006 155.94537365436554 107.02611005306244 116.25740873813629 101.19693467020988 516.10283163189888 296.78391766548157 112.54599344730377 190.80570128560066 254.32698675990105 133.07410150766373 367.62737184762955 98.409822583198547 521.45015019178391 124.62415102124214 327.3859945833683 3487.9755019247532 188.98201352357864 3668.9201524555683 109.36201670765877 87.533575028181076 283.47553589940071 859.48494598269463 165.85436421632767 2033.7502561211586 103.50521877408028 326.10978558659554 721.96541726589203 521.63508984446526 326.48085990548134 163.15269628167152 217.18160891532898 1876.742822855711 268.46490573883057 142.88029065728188 312.19898098707199 162.73421397805214 118.6344256401062 271.85027012228966 5325.9737695157528 466.5229244530201 133.68327754735947 305.9365730881691 85.742243617773056 138.78998711705208 96.168828815221786 61.851156145334244 140.8108181655407 418.35269865393639 535.85378661751747 350.43783828616142 98.870663076639175 854.57721757888794
leaf_count=64 93 425 103 411 68 93 111 1834 74 75 390 119 114 173 73 136 77 150 89 81 53 65 89 444 239 40 115 126 120 227 40 270 140 143 1724 65 1279 116 55 367 1079 73 2931 52 321 724 319 137 117 132 2781 455 262 459 227 130 227 8503 453 120 285 96 154 143 84 87 555 850 296 68 1019
internal_value=0.000526284 0.00122744 0.00429253 0.00298034 0.0076544 0.0129267 0.00149822 0.000869053 0.000254842 0.000944313 0.000733073 0.00221382 0.00377839 0.0102469 0.0184857 0.002642 0.00751157 0.000648327 0.00325089 0.00140927 0.00283415 0.000721276 0.00185065 0.00408174 0.00255147 0.00639232 0.00321514 0.000291504 -0.0013732 0.000828767 0.000334882 0.000677092 0.00929203 0.000428342 0.00074258 0.00536445 0.000394217 0.0119128 0.000167757 -0.00241917 -0.00082896 0.012607 -0.000599069 -6.17211e-05 0.00154243 -0.000123375 0.000841516 0.00196345 0.00443166 0.00803602 -0.00188251 0.00124091 0.0058207 -0.00229635 -0.00217271 0.00135331 0.000328301 -0.000111947 -0.00154489 0.00390001 -0.000682394 -0.00306712 0.00090496 -0.00249222 -0.000176173 0 2.52373e-05 -0.0012248 -0.000276559 0.00150095 -0.00116821
internal_weight=35667.8 23552.1 2435.24 2116.06 689.011 361.424 327.586 21116.8 14545.9 10259.6 10071.8 6570.99 3175.52 459.101 263.932 2716.42 530.741 1427.04 846.741 2185.67 1643.58 3395.47 1487.63 914.084 812.887 644.061 422.153 577.687 4286.27 1236.25 9427.76 8417.75 223.034 8194.71 7673.26 516.368 7156.9 221.908 3156.73 1010.01 12115.7 319.183 11256.2 1103.18 735.552 3040.48 2037.14 1515.51 739.718 380.334 3041.9 471.288 202.823 3050.02 1003.33 281.369 359.384 8214.3 573.549 323.36 632.046 2319.47 224.532 2570.62 693.874 277.562 730.552 632.023 775.789 449.309 2888.33
internal_count=33609 15409 1408 1232 336 161 175 14001 8941 4838 4763 5060 2444 360 187 2084 300 896 485 1784 1359 2616 1278 772 683 345 189 335 4103 1005 4418 3661 180 3481 3211 208 3003 156 2497 757 18200 176 17121 885 658 2432 1351 1032 531 249 4668 810 355 3098 1081 357 282 12453 506 209 606 2084 250 3858 1077 164 1014 993 501 364 3950
is_linear=0
shrinkage=0.0955619


Tree=90
num_leaves=72
num_cat=0
split_feature=6 2 2 0 7 8 1 2 1 3 8 7 3 8 1 8 8 7 2 3 0 2 1 8 0 2 4 4 2 8 8 0 4 3 8 3 2 7 1 8 8 6 7 0 7 1 3 2 1 3 7 2 4 3 0 7 2 4 8 4 7 7 2 0 2 4 2 1 1 2 4
split_gain=3.68656 2.63166 2.74284 2.44372 2.30463 5.23952 1.92081 1.64837 2.51512 2.49823 1.30134 1.69409 1.25129 1.31158 1.24184 1.24093 3.85953 1.1807 3.0761 3.06693 1.48763 1.73007 1.63195 1.50998 2.03763 1.89064 1.19208 1.91167 0.949431 0.936169 1.42183 1.15416 0.929504 2.14182 0.898041 1.19327 0.893561 0.823856 0.807271 0.798092 0.788517 1.06484 1.30697 0.715964 0.604222 0.58488 1.19559 0.845746 0.566374 0.534774 0.58883 0.527354 1.04954 0.78149 0.701851 0.628793 0.822586 0.811002 1.06841 0.589381 0.526446 0.51384 0.457661 0.440096 0.48382 0.437564 0.59503 0.554584 0.427056 0.397193 0.74779
threshold=-0.12940952255126037 -0.96227343267549392 -0.97106408147883394 -0.37940952255126015 7.5400000000000018 8.5900000000000034 -0.54883787585413535 -0.15855351192338588 0.9821165111257959 5.8450000000000006 3.8850000000000002 4.4400000000000039 2.8250000000000006 7.0200000000000022 -0.44437406304545285 6.830000000000001 6.7200000000000015 5.1100000000000021 -0.0387208465846701 2.5650000000000004 1.0000000180025095e-35 -0.8038981836306559 -0.63874350706337046 6.6200000000000037 -0.37940952255126015 -0.63872576220844923 1007.7500000000001 1008.35 0.74407637760383738 10.620000000000001 10.715000000000002 -0.5 1005.35 4.2750000000000012 8.2200000000000024 2.3950000000000005 0.50494235051780223 6.0450000000000008 -0.030120025924939096 13.980000000000004 7.1400000000000032 -0.78656609248549325 5.3600000000000021 0.25881904510252057 1.380000000000001 0.098819223632317002 2.4450000000000007 0.98927755889796032 0.081675638985454754 5.0750000000000011 5.3100000000000014 -0.82389248692129191 1006.5500000000001 3.4050000000000007 -0.12940952255126037 8.4450000000000003 -0.081676395330422633 1005.5500000000001 11.920000000000002 1006.6500000000002 11.640000000000004 10.285 0.50494235051780223 0.25881904510252057 0.030119189164198128 1011.4500000000002 0.56312986467441573 -0.96230016621822456 0.31718835131409573 -0.98208922706762081 1007.4500000000002
decision_type=2 2 2 2 2 2 2 2 2 2 2 2 2 2 2 2 2 2 2 2 2 2 2 2 2 2 2 2 2 2 2 2 2 2 2 2 2 2 2 2 2 2 2 2 2 2 2 2 2 2 2 2 2 2 2 2 2 2 2 2 2 2 2 2 2 2 2 2 2 2 2
left_child=1 2 3 4 38 -6 10 8 9 14 -3 28 -5 -14 -8 16 32 18 19 -13 21 -19 23 25 -25 -23 -22 -28 44 31 -31 34 -16 -34 35 -9 -29 -4 -1 45 -17 42 -42 -38 -12 46 65 51 -32 50 -50 52 53 -47 -54 62 57 -57 -59 -60 -43 -58 -53 64 -52 -2 67 -67 -64 70 -15
right_child=39 6 37 12 5 -7 7 29 -10 -11 11 17 13 69 15 40 -18 20 -20 -21 26 22 -24 24 -26 -27 27 36 -30 30 48 -33 33 -35 -36 -37 43 -39 -40 -41 41 60 -44 -45 -46 47 -48 -49 49 -51 63 55 54 -55 -56 56 61 58 59 -61 -62 -63 68 -65 -66 66 -68 -69 -70 -71 -72
leaf_value=-0.00036589513107407665 -0.0031476915746485403 0.0026056237933714962 -0.00012472945800292285 -0.00378637498420412 -5.7745214168206827e-05 -0.0034630762307926912 -0.051692619344529629 -0.0010936607176123083 0.011516444519089276 -0.00039336753066643174 0.0022229502703064235 -1.192757743015886e-05 0.0018930414604460628 -0.0036749067319185149 -0.0029351080902187761 -0.018060227945798646 0.0026862112115947035 0.0086612842868336298 -0.00074394492166771271 0.00016483610130077074 -0.0059561877323756991 -0.00015287830509488451 -0.018203844987635682 0.00058236297486650101 0.0056251780524379643 -0.012255659806016759 0.00067748892934259839 -0.0035688353432701604 0.019143872457701175 0.027779747742178968 -0.063962287296600487 -0.0035707162206998566 0.00050509382959564844 0.010267864521863693 -0.0013785473358646943 0.0040080048784598855 0.0019095578026126045 -0.00012170986818679989 -0.01507593326031423 -0.058983063578311332 -0.0036156965879244963 -0.00025929642291675289 0.00086270444844896779 0.0022786113496411483 -0.0013631188043168574 -0.0045947729893729547 -0.034591770845421185 0.053705800093750075 0.020665113562585442 -0.040000859622371467 -0.016615024370138499 -0.0071586864041705417 0.00067913363232443766 0.00013411456921233269 0.017678006909444679 -0.001818049973355926 0.0084380822014276484 0.00045121724871056843 0.025345523752283862 0.017168350859113356 -0.0032744843797959181 -0.047850752312345798 -0.027314055748786027 -0.00095211824426801256 0.0019033991437472238 -0.027488344313307864 0.0010258347307811405 0.027254879347702415 0.0066687694248483594 0.0033923382833802931 0.00039407349114187028
leaf_weight=169.6434737443924 3508.0375129580498 98.163425385951996 153.3287795484066 580.30380776524544 176.34515106678009 185.07903599739075 386.58895337581635 133.92207345366478 192.01570862531662 232.94047862291336 82.665540903806686 202.11053588986397 269.05431553721428 260.82426387071609 260.10795399546623 530.41215959191322 165.920156031847 116.63054299354553 245.01268011331558 190.98757767677307 654.4187009036541 107.33091074228287 223.91566029191017 1039.4712889492512 575.30868065357208 529.26980915665627 156.1675820350647 487.98316684365273 110.51678732037544 100.05625522136688 435.31736433506012 3067.4623457193375 826.1559824347496 162.30173653364182 400.89066356420517 123.03258347511292 112.55139523744583 165.85436421632767 157.94293302297592 859.48494598269463 461.36575704813004 1578.2259594500065 2271.7774413228035 204.90540242195129 1433.577316224575 394.69770076870918 2005.8224502801895 54.177858382463455 234.93030291795731 211.01521980762482 241.95985716581345 1556.6920268237591 343.49032738804817 66.574423611164093 213.66507479548454 205.49465918540955 587.62906116247177 163.01387950778008 64.928204506635666 90.369994521141052 327.75929397344589 405.40142247080803 147.53256931900978 1082.2937582433224 1119.4021185338497 45.898158311843872 586.7234713435173 161.5299696624279 654.52717959880829 158.83090817928314 158.03155222535133
leaf_count=98 5972 65 103 411 68 93 300 98 66 131 109 97 150 133 135 172 63 44 214 118 323 38 148 727 268 409 82 312 129 96 592 2206 401 62 311 88 77 73 77 1079 194 901 648 213 1687 605 2886 78 295 175 58 2271 463 76 364 241 841 166 78 120 106 576 201 893 950 78 806 285 1014 109 93
internal_value=0.000608998 0.0013072 0.00429132 0.00297895 0.0076544 0.0129267 0.000958152 0.000337877 0.00134224 0.00103802 0.0023163 0.00213035 0.000646274 0.00303758 0.000696307 0.00101762 0.00352955 0.00302848 0.00693238 0.0121663 0.00241034 0.00382898 0.0032354 0.00403149 0.00558353 0 7.4661e-05 0.00226947 -0.000488199 -0.000687953 0.000430524 -0.00174097 0.00161089 0.0029979 0.00180367 0.00623079 0.000260031 0.012607 0.00149822 -0.000740529 0.000310776 0.000726795 0.00194665 0.00428864 -0.00117031 -0.000516032 -0.00112867 0.000246232 6.01606e-05 0.000572524 0.000966848 9.23685e-05 0.0020399 -0.00116802 0.00485623 -0.00039627 0.00108621 0.00415909 0.00717285 0.0128508 -0.000973638 -0.00044719 -0.00138941 0.000482628 0.00164957 -0.000206385 0.00178349 0.00615894 0.000365248 0.000291504 -0.00107815
internal_weight=35667.8 23552.1 2435.24 2116.06 689.011 361.424 21116.8 14545.9 7395.57 7203.56 6570.99 6472.82 1427.04 846.741 6970.62 6584.03 1414.49 4846.06 638.111 393.098 4207.95 2591.93 2475.3 2251.38 1614.78 636.601 1616.03 961.608 1626.76 7150.28 3424.97 3725.31 1248.57 988.458 657.845 256.955 805.44 319.183 327.586 12115.7 5169.54 4639.13 2733.14 317.457 1516.24 11256.2 6308.01 4948.19 3324.92 2889.6 2678.59 4894.02 1018.43 461.272 557.155 3875.59 1516.84 523.807 318.312 155.298 1905.99 993.03 2358.75 2443.66 1361.36 4302.19 794.152 207.428 802.06 577.687 418.856
internal_count=33609 15409 1408 1232 336 161 14001 8941 3179 3113 5060 4995 896 485 2982 2682 661 3070 429 215 2641 1634 1590 1442 995 447 1007 684 1925 5762 3059 2703 598 463 497 186 602 176 175 18200 2021 1849 842 290 1796 17121 10027 7094 2963 2371 2196 7016 1508 681 827 5508 2022 605 364 198 1007 1417 3486 1901 1008 7141 1169 363 1215 335 226
is_linear=0
shrinkage=0.0955619


Tree=91
num_leaves=72
num_cat=0
split_feature=2 2 4 5 1 2 8 7 3 7 8 2 9 7 9 0 2 9 4 9 1 1 4 7 2 1 1 4 8 8 7 5 7 2 4 9 1 8 8 9 3 4 2 4 1 1 4 7 3 8 9 2 2 9 4 0 1 3 8 8 8 8 8 9 9 4 9 5 5 4 1
split_gain=4.44941 1.52732 2.57068 1.48696 1.05951 3.63495 2.76435 2.27534 1.31332 1.3066 1.63585 1.98564 1.20895 1.71454 1.72513 1.98091 1.56795 2.66853 2.07606 1.52985 1.20187 2.56807 1.19791 2.08699 1.57365 1.17956 2.87328 0.951595 0.899058 0.892124 0.815797 0.771742 0.769179 0.679412 1.08816 1.0289 1.00116 1.59988 2.15741 2.00195 1.07743 0.795334 1.47722 0.586393 0.551192 1.74194 2.8216 1.77791 2.98469 0.545061 0.529844 0.506387 0.4616 1.35621 0.414483 0.53218 0.583858 0.4455 0.405533 0.447141 0.623854 0.396178 0.621781 0.386665 0.588011 1.03225 1.90493 0.900278 0.706752 0.558976 0.54697
threshold=0.21771516573566849 -0.99981480381338828 1005.0500000000001 -1.0000000180025095e-35 -0.99628894895067444 -0.073092422389869308 6.6900000000000004 7.1300000000000017 1.8350000000000002 4.835 8.5900000000000034 0.20088311396693925 2.0595665196220385 8.9500000000000028 1.2969504621060326 -0.37940952255126015 -0.69637622559687229 0.36895902539387043 1005.7500000000001 5.0937704837932047 -0.86958133671945925 -0.85206963063867713 1007.5500000000001 5.1100000000000021 0.098816478347602127 0.99373737808068319 0.9821165111257959 1007.0500000000001 8.3300000000000018 12.930000000000003 5.3850000000000007 -0.60355339059327362 9.4000000000000021 -0.47495107206705001 1007.85 5.6316218650048784 0.1670500785599974 7.7500000000000027 6.2300000000000031 -0.62182293113286125 3.6050000000000004 1006.1500000000002 -0.17552498857989965 1003.2500000000001 -0.63874350706337046 -0.67760851415498069 1009.5500000000001 6.955000000000001 1.9450000000000001 5.5950000000000033 -0.75856680626645623 -0.055914918885874271 -0.9668120007078248 -3.1482441192171247 1006.7500000000001 -0.5 0.91585580712236381 3.7850000000000006 10.235000000000001 5.7549999999999999 5.1900000000000004 9.5600000000000023 9.2150000000000034 1.0000000180025095e-35 1.2692251921440951 1008.85 0.8432384584849083 -0.70710678118654735 -0.78656609248549303 1014.2500000000001 1.0000000180025095e-35
decision_type=2 2 2 2 2 2 2 2 2 2 2 2 2 2 2 2 2 2 2 2 2 2 2 2 2 2 2 2 2 2 2 2 2 2 2 2 2 2 2 2 2 2 2 2 2 2 2 2 2 2 2 2 2 2 2 2 2 2 2 2 2 2 2 2 2 2 2 2 2 2 2
left_child=1 2 -1 44 5 -3 51 8 -8 31 11 20 13 30 16 -16 17 18 -15 54 22 -22 23 -11 27 26 28 -25 -23 -21 -12 -6 -18 34 52 41 40 38 -38 -40 -36 42 -35 -32 45 46 -2 49 -49 -48 61 -7 53 -33 55 -14 -57 -58 59 60 -43 62 -5 69 65 66 68 -67 -65 -46 -71
right_child=3 4 -4 50 9 6 7 -9 -10 10 12 -13 19 14 15 -17 32 -19 -20 29 21 25 -24 24 -26 -27 -28 -29 -30 -31 43 33 -34 35 36 -37 37 -39 39 -41 -42 58 -44 -45 63 -47 47 48 -50 -51 -52 -53 -54 -55 -56 56 57 -59 -60 -61 -62 -63 -64 64 -66 67 -68 -69 -70 70 -72
leaf_value=-0.0047296357029751367 -0.023970995247574893 0.0037574548135224759 0.0030660241773339688 -0.0073641935218365078 -0.0055291064641040787 5.6828781053346652e-05 0.014797670022017694 -0.0034957511005967203 0.003326945225433402 0.00075440282315409647 0.014727408665547271 0.00023795421068873192 -0.0094325522453666665 4.4564583985263727e-05 0.00011087440084701828 0.0055439213894170813 0.0033470602755599705 -0.022295596126691169 0.011673935997270998 -0.0027600915275552457 0.011742610609271469 0.00069489714934521478 -0.030625321944762675 -0.012334986055405247 0.0043759943985379095 -0.0041221603348582016 0.012217777263562013 -0.01014980323871433 0.0030840214493149309 0.0024757005015170275 0.0055884702074761906 0.0042720522278988033 -0.00048206184578670184 -0.052512176609727734 -0.00026476613551833369 0.071386126691227514 0.00086240710189030222 -0.002728506240716536 0.00056359827440196166 0.0095195400735087303 0.0015676441955762427 -0.052660153299241882 0.041709236808447181 -0.0014466206136916839 -0.0082925493935323384 0.014220842497830493 0.0090307488526569449 0.015265950893312072 0.004310938990426145 -0.00036114425079313597 -0.0019171816903559417 -0.05557510154925923 -0.001137301976260121 -0.0041487976597698248 -0.00094236496381071733 -0.0016688830015336952 -0.00025592245971539255 -0.00045246889092538564 0.0067866987345633545 -0.011854198362025755 0.014477463937950599 -0.061605856469835768 0.038611428765392621 -0.00011766278941705829 -0.00057169296835727886 0.016458888602523595 0.0014005847152259662 -0.0046064281189634624 -0.00082662984988463506 -0.058713464618922927 0.033001857218927289
leaf_weight=85.007903635501862 684.39212808012962 109.57293125987053 160.8328543305397 1049.4560370147228 703.89657986164093 65.338533103466034 152.25458025932312 155.82779908180237 108.59573164582253 95.671478599309921 175.87318763136864 116.41899737715721 500.60410439968109 154.67422994971275 251.18816268444061 228.64143893122673 182.08775302767754 140.00884395837784 101.08796116709709 222.00413182377815 175.85455605387688 6753.6356605291367 491.16995084285736 665.91323137283325 134.6118560731411 325.66060504317284 285.17067387700081 100.20002180337906 540.73484593629837 238.00391003489494 95.207116514444351 71.460927218198776 684.40076807141304 83.798423796892166 683.82707872986794 70.211199015378952 153.62032389640808 253.25940078496933 106.26290714740753 154.28931254148483 129.40425246953964 135.36767384409904 63.286492556333542 1819.4887940883636 1910.654974758625 125.87968575954437 93.508529961109161 94.080615878105164 127.65948769450188 364.04762181639671 3717.2119646668434 377.75094872713089 1221.7261006832123 278.69090920686722 980.27237364649773 406.53551030158997 355.68953651189804 274.43709915876389 148.26332151889801 950.26197478175163 95.57977968454361 1744.6625845134258 117.8742496073246 131.37298282980919 1463.3501685261726 243.84958776831627 114.6913113296032 280.97217008471489 111.11114481091499 95.321172416210175 184.03944623470306
leaf_count=55 724 96 137 1362 863 58 146 89 107 90 147 81 303 128 155 143 111 98 74 123 125 4612 581 682 93 218 124 92 389 63 51 63 515 116 809 57 158 207 92 98 130 201 82 1588 2372 132 121 99 129 467 4642 464 1359 363 544 185 147 62 101 1012 126 2022 151 121 1518 366 103 300 70 133 264
internal_value=0.00062217 0.00141505 0.00893501 -0.000812402 0.00132873 0.00445168 0.00221146 0.00783768 0.0132781 0.00118505 0.00160486 0.00240501 0.000452716 0.00158386 0.00379883 0.00871505 0.00184198 0.00681698 0.0126578 -0.000971958 0.00224023 0.00270051 -0.000197643 0.00163942 9.15617e-05 0.00242941 0.00267823 -0.00148637 0.00229198 0.00401585 -0.000219555 -0.000103236 -0.000336095 0.00032996 0.00117253 -0.00127158 0.00303896 0.00579422 0.00943569 0.014693 0.000651678 -0.00186868 0.00451698 -0.000837446 0.000260668 0.00186144 0.000784267 0.00519322 0.0122292 0.0015304 -0.0018015 -0.00288399 -0.000528194 0.00242152 -0.00192368 -0.000859745 0.000295016 0.00219248 -0.00265285 -0.00327227 0.000121332 -0.00278521 -0.00129193 -0.0002452 0.000580725 0.00254536 0.00649101 0 0.00121839 -0.00117207 0.00267257
internal_weight=35667.8 23013.6 245.841 12654.1 22767.8 969.341 859.768 416.678 260.85 21798.5 16495.2 9685.04 6810.2 3832.66 1742.09 479.83 1262.26 395.771 255.762 2977.55 9568.62 8081.06 1487.57 996.397 900.725 7905.2 7579.54 766.113 7294.37 460.008 2090.57 5303.21 866.489 4599.31 3052.54 1546.77 1480.66 667.432 414.173 260.552 813.231 1476.56 147.085 1914.7 6024.93 1489.57 1363.69 679.296 221.74 457.556 6629.2 443.089 1571.88 350.152 2517.54 1537.27 1036.66 630.127 1329.47 1181.21 230.947 2911.99 1167.33 4535.36 2345.35 881.997 357.175 524.822 242.484 2190.02 279.361
internal_count=33609 18513 192 15096 18321 960 864 342 253 17361 11524 7087 4437 3010 1224 298 926 300 202 1427 7006 5468 1538 957 867 5343 5125 774 5001 186 1786 5837 626 4974 3279 1695 1494 555 348 190 939 1638 198 1639 6919 1672 1540 816 228 588 8177 522 1785 426 1241 697 394 209 1440 1339 327 3535 1513 5247 2478 960 294 666 191 2769 397
is_linear=0
shrinkage=0.0955619


Tree=92
num_leaves=72
num_cat=0
split_feature=2 2 4 2 1 7 4 1 7 3 2 7 3 3 7 6 9 0 8 3 2 2 8 9 4 6 3 3 6 7 7 6 9 2 2 9 3 3 7 2 1 0 1 4 7 6 2 7 2 9 2 2 2 6 4 7 8 9 8 1 1 7 7 1 9 3 4 7 6 9 6
split_gain=3.10244 1.63617 2.57068 1.58027 1.834 1.67298 1.58934 1.8072 1.48499 2.06623 1.34198 1.23516 1.12591 4.69582 0.95668 1.42138 2.16341 0.943467 0.901833 0.832781 1.42175 3.21587 0.773544 1.85339 0.727707 1.1157 0.672479 1.09997 1.38384 0.66183 1.17298 0.790253 0.6229 0.553404 1.19903 4.51484 0.991912 2.84078 1.25334 0.75972 0.641013 0.602896 0.940696 0.635037 0.530858 0.512802 0.486027 0.454304 0.490918 0.685718 0.507921 0.453259 0.988794 0.450602 0.556595 0.42042 0.410486 0.595975 0.870308 0.580272 0.570331 0.524287 0.39854 1.06213 0.388414 0.885873 0.442822 0.319836 0.306349 0.305521 0.274674
threshold=-0.25950218452349683 -0.99981480381338828 1005.0500000000001 -0.30081980763566762 0.92913280730858816 13.115000000000004 1009.1500000000002 0.92263100495486405 4.9249999999999998 3.8050000000000002 -0.57729161655172734 2.9050000000000016 2.5950000000000002 2.9750000000000005 5.0000000000000027 1.0000000180025095e-35 -0.97949856067736352 0.60355339059327384 5.964999999999999 2.0350000000000006 -0.66483077113278999 -0.51974381215551546 5.5400000000000018 -0.83945320721057637 1007.85 -0.98296291314453399 4.7950000000000008 4.5650000000000004 -0.78656609248549325 10.705000000000002 9.8200000000000038 -0.9159756150367534 1.6908850021393571 0.23448270380211197 0.20088311396693925 0.58819321032125071 3.2650000000000001 2.8850000000000002 6.6949999999999994 -0.16705162550211936 0.87795195455888941 -0.5 0.80392051724781077 1008.85 13.115000000000004 0.37940952255126048 0.86527520261780289 10.205000000000002 0.3090169943749474 -1.8823668277034871 0.85651926849515192 -0.49749486057528974 -0.54160775828284857 -0.12940952255126037 1004.6500000000002 2.5800000000000005 10.080000000000002 -1.6162676747760008 10.91 -0.5416228050394748 0.85206963063867758 6.7800000000000038 2.7150000000000003 -0.72660079619119988 0.41613346753728214 3.5450000000000004 1011.6500000000002 8.240000000000002 -0.70710678118654757 -1.5134188966572955 -0.5
decision_type=2 2 2 2 2 2 2 2 2 2 2 2 2 2 2 2 2 2 2 2 2 2 2 2 2 2 2 2 2 2 2 2 2 2 2 2 2 2 2 2 2 2 2 2 2 2 2 2 2 2 2 2 2 2 2 2 2 2 2 2 2 2 2 2 2 2 2 2 2 2 2
left_child=1 2 -1 4 5 6 7 10 -5 32 14 -8 19 -14 24 16 -16 26 -17 20 45 -22 23 -12 55 -26 27 29 -29 30 33 -32 -10 34 36 -36 37 39 -39 -2 41 42 43 -35 -31 -13 56 48 -33 -50 -51 52 -24 54 -46 -3 59 -58 70 62 61 -60 63 -19 66 -66 -43 -42 -48 -38 -59
right_child=17 3 -4 8 -6 -7 11 -9 9 -11 22 12 13 -15 15 18 -18 46 -20 -21 21 -23 51 -25 25 -27 -28 28 -30 44 31 47 -34 40 35 -37 69 38 -40 -41 67 64 -44 -45 53 -47 68 -49 49 50 -52 -53 -54 -55 -56 -57 57 58 60 -61 -62 -63 -64 -65 65 -67 -68 -69 -70 -71 -72
leaf_value=-0.004277662949902266 -0.017181054255582084 0.003863806999730328 0.0027730292247739345 -0.0096188215479949598 -0.0059288495165874438 -0.0033998194961222493 -3.6548016179513515e-05 0.0028782033189872261 0.010032560650160347 -0.00049295822757519159 -0.014923397419491131 -0.0035538587919323374 0.0040385854210845829 0.0028246345853673973 0.002550474588876259 0.016678503092582859 0.00024827657458686715 -0.0003141383505137479 -0.0031024171652014082 -7.3615910773688231e-05 0.0076449702092137358 -0.012345789680588963 -0.023006328184882598 0.0051480416849909371 0.00068461448330641155 0.00017897007483368856 -0.0033504087903500502 0.0085460631246475367 -0.0036452354842959169 -0.0058981325129376962 0.0017062726437121079 -0.019718946415044823 0.0080306361452521218 -0.001204769174416045 -0.0056472265759246699 0.0076093968896648548 -0.010802977695912357 0.0028815216580416829 0.00066760810786479802 0.0011184298410953999 -0.0099640920746254923 -0.0033236604692715964 0.036711629737804237 0.006483073272847222 -0.0048886762929755438 0.014829142270128153 0.0073116414909030524 -0.0037500256201820834 -0.0050131439000851308 0.041057813541860819 0.03320433973003907 -0.0069125054274823414 0.0031101133850242849 -0.085106949504663784 0.00069315103011551873 -0.0010259261193801528 -0.052988017818893555 0.012700652696337928 0.021399772112741251 -0.02746920365161588 -0.0015697253405399538 -0.0051015506963445157 -0.0066271501769205763 0.01749765796224674 -0.00048964273083368706 0.017911225224469404 -3.948870441588522e-05 -0.0019905192496127051 -0.072722061620296527 -0.0020167104644487782 0.0094097673248174519
leaf_weight=85.007903635501862 443.49086245894432 308.48077294230461 160.8328543305397 114.36604881286621 609.65866762399673 327.79040288925171 300.27406603097916 158.05538839101791 187.9775612950325 181.65539646148682 113.56694892048836 133.7070831656456 162.87922945618629 220.86584544181824 1753.3954998552799 91.476975828409195 4468.0329312384129 327.45964422821999 1753.8527978956699 249.26475873589516 144.61435902118683 121.79183146357536 431.24886399507523 57.169939160346985 137.75591552257538 772.19904604554176 594.37476128339767 100.62348964810371 113.63893175125122 1616.3976746499538 201.24483269453049 89.331975638866425 132.13468161225319 464.60429841279984 139.61435234546661 117.92856648564339 117.87702146172523 161.32469350099564 161.95672744512558 2074.3787570595741 652.36484658718109 1032.9524916708469 89.285228788852692 1598.4956394731998 117.99318140745163 76.140958726406097 163.9248443543911 319.13578987121582 73.808900207281113 62.430935770273209 67.50519061088562 1375.5684411227703 530.32926166057587 170.75877270102501 505.37437972426414 1762.3925811648369 284.67255261540413 75.277128159999847 114.28725439310074 843.17917796969414 373.3618195950985 129.10873290896416 901.99019446969032 53.571951061487198 1221.1850496530533 94.020207196474075 845.28859531879425 224.96415093541145 1362.5036266744137 571.43095716834068 72.165402144193649
leaf_count=55 402 398 137 120 288 89 289 65 136 86 146 102 115 185 913 138 1913 499 2835 253 127 154 357 65 40 930 562 69 105 1615 137 67 66 616 129 89 79 125 87 1669 455 1024 111 2442 41 129 245 398 95 73 101 1273 356 235 450 1848 382 51 167 920 367 162 1387 65 1347 99 999 162 1470 383 120
internal_value=0.000244917 0.00118471 0.00893501 0.00106348 0.000873886 0.00108182 0.000927657 0.000605133 0.0058298 0.00812028 0.000478394 0.00399236 0.00547773 0.00976701 0.000936666 0.00148011 0.00217491 -0.000598539 -0.000811463 0.0030538 0.00542342 0.0100313 -0.00150194 0.00449966 -0.000502609 0.00169884 -0.000198625 -5.22293e-05 0.00668838 -0.000169711 0.000141354 0.00362941 0.0127095 -0.000133577 0.000765095 0.00704204 0.000275877 0.00108933 0.00948506 0 -0.000695729 -0.000282832 0.000928986 0.000459469 -0.00160404 -3.62829e-05 -0.00177244 0.00171286 0.00445304 0.00707226 0.0111861 -0.00198489 -0.000282446 0.000315437 0.00161547 -0.00151602 -0.00105277 0.000422312 0.00188982 -0.00182407 0.000145345 0.0038588 -0.000457932 0.00201859 -0.001129 6.27435e-05 -0.00201223 -0.00309697 -0.00320383 -0.00293316 0.00843461
internal_weight=35667.8 16922.5 245.841 16676.6 16060.5 15450.9 15123.1 13713.5 616.134 501.768 13555.5 1409.54 1109.26 383.745 11047.6 8066.76 6221.43 18745.3 1845.33 725.519 476.254 266.406 2507.88 170.737 2980.83 909.955 14043.8 13449.4 214.262 13235.1 10824.6 813.458 320.112 10011.2 3788 257.543 3530.46 2841.15 323.281 2517.87 6223.16 5345.83 2152.39 2063.1 2410.52 209.848 4701.5 612.213 293.077 203.745 129.936 2337.15 961.578 794.126 623.368 2070.87 3175.07 1048.87 764.2 2126.2 616.758 243.396 1283.02 381.032 3193.45 1315.21 1878.24 877.329 1526.43 689.308 147.443
internal_count=33609 13608 192 13416 13008 12720 12631 11277 408 288 11212 1354 1065 300 9015 5799 2826 20001 2973 765 512 281 2197 211 3216 970 14166 13604 174 13430 11089 871 202 10218 2963 218 2745 2283 212 2071 7255 6638 3169 3058 2341 231 5835 734 336 269 174 1986 713 726 491 2246 4120 1249 867 2871 696 329 1951 564 3469 1446 2023 617 1715 462 171
is_linear=0
shrinkage=0.0955619


Tree=93
num_leaves=72
num_cat=0
split_feature=2 1 1 7 4 2 7 3 7 9 2 2 3 5 4 4 3 3 8 1 8 8 1 5 4 7 3 4 3 5 1 4 4 8 1 2 1 7 1 9 2 2 3 1 8 1 1 1 3 4 3 3 1 1 6 8 1 6 8 7 4 5 6 3 1 7 3 5 7 9 9
split_gain=2.88786 3.1514 1.8239 1.23659 1.69374 1.49362 3.6438 1.1871 1.12526 1.1218 1.13738 2.20215 1.90083 0.909981 0.868086 0.808291 2.12987 0.710244 0.630942 1.72316 0.932802 1.39432 0.847362 1.01649 1.89986 0.837272 0.775485 1.29544 1.263 1.28748 0.643275 0.626031 0.60579 0.539485 0.865978 0.533605 0.601569 0.516017 0.484686 0.461012 0.458855 0.440491 0.439154 0.783474 0.346955 0.958808 0.510134 0.806474 0.630541 0.736717 0.478636 0.742876 0.564235 0.691116 0.476509 0.556934 0.463062 0.396836 0.442429 0.388192 0.313925 1.20725 0.558373 0.282544 0.390277 0.903699 0.680755 0.276371 0.273477 0.26705 0.25727
threshold=-0.081676395330422633 -0.99628894895067444 -0.96683886033945943 13.800000000000001 1003.2500000000001 -0.9993703818063705 8.0500000000000043 1.0250000000000001 4.2549999999999999 -3.9012463522654275 -0.98518361333263327 -0.96227343267549392 4.1250000000000009 -1.0000000180025095e-35 1007.7500000000001 1006.85 1.675 2.6550000000000007 9.4200000000000017 -0.7610972106345526 7.3700000000000001 6.2700000000000022 0.21772121422198085 -0.25881904510252113 1008.9500000000002 6.4200000000000008 1.925 1006.5500000000001 1.4950000000000003 -0.70710678118654735 -0.99628894895067444 1011.4500000000002 1010.5500000000001 10.235000000000001 -0.32533907195844763 0.030119189164198128 0.99166813670569354 10.610000000000003 0.89391031859722891 -1.6468674949533388 0.59123954401714218 0.87377473702374975 3.5250000000000004 0.67125374152323958 10.235000000000001 0.42888796625999276 -0.55601228778889811 -0.66484924122790601 2.0950000000000002 1012.6500000000002 2.5650000000000004 2.3250000000000006 0.87795195455888941 0.83354805289222267 -0.70710678118654757 11.550000000000004 -0.6254047815183511 -0.5 13.110000000000001 6.5300000000000038 1009.1500000000002 0.12940952255126045 -0.5 3.0250000000000004 0.98370018436603734 7.6700000000000008 3.6250000000000004 -0.78656609248549303 5.4700000000000015 0.10224542043327213 -0.45827399456941359
decision_type=2 2 2 2 2 2 2 2 2 2 2 2 2 2 2 2 2 2 2 2 2 2 2 2 2 2 2 2 2 2 2 2 2 2 2 2 2 2 2 2 2 2 2 2 2 2 2 2 2 2 2 2 2 2 2 2 2 2 2 2 2 2 2 2 2 2 2 2 2 2 2
left_child=1 -1 -3 4 17 6 14 -7 60 67 12 -12 -11 18 70 16 -15 -4 20 -20 21 31 33 25 -25 -24 28 -28 30 -30 -23 -2 -32 34 -21 -27 38 39 -37 42 -33 63 -17 -44 46 54 47 48 -41 68 51 52 53 -47 55 -46 -49 -52 -59 -48 -9 -62 -63 -22 65 -65 -67 -10 -50 -61 -6
right_child=13 2 3 -5 5 7 -8 8 9 10 11 -13 -14 15 -16 37 -18 -19 19 22 41 26 23 24 -26 35 27 -29 29 -31 32 40 -34 -35 -36 36 -38 -39 -40 44 -42 -43 43 -45 45 50 59 56 49 -51 57 -53 -54 -55 -56 -57 -58 58 -60 69 61 62 -64 64 -66 66 -68 -69 -70 -71 -72
leaf_value=0.0031230219180767246 -0.015677828458651247 -0.03219695796564586 -0.0032318577361009769 0.00055676658779179613 0.0030663328378257256 -0.0037919325723963088 0.014596545483315151 -0.00036190092030499417 -0.0048114057843308177 -0.0090591343576394926 0.0026396580519368381 0.00068538101640836348 0.0015195952599244699 0.024268228362446912 0.0019850317535754988 -0.033230781810966871 -0.015593822058928295 -0.010075011564816872 0.051231762127140507 -0.066410332238746053 -0.0014258793209044672 0.013276698022251862 0.0076184852872882196 0.0027437837212759227 -0.00020659264185199253 -0.023748881222712969 0.003850937035541692 -0.001820575799449014 -0.00011057413078242236 0.0048804101282655986 -0.028877085421003756 0.029883314822713215 0.033402762592130771 -0.036031689474636003 0.043593398525205211 0.0018581350488558227 0.00062546175899859434 -0.020517398505920333 -0.0023546231942936121 -0.00041497874137754181 -0.042068165384660232 0.0030734813236851215 -0.027830492563815611 0.015971225429173293 -0.019080423737949777 0.0083316762483217222 -0.0072658040569807186 0.044864390253224404 -0.0005368086569084513 0.0084928508789024887 -0.00098616087533162687 0.0036267556315520981 -0.00088456985053235405 0.054119638950054623 -0.048797122230409343 0.062487304422248952 0.012333440776949586 0.023791898459796137 -0.0060911700136221996 0.039727946861396503 0.00082946748517486932 -0.0042987880124372053 0.015068482955906655 -0.022949130214432775 -0.0073843483488228142 0.012977002408733455 0.010971195286122868 -0.0019068298788835775 -0.00029351669894269611 -0.00039702369511782342 -0.0079744689907438292
leaf_weight=109.57293125987053 623.22225055098534 729.92727190256119 226.8797213435173 243.27406096458435 91.510627955198288 683.52527698874474 97.957818597555161 2012.3873204886913 140.19032323360443 1099.4201159775257 964.77175879478455 10512.962808609009 128.99856644868851 82.219425946474075 94.89526504278183 1692.5822323560715 231.71807104349136 822.30334207415581 70.404122561216354 87.763309597969055 1803.2721260786057 83.348191231489182 98.947126388549805 192.38781601190567 210.28537654876709 217.72033739089966 126.77431881427765 485.7670097053051 115.56445673108101 99.872101664543152 222.90570878982544 58.930976808071136 91.450807631015778 798.08233046531677 98.534639775753021 1205.9236872792244 129.12127682566643 738.8399438560009 422.5775251686573 830.39586469531059 58.933270663022995 332.76467308402061 291.54658308625221 69.944468587636948 68.987614214420319 218.88204208016396 1571.4276210963726 68.321394205093384 280.01766923069954 58.917905777692795 321.47615817189217 64.421906739473343 139.73973280191422 55.39352160692215 713.40780898928642 52.369588702917099 60.16226527094841 121.23167109489441 66.442546546459198 131.24637666344643 135.49777862429619 391.93991470336914 158.05799248814583 191.57681274414062 191.78280794620514 84.093632578849792 73.064405173063278 370.4473939538002 105.63484755158424 301.07847109436989 141.77348387241364
leaf_count=96 669 960 164 58 97 578 43 2521 126 964 761 7231 63 102 91 2101 293 429 91 121 1475 56 126 74 151 118 76 445 144 70 245 99 106 1148 147 1492 92 759 378 1154 90 495 362 82 106 325 1621 87 375 73 218 72 137 63 793 80 97 189 92 172 108 264 251 166 115 86 77 455 112 408 124
internal_value=8.67979e-05 0.000887428 0.000788112 0.000979065 0.000881508 0.00111523 0.00672165 0.000964629 0.00113649 0.00150159 0.00168286 0.00198146 -0.00102931 -0.0008364 0.00152454 -0.00153966 0.00309443 -0.00281533 -0.000107545 0.000841496 -0.00084962 0.000694806 0.000506703 0.00147006 0.00587355 0.000563887 0.00270828 0.000140443 0.00511014 0.0110395 0.00161372 -0.00250717 -9.8327e-05 -0.00181996 0.00252258 8.08096e-05 0.000681809 -0.00173361 0.000120423 -0.00146854 0.0034238 -0.00201902 -0.00270694 7.15705e-05 -0.000963124 5.23184e-05 -0.00153333 -6.61283e-05 -0.000863962 0.00191716 0.0021147 0.00427695 0.00246957 0.00507544 -0.00227477 0.00281948 0.00699734 0 0.00353428 -0.00251289 -0.000617118 0.00107457 -0.000771877 -0.00249318 -0.000369633 0.00133867 0.00682993 -0.0028124 0.00011931 0 -0.00128064
internal_weight=35667.8 19156.3 19046.7 18316.8 18073.5 17024.3 426.137 16598.2 15914.7 13216.8 12706.2 11477.7 1228.42 16511.5 328.179 8336.41 313.937 1049.18 8175.07 3531.75 4643.32 1966.77 3461.34 2476.96 402.673 2074.29 1225.68 612.541 613.141 215.437 397.705 741.086 314.357 984.38 186.298 1975.34 1757.62 8022.47 1628.5 7283.63 117.864 2676.55 2054.07 361.491 5229.56 1822.35 3407.2 1403.45 1274.97 444.57 987.588 478.437 414.015 274.276 834.765 121.357 128.484 509.15 187.674 2003.75 2697.88 685.496 549.998 2343.79 540.518 348.735 157.158 510.638 385.653 432.325 233.284
internal_count=33609 15384 15288 14328 14270 13677 355 13322 12744 9600 9019 7992 1027 18225 312 9873 395 593 8352 3938 4414 2000 3847 2431 225 2206 1142 521 621 214 407 858 351 1416 268 2080 1962 9478 1870 8719 189 2414 2545 444 6174 2075 4099 1898 1714 560 1096 597 525 388 979 186 184 499 281 2201 3144 623 515 1919 444 329 163 581 487 580 221
is_linear=0
shrinkage=0.0955619


Tree=94
num_leaves=72
num_cat=0
split_feature=6 0 9 3 1 3 1 1 4 4 8 9 4 7 1 1 3 1 3 8 7 9 4 1 1 1 9 0 4 8 4 4 8 4 1 8 9 7 9 9 8 8 6 6 3 3 1 8 8 4 1 1 3 8 1 8 8 1 0 0 1 8 0 0 3 1 4 1 8 3 8
split_gain=1.64502 0.984505 1.42315 1.1875 0.95025 1.03315 1.98952 2.31766 1.67243 1.76076 1.5736 1.41424 1.50842 0.812076 0.810538 0.819576 0.834792 3.36156 1.06182 0.809116 0.793822 0.7605 0.646949 2.39211 1.10848 1.47293 1.00466 1.01545 0.642834 0.496326 0.478948 1.05926 2.02506 1.40495 1.03981 0.609139 0.606417 0.448354 0.794622 0.434797 0.621474 0.449252 0.414363 0.533811 0.399476 1.0255 0.358447 0.523095 0.363886 0.428842 0.377611 0.495725 0.346146 0.328777 0.321365 1.37614 0.406234 0.350463 0.316589 0.305657 0.252511 0.62371 0.251149 0.248786 0.273043 0.246402 0.245737 0.286767 0.280654 0.894353 0.239283
threshold=-0.12940952255126037 0.60355339059327384 6.0622737159085327 1.635 -0.99762106698677366 2.3750000000000004 0.54883787585413535 0.41327478071396911 1004.4500000000002 1007.85 6.8700000000000037 0.86941375320298253 1008.7500000000001 5.6399999999999997 -0.98801351631316325 -0.8779519545588893 5.8450000000000006 0.33346569090932193 4.9850000000000012 8.5200000000000031 8.0150000000000006 2.4267074611704982 1005.4500000000002 0.53436760985011655 -0.73831951690629072 -0.833548052892222 0.86941375320298253 1.0000000180025095e-35 1007.6500000000002 9.8800000000000026 1010.4500000000002 1009.1500000000002 6.7800000000000038 1009.5500000000001 -0.86095304316285715 10.620000000000001 1.1083447246308362 6.7550000000000017 5.0937704837932047 -0.10099224320929066 9.3300000000000018 9.4649999999999999 0.37940952255126048 0.98296291314453421 3.4850000000000008 3.3850000000000002 0.31718835131409573 13.609999999999999 10.800000000000004 1011.1500000000002 0.96900085243778578 0.83354805289222267 3.7050000000000005 13.91 -0.7721494341254892 9.9350000000000005 9.8800000000000026 -0.29259762607704992 1.0000000180025095e-35 -0.5 0.74409704927257569 10.515000000000001 -0.60355339059327384 0.91597561503675351 3.4850000000000008 0.60505046667002438 1007.0500000000001 0.61866567420209762 9.3300000000000018 2.4650000000000003 8.1700000000000017
decision_type=2 2 2 2 2 2 2 2 2 2 2 2 2 2 2 2 2 2 2 2 2 2 2 2 2 2 2 2 2 2 2 2 2 2 2 2 2 2 2 2 2 2 2 2 2 2 2 2 2 2 2 2 2 2 2 2 2 2 2 2 2 2 2 2 2 2 2 2 2 2 2
left_child=1 2 3 22 -5 6 7 8 -6 13 -11 -8 -13 -10 -7 -16 18 -18 21 20 42 -17 23 -1 25 26 -24 -28 -22 -26 31 53 33 -33 -35 -32 65 38 52 54 -41 -42 -2 44 45 70 -43 48 -48 50 51 -50 -38 63 55 -21 57 -56 -20 -31 -34 -62 -58 -3 -65 -37 -59 68 -68 -70 -44
right_child=19 30 -4 4 5 14 11 -9 9 10 -12 12 -14 -15 15 16 17 -19 58 39 28 -23 24 -25 29 -27 27 -29 -30 59 35 32 60 34 -36 36 37 -39 -40 40 41 46 43 -45 -46 -47 47 -49 49 -51 -52 -53 -54 -55 56 -57 62 66 -60 -61 61 -63 -64 64 -66 -67 67 -69 69 -71 -72
leaf_value=-0.0080748575752265274 -0.0034464358023913785 -0.0010251883494210678 0.0037121773404994469 -0.0014848969877582334 0.0022911020212817395 0.00061025094350429098 -0.0041988657788929133 0.0027451269939065769 -7.2414610524508934e-05 0.0013137343853187502 0.00055793246723057847 -0.00040971459246659606 -0.0018699387650365109 -0.0010602763780626946 -0.0045029142598430093 0.00073698481112677305 -0.10356338704912151 0.0016144271212482574 -0.00094229744805753002 -0.03533454232262237 0.0024441247767324472 -0.00036257496578082283 -0.0057941140364121593 0.0061703078868530657 -0.0085257945217526252 -5.0747515996462796e-05 0.0099232161546543071 -0.0020783598398616547 0.0033042310752946398 0.0043531571614016029 -0.006964261223359804 0.0034775075311592862 -0.013563862676574542 0.00047257657170202616 -0.049760119965657337 -0.060597795417002394 0.03286632919888189 -0.0063135341132019226 -0.0055899544505584233 -0.0033040335108892285 0.035132091395725061 -0.029911202355620399 0.0011064281817057459 -0.02021275142814296 -0.05430952810834723 0.00028586912680514593 -0.0063936927754211087 -0.021362531305459249 0.0013346282419598372 -0.0049504890224959805 -0.0010110322365396831 0.022476164593111539 0.017874206873220385 0.0002116021596883916 -0.058267984916908939 0.055994422973698006 -0.01444244119435532 -0.0002561453525845128 -0.00084098526833367672 -0.0030566233392491024 0.0047240566326662084 -0.0099590732568329166 -0.06097887855390028 -0.0040677903102345628 0.014170379192436973 0.0096814039605014335 0.0020224874948953321 -0.0056453300431199656 0.070819863618772225 -0.0068838482090326693 0.010375123012578173
leaf_weight=209.823206782341 2010.8296272754669 979.47912710905075 308.34447538852692 266.2584964632988 207.26976075768471 160.86819267272949 624.9311104118824 115.27283334732056 170.68954026699066 338.38451579213142 581.95806014537811 395.33685249090195 234.1688392162323 594.47195330262184 800.2777384519577 7552.055213958025 141.63954028487206 137.95458644628525 516.63650411367416 134.11031603813171 76.31061589717865 1997.443418443203 470.16644740104675 146.55148661136627 1178.884111136198 150.30381137132645 179.48180449008942 191.60502690076828 68.280704468488693 123.72128769755363 1465.8415654599667 100.93925094604492 335.63423305749893 74.156473487615585 83.413959264755249 374.98502996563911 107.44515183568001 80.339846253395081 59.969958156347275 661.50219020247459 90.025558173656464 627.81773817539215 3193.6354627013206 453.79621562361717 207.13191616535187 49.811115801334381 282.29265269637108 320.51188948750496 230.18151226639748 182.0108824968338 150.96155834197998 250.76693007349968 62.134340107440948 156.35533916950226 172.32613906264305 45.744206994771957 670.07859915494919 129.25460693240166 343.14453834295273 363.65296813845634 209.12933039665222 132.19672226905823 1456.0382381975651 523.83449596166611 142.64284864068031 162.28571945428848 123.85520669817924 109.06448236107826 62.925036877393723 61.003171443939209 295.42431697249413
leaf_count=138 2999 866 106 161 102 103 290 68 93 212 533 125 100 361 558 3879 138 47 212 226 85 767 275 75 547 89 108 91 93 145 1679 103 366 90 96 452 149 75 71 980 95 863 5415 795 331 56 432 445 337 280 207 352 76 69 262 76 977 194 209 273 132 79 1708 889 206 206 184 170 95 74 469
internal_value=0.000146947 0.000614592 0.00093928 0.000823796 0.00117051 0.0012767 0.00279179 0.00465657 0.00377812 0.00269954 0.00552026 -0.000122203 0.00299046 -0.000578401 0.000843848 0.000739567 0.00096663 0.0061474 0.000816988 -0.000754332 0 0.00111342 -0.000890612 0.0028329 -0.00142735 0.00103164 -0.000429121 0.00314648 0.00692558 -0.00294611 -0.000556096 0.000270307 0.00290186 0.0100541 0.00355251 -0.00157393 0.000369621 0.00380485 0.00603345 -0.00157436 -0.000671304 8.03484e-05 -0.000175002 0.000347627 0.00074279 0.00100258 -0.000169797 0.00062229 0.00166822 0.00272591 0.00393311 0.00523743 0.00946271 -0.00104587 -0.00239325 0.00116259 -0.00265739 -0.000413649 -0.00236035 -0.000172819 5.01382e-06 0.00196019 -0.0033069 -0.00148299 0 -0.00144699 0.000742062 0.00217782 0.00406784 0.00728049 0.000774306
internal_weight=35667.8 23552.1 18501.3 18193 15178.8 14912.5 3262.48 2008.05 1892.77 1685.5 920.343 1254.44 629.506 765.161 11650 11489.2 10688.9 279.594 10409.3 12115.7 6355.22 9549.5 3014.19 356.375 2657.82 991.557 841.253 371.087 144.591 1666.26 5050.78 2737.78 935.47 258.51 157.57 2313 847.16 309.889 229.549 5760.47 2796.07 2134.57 6210.63 4199.8 3746 3538.87 2044.54 1416.73 1096.21 813.921 631.91 480.948 169.579 1802.31 2964.4 179.855 2784.55 658.429 859.781 487.374 676.96 341.326 2126.12 1645.96 666.477 537.271 486.103 356.848 247.783 123.928 3489.06
internal_count=33609 15409 9805 9699 7958 7797 1884 1369 1301 1199 745 515 225 454 5913 5810 5252 185 5067 18200 10243 4646 1741 213 1528 563 474 199 178 965 5604 2896 866 289 186 2708 1029 371 296 7957 3991 3011 10065 7066 6271 5940 2916 2053 1608 1176 896 689 225 2030 3966 302 3664 979 421 418 577 211 2685 1961 1095 658 717 523 353 169 5884
is_linear=0
shrinkage=0.0955619


Tree=95
num_leaves=72
num_cat=0
split_feature=2 1 4 1 7 5 4 7 0 0 5 9 7 7 1 3 9 1 4 9 5 8 4 9 3 3 2 1 8 9 1 4 0 7 3 8 7 1 1 2 7 3 3 4 2 3 8 4 7 7 5 1 5 8 3 9 8 1 2 9 1 3 1 1 9 2 1 9 8 1 9
split_gain=1.89213 2.86252 2.10701 1.76527 1.48943 1.47003 0.989086 2.04647 2.78241 2.87751 3.56182 2.18065 1.28434 1.4289 1.26684 1.23331 1.09886 0.911728 0.859974 0.805288 1.08724 0.959339 0.700268 0.668415 0.648289 1.51692 0.84124 1.07682 0.645429 0.700614 1.57943 0.60217 0.575924 0.813335 0.568961 0.579474 1.21232 2.35415 0.797796 0.522063 0.638784 1.02431 0.514055 0.496202 0.759256 0.410596 0.397409 0.517914 0.532189 0.364842 0.422989 0.34656 0.327523 0.308765 0.345009 0.343129 0.284191 0.803284 0.388144 0.386312 0.321496 0.312997 0.244265 0.745131 0.233255 0.229323 0.228207 0.255403 0.221523 0.220352 0.218031
threshold=-0.04732138832243208 -0.99628894895067444 1007.5500000000001 -0.96683886033945943 13.800000000000001 0.12940952255126045 1007.9500000000002 5.830000000000001 0.37940952255126048 -0.37940952255126015 -1.0000000180025095e-35 0.55803759068473024 5.0000000000000027 5.1100000000000021 -0.9523687564627995 2.8250000000000006 6.0622737159085327 -0.86958133671945925 1003.2500000000001 1.9211847320701596 0.12940952255126045 7.3000000000000034 1011.1500000000002 0.34477642018882554 1.2950000000000002 1.3350000000000002 0.030119189164198128 0.99817629101047833 6.165 4.7439818142699481 0.74409704927257569 1005.4500000000002 -0.37940952255126015 7.9400000000000039 4.8750000000000009 6.4799999999999995 6.8100000000000014 0.97692944606901266 0.98370018436603734 -0.9668120007078248 2.4349999999999992 3.8350000000000004 2.6150000000000007 1010.85 0.59123954401714218 3.1250000000000004 7.3700000000000001 1010.6500000000002 5.335 10.610000000000003 0.91597561503675362 0.36571913681022045 0.12940952255126045 6.5949999999999998 1.9350000000000003 -0.86769926957598098 10.235000000000001 -0.05591647229452347 0.20931464596304869 -3.2513242435525238 0.98370018436603734 4.6350000000000007 -0.63874350706337046 -0.67760851415498069 1.7243431341734665 0.70860043010605911 0.89391031859722891 0.51275082409845407 4.3950000000000005 -0.91585580712236336 0.31963022590431406
decision_type=2 2 2 2 2 2 2 2 2 2 2 2 2 2 2 2 2 2 2 2 2 2 2 2 2 2 2 2 2 2 2 2 2 2 2 2 2 2 2 2 2 2 2 2 2 2 2 2 2 2 2 2 2 2 2 2 2 2 2 2 2 2 2 2 2 2 2 2 2 2 2
left_child=1 2 -1 -3 6 18 12 8 9 53 -11 15 39 42 -15 -12 17 -16 -2 20 32 -22 28 -19 46 -26 -27 34 -10 30 -30 -7 33 -9 35 43 37 -37 -38 40 -5 -42 -14 -28 -45 51 47 64 -49 50 56 -23 68 54 55 -8 58 -58 -33 -59 66 62 63 69 -20 -48 67 -61 -41 -60 -52
right_child=5 3 -4 4 -6 31 7 19 22 10 11 -13 13 14 16 -17 -18 23 24 -21 21 45 -24 -25 25 26 27 -29 29 -31 -32 49 -34 -35 -36 36 38 -39 -40 52 41 -43 -44 44 -46 -47 65 48 -50 -51 70 -53 -54 -55 -56 -57 57 59 61 60 -62 -63 -64 -65 -66 -67 -68 -69 -70 -71 -72
leaf_value=-0.0056338803781632247 0.0003084897488592943 -0.033979892757790398 0.011059671227777769 0.0044342140848463631 -6.4638881134881476e-05 0.041964534125532742 0.026038874802003658 -0.0012344596258038276 -0.0024946234624043831 0.0004192503545077274 -0.0022262251213881388 0.012857729031564321 -0.0013696499826197817 -0.00042556988268916085 -0.018862932754355043 0.00017150920939512258 0.0010199277148340523 0.0006564070558883235 -0.031448782838615408 -0.00059383768410207398 0.020088911599039298 0.011854467432038806 -0.016202881258247391 -8.5869292066913515e-05 0.002975659300330437 -0.0013423311589006008 -0.0043762798500535643 -0.0051232463890731744 0.00020636113741060225 -0.012467221560403226 0.008009187796833999 -0.027639649691766452 -0.0014166147814206535 0.00040910197338034918 -0.024145922335499274 0.0013674215492141047 0.00018228216983773063 0.001743645201982752 -0.0015111166994219588 0.013481255358579991 -0.0043832976628314533 0.0013092255923365305 0.0007741390905926282 0.010263470220093208 -0.028348600292796705 0.050665216898503722 -0.0077110537966459834 -0.0083683534650810694 0.03076442896983755 -0.064325784366645405 -0.051940823262209411 -0.0089269850263034613 -0.00087441638712768195 -0.0068383741103165193 -0.0033218045847884146 0.017188240715095469 -0.075251953179829023 -0.030850003757125564 0.0067847349277640285 0.0011375533261567445 0.008762920130947106 0.010803193468129503 -0.015261384772055481 0.013629445631112928 0.0025019332294315948 -0.00079415184295825387 -0.0042986481482856385 0.014169815897047395 -0.0015439910397757107 -0.012056129648345822 -0.0090564439058883391
leaf_weight=164.533761292696 119.65259805321693 729.92727190256119 198.59692201018333 92.862032979726791 290.51112771034241 56.864609956741333 47.894152075052261 258.0565083026886 309.45897290110588 148.148377597332 266.40145447850227 299.48835936188698 88.311160534620285 128.35846468806267 468.70131632685661 122.11553236842155 208.78093442320824 4482.6381008028984 213.30232900381088 512.57553374767303 81.61245197057724 66.600410103797913 192.54329770803452 5114.0810709297657 103.25628876686096 506.50036907196045 582.9501126408577 151.74808567762375 1005.627480506897 176.7857654094696 298.63463312387466 613.1632989346981 508.55529421567917 81.528270542621613 278.9863412976265 1433.6270611286163 4111.2121438086033 172.2242403626442 439.72597149014473 100.42191082239151 377.44274914264679 78.086909145116806 117.07148063182831 104.10775998234749 103.76364398002625 95.248482942581177 575.54463046789169 84.417695999145508 66.893892824649811 540.54998821020126 1093.8786724805832 126.43284073472023 1093.1264188289642 209.38468557596207 119.78287088871002 46.796432197093964 372.43779477477074 132.7030473947525 241.04313653707504 317.11111640930176 112.38585451245308 72.516834318637848 1215.5321052074432 64.925676465034485 101.43015930056572 416.26213273406029 143.95115840435028 419.28027775883675 950.24201199412346 479.85872930288315 568.59739476442337
leaf_count=133 69 960 155 108 71 101 77 333 368 40 216 136 74 113 448 44 78 3465 256 256 100 111 100 2927 93 353 569 65 1069 97 221 683 234 66 336 1694 4512 70 223 85 478 62 85 123 141 54 417 114 69 594 1345 122 1528 316 184 82 454 177 370 408 83 100 1595 77 93 492 142 552 724 691 828
internal_value=0.000249391 0.000879258 0.0092765 0.000715142 0.000900682 -0.000518119 0.000786455 0.00193995 0.00336002 0.00688089 0.010128 0.00698641 0.000347763 0.000826569 0.00065985 0.00195006 0.000531043 0.000377934 0.000224941 -0.000668168 0.000604287 0.00495937 0.00106968 0.000587744 0.000111792 0.000459405 0.000294573 0.000564547 0.00169762 0.00255571 0.00335439 -0.00163517 -0.00119425 0.00166695 0.000382145 0.000564375 0.000887594 0.00314426 6.94016e-05 -0.00150309 0.00100977 -0.000281648 0.00870742 -0.00182863 0.00188542 0.00193614 -0.00172622 0.00040322 0.00510396 -0.00173563 -0.00148963 -0.000158176 -0.00218997 0.000233127 0.00295468 0.00720212 -0.000942233 5.32875e-05 -0.00153152 0.00138795 0.00209421 -0.000845416 -0.00110994 9.25224e-05 -0.00158468 -0.00281947 0.00133577 0.00207766 -0.0034284 -0.000683431 -0.00280772
internal_weight=35667.8 19657.4 363.131 19294.2 18564.3 16010.4 18273.8 4973.67 3243.06 1260.01 836.154 688.005 13300.1 10607.9 10402.6 388.517 10274.2 10065.4 9565.61 1730.61 1218.03 369.894 1983.05 9596.72 9445.95 7988.1 7884.85 7378.35 1790.51 1481.05 1304.26 6444.8 848.14 339.585 7226.6 6947.61 6156.79 1605.85 4550.94 2692.18 548.392 455.53 205.383 790.822 207.871 288.282 1457.85 466.044 151.312 6387.94 5847.39 193.033 2143.79 423.858 214.473 94.6906 4184.91 1497.87 2687.04 1125.43 992.728 2073.88 2001.36 785.828 314.732 991.807 880.343 736.391 1050.66 720.902 1662.48
internal_count=33609 15720 288 15432 14472 17889 14401 4226 2950 1095 436 396 10175 7190 7031 260 6918 6840 9689 1276 1020 387 1855 6392 9620 8179 8086 7733 1755 1387 1290 8200 633 399 7668 7332 6499 1764 4735 2985 648 540 159 833 264 287 1441 532 183 8099 7505 233 2337 659 343 159 5332 1816 3516 1362 1185 2833 2733 1138 349 909 1102 960 809 1061 2173
is_linear=0
shrinkage=0.0955619


Tree=96
num_leaves=72
num_cat=0
split_feature=6 3 2 2 3 9 3 1 3 1 9 3 1 2 3 8 1 1 1 2 1 4 9 4 2 3 0 8 8 3 3 8 3 1 6 3 1 3 4 2 9 9 9 8 9 1 0 3 8 2 2 1 3 4 8 0 1 1 9 6 0 9 1 3 1 6 2 9 1 9 1
split_gain=1.55265 1.13753 0.976454 2.10291 2.04094 1.06835 1.05471 0.879077 2.7434 1.5449 1.53519 2.67111 1.25095 4.01668 0.818674 0.72942 0.690498 1.61986 0.646254 0.646233 1.60053 2.95948 0.63887 0.6375 0.621489 0.613007 0.575098 0.542279 1.73773 0.563573 1.09794 0.595797 0.516616 0.493483 0.476395 0.542889 0.472576 1.13964 1.11426 0.887046 1.37255 2.00547 0.752871 0.740014 2.51937 0.614773 0.585239 0.555869 0.590309 0.456057 0.600022 0.438633 1.25161 1.21357 1.41468 1.86714 1.12045 1.20356 2.31021 1.2498 0.865179 0.790756 0.716925 0.560017 0.551619 0.429814 0.415746 0.408959 0.891838 0.402921 0.400009
threshold=-0.12940952255126037 1.0250000000000001 -0.96227343267549392 -0.97502841500522164 2.9850000000000008 -0.73164528196953771 3.0650000000000004 0.45972848220565493 5.6650000000000009 0.53436760985011655 0.29460317699640731 3.0050000000000003 -0.54883787585413535 0.81898454963288581 3.9650000000000003 14.375000000000002 -0.99762106698677366 -0.99628894895067444 -0.44437406304545285 -0.49002866642905923 -0.73831951690629072 1004.4500000000002 3.2390400283295393 1007.5500000000001 -0.9993703818063705 2.2550000000000003 0.60355339059327384 6.2700000000000022 5.8050000000000006 4.1650000000000009 4.4450000000000012 13.275000000000002 2.3650000000000007 -0.59125596962661853 0.98296291314453421 3.7450000000000006 0.098819223632317002 2.7250000000000005 1007.0500000000001 -0.081676395330422633 -1.0000000180025095e-35 2.2534285300924251 -0.37941003514544919 6.8899999999999997 -1.3499824280009738 0.83354805289222267 -0.60355339059327384 2.4450000000000007 5.8050000000000006 -0.36572252349726903 -0.25950218452349683 0.95236875646279973 2.0550000000000002 1010.0500000000001 10.800000000000004 0.25881904510252057 0.92591620288614507 0.86958133671945947 5.0937704837932047 -0.5 0.60355339059327384 -1.9508865700070002 0.78297285307474518 2.4350000000000005 0.97692944606901266 -0.98296291314453399 0.13300977955191609 2.2534285300924251 -0.82391537601316178 4.122407044550731 0.53436760985011655
decision_type=2 2 2 2 2 2 2 2 2 2 2 2 2 2 2 2 2 2 2 2 2 2 2 2 2 2 2 2 2 2 2 2 2 2 2 2 2 2 2 2 2 2 2 2 2 2 2 2 2 2 2 2 2 2 2 2 2 2 2 2 2 2 2 2 2 2 2 2 2 2 2
left_child=1 67 3 5 -5 6 23 12 9 10 11 -9 13 16 -8 26 -4 -18 -14 20 21 -19 27 -3 -7 -24 34 28 -20 31 -31 -29 -33 -22 35 36 47 38 -38 40 46 -42 43 44 -40 -45 -39 -2 -49 -21 -51 56 66 54 55 -54 57 59 60 61 -59 -11 -61 -55 -56 -26 -53 -1 -69 -27 -44
right_child=15 2 7 4 -6 24 14 8 -10 51 -12 -13 18 -15 -16 -17 17 19 22 49 33 -23 25 -25 65 69 -28 29 -30 30 -32 32 -34 -35 -36 -37 37 39 42 -41 41 -43 70 45 -46 -47 -48 48 -50 50 -52 52 53 63 64 -57 -58 58 -60 62 -62 -63 -64 -65 -66 -67 -68 68 -70 -71 -72
leaf_value=-0.0031608531180562748 0.0012898750019391663 -0.0029157668132013159 -0.0008268001162912796 0.0012918485422513998 -0.00070291664021565386 0.00057457583001574984 0.018232294812460574 0.00058263748098195815 0.00032434753194152295 0.0082398868131053852 -0.000512008202449678 -0.00048391570137782433 -0.049412044994082922 0.0028578748916367612 0.0013598270477909442 -0.051255334619787749 0.0014267986154899801 -0.01010089426162728 -0.026943739854570568 -0.016973107945051743 -0.0003187867191698478 -0.00036120968798826681 -0.00026862362586236839 0.00028002768869936953 -0.00068622186482629108 0.014812020671034386 -0.0092414320623053232 -0.026718971294508221 -0.0073757769425216863 0.018601600884836089 -0.00087414832285885276 0.032796565344085836 -0.0036659993765207483 0.0036850785097486322 -0.017545647339728392 -0.0024400418832747901 -0.0043411061219392104 -0.035760386951723108 0.0012331809353186304 0.0053362790775239631 0.0096739033569149552 -0.023519298038952981 0.0093307091274392635 0.01942898294952998 0.023550551668831687 -0.027901920224676188 0.021680501086605217 0.0098641355444219429 -0.028193443780159071 -0.00018342361535133041 -0.00027520723066648908 -0.0035969322006623528 0.0032268958869758274 -0.00082318626912157144 0.00038412676713696066 0.0035532926804528425 -0.002648072797556016 -0.00036019927642024104 0.0040860494527622769 0.015021682542372385 0.0013351037464837264 -0.00094818457422488208 -0.001823730829651615 -0.0017732069762243429 -0.00010988450441210931 -0.022049551333278426 -0.00031851740663206026 0.0085841001349097838 -0.0061973994404382251 0.004047683853594569 -0.0035769291234368501
leaf_weight=1129.0112012922764 2940.777799397707 328.53085514903069 439.04646253585815 288.4236404299736 193.40500634908676 284.74791371822357 228.67661973834038 182.20149672031403 238.7863395512104 501.95872166752815 263.03496107459068 267.37230244278908 614.03742122650146 107.03297010064125 209.77167850732803 701.72014039754868 125.48432666063309 122.80613243579865 180.61062267422676 374.81040325760841 934.27695950865746 747.08151751756668 96.392119437456131 125.55755388736725 129.13218355178833 62.623760938644409 2601.246861487627 1651.3422823250294 189.90891739726067 172.59197205305099 709.327622205019 68.404836475849152 150.5566154718399 247.21833050251007 817.08628058433533 786.881467461586 582.18238985538483 125.68288385868073 153.91254037618637 377.04538896679878 190.8474033176899 90.996440976858139 349.79340800642967 346.39484652876854 79.700646668672562 139.75199699401855 60.955195158720016 135.68957415223122 1099.8947191536427 325.79467901587486 2513.9852251410484 363.54498589038849 861.12621569633484 149.05010885000229 352.91873002052307 243.69520151615143 874.30115437507629 721.14272886514664 215.50254333019257 287.78888067603111 212.83281663060188 2435.6981209516525 163.8714262843132 536.3621914088726 647.78533726930618 613.1518326997757 211.2341011762619 120.65033474564552 276.89258965849876 60.586761355400085 535.13090723752975
leaf_count=827 4844 200 300 128 134 127 128 88 94 329 191 102 591 83 103 862 74 60 144 337 476 496 121 91 51 86 3989 1629 106 153 594 96 200 132 1335 1048 746 185 226 572 187 104 521 516 92 231 107 228 1651 242 2388 151 244 66 116 119 317 270 71 355 158 1114 173 287 207 422 87 82 182 87 756
internal_value=0.00018961 0.000643856 0.000821709 0.00265096 0.00831059 0.00117235 0.00360667 0.000592773 0.00123787 0.000970948 0.0052594 0.00864493 -3.23464e-05 0.000834933 0.00694366 -0.000685633 0.000477509 0.000788645 -0.00135727 0.0005115 0.00184236 0.00495495 -0.000797424 0.000158471 -0.000855943 0.00406236 -0.000491859 -0.00117222 0.00214148 -0.00165392 0.000241722 -0.0025969 0.00180359 -0.000376022 -0.000111756 0.000101946 0.000373544 0.00128651 8.92212e-05 0.00426303 0.00704907 0.0112404 0.0014301 0.00373165 0.00820923 0.00135634 0.000157655 -0.000267318 -0.00197961 -0.000309468 7.30914e-05 0.000610728 0.00146829 0.00232207 0.0034688 0.00583583 5.97787e-05 0.000680509 0.00335374 -0.00020036 0.001171 -0.000947263 0.00442917 -0.00106423 0.000753838 -0.00237939 -0.00250701 -0.00185805 0.00058588 0.00855233 -0.000341758
internal_weight=35667.8 23552.1 22025.5 2401.4 481.829 1919.57 892.537 19624.1 9730.21 9491.42 712.609 449.574 9893.92 5937.54 438.448 12115.7 5830.5 5391.46 3956.38 5265.97 2051.38 869.888 3342.35 454.088 1027.03 219.603 11414 3122.74 370.52 2752.22 881.92 1870.3 218.961 1181.5 8812.72 7995.64 7208.76 3032.39 2186.87 845.527 468.482 281.844 1604.68 719.76 233.613 486.147 186.638 4176.36 1235.58 3214.59 2839.78 8778.81 3365.72 2790.94 2105.53 1104.82 5413.1 4538.8 1149.48 3389.32 933.976 2937.66 451.66 685.412 1000.7 742.284 574.779 1526.55 397.543 123.211 884.924
internal_count=33609 15409 14318 1384 262 1122 522 12934 4539 4445 381 190 8395 4588 231 18200 4505 4205 3807 4131 1164 556 3216 291 600 294 17338 2922 250 2672 747 1925 296 608 13349 12014 10966 4243 3088 1155 583 291 2342 1065 318 747 292 6723 1879 2967 2630 4064 1277 1039 686 363 2787 2470 499 1971 428 1443 528 353 323 473 238 1091 264 173 1277
is_linear=0
shrinkage=0.0955619


Tree=97
num_leaves=72
num_cat=0
split_feature=2 7 1 2 8 4 0 9 2 9 1 1 8 8 7 8 2 9 2 2 1 8 3 7 9 1 9 9 9 9 6 6 3 7 9 7 8 4 3 7 2 1 0 9 1 8 4 2 3 8 3 3 6 1 7 8 9 1 1 4 8 7 4 9 1 7 9 4 9 1 4
split_gain=1.97398 2.69688 1.45174 1.4131 1.40467 1.36019 1.25811 1.17556 1.90738 1.66372 1.34114 10.0828 1.57844 1.21747 1.53463 1.02581 2.19713 1.91369 1.46295 1.36433 1.00787 2.35932 0.948555 1.5131 0.906667 0.984406 0.903617 0.899681 1.23651 1.19784 1.51519 0.79324 1.15148 1.0819 1.7875 1.45861 1.55113 3.51734 0.992184 0.952188 0.848515 1.20227 0.902361 0.692843 1.07953 0.685444 0.664084 0.646499 0.98833 0.622538 0.454571 0.679701 0.38231 0.359886 0.719898 1.42871 0.354808 0.37445 1.22779 0.763517 0.615592 0.312741 0.30766 0.403008 0.303087 0.303066 0.640274 0.63624 0.292603 0.267159 0.289282
threshold=-0.38168922026665864 13.115000000000004 0.92263100495486405 -0.42889193791248376 5.2650000000000015 1009.1500000000002 0.60355339059327384 0.26852288081569858 -0.99981480381338828 0.20228314502110403 -0.21772121422198129 -0.25118773779856163 10.350000000000001 9.5000000000000036 9.0000000000000036 5.5950000000000033 -0.27608674622158907 -4.4771641028968583 -0.30900554811238695 -0.25950218452349683 0.74409704927257569 8.1099999999999994 3.8950000000000005 6.7550000000000017 2.0973537008014209 -0.7610972106345526 1.5691652983422417 0.36895902539387043 1.0258695460507286 -1.7736156707084054 -0.78656609248549325 -0.78656609248549325 1.7350000000000001 5.7600000000000007 2.9005914907431412 9.980000000000004 12.345000000000001 1007.35 2.3450000000000002 5.5200000000000022 0.098816478347602127 -0.99052327954040364 -0.5 2.3812354573956864 0.78297285307474518 8.8599999999999994 1003.4500000000002 0.56312986467441573 2.1150000000000007 5.4750000000000005 3.7050000000000005 3.3250000000000006 0.37940952255126048 0.59125596962661842 6.7800000000000038 7.6100000000000021 -1.0340436641555184 -0.5416228050394748 -0.72660079619119988 1010.0500000000001 10.235000000000001 10.780000000000001 1011.5500000000001 -3.1482441192171247 0.44437406304545285 6.7800000000000038 4.8960588737313513 1011.0500000000001 4.7439818142699481 0.59125596962661842 1005.4500000000002
decision_type=2 2 2 2 2 2 2 2 2 2 2 2 2 2 2 2 2 2 2 2 2 2 2 2 2 2 2 2 2 2 2 2 2 2 2 2 2 2 2 2 2 2 2 2 2 2 2 2 2 2 2 2 2 2 2 2 2 2 2 2 2 2 2 2 2 2 2 2 2 2 2
left_child=1 2 3 4 69 7 15 8 -6 13 11 24 -12 14 -10 16 -2 -18 -17 22 26 -22 23 -20 25 -9 27 29 -29 30 -7 32 53 34 39 47 37 -37 -38 45 68 -42 50 -44 -45 -34 -14 -35 -49 62 51 -43 -31 54 -21 -56 -8 58 -58 -60 -59 -48 63 -19 -62 66 67 -66 -33 -1 -71
right_child=6 -3 -4 -5 5 20 56 10 9 -11 12 -13 46 -15 -16 18 17 49 19 31 21 -23 -24 -25 -26 -27 -28 28 -30 52 -32 40 33 35 -36 36 38 -39 -40 -41 41 42 43 44 -46 -47 61 48 -50 -51 -52 -53 -54 -55 55 -57 57 60 59 -61 64 -63 -64 -65 65 -67 -68 -69 -70 70 -72
leaf_value=-0.002336439274574447 0.01851000628379074 -0.0038145617733304372 0.0014542286557423767 -0.027916371597828182 0.0026011412827914768 0.0056463969116819371 -0.024373277543336746 0.0010223259064259321 0.00073274928176563414 0.0010103138673390748 -0.0032237853977062142 0.028346379213296143 0.00019370571326288435 -0.0022425236511718657 0.028728544356137319 -0.019049840624206203 0.0014287907704427188 0.00074339047845405732 -0.0051823175135249436 -0.0012609247217569711 0.0057019650073364238 0.011742397051349824 -0.00063880393156362633 0.0068485095078316344 -0.0030982296246128038 -0.00025221201014540977 -0.0086229233367381107 0.0032846121192714271 0.00034738205073284103 -0.0016692781266504672 0.0049545485382702856 -0.0023186194066378645 -0.00056635479276155977 -0.0026550881217156461 0.021520796054022465 0.00072498065811027576 0.0024097004314686445 0.0023951821017898574 -0.0014608990208191492 0.0015392961835808041 0.02198369156493547 0.00082985384629535278 -0.0088065927414716534 -0.0019932301772654214 0.0083840677653456361 0.0063973741995939203 0.00055397035479931361 0.00045821855148998035 -0.001006482980396716 0.0031713652405338313 -0.0091652953210166702 0.012032039772078104 0.025910363578896624 -0.0075808949246789327 -0.0087506324479870879 -0.0012622796842092557 -0.00068799187431063484 -0.032794734195555009 0.006103505882696026 0.011687823184725145 -0.03704465960913559 -0.001980055516856179 0.009797119592065617 -0.018431627231167196 0.0012022959423442217 -0.00079819592333858313 -1.2489830380473968e-05 0.015789588777246413 0.0052520101663034932 -0.0034798074202177513 0.011405542757490155
leaf_weight=577.92760309576988 63.241369992494583 327.79040288925171 171.04019147157669 464.34927028417587 113.06138437986374 84.708753168582916 1667.8103791177273 294.70776098966599 5841.8649070858955 199.3792490363121 2198.087400406599 104.57048088312149 181.14658606052399 605.49486464262009 92.6622653901577 755.22581353783607 104.88868519663811 74.968197882175446 170.33735013008118 434.43271017074585 104.42474848031998 105.06901425123215 182.72272425889969 202.17833253741264 588.20521423220634 1079.50791695714 137.62793904542923 138.63710004091263 94.378420770168304 342.50549599528313 125.5391431748867 1559.7948783934116 497.00546362996101 1156.2386407852173 135.01756036281586 113.35884439945221 114.80340415239334 326.54729083180428 558.20299232006073 116.42000362277031 71.574539721012115 3137.4119859337807 2343.579238653183 245.57389745116234 123.63266736268997 108.12106826901436 558.31606099009514 90.671735137701035 483.1620209813118 85.755082607269287 444.23615205287933 191.80580931901932 87.382054448127747 591.74482044577599 114.01688140630722 256.60016748309135 706.5734501183033 1170.0218711495399 62.228838354349136 72.586284190416336 502.6314412355423 302.35124856233597 79.719545364379883 375.09280318021774 198.95710197091103 363.66679528355598 138.14517906308174 172.88746601343155 120.72777423262596 114.23556870222092 148.48029920458794
leaf_count=611 76 89 72 386 97 43 2127 304 5263 153 1530 46 103 531 56 485 113 83 131 290 82 74 91 106 468 783 114 131 75 267 184 1520 352 461 66 35 77 250 366 74 92 4340 2828 315 97 80 409 73 579 106 587 230 150 241 53 207 1137 1270 103 87 546 146 103 456 199 402 105 230 104 72 97
internal_value=0.00018929 0.00101675 0.00081979 0.000710054 0.000885256 0.00112851 -0.00041952 0.000813212 0.00164165 0.00141678 -0.000239141 0.00164034 -0.00146745 0.00113633 0.00156332 3.20946e-06 0.00337175 0.00169587 -0.00017121 4.51858e-05 0.00418539 0.0103521 0.00468043 0.00745329 3.38607e-05 0.00142431 0.00279172 0.00398137 0.00914735 0.00192599 0.00783413 -0.000141666 0.000786412 0.00168085 0.0046741 0.000742674 0.00345584 0.0078648 0.000416275 0.00260148 -0.000727219 -0.000220246 -0.000372433 -0.00170964 0.00199345 0.000890014 0.00153524 -0.00095113 0.00157133 -0.00020855 0.000564613 0.000967862 -0.000776484 -0.00151439 -7.60194e-05 0.00288521 -0.0017275 -0.0011186 0.000545214 0.00888105 -0.00170512 0.000305921 -0.00158564 -0.00267563 -0.000259062 0.00073776 0.00230204 0.00445987 -0.00264653 -0.00286695 0
internal_weight=35667.8 15183.5 14855.7 14684.6 14220.3 13379.6 20484.3 12159.4 6852.46 6739.4 5306.89 2066.99 3239.9 6540.02 5934.53 15428.8 783.666 720.424 14645.1 13889.9 1220.27 209.494 555.238 372.516 1962.42 1374.22 1010.78 873.151 233.016 640.135 210.248 13334.7 5096.34 3699.55 856.564 2842.98 1112.91 439.906 673.006 721.547 8238.34 6557.81 6486.24 2712.79 369.207 605.127 1041.81 1730.07 573.834 615.536 3773.45 3329.22 429.888 1396.79 805.05 370.617 5055.51 3387.7 841.389 134.815 2546.31 860.667 529.781 450.061 1376.29 873.657 509.99 371.845 1680.52 840.643 262.716
internal_count=33609 12336 12247 12175 11789 11009 21273 9889 6100 6003 3789 1601 2188 5850 5319 15067 937 861 14130 13645 1120 156 328 237 1555 1087 964 850 206 644 227 13317 3204 2413 572 1841 728 285 443 506 10113 8489 8397 3240 412 432 658 1113 652 748 5157 4570 417 791 550 260 6206 4079 1327 190 2752 555 642 539 1482 936 534 429 1624 780 169
is_linear=0
shrinkage=0.0955619


Tree=98
num_leaves=72
num_cat=0
split_feature=6 2 7 3 8 7 8 7 2 7 8 7 7 3 7 2 9 8 8 2 2 1 2 7 8 1 7 8 9 1 1 3 3 1 0 2 3 8 3 8 9 8 1 2 8 3 3 8 6 3 3 5 6 8 8 8 1 1 0 7 5 5 9 1 1 3 6 2 2 2 7
split_gain=1.83121 1.4009 1.32082 1.3044 2.56218 1.41379 1.39615 1.71531 1.13114 0.897418 1.22815 1.44647 2.35454 3.61758 0.802471 0.790498 0.991003 1.09107 3.01414 2.57617 1.10922 0.727829 6.46523 0.706989 0.952362 0.821106 1.3317 0.699021 0.660063 0.833734 0.798884 0.650113 1.04084 0.736849 1.00133 0.602108 0.593487 0.690077 0.593315 0.558448 0.527028 0.567874 0.513488 0.601966 0.476636 0.466058 0.6185 0.447844 0.438536 0.995881 0.403152 0.782674 0.345125 0.344832 0.335693 2.15236 0.36201 0.315955 0.31356 0.306579 0.30521 0.299818 0.775613 0.394543 0.474995 0.290287 0.286414 0.270163 0.247453 0.235641 0.223507
threshold=-0.78656609248549325 -0.99981480381338828 8.9050000000000011 3.5650000000000004 11.170000000000002 13.115000000000004 10.620000000000001 10.535000000000002 0.064506059999340642 8.1250000000000018 4.3950000000000005 4.835 5.0500000000000034 2.4650000000000003 15.355000000000002 -0.94695267581281539 2.0595665196220385 6.7400000000000011 6.830000000000001 -0.84291031405530259 0.17553149042142802 -0.99628894895067444 -0.073092422389869308 11.240000000000002 12.235000000000001 0.90149333598846393 12.960000000000001 7.4900000000000011 -2.1009412947396835 0.33346569090932193 0.99052327954040398 3.9650000000000003 3.9350000000000005 0.98521098335796142 -0.60355339059327384 -0.98208922706762081 3.5850000000000004 8.8250000000000028 1.905 6.8500000000000005 3.2390400283295393 7.3700000000000001 -0.67760851415498069 -0.70862667826445969 8.9250000000000007 1.1050000000000002 2.2750000000000004 15.010000000000002 -0.70710678118654757 4.535000000000001 1.3350000000000002 -0.60355339059327362 -0.5 3.8850000000000002 6.5000000000000027 6.2300000000000031 -0.69016699705532225 0.86095304316285726 0.37940952255126048 6.5900000000000025 -0.78656609248549303 -0.78656609248549303 -4.5795769460136126 0.56314550935064711 0.49002412863433359 2.2350000000000008 1.0000000180025095e-35 -0.14153505243942446 0.16704543776228128 -0.38168922026665864 4.6600000000000028
decision_type=2 2 2 2 2 2 2 2 2 2 2 2 2 2 2 2 2 2 2 2 2 2 2 2 2 2 2 2 2 2 2 2 2 2 2 2 2 2 2 2 2 2 2 2 2 2 2 2 2 2 2 2 2 2 2 2 2 2 2 2 2 2 2 2 2 2 2 2 2 2 2
left_child=2 -2 9 6 -5 57 -4 8 -8 10 -1 38 13 -13 21 27 17 19 -19 -17 -20 22 -3 -9 -25 26 -26 39 29 35 31 32 33 45 -35 60 -11 -38 -12 -14 -18 -42 43 -37 54 -30 -47 -28 49 -33 51 -24 -50 -45 55 56 67 -6 -56 -52 -23 62 -31 64 -63 -43 69 -40 -21 -54 -65
right_child=1 14 3 4 5 -7 7 23 -10 36 11 12 15 -15 -16 16 40 18 20 68 -22 28 50 24 25 -27 47 -29 30 61 -32 48 -34 34 -36 42 37 -39 44 -41 41 65 -44 53 -46 46 -48 -49 52 -51 59 -53 66 -55 58 -57 -58 -59 -60 -61 -62 63 -64 70 -66 -67 -68 -69 -70 -71 -72
leaf_value=-0.00087704874235380393 0.0023525714011884235 0.0048178911415993984 -0.010664824964787696 0.0057354098514001426 0.00015169529662495496 0.0016333871067526857 -0.0027663143819178708 -0.0059568212849310286 -0.00022000856452571906 -0.0064640074568292497 -0.0042537694684673388 0.0021282501610753505 -0.0050131392255294751 -0.00066851831938276351 0.00038494394609356894 0.00018706207316175963 -0.002601848750343323 0.00047422143529371881 0.0015103912967824326 -0.0017632492731569375 -0.00013327493950292984 0.0044283830126335185 -0.061282346954913788 -0.00034487772369295002 -0.0061264716202211753 -0.0009314358313836827 0.031002037476120327 -0.0033335595932795954 -0.010171065051810438 0.0015844400183131001 -0.0020970478391094593 -0.0020704889537653164 0.0017045663469403335 0.0009001414171349 -0.0015109224547832463 0.017572449290325805 0.0024305281765684655 -0.0061678459650134033 0.00089109739601008571 0.00078849043032545711 0.0009929994127816004 -0.0074570060010838478 -0.030588518201164566 0.013157448804553599 0.0051872655489926889 0.00067474547195826384 -0.00034962845405497975 0.0021794249924092547 -0.0079918727407073988 0.0022945057005483577 -0.037003341851731229 0.017647301580693331 0.020505988969690796 -0.013572705826736014 -0.0023922943252184113 0.00032032192870021356 -0.0038848794887346191 -0.0018205084814826239 -0.0040625008665559435 7.6340231526919372e-05 -0.00014848418090040907 -0.00052673775993341459 -0.00088021485413713649 0.0095083947514051272 0.018119012060179303 0.013509762429610685 -0.012728459650111518 -0.052237648067526558 -1.2921860665663342e-05 -0.00054738463826428869 -0.017261785539338347
leaf_weight=148.5407278239727 152.84719300270081 66.517832309007645 344.57661136984825 266.62301728129387 233.34710970520973 259.84087711572647 160.31884920597076 222.99083426594734 170.28471708297729 575.6577296257019 648.71910831332207 286.415208786726 205.77794831991196 304.43381348252296 125.46061757206917 181.16426777839661 644.6936326622963 154.00469845533371 2106.5318521261215 570.48786967992783 977.9136375784874 121.79354372620583 67.514879643917084 154.83294650912285 173.91451597213745 266.40286761522293 98.140914142131805 554.90016484260559 1356.2794571220875 121.21502357721329 1123.0883727669716 203.13877484202385 64.474813580513 104.13149732351303 155.63778659701347 75.68879634141922 130.3401757478714 153.60340666770935 95.06011974811554 184.77467638254166 193.14548307657242 231.95443561673164 1868.4196165800095 73.955360114574432 237.51966086030006 5816.8006550371647 6181.9155741333961 94.775442719459534 622.32412719726562 286.22650468349457 279.63347288966179 75.188883244991302 166.27645468711853 868.40541797876358 441.51643806695938 142.48015749454498 362.15949758887291 317.00084972381592 437.871507614851 69.328320920467377 202.68880552053452 243.16049951314926 358.13151258230209 177.55018734931946 103.96193835139275 203.5238541662693 498.50422823429108 112.7495324909687 212.58159571886063 231.6439480483532 544.29575404524803
leaf_count=58 152 76 189 136 195 94 42 128 148 276 401 120 87 162 145 66 297 50 809 256 877 104 61 91 127 73 70 235 1781 131 941 80 48 56 140 74 58 96 67 82 77 125 2363 111 144 7974 6733 88 447 113 435 135 158 1294 191 91 191 81 401 53 285 351 365 236 136 88 651 117 121 249 726
internal_value=0.000128151 -0.000395614 0.00102005 0.0028856 0.00550392 0.00266579 0.00115225 0.00258917 0.00855628 0.000519557 0.000790914 0.000644026 0.00135189 0.00713156 -0.000462703 0.000802857 0.00125338 0.00196852 0.00281467 -0.000776389 0.00212101 -0.000510244 0.00286001 0.000528775 0.00195475 0.000148637 0.00321113 -0.00170408 -0.000602134 -0.00160022 -0.00031379 -0.000131039 9.83108e-05 3.29087e-05 0.00505268 -0.00248003 -0.00240786 0.000898332 -0.0013206 0.00120948 -0.00103277 0.000820156 -0.00292868 -0.00106819 -0.000380817 -5.86769e-05 0.000123985 0.00873888 -0.00173807 0.00059613 -0.00079752 0.00315675 -0.00255148 -0.00181156 -0.00102386 0.000408333 -0.00209102 0 -0.00228817 -0.00269232 0.00121615 0.000165081 0.00219147 -0.000659272 0.00184306 -0.000916753 -0.00119718 0.000718193 -0.00324561 0.00052195 -0.00199417
internal_weight=35667.8 22406.2 13261.6 2763.05 1076.81 810.189 1686.24 1341.66 330.604 10498.5 9638.92 9490.38 7012.3 590.849 22253.4 6421.45 5476 4202.68 3238.45 964.234 3084.45 22127.9 558.183 1011.06 788.067 633.234 366.831 945.453 21569.7 4759.27 16810.4 15687.4 13679.2 13614.8 259.769 3210.95 859.601 283.944 2478.08 390.553 1273.32 628.624 2886.47 1018.05 1829.36 13355 11998.7 192.916 2008.11 489.365 491.666 142.704 1518.75 942.361 1591.84 712.449 569.969 550.348 879.388 348.962 324.482 1548.31 479.347 1068.97 347.122 435.478 896.425 207.81 783.069 397.92 721.846
internal_count=33609 26604 7005 1462 506 370 956 767 190 5543 5113 5055 3452 282 26452 3170 2766 2179 1736 443 1686 26307 760 577 449 358 285 404 25547 6176 19371 18430 16732 16684 196 4231 430 154 1603 169 587 290 3842 1479 1202 16488 14707 158 1698 193 684 196 1505 1405 1058 466 375 276 592 488 389 1945 496 1449 487 213 1058 184 377 407 962
is_linear=0
shrinkage=0.0955619


Tree=99
num_leaves=72
num_cat=0
split_feature=6 1 9 4 2 7 1 9 9 8 8 0 7 4 4 2 8 8 9 2 2 2 7 8 2 8 2 2 9 4 1 4 1 4 4 1 1 4 9 9 2 2 0 8 6 8 4 1 8 1 2 2 0 4 6 9 7 9 8 1 1 6 7 1 7 2 2 8 1 2 4
split_gain=2.47811 1.68523 3.54402 0.899275 0.826801 1.50941 1.26579 1.1113 1.38157 1.15701 3.59231 1.38004 1.55468 1.15639 1.5228 1.03537 1.00469 1.41317 0.765471 0.732774 0.594032 1.30777 0.601138 0.585841 0.511041 0.49342 0.773197 0.659459 0.961241 0.70093 0.621884 0.978904 0.536322 0.624233 0.547914 0.640902 1.55012 0.812252 0.591745 0.59825 0.465347 0.423165 0.852561 0.383913 0.33677 0.321786 0.306686 0.63556 0.554053 1.13678 0.458046 0.37798 0.5204 0.843347 0.716244 4.12045 0.554146 0.659245 0.407306 0.884886 0.51943 0.389399 0.575291 0.572472 0.572113 0.397388 0.37232 0.346338 0.322461 0.489494 0.309236
threshold=-0.37940952255126015 -0.99628894895067444 -1.8823668277034871 1007.4500000000002 -0.15855351192338588 13.115000000000004 0.97505550290239451 0.4914469144387788 0.10224542043327213 5.6900000000000004 5.8450000000000015 -0.5 7.3599999999999985 1006.1500000000002 1007.1500000000002 -0.87792756428346708 6.9300000000000024 6.6200000000000037 -0.70275617254445588 -0.8140159405215136 -0.67758968959607091 -0.62538740722492581 7.4400000000000039 7.3700000000000001 -0.30900554811238695 14.215000000000002 0.13300977955191609 -0.04732138832243208 1.3279240974452213 1007.85 0.99817629101047833 1008.7500000000001 0.97310932590074095 1005.9500000000002 1007.6500000000002 -0.5416228050394748 -0.57023701209772126 1010.6500000000002 -6.4121108504879798 0.12477726858016781 -0.021515300460958474 0.91586428826728705 -0.37940952255126015 12.129999999999999 -0.9159756150367534 9.4649999999999999 1005.0500000000001 -0.57728627067906269 7.5700000000000029 -0.86958133671945925 0.098816478347602127 -0.49749486057528974 -0.12940952255126037 1007.4500000000002 -0.12940952255126037 -1.920027213700944 3.0200000000000018 -3.7007629824741382 9.3300000000000018 -0.7610972106345526 0.42888796625999276 -0.12940952255126037 11.325000000000001 0.86958133671945947 9.620000000000001 0.030119189164198128 0.8977101403255705 5.7549999999999999 0.84293373149377093 -0.44437817810461328 1012.85
decision_type=2 2 2 2 2 2 2 2 2 2 2 2 2 2 2 2 2 2 2 2 2 2 2 2 2 2 2 2 2 2 2 2 2 2 2 2 2 2 2 2 2 2 2 2 2 2 2 2 2 2 2 2 2 2 2 2 2 2 2 2 2 2 2 2 2 2 2 2 2 2 2
left_child=1 2 -1 -4 5 6 7 8 9 44 -11 12 -12 -10 -15 -16 17 19 -13 -9 23 -22 43 -18 -24 26 30 -27 29 -29 -6 -32 33 -28 -35 36 37 -36 -37 -40 -5 46 -43 -23 -3 -44 47 48 49 50 -2 52 54 -54 55 -48 -55 -58 66 -60 -61 65 63 -63 -65 -62 67 -53 -49 -70 -67
right_child=41 4 3 40 25 -7 -8 16 13 10 11 18 -14 14 15 -17 20 -19 -20 -21 21 22 24 -25 -26 27 32 28 -30 -31 31 -33 -34 34 35 38 -38 -39 39 -41 -42 42 45 -45 -46 -47 51 68 -50 -51 -52 58 53 56 -56 -57 57 -59 59 60 61 62 -64 64 -66 70 -68 -69 69 -71 -72
leaf_value=0.00081952183758138113 -0.041538981106456943 -0.00040753378437554121 -0.01381748120532445 0.010773689962618802 -0.0020141726338276846 -0.003858954568818749 0.0026332562144580885 0.0003987106357514989 -0.001904749104469276 0.002309765109103122 -0.00028376721535382568 0.00052406983459080461 0.0045165990006437416 0.0026666910935342967 -0.0021347228684798548 -0.0024258833483725042 -0.00090589220235716753 0.00044175738463990129 -0.00042066371182912407 -0.00089971139733806087 0.0037970545444721807 -0.011596735843839459 -0.0006108484350929932 -0.0016920203872487333 0.0011229892469637719 -0.0014954556537963553 0.00099284633360069603 -0.00026835734473705557 -0.0059312517722656015 0.00024808883944696792 0.0034337384839926446 -0.0022813869202279544 0.00099813471734839913 -0.0036569621217810554 -0.00037915650955702988 0.00045288548072834747 0.0026082824270303824 0.0033552375677568819 -0.019009325954389183 -7.8060254122058271e-06 -0.0015675161285002516 0.0014314963592643194 -0.011221970885503588 -0.0018158406907638706 -0.0033989722277146138 -0.074304932766012743 0.015804753058363302 -0.0085759914135447191 -0.021000681199326111 0.020525834862100651 0.038838719698351794 0.002218230546563726 -5.0992274371825704e-05 -0.004908774051411771 -0.00034334079426302116 -0.0017241373707663152 -0.01527417477544726 0.017510051990457028 0.033245835626629534 -0.039956931408707756 -0.00057695358631652523 0.0093140347372923978 -0.04945524754556628 -0.0057328042070569039 0.008609011416143059 0.035621860667085399 0.011498542026267808 -0.0044898021147694173 0.010029320228707166 -0.0015707227172113969 -0.001802219412936982
leaf_weight=116.76121041178703 163.14260917901993 277.1275035738945 227.01401796936989 141.09596091508865 1198.1526648104191 349.13846969604492 348.64049363136292 217.80090224742889 364.37178951501846 201.64463225007057 331.41313788294792 2592.6357662975788 219.85700052976608 155.51217466592789 153.5958693921566 221.37429416179657 387.11496877670288 368.32510775327682 1304.7145901918411 307.27146729826927 298.07102459669113 585.18713253736496 762.49086779356003 1640.0988601744175 279.19317150115967 110.4988739490509 307.1980074942112 98.88355553150177 245.46242594718933 288.49175837635994 172.78172853589058 200.04352849721909 571.42802149057388 616.15672382712364 792.44832316040993 124.92821118235588 83.802866131067276 749.57182863354683 1242.1411581337452 1856.8428640067577 149.41882038116455 955.78730541467667 283.66214942932129 183.7759222984314 420.85627645254135 1217.5515334606171 84.523877948522568 763.62481352686882 114.12321183085442 78.14490807056427 54.618166983127594 643.95971372723579 885.70949745178223 117.99991059303284 1905.4436371326447 192.09973320364952 60.342926234006882 445.29357907176018 80.417376548051834 288.22322264313698 87.692054271697998 700.88525328040123 355.81073370575905 478.3907585144043 232.803351521492 166.79288858175278 73.533448308706284 3535.070957005024 86.867409706115723 294.8012974858284 57.120305508375168
leaf_count=73 286 117 110 53 520 75 108 139 153 84 160 1389 107 63 78 120 152 153 649 196 98 328 223 721 74 25 154 78 180 309 52 112 180 398 654 109 62 791 1397 1746 124 1351 352 62 232 1192 65 1061 173 96 92 1077 1590 210 2744 136 114 793 129 399 83 1042 528 746 360 238 111 5595 68 291 79
internal_value=0.000256882 0.000914363 0.00577856 0.00214089 0.000759557 0.00127429 0.00107793 0.000892104 0.00174469 0.0011394 0.00169599 0.00110354 0.00558225 0.00524425 0.0081039 0.00440125 -0.000147983 0.00273016 0.000442743 -0.000288572 -0.000793635 0.000290947 -0.000630597 -0.0019669 0.000796602 3.6999e-05 -0.000173351 0.00239535 0.00102144 0.00408827 -0.00207686 0.00114548 0.000283878 0 -0.000229525 9.34384e-05 0.00165565 0.000891276 -0.000666053 -0.000953743 0.00573031 -0.000707158 -0.0018615 -0.00268156 -0.00242774 -0.00328556 -0.000461577 -0.00172311 0.00134641 0.00368805 0 -0.000263378 0.000498203 0.00187245 -0.000410583 0.00403983 0.00455669 0.00595326 -0.000696937 0.000253346 -4.72878e-05 0.000440991 -5.81054e-05 0.000754252 -0.00106096 0.00354794 -0.00126583 -0.00140339 -0.0029042 -0.000352679 0.00574923
internal_weight=35667.8 21263.3 634.29 517.529 20629 11970.2 11621.1 11272.4 6243.1 5348.25 4650.27 4448.62 551.27 894.854 530.482 374.97 5029.33 893.397 3897.35 525.072 4135.93 2108.72 1810.65 2027.21 1041.68 8658.83 7915.5 743.337 632.838 387.375 1570.98 372.825 6344.52 5773.09 5465.89 4849.74 1625.82 1542.02 3223.91 3098.98 290.515 14404.4 2457 768.963 697.984 1501.21 11947.4 1555.32 410.029 295.906 217.761 10392.1 3691.41 1509.35 2182.07 276.624 623.636 505.637 6700.7 2448.14 2367.72 2079.5 1767.89 1412.08 711.194 311.605 4252.56 4179.03 1145.29 381.669 223.913
internal_count=33609 12608 360 287 12248 5481 5406 5298 3152 2738 2389 2305 267 414 261 198 2146 488 2038 335 1658 785 687 873 297 6767 6175 592 567 387 684 164 5491 5311 5157 4759 1507 1445 3252 3143 177 21001 2895 390 349 1544 18106 2067 647 474 378 16039 5652 2707 2945 201 1117 907 10387 3604 3475 3076 2676 2148 1106 400 6783 6672 1420 359 317
is_linear=0
shrinkage=0.0955619


Tree=100
num_leaves=72
num_cat=0
split_feature=6 1 9 8 7 2 9 4 2 8 1 8 4 1 7 7 4 9 1 7 2 2 3 3 3 8 3 7 8 8 8 8 9 7 2 1 5 9 7 2 6 8 3 3 7 6 3 8 9 1 3 3 8 7 9 2 2 5 7 1 1 2 1 4 4 4 9 3 3 8 8
split_gain=2.65992 1.73653 3.49003 2.02475 1.11099 2.18576 1.34733 0.99433 0.896194 1.29722 1.08255 1.13592 1.32256 2.40537 3.41745 1.89222 1.74723 1.95114 1.59833 1.30222 1.58291 3.54427 1.00953 2.04763 1.10555 0.96437 0.93434 0.863315 0.891366 0.608 0.607187 1.19757 1.38241 0.838727 0.699699 1.27427 0.60545 0.597427 0.593392 0.539437 0.604381 0.505798 0.919758 0.441959 0.549285 0.562082 0.529097 0.567002 0.871806 0.555785 0.994949 0.68834 0.991456 0.434483 0.427849 0.390801 0.390374 0.728461 0.433964 0.382033 0.546584 0.45697 0.358858 0.371923 0.52742 0.342037 0.330127 0.299621 0.292042 0.288042 0.273553
threshold=-0.37940952255126015 -0.99628894895067444 -1.8823668277034871 6.6900000000000004 13.115000000000004 -0.36572252349726903 1.4771880117935512 1007.85 -0.15855351192338588 5.2650000000000015 0.9821165111257959 6.830000000000001 1006.9500000000002 -0.36571913681022022 4.6300000000000017 4.9799999999999995 1004.6500000000002 -2.0659296526119255 -0.67760851415498069 5.0000000000000027 -0.67758968959607091 -0.63872576220844923 4.1650000000000009 4.7950000000000008 4.5950000000000006 7.3549999999999995 4.5050000000000008 9.9000000000000021 9.0100000000000016 10.620000000000001 6.4249999999999998 6.9799999999999995 -0.27562232671042247 5.335 0.13300977955191609 0.97310932590074095 0.60355339059327384 -1.8456097642358082 5.7300000000000031 -0.99463397642532658 0.37940952255126048 8.0300000000000011 0.66500000000000015 4.1950000000000012 7.8650000000000011 0.37940952255126048 1.2950000000000002 9.7350000000000012 -0.75856680626645623 0.94417876540878176 3.0850000000000004 2.4950000000000006 8.5200000000000031 7.6099999999999985 0.02424476175698587 -0.70862667826445969 -0.65187484896379921 0.25881904510252091 4.5950000000000015 0.34964421742355262 -0.67760851415498069 -0.69014782361074123 0.97310932590074095 1010.35 1004.2500000000001 1010.9500000000002 -1.1694000864757663 2.7750000000000004 3.0250000000000004 11.059999999999999 4.825000000000002
decision_type=2 2 2 2 2 2 2 2 2 2 2 2 2 2 2 2 2 2 2 2 2 2 2 2 2 2 2 2 2 2 2 2 2 2 2 2 2 2 2 2 2 2 2 2 2 2 2 2 2 2 2 2 2 2 2 2 2 2 2 2 2 2 2 2 2 2 2 2 2 2 2
left_child=1 2 -1 -4 8 -6 7 -7 9 -3 11 12 16 15 36 18 17 -11 -14 56 27 -22 30 24 29 -23 -18 28 -21 65 -10 32 33 -32 67 41 -15 39 -34 40 -2 53 -43 44 45 -39 -46 48 -48 51 -51 52 -50 -36 -49 -56 57 -13 -59 60 61 -41 63 64 -57 -24 -9 -33 -47 -65 -63
right_child=37 4 3 -5 5 6 -8 66 22 10 -12 19 13 14 -16 -17 26 -19 -20 20 21 25 23 -25 -26 -27 -28 -29 -30 -31 31 34 38 -35 35 -37 -38 43 -40 59 -42 42 -44 -45 46 68 47 54 49 50 -52 -53 -54 -55 55 62 -58 58 -60 -61 -62 70 -64 69 -66 -67 -68 -69 -70 -71 -72
leaf_value=0.00074120681198569754 0.015163670567371274 -0.0010635654999630513 -0.020514868619429125 0.0019990558267966329 0.00082990858053521015 0.00032213998076312115 -0.0057339330123056826 0.0011885798579220912 -0.00037148574116154903 0.0019780053512286891 0.010469496960861819 -0.0081655720715359814 0.0022386216450677359 -0.017736476797385825 0.0015801756377118157 -0.00069797447748118433 -0.0039154091223392289 -0.0019453234022749398 -0.0077811435564686957 1.1287256393522421e-05 0.0074449089346074809 -0.010119621000632763 -0.00025075504442822094 -0.0064501938505835965 0.0055506072739637986 0.00064315835716835816 -0.00092605019235221693 0.00094318187890307301 -0.0051785277048835843 0.0048591890435534255 0.0043115401887284868 -0.0017424754950536583 -0.0020831599491544913 0.00068426092460292061 -0.014138931786886112 0.00048521633652451752 0.00018038293861709958 -0.0029804857026324671 0.0068055741347587094 0.020558903273514208 -0.010311309575758451 0.00055586087439452579 -0.0002850975520360312 -0.0019789671792641008 -0.011261956665951351 0.0013350832918386736 0.050629920137108084 -0.0078236294927171348 0.0015045301310720135 0.0044879281942087164 0.051688446787847307 -0.00038183075839673375 -0.0057971475641441887 -0.00012794267588160925 -0.017680221121199484 -0.044344193714530168 -0.0022253984833384699 0.0047504804065991221 -0.021405859621081134 -0.0003670460804914663 -0.030468368269404376 0.0055776407205134207 -0.0057872162517952292 0.030227173280387674 0.020698139287718985 0.0029898938826751226 -0.0061335121372070346 -0.0036031742410041439 -0.00088227094674881389 -0.011099107888766098 -0.015613041429217761
leaf_weight=116.76121041178703 54.056889802217484 544.79113042354584 240.18201348185539 277.3467857837677 264.97073721885681 124.12187850475311 408.46355074644089 111.82858538627625 804.57140603661537 142.46941024065018 173.37392830848694 288.8875612616539 249.59551173448563 140.42777538299561 443.52300509810448 311.97257524728775 657.95094907283783 190.24614685773849 135.22483149170876 3140.3154246807098 354.852967441082 386.10127121210098 100.55231818556786 403.29809391498566 141.75943613052368 1938.0936877429485 199.89810228347778 240.03216826915741 553.06209856271744 163.86965125799179 166.64187204837799 652.86493092775345 205.32822960615158 131.83266481757164 916.36382582783699 354.09026831388474 110.59643259644508 3028.3160448074341 179.58815512061119 50.088106751441956 75.744811594486237 94.53445753455162 2921.2396194934845 713.5520988702774 305.15958112478256 3356.4683913588524 72.328986167907715 615.13473573327065 115.51393321156502 105.06114792823792 79.88721552491188 205.94897776842117 173.57908710837364 198.853121727705 110.80098342895508 60.571993231773376 700.71461662650108 592.03890931606293 126.90444967150688 1207.3239029049873 1846.1998920440674 166.2048998773098 151.34694746136665 74.822525680065155 400.76067361235619 89.431977152824402 93.173441708087921 480.59278774261475 482.28354942798615 253.70612594485283 699.57512897253036
leaf_count=73 78 273 176 111 54 97 180 105 686 71 54 90 213 85 140 130 303 91 100 1135 99 155 62 422 110 661 108 113 295 148 124 236 159 61 707 118 115 4283 102 79 134 75 2906 792 405 5604 96 815 119 92 72 216 246 123 155 77 458 623 94 1771 2505 284 212 104 590 101 85 181 734 360 1178
internal_value=0.000266312 0.000947414 0.00588532 0.00227162 0.000790329 0.00390711 0.00107784 0.00569209 0.000625853 0.00116263 0.00139275 0.0012624 0.00302368 0.0050314 0.00901682 0.000906276 0.000593077 0.00650035 0.00548387 0.000703874 0.00131936 0.00311068 -0.000141781 0.00285463 0.00699733 0.00169915 -0.00160182 7.42504e-05 -0.000264134 0.00372361 -0.000534876 -0.000202739 0.00354517 0.00840063 -0.000676684 -0.000118133 0 -0.000732597 -9.04832e-06 -0.00171366 0.00407026 -0.000611317 1.40993e-06 -0.000332934 -0.000151529 -0.000615442 0.000982836 0.0014813 0.00367229 0.00241533 0.00689676 0.000525744 0.0036802 -0.00234823 0.000432344 0.00164463 -0.00162185 -0.000311023 0.00121789 -0.0019289 -0.00255579 -0.000522365 0.00233788 0.00319466 0.0049634 0 0.0010534 -0.00279913 0.00013015 0.000408719 -0.0011401
internal_weight=35667.8 21263.3 634.29 517.529 20629 1002.56 737.587 329.124 19626.5 11621.1 11076.3 10902.9 2581.9 1391.34 694.547 696.793 1190.56 332.716 384.82 8321 6612.46 2679.05 8005.41 898.911 495.613 2324.19 857.849 3933.41 3693.38 353.854 7106.5 6301.93 683.391 298.475 5618.54 4485.08 251.024 14404.4 384.916 4099.19 129.802 4130.99 3015.77 10305.2 9591.69 6867.07 2724.62 2419.46 752.319 679.99 184.948 495.042 289.093 1115.22 1667.14 1052.01 1708.55 1007.83 718.943 3969.39 2762.07 915.868 941.208 789.861 461.333 189.984 205.002 1133.46 3838.75 328.529 865.78
internal_count=33609 12608 360 287 12248 521 467 287 11727 5406 5133 5079 1356 783 340 443 573 162 313 3723 2458 915 6321 843 421 816 411 1543 1430 311 5478 4792 446 185 4346 3929 200 21001 261 6029 212 3811 2981 14972 14180 10621 3559 3154 841 745 164 581 365 830 2313 1498 1265 807 717 5817 4046 1541 1343 1131 667 163 190 417 6338 464 1462
is_linear=0
shrinkage=0.0955619


Tree=101
num_leaves=72
num_cat=0
split_feature=6 1 6 9 7 2 9 4 7 1 7 2 2 7 7 9 6 2 7 7 1 2 9 2 9 3 3 7 9 7 0 0 0 2 7 3 2 0 2 0 9 1 1 9 3 4 4 2 1 9 9 6 9 7 3 2 4 0 4 9 1 1 1 7 4 7 3 1 1 9 7
split_gain=2.68702 2.11489 2.39714 3.14655 1.04418 2.18576 1.34733 0.99433 0.823291 0.884446 0.812596 0.837511 1.0978 2.16706 1.97169 3.32409 2.77822 1.95951 1.11419 1.1107 1.04778 2.3368 1.89708 1.32296 0.740528 0.750733 2.93913 2.64528 0.831649 0.888936 1.74604 0.843315 0.772042 0.739595 0.684337 0.665351 0.785479 0.660104 0.531584 0.591415 0.630214 0.712458 0.505431 0.504381 0.501163 0.482295 0.396444 2.9116 0.582794 0.552798 0.4992 0.395151 2.12091 1.85767 0.786646 1.04014 0.778228 0.886762 0.700706 0.975111 0.672757 0.547969 0.620571 0.427408 0.424987 0.544557 0.416657 0.383848 0.331678 0.330127 0.322639
threshold=-0.37940952255126015 -0.99628894895067444 -0.9159756150367534 -0.25166821966045733 13.115000000000004 -0.36572252349726903 1.4771880117935512 1007.85 4.2549999999999999 0.54883787585413535 12.255000000000001 -0.15855351192338588 -0.67758968959607091 6.200000000000002 5.5500000000000034 -0.83945320721057637 -0.98296291314453399 -0.63872576220844923 5.830000000000001 9.620000000000001 -0.96683886033945943 -0.30900554811238695 2.7060101590422225 -0.38168922026665864 3.8325567343025146 4.4450000000000012 4.8750000000000009 8.1999999999999993 2.2534285300924251 7.7999999999999998 0.25881904510252057 -0.5 1.0000000180025095e-35 0.88201535311751322 7.5400000000000018 2.1650000000000005 -0.9668120007078248 0.91597561503675351 -0.49749486057528974 -0.37940952255126015 0.46718152904412064 -0.9852109833579612 -0.99865756837029884 -1.8456097642358082 1.3150000000000002 1006.9500000000002 1011.5500000000001 0.67123509350548771 0.11593352601052392 -7.2833413010719061 0.29460317699640731 -0.12940952255126037 -2.680181605159706 5.9100000000000028 2.2750000000000004 -0.82389248692129191 1006.4500000000002 -0.12940952255126037 1006.7500000000001 0.51275082409845407 0.064507852084056461 0.84293373149377093 -0.63209755774300591 5.200000000000002 1007.9500000000002 5.5200000000000022 2.6450000000000005 -0.52707282776374165 -0.12447811117596669 -1.1694000864757663 6.7800000000000038
decision_type=2 2 2 2 2 2 2 2 2 2 2 2 2 2 2 2 2 2 2 2 2 2 2 2 2 2 2 2 2 2 2 2 2 2 2 2 2 2 2 2 2 2 2 2 2 2 2 2 2 2 2 2 2 2 2 2 2 2 2 2 2 2 2 2 2 2 2 2 2 2 2
left_child=1 2 -1 -4 8 -6 7 -7 9 46 11 12 13 14 16 18 -10 -14 -16 35 -19 23 -23 -22 25 28 27 -27 31 67 -31 34 -33 -26 -13 -15 -37 -11 51 45 44 42 -42 -18 -41 -40 47 48 49 -3 -50 52 53 -2 55 -54 61 58 59 -58 64 62 63 -53 -59 -66 70 -30 -35 -9 -62
right_child=38 4 3 -5 5 6 -8 69 10 37 -12 24 17 19 15 -17 43 20 -20 -21 21 22 -24 -25 33 26 -28 -29 29 30 -32 32 -34 68 -36 36 -38 -39 39 40 41 -43 -44 -45 -46 -47 -48 -49 50 -51 -52 56 54 -55 -56 -57 57 60 -60 -61 66 -63 -64 -65 65 -67 -68 -69 -70 -71 -72
leaf_value=-0.00073791580478900455 0.0035263340673636831 0.00095294075472558335 0.0011713794584906206 0.0017677026369497056 0.00075060097853377498 0.00029135568718899817 -0.0051859877471175271 0.0010749969639382237 0.00028577271360566843 -0.011124728336611524 -0.0018378136629397343 0.00094255668475854402 0.0070434922921269339 -0.0016103780770332097 0.0016534611940049546 -0.00098712639318487708 -0.00050227130076601733 -0.018481470947894707 0.00042034037231821532 0.0012160722601401769 0.00032804852293666939 0.0030856292883538728 0.0013733496993605027 -0.01049737321253 -0.0027982043387398898 -0.0054936814323982676 -0.008814280110156043 0.0043948359331574625 0.0021547507090468377 0.0056574658617849468 -0.00022679242766577426 -0.0033445798415412064 1.117630932468352e-05 -0.0012648844808428557 1.9126769309389748e-05 0.00019464815475719229 -0.0011312539120786481 0.0028734180725342663 -0.0013136435017190729 0.0013797672601500428 0.00085364138451262772 -0.0030652277039190296 0.037667223655105712 -0.0049246649389190046 -0.031967972778067927 0.00062567600420435239 -0.00094894181032749295 0.0090135455365469193 -0.0019357181351369634 -0.00084449657553394442 0.0052952325039559303 0.011747628273269221 -0.020714940946796968 0.010020903971304089 -0.0017217079273563903 0.0068397780366603904 -0.00029528561055304188 -0.0075613186455196135 -0.00065267537809068151 -0.032789914335933534 0.013121195581541014 0.013779034135692005 -0.0079942361023895622 -0.0055035938742852963 0.0010709926584757403 0.027182178470715298 0.023193831709584455 -0.0024550351174184139 0.029510826457378254 -0.0055473823503154572 -0.00063354496503765601
leaf_weight=255.82974201440811 83.383831471204758 78.760424911975861 168.3906215429306 210.06964612007141 264.97073721885681 124.12187850475311 408.46355074644089 111.82858538627625 481.08236938714981 811.36267921328545 526.35277315974236 250.5730604827404 469.55893671512604 441.26364499330521 191.48222988843918 375.90861433744431 331.37034085392952 206.85227328538895 197.74999099969864 216.11092776060104 1720.3688150048256 382.93627136945724 464.33943912386894 478.57203617691994 588.87003633379936 94.467061787843704 258.1521797478199 85.586704909801483 134.54958862066269 408.29085102677345 151.51040577888489 1265.4852432608604 2254.0128273963928 73.767071396112442 331.39200904965401 894.74493658542633 1984.867539525032 225.31902951002121 957.29167672991753 483.94810476899147 42.421808898448944 1727.5004654824734 43.643086224794388 686.43428713083267 2897.9456911087036 3602.6014530062675 452.26191592216492 75.067669451236725 193.32361114025116 1222.4846793711185 71.495392054319382 57.685597866773605 135.86340355873108 62.997336953878403 441.4149683713913 104.19124695658684 88.954969048500061 297.3271692097187 1191.0412553548813 56.03893831372261 259.6943157017231 71.692070662975311 1323.0527657866478 179.06234765052795 92.560644567012787 61.298605680465698 46.476716667413712 491.36744579672813 58.390455901622772 93.173441708087921 96.348160296678543
leaf_count=120 114 25 108 132 54 97 180 105 136 433 303 170 138 156 76 149 152 138 81 105 707 131 131 171 299 93 273 65 110 227 83 835 1874 96 263 341 711 258 1139 789 82 2694 82 410 3858 5427 610 85 138 1301 90 99 174 50 458 128 119 549 1787 85 449 53 2050 280 175 110 79 278 85 85 171
internal_value=0.000370047 0.00105433 0.00650157 0.0113155 0.000881508 0.00390711 0.00107784 0.00569209 0.000721689 -0.000681113 0.000993602 0.00111963 0.00169074 0.000845539 0.00315914 0.00712011 0.00106603 0.00298118 0.01329 -0.000610161 0.00210626 0.00257334 0.00684597 0.000878408 0.000261039 0.000637997 0.00444317 0.013786 0.000302899 0.00253816 0.00529594 -0.000321674 -0.000899915 -0.00259438 0.00300359 -0.00106776 -0.000499704 -0.00297151 -0.000633572 -0.00103579 -0.00173536 -0.000239709 0.00803297 -0.00168989 -0.00250894 -0.000217668 0.000410703 0.00113803 0.000181674 -0.000589393 0.00428987 0.000190399 0.00209005 0.0124245 -3.1402e-05 0.00420209 -0.000197789 0.000951209 -0.00052635 0.00556603 0.00336757 -0.00179633 -0.00221907 0.00203914 0.000591416 0.0047637 0.00622456 0 0.00344463 0.0010534 0.00465476
internal_weight=35667.8 21263.3 634.29 378.46 20629 1002.56 737.587 329.124 19626.5 3130.08 16496.4 15970.1 9523.64 5801.01 2264.03 765.141 1498.89 3722.63 389.232 3536.99 3253.07 3046.22 847.276 2198.94 6446.41 5725.39 438.206 180.054 5287.18 1185.72 559.801 4101.46 3519.5 721.028 581.965 3320.88 2879.61 1036.68 14404.4 9755.35 5195.46 1813.57 86.0649 1017.8 3381.89 4559.89 2093.39 1641.13 1566.06 1301.25 264.819 4649.08 827.851 146.381 681.47 240.055 3821.23 2189.74 1336.04 144.994 853.706 1631.49 1559.8 236.748 451.186 153.859 402.519 625.917 132.158 205.002 356.042
internal_count=33609 12608 360 240 12248 521 467 287 11727 2940 8787 8484 3733 2317 1004 306 698 1416 157 1313 1278 1140 262 878 4751 4271 431 158 3840 698 310 3142 2709 480 433 1208 1052 691 21001 14071 7505 2858 164 562 4647 6566 2249 1639 1554 1326 228 6930 924 164 760 302 6006 3524 1991 204 1533 2482 2429 379 834 285 699 388 181 190 620
is_linear=0
shrinkage=0.0955619


Tree=102
num_leaves=72
num_cat=0
split_feature=6 1 9 7 3 2 3 4 7 7 5 4 3 9 8 9 8 8 3 9 7 2 8 8 8 1 2 4 8 1 1 1 3 1 8 1 9 1 5 2 9 8 1 9 3 8 2 7 7 7 8 1 1 7 4 4 3 3 5 9 2 7 7 8 2 8 1 4 3 6 9
split_gain=2.03469 2.34282 2.14302 2.06243 1.61251 1.52552 1.88316 3.27248 1.52066 0.860865 0.928806 1.37662 1.89195 1.9718 2.55331 1.349 0.942235 0.836511 1.15835 1.80825 0.912955 1.58161 0.925683 1.27521 2.16566 2.07511 1.13149 2.20426 1.05653 1.03852 1.58118 1.9568 1.15549 1.31711 0.937723 0.835184 0.684891 0.54852 0.519697 0.591637 0.471904 0.423908 0.63623 0.419695 0.673402 0.416322 0.358401 0.358374 0.498758 0.732106 0.801274 0.438749 0.749158 1.22576 1.26317 1.11025 0.413545 0.406116 0.332861 0.603719 0.32088 0.314519 0.889272 0.54251 0.312357 0.285938 0.406348 0.387141 0.267551 0.266021 0.435336
threshold=-0.37940952255126015 -0.99628894895067444 -0.10099224320929066 13.115000000000004 1.4750000000000003 -0.36572252349726903 2.4150000000000005 1007.85 4.5950000000000015 10.860000000000003 -0.70710678118654735 1004.85 2.6750000000000003 -2.1009412947396835 7.5100000000000007 -1.2860132551925998 8.1950000000000003 12.490000000000002 2.4650000000000003 1.5385477135526762 10.365000000000002 0.12447926388678894 7.1650000000000018 6.7200000000000015 6.830000000000001 -0.081675638985454949 -0.90146829171281539 1007.5500000000001 7.1150000000000011 -0.57023701209772126 -0.86095304316285715 -0.7610972106345526 4.535000000000001 0.45972848220565493 7.9300000000000024 0.94697898371965716 -2.9444944334841874 0.64534213713577271 0.60355339059327384 0.88999460902669758 0.29460317699640731 12.129999999999999 0.84293373149377093 1.3279240974452213 3.8350000000000004 7.4700000000000015 0.34157076916785584 10.535000000000002 8.9050000000000011 9.110000000000003 9.8050000000000015 0.63209755774300602 0.42888796625999276 6.0200000000000022 1005.0500000000001 1006.6500000000002 3.6050000000000004 6.0950000000000006 -0.98296291314453399 2.7513526970863595 -0.54160775828284857 5.6100000000000021 5.6600000000000028 7.2299999999999995 -0.58427653070765284 9.3700000000000045 -0.21772121422198129 1005.5500000000001 1.3150000000000002 -0.12940952255126037 1.1868367213166151
decision_type=2 2 2 2 2 2 2 2 2 2 2 2 2 2 2 2 2 2 2 2 2 2 2 2 2 2 2 2 2 2 2 2 2 2 2 2 2 2 2 2 2 2 2 2 2 2 2 2 2 2 2 2 2 2 2 2 2 2 2 2 2 2 2 2 2 2 2 2 2 2 2
left_child=1 2 8 9 -4 -5 7 -7 -1 10 11 15 16 -14 -15 -3 46 20 19 -19 22 -22 23 26 25 -25 27 -12 -26 30 45 -32 34 -34 -31 -20 -28 -16 47 40 64 42 -11 44 -8 -24 -13 48 51 50 -50 52 56 -54 -55 -56 58 69 59 -2 -51 -60 -63 -64 -40 66 67 -42 -66 70 -49
right_child=38 3 4 5 -6 6 43 -9 -10 41 17 12 13 14 37 -17 -18 18 35 -21 21 -23 29 24 28 -27 36 -29 -30 32 31 -33 33 -35 -36 -37 -38 -39 39 -41 65 -43 -44 -45 -46 -47 -48 57 49 60 -52 -53 53 54 55 -57 -58 -59 61 -61 -62 62 63 -65 68 -67 -68 -69 -70 -71 -72
leaf_value=-0.00040020146202078782 -0.0070597370198415433 0.0018198376939289457 0.0019714374754622663 0.00067887215795796568 -0.031984966825052918 0.0002474448113944824 -0.0015082156384846395 -0.0013878066959628729 0.00064221031173672806 -0.02603681519386554 -0.0010897938327676852 -0.008385419519353194 -0.0035136822643102032 0.00078888995368843679 0.0068016327912334123 -0.010298417826235839 0.018407497831677083 0.00017781096049182793 -0.00039456564645623136 0.0219006362719141 0.0014980944620666121 -0.0024847915423114983 0.00067090075591657206 -2.9900172842189781e-05 -0.00020029325011459011 -0.045314743098329967 -0.020471333601325158 0.0014815389041748245 -0.003015978406773191 -0.0024365934487999051 0.00040238356649290551 0.00055936046758994762 -0.00065019450244232829 0.0037752682497596089 -0.00028780710639170849 0.001793029910467611 -9.0910056188678326e-05 -0.0020490391991281305 -0.00026653917691153034 -0.064615218766975027 0.036445277999100224 -0.0015099146733408397 0.001577851888364545 -0.0042462767021570272 0.00086161579518234167 -0.010548853780818792 0.0011062293356758155 0.020030619690805277 0.015436005950588052 -0.0077714949860127492 0.0083059658256620528 -0.00074165637040399571 -0.00041793615970321641 -0.0022725809662340704 0.0011056042240775313 0.010941577012810458 -0.091525413575844081 -0.013975277629804099 -0.0032616686547926495 0.0017306034818846958 0.0070358661725652243 0.025540664872042412 0.0093392601087036956 -0.00016853484962781474 0.0015010053289546252 0.0062640766359848121 -0.01807724237610862 0.0013015433104598326 -0.026973391937742473 -0.020014028173934318 -0.0021383074900657175
leaf_weight=140.53854414820671 414.24445220828056 174.77702271938324 163.71717205643654 264.97073721885681 189.13031211495399 89.690517365932465 104.95140159130096 104.6198405623436 140.90398135781288 243.88558828830719 505.99441438913345 300.82991072535515 177.42236423492432 200.32418376207352 185.96700608730316 529.51213231682777 215.34574806690216 106.18090957403183 503.21865946054459 72.378097683191299 127.72231101989746 148.8209125995636 221.74135392904282 279.35829108953476 1185.1691994667053 152.80751824378967 403.69205582141876 317.5556737780571 188.72262415289879 1688.5159673392773 532.01476186513901 1004.5951977074146 536.87850993871689 231.78712305426598 4936.1320334374905 115.65213292837143 2238.6734599173069 176.89982908964157 857.6440397799015 1125.4446821808815 43.65473261475563 972.47298353910446 350.82684546709061 352.59352707862854 85.7321697473526 457.47940912842751 143.13153854012489 182.62934175133705 119.91260105371475 139.24065238237381 86.534644991159439 1550.1779683530331 231.9666423201561 84.912647366523743 86.028055816888809 188.12602451443672 269.83802947402 66.227660655975342 1868.6900674700737 75.265937834978104 774.13307747244835 56.554272919893265 702.02458077669144 1793.4059816598892 268.69132268428802 476.04607316851616 373.57944735884666 373.89133387804031 1110.4929769933224 950.4684482216835 134.61093443632126
leaf_count=103 572 94 63 54 132 73 84 86 62 231 253 143 111 81 105 217 138 105 376 69 40 134 157 169 672 55 266 189 103 762 390 644 450 108 2978 59 1437 51 1554 1105 82 534 110 143 81 387 109 241 121 171 132 2057 273 74 85 284 411 48 3241 107 1018 83 1025 2707 473 757 640 679 1711 1254 96
internal_value=0.00040133 0.000996758 0.00672593 0.000815241 0.00143834 0.00504981 0.00262961 0.0106447 0.0129519 0.000593524 0.000783455 0.00268038 0.00442073 0.00773756 0.0105059 -0.000649934 0.000537711 0.00052702 0.00355215 0.0103627 0.000361114 0.00579143 0.00025292 0.00127354 0.00333353 0.00925227 0.00017142 0.0032803 0.00138984 -0.000297484 0.00150091 0.00322187 -0.000849476 0.00261258 -0.00126618 0.00140155 -0.000764371 0.00529794 -0.00047114 -0.00130607 -0.000658908 -0.00153315 0.000339032 -0.000102273 0.0032947 -0.00225253 -0.0018208 -6.58955e-05 0.000154225 0.00203494 0.00719429 -0.000121266 0.000248356 0.00346886 0.00700072 0.0102034 -0.000102571 -0.00152649 7.98251e-05 -0.00225236 0.000749531 0.000360412 0.0010625 0.000747276 -0.0015074 0.000765124 -0.000243203 0.00166706 -0.00239729 -0.00196559 0.000163495
internal_weight=35667.8 21263.3 634.29 20629 352.847 1002.56 737.587 194.31 281.443 19626.5 18059.3 2104.21 1399.92 740.613 563.191 704.289 659.307 15955.1 797.43 178.559 15157.7 276.543 14881.1 5271.97 1806.06 432.166 3465.92 823.55 1373.89 9609.14 2215.83 1536.61 7393.31 768.666 6624.65 618.871 2642.37 362.867 14404.4 4629.44 3504 1567.19 594.712 543.277 190.684 679.221 443.961 9774.99 8441.06 1119.82 206.447 7321.23 5771.06 591.033 359.067 274.154 5180.02 1333.94 4910.19 489.51 913.374 4420.67 2551.98 2495.43 2236.83 1267.17 791.126 417.546 1379.18 1267.71 317.24
internal_count=33609 12608 360 12248 195 521 467 159 165 11727 10852 1049 738 348 237 311 390 9803 609 174 9194 174 9020 3144 999 224 2145 442 775 5876 1578 1034 4298 558 3740 435 1703 156 21001 7001 5896 875 341 308 165 544 252 14000 12361 1442 253 10919 8862 716 443 369 8146 1639 7735 679 1189 7056 3815 3732 3738 2158 1401 761 2184 1591 337
is_linear=0
shrinkage=0.0955619


Tree=103
num_leaves=72
num_cat=0
split_feature=6 1 7 2 9 2 8 7 9 1 9 2 1 7 7 1 1 1 4 4 4 7 8 4 2 4 2 8 8 7 4 6 7 2 2 8 2 2 7 4 4 8 8 7 8 9 8 9 8 8 1 2 2 4 1 9 4 1 1 4 8 7 1 2 8 4 1 9 8 2 1
split_gain=2.93343 2.81492 1.72699 1.68427 1.81309 1.61747 1.29931 2.11375 6.73307 1.27869 0.906783 0.682267 0.637622 1.80291 2.88523 1.63552 0.618356 0.618219 1.10626 1.23973 1.73712 1.30188 1.09667 0.577852 0.556673 0.503743 0.89044 0.476669 0.56941 1.01034 0.497855 0.581167 1.12858 0.614381 0.421532 0.672684 0.536665 0.539495 0.532153 0.400441 0.394192 0.893429 0.358623 0.457307 0.462855 0.323215 0.567448 1.53704 0.675446 0.654899 1.15677 0.632828 0.495865 0.577948 0.580264 0.649666 0.496915 0.446994 1.45373 0.867268 0.855902 1.24222 0.549528 0.383751 1.17794 0.37811 0.816275 0.363882 0.333713 0.330426 0.57015
threshold=-0.37940952255126015 -0.99628894895067444 13.115000000000004 -0.0387208465846701 -0.10099224320929066 -0.36572252349726903 7.8150000000000004 7.5400000000000018 0.17944292862902958 0.99166813670569354 -2.5110559799145267 0.56312986467441573 -0.63874350706337046 5.7300000000000031 5.0000000000000027 -0.10738035228456493 -0.69016699705532225 -0.96683886033945943 1003.4500000000002 1004.6500000000002 1005.35 6.0450000000000008 4.5250000000000012 1003.6500000000002 0.44436171794418394 1006.0500000000001 -0.49749486057528974 13.385 12.930000000000003 9.745000000000001 1004.5500000000001 -0.78656609248549325 9.980000000000004 -0.9668120007078248 0.96457844552971317 10.765000000000001 0.95493138204271821 0.95989713290459411 8.8500000000000014 1008.85 1014.2500000000001 8.0600000000000023 6.4799999999999995 3.1800000000000019 7.4700000000000015 1.7865158696092005 11.629999999999999 1.9961693089973276 12.675000000000002 12.015000000000002 0.83354805289222267 -0.97106408147883394 0.88201535311751322 1005.0500000000001 -0.57728627067906269 -0.45827399456941359 1003.9500000000002 -0.04732095011389225 0.63209755774300602 1011.1500000000002 8.6400000000000041 5.6100000000000021 -0.56314550935064722 -0.70862667826445969 6.5000000000000027 1011.4500000000002 -0.7610972106345526 0.46718152904412064 10.945000000000004 0.13300977955191609 -0.9523687564627995
decision_type=2 2 2 2 2 2 2 2 2 2 2 2 2 2 2 2 2 2 2 2 2 2 2 2 2 2 2 2 2 2 2 2 2 2 2 2 2 2 2 2 2 2 2 2 2 2 2 2 2 2 2 2 2 2 2 2 2 2 2 2 2 2 2 2 2 2 2 2 2 2 2
left_child=1 3 6 -1 -5 -4 7 11 -9 10 -7 17 13 14 24 -14 25 23 -19 21 -21 -20 -22 -3 -8 -15 -27 28 30 -30 -17 32 -32 -33 36 38 45 -38 40 -29 -36 -42 -13 -44 -45 52 51 -48 49 -49 -51 -47 53 54 55 -2 -57 62 59 60 61 -59 63 64 -55 67 -67 -65 -61 -53 -71
right_child=34 2 5 4 -6 9 12 8 -10 -11 -12 42 15 16 -16 27 -18 18 19 20 22 -23 -24 -25 -26 26 -28 39 29 -31 31 33 -34 -35 35 -37 37 -39 -40 -41 41 -43 43 44 -46 46 47 48 -50 50 -52 69 -54 57 -56 56 -58 58 -60 68 -62 -63 -64 65 -66 66 -68 -69 -70 70 -72
leaf_value=0.0017989496434714137 -0.015109357201248601 0.0039322317929754748 0.00061399787640964573 0.00050255423238028277 -0.017283285013290097 0.00057959297860660458 -0.00453319692794058 0.0039223165988014896 -0.00064586697610804513 -0.00026979159876100683 -0.0032495560622376679 -0.003631529039869988 -0.021620985980063599 -0.050811444371246586 0.0032600119132016503 -0.0016400029222005824 -0.0010101209016478104 -0.02453099309195203 -7.2976654509834216e-05 -0.00063838688015376748 0.0081930122238307469 -0.00014549531315304152 0.00042886267531856947 -0.0046133209468736513 0.010250274058110204 -0.069871720043557781 -0.0038965068943922669 -0.0015886601405050887 0.00060773641399361532 -0.0013608332132639435 0.00012946666806421071 0.012918061658532005 0.0020249753284615163 -0.0011272618849867686 -0.026195431504427449 -0.059913206675300965 0.039410092594053328 -0.0046499382356270137 0.048752434031531684 0.00070341789859362856 0.049789046780109383 -0.024471068807798715 0.0081608819539818502 -0.0022092885753260331 0.0022714581183041547 0.023099951603095616 0.019680819520661291 -0.0023818502851865632 -0.0033990853916288739 -0.0012342800250132316 0.038836105761550693 -0.004618319408637165 -0.039620309070016041 0.01674416321636038 -0.0031932149312476803 -0.0013170777139591089 0.017615087739179802 0.00041523371031325254 -0.00104375933790363 0.045869185646007206 -0.00083562123020218266 0.0045727887904593034 -0.013683421748577658 -0.012662026960723579 -0.0091476237558622778 0.016147316599359043 -0.033915575253136807 0.0011783966241215573 0.020200556141546481 0.04454675691221871 -0.00062801086516460459
leaf_weight=255.11043980717659 158.20752960443497 83.867552131414413 264.97073721885681 148.10419163107872 231.07537823915482 67.121811747550964 151.04971185326576 191.1861732006073 336.87209755182266 203.32884311676025 467.13680148124695 270.96176412701607 1106.699347525835 330.2468638420105 109.50352928042412 719.64586174488068 123.71339076757431 295.40624302625656 251.80217799544334 471.53974312543869 147.55724430084229 318.27524411678314 5499.9746806323528 700.5415885746479 71.636486023664474 153.96404528617859 331.41597339510918 479.75299966335297 129.10362735390663 184.71562081575394 3344.2258720397949 217.58656787872314 795.43478494882584 2013.930566817522 265.87435257434845 1076.3037487268448 96.981065332889557 104.84992697834969 94.478744506835938 298.92757910490036 59.073015183210373 148.4758602976799 77.386637777090073 311.20712229609489 108.3546721637249 80.574997216463089 63.339171588420868 102.70860573649406 372.73413154482841 62.41865074634552 73.080622494220734 1090.4202983677387 810.72224548459053 112.52585950493813 774.30233314633369 64.292398750782013 100.90866792201996 483.06193318963051 2326.2040139138699 65.269945502281189 516.4822313785553 527.36450582742691 1007.8007045388222 1701.5184200406075 209.39573016762733 302.96684181690216 195.46360465884209 602.7828468978405 64.554316341876984 53.062299579381943 636.23701077699661
leaf_count=108 276 55 54 95 157 49 160 83 126 48 370 249 1258 167 74 284 95 136 109 205 86 122 2846 570 99 55 279 152 86 95 1596 134 396 1348 348 1130 120 120 130 367 80 187 102 285 108 105 78 151 421 99 88 1495 1012 165 1065 90 150 750 3351 100 786 660 1655 2966 354 512 249 1070 94 92 1052
internal_value=0.000481435 0.00119609 0.000997532 0.00747649 0.00307539 0.00487937 0.000793853 0.0016334 0.00752191 0.00239815 0 0.00125603 6.41817e-05 0.00207557 0.00809794 -0.000201539 0 0.00153047 0.00182078 0.00208298 0.00166347 0.00639453 0.00213977 -0.000933019 0.00133254 -0.0010306 0.000770659 0.000254466 0.000501289 0.00449037 0.000309969 0.000590746 0.00126816 -0.000624003 -0.000567038 -0.00201908 -0.000372227 0.00444278 0.000499552 -0.00196664 -0.000639553 0.00220879 -0.00139475 0 -0.00111821 -0.000457964 0.000484092 0.00286872 0.00120153 0.00522297 0.00953325 -0.000332738 -0.000705573 -0.000493534 -0.00255639 0.000595333 0.00498738 -0.000202244 0.000505011 0.00268178 0.0019584 0.00359516 -0.000906452 -0.000246763 0.00281298 -0.000633859 0.00167093 -0.00117431 0.0102782 -0.000760471 0.000782439
internal_weight=35667.8 21263.3 20629 634.29 379.18 1002.56 19626.5 9064.93 528.058 737.587 534.259 8536.87 10561.6 1271.53 332.19 9290.02 939.34 7768.96 6984.56 6689.15 6119.07 570.077 5647.53 784.409 222.686 815.627 485.38 8183.32 7404.64 313.819 7090.82 6371.18 4139.66 2231.52 14404.4 1644.21 12760.2 201.831 567.902 778.681 473.423 207.549 767.91 496.948 419.562 12558.4 2534.58 674.281 610.942 238.208 135.499 1860.29 10023.8 9213.1 1097.71 323.409 165.201 8115.39 3982.94 1656.73 1526.91 1010.43 4132.45 3124.65 321.922 2802.73 498.43 2304.3 129.824 1779.72 689.299
internal_count=33609 12608 12248 360 252 521 11727 5082 209 467 419 4873 6645 929 333 5716 596 4129 3504 3368 3137 231 2932 625 259 501 334 4458 3939 181 3758 3474 1992 1482 21001 1875 19126 240 745 519 615 267 744 495 393 18886 3581 837 759 338 187 2744 15305 14293 1581 516 240 12712 5741 2390 2196 1410 6971 5316 519 4797 761 4036 194 2639 1144
is_linear=0
shrinkage=0.0955619


Tree=104
num_leaves=72
num_cat=0
split_feature=6 1 6 9 3 1 3 2 3 8 3 4 9 2 9 9 1 9 9 3 2 2 1 0 6 4 9 4 3 6 8 3 3 4 9 1 6 3 0 9 4 4 3 8 8 9 3 4 4 3 8 1 2 8 2 9 2 9 2 9 2 1 4 3 1 1 9 3 9 8 1
split_gain=3.57926 2.06575 2.4475 1.58572 1.22549 1.0523 3.42412 3.08605 1.30312 1.19803 2.21377 4.38978 1.15923 1.13596 1.02351 1.99153 2.4026 0.94234 1.53588 0.921296 1.20049 2.10851 1.81357 1.37838 0.855682 0.852136 0.844339 0.837306 1.2367 1.20156 2.48619 1.44455 1.39751 1.37373 0.770419 0.703032 0.588702 0.542818 0.868665 0.494924 0.490359 0.462032 0.638635 0.449672 1.4365 0.445391 0.432821 0.681201 0.644083 0.422021 0.421387 0.416208 0.378267 1.01432 0.35358 0.705976 0.349675 0.305928 0.302058 0.361556 0.298459 0.285455 0.386066 0.374748 0.349514 0.568564 0.339565 0.296166 0.574502 0.497297 0.288471
threshold=-0.37940952255126015 -0.99628894895067444 -0.9159756150367534 -0.25166821966045733 1.1050000000000002 -0.19244979981841004 2.2950000000000004 -0.90146829171281539 5.6650000000000009 13.980000000000004 2.5250000000000004 1007.85 4.582359907492493 -0.9668120007078248 -2.4330261460451061 -0.27562232671042247 -0.833548052892222 1.1868367213166151 1.6331445922824168 3.2050000000000005 -0.91583036384466876 -0.89388548498445497 -0.57023701209772126 1.0000000180025095e-35 -0.9159756150367534 1007.0500000000001 1.6908850021393571 1004.0500000000001 2.6750000000000003 -0.60355339059327384 7.3700000000000001 2.7450000000000006 3.5450000000000004 1013.1500000000002 -0.17368349923922818 -0.92913280730858783 0.37940952255126048 2.2150000000000003 -0.9159756150367534 3.65902467717846 1005.35 1007.4500000000002 1.5150000000000003 6.7200000000000015 6.9600000000000035 -2.1009412947396835 2.7950000000000004 1008.1500000000002 1009.0500000000001 2.7950000000000004 6.7400000000000011 0.4749466738948262 -0.30081980763566762 7.4450000000000012 -0.9975933521984367 1.0000000180025095e-35 0.88201535311751322 1.5083173410111288 0.99370977118463066 -0.37941003514544919 0.91586428826728705 -0.99273952934267318 1007.0500000000001 1.7050000000000003 -0.94130860066615785 -0.91585580712236336 -1.0340436641555184 1.4350000000000003 1.8542367163866766 6.6200000000000037 -0.71466676797886819
decision_type=2 2 2 2 2 2 2 2 2 2 2 2 2 2 2 2 2 2 2 2 2 2 2 2 2 2 2 2 2 2 2 2 2 2 2 2 2 2 2 2 2 2 2 2 2 2 2 2 2 2 2 2 2 2 2 2 2 2 2 2 2 2 2 2 2 2 2 2 2 2 2
left_child=1 2 -1 -4 39 6 7 -6 9 27 11 -11 26 -8 -9 16 25 24 -19 46 -21 -22 23 -23 -17 -16 51 49 34 31 -31 -30 -32 -33 -29 -20 54 38 41 52 -10 -38 -43 -36 -45 -39 47 -15 -49 -7 -50 -12 53 -3 55 -2 -24 -48 60 -60 -47 63 -63 66 -64 -66 -40 69 -69 70 -67
right_child=36 4 3 -5 5 8 13 14 40 10 12 -13 -14 19 15 17 -18 18 35 20 21 22 56 -25 -26 -27 -28 28 29 30 32 33 -34 -35 43 -37 37 45 61 -41 -42 42 -44 44 -46 58 57 48 50 -51 -52 -53 -54 -55 -56 -57 -58 -59 59 -61 -62 62 64 -65 65 67 -68 68 -70 -71 -72
leaf_value=-0.00064023270979653374 0.0036882654530080287 -0.030798005168784746 0.00096378643118676392 0.00023147692592820793 -0.0061936925556675612 -0.0012883965444885823 0.00089798045882056167 -0.0051221421454904405 0.00010246389251078371 0.0079962670422695226 -0.056707595903288097 0.0003443045619201489 0.001032514407191905 -0.00100700059796623 0.0016232730994644202 0.00012246875378462579 0.0023458922636438078 -0.0033939275628960481 0.00027708018357367722 -0.020745151479080324 0.00057624882407646171 0.0032090625290716462 -0.02899280867401581 7.8501240595297225e-05 -0.001734485103553892 -0.010619553049087994 -0.012982500318172829 -0.018243527534214283 0.0041661237581217857 0.0019518899131339014 -0.0011837553643051068 -5.2129621278548886e-05 0.010778757645776019 0.019130263906822577 -0.019936786604025293 -0.0013480452275858215 -0.010987350576117185 -0.023665535502577037 0.0017738920858566311 0.0011681686877299214 -0.0061543418489533232 0.0038083239711097024 0.020209462759902 0.0036881465051344623 -8.7664502418000628e-05 -0.000229447151471415 -0.011457478192155993 0.00010601149464998403 -0.0040058065494249263 -0.002872651953235314 0.0044396894457109683 0.00015839097941708263 -0.016011378772154413 0.0047844052765436129 -0.0017841568039997982 -0.051224183946107504 -0.0061866727147809851 0.00019382819206652124 0.045031113197204022 -0.022732985655838776 -0.07641695487099652 -0.0081488680242451789 -0.023054015978205313 -0.03580203356113959 0.02271692288348889 -0.018932858706579968 0.029367642451745925 0.0014193667491102513 0.011730789078707114 -0.012467903270509595 0.02045111241036671
leaf_weight=255.82974201440811 85.116246104240417 249.89728358387947 168.3906215429306 210.06964612007141 152.42911809682846 215.59921085834503 164.20659920573235 280.18740391731262 115.35169070959091 105.18683463335037 92.497031658887863 154.16119077801704 186.95407858490944 436.37430909276009 98.750512570142746 170.17674052715302 243.48454162478447 183.63468298316002 112.34490618109703 320.0337281525135 159.14885139465332 695.39543324708939 415.30722191929817 996.88189390301704 312.40824103355408 193.34485065937042 343.49112284183502 1346.4930197000504 230.7210345864296 219.7884233891964 368.33681255578995 4617.9559579789639 391.80024942755699 261.19701650738716 193.92622408270836 334.51473793387413 99.397438615560532 1326.1816487908363 49.724538236856461 164.09559437632561 134.32704630494118 130.04568263888359 211.94047990441322 173.18925994634628 2462.7590051293373 2383.9755589962006 519.28903073072433 123.01223039627075 191.48810294270515 726.81315916776657 181.18231201171875 160.63851654529572 850.08076873421669 241.68064525723457 6198.7300698757172 69.908537358045578 201.40584501624107 137.10149204730988 74.80564084649086 60.810717731714249 297.73483392596245 529.29400783777237 263.48368662595749 49.41888827085495 95.477335631847382 78.510154515504837 68.991680294275284 1420.4887534976006 220.90144026279449 577.9699758887291 111.52931448817253
leaf_count=120 100 109 108 132 64 93 107 226 33 57 135 129 47 253 46 83 143 110 94 231 77 365 338 834 245 156 142 927 112 107 228 1870 266 326 120 314 151 1920 95 108 123 200 304 56 1220 3755 438 105 130 240 203 120 635 88 8209 92 270 125 89 77 321 947 481 94 171 144 128 2230 366 933 194
internal_value=0.000398797 0.00118837 0.00657619 0.0114402 0.00101737 0.00122685 0.00220729 0.00542137 0.000699647 0.000551284 0.00365191 0.0112945 0.000974462 0.000711268 0.00430872 0.00522322 0.010068 0.00279021 0.00522307 0.000393577 0.00145628 0.00219546 0.00140926 0.00305241 -0.000206131 0.003751 -0.000951768 0.00025365 0.000511655 0.00138539 0.00446657 0.000774233 0.00171798 0.000402534 -0.000740047 0.00192177 -0.000760246 -0.000203771 0.000589266 -0.00157851 0.00752823 0.00457216 0.00625702 0.000124301 0.000484617 -0.000974067 -0.00141224 0 0.0023315 -0.00245152 7.85597e-05 0.00300924 -0.00222665 0 -0.00145024 0.0028163 -0.00294225 -0.00328837 -0.000256103 0.00402748 -0.000511286 5.19963e-05 -0.000117697 0.00388032 0.000305103 0.000684733 0.00694445 0.000353224 0.00110688 -0.00113425 0.0028528
internal_weight=35667.8 21263.3 634.29 378.46 20629 19123.3 6622.1 2081.28 12501.2 12251.5 1042.93 259.348 783.581 4540.83 1928.85 1648.66 535.58 1113.08 630.494 4376.62 2788.17 2468.14 2308.99 1692.28 482.585 292.095 596.627 11208.6 10266.2 6089.8 979.925 5109.87 760.137 4879.15 4176.37 446.86 14404.4 8050.68 3907.17 1505.75 249.679 441.384 341.986 2829.87 2635.95 4143.51 1588.45 932.057 495.683 942.412 372.67 253.136 1341.66 491.578 6353.75 155.025 616.713 656.391 2817.33 135.616 2681.71 3465.79 3297.65 168.135 2768.36 2504.88 118.716 2409.4 1641.39 768.009 190.039
internal_count=33609 12608 360 240 12248 11308 4957 1481 6351 6195 630 186 444 3476 1417 1191 345 846 518 3369 2115 1884 1807 1199 328 202 397 5565 5232 2909 601 2308 494 2196 2323 408 21001 12600 6438 940 156 655 504 1396 1276 6162 1254 691 438 333 333 255 832 197 8401 192 608 563 4242 166 4076 5783 5466 317 4519 4038 223 3867 2596 1271 338
is_linear=0
shrinkage=0.0955619


Tree=105
num_leaves=72
num_cat=0
split_feature=6 1 2 3 6 2 7 1 4 3 3 0 4 3 9 0 9 0 6 0 1 4 7 7 3 3 4 4 0 3 2 3 3 9 3 3 2 2 4 7 7 7 1 7 2 2 2 9 4 7 4 7 7 9 4 7 7 7 9 4 2 6 4 3 1 1 7 7 7 0 2
split_gain=4.10233 1.91434 2.57101 2.19603 1.6855 1.72509 2.3351 1.40818 1.66493 1.33145 1.19865 1.69033 1.47963 1.09338 2.61667 2.66845 2.3814 1.0586 0.897304 0.947496 1.80413 0.866098 0.836695 3.26109 1.45831 1.03987 2.81577 1.36038 4.91065 2.12425 1.21014 0.812439 1.35048 1.1727 0.780827 3.48645 1.32337 1.06271 0.954772 1.46634 0.74314 1.23472 0.724921 0.680079 0.886789 0.688497 0.665432 0.644701 0.642878 0.567871 0.54896 0.543616 0.637095 0.521019 0.490359 0.470965 0.462315 0.844772 0.455937 0.454804 0.412337 0.395638 0.393534 0.440273 0.576344 0.465684 0.409973 0.392781 0.750361 0.382705 0.387056
threshold=-0.37940952255126015 -0.19244979981841004 -0.9668120007078248 2.2750000000000004 -0.60355339059327384 0.21771516573566849 7.7400000000000011 -0.57023701209772126 1010.6500000000002 5.6650000000000009 3.1650000000000005 -0.5 1005.2500000000001 1.4550000000000003 0.20228314502110403 0.25881904510252057 0.86941375320298253 0.25881904510252057 -0.78656609248549325 1.0000000180025095e-35 -0.63874350706337046 1005.6500000000002 6.9800000000000031 6.6949999999999994 2.7250000000000005 3.0850000000000004 1010.85 1008.1500000000002 0.37940952255126048 2.9050000000000007 -0.47495107206705001 4.1450000000000005 4.4450000000000012 -0.78366249637247509 3.6650000000000005 3.8350000000000004 0.030119189164198128 0.13300977955191609 1010.1500000000002 10.780000000000001 5.585 5.1399999999999997 0.4749466738948262 11.755000000000003 -0.33346877891818688 0.2926003356333482 -0.8140159405215136 -0.45827399456941359 1008.35 12.130000000000003 1003.2500000000001 10.535000000000002 10.050000000000001 0.36895902539387043 1005.35 7.0400000000000018 7.4400000000000039 7.1900000000000004 3.65902467717846 1012.35 0.82392300575755406 0.37940952255126048 1008.85 2.3550000000000004 -0.038721922313638066 0.11593352601052392 5.9100000000000028 5.4999999999999991 6.200000000000002 -0.12940952255126037 -0.88603780069526494
decision_type=2 2 2 2 2 2 2 2 2 2 2 2 2 2 2 2 2 2 2 2 2 2 2 2 2 2 2 2 2 2 2 2 2 2 2 2 2 2 2 2 2 2 2 2 2 2 2 2 2 2 2 2 2 2 2 2 2 2 2 2 2 2 2 2 2 2 2 2 2 2 2
left_child=1 2 -1 4 5 6 13 8 -7 22 -5 12 -12 16 15 -15 -4 -16 19 20 -13 -21 23 25 -25 26 27 29 -29 67 42 59 33 -33 43 -36 53 -38 -39 -40 41 -23 -30 50 -45 -46 -20 -10 -34 -47 -24 52 61 -37 -11 -42 57 -52 -28 -27 -58 -2 69 66 -65 -66 -64 -3 -69 -63 -71
right_child=51 9 3 10 -6 7 -8 -9 47 54 11 18 -14 14 17 -17 -18 -19 46 21 -22 40 34 24 -26 31 58 28 30 -31 -32 32 48 -35 35 36 37 38 39 -41 55 -43 -44 44 45 49 -48 -49 -50 -51 56 -53 -54 -55 -56 -57 60 -59 -60 -61 -62 62 63 64 65 -67 -68 68 -70 70 -72
leaf_value=0.0017075862933738264 -0.0015797620499527843 -0.0045855513072102748 -0.0085791703394216979 -0.00025005261570995352 -0.0046909422142766815 -0.0058440631758725041 0.0049398104987939213 0.00032743256126356758 -0.0013239561040922318 9.2672253049142319e-05 -0.0078173991256274295 0.0014489213148586731 -0.0028047382232666922 0.0020228017179764191 -0.0060632321236794694 4.7870385150527178e-06 0.0020810389525290347 0.00034824196071393376 8.5891449042320913e-05 -0.0052090098522873992 -0.0031231333836815732 0.00037195620562187695 -0.0010059599116859601 0.0041525789776426028 0.0048121054743020556 -0.0011645300561644314 -0.029257668110712183 0.0012499273479455028 -0.0058309133526007811 -0.0029535667503325642 -0.0036792166018705728 0.0097600939299672656 -0.00067918638938684918 1.6859550416956702e-05 0.0106535496891838 0.00068155812103565553 0.0036431677913972135 -0.0012131352473739761 0.035501560700007748 -0.0017942778451466228 -0.014138006304315786 0.0019601985944281497 0.0040202198457271023 -0.0022836795033404226 -0.0006707894156847687 0.006382394351571838 -0.0094900167549481322 0.0093995605728227436 0.0073573211614550351 3.5211247037734628e-05 -0.0060347344606748688 -0.0033667386782470724 0.022667201930467906 -0.0011773364631605301 -0.0055662215362037191 -0.00061809785308121696 -0.00074637154122996657 0.00014944444231138621 0.014380390879237174 0.0019479911296906712 0.011769274791149635 -0.001613667755367228 -6.0346500392720398e-05 -0.032602699627030073 0.040727856565221529 0.00082000868190448351 0.0093976078314126875 6.527880008332817e-05 -0.030345826880534738 0.0048908556776218696 -0.002417871162201774
leaf_weight=237.71512398123741 5419.5075187087059 391.74898985028267 327.13978224992752 1704.6543293893337 563.98680472373962 447.80795952677727 155.98195171356201 160.193593531847 135.87570333480835 115.35169070959091 196.11517661809921 243.74487033486366 146.1821436882019 261.9132005572319 154.30805218219757 209.20285761356354 296.4588685631752 144.32916459441185 184.81713286042213 286.86883437633514 238.97128689289093 493.60230869054794 167.34118241071701 215.49321562051773 247.79813462495804 1187.5195402503014 825.05258336663246 503.42733934521675 227.54924556612968 170.16386932134628 411.1279764175415 109.63161009550095 320.35221815109253 134.10656529664993 275.00188630819321 373.09171271324158 92.504750669002533 225.00227236747742 107.23588815331459 120.21353259682655 345.3826105594635 115.18998992443085 280.73190534114838 173.16831469535828 284.23045510053635 88.652288377285004 493.0017783343792 153.74119988083839 181.26041641831398 429.86554926633835 207.92650178074837 1646.6344953179359 336.88212308287621 992.00920808315277 134.32704630494118 236.00904595851898 2855.0948921442032 434.28783136606216 149.60687130689621 154.57272121310234 300.26779115200043 1706.7731547951698 1084.3623424768448 715.71343365311623 92.072449862957001 658.56945437192917 1206.2088362574577 237.35177975893021 207.07242637872696 457.12112444639206 1080.5916973650455
leaf_count=144 7295 245 205 1329 532 317 46 142 126 33 105 128 103 96 69 146 126 100 154 171 132 404 51 92 91 565 716 143 186 74 220 59 138 101 117 140 23 150 136 125 257 90 137 57 82 68 521 130 167 412 91 2003 467 245 123 187 1028 159 126 158 419 2754 1856 932 125 976 1845 88 83 845 1903
internal_value=0.000489631 0.00133467 0.00251376 0.00219417 0.00421494 0.00530218 0.00725279 0.00182014 0 0.000625585 0.00087375 0.00204047 0.00837809 0.00588944 0.00835622 0.012793 0.00267304 0.000996332 0.00117513 0.00223229 0.00593495 0.000950678 0.000485209 0.00132317 0.00901554 0.000653199 0.00169283 0.00344948 0.00535867 0.000650471 0.00108266 -0.000997236 0.00145173 0.00730558 -0.000202101 0.0012839 -0.000121848 0.00379502 0.00161617 0.00607468 0.00213704 0.0044707 0.00426261 -0.000878553 0.00132932 0 -0.00174064 0.0056615 -0.00122979 0.00205292 -0.00144611 -0.000751306 -0.000530669 -0.00175818 0.00752823 -0.000155176 -0.00169996 0.000520265 -0.00258701 -0.00242714 -0.00218156 -0.000648549 -0.000158508 0.000490902 -0.000761067 0.000997533 0.00133317 -0.00123938 0.000526981 -0.000939124 9.73783e-05
internal_weight=35667.8 21263.3 7933.19 7695.48 3010.94 2446.95 1549.33 897.618 737.425 13330.1 4684.54 2979.89 342.297 1393.35 769.753 471.116 623.599 298.637 2637.59 1959.77 482.716 1477.05 13080.5 5954.57 463.291 5491.28 3403.83 2429.17 1422.84 1006.34 919.409 2087.44 745.351 243.738 7125.89 2185.06 1910.06 544.956 452.452 227.449 1190.18 608.792 508.281 4940.83 975.917 802.748 677.819 289.617 501.613 518.518 3964.92 14404.4 12757.8 1365.1 249.679 581.392 3797.58 642.214 974.659 1342.09 3155.36 12420.9 7001.41 3756.93 1466.36 750.642 2290.57 836.173 444.424 3244.49 1537.71
internal_count=33609 12608 5760 5616 2035 1503 788 715 573 6848 3581 2252 208 742 411 242 331 169 2044 1369 260 1109 6692 3389 183 3206 2018 1176 686 490 543 1188 465 160 3303 936 819 434 411 261 938 494 323 2367 619 562 675 256 305 480 1748 21001 18998 385 156 444 1697 250 842 723 1447 18531 11236 5734 2033 1101 3701 416 171 5502 2748
is_linear=0
shrinkage=0.0955619


Tree=106
num_leaves=72
num_cat=0
split_feature=8 1 1 1 5 3 9 7 9 7 1 1 1 4 2 2 8 0 0 2 1 3 8 1 8 3 9 2 2 2 1 8 2 3 0 0 1 1 7 4 3 9 4 9 9 5 2 1 9 3 5 2 3 4 7 3 8 8 9 3 1 2 1 8 9 8 4 9 3 9 4
split_gain=2.29763 2.13451 2.50893 1.9557 1.56761 1.656 5.28837 2.09942 1.80023 1.51214 2.25955 1.87497 3.65389 1.75623 3.42227 5.26342 1.83923 1.66583 2.52776 3.31742 1.46959 1.17012 1.13524 1.05517 1.69578 1.55476 1.03796 0.989942 1.12884 0.959677 5.0146 0.947884 1.11385 1.71835 2.57783 1.31316 1.92938 1.83509 2.29203 1.26242 1.0409 1.18345 0.929809 1.27923 1.15698 1.37879 0.844802 1.08451 1.3329 1.72563 0.850444 0.66934 0.626252 0.606799 0.704988 0.600934 0.659662 0.580935 0.63723 0.750039 0.575207 0.568618 0.562233 1.06318 0.556726 0.995409 1.23687 0.538563 0.523921 0.523815 0.58516
threshold=7.5100000000000007 -0.65189295912203338 -0.86095304316285715 -0.32533907195844763 -1.0000000180025095e-35 2.1150000000000007 -0.53810416157854124 7.8650000000000011 1.6331445922824168 6.4700000000000015 0.97310932590074095 -0.54883787585413535 -0.59125596962661853 1007.9500000000002 -0.04732138832243208 -0.11593459959550052 3.3950000000000018 0.37940952255126048 -0.5 -0.8140159405215136 -0.99762106698677366 3.3250000000000006 6.3549999999999995 -0.97505550290239429 7.9850000000000021 1.5750000000000004 2.2534285300924251 -0.58427653070765284 0.53435276464917691 0.098816478347602127 -0.98801351631316325 7.6500000000000012 -0.15855351192338588 5.6650000000000009 -0.5 -0.12940952255126037 -0.21772121422198129 0.94697898371965716 12.665000000000003 1006.35 2.8050000000000002 2.7060101590422225 1009.5500000000001 -0.86769926957598098 0.4914469144387788 0.78656609248549325 -0.89388548498445497 -0.39753913293122006 -3.5783791348475904 3.3850000000000002 -0.60355339059327362 -0.55599684127981919 3.9350000000000005 1009.1500000000002 6.9800000000000031 2.1750000000000003 6.6900000000000004 8.245000000000001 -3.1482441192171247 2.1350000000000002 -0.012910176522261644 0.20931464596304869 -0.2760944163666606 9.9800000000000004 -0.78366249637247509 9.5000000000000036 1006.6500000000002 -0.45827399456941359 1.7550000000000001 -0.86769926957598098 1006.1500000000002
decision_type=2 2 2 2 2 2 2 2 2 2 2 2 2 2 2 2 2 2 2 2 2 2 2 2 2 2 2 2 2 2 2 2 2 2 2 2 2 2 2 2 2 2 2 2 2 2 2 2 2 2 2 2 2 2 2 2 2 2 2 2 2 2 2 2 2 2 2 2 2 2 2
left_child=9 2 23 -3 5 6 -4 -8 52 13 11 12 20 29 15 17 -16 18 -15 22 -11 26 -20 24 25 -2 -22 -6 -29 46 -31 -5 33 35 -35 36 -33 38 39 -37 41 -39 43 -19 45 -45 47 -1 49 50 -49 -46 -7 68 -55 56 -21 -30 -59 -60 -41 -18 63 -34 65 66 -38 -17 -13 -50 -71
right_child=1 3 4 31 27 8 7 -9 -10 10 -12 53 -14 14 16 67 61 42 19 55 21 -23 -24 -25 -26 -27 -28 28 57 30 -32 32 62 34 -36 37 64 40 -40 60 -42 -43 -44 44 51 -47 -48 48 69 -51 -52 -53 -54 54 -56 -57 -58 58 59 -61 -62 -63 -64 -65 -66 -67 -68 -69 -70 70 -72
leaf_value=0.002403285756087004 -0.0008007319350143466 -0.028996231314371651 0.032714745409571457 -0.012889510877625762 -0.0054488827124700764 -0.002239754179890056 -0.0011291805195110787 0.0046257786761903716 0.0071166790539320211 0.0088028842799053666 0.00083183561803776361 0.00092387999051550616 0.0072309087089403251 -0.001028567337885583 0.0090770246778239666 0.0017283564342428829 -0.01647612788189563 -0.0079867197508389446 0.001475005979975565 0.0020512033103974089 -0.0043323684703361412 0.00065257660652184163 0.00073350914918086777 -0.019111802311050731 -0.046466237662532224 0.024394204066257634 0.0068564823855193245 0.019548201855196679 -0.00028844822345054476 0.0046382977346016603 -0.0048414815174569149 -0.0018413718828802742 0.04695189668729461 -0.00039988883733783117 -0.0016441896615611137 -0.0052930843526389207 0.0095894920067155325 0.00025588862576767402 0.007440291093231249 -0.060351824302070804 0.0033434575369281931 -0.0032769519456562297 -0.0090765143051078044 0.0064591989688514038 -0.0065327226530891274 0.0065017232808775435 -0.00050124362444215538 0.0024880830945909257 -0.0018460606307478772 -0.023860709667228749 0.00072399968517809494 0.00077760792118953528 0.0027639369604387635 0.027323106132924282 -0.013056453881536367 -0.00040073513786832249 0.00047889337841568739 -0.037414796009244237 -0.00058311864516586267 0.041089216206507767 0.00062841349164227027 -8.1103555263243899e-05 -0.00054459124630723283 -0.038210976221291458 -0.00048330586276946748 -0.0026586880437260052 -0.0039391884984351627 0.020635395172327368 -0.00038263439517355888 -0.019665578335795086 0.0006034193372666133
leaf_weight=158.21954956650734 86.424054861068726 1776.2152960300446 125.46477401256561 713.5267097055912 306.99776181578636 387.09034094214439 199.09514293074608 173.58461609482765 124.89783227443695 108.67930293083191 124.18373444676399 208.91852316260338 148.18336051702499 409.98003435134888 64.763918489217758 92.721167057752609 686.77603480219841 265.26361367106438 171.1411013007164 160.17729783058167 558.57883539795876 217.88670563697815 164.15328454971313 725.60131248831749 181.30624648928642 114.07633289694786 110.02723297476768 104.4835741519928 178.01443415880203 105.35085806250572 335.01980286836624 125.78176429867744 109.77094677090645 158.40765327215195 123.01876246929169 976.62940764427185 237.68022307753563 113.12820488214493 120.6655849814415 133.58563256263733 317.05057710409164 220.45617738366127 420.89586320519447 157.62280765175819 168.50933837890625 79.292638927698135 3075.4596929550171 88.807220637798309 697.67426019906998 114.99992895126343 83.68956258893013 122.54610458016396 81.759827047586441 81.84309846162796 69.973024755716324 269.21783241629601 107.26586464047432 72.23541247844696 62.618508160114288 77.060881793498993 1748.8334753215313 1805.4333106279373 9730.9817551970482 85.266997873783112 2541.2520049512386 198.58970659971237 164.01032942533493 103.19327411055565 1118.1947922110558 164.83398735523224 252.73138052225113
leaf_count=135 108 2234 90 533 391 373 228 112 83 49 43 144 66 653 66 95 820 325 104 147 527 100 84 917 171 100 101 137 240 66 370 102 141 114 71 839 173 76 43 160 134 154 378 115 179 146 2993 88 746 75 85 109 60 98 72 125 69 96 101 95 1271 2334 9762 108 1504 146 162 64 565 186 258
internal_value=0.000548551 -3.07996e-05 0.002337 -0.000398439 0.00445891 0.0068284 0.0109606 0.00485968 0.00317204 0.00155694 0.00356258 0.00291334 0.00582482 0.00101365 0.00224063 0.00461878 -0.000228625 0.00337851 0.00578914 0.00869514 0.00359857 0.00216671 0.0162057 -0.00120831 0.00271226 0.00885621 3.39127e-05 0.00110252 0.00382598 -0.000236992 0.00398331 -9.13987e-05 4.57936e-05 0.000957423 0.00827059 0.000642487 -0.000726472 0.00189997 0.000857239 0.000273471 0.00650973 0.00238129 0.000749377 0.00273303 0.00550032 0.0104746 -0.000660024 0.00111442 0.000193331 0.00602146 0.0120971 0.00107586 0.000228023 0.000593028 0.00626614 0.00377388 0.00698007 0.00116336 0.00467979 0.00852505 0.00174852 -0.000685042 -0.000604195 0.00437683 -0.00122153 0.00130163 0.00414584 0.0196993 0 -0.00123574 0.00128476
internal_weight=35667.8 22595.6 3000.71 19594.9 1893.3 1091.89 498.145 372.68 593.748 13072.2 2746.47 2622.28 1143.36 10325.7 5248.95 2691.98 2556.97 2496.07 1281.94 871.955 995.172 886.493 335.294 1107.41 381.807 200.5 668.606 801.411 494.413 5076.79 440.371 17818.6 17105.1 7179.09 281.426 6897.66 3267.31 3630.35 2979.71 2859.05 650.635 333.584 1214.13 793.235 527.971 236.915 4636.42 1560.96 1402.74 287.497 172.497 291.055 468.85 1478.93 151.816 536.661 267.443 389.929 211.915 139.679 1882.42 2492.21 9926.02 195.038 3141.53 600.28 401.691 195.914 1327.11 1115.24 417.565
internal_count=33609 21029 3302 17727 2006 946 430 340 516 12580 1765 1722 843 10815 5813 2593 3220 2434 1182 529 777 728 188 1296 379 208 628 1060 669 5002 436 15493 14960 4949 185 4764 2087 2677 2313 2270 364 230 1252 874 549 261 4566 1573 1438 248 173 288 433 879 170 341 216 532 292 196 1431 3154 10011 249 1985 481 335 159 709 1190 444
is_linear=0
shrinkage=0.0955619


Tree=107
num_leaves=72
num_cat=0
split_feature=6 2 2 4 7 9 3 2 2 0 4 4 9 7 3 0 3 4 3 9 1 9 9 4 1 7 3 6 4 4 7 1 4 1 3 4 1 2 9 6 9 1 1 3 7 4 4 4 7 7 9 1 2 1 3 0 7 7 6 1 9 1 1 3 3 4 0 7 9 3 1
split_gain=2.46549 1.32685 3.62645 0.932982 1.712 1.28884 1.28281 1.73006 6.40494 1.43693 2.0428 2.65825 1.76599 2.15364 1.87582 1.05032 2.21514 1.29612 2.55731 0.901685 0.875742 0.830126 1.02515 1.03687 2.3179 0.85069 0.729306 0.464629 1.53083 0.431232 0.384845 0.425394 0.720252 0.746184 0.632756 0.518502 0.435601 0.571135 0.545625 0.494703 0.406117 0.967662 0.414701 0.983689 0.394916 0.35308 0.351952 0.447219 1.00809 1.7114 1.05583 1.84229 1.02361 0.903493 0.780516 0.726648 0.812299 1.20889 0.476964 0.454878 0.454822 0.616404 0.448701 0.668695 0.435136 0.626326 0.339078 0.334079 0.633941 0.307837 0.30525
threshold=-0.37940952255126015 -0.073092422389869308 -0.098820138732871751 1007.4500000000002 8.4000000000000021 5.0937704837932047 3.4050000000000007 -0.96227343267549392 -0.98208922706762081 0.25881904510252057 1006.2500000000001 1002.4500000000002 -0.83945320721057637 5.6600000000000028 3.9650000000000003 0.37940952255126048 2.9750000000000005 1008.4500000000002 2.0750000000000006 0.24450455624091919 0.94697898371965716 3.8325567343025146 -0.80912018151492038 1011.1500000000002 0.86095304316285726 4.8600000000000021 3.8650000000000007 -0.60355339059327384 1006.35 1004.5500000000001 10.535000000000002 -0.04732095011389225 1005.0500000000001 0.86958133671945947 2.8850000000000002 1005.2500000000001 -0.56314550935064722 -0.70862667826445969 1.8542367163866766 -0.12940952255126037 0.07542098150684852 0.83354805289222267 0.012910176522261303 2.3850000000000002 5.7300000000000031 1007.0500000000001 1004.9500000000002 1011.1500000000002 7.2100000000000035 6.5300000000000038 0.55803759068473024 0.90149333598846393 0.36570897681179731 -0.66484924122790601 3.4850000000000008 1.0000000180025095e-35 5.5500000000000034 3.5299999999999998 -0.98296291314453399 -0.10738035228456493 -1.2860132551925998 -0.35769492645306972 0.99817629101047833 2.5450000000000004 5.3350000000000009 1015.0500000000001 -0.9159756150367534 3.7850000000000006 -1.3499824280009738 5.9750000000000005 0.012910176522261303
decision_type=2 2 2 2 2 2 2 2 2 2 2 2 2 2 2 2 2 2 2 2 2 2 2 2 2 2 2 2 2 2 2 2 2 2 2 2 2 2 2 2 2 2 2 2 2 2 2 2 2 2 2 2 2 2 2 2 2 2 2 2 2 2 2 2 2 2 2 2 2 2 2
left_child=1 2 3 5 15 6 7 8 29 10 11 -8 13 -13 -14 16 17 19 -19 -5 27 22 67 24 25 -24 -11 -9 -29 -1 31 34 -33 35 36 -34 37 39 -38 -2 42 45 43 -37 -41 -42 -3 48 49 50 51 55 -51 -50 -49 -48 57 -57 -55 -56 -60 -62 63 -63 65 -61 -36 -17 -69 -32 -18
right_child=30 46 -4 4 -6 -7 9 20 -10 26 -12 12 14 -15 -16 21 70 18 -20 -21 -22 -23 23 -25 -26 -27 -28 28 -30 -31 69 32 33 -35 66 40 38 -39 -40 44 41 -43 -44 -45 -46 -47 47 54 53 52 -52 -53 -54 58 59 56 -58 -59 60 64 61 62 -64 -65 -66 -67 -68 68 -70 -71 -72
leaf_value=-0.0020959545239415101 0.047285707321312404 -0.0025384701280696752 0.0003547971644809857 0.0006293657420640143 -0.0046417379634796415 0.00068369170081521722 -0.018550321510485419 -0.00081852559552054018 0.0018222581257451619 0.0063643542251335273 -0.00078093837639827638 -0.0014896627809051636 0.0008856557673997535 0.0022909547392480391 0.00027981384669030176 -0.0043253861132626263 -4.5217498020277752e-05 0.00063293267505538453 -0.018728150047704003 -0.00015776078230490183 -2.1236005501076507e-06 -0.0059667177169123956 0.0029415607330820171 -0.059005708368811111 0.0045691037664419027 -0.0053287643653383886 -0.0017681346648487095 -0.027324200765527898 0.029588463708942865 -0.021151642558284795 -0.0067017668940498008 -0.0023461980442619043 0.0031597031333249199 -0.0015705162702411954 0.00017332351311366958 -0.00077902451156469199 -0.014579388179541734 -0.001917779908856439 0.0052676650347232533 0.0087140531492288214 -0.0034072490765956688 0.034589758449977533 0.0035408773108728231 0.022214828621704624 -0.0019671248206168772 -5.1466617440979047e-05 -0.0020880921356575782 -0.002687225352355025 -0.0029185886293635653 0.0014793099455773996 -0.00082434077022721546 0.00026596644058024939 5.2557249692395346e-05 -0.0032068811283953213 -0.016669932406547298 0.0062663461156208357 0.0035131632438404475 -0.0036387977883966622 -0.0021642439296180034 0.0067315363201662735 0.0041900009341973637 0.0011939959166946176 0.00047649343745034947 -0.00076472082521313934 -0.039096350463460106 0.021814144225455256 -0.042967917585452299 0.00063298713602053587 -0.0082300212775014044 -7.7557803862112566e-05 -0.0068452012446990193
leaf_weight=153.66894996166229 63.75544685125351 380.9341567158699 263.20520576834679 279.30316019058228 343.909687936306 410.41826015710831 300.04730176925659 2002.4443851411343 248.42897912859917 254.68264245986938 588.17736208438873 262.71459257602692 416.4398375749588 455.158826649189 1028.5401175022125 312.20123216509819 266.27296805381775 323.31727880239487 314.52131393551826 262.13308107852936 286.19214510917664 313.168641269207 649.23165905475616 127.53088372945786 176.65309280157089 349.30838125944138 684.01023182272911 461.38349896669388 151.2880018055439 407.31679427623749 1557.049879103899 570.17347198724747 77.77245682477951 1678.560154825449 139.86554691195488 92.785128951072693 1630.7715681195259 3200.4073351919651 302.31506079435349 146.73965150117874 325.31228828430176 69.018815249204636 2163.1565169990063 81.320569932460785 138.34756377339363 1146.6406424939632 318.78078788518906 2103.3655974268913 508.90983566641808 231.54812854528427 881.10922721028328 201.14153411984444 160.17659193277359 227.82637614011765 309.49274095892906 94.796547949314117 115.33912664651871 236.77405935525894 324.56049183011055 294.77044069766998 137.59052777290344 802.05210295319557 192.48381868004799 850.27281513810158 70.722613424062729 98.058805763721466 930.85991632938385 138.09469899535179 101.23010063171387 89.584616214036942 391.63433313369751
leaf_count=71 63 169 90 91 83 96 104 784 85 140 176 96 143 225 329 325 111 90 88 71 70 162 674 52 73 221 499 235 94 226 1939 721 89 2340 223 131 2400 5516 471 258 416 99 2981 88 207 1695 212 2254 313 87 637 74 127 143 433 102 69 181 302 309 149 481 56 478 103 133 1300 124 76 64 92
internal_value=0.000255651 0.000911463 0.00152988 0.00128561 0.00242288 0.000663756 0.000371695 -0.000890909 0.00296322 0.00156927 0.00258676 0.00380927 0.00499915 0.00893356 0.00296736 0.00299228 0.00469684 0.00717291 0.0101669 0.00344214 -0.00200008 0.0015004 0.00229772 0.0037736 0.00469959 0.00277929 -0.00163645 -0.00256868 -0.000103071 -0.00256015 -0.000705923 -0.000518426 3.41801e-05 0.000377104 -0.00105575 0.00110608 -0.000618731 0 -0.00177196 0.00366712 0.000920973 -0.000230405 0.00171953 0.00631673 0.00153368 -0.000815958 0 0.000122972 0.000654812 0.00219971 0.000921223 0.00312849 0.00794787 -0.000452138 -0.000821085 0.000843543 0.00341164 0.00067602 0.000252214 0.00171036 0.000700049 0.00127507 0.000753019 0.000181873 0.00364046 0.00496457 -0.00319927 -0.00102068 0.0013957 -0.00209874 0.00010609
internal_weight=35667.8 21263.3 12722.6 12459.4 4348.51 8110.91 7700.49 3710.72 809.415 3989.77 3051.08 2462.9 2162.85 717.873 1444.98 4004.6 1837.18 1179.27 637.839 541.436 2901.31 2167.42 1854.25 1302.72 1175.19 998.54 938.693 2615.12 612.672 560.986 14404.4 12757.8 6204.74 5634.57 6553.06 3956.01 5482.34 3549.25 1933.09 348.843 3878.23 1540.97 2337.26 174.106 285.087 1471.95 8540.71 8159.77 5283.36 2239.67 1847.94 966.832 391.725 3043.7 2876.41 765.691 446.91 331.571 2534.79 773.045 2306.96 1982.4 1844.81 1652.32 463.552 392.829 1070.73 551.526 239.325 1646.63 657.907
internal_count=33609 12608 5796 5706 2333 3373 3277 1565 382 1712 1073 897 793 321 472 2250 543 340 178 162 1183 1707 1545 1020 968 895 639 1113 329 297 21001 18998 8560 7839 10438 5499 8915 6044 2871 528 5410 2210 3200 219 465 2111 6812 6643 3411 1489 1275 638 214 1922 3232 564 352 283 1609 978 1466 1164 1015 959 545 442 1523 525 200 2003 203
is_linear=0
shrinkage=0.0955619


Tree=108
num_leaves=72
num_cat=0
split_feature=6 8 4 9 3 9 9 8 8 7 8 8 7 1 3 3 7 3 3 1 9 9 1 9 3 3 8 9 7 3 1 8 8 8 9 9 6 0 4 8 1 4 4 1 3 4 3 1 8 8 1 1 1 3 3 3 3 0 9 3 3 6 8 6 9 8 1 3 4 1 9
split_gain=3.0599 2.93894 1.82951 2.16437 2.72192 2.14492 3.06618 3.27452 1.99569 1.94375 1.91954 1.32232 2.47943 0.911445 2.16996 0.923293 0.833981 0.77269 1.05571 1.05628 1.24079 0.953061 1.40298 1.245 1.16245 1.15168 1.004 1.95363 2.11287 1.24381 1.22054 1.96287 2.08358 0.977885 1.65902 0.858723 0.858558 0.851473 1.3859 0.784483 0.769664 0.72558 0.695303 0.519156 0.512184 0.494865 0.457446 0.4467 0.415296 0.568205 0.730995 1.78425 0.378045 0.356501 0.921092 0.508733 0.601345 0.44011 0.331452 0.324303 0.503113 0.34863 0.482077 0.437405 0.428744 0.507003 0.371631 0.517929 0.444632 0.637131 0.415899
threshold=-0.37940952255126015 7.0700000000000029 1008.2500000000001 -2.7180357534998296 3.2250000000000005 -3.197916291046528 -0.43090211841463949 6.2700000000000022 6.7200000000000015 4.9799999999999995 6.6200000000000037 6.8700000000000037 4.8900000000000032 -0.55601228778889811 3.2050000000000005 3.1050000000000004 3.7450000000000014 2.0250000000000004 1.675 0.5772862706790628 2.6115365138719011 2.138287092550597 0.99817629101047833 2.0271434273114122 5.2750000000000012 2.0750000000000006 7.7900000000000018 1.0258695460507286 7.5400000000000018 2.7750000000000004 0.42888796625999276 9.7350000000000012 9.0800000000000018 14.125000000000002 4.122407044550731 4.2465236270862716 -0.78656609248549325 0.25881904510252057 1007.5500000000001 8.2900000000000027 0.7206604759859373 1010.7500000000001 1005.7500000000001 0.86958133671945947 0.96500000000000008 1008.85 2.2850000000000006 -0.63874350706337046 13.175000000000002 10.235000000000001 0.95992380042979863 0.88606241628642846 -0.42888796625999276 4.6750000000000007 4.2750000000000012 2.9750000000000005 2.7150000000000003 0.25881904510252057 0.29460317699640731 5.9750000000000005 4.1950000000000012 0.37940952255126048 14.535000000000002 -0.12940952255126037 -4.5795769460136126 12.015000000000002 0.098819223632317002 1.8350000000000002 1005.9500000000002 0.53436760985011655 4.122407044550731
decision_type=2 2 2 2 2 2 2 2 2 2 2 2 2 2 2 2 2 2 2 2 2 2 2 2 2 2 2 2 2 2 2 2 2 2 2 2 2 2 2 2 2 2 2 2 2 2 2 2 2 2 2 2 2 2 2 2 2 2 2 2 2 2 2 2 2 2 2 2 2 2 2
left_child=1 2 3 4 -1 -4 7 9 46 16 44 12 -12 14 -10 -15 -7 18 19 20 37 22 23 25 33 -19 27 28 29 -27 39 32 -32 48 -35 52 -21 38 -3 -28 -33 -9 -6 -38 -8 -46 -5 -41 49 -23 51 -51 -22 54 55 56 -48 -57 -40 60 61 63 66 64 -2 -66 67 -63 -68 -70 -71
right_child=59 17 5 8 42 6 10 41 13 -11 11 -13 -14 15 -16 -17 -18 21 -20 36 35 24 -24 -25 -26 26 30 -29 -30 -31 31 40 -34 34 -36 -37 43 -39 58 47 -42 -43 -44 -45 45 -47 53 -49 -50 50 -52 -53 -54 -55 -56 57 -58 -59 -60 -61 -62 62 -64 -65 65 -67 68 -69 69 70 -72
leaf_value=0.00024320624111286976 -0.00055617984494297991 -0.014835821753034653 -0.0013692537521601835 -0.0010694419876628918 0.0018663699534555414 0.0033899292595992074 0.0020400588967298626 -0.0008208027632293374 -0.023179908970718276 0.0052868082234147707 -0.0024948224813937212 -0.079851673921126728 0.00032386427531669185 -0.001166389174860695 0.0010379059598534936 -0.0014379884752241121 -0.0009780091052888607 0.0084145515562199496 -0.00072666949747198656 -0.0062634720256230384 -0.0095175443396818306 -0.00066021623071195663 0.0033015274782921935 0.0019531858559304594 0.00027032371017280115 -0.0068025898883836752 -0.014215721744281869 -0.012436190307981933 0.0028216456874847868 0.00059767578987375547 0.0010169899142279163 0.0020759651072666083 0.0072259573201048999 -0.0034608734053095803 0.0017252271061629118 0.0022333561409784985 0.003098333361921498 -0.0055202423343074193 0.0019881902129157704 0.0022808821415317335 -0.00088995663587326931 0.0033872053184078842 -0.0038621969893988298 -0.0099443340074068798 -0.0045660973926198011 -0.0025892962143950265 -0.00049143900309775511 -0.0011587783823674474 -0.0063129104015983003 -0.00071396465263639055 -0.00067818934180151097 0.004846074016905514 0.0038871623152648724 -0.00097713293731124264 0.0018793930885526715 -0.0010156353724778773 0.00061097826479940894 0.00060637566204213285 0.0052794787460869073 -0.00022504354212514349 -0.0073543057757419908 0.0028375138392682533 -0.052670015412425032 -0.0030216929950857758 -0.0014082261656629953 0.013316341024905877 -0.001091242378025149 -0.0066845426709882701 0.010760841865020347 -0.00066071795306660058 0.0014549658336428359
leaf_weight=330.50030446052551 101.88196012377739 288.24299734830856 321.33576691150665 577.32121932506561 240.14921474456787 152.40851676464081 71.046063631772995 202.90428701043129 204.84166124463081 135.36225539445877 142.36505678296089 177.78422585129738 205.96186256408691 281.03278124332428 177.38684317469597 332.18585914373398 81.719310581684113 123.09243351221085 1221.7272654473782 841.13839808106422 97.482700288295746 1420.0471357107162 232.83462750911713 159.9305904507637 189.29331576824188 309.87527349591255 750.73739260435104 423.68318504095078 210.08330011367798 962.72864294052124 643.63703525066376 325.11750692129135 229.22003361582756 259.86792552471161 216.85177382826805 129.22663927078247 171.36572709679604 390.33565965294838 185.39146241545677 473.73624533414841 1097.1863974928856 110.72646629810333 164.76533624529839 286.54418277740479 162.03523275256157 577.15518394112587 190.40335428714752 1699.1468307077885 464.2419920861721 534.54509201645851 418.86478251218796 235.18020218610764 86.28460818529129 209.03406411409378 202.53182858228683 423.20047038793564 146.61489883065224 216.14780169725418 148.77275145053864 127.10615205764771 749.23974308371544 1598.9988425970078 384.29173481464386 3857.0819016396999 1706.471022605896 249.62854090332985 329.6013178229332 2609.3239629566669 994.8646537065506 1599.8382686078548 96.108529418706894
leaf_count=141 139 146 240 315 115 159 52 148 119 58 107 142 88 114 83 126 59 86 741 334 81 749 91 87 60 176 549 178 80 523 269 302 86 115 60 90 135 414 90 397 551 100 77 117 96 491 110 1640 141 381 140 75 78 115 88 175 81 147 100 118 870 2759 490 5374 2188 302 527 4106 1490 2505 133
internal_value=0.000375349 0.00110551 0.00289173 0.00152933 0.00616736 0.00499892 0.00616374 0.0114207 0.000341305 0.0175626 0.00338967 0.00787862 0.011303 0.00384703 0.00755243 0.00136331 0.0113705 0.000390789 -0.00076748 0.000280578 0.00220624 0.000790608 0.00140518 0.00115934 -0.000440425 0.000959125 0.00078461 0.00266158 0.00432126 0.00274813 8.00538e-05 0.00174511 0.00531302 -0.000854929 0.00309797 0.00746109 -0.00161317 0.000475108 0.00274368 -0.00119546 -0.000384412 0.00380428 0.000652787 0.00157257 0.000343863 -0.000290875 -0.00138954 -0.000227785 -0.00150071 -0.000982445 0.000494817 0.00230605 0.0116637 -0.000371017 0.00020188 -0.000936202 0.00190294 -0.00258034 0.00697062 -0.000695987 -0.000744609 -0.000602197 -0.000160084 -0.00115508 0 -0.000347676 2.88415e-06 -0.000564363 0.000824017 0.00125325 6.89933e-05
internal_weight=35667.8 21263.3 6036.92 3696.12 735.415 2340.8 2019.47 683.121 2960.7 369.49 1336.35 526.111 348.327 995.447 382.229 613.219 234.128 15226.4 3846.51 2624.79 1325.74 11379.9 7641.01 7408.17 3738.89 7248.24 7125.15 1906.37 1482.69 1272.6 5218.78 2295.16 872.857 3549.6 476.72 312.994 1299.05 1012.74 622.407 2923.62 1422.3 313.631 404.915 457.91 810.236 739.19 1965.25 2172.88 3072.88 2608.64 1188.59 769.725 183.767 1387.93 1178.9 976.367 337.018 639.348 334.164 14404.4 14277.3 13528.1 7613.03 5915.06 2057.98 1956.1 7228.74 4208.32 3020.41 2690.81 1695.95
internal_count=33609 12608 3546 1806 333 1740 1500 524 1473 276 976 337 195 442 202 240 218 9062 2326 1585 999 6736 5015 4924 1721 4837 4751 957 779 699 3794 1208 355 1661 175 249 586 750 336 2586 853 248 192 252 639 587 1031 2037 1486 1345 596 456 159 716 601 513 191 322 190 21001 20883 20013 12010 8003 2629 2490 11520 6865 4655 4128 2638
is_linear=0
shrinkage=0.0955619


Tree=109
num_leaves=72
num_cat=0
split_feature=6 8 9 9 8 8 1 0 4 4 1 3 4 8 3 9 7 1 1 1 3 3 3 4 3 3 9 4 3 8 4 3 1 1 0 1 3 9 3 1 1 8 8 1 8 1 1 1 8 1 7 8 1 9 1 4 3 4 8 8 1 1 8 8 7 9 3 3 3 6 8
split_gain=2.62341 1.78931 1.48896 2.96038 1.44997 2.44033 3.31976 2.71211 2.11151 1.97987 1.80355 1.51695 1.33545 2.00203 1.97779 1.0725 3.22297 0.959004 1.6281 1.46124 1.17278 1.1309 2.00918 1.04051 1.16372 0.788396 0.800198 0.985695 0.768377 1.31242 1.113 1.0107 0.710867 0.97526 1.04269 1.03563 0.51057 0.464089 0.438081 0.460103 1.23883 1.05555 1.61477 0.728175 0.572662 0.537614 0.532116 0.44225 0.416377 0.402974 0.388113 0.371541 0.837239 0.509923 0.462884 0.398966 0.966238 0.458067 0.401511 1.00089 0.613966 0.469296 0.491026 0.500889 0.368382 0.562409 0.367924 0.818295 0.777362 0.358836 0.356905
threshold=-0.37940952255126015 7.4900000000000011 -4.5795769460136126 -4.047565007407349 6.7200000000000015 6.830000000000001 -0.081675638985454949 -0.5 1008.2500000000001 1005.2500000000001 -0.92913280730858783 1.655 1008.9500000000002 6.0400000000000018 1.2750000000000001 -2.0659296526119255 5.5500000000000034 -0.86095304316285715 -0.63874350706337046 -0.40542197401079733 1.4350000000000003 3.5450000000000004 4.035000000000001 1006.6500000000002 5.3850000000000007 2.8050000000000002 1.0258695460507286 1010.4500000000002 2.7250000000000005 7.4100000000000028 1006.5500000000001 3.1050000000000004 0.96900085243778578 0.94697898371965716 0.25881904510252057 0.34964421742355262 3.7250000000000005 0.44469250106146069 0.66500000000000015 0.97505550290239451 0.98370018436603734 10.235000000000001 11.355000000000002 0.90880922144842613 12.570000000000004 0.54883787585413535 0.081675638985454754 0.99373737808068319 6.2700000000000022 -0.69016699705532225 11.855000000000002 7.589999999999999 0.98930504265984687 -2.0659296526119255 0.20088869483109786 1005.85 5.9750000000000005 1013.7500000000001 9.3300000000000018 9.4649999999999999 -0.6453421371357726 0.11593352601052392 14.710000000000001 11.920000000000002 5.085 1.4189176234079197 2.6350000000000002 3.4650000000000003 3.3250000000000006 0.1294095225512602 8.5200000000000031
decision_type=2 2 2 2 2 2 2 2 2 2 2 2 2 2 2 2 2 2 2 2 2 2 2 2 2 2 2 2 2 2 2 2 2 2 2 2 2 2 2 2 2 2 2 2 2 2 2 2 2 2 2 2 2 2 2 2 2 2 2 2 2 2 2 2 2 2 2 2 2 2 2
left_child=1 2 -1 -4 8 6 37 9 15 -7 11 -9 13 -10 48 16 36 -3 20 -20 -19 64 -23 24 32 49 27 -27 30 31 -12 -30 33 34 35 -21 -5 -6 -25 43 -41 47 -43 44 45 -40 -46 -42 -14 -16 -34 52 66 54 -53 56 -55 58 70 -60 -61 -62 63 -63 -22 -66 69 68 -68 -2 -57
right_child=51 17 3 4 5 7 -8 10 12 -11 28 -13 14 -15 25 -17 -18 18 19 23 21 22 -24 38 -26 26 -28 -29 29 -31 -32 -33 50 -35 -36 -37 -38 -39 39 40 41 42 -44 -45 46 -47 -48 -49 -50 -51 -52 53 -54 55 -56 57 -58 -59 59 60 61 62 -64 -65 65 -67 67 -69 -70 -71 -72
leaf_value=-0.00052813309589275898 -0.0062259875264794014 -0.0035963864664596869 -0.00013466792950234788 -0.0011964455407435036 0.00093442425565950409 -0.0020461195181071556 -0.039954624699235976 0.0067147186056768903 -0.0003316229772609692 -0.0049927005688754226 0.00088171977161103905 -0.0027350112327743574 0.001406577243878208 0.0013440828844591226 -0.00024595056074541 -0.00019640110474063006 0.0021217652150559855 0.0043568520005650866 -0.044444465073405562 0.0016831378368913177 0.017132825551468396 0.0053617250581822051 -0.0023323932639323156 0.0011488944886075617 -0.0036752299512231718 -0.0015372437219872679 -0.0023418582694797116 0.0020339347874515088 0.0068076070778581056 -0.00015526523081845411 -0.0024903936835436783 -0.0008420733763076846 -0.012405126069251407 0.00083638633137053469 -0.0038904047532973391 -8.9151321118646906e-05 -0.029539849692102275 0.0018533983272231436 0.00036828201102620674 0.0013977397543841496 -0.0024943064082178527 0.0022018387504264495 -0.00031119990962201965 -0.0045906694289861837 -0.087354086825723973 -0.0021219424087143184 0.002154064875281077 -0.005199415381105201 0.00073419070092866202 -0.0004871323518534074 -0.00016037705076763262 -0.03108068175243742 0.0053692206314700569 -0.0019995154891883052 -0.00074551789944021882 0.00034997473277359557 -7.2358762534573449e-05 -0.026108932377239887 0.041365427439135898 0.043311071928209044 -0.035005893415598663 0.00010477397842762307 -0.030580284032363046 0.008740354716068599 -0.002036907039461403 0.00053660807975579132 0.0041398544462203316 -0.02434158143968275 0.00034570617546412103 6.3149637771878388e-05 -0.003945634919799536
leaf_weight=422.63308134675026 1126.3558657169342 646.0465527176857 155.50240695476532 285.87558010220528 160.42508402466774 159.81359130144119 154.86458665132523 185.18480876088142 177.96229812502861 187.79703775048256 222.28574684262276 277.87592998147011 114.4001926779747 225.99272108078003 329.83107486367226 1754.5718264579773 182.39246243238449 189.19431960582733 561.7021070420742 743.19468975067139 131.26984024047852 129.23127612471581 163.44688642024994 134.45723405480385 282.31483268737793 130.29474553465843 80.152889907360077 105.91410377621651 191.98993802070618 193.71013867855072 896.64477089047432 718.83677694201469 379.03126558661461 280.42086005210876 565.13066393136978 1344.9246273040771 155.78632974624634 151.05018821358681 1833.6255378127098 253.66344791650772 297.75338745117188 238.77990013360977 318.95090985298157 1055.0358329713345 110.58990168571472 1506.2001660168171 782.15914300084114 418.1752807199955 95.831998020410538 300.17017602920532 287.39520788192749 1384.2941781878471 98.897722512483597 1151.7806142270565 868.54902091622353 1419.5265183150768 95.329969167709351 569.25449430942535 108.62138518691063 52.429251402616501 565.52982440590858 979.50527513027191 273.47678402066231 862.98672357201576 357.02466636896133 235.82495015859604 823.36962330341339 239.35510271787643 77.065923392772675 2868.3471378982067 839.761215955019
leaf_count=232 1681 493 90 148 97 67 56 105 113 102 93 194 88 129 300 923 80 90 551 311 134 90 150 102 118 91 82 106 104 76 474 398 104 68 259 464 72 84 1819 101 72 76 116 456 156 915 802 160 83 198 77 1806 116 1411 1276 2221 76 666 128 95 713 1471 363 1220 231 108 1182 366 99 4878 1233
internal_value=0.000423111 0.00109911 0.00222826 0.00254257 0.00225202 0.00367631 0.010166 0.00264023 0.000961004 0.0105986 0.00156648 0.00698711 0.00370032 0.00848451 0.0019334 -0.000798911 0.00253058 0.000408242 0.00059886 0.000236286 0.00393893 0.00251789 0.00752122 0.000490959 0.001746 0 0.00393398 0.0068583 0.000388705 0.00220645 -0.00132309 0.000567153 0.00124858 0.00190263 0.00128937 0.00229704 -0.00170883 0.00403713 -0.000197107 -0.000317521 0.00111788 -2.89062e-05 0.00300493 -0.000750183 -0.000166112 -0.00076124 0.00195145 -0.00252503 0.0102582 -0.00189167 -0.00148681 -0.000568292 5.74697e-05 -0.000935505 -0.00219633 -0.000510729 -0.00206274 -0.00015214 0.000117727 0.000889056 0.000490956 0.000249849 0.000934688 0.00152891 0.000347195 -0.000532263 -9.43394e-05 0.00139555 0.00277305 -0.000543503 -0.000811228
internal_weight=35667.8 21263.3 8017.79 7595.16 7439.65 3500.48 466.34 3034.14 3939.18 347.611 2686.53 463.061 1560.55 403.955 1156.6 2378.63 624.054 13245.5 12599.5 11393.5 1205.99 1016.8 292.678 10831.8 3882.41 946.363 316.362 236.209 2223.47 1104.54 1118.93 910.827 3600.1 2933.67 2653.25 2088.12 441.662 311.475 6949.39 6814.93 1527.32 1273.66 557.731 5287.61 4232.57 3339.83 892.749 715.929 210.232 630.001 666.426 14404.4 5233.39 9171.05 2252.84 6918.2 1247.11 5671.09 5101.84 2842.55 2733.93 2681.5 2115.97 1842.49 724.119 592.85 5134.49 1139.79 900.436 3994.7 2259.29
internal_count=33609 12608 4585 4353 4263 1850 237 1613 2413 169 1444 299 1190 242 948 1223 300 8023 7530 6727 803 713 240 6176 1401 777 279 197 1145 578 567 502 1283 1102 1034 775 220 181 4775 4673 525 424 192 4148 3692 2734 958 232 171 498 181 21001 8322 12679 3082 9597 1487 8110 7444 3990 3862 3767 3054 2691 473 339 8206 1647 1281 6559 3454
is_linear=0
shrinkage=0.0955619


Tree=110
num_leaves=72
num_cat=0
split_feature=6 2 9 8 7 3 6 3 2 3 8 7 2 8 8 8 8 3 3 0 9 1 1 7 1 1 6 2 7 9 2 8 8 0 1 1 8 6 0 7 3 9 3 2 2 6 7 2 7 9 8 6 9 1 3 9 8 7 7 9 9 7 9 3 0 1 7 8 7 7 8
split_gain=3.37512 2.62464 2.17732 4.26776 2.22244 2.56741 2.06438 1.27208 1.19194 2.12704 2.38711 1.20755 1.27537 1.20047 1.10758 1.58875 3.59133 2.95924 2.51352 1.72708 1.812 1.4935 1.17558 1.11543 0.894261 1.52134 0.710543 0.661508 0.602412 1.34076 1.20383 0.678524 1.2496 0.654777 0.598905 1.48145 0.554546 0.570907 0.539736 2.63852 0.526143 0.52575 0.532947 0.58425 0.671204 0.730156 0.502533 0.943724 0.502437 0.494854 0.491257 0.464408 0.419692 1.15798 0.762758 0.723981 0.533452 0.349754 0.379263 0.348109 0.565092 0.334854 0.305208 0.292303 0.270265 0.710397 1.08009 0.91964 1.02947 0.281242 0.449986
threshold=-0.12940952255126037 0.23448270380211197 -2.2399668639384749 6.2700000000000022 4.6900000000000039 2.9550000000000005 -0.37940952255126015 2.8250000000000006 0.13300977955191609 3.4050000000000007 6.6599999999999993 13.800000000000001 0.081673369964559248 8.2650000000000006 7.7299999999999995 6.7200000000000015 6.830000000000001 3.6850000000000005 1.1950000000000001 -0.5 0.58819321032125071 -0.86958133671945925 0.99906486341235867 7.4400000000000039 0.1670500785599974 0.78297285307474518 0.25881904510252057 0.2926003356333482 7.330000000000001 -0.78366249637247509 -0.90146829171281539 8.9500000000000028 9.2550000000000008 -0.70710678118654757 -0.92913280730858783 -0.94130860066615785 8.0300000000000011 -0.98296291314453399 -0.5 8.2700000000000031 4.4150000000000009 0.66489993497614475 2.2550000000000003 0.77756834408811348 0.56312986467441573 -0.9159756150367534 6.0700000000000029 -0.90146829171281539 6.1800000000000024 -2.203954249615435 7.4100000000000028 -0.98296291314453399 1.0823721141985205 0.76109721063455271 1.4350000000000003 2.3812354573956864 11.975000000000001 8.5300000000000047 9.6700000000000017 -1.8098536307332809 1.1868367213166151 6.5000000000000027 1.0000000180025095e-35 4.3850000000000007 -0.9159756150367534 0.51973899919070166 5.2300000000000031 7.4100000000000028 8.1600000000000037 11.325000000000001 13.110000000000001
decision_type=2 2 2 2 2 2 2 2 2 2 2 2 2 2 2 2 2 2 2 2 2 2 2 2 2 2 2 2 2 2 2 2 2 2 2 2 2 2 2 2 2 2 2 2 2 2 2 2 2 2 2 2 2 2 2 2 2 2 2 2 2 2 2 2 2 2 2 2 2 2 2
left_child=1 2 3 4 5 -1 24 -6 11 10 -10 12 14 -12 15 18 17 -17 21 20 -18 -4 28 -21 -5 -26 -2 -3 31 30 -30 40 -33 -31 35 -29 37 -36 39 -38 -16 42 -40 44 48 -46 47 -20 -44 50 -28 -43 53 -53 55 -54 -56 -45 -59 -41 62 -8 -61 64 65 66 -51 -68 -69 70 -66
right_child=26 27 8 6 7 -7 61 -9 9 -11 13 -13 -14 -15 22 16 19 -19 46 23 -22 -23 -24 -25 25 -27 49 34 29 33 -32 32 -34 -35 36 -37 38 -39 41 59 -42 51 43 57 45 -47 -48 -49 -50 63 -52 52 54 -55 56 -57 -58 58 -60 60 -62 -63 -64 -65 69 -67 67 68 -70 -71 -72
leaf_value=-0.0024689934043980628 -0.00307997492914335 -0.0046279654584337852 0.00050600479152884713 -0.00044034584517794583 0.0014212722105030732 0.002688449765753817 0.013209503501012245 0.0017030780401267617 -0.006315186231709043 -0.019069760183241684 0.0015244883365931672 0.00051312918519711098 -0.0049327972229445466 -0.0015435962491288145 -0.0015659764848767071 0.0090976332147560089 0.0019214705665026291 -0.00064109706407735462 0.0016543725136705504 0.00013305634113554391 0.00023703767490159137 0.00092819475917507504 0.0003832012910646728 0.00058541468821364572 0.0040157334093044823 -0.0016971230268100789 0.0013510513747512422 -0.022944226637839793 -0.058537174373653654 -0.0017758852028224804 0.011102212262300924 0.0092864412747479912 -0.00036531545933092888 0.00027067939425115995 -3.8819841564999849e-06 0.019899071207289228 0.0096494934559267272 -0.0033631426707447743 -0.018372731974910853 -0.024743284264940522 0.016080298925257898 -0.0023693534050205668 0.002610023689929531 -0.055154508481396289 0.019241795051694172 0.00095735895190651949 -0.00082692800070604427 -0.00016746997601251138 -0.0045787094332950633 -0.069290286929212089 -0.021797464313661381 -0.0057631962004792816 -0.029363222531814222 0.0017420251694465927 -0.0021353842819848961 0.0078875331523560015 0.0054430208584185227 0.040757407197951449 -0.020361785166011635 0.0040479192288629682 -0.010077133979128721 0.01446251001231566 0.027798254183544088 -0.009075410277959382 -0.00037823784659527415 -0.00037687471711495175 0.015203924857476821 -0.00035513473263324238 0.046170502489752782 -0.033149468071857861 0.015791585643031222
leaf_weight=159.05714666843414 3121.5001493990421 393.6809997856617 106.98058351874352 634.17887458205223 148.14478999376297 268.11531978845596 82.939802408218384 232.22751992940903 245.9672991335392 173.25287327170372 198.55717575550079 378.31642067432404 421.6615244448185 227.18409085273743 1069.2182975113392 218.37549567222595 213.51079484820366 158.15438610315323 440.25649756193161 2367.5356245934963 269.89219960570335 118.96661314368248 251.03251299262047 275.29893714189529 313.45466163754463 246.00243008136749 846.50783821940422 86.88783061504364 163.38592904806137 332.60973861813545 158.06905090808868 148.56740641593933 1058.2947114109993 3576.5015367865562 255.83035841584206 68.204413920640945 86.321678519248962 1557.4164425134659 747.8494319319725 169.15789431333542 139.49114716053009 261.75816309452057 88.090474307537079 496.62689438462257 87.486386895179749 137.36622124910355 555.52142661809921 1353.3426130712032 157.11359426379204 122.63531529903412 1543.4923723638058 117.19449770450592 86.567182332277298 83.425546288490295 628.65164986252785 155.65548399090767 429.90378740429878 59.833577305078506 168.44425243139267 140.69177436828613 198.0099766254425 70.787072122097015 115.05869576334953 276.20917889475822 5051.4022845923901 211.75725930929184 108.41197371482849 146.60376858711243 92.062552481889725 277.57601350545883 317.53218421339989
leaf_count=162 4200 308 102 364 67 125 126 114 149 82 90 89 233 83 688 129 128 65 308 1244 128 58 113 91 160 140 1466 88 84 221 78 88 587 1103 156 88 78 1505 766 229 107 204 81 635 84 163 272 939 113 214 2148 156 77 42 625 143 395 94 264 160 224 61 153 384 8288 241 136 205 136 364 418
internal_value=0.000484335 0.00115266 0.00179487 0.00464734 0.010146 0.00503777 0.00126921 0.0155655 0.00136728 0.00488029 0.00736193 0.00114412 0.000984809 0.0116712 0.00115883 0.00210188 0.00342823 0.0122722 0.000259744 0.00232385 0.00760166 0.00985289 0.000313759 0.00131661 -4.9201e-06 0.00269366 -0.000807092 -0.000423184 5.58437e-05 0.000756535 0.00667509 -0.00113209 0.000403896 0.00024181 -0.000172603 0.00561134 -0.000333924 -0.00174583 0.0002254 0.00264591 -0.00274065 -0.000214096 -0.00131803 0 0.002551 0.00633406 -0.000632935 9.58853e-05 -0.000569915 -0.000363016 -0.00154189 0.000949423 0.00163631 0.00576952 0.000916816 0.00573391 -0.000108451 -0.00176242 0.00102651 0.000293195 0.00180632 0.0115983 0.00485401 4.98688e-05 0.000197119 0.00199186 0.00413085 0.00692801 0.00303638 -3.71732e-06 0.000133597
internal_weight=35667.8 23552.1 16774.9 2154.91 807.545 427.172 1347.36 380.372 14619.9 844.961 671.709 13775 13396.7 425.741 12975 6077.84 3502.77 376.53 2575.07 3126.24 483.403 225.947 6897.17 2642.83 1193.64 559.457 12115.7 6777.23 6646.14 4230.57 321.455 2415.57 1206.86 3909.11 6383.55 155.092 6228.45 1813.25 4415.21 709.24 1208.71 3705.97 1942.81 1194.96 470.057 224.853 2349.12 1793.6 245.204 8994.19 2390 1763.16 1501.4 200.62 1300.78 242.223 1058.56 724.905 228.278 622.918 453.76 153.727 255.75 6604.19 6327.98 681.471 469.714 347.078 238.666 5646.51 5368.93
internal_count=33609 15409 8578 1319 468 287 851 181 7259 404 322 6855 6766 173 6533 3464 1785 194 1679 1591 256 160 3069 1335 664 300 18200 6831 2956 1486 162 1470 675 1324 6523 176 6347 1661 4686 844 795 3842 2200 1434 441 247 1519 1247 194 14000 3614 1642 1438 198 1240 220 1020 993 358 766 537 187 313 10386 10002 932 691 477 341 9070 8706
is_linear=0
shrinkage=0.0955619


Tree=111
num_leaves=72
num_cat=0
split_feature=6 2 0 4 7 2 9 7 9 2 7 7 4 2 3 4 7 9 8 9 7 4 8 3 3 9 8 8 4 7 7 3 3 3 9 4 8 7 2 3 2 3 9 3 2 9 2 2 3 9 8 8 3 2 2 4 2 9 9 0 7 8 8 8 8 6 3 2 3 2 8
split_gain=3.40739 1.81104 1.07677 2.55042 4.66717 2.91442 1.65467 2.40109 2.14378 2.78835 2.77232 2.1254 1.9485 4.64756 1.53065 1.3353 1.79163 1.19102 1.76322 1.18907 1.77101 1.25574 1.17735 0.986088 2.3563 2.33473 0.909304 4.61794 0.902209 0.760187 0.903765 0.695976 0.626361 0.872317 0.923227 0.616843 0.549669 1.71682 1.16924 0.793605 0.54433 0.50623 0.502718 0.477526 0.577744 0.571355 0.458879 1.50861 1.16835 0.455856 0.444356 2.04483 0.443943 0.436784 0.412763 0.409432 0.388927 0.704654 0.453086 0.374507 1.26744 0.46898 0.66998 0.340523 0.330481 0.34907 0.455941 0.527065 0.369929 0.358461 0.317484
threshold=-0.12940952255126037 0.36570897681179731 0.37940952255126048 1007.9500000000002 5.6100000000000021 -0.70862667826445969 -2.680181605159706 6.4700000000000015 -0.97949856067736352 -0.72066714955386113 7.4400000000000039 4.6900000000000039 1004.1500000000002 -0.92910699518418138 2.0750000000000006 1008.9500000000002 7.6399999999999997 -0.20096981843822623 7.5700000000000029 0.3933133676989567 13.115000000000004 1005.5500000000001 6.6599999999999993 3.0850000000000004 1.7750000000000001 1.0258695460507286 6.830000000000001 6.7600000000000007 1006.2500000000001 5.9100000000000028 5.0300000000000002 1.2350000000000001 2.1550000000000007 2.9450000000000007 -0.83945320721057637 1005.5500000000001 7.2299999999999995 6.5650000000000004 0.13300977955191609 2.4150000000000005 0.081673369964559248 2.7250000000000005 -2.0659296526119255 2.1050000000000004 -0.55599684127981919 0.41613346753728214 -0.33346877891818688 -0.25950218452349683 2.4850000000000008 0.97038939371682542 6.6599999999999993 6.4000000000000012 0.96500000000000008 0.53435276464917691 0.39752808894539271 1007.7500000000001 -0.8520459593969173 -0.37941003514544919 -1.2548691478229921 -0.5 7.5000000000000027 10.620000000000001 10.715000000000002 5.665 9.6750000000000007 -0.78656609248549325 2.0450000000000004 0.74982640120456845 3.0650000000000004 0.88201535311751322 6.3200000000000029
decision_type=2 2 2 2 2 2 2 2 2 2 2 2 2 2 2 2 2 2 2 2 2 2 2 2 2 2 2 2 2 2 2 2 2 2 2 2 2 2 2 2 2 2 2 2 2 2 2 2 2 2 2 2 2 2 2 2 2 2 2 2 2 2 2 2 2 2 2 2 2 2 2
left_child=1 2 3 6 5 -5 11 29 9 10 -9 35 -13 -14 -6 16 -16 41 23 21 -21 -20 63 24 -19 -25 27 31 -15 30 -8 52 -32 -34 -35 -1 37 70 39 -39 -17 -10 -38 44 45 -28 49 -48 -49 55 51 53 -4 -3 -52 -45 58 -58 -57 60 -56 64 -63 -7 65 66 -61 68 -68 -69 -2
right_child=36 50 26 4 14 22 7 8 17 -11 -12 12 13 28 15 40 -18 18 19 20 -22 -23 -24 25 -26 -27 43 -29 -30 -31 32 -33 33 34 -36 -37 42 38 -40 -41 -42 -43 -44 46 -46 -47 47 48 -50 -51 54 -53 -54 -55 59 56 57 -59 -60 61 -62 62 -64 -65 -66 -67 67 69 -70 -71 -72
leaf_value=-0.00033985093480895452 0.00087461533958835139 0.0019466093196782513 0.0016219919481993835 0.0014986340825750624 -0.0020275869406313129 0.00020320053173512949 -0.00049420299446163165 -0.0081024291546826863 -0.0043266266951856036 0.0021830909930784224 -0.0034625587964695489 -0.00010366160419206478 -0.0039452978409817456 0.00094849578265595582 -0.00023775939657351219 -2.4052393181265492e-05 0.0013441523068116875 0.0062253373916371256 -0.00043505294040955167 -0.00047781459562088493 0.00044859426967999201 0.00085491524352212709 0.00096498893119672732 0.00069238501401158324 -0.00024497416315382342 -0.0027157095471154668 -0.019892215330144701 0.0037696278058874694 -0.00020923261042135962 -0.0018707709440989114 -0.0030955985504271359 7.7303924732497799e-05 0.0032629695485676758 0.00065423573054118015 -0.012329246010623039 -0.028434094299428437 -0.019843917540249053 -0.01053868592282581 0.032498614609943043 0.003045230577848048 -0.0016297067700935348 -0.0090376230752600862 -0.00074486312324128731 -0.00092149747089412335 -0.0037489674205763023 -0.00063887414600851951 0.0048672772793018539 0.0035018469566558872 -0.0015512106639833634 -0.0042906671466762178 -0.037220665349200217 0.00019699916384160652 0.002842866197517311 -0.012376652750276601 0.0017313589717528968 0.01194717886566524 0.0064353469311459032 0.014551364349670156 -0.00080917710214654741 -0.0042127911820431692 -0.00059596493058029841 0.020388439951995702 2.6181317168357108e-05 -0.011700195295024016 -0.015072163853879949 -0.011917537564893896 0.0070797605626433382 -0.059666103335080004 -0.0050929018874556293 0.02598153827894914 -0.0022629807488939321
leaf_weight=205.68672558665276 1903.385818362236 140.74556297063828 69.354076147079468 286.94220578670502 549.80671176314354 159.9773428440094 566.76885148882866 275.18150207400322 236.45722046494484 245.430504322052 235.89198994636536 183.7744368314743 198.34868431091309 163.32264590263367 346.89694422483444 269.85206338763237 256.34708440303802 224.42930963635445 250.76364856958389 2963.6707405149937 624.15509736537933 298.02455353736877 490.35009914636612 326.37905377149582 315.43814712762833 266.13778728246689 183.68599379062653 103.66234734654427 161.3206205368042 841.58347344398499 232.34842845797539 1092.5054644942284 207.95229575037956 262.193623483181 230.68990978598595 200.82938718795776 2119.3191277086735 132.13235351443291 94.881226181983948 54.215304732322693 241.14930588006973 469.52152997255325 6350.5593177676201 371.32337555289268 567.97530108690262 167.48553174734116 158.72937318682671 158.25949084758759 604.2467622756958 734.68212789297104 291.86030912399292 112.20744067430496 67.698882907629013 281.90447950363159 123.88303527235985 96.547343492507935 138.76885861158371 123.02367100119591 185.67204034328461 507.80728268623352 675.17139858007431 71.195419907569885 1845.0797798633575 169.87893760204315 458.73535907268524 657.52935960888863 160.28739213943481 167.1437948346138 133.84861740469933 143.55897760391235 1461.1977423131466
leaf_count=83 3222 136 78 79 204 80 236 126 105 112 122 123 85 94 111 81 87 94 133 1010 151 97 151 93 154 83 193 79 66 419 119 1203 88 99 76 96 2978 178 130 63 112 216 9231 412 443 121 89 117 420 501 153 81 77 291 127 107 138 94 148 364 863 83 2054 77 523 803 121 188 134 206 2398
internal_value=0.000586388 0.00125769 0.00173559 0.00219141 0.00477596 0.00959255 0.00147805 0.00103756 0.00196049 0.00677528 0.00250487 0.00497329 0.00813714 0.0111005 0.00150523 0.0035736 0.00660836 0.00133255 0.00183643 0.000892914 0.000230361 0.00503327 0.00647623 0.00519072 0.00198539 0.00793256 0.00049121 0.00261896 0.003651 -0.00157496 -0.000216801 0.00088585 0.00154277 0.00302837 0.000617145 -0.000315037 -0.000710841 0.000249217 0.0074013 0.00232721 0 -0.00228895 -0.0011351 -0.000296042 -0.00217667 0.000643813 0.000341343 0.00206942 0.000167057 -0.000568524 -0.000198666 0.00238957 0.00724163 -0.000466847 -0.000481976 0.00077803 0.00250998 0.00514389 0 -0.000254539 0.00160385 -0.000636132 0.000421677 0.00168815 -0.00158698 -0.00092159 2.91947e-05 0.00187923 0.00480242 -0.000605898 -0.000325989
internal_weight=35667.8 23552.1 17781.1 12957.5 2771.2 1107.15 10186.3 9073.02 6731.48 756.504 511.073 1113.28 706.766 522.992 1664.05 1114.25 603.244 5974.98 5269 4136.61 3587.83 548.788 820.206 1132.38 539.867 592.517 4823.62 1333.22 324.643 2341.54 1499.95 1229.56 933.184 700.836 492.884 406.516 12115.7 3645.81 281.229 186.348 511.001 705.979 8469.88 3490.4 919.147 351.172 2571.25 921.236 762.506 1650.02 5770.96 534.857 137.053 422.65 5236.1 915.335 544.012 261.793 282.219 4944.24 799.054 4145.19 1916.28 329.856 2228.91 1770.18 1112.65 604.839 294.136 310.703 3364.58
internal_count=33609 15409 9282 5062 982 387 4080 3533 2496 360 248 547 368 245 595 391 198 2136 1815 1391 1161 230 308 424 248 176 4220 1437 160 1037 618 1358 382 263 175 179 18200 5991 371 241 193 321 12209 2783 757 314 2026 626 537 1400 6127 508 155 427 5619 899 487 232 255 5466 990 4476 2137 157 2339 1816 1013 649 255 394 5620
is_linear=0
shrinkage=0.0955619


end of trees

feature_importances:
doy_sin=1269
hi_residual_lag1h=970
doy_cos=940
wind_ms=892
temp_range_24h=878
diurnal_amplitude_12h=834
pressure_hpa=723
local_hour_cos=354
hour_cos=319
local_hour_sin=118

parameters:
[boosting: gbdt]
[objective: quantile]
[metric: quantile]
[tree_learner: serial]
[device_type: cpu]
[data_sample_strategy: bagging]
[data: ]
[valid: ]
[num_iterations: 112]
[learning_rate: 0.0955619]
[num_leaves: 72]
[num_threads: 2]
[seed: 42]
[deterministic: 0]
[force_col_wise: 0]
[force_row_wise: 0]
[histogram_pool_size: -1]
[max_depth: 11]
[min_data_in_leaf: 77]
[min_sum_hessian_in_leaf: 1.66284]
[bagging_fraction: 0.852556]
[pos_bagging_fraction: 1]
[neg_bagging_fraction: 1]
[bagging_freq: 0]
[bagging_seed: 400]
[bagging_by_query: 0]
[feature_fraction: 0.913714]
[feature_fraction_bynode: 1]
[feature_fraction_seed: 30056]
[extra_trees: 0]
[extra_seed: 12879]
[early_stopping_round: 0]
[early_stopping_min_delta: 0]
[first_metric_only: 0]
[max_delta_step: 0]
[lambda_l1: 0.980151]
[lambda_l2: 2.58162]
[linear_lambda: 0]
[min_gain_to_split: 0]
[drop_rate: 0.1]
[max_drop: 50]
[skip_drop: 0.5]
[xgboost_dart_mode: 0]
[uniform_drop: 0]
[drop_seed: 17869]
[top_rate: 0.2]
[other_rate: 0.1]
[min_data_per_group: 100]
[max_cat_threshold: 32]
[cat_l2: 10]
[cat_smooth: 10]
[max_cat_to_onehot: 4]
[top_k: 20]
[monotone_constraints: ]
[monotone_constraints_method: basic]
[monotone_penalty: 0]
[feature_contri: ]
[forcedsplits_filename: ]
[refit_decay_rate: 0.9]
[cegb_tradeoff: 1]
[cegb_penalty_split: 0]
[cegb_penalty_feature_lazy: ]
[cegb_penalty_feature_coupled: ]
[path_smooth: 0]
[interaction_constraints: ]
[verbosity: -1]
[saved_feature_importance_type: 0]
[use_quantized_grad: 0]
[num_grad_quant_bins: 4]
[quant_train_renew_leaf: 0]
[stochastic_rounding: 1]
[linear_tree: 0]
[max_bin: 255]
[max_bin_by_feature: ]
[min_data_in_bin: 3]
[bin_construct_sample_cnt: 200000]
[data_random_seed: 175]
[is_enable_sparse: 1]
[enable_bundle: 1]
[use_missing: 1]
[zero_as_missing: 0]
[feature_pre_filter: 1]
[pre_partition: 0]
[two_round: 0]
[header: 0]
[label_column: ]
[weight_column: ]
[group_column: ]
[ignore_column: ]
[categorical_feature: ]
[forcedbins_filename: ]
[precise_float_parser: 0]
[parser_config_file: ]
[objective_seed: 16083]
[num_class: 1]
[is_unbalance: 0]
[scale_pos_weight: 1]
[sigmoid: 1]
[boost_from_average: 1]
[reg_sqrt: 0]
[alpha: 0.95]
[fair_c: 1]
[poisson_max_delta_step: 0.7]
[tweedie_variance_power: 1.5]
[lambdarank_truncation_level: 30]
[lambdarank_norm: 1]
[label_gain: ]
[lambdarank_position_bias_regularization: 0]
[eval_at: ]
[multi_error_top_k: 1]
[auc_mu_weights: ]
[num_machines: 1]
[local_listen_port: 12400]
[time_out: 120]
[machine_list_filename: ]
[machines: ]
[gpu_platform_id: -1]
[gpu_device_id: -1]
[gpu_use_dp: 0]
[num_gpu: 1]

end of parameters

pandas_categorical:[]
