tree
version=v4
num_class=1
num_tree_per_iteration=1
label_index=0
max_feature_idx=9
objective=quantile
feature_names=hour_cos doy_sin doy_cos wind_ms pressure_hpa local_hour_sin local_hour_cos diurnal_amplitude_12h temp_range_24h hi_residual_lag1h
feature_infos=[-2.3364172165514692:2.07623290990814] [-2.3848232249751709:2.3874370285572288] [-2.3247333159999948:1.6028415176587489] [-0.51387694939852957:11.44] [999:1019.6] [-2.2504620145166196:2.0126581203804683] [-2.4144231891177057:2.1402081559615977] [-0.73627680502685289:11.789999999999999] [-0.46286245094129175:13.239999999999998] [-12.37480379802372:10.115943512824281]
tree_sizes=2152 2262 2802 2808 2798 2802 2833 2817 2793 2280 2730 2715 2695 2608 2823 2844 2830 2810 2826 2826 2395 2800 2492 2843 2394 2853 2179 2833 2728 2834 2796 2799 2818 2751 2839 2489 2840 2399 2839 2726 2856 2626 2517 2514 2840 2527 2848 2842 2517 2833 2529 2842 2869 2650 2847 2756 2835 2850 2840 2857 2833 2840 2856 2850 2863 2645 2607 2872 2733 1666 2850 2837 2542 2640 2757 2543 2865 2745 2536 2417 2733 2743 2880 2846 2868 2316 2213 2850 2211 2083 1765 2639 2866 2739 2862 2824 2207 2841 1657 2426 2857 2872 1978 1875 2206 2001 1448

Tree=0
num_leaves=20
num_cat=0
split_feature=6 8 1 1 1 8 7 4 6 1 8 4 8 1 6 1 1 8 8
split_gain=36.8991 54.7845 24.4907 11.1754 13.6541 11.268 8.72783 8.39915 5.93069 4.92169 15.1216 3.18448 0.143755 0.0901514 0.454194 0.349214 0.0612956 0.116278 0.0467044
threshold=-0.5 3.6800000000000019 -0.89414697905359375 0.044253241935523734 -0.55822680467059349 6.0699999999999994 3.6350000000000002 1010.1020747736236 0.25881904510252057 -0.8142167293547703 2.4118506817661456 1006.2033602400564 2.0450000000000004 -0.96683886033945943 -0.70718654785976864 -0.99166813670569331 0.99965739133362419 4.5808806179214363 3.5850000000000013
decision_type=2 2 2 2 2 2 2 2 2 2 2 2 2 2 2 2 2 2 2
left_child=13 9 6 4 -4 -5 7 -3 -8 10 12 -12 -2 14 -1 -16 -15 -18 -11
right_child=1 2 3 5 -6 -7 8 -9 -10 18 11 -13 -14 16 15 -17 17 -19 -20
leaf_value=91.049561881356837 91.181149516155713 91.541954498844447 91.465548608264541 91.376408618487886 91.283023928978963 91.465548608264541 91.384898341802227 91.503751553554494 91.503751553554494 91.061191976480416 91.545884760712312 91.457059208800032 91.312737150954575 90.828833932931474 91.151436294180101 91.316941891156617 90.739424154684571 90.674303630224159 91.265803600367704
leaf_weight=360.70143926143646 422.96246013045311 135.38916489481926 790.3273389339447 1250.2121055424213 2145.3634974360466 1930.429682970047 157.92627957463264 83.066561490297318 239.12671476602554 4717.7944475114346 37.812623649835587 107.43148615956306 69.841993063688278 8176.0641059875488 50.437182486057281 55.966622322797775 349.59348678588867 304.7375020980835 87.180002838373184
leaf_count=445 1238 290 1349 1961 2068 2124 208 131 428 5489 60 288 194 7377 119 133 91 94 127
internal_value=91.3 91.3016 91.3041 91.3033 91.3014 91.3051 91.3122 91.3191 91.3084 91.2984 91.3019 91.3139 91.2984 91.298 91.2987 91.301 91.298 91.2985 91.2979
internal_weight=21472.4 12174.9 6731.84 6116.33 2935.69 3180.64 615.509 218.456 397.053 5443.02 638.049 145.244 492.804 9297.5 467.105 106.404 8830.4 654.331 4804.97
internal_count=24214 15955 8559 7502 3417 4085 1057 421 636 7396 1780 348 1432 8259 697 252 7562 185 5616
is_linear=0
shrinkage=1


Tree=1
num_leaves=20
num_cat=0
split_feature=5 8 7 5 0 7 8 0 5 8 0 0 8 9 9 9 8 9 7
split_gain=37.4777 35.7006 5.22221 4.53029 12.9196 8.70553 6.31192 3.80163 14.0557 3.15736 2.56938 2.3526 2.00319 0.298407 0.058995 0.0572344 0.0330988 0.0155451 0.0189934
threshold=0.70436907356351874 3.015000000000001 2.3724945490268134 0.86340693121644818 0.52956194045893679 2.9149999999999996 4.7624095921239435 0.25881904510252057 -1.0000000180025095e-35 6.0699999999999994 -0.5 -0.26728045635376119 4.8700000000000001 -0.04937173956562723 1.6668222612407322 3.6913467086885441 2.3300000000000005 -1.3178851100867985 2.2099999999999995
decision_type=2 2 2 2 2 2 2 2 2 2 2 2 2 2 2 2 2 2 2
left_child=2 13 16 4 12 6 -5 8 10 -7 -4 -10 -3 -2 -6 -9 -1 -18 -19
right_child=1 3 7 5 14 9 -8 15 11 -11 -12 -13 -14 -15 -16 -17 17 18 -20
leaf_value=-0.24115141797984607 0.084354757522027091 0.14107849762135183 -0.0070270190176008945 0.1382964884391733 -0.3705185090128138 0.085616013820913842 0.19772293239039485 -0.51059554327618983 -0.4759506173810753 0.16700826080347103 -0.54879848856614 0.11182619273467298 0.17549766026797958 -0.22757010345346346 -0.18374880614514821 -0.26446984499680803 -0.10022716838685022 -0.2615280251613285 -0.13935663433670184
leaf_weight=4844.166582852602 59.26719605922699 127.07818448543549 3068.4527052044868 373.96057739853859 419.70150148868561 486.15071886777878 605.01144522428513 2179.5867486000061 117.01419669389725 1502.1945910155773 2559.0088014006615 1375.635325729847 370.147192299366 1833.2013741135597 152.81224498152733 185.46771264076233 260.22362300753593 829.81260851025581 123.47136732935905
leaf_count=5900 90 169 4590 612 441 491 953 1585 29 952 1967 1657 392 2768 135 89 354 865 175
internal_value=2.55519e-05 0.00289754 -0.00106891 0.00515386 0.00275346 0.00601297 0.00930654 -0.000444616 4.2613e-05 0.004382 -0.000926071 0.00370705 0.00776526 -0.00190592 -0.00156699 -0.00191927 -0.00204337 -0.00174171 -0.0018705
internal_weight=21472.4 5929.53 15542.8 4037.06 1069.74 2967.32 978.972 9485.17 7120.11 1988.35 5627.46 1492.65 497.225 1892.47 572.514 2365.05 6057.67 1213.51 953.284
internal_count=24214 7003 17211 4145 1137 3008 1565 9917 8243 1443 6557 1686 561 2858 576 1674 7294 1394 1040
is_linear=0
shrinkage=0.0424476


Tree=2
num_leaves=25
num_cat=0
split_feature=3 1 7 7 2 1 2 7 3 7 1 7 2 1 7 1 2 3 1 7 3 3 4 2
split_gain=49.2896 10.8282 9.29061 7.24014 6.37018 5.73291 17.2025 5.35679 4.49975 3.90655 3.63422 2.618 2.44726 2.30818 1.6134 1.38341 1.11102 1.06792 0.899234 0.719363 0.274224 0.202025 0.294426 0.190373
threshold=2.2010900737380514 -0.89414697905359375 1.5900000000000019 4.6800000000000024 -0.59068112479528467 0.070430523394386171 0.97240299274555542 1.5600000000000007 3.1900629710731514 3.4350000000000009 0.9835520823771321 2.0400000000000014 0.71798255424337853 -0.55822680467059349 5.0015130482141865 -0.8142167293547703 0.055916990100603255 2.5627506087349254 0.22215815049894402 1.6608098955480688 3.693596533755656 4.2500749322125477 1012.4328964964358 0.3090169943749474
decision_type=2 2 2 2 2 2 2 2 2 2 2 2 2 2 2 2 2 2 2 2 2 2 2 2
left_child=2 7 15 4 18 12 -7 20 13 11 -6 -9 -5 14 -3 16 -1 -11 -4 -15 23 22 -10 -2
right_child=1 8 3 5 10 6 -8 9 21 17 -12 -13 -14 19 -16 -17 -18 -19 -20 -21 -22 -23 -24 -25
leaf_value=0.18272207808041124 0.11473201842666325 0.15142943011877022 0.11192304320215568 0.10281378782847195 0.18408391019997086 0.090900650632394095 0.19504791909961017 0.16123846262839803 -0.18762024784101197 0.14790545416302098 0.010048630378898941 0.20234946338562171 -0.131368969823494 -0.27538690918139502 -0.057666106945321344 -0.24762351046001546 -0.023909615178796906 0.043800012100591222 -0.012235018489749405 -0.028895971581453832 -0.12055129590507083 -0.26316119943251604 -0.11789289010649773 -0.10357217312622291
leaf_weight=52.789991199970245 120.76994600892067 329.56178432703018 219.4165004491806 549.00180870294571 1175.7482683956623 1087.9506833553314 153.24394696950912 114.38732004165649 3782.9825808107853 94.47820982336998 131.80560317635536 177.53000268340111 517.80788052082062 768.88021466135979 172.43348470330238 535.52161994576454 87.928132921457291 325.52243688702583 187.07788947224617 2868.9399558007717 290.81253924965858 7167.4340997040272 514.4313967525959 43.862010955810547
leaf_count=118 335 681 365 748 1982 1171 152 269 3820 138 111 309 452 717 181 654 260 371 207 2825 911 6965 454 114
internal_value=-9.29479e-05 -0.00117023 0.00374879 0.0045235 0.00662209 0.00295692 0.00492055 0.00276759 -0.001466 0.00507103 0.00806943 0.00886642 0.000654927 -0.000261266 0.00242923 -0.000831517 0.00286269 0.00238881 0.00192084 -0.000637633 -0.000792356 -0.0018994 -0.00164641 0.000508469
internal_weight=21470.3 16772 4698.29 4022.05 1714.05 2308 1241.19 1167.36 15604.7 711.918 1307.55 291.917 1066.81 4139.82 501.995 676.24 140.718 420.001 406.494 3637.82 455.444 11464.8 4297.41 164.632
internal_count=24310 18090 6220 5188 2665 2523 1323 2447 15643 1087 2093 578 1200 4404 862 1032 378 509 572 3542 1360 11239 4274 449
is_linear=0
shrinkage=0.0424476


Tree=3
num_leaves=25
num_cat=0
split_feature=3 5 9 3 2 5 0 5 3 5 2 9 2 0 5 9 2 3 5 9 5 0 2 0
split_gain=45.7912 54.0405 11.3177 7.39294 7.58024 6.06977 7.26242 5.01834 3.87865 6.45242 2.89343 2.39492 3.73118 1.86996 3.6419 1.53217 1.61967 0.663842 1.08559 0.935947 0.618814 1.77412 0.382187 0.189815
threshold=2.4848003387880664 0.86340693121644818 1.7828353742453056 1.5401015026853102 0.96844073143777087 0.25810558179186288 0.54357498966698869 0.70436907356351874 3.3106512398088235 0.86340693121644818 0.99164058729498161 2.1981552721683451 0.83659302679211223 -0.25850906104189697 -1.0000000180025095e-35 3.9684253576346298 -0.053349907161106304 4.2117373351078404 0.86340693121644818 3.0921910906832095 -1.0000000180025095e-35 0.25881904510252057 0.24287861226725038 -0.49995103227427445
decision_type=2 2 2 2 2 2 2 2 2 2 2 2 2 2 2 2 2 2 2 2 2 2 2 2
left_child=1 5 3 4 -3 13 7 -7 9 20 -5 12 -11 14 -1 16 -4 18 -10 -20 23 -22 -17 -2
right_child=8 2 15 10 -6 6 -8 -9 17 11 -12 -13 -14 -15 -16 22 -18 -19 19 -21 21 -23 -24 -25
leaf_value=-0.0060532676187368354 -0.095103403379942358 0.1903081702485919 0.038164132522331355 0.18683048042492156 0.19833217335530848 0.088359506774922714 -0.22595088260440643 0.1725077753658909 -0.20088003267278093 0.18498582493339707 -0.072291371167115787 0.011326472636784712 0.038229554055710213 -0.41553453196320606 0.094731516186447415 0.07645716441108788 0.19703288714767334 -0.23245179441392083 0.067083415770046118 -0.21843565026958001 0.087917512308928178 -0.19199113595071138 -0.058832496035530354 -0.46032630737154628
leaf_weight=2090.0058762431145 1267.7401463091373 330.43935844302177 89.653368771076202 530.8168186545372 66.424368500709534 735.84879419207573 509.66791161894798 256.79325905442238 3215.0180241465569 243.60861420631409 72.575166523456573 211.06449440121651 161.52255657315254 744.99514403939247 280.52090835571289 45.960457175970078 102.83421665430069 7656.241979688406 490.55726686120033 236.12479880452156 379.73790162801743 974.3438692688942 84.99278324842453 692.8302241563797
leaf_count=3297 1839 475 109 668 34 954 526 333 3319 401 22 325 58 514 360 81 158 8079 454 340 494 858 161 451
internal_value=-0.000134197 0.00303401 0.0105964 0.0128357 0.0173965 0.000862228 0.00307917 0.00519698 -0.00134759 -0.000189973 0.00980491 0.00379275 0.00570344 -0.000200848 0.000375544 0.00361382 0.0060237 -0.00173834 -0.00127728 0.000181674 -0.000935962 -0.000221755 0 -0.00141978
internal_weight=21470.3 5941.53 1323.7 1000.26 396.864 4617.83 1502.31 992.642 15528.8 3930.85 603.392 616.196 405.131 3115.52 2370.53 323.441 192.488 11597.9 3941.7 726.682 3314.65 1354.08 130.953 1960.57
internal_count=24310 7692 1708 1199 509 5984 1813 1287 16618 4426 690 784 459 4171 3657 509 267 12192 4113 794 3642 1352 242 2290
is_linear=0
shrinkage=0.0424476


Tree=4
num_leaves=25
num_cat=0
split_feature=3 5 6 8 7 8 3 6 8 3 6 5 8 5 8 6 3 7 8 6 3 7 7 5
split_gain=44.024 53.933 27.9543 18.8117 8.47027 11.9147 4.8522 5.28684 4.72181 4.04792 5.7252 3.91971 3.23535 1.17727 0.699434 1.33615 1.98328 0.472004 0.319317 0.317069 0.120421 0.116348 0.0813145 0.0753443
threshold=2.5230242812024986 0.86340693121644818 0.70137043877975058 3.015000000000001 2.1000000000000001 7.9000000000000012 1.9650000000000001 -0.2589913477455501 8.4749999999999996 3.3106512398088235 1.0000000180025095e-35 -1.0000000180025095e-35 3.015000000000001 0.86340693121644818 2.4118506817661456 -0.5 4.2500749322125477 3.8349999999999995 3.515000000000001 -0.2589913477455501 1.4307477717242538 6.1319623385482958 1.2000000000000013 0.49822133722136902
decision_type=2 2 2 2 2 2 2 2 2 2 2 2 2 2 2 2 2 2 2 2 2 2 2 2
left_child=1 2 19 22 -4 -6 7 -5 -8 10 13 18 -13 21 -11 -16 -17 -15 -12 23 -21 -2 -3 -1
right_child=9 3 4 6 5 -7 8 -9 -10 14 11 12 -14 17 15 16 -18 -19 -20 20 -22 -23 -24 -25
leaf_value=-0.43912448219098787 -0.39164614509975715 -0.20761878448541246 -0.15055218177734345 0.17343799741353319 0.1464522210854442 0.03783781221811628 0.1803719265134795 0.18900332910096823 0.044436901998105606 -0.21327498816428517 -0.18636543240532658 -0.043480901839855222 0.163259219922473 0.12017059586324468 -0.50298205725960354 0.025198986438158509 -0.1968726840532192 -0.036478118014950649 0.010527185368918756 -0.011657604523150504 -0.067695468749552151 -0.32709109364514755 -0.013887550105839303 -0.27526198533862462
leaf_weight=1656.3485800325871 1825.2548031210899 148.39392641186714 267.25134268403053 160.3458277285099 850.15115287899971 551.93759316205978 278.80694499611855 613.76662018895149 127.8992246389389 5239.6360214054585 216.06876215338707 201.94484603404999 587.49492707848549 174.85143435001373 3498.2453906834126 1245.7611705064774 1867.6191457211971 77.697156697511673 379.07893770933151 289.98825734853745 660.05645453929901 301.15091553330421 58.282030165195465 502.35503962635994
leaf_count=1551 1533 214 468 195 1600 489 443 778 50 6489 292 333 723 271 2665 1562 1557 28 660 448 1073 328 108 549
internal_value=-0.000138474 0.00289759 0.000754041 0.0102659 0.00518735 0.00651018 0.0123353 0.0143428 0.00846843 -0.00133846 -0.000120377 0.00204433 0.00400809 -0.00138806 -0.00172372 -0.0014246 -0.000775192 0.0013106 -0.00052943 -0.00162062 -0.000935415 -0.00171729 -0.00146828 -0.00191359
internal_weight=21780.4 6165.58 4778.09 1387.49 1669.34 1402.09 1180.82 774.112 406.706 15614.8 3763.54 1384.59 789.44 2378.95 11851.3 6611.63 3113.38 252.549 595.148 3108.75 950.045 2126.41 206.676 2158.7
internal_count=24407 7966 6178 1788 2557 2089 1466 973 493 16441 4168 2008 1056 2160 12273 5784 3119 299 952 3621 1521 1861 322 2100
is_linear=0
shrinkage=0.0424476


Tree=5
num_leaves=25
num_cat=0
split_feature=3 5 8 5 7 3 5 8 3 5 8 7 8 8 3 5 9 7 8 7 7 7 7 9
split_gain=39.04 50.5505 17.3011 6.58617 7.11525 5.17989 4.74183 3.98221 3.89383 5.14576 2.58058 2.1617 4.16541 0.709074 0.69569 1.16185 0.458583 0.408674 0.69133 0.383592 0.615806 0.329526 0.0813145 0.0454844
threshold=2.5230242812024986 0.86340693121644818 3.015000000000001 -1.0000000180025095e-35 2.8400000000000021 2.0031180588207467 0.70436907356351874 8.4749999999999996 3.3106512398088235 0.70436907356351874 10.195000000000002 1.7390122365738798 8.4749999999999996 2.4118506817661456 4.2500749322125477 0.86340693121644818 0.30847456028505255 6.3900000000000032 4.3100000000000014 2.6649999999999996 3.892123922156641 1.9500000000000013 1.2000000000000013 -1.4631580710570804
decision_type=2 2 2 2 2 2 2 2 2 2 2 2 2 2 2 2 2 2 2 2 2 2 2 2
left_child=1 3 22 17 21 10 -6 -7 9 19 -4 16 -13 -10 15 -15 -11 18 -1 23 -21 -5 -3 -2
right_child=8 2 5 4 6 7 -8 -9 13 11 -12 12 -14 14 -16 -17 -18 -19 -20 20 -22 -23 -24 -25
leaf_value=-0.17179201292676943 -0.096327354290026729 -0.19880585602163384 0.17353454242096661 -0.23086614536463537 0.080452489796302581 0.17701033747175191 0.14235079875217596 0.021402936756159431 -0.20422196717457269 0.12319775445449693 0.18147245465771397 0.17136936093785252 -0.034929707810373758 -0.14662218315434578 -0.25923533543742744 0.048089367664274039 -0.080266969906374983 -0.18944274621786875 0.0066113305412228368 0.020496592127649548 -0.10211638814452881 0.029456558351662748 -0.013298056308718737 -0.21723854361326483
leaf_weight=591.95218509435654 133.83368137478828 148.39392641186714 694.832151055336 512.56133940815926 1229.606537014246 264.97574126720428 253.63765177130699 113.89519160985947 5239.6360214054585 59.324377715587616 107.11553362011909 333.67980068922043 196.21499201655388 2325.3857571780682 3787.8846839666367 498.35526576638222 270.00098857283592 843.48777997493744 1222.3991116881371 415.95722356438637 1715.9731519818306 124.44381532073021 58.282030165195465 638.55756676197052
leaf_count=980 167 214 958 663 1353 417 276 44 6489 89 47 488 84 2278 3029 477 378 1014 1707 524 1597 185 108 841
internal_value=-0.000210212 0.00264872 0.009782 0.00057341 0.00234016 0.0117668 0.00395488 0.0075661 -0.00134026 -0.000145396 0.0137281 0.0027345 0.00441303 -0.00171815 -0.0014171 -0.000899551 0 -0.000829027 -0.000455794 -0.00100377 -0.000695995 -0.00139059 -0.00146828 -0.0018293
internal_weight=21780.4 6165.58 1387.49 4778.09 2120.25 1180.82 1483.24 378.871 15614.8 3763.54 801.948 859.22 529.895 11851.3 6611.63 2823.74 329.325 2657.84 1814.35 2904.32 2131.93 637.005 206.676 772.391
internal_count=24407 7966 1788 6178 2477 1466 1629 461 16441 4168 1005 1039 572 12273 5784 2755 467 3701 2687 3129 2121 848 322 1008
is_linear=0
shrinkage=0.0424476


Tree=6
num_leaves=25
num_cat=0
split_feature=1 7 0 1 7 0 4 1 9 4 7 7 0 7 9 0 0 7 9 1 0 9 1 1
split_gain=16.2003 8.56852 11.8531 8.67769 6.63047 6.6879 9.06721 5.53905 3.40783 2.24976 1.62489 2.84228 0.778329 2.33207 1.30861 0.695587 2.57881 0.622914 0.61512 0.469256 0.296578 0.256899 0.188761 0.0545029
threshold=-0.76665171983724034 2.1000000000000001 0.49746467839286013 0.044253241935523734 1.3722398745496414 0.49746467839286013 1009.8013827846574 0.97805592386711537 2.5349605937196196 1009.6009826208134 4.5510419668631323 2.3724945490268134 0.96431984276722771 1.3722398745496414 0.35593243817512393 0.25881904510252057 0.25803921652259554 3.5624569246339246 -1.2485208537921115 -0.99965739133362397 0.49746467839286013 2.6175254556766068 1.0000000180025095e-35 -0.084825532204959572
decision_type=2 2 2 2 2 2 2 2 2 2 2 2 2 2 2 2 2 2 2 2 2 2 2 2
left_child=4 12 15 9 18 10 8 -5 -7 -4 11 -6 23 22 -15 16 -3 -8 -1 -12 -20 -22 -14 -2
right_child=1 2 3 7 5 6 17 -9 -10 -11 19 -13 13 14 -16 -17 -18 -19 20 -21 21 -23 -24 -25
leaf_value=0.11303620540846716 -0.13188175807290342 -0.085164396443571641 0.083165586792614515 0.12863821242563586 -0.029137045169944108 0.18417867630337309 0.13129372021154004 -0.041888240056612007 0.13903875239835708 -0.12796620062624489 -0.50372126462262878 0.15813435119651512 -0.012733585135041201 0.18918668350514639 0.026236852896413764 -0.56991316484625165 0.051130062142913095 0.065584579903930726 -0.10906920598849613 0.048961360077000096 0.027300564931472357 -0.049426445752744075 -0.28090745207127643 -0.24211405266375091
leaf_weight=52.453577429056168 904.21547767519951 6241.5118689835072 488.87791049480438 1970.5807780623436 200.58216387033463 289.85347235202789 154.9209281206131 405.38748520612717 66.952056705951691 1309.9866714179516 107.09746581315994 447.9203285574913 105.51373624801636 64.810262948274612 160.86916556954384 937.95837524533272 389.42280912399292 205.54864874482155 366.95924073457718 647.9506484568119 110.47540983557701 176.79642668366432 684.13722988963127 5223.8218468725681
leaf_count=134 2037 6635 625 1738 498 517 281 279 189 850 46 809 270 145 203 519 503 192 1072 905 312 534 628 4468
internal_value=-0.000222969 -0.000672358 3.12282e-05 0.00184853 0.00277228 0.00396025 0.0073061 0.00353316 0.0121166 -0.000366272 0.00223714 0.00380418 -0.00183165 -0.000714516 0.00306031 -0.000968709 -0.000811043 0.00249285 -0.000766736 0.000866667 -0.00114291 -5.39417e-05 -0.00181683 -0.00201372
internal_weight=21714.6 18887.1 11743.7 4174.83 2827.51 2120.83 717.275 2375.97 356.806 1798.86 1403.55 648.502 7143.37 1015.33 225.679 7568.89 6630.93 360.47 706.685 755.048 654.231 287.272 789.651 6128.04
internal_count=24389 18900 11149 3492 5489 3437 1179 2017 706 1475 2258 1307 7751 1246 348 7657 7138 473 2052 951 1918 846 898 6505
is_linear=0
shrinkage=0.0424476


Tree=7
num_leaves=25
num_cat=0
split_feature=3 5 7 1 2 1 5 7 5 3 5 7 7 2 2 1 1 1 7 1 5 5 3 1
split_gain=35.2574 43.5185 13.6262 6.42056 5.38193 5.19859 5.08685 7.79159 5.80128 3.30398 3.57478 2.74066 2.77619 4.09815 1.38599 1.0994 0.814225 0.641518 0.620552 0.573083 0.509473 0.332999 0.470045 0.318909
threshold=2.4848003387880664 0.86340693121644818 1.3722398745496414 -0.94472244769829583 0.97240299274555542 -0.73395428414357544 0.25810558179186288 2.7806270598745173 0.70436907356351874 3.1118508348071221 0.86340693121644818 1.3722398745496414 3.8349999999999995 0.19311121294034192 0.87377473702374975 -0.93535928755917819 -0.55822680467059349 -0.99965739133362397 2.4300000000000019 -0.047406159029233223 -0.7090762197185454 0.86340693121644818 4.4200877324686152 -0.88203985695844955
decision_type=2 2 2 2 2 2 2 2 2 2 2 2 2 2 2 2 2 2 2 2 2 2 2 2
left_child=1 6 19 11 5 -4 15 23 -9 10 16 21 13 -13 -12 18 -5 -14 -1 -3 -17 -2 -23 -8
right_child=3 2 4 9 -6 -7 7 8 -10 -11 14 12 17 -15 -16 20 -18 -19 -20 -21 -22 22 -24 -25
leaf_value=-0.081872241692241526 -0.075253688550068559 0.070454742090660577 0.17145498997478151 0.040470504851382642 0.17098714525718756 0.14781984012031008 0.026141720242355868 0.074934242127094375 0.14636445468265777 -0.19801047729044544 0.12272350992644812 0.15983330719345701 -0.59771375708628183 0.22890603980714747 -0.029719425837052876 -0.11024151687559361 -0.17502154182388693 0.12451715595480491 0.089607310878715596 -0.22219181714157651 -0.0046177731951341913 0.16512500592181836 -0.0820791423390691 -0.26772609687649229
leaf_weight=68.688727557659149 221.08508709073067 57.341523319482803 217.94134110212326 365.04677897691727 190.88688173890114 701.25606134533882 67.454070389270782 738.9432478249073 245.73493188619614 12120.111671358347 267.13630440831184 181.2560251057148 83.964205086231232 72.043772101402283 171.88652235269547 973.45011454820633 2053.7757193744183 128.42605265974998 293.22312873601913 153.43561273813248 1809.1161821484566 30.069301128387451 33.349052518606186 468.98166954517365
leaf_count=169 682 128 388 618 93 907 146 865 274 12053 462 372 34 104 64 1483 1912 225 440 174 2092 90 99 515
internal_value=-0.000245029 0.00252632 0.00932915 -0.00130104 0.0112085 0.00981621 0.000596406 0.00261313 0.00485984 -0.00149376 -0.000188188 0.0025219 0.00453274 0.00754368 0.00332719 -0.000373283 -0.000833906 0.000854436 0.00181383 -0.000481067 -0.000664409 -0.000704522 0.00187921 -0.00147642
internal_weight=21714.6 5986.45 1320.86 15728.2 1110.08 919.197 4665.59 1521.11 984.678 14978 2857.85 750.193 465.69 253.3 439.023 3144.48 2418.82 212.39 361.912 210.777 2782.57 284.503 63.4184 536.436
internal_count=24389 7674 1690 16715 1388 1295 5984 1800 1139 15109 3056 1606 735 476 526 4184 2530 259 609 302 3575 871 189 661
is_linear=0
shrinkage=0.0424476


Tree=8
num_leaves=25
num_cat=0
split_feature=5 9 1 4 1 1 1 1 0 5 9 0 0 5 9 9 0 1 9 9 4 0 9 1
split_gain=22.9291 18.3321 21.5696 12.1464 6.53228 4.28459 6.40999 4.22609 1.69583 2.17988 2.80866 2.3306 1.05184 4.69976 2.6294 0.75403 0.562959 0.348565 0.293614 0.268856 0.227387 0.115447 0.0554519 0.0307826
threshold=0.70436907356351874 2.4702330070121374 -0.89414697905359375 1010.1020747736236 -0.89414697905359375 0.044253241935523734 -0.55822680467059349 0.22215815049894402 0.25881904510252057 -1.0000000180025095e-35 2.0772281312776415 -0.5 0.25881904510252057 -1.0000000180025095e-35 1.3765718562376021 0.56697716260570108 -0.5 -0.9528666580816868 -0.48069987157006361 3.78493260725535 1006.601338920563 0.72877784073461238 3.9684253576346298 -0.99466160899732459
decision_type=2 2 2 2 2 2 2 2 2 2 2 2 2 2 2 2 2 2 2 2 2 2 2 2
left_child=4 2 3 15 8 6 -4 -7 9 11 -11 -1 13 16 -15 -2 -6 21 -5 20 -19 -3 -23 -10
right_child=1 17 5 18 12 7 -8 -9 23 10 -12 -13 -14 14 -16 -17 -18 19 -20 -21 -22 22 -24 -25
leaf_value=0.09375971548335793 0.17494488859056673 0.050350214053121227 0.11963661600726863 0.1415270486832505 -0.10186327349034875 0.16098710776840838 -0.016904528775804072 0.099976756610442127 -0.29274367879023122 0.16741479871629747 -0.0078601198329102187 -0.18061624009069144 -0.37075604036270482 0.053276103622641416 -0.064437677350464531 0.18870648789116062 -0.39914014219267691 -0.13118952743516279 0.049704359526160403 -0.18973868173445449 -0.0030496162927211813 0.074765769812698488 -0.070105352726993961 -0.088767423004251972
leaf_weight=538.91499525308609 134.82415771484375 28.424792855978012 458.41545453667641 72.553244322538376 5079.3985484540462 386.56968083977699 1309.1196515858173 1450.9392719566822 109.91626763343811 157.2381754219532 80.808852881193161 355.12903067469597 3563.3057099282742 1070.0948715209961 1107.9202079474926 54.783284604549408 3322.5433814525604 179.61457690596581 62.532872766256332 1336.7662523388863 434.07969570159912 39.856001347303391 43.987532287836075 163.87631091475487
leaf_count=1224 246 83 752 104 6745 310 1089 1533 108 222 227 504 2656 1289 1317 133 2663 270 75 1506 621 115 137 342
internal_value=-0.000217085 0.00201262 0.00371476 0.0142072 -0.00107758 0.00276456 0.00125751 0.00420413 0.00167605 0.00240679 0.00604067 0.00141845 -0.00135261 -0.00113607 0.000614953 0.0211622 -0.00159219 -0.00122117 0.0043069 -0.00135765 -0.00057552 0.000985032 0 -0.0012778
internal_weight=21541.6 5992.47 3929.74 324.694 15549.1 3605.04 1767.54 1837.51 1405.88 1132.09 238.047 894.044 14143.3 10580 2178.02 189.607 8401.94 2062.73 135.086 1950.46 613.694 112.268 83.8435 273.793
internal_count=24271 6974 4242 558 17297 3684 1841 1843 2627 2177 449 1728 14670 12014 2606 379 9408 2732 179 2397 891 335 252 450
is_linear=0
shrinkage=0.0424476


Tree=9
num_leaves=20
num_cat=0
split_feature=6 8 2 5 2 6 5 8 7 2 5 8 2 8 7 7 8 7 7
split_gain=26.2178 36.5062 19.1111 20.909 4.65526 4.33602 3.84269 4.04819 1.32395 1.06069 0.500064 0.209533 0.259393 0.0572341 0.113662 0.0995392 0.12841 0.00999545 0.0908704
threshold=-0.5 3.015000000000001 0.85651926849515192 -1.0000000180025095e-35 -0.68180899361736291 0.70137043877975058 0.70436907356351874 10.195000000000002 2.4300000000000019 0.19311121294034192 -1.0000000180025095e-35 2.3300000000000005 -0.087063942470541542 3.3925920047849298 2.5400000000000014 2.3155296013658337 6.3200000000000029 5.9200000000000008 6.2700000000000022
decision_type=2 2 2 2 2 2 2 2 2 2 2 2 2 2 2 2 2 2 2
left_child=13 8 3 5 -5 -3 10 -8 11 -10 -4 -2 -13 -1 15 16 -15 -16 -19
right_child=1 2 6 4 -6 -7 7 -9 9 -11 -12 12 -14 14 17 -17 -18 18 -20
leaf_value=-0.31587567502346708 -0.14910162747408581 -0.012983161097202637 -0.29497504200362357 0.095577668924207937 0.14234446993415351 0.077708050276921292 0.073204211937127978 0.136961871888922 -0.085634254672538671 0.11573918738261058 -0.011158575429619033 -0.14500911132095518 -0.055869121544292057 -0.28434156336594307 -0.44851081338010107 -0.042006719517141564 -0.11740561488558089 -0.43056532346421794 -0.57737671001043211
leaf_weight=3027.4132816791534 3906.5886662602425 1114.9949676394463 899.71683195233345 531.35253584384918 1861.4045132696629 578.58217838406563 1461.6088289916515 266.08975392580032 97.900030165910721 80.246141493320465 590.91930997371674 401.95525479316711 347.64199000597 483.65741848945618 4269.2603021860123 118.00971561670303 116.4245180785656 397.0063641667366 990.84021893143654
leaf_count=3438 5490 1789 1079 1116 2799 1253 842 83 78 118 470 270 585 474 2975 119 118 225 950
internal_value=-0.000237377 0.00106495 0.00295961 0.00488697 0.00744306 0.00126466 0.000506666 0.00187296 -0.00179406 0.00174287 -0.0010645 -0.00193336 -0.00122039 -0.00192067 -0.00182489 -0.00124184 -0.00146435 -0.00189562 -0.00167335
internal_weight=21541.6 12139 7304.67 4086.33 2392.76 1693.58 3218.33 1727.7 4834.33 178.146 1490.64 4656.19 749.597 9402.61 6375.2 718.092 600.082 5657.11 1387.85
internal_count=24271 15972 9431 6957 3915 3042 2474 925 6541 196 1549 6345 855 8299 4861 711 592 4150 1175
is_linear=0
shrinkage=0.0424476


Tree=10
num_leaves=24
num_cat=0
split_feature=6 7 1 5 1 5 1 0 7 6 7 7 7 1 5 1 1 1 1 1 1 6 1
split_gain=22.7899 21.3372 20.5875 9.78703 9.66091 6.85183 3.47207 4.09854 4.1841 2.68713 1.93402 1.3479 0.494447 0.374143 0.651464 0.343878 1.12716 0.154393 0.166401 0.0581376 0.0452679 0.0106264 0.00221875
threshold=-0.5 1.9500000000000013 -0.89414697905359375 -1.0000000180025095e-35 0.044253241935523734 -1.0000000180025095e-35 -0.55822680467059349 0.86106538556481482 1.1100000000000014 0.70137043877975058 4.6800000000000024 4.6200000000000001 1.5205882361910763 0.095385519140267425 0.96561987442640917 -0.96683886033945943 -0.97873101657557326 -0.99466160899732459 -0.98801351631316325 0.99965739133362419 -0.084825532204959572 -0.49938512447000033 -0.12647779982076676
decision_type=2 2 2 2 2 2 2 2 2 2 2 2 2 2 2 2 2 2 2 2 2 2 2
left_child=15 6 5 9 -5 11 7 12 -9 -4 -7 -3 -2 14 -8 16 17 -1 -19 20 22 -15 -17
right_child=1 2 3 4 -6 10 13 8 -10 -11 -12 -13 -14 21 -16 19 -18 18 -20 -21 -22 -23 -24
leaf_value=-0.24761173453067098 -0.057713912759702862 0.14577035685324141 -0.13087482026303651 0.044541868140243551 0.11931391403278659 0.16886275276775126 -0.096894474118143767 0.017095737728420549 0.14232540756885145 0.034052717716984107 0.13297522188551522 0.078453958910423893 0.10767988300022223 -0.21878311122049526 0.053036165720234993 -0.2711543495920406 0.070452985714022628 0.082776030656332253 -0.18902283136394069 -0.47425664806519879 -0.42169243350582775 -0.19168695285716575 -0.25515731999679464
leaf_weight=302.45120605826378 497.53045782446861 138.86454460024834 1718.9587403535843 2095.4993175566196 2151.8870768845081 233.46862182021141 425.05332073569298 144.14226171374321 146.2707976102829 849.94169980287552 103.24368846416473 141.26983684301376 117.37921416759491 241.56137442588806 126.8511583507061 2438.6468087732792 59.244629710912704 51.256457686424255 64.133791536092758 601.04547223448753 5886.9761633574963 3186.4134492278099 71.411506831645966
leaf_count=309 1428 315 2319 1989 2325 442 949 417 360 1488 122 229 281 272 279 3138 138 128 129 175 4222 2851 106
internal_value=-0.000350811 0.000852016 0.00228512 0.00160983 0.00286131 0.00971701 -0.00132475 0.0010348 0.00520012 -0.000452148 0.0138265 0.0047111 -0.000902382 -0.00186614 -0.000784526 -0.00191652 -0.000742135 -0.00155246 -5.88084e-05 -0.00197673 -0.00201229 -0.00203488 -0.00180128
internal_weight=21793.5 12318.3 7433.13 6816.29 4247.39 616.847 4885.2 905.323 290.413 2568.9 336.712 280.134 614.91 3979.88 551.904 9475.17 477.086 417.841 115.39 8998.08 8397.03 3427.97 2510.06
internal_count=24411 16066 9229 8121 4314 1108 6837 2486 777 3807 564 544 1709 4351 1228 8345 704 566 257 7641 7466 3123 3244
is_linear=0
shrinkage=0.0424476


Tree=11
num_leaves=24
num_cat=0
split_feature=6 8 1 1 5 1 5 8 1 8 9 8 1 9 1 1 8 1 9 1 1 9 1
split_gain=21.0331 31.4391 18.5974 8.39754 11.2857 7.35112 4.512 3.52294 3.14497 7.74736 4.35519 2.55952 0.379359 0.330503 0.411384 0.322182 0.45944 0.755557 0.181765 0.0668982 0.0543914 0.137299 0.0254907
threshold=-0.5 3.6800000000000019 -0.69752709668373469 0.044253241935523734 -1.0000000180025095e-35 -0.98801351631316325 -1.0000000180025095e-35 6.6849999999999996 -0.8142167293547703 2.4118506817661456 1.4286932314699874 6.4019224842663931 -0.89414697905359375 -1.6821905164697843 -0.13770953319759507 -0.99466160899732459 3.3925920047849298 -0.96683886033945943 -0.04937173956562723 -0.49203060122720416 0.99965739133362419 1.5422812885762396 -0.068345573889994418
decision_type=2 2 2 2 2 2 2 2 2 2 2 2 2 2 2 2 2 2 2 2 2 2 2
left_child=12 8 5 11 -5 7 -7 -3 9 18 -11 -4 15 14 -10 -1 -17 -18 -2 -15 22 -22 -14
right_child=1 2 3 4 -6 6 -8 -9 13 10 -12 -13 20 19 -16 16 17 -19 -20 -21 21 -23 -24
leaf_value=-0.23710119951998099 0.0003653622991475315 0.17210904657859971 0.052123207920068373 -0.0079028693192855319 0.11811904475427983 0.065259701748049515 0.12675318722999285 0.09165122663583096 0.060559398957659848 0.17062337699377908 0.027108030987094231 -0.09643534138505501 -0.27959802003761169 -0.075062698884169665 -0.062250345102068373 -0.17684164110721284 0.079262383090685104 -0.091170845168779144 -0.074256320303593776 -0.18464138354177514 -0.46366071129895592 -0.4287476079215386 -0.40394210822497595
leaf_weight=302.45120605826378 30.083582758903503 128.67856130003929 1177.1096142530441 1129.4681817293167 2050.6438159644604 350.33695596456528 556.71011602878571 52.589704424142838 66.600508481264114 85.465895026922226 52.546878039836884 1369.0709118843079 2265.3211913406849 416.85715126991272 90.800906330347061 166.508245408535 108.09399455785751 192.89930921792984 463.55167099833488 4297.8211059272289 326.910425812006 274.13504642248154 5838.8466173708439
leaf_count=309 61 252 1734 1794 2280 650 872 97 100 196 147 900 2754 1030 144 484 187 266 1393 4416 101 74 4170
internal_value=-0.00037944 0.00077603 0.00270421 0.00173333 0.00318797 0.00779555 0.00620194 0.0156667 -0.00160805 0.00119179 0.0100971 -7.62206e-05 -0.00188358 -0.00197484 0 -0.00093355 -0.000190845 0.000754599 -0.00126068 -0.00203875 -0.00196548 -0.00144901 -0.0020015
internal_weight=21793.5 12318.3 6814.61 5726.29 3180.11 1088.32 907.047 181.268 5503.73 631.648 138.013 2546.18 9475.17 4872.08 157.401 769.953 467.502 300.993 493.635 4714.68 8705.21 601.045 8104.17
internal_count=24411 16066 8579 6708 4074 1871 1522 349 7487 1797 343 2634 8345 5690 244 1246 937 453 1454 5446 7099 175 6924
is_linear=0
shrinkage=0.0424476


Tree=12
num_leaves=24
num_cat=0
split_feature=3 6 7 1 1 1 7 6 7 4 3 6 7 1 1 1 7 1 7 3 1 6 6
split_gain=27.5851 29.6318 9.00532 7.96506 6.85308 6.21185 4.28797 3.8371 6.19819 3.69334 3.50965 4.71318 2.60731 0.63121 0.55143 0.477481 0.433399 0.284776 0.382751 0.276265 0.26866 0.251712 0.0982381
threshold=2.4848003387880664 -0.5 1.3722398745496414 -0.5785108877906705 -0.94472244769829583 0.044253241935523734 4.9413228794586219 -0.50143597553239838 1.4900000000000004 1006.1024214346298 3.432331232828854 1.0000000180025095e-35 2.3155296013658337 0.99965739133362419 -0.8142167293547703 -0.068345573889994418 1.0800000000000003 -0.99166813670569331 2.3724945490268134 4.7830684297235804 -0.51386036242336719 0.25881904510252057 -0.5
decision_type=2 2 2 2 2 2 2 2 2 2 2 2 2 2 2 2 2 2 2 2 2 2 2
left_child=1 13 14 6 7 -5 -4 17 19 -10 11 15 -13 -1 16 -6 -3 -2 -19 -9 21 -12 -22
right_child=4 2 3 5 10 -7 -8 8 9 -11 20 12 -14 -15 -16 -17 -18 18 -20 -21 22 -23 -24
leaf_value=-0.3343353781855869 -0.24092277903173628 -0.015758116601561883 0.13837109347401649 0.016323001015832273 -0.026358348374303179 0.10567361290734013 0.1016863054535404 0.046852007327614929 0.20173520723786825 0.12404583481797188 -0.16582915082272254 -0.054239458556548513 0.087417417127011218 -0.41565193395950129 -0.18852131278097226 -0.33543178811417801 0.038529000631021708 -0.14439919994419173 0.051877065811650115 -0.077290884956939671 -0.37758318816096542 -0.014837810665798144 -0.15669182326830305
leaf_weight=2025.9137941896915 174.13151732087135 56.381839126348495 536.16129243373871 698.0040739774704 686.07163152098656 1800.6297423839569 324.48471242189407 115.48551526665688 67.977012813091278 171.80629470944405 1003.1261343061924 482.61754432320595 995.2137762606144 111.04881912469864 352.34233263134956 1954.8810195326805 31.754183381795883 76.293871164321899 88.005268752574921 90.707962214946747 4315.2804543972015 429.83961510658264 5109.0711691081524
leaf_count=1988 183 155 1147 773 923 2466 533 353 135 321 1543 717 1383 36 435 1399 82 214 149 285 3147 975 4862
internal_value=-0.000296759 0.00216816 0.00441853 0.00516789 -0.00122643 0.00394122 0.00870756 0.00263283 0.0052242 0.00986543 -0.0014298 -0.000369135 0.00154433 -0.00182459 -0.00125442 -0.00144689 0.00163404 -0.00072738 0.000450518 -8.35778e-05 -0.00183047 -0.00125058 -0.00191667
internal_weight=21697.2 5936.72 3799.76 3359.28 15760.5 2498.63 860.646 784.407 445.977 239.783 14976.1 4118.78 1477.83 2136.96 440.478 2640.95 88.136 338.431 164.299 206.193 10857.3 1432.97 9424.35
internal_count=24204 7615 5591 4919 16589 3239 1680 1640 1094 456 14949 4422 2100 2024 672 2322 237 546 363 638 10527 2518 8009
is_linear=0
shrinkage=0.0424476


Tree=13
num_leaves=23
num_cat=0
split_feature=3 5 8 3 8 5 7 5 8 8 3 5 8 7 8 7 7 8 5 9 9 9
split_gain=24.8956 34.7031 12.7922 5.26634 4.2112 3.4773 4.98202 4.13933 3.04948 1.48252 1.28465 2.54127 1.36817 0.6307 0.614914 1.00907 0.343163 0.0544961 0.0859424 0.0321745 0.0242084 0.0163695
threshold=2.9923900646450159 0.86340693121644818 3.015000000000001 1.9650000000000001 10.195000000000002 -1.0000000180025095e-35 2.8400000000000021 0.70436907356351874 9.0392982726734363 2.3300000000000005 4.2500749322125477 0.70436907356351874 6.9527821088121851 3.892123922156641 3.015000000000001 5.4006657213082088 1.630000000000001 5.0400000000000018 0.86340693121644818 -4.5183116708426843 -1.9379012321230318 2.1379370485397762
decision_type=2 2 2 2 2 2 2 2 2 2 2 2 2 2 2 2 2 2 2 2 2 2
left_child=1 5 21 4 -4 14 16 -8 -5 -2 11 13 -13 -11 20 -16 -7 18 -12 -19 -1 -3
right_child=9 2 3 8 -6 6 7 -9 -10 10 17 12 -14 -15 15 -17 -18 19 -20 -21 -22 -23
leaf_value=-0.09937445337330307 -0.15778544505067413 -0.044524998374562037 0.13104359183228081 0.13063631935515332 0.13425792580006465 -0.18251632295914785 0.047603468910719225 0.11857891862175308 0.050392445795239341 -0.032470645390795728 -0.19433985833251571 0.077372707576771685 -0.077332662109083308 -0.22709661109140325 0.01634702214429885 -0.086464452750600079 -0.012765896406366092 -0.3624907450356753 -0.087316801714655376 -0.38580134846774816 -0.24265596591741223 -0.14656078145922949
leaf_weight=57.628539860248566 5380.1261157393456 52.562889754772186 691.75364476442337 502.60481658577919 91.844417333602905 603.81710967421532 1653.6357111036777 335.70510113239288 179.09055382013321 927.55010116100311 1727.0072479844093 512.48463770747185 433.47996601462364 2144.3739801049232 1474.0978137552738 1680.9313062131405 339.23238584399223 161.04594394564629 443.50085628032684 1503.9651501774788 582.53076905012131 218.26051846146584
leaf_count=95 6769 79 914 737 45 738 1737 333 64 1208 1471 734 239 1813 2079 1895 421 173 426 974 899 361
internal_value=-0.000343152 0.00145366 0.00680429 0.00837281 0.0107722 7.0114e-05 0.0011705 0.00237853 0.00558748 -0.00149373 -0.00111663 -0.000579127 0.00133547 -0.00117474 -0.000775234 -0.000523846 -0.00135818 -0.00167486 -0.00149106 -0.00190334 -0.00198524 -0.00161379
internal_weight=21697.2 8463.7 1736.12 1465.29 783.598 6727.58 2932.39 1989.34 681.695 13233.5 7853.41 4017.89 945.965 3071.92 3795.19 3155.03 943.049 3835.52 2170.51 1665.01 640.159 270.823
internal_count=24204 10397 2200 1760 959 8197 3229 2070 801 13807 7038 3994 973 3021 4968 3974 1159 3044 1897 1147 994 440
is_linear=0
shrinkage=0.0424476


Tree=14
num_leaves=25
num_cat=0
split_feature=5 8 1 2 1 1 2 2 2 8 0 0 8 5 5 0 0 1 8 8 5 2 2 1
split_gain=14.0021 15.4104 15.7779 5.30196 4.63135 4.31528 7.17428 6.78996 2.55862 2.4265 2.16809 1.95646 1.34707 1.34488 0.845943 3.7842 0.721376 0.378231 0.672442 0.334078 0.299534 0.148638 0.106742 0.0200084
threshold=0.70436907356351874 3.015000000000001 -0.89414697905359375 0.10889239321374523 -0.60032953050696913 0.044253241935523734 0.7935716089521474 0.97240299274555542 -0.24359133121821666 2.3300000000000005 1.0000000180025095e-35 -0.00033512952589765684 3.515000000000001 0.49822133722136902 -1.0000000180025095e-35 0.25881904510252057 -0.5 -0.5785108877906705 2.4118506817661456 5.950000000000002 -1.2756822417333986 0.40604720236456882 -0.82631688199933129 -0.99865756837029884
decision_type=2 2 2 2 2 2 2 2 2 2 2 2 2 2 2 2 2 2 2 2 2 2 2 2
left_child=4 17 3 8 9 6 -4 -7 -3 23 11 -11 20 -12 16 -16 -14 18 21 -5 -6 -2 -22 -1
right_child=1 2 5 19 12 7 -8 -9 -10 10 13 -13 14 -15 15 -17 -18 -19 -20 -21 22 -23 -24 -25
leaf_value=-0.028064846107508055 -0.087863313688473318 0.12856549542787701 0.099325921741240344 0.13306311880964428 0.0035143320446791842 0.069085749584966605 -0.095489375081680206 0.12494159004958993 0.14057300715222623 0.05513530921788206 -0.2582467001972209 0.15352930328727246 -0.068425589348446267 0.081173579573276006 0.031569948744873622 -0.39068582888811304 -0.43862271997875002 -0.17468362735451076 0.055959309645570256 0.11282307014455895 -0.10189894973323925 0.011582934277192281 -0.24777776235788085 -0.095550769443036518
leaf_weight=45.195288628339767 240.5355349779129 64.403076946735382 609.89796176552773 61.553644776344299 104.37288051843643 1561.0256405472755 1240.7798099219799 296.15162977576256 93.826366484165192 1222.1938374638557 617.41577506065369 92.434973031282425 2379.1956840753555 217.95981639623642 1101.5179676711559 1734.9780120253563 2121.6881048977375 1561.3127261400223 41.89074245095253 72.137781918048859 1290.3960179388523 65.785835057497025 4082.5152278840542 670.24178668856621
leaf_count=133 735 117 993 98 25 1671 743 176 202 2041 582 182 3272 358 1251 1223 1370 1833 113 90 1876 131 3195 1921
internal_value=-0.000434689 0.0013248 0.00282435 0.0123384 -0.00109896 0.00207027 0.000607506 0.00351792 0.017657 0.00043882 0.00115649 0.00223368 -0.00144426 -0.000516519 -0.00106268 -0.000478667 -0.00142661 -0.00180652 -0.000471319 0.00590398 -0.00195205 -0.00120908 -0.00199614 -0.00169201
internal_weight=21589.4 5909.3 3999.78 291.921 15680.1 3707.86 1850.68 1857.18 158.229 2865.44 2150 1314.63 12814.7 835.376 7337.38 2836.5 4500.88 1909.52 348.212 133.691 5477.28 306.321 5372.91 715.437
internal_count=24331 6902 4090 507 17429 3583 1736 1847 319 5217 3163 2223 12212 940 7116 2474 4642 2812 979 188 5096 866 5071 2054
is_linear=0
shrinkage=0.0424476


Tree=15
num_leaves=25
num_cat=0
split_feature=6 7 1 2 0 1 0 1 0 7 1 2 1 0 1 2 1 1 7 2 7 7 1 2
split_gain=17.0393 17.1226 13.9644 9.60832 6.87929 11.252 6.47548 2.63969 2.19224 3.55955 1.24533 1.21625 1.11845 0.826519 0.922487 0.275111 0.270049 0.331565 0.415018 0.249052 0.225186 0.346432 0.12687 0.365125
threshold=-0.2589913477455501 1.9500000000000013 -0.60032953050696913 0.10889239321374523 -0.26728045635376119 0.044253241935523734 -0.26728045635376119 0.12332438255465399 0.86106538556481482 1.3400000000000019 -0.76665171983724034 -0.97559057609477784 0.044253241935523734 0.96431984276722771 -0.62194093276424922 0.22611568550828817 -0.89414697905359375 -0.99466160899732459 2.3724945490268134 -0.47455242346904358 1.4900000000000004 2.6000000000000001 0.99965739133362419 -0.053349907161106304
decision_type=2 2 2 2 2 2 2 2 2 2 2 2 2 2 2 2 2 2 2 2 2 2 2 2
left_child=13 7 3 6 11 -6 -3 8 12 -10 -5 -4 -2 16 15 19 17 -1 -19 -15 -16 -22 -18 -24
right_child=1 2 4 10 5 -7 -8 -9 9 -11 -12 -13 -14 14 20 -17 22 18 -20 -21 21 -23 23 -25
leaf_value=-0.21296727452470207 -0.056558434107420494 0.12190350246153162 0.042697069345095304 0.059468572939044138 -0.018764531710963525 0.091763319405531743 0.12732220474321668 -0.16877416277525609 -0.0067171785685230922 0.11159268120103441 0.12410728801083867 -0.072862492980618046 0.018460944666993075 0.058740947255836777 -0.23656361230102249 0.0060998069738257442 -0.32263658444090915 -0.14461686895074524 0.039544786974520553 0.13698629083356281 0.082816843831656675 -0.059673725327022344 -0.40511791308074019 -0.32720836437176121
leaf_weight=329.20845299959183 942.15969854593277 260.61861452460289 134.25932508707047 538.85439985990524 1453.0997875034809 1848.9932088553905 261.0874784886837 3090.7368805110455 221.08984723687172 126.09548979997635 208.27642545104027 1952.482814848423 44.548397034406662 44.389386266469955 360.23619416356087 75.612445861101151 7981.3807041049004 189.04073950648308 254.60601672530174 48.593618124723434 138.75438085198402 405.92900747060776 396.10730457305908 283.24550464749336
leaf_count=306 2494 608 258 786 1153 2092 580 2791 559 282 418 2867 88 68 321 120 6883 527 404 111 179 240 100 96
internal_value=-0.000457099 0.000702866 0.00206415 0.00607377 0.00111661 0.00232367 0.0105081 -0.00134126 0.000224483 0.00313617 0.00295247 -0.000784581 -0.000781291 -0.00168233 -0.000541442 0.00230626 -0.00181019 -0.000997285 -0.00019316 0.0038675 -0.00109248 -0.000501186 -0.00188059 -0.0012424
internal_weight=21589.4 11082.3 6657.67 1268.84 5388.84 3302.09 521.706 4424.63 1333.89 347.185 747.131 2086.74 986.708 10507.1 1073.52 168.595 9433.59 772.855 443.647 92.983 904.92 544.683 8660.73 679.353
internal_count=24331 14976 8762 2392 6370 3245 1188 6214 3423 841 1204 3125 2582 9355 1039 299 8316 1237 931 179 740 419 7079 196
is_linear=0
shrinkage=0.0424476


Tree=16
num_leaves=25
num_cat=0
split_feature=3 8 7 8 2 3 4 8 2 3 7 7 2 8 2 7 8 4 2 2 4 8 2 2
split_gain=21.499 7.84623 8.93146 7.08168 4.84518 3.13041 2.20773 1.57031 1.2424 1.97248 1.57294 1.09228 0.884285 0.838746 0.567174 0.733757 0.488688 0.821678 2.99789 0.291145 0.0130292 0.0478763 0.00585201 0.309427
threshold=2.4848003387880664 4.2336217347862801 4.6200000000000001 11.085000000000003 -0.63174868667326445 3.6400178781605206 1011.6012981907139 2.0450000000000004 0.99696424012059681 2.9923900646450159 3.892123922156641 6.3900000000000032 -0.97559057609477784 3.015000000000001 0.83659302679211223 3.3600000000000017 2.3300000000000005 1006.2033602400564 -0.033168202209087554 0.85651926849515192 1008.5020402284792 2.0450000000000004 -0.84719916794295413 -0.86527787191711336
decision_type=2 2 2 2 2 2 2 2 2 2 2 2 2 2 2 2 2 2 2 2 2 2 2 2
left_child=1 13 4 11 12 7 -6 -2 10 -10 -9 -4 -3 20 15 -15 22 18 -18 -19 -1 -22 23 -7
right_child=5 2 3 -5 6 16 -8 8 9 -11 -12 -13 -14 14 -16 -17 17 19 -20 -21 21 -23 -24 -25
leaf_value=-0.16651528353846703 -0.17805651886295093 0.1038721328203929 0.046468706954811013 0.11936037995316599 0.12173310330870438 -0.1166202588938515 0.099313457686815071 0.029977032183699702 0.088582704970617404 -0.15774396492705933 -0.069961092476425984 -0.0050563926066228039 -0.0088694320418439485 0.075286416035014639 -0.36606074594768567 -0.066692784693817633 -0.12576880424132489 -0.13801224839074008 0.13331366466407521 -0.30733928265618349 -0.1713899360966939 -0.10685014023967776 -0.15696883691838459 -0.033116420786641752
leaf_weight=454.42599207162857 956.09394460916519 86.595139563083649 1542.4277702271938 116.67712876200676 957.10302037000656 1007.8834135532379 255.51257398724556 1636.2941247820854 86.417076528072357 90.085567831993103 2756.1462842822075 1280.2253363132477 289.61061066389084 193.54544919729233 111.10688409209251 85.001365721225739 727.22839272022247 2526.138996720314 159.03910839557648 1872.8423594534397 269.76494583487511 180.68620991706848 3675.7016606032848 68.112684398889542
leaf_count=641 1289 176 1811 90 1430 1848 375 2243 74 93 2366 1278 444 323 169 112 544 2362 158 1563 414 323 3937 82
internal_value=-0.000370267 0.00182878 0.0026631 0.00126875 0.00523097 -0.00119425 0.00653933 -0.000378452 -4.69356e-05 0.0034393 -0.000191249 0.000838038 0.000964462 -0.00107529 0.000534935 0.00159484 -0.00164148 -0.00134926 -0.000146909 -0.00158729 -0.00178914 -0.00145296 -0.00196261 -0.00171414
internal_weight=21384.7 5822.68 4528.15 2939.33 1588.82 15562 1212.62 5525.04 4568.94 176.503 4392.44 2822.65 376.206 1294.53 389.654 278.547 10036.9 5285.25 886.268 4398.98 904.877 450.451 4751.7 1076
internal_count=24145 7586 5604 3179 2425 16559 1805 6065 4776 167 4609 3089 620 1982 604 435 10494 4627 702 3925 1378 737 5867 1930
is_linear=0
shrinkage=0.0424476


Tree=17
num_leaves=25
num_cat=0
split_feature=3 1 1 1 2 1 4 2 2 2 4 4 3 2 3 1 1 7 3 4 1 7 1 4
split_gain=19.8671 5.91509 4.50526 8.28735 4.01027 6.22542 3.83646 3.09598 4.80897 3.0769 12.3959 3.02713 2.57387 2.34193 1.677 1.58385 0.916534 0.882748 0.728311 0.644017 0.599041 0.46096 0.36161 0.567244
threshold=2.4848003387880664 -0.94472244769829583 0.22215815049894402 0.12332438255465399 0.10889239321374523 -0.88203985695844955 1009.8013827846574 0.69111500036424778 0.87377473702374975 0.19311121294034192 1006.601338920563 1011.8261829249556 3.3905965593331135 0.99696424012059681 1.5401015026853102 0.070430523394386171 -0.55822680467059349 1.630000000000001 4.7830684297235804 1009.2013307516569 0.72403652899157456 2.7204713166049963 0.14706992549541839 1009.3000825502069
decision_type=2 2 2 2 2 2 2 2 2 2 2 2 2 2 2 2 2 2 2 2 2 2 2 2
left_child=2 9 3 4 5 -1 -5 17 11 18 -11 -9 13 16 -8 -6 -3 -4 19 -2 -19 -10 23 -14
right_child=1 12 7 6 15 -7 14 8 21 10 -12 -13 22 -15 -16 -17 -18 20 -20 -21 -22 -23 -24 -25
leaf_value=0.11552954557198704 0.069569911433948972 0.036992936278030103 -0.18809410366835932 0.052243835771926372 0.017703446718208671 0.039494472138461439 0.12071835223324892 0.1084536698818292 -0.27847803633037588 0.17261517529140544 0.0059170378205471242 -0.027491054451720488 -0.049284367413744305 0.098523340026542852 0.10936530398574862 0.10501636818545174 -0.088223131934340532 -0.094873226921123488 -0.059053551966473349 -0.02458716026536557 0.016809213015125557 0.029398727536744773 -0.18891437005906214 -0.20790268383365187
leaf_weight=457.13594052195549 275.77720475196838 571.59066370129585 441.57382741570473 85.81007120013237 1557.0933265388012 618.6792106628418 92.734923839569092 250.98746928572655 131.35068807005882 55.942996174097061 132.14241063594818 69.787732988595963 2193.5047935247421 137.94877943396568 90.772601217031479 93.693880409002304 3275.358577132225 312.6013451218605 154.966862231493 127.98289853334427 1209.6383132338524 410.82309621572495 6748.3229837417603 1888.4454440176487
leaf_count=842 624 1032 353 151 2185 983 69 420 127 63 254 132 3927 126 123 90 3091 326 451 194 1399 386 5007 1790
internal_value=-0.00037536 -0.00116748 0.00173851 0.00288677 0.00217642 0.00419734 0.0100093 0.000514968 0.00263702 0.00250977 0.00721977 0.00675812 -0.00135409 -0.000425502 0.0134962 0.000848142 -0.000624654 -0.000408097 0.000890962 0.0018613 6.48544e-05 0.000164534 -0.00169405 -0.00136213
internal_weight=21384.7 15562 5822.68 2995.92 2726.6 1075.82 269.318 2826.76 862.949 746.812 188.085 320.775 14815.2 3984.9 183.508 1650.79 3846.95 1963.81 558.727 403.76 1522.24 542.174 10830.3 4081.95
internal_count=24145 16559 7586 4443 4100 1825 343 3143 1065 1586 317 552 14973 4249 192 2275 4123 2078 1269 818 1725 513 10724 5717
is_linear=0
shrinkage=0.0424476


Tree=18
num_leaves=25
num_cat=0
split_feature=3 0 8 1 3 1 8 8 1 1 1 8 4 8 0 8 1 1 3 8 4 1 4 4
split_gain=17.0217 11.8424 9.23301 9.69384 8.01843 6.21215 5.47682 9.06827 1.83004 1.25708 1.17782 1.03426 1.02563 0.99653 0.926777 0.920085 0.766655 0.757719 0.891055 0.661089 0.64856 0.522583 0.372495 0.10314
threshold=2.9114582744516793 0.49746467839286013 4.3798732248510808 0.76477039889028042 2.0409242842768678 -0.94472244769829583 2.3300000000000005 4.1500000000000012 -0.5785108877906705 -0.084825532204959572 -0.97873101657557326 3.015000000000001 1008.6042554516047 2.7216158680909519 0.25881904510252057 4.3798732248510808 0.97805592386711537 0.1714926119571353 3.7707620707331797 6.3200000000000029 1009.0026822852341 0.48634789132201989 1009.9017561371801 1009.1016949576372
decision_type=2 2 2 2 2 2 2 2 2 2 2 2 2 2 2 2 2 2 2 2 2 2 2 2
left_child=1 8 9 4 -4 6 -2 -8 11 13 -9 23 -5 -3 -13 -10 -17 18 20 -19 -7 -21 -20 -1
right_child=5 2 3 12 -6 17 7 10 15 -11 -12 14 -14 -15 -16 16 -18 19 22 21 -22 -23 -24 -25
leaf_value=-0.15554239363281336 -0.056019379226137839 -0.018758861517131884 0.11079458932300305 0.070385139059496268 0.09678459398562167 0.018622929073048324 0.17152736332332447 -0.027597524927081344 -0.21840408815647369 -0.17980384250362794 0.14695581481872128 0.06961481143800885 -0.011079046447220449 0.067196766851316425 -0.3737610868594205 0.0010271772873434925 -0.17305714286403923 -0.18304121435538745 -0.065067510584773711 -0.31598802959019567 -0.074810221417630343 0.020751249210531467 -0.25062509718885551 0.0043845303898407831
leaf_weight=176.56342086195946 276.34444370865822 125.33758583664894 832.6062148809433 110.65573084354401 782.04320555925369 655.28787153959274 92.409785151481628 137.26025494933128 859.16739144921303 517.24767252802849 101.96646600961685 1008.0525597333908 615.87437874078751 103.19438564777374 112.91496449708939 2285.172170072794 374.82875889539719 7019.4934882521629 2059.5153998434544 394.36563897132874 800.80403760075569 522.07704722881317 1547.4157656133175 63.695484668016434
leaf_count=447 869 327 1064 160 800 1132 159 129 1029 544 164 1606 473 190 77 2729 295 5236 3644 259 793 530 1370 156
internal_value=-0.000402643 0.00115427 0.00321221 0.00452374 0.00635677 -0.00131563 0.00286759 0.00655561 -0.000143634 -0.000880159 0.00210476 0.00117312 0.000424457 0.00169758 0.00172202 -0.000658223 -0.000260039 -0.00151272 -0.00109731 -0.0017754 -0.000196234 -0.000671662 -0.00145593 -0.00131074
internal_weight=21574.3 7967.35 3086.96 2341.18 1614.65 13606.9 607.981 331.637 4880.39 745.78 239.227 1361.23 726.53 228.532 1120.97 3519.17 2660 12999 5063.02 7935.94 1456.09 916.443 3606.93 240.259
internal_count=24182 9897 3558 2497 1864 14285 1321 452 6339 1061 293 2286 633 517 1683 4053 3024 12964 6939 6025 1925 789 5014 603
is_linear=0
shrinkage=0.0424476


Tree=19
num_leaves=25
num_cat=0
split_feature=6 3 5 1 1 3 2 6 2 3 2 3 5 1 3 1 1 1 3 5 1 1 1 1
split_gain=20.1572 22.0086 16.9988 7.08568 6.50272 6.51573 6.32636 3.23751 2.76408 1.41716 1.257 1.05854 1.05097 1.2342 1.10581 1.00479 0.66671 0.463385 0.287179 0.36661 0.262478 0.180168 0.360623 0.13471
threshold=-0.2589913477455501 2.9114582744516793 0.49822133722136902 -0.94472244769829583 0.76477039889028042 2.0409242842768678 0.19311121294034192 0.70137043877975058 0.85651926849515192 3.3905965593331135 -0.82631688199933129 3.991800546233764 0.86340693121644818 -0.55822680467059349 3.7707620707331797 0.9835520823771321 -0.30472723697333454 -0.5785108877906705 3.9014812059905233 0.86656857664875353 -0.85654306401281477 -0.99166813670569331 -0.96683886033945943 -0.89414697905359375
decision_type=2 2 2 2 2 2 2 2 2 2 2 2 2 2 2 2 2 2 2 2 2 2 2 2
left_child=12 2 7 6 5 -4 11 17 -9 10 -5 -3 20 14 23 -6 -11 -2 19 -15 21 -1 -23 -14
right_child=1 3 4 9 15 -7 -8 8 -10 16 -12 -13 13 18 -16 -17 -18 -19 -20 -21 -22 22 -24 -25
leaf_value=-0.19891670608923309 0.024427510835798905 0.13210858384459367 0.10605910227900822 0.053937918529293256 0.052844250940718138 0.094569034901901675 0.16404232740880814 0.074758009286887805 -0.014976098396664759 -0.024411073196665668 -0.025864247908845887 -0.018619182505404869 0.084154313462133104 0.058729260140444071 -0.058942022481582736 -0.060844553112459322 -0.12008764161945179 -0.16959302456691186 -0.24643104275968192 -0.4076352717162714 -0.31592106327869862 0.036320339919433314 -0.12644786263275187 0.063199299486301971
leaf_weight=331.63273078203201 334.4646609723568 79.184687256813049 823.93974167108536 164.57988902926445 305.1459858417511 707.62014070153236 82.848725497722626 878.0954008102417 525.34995666146278 1078.6166693270206 793.17979702353477 138.91711151599884 49.831984490156174 291.36701634526253 58.437594801187515 126.44526419043541 4227.0734665393829 801.8194697201252 406.11928257346153 147.1072244644165 8625.2587565481663 144.68680688738823 406.36623087525368 46.205528557300568
leaf_count=373 699 201 1093 301 443 891 130 1731 547 2045 1005 422 89 360 127 163 4013 1194 340 38 6841 322 728 86
internal_value=-0.00038858 0.000874522 0.00316076 -0.000690913 0.00612872 0.00742863 0.00566192 0.000859283 0.0022265 -0.000999126 0.000489762 0.00177242 -0.0017208 -0.000387539 0.00307076 0.00147282 -0.00127138 -0.000813104 -0.00104202 -0.000239495 -0.00185894 -0.00111081 -0.000590694 0.00590911
internal_weight=21574.3 11067.3 4502.88 6564.4 1963.15 1531.56 300.951 2539.73 1403.45 6263.45 957.76 218.102 10507 999.069 154.475 431.591 5305.69 1136.28 844.594 438.474 9507.94 882.686 551.053 96.0375
internal_count=24182 14878 6761 8117 2590 1984 753 4171 2278 7364 1306 623 9304 1040 302 606 6058 1893 738 398 8264 1423 1050 175
is_linear=0
shrinkage=0.0424476


Tree=20
num_leaves=21
num_cat=0
split_feature=6 8 5 4 4 8 6 4 8 4 4 6 8 8 5 4 8 4 4 4
split_gain=16.2993 18.9855 9.68143 9.29425 3.17245 1.15329 0.986096 1.13546 0.726385 0.403061 0.228915 0.151208 0.144987 0.181786 0.104953 0.142972 1.17346 0.0893435 0.0438988 0.00988181
threshold=-0.5 3.2349999999999999 -1.0000000180025095e-35 1008.8007423001054 1014.5500000000001 3.5850000000000013 0.70137043877975058 1012.0181333411776 2.0450000000000004 1010.301597619405 1002.9062791817597 1.0716770318811712 2.0900000000000021 2.3300000000000005 0.25881904510252091 1011.4153695986614 6.3200000000000029 1006.7003875005861 1005.404126935617 1005.2088523252547
decision_type=2 2 2 2 2 2 2 2 2 2 2 2 2 2 2 2 2 2 2 2
left_child=14 8 6 5 -5 -4 9 -8 10 -3 -2 -12 -10 -14 18 16 17 -16 19 -1
right_child=1 2 3 4 -6 -7 7 -9 12 -11 11 -13 13 -15 15 -17 -18 -19 -20 -21
leaf_value=-0.18025861575447533 -0.017929391250719878 -0.021948173470111996 0.013555832098667283 0.072326083944325825 -0.071433301342731875 0.10247687957135411 0.053695537253071406 -0.084292645627374638 -0.0015461431767013378 -0.2225254491658539 -0.11123595163760572 -0.097606904522112098 -0.13121478245467919 -0.044735410366201316 -0.12108044864590005 -0.32834662371610795 0.10568709040075858 -0.19171888881614266 -0.32342277006109188 -0.19001788649380821
leaf_weight=846.6362578868866 88.724658578634262 1072.7463258504868 89.332173258066177 3276.2202878296375 396.82130116224289 856.06049734354019 620.06320655345917 299.99203932285309 137.22286105155945 505.08095744252205 3203.0304844081402 126.02392148971558 515.6741552054882 1096.030003875494 262.97939565777779 1000.3800895512104 140.30095657706261 1705.3324247896671 5295.3574558794498 93.030417829751968
leaf_count=752 97 1705 122 3096 227 1683 1223 440 153 621 4796 30 470 1358 249 1099 117 1613 4354 98
internal_value=-0.000442674 0.000572559 0.0019956 0.00314717 0.00217373 0.00690953 -0.000126194 0.000969349 -0.00138386 -0.00077676 -0.00174729 -0.00180477 -0.000663064 -0.000780949 -0.00177921 -0.00154329 -0.00131819 -0.00159121 -0.00189388 -0.00152366
internal_weight=21627 12283 7116.32 4618.43 3673.04 945.393 2497.88 920.055 5166.71 1577.83 3417.78 3329.05 1748.93 1611.7 9344.02 3108.99 2108.61 1968.31 6235.02 939.667
internal_count=24303 16021 9117 5128 3323 1805 3989 1663 6904 2326 4923 4826 1981 1828 8282 3078 1979 1862 5204 850
is_linear=0
shrinkage=0.0424476


Tree=21
num_leaves=25
num_cat=0
split_feature=6 3 5 7 6 7 4 3 4 7 7 4 7 6 4 7 5 3 4 4 4 4 4 4
split_gain=15.4776 18.4516 17.5146 6.60935 2.66759 2.86996 2.6325 2.53483 2.3323 2.67189 0.705239 0.247978 0.214713 0.160254 0.789235 0.122194 0.110295 0.317837 0.387704 1.35755 0.122712 0.128614 0.0529557 0.0170286
threshold=-0.5 2.9114582744516793 0.70436907356351874 1.2300000000000024 0.86502983325015059 2.4300000000000019 1014.5500000000001 4.2500749322125477 1004.9007916191853 1.2300000000000024 1.1402718051256746 1010.301597619405 0.6601810926921089 0.96327418017081945 1004.2064830328952 2.4300000000000019 0.25881904510252091 1.9650000000000001 1010.6100755919166 1011.5061962599751 1006.7003875005861 1006.4012391742523 1005.404126935617 1009.0026822852341
decision_type=2 2 2 2 2 2 2 2 2 2 2 2 2 2 2 2 2 2 2 2 2 2 2 2
left_child=16 2 4 12 11 -6 -5 8 9 -3 -10 -2 -4 15 -15 -9 22 18 -18 -20 21 -19 -1 -22
right_child=1 7 3 6 5 -7 -8 13 10 -11 -12 -13 -14 14 -16 -17 17 20 19 -21 23 -23 -24 -25
leaf_value=-0.17260706202073511 -0.016228908206119805 -0.10707737242714446 -0.16617464308310345 0.098805580517927927 -0.10977734258312703 0.065101533299014108 -0.026186713184939387 -0.10332373590936528 -0.11062652830317345 0.1392140319381335 0.0061824546928062434 -0.11251091205705376 0.020468010958259907 0.017853255590760789 -0.10068121574551124 -0.1558294210185894 -0.20481680522679116 -0.16786659642614393 0.24327012878166351 -0.26097822015142563 -0.16952101180728127 0.011515742374884988 -0.30969423512544086 -0.26006482931318814
leaf_weight=939.66667571663857 1015.923308044672 52.994587630033493 117.22069126367569 1618.5122404098511 299.61853525042534 1105.9241890013218 66.326869934797287 2385.6610082089901 699.88608253002167 74.837482780218124 2232.3131526708603 535.70197620987892 139.97754007577896 85.756803929805756 688.8014003932476 1163.5670050382614 241.76940852403641 166.80492615699768 79.12093585729599 149.40479588508606 647.26552239060402 91.683343708515167 5295.3574558794498 1732.9439340531826
leaf_count=850 1741 72 160 2126 492 1755 28 3029 851 132 2784 731 240 61 874 945 223 191 70 198 661 56 4354 1679
internal_value=-0.000463578 0.000525685 0.00254634 0.00567906 0.000482735 0.00182599 0.00664752 -0.000812526 0.00011676 0.0057321 -0.000121756 -0.000722128 -0.000593077 -0.00147448 -0.000867025 -0.00160183 -0.00176598 -0.0015259 -0.000454431 0.000743905 -0.00170984 -0.000706746 -0.00188272 -0.001811
internal_weight=21627 12283 4899.21 1942.04 2957.17 1405.54 1684.84 7383.82 3060.03 127.832 2932.2 1551.63 257.198 4323.79 774.558 3549.23 9344.02 3108.99 470.295 228.526 2638.7 258.488 6235.02 2380.21
internal_count=24303 16021 7273 2554 4719 2247 2154 8748 3839 204 3635 2472 400 4909 935 3974 8282 3078 491 268 2587 247 5204 2340
is_linear=0
shrinkage=0.0424476


Tree=22
num_leaves=22
num_cat=0
split_feature=6 3 7 7 3 4 9 7 9 3 9 9 6 9 3 9 3 9 4 9 7
split_gain=14.0283 17.362 4.97434 4.89721 2.88825 2.82165 1.71386 1.46281 1.4223 0.748683 0.622339 0.171868 0.144857 0.101737 0.141276 0.151824 0.119538 0.0968666 0.0773159 0.162794 0.0294693
threshold=-0.5 2.7618942712527619 1.2300000000000024 5.8100000000000014 3.9468898213812458 1005.0156392627184 2.1981552721683451 2.1000000000000001 -3.359724098764342 2.1611148203148685 -3.8168327971219589 1.9021220509706558 -0.96651117333580772 1.2081307727417061 3.3106512398088235 1.4801675009391817 3.1118508348071221 0.2080763292054755 1006.2033602400564 -0.42002182280535999 1.1100000000000014
decision_type=2 2 2 2 2 2 2 2 2 2 2 2 2 2 2 2 2 2 2 2 2
left_child=12 2 17 6 5 7 -4 -3 -7 -5 -6 -12 -1 18 16 -16 -15 -2 19 -14 -19
right_child=1 4 3 9 10 8 -8 -9 -10 -11 11 -13 13 14 15 -17 -18 20 -20 -21 -22
leaf_value=-0.30300981045323577 0.049265233942566961 0.031185787965142254 0.084780578185717187 0.039139825429655384 0.11063979291548888 0.097888744384726403 0.058412017727391137 0.13042635586413681 -0.0075287150825660808 -0.02651405604659891 -0.073243060729906273 -0.097504076138613255 -0.069680122251117804 -0.19724226435673681 -0.174625311403068 -0.25867394511137148 0.056353256888619148 -0.13122129284003772 -0.23680278752617617 -0.19809113317901392 -0.051562443672602785
leaf_weight=2214.0461891293526 54.175435245037079 63.155257344245911 2193.9152470231056 917.76177579164505 73.038198709487915 77.525454252958298 455.66762942075729 53.722239106893539 2484.1056958734989 409.54070928692818 1982.3636202812195 2851.6744729876518 424.14076375961304 955.92868828773499 203.51425594091415 1297.3831863701344 147.56290024518967 362.74296349287033 3538.4915312826633 481.74965760111809 54.490169614553452
leaf_count=1200 84 85 3641 1013 86 130 885 99 3291 349 2413 3202 647 847 145 885 111 549 3977 461 89
internal_value=-0.000481314 0.000473284 0.00257969 0.00306995 -0.000759506 0.000356105 0.00412633 0.00680698 5.45149e-05 0.000947225 -0.00137223 -0.00143342 -0.00172349 -0.00161653 -0.00137128 -0.0016577 -0.00096491 -0.00151691 -0.00175608 -0.00132817 -0.00173726
internal_weight=21296.7 12033.9 4448.29 3976.89 7585.58 2678.51 2649.58 116.877 2561.63 1327.3 4907.08 4834.04 9262.82 7048.77 2604.39 1500.9 1103.49 471.409 4444.38 905.89 417.233
internal_count=24189 15916 6610 5888 9306 3605 4526 184 3421 1362 5701 5615 8273 7073 1988 1030 958 722 5085 1108 638
is_linear=0
shrinkage=0.0424476


Tree=23
num_leaves=25
num_cat=0
split_feature=8 0 4 2 9 4 8 0 2 0 2 8 9 2 2 2 2 8 0 9 0 9 4 8
split_gain=7.59964 7.0868 6.79747 2.46601 5.09098 2.02063 2.29986 1.09481 1.38492 2.27117 0.862562 0.272812 0.809259 1.11263 4.16042 0.179265 1.20048 2.65389 0.123768 0.105276 0.12049 0.0995722 0.282577 0.0351112
threshold=2.8937784646993499 0.49746467839286013 1008.9007605866798 -0.68180899361736291 0.51360822726247168 1014.5500000000001 6.3200000000000029 0.25881904510252057 0.85651926849515192 0.25803921652259554 -0.93760092995349764 2.3300000000000005 0.83445155190621112 0.27799806423841894 -0.42882523534942024 -0.82631688199933129 -0.86527787191711336 1.5116465390248897 -0.26728045635376119 2.5349605937196196 -0.00033512952589765684 6.3703275525931318 1005.5021664747411 1.2700000000000016
decision_type=2 2 2 2 2 2 2 2 2 2 2 2 2 2 2 2 2 2 2 2 2 2 2 2
left_child=11 7 3 10 -5 6 -4 8 9 -2 -3 15 13 14 -13 16 -1 -18 -10 20 -14 23 -23 -17
right_child=1 2 5 4 -6 -7 -8 -9 18 -11 -12 12 19 -15 -16 21 17 -19 -20 -21 -22 22 -24 -25
leaf_value=-0.083718006157731964 -0.014150820798737113 0.083579696594944949 -0.004056108422827079 0.11178583014369464 0.074989321415029245 -0.13694490818201829 0.067385325188894243 -0.32823941033612319 -0.30556532622173543 0.076093595455557161 0.02005793034195592 -0.056487691896079738 -0.099636962719513167 -0.22644053393424515 0.11263201383083203 -0.11176040374668644 -0.095053241418455378 0.057963683446384993 -0.069564114435798338 -0.15155647496055905 0.038139413443328073 -0.01787951514681177 -0.21553616413250581 -0.14633447301104088
leaf_weight=1163.1399185657501 5100.1593820154667 218.01553201675415 2018.1256068944931 246.98601365089417 362.12019827961922 541.9323758482933 1840.3644039928913 1012.9571624994278 1085.2576420307159 218.32377171516418 227.31305491924286 117.25881817936897 139.31549674272537 142.28984481096268 61.392047256231308 1146.24875831604 130.48818171024323 71.694337517023087 799.4882940351963 636.75481340289116 89.887150883674622 117.82805353403091 173.92654892802238 3635.4286333024502
leaf_count=2103 5902 355 1943 405 520 393 1350 618 1409 406 404 146 162 262 99 1807 201 62 786 567 123 44 145 3977
internal_value=-0.000487091 0.000110513 0.00129777 0.00436142 0.00613062 0.000559442 0.000903566 -0.000675476 -0.000488314 -0.000134101 0.00189987 -0.00156089 -0.000933319 0.000849816 0.00311973 -0.00167369 -0.00119947 0.00177452 -0.00147802 -0.00161557 -0.000700145 -0.00179766 -0.000902655 -0.00184839
internal_weight=21296.7 13671 5454.86 1054.43 609.106 4400.42 3858.49 8216.19 7203.23 5318.48 445.329 7625.65 1186.9 320.941 178.651 6438.75 1365.32 202.183 1884.75 865.957 229.203 5073.43 291.755 4781.68
internal_count=24189 14491 5370 1684 925 3686 3293 9121 8503 6308 759 9698 1359 507 245 8339 2366 263 2195 852 285 5973 189 5784
is_linear=0
shrinkage=0.0424476


Tree=24
num_leaves=21
num_cat=0
split_feature=6 8 0 4 4 6 4 9 9 8 0 4 4 8 6 9 9 4 8 8
split_gain=13.1787 13.6828 4.92807 5.89597 2.81428 1.50973 2.11722 1.35662 0.949411 1.47413 1.17604 0.313792 0.221585 0.0884726 0.0877927 0.068348 0.145525 0.140877 0.124684 0.0490683
threshold=-0.5 3.515000000000001 -0.26728045635376119 1009.0026822852341 1014.4500000000002 0.70137043877975058 1011.6012981907139 -0.75594658668406811 0.56697716260570108 2.0450000000000004 -0.70871085010092427 1008.6042554516047 1002.9062791817597 2.0450000000000004 -0.86610832463444065 1.2081307727417061 1.7237708959869382 1003.3005795451397 6.3200000000000029 3.6800000000000019
decision_type=2 2 2 2 2 2 2 2 2 2 2 2 2 2 2 2 2 2 2 2
left_child=14 8 5 7 -5 11 -7 -4 9 -2 -11 -3 -10 -14 -1 17 18 -16 -17 -18
right_child=1 2 3 4 -6 6 -8 -9 12 10 -12 -13 13 -15 15 16 19 -19 -20 -21
leaf_value=-0.2718901774705742 -0.10294979692615411 -0.0064176628789440306 0.10023261711238242 0.061012914551855757 -0.067880851605673878 0.058243442702628413 -0.051143599424924448 0.084492394855498906 -0.042280002111108821 -0.013455849121539394 0.092067314408741718 -0.13475768783757391 -0.092941828018310566 -0.096493136827397935 -0.073425445685547389 -0.2073347806023477 -0.21382510793757667 -0.19044213019380279 0.23845600596809999 -0.23055499573750765
leaf_weight=4358.6808816790581 336.71244579553604 631.60617393255234 253.72669529914856 3135.4804829061031 440.70913752913475 559.94399398565292 356.61703181266785 734.86786752939224 140.63080039620399 156.2777833044529 152.79375329613686 773.81325751543045 2955.2518962919712 1525.5046000480652 81.225236177444458 319.7066764831543 681.19705274701118 2896.8228379189968 107.64987632632256 777.74920508265495
leaf_count=3209 625 1112 533 2819 259 1111 522 1321 112 242 262 1085 4209 1675 100 277 589 3426 82 559
internal_value=-0.000515747 0.000401129 0.00164783 0.00245776 0.00164819 4.76033e-05 0.00139538 0.00536758 -0.0012254 0.000275214 0.00241635 -0.000818194 -0.0014391 -0.00149158 -0.001726 -0.00157709 -0.00133056 -0.00172702 -0.000570126 -0.00154061
internal_weight=21377 12153.9 6886.76 4564.78 3576.19 2321.98 916.561 988.595 5267.17 645.784 309.072 1405.42 4621.39 4480.76 9223.03 4864.35 1886.3 2978.05 427.357 1458.95
internal_count=24129 15887 8762 4932 3078 3830 1633 1854 7125 1129 504 2197 5996 5884 8242 5033 1507 3526 359 1148
is_linear=0
shrinkage=0.0424476


Tree=25
num_leaves=25
num_cat=0
split_feature=6 1 7 5 1 7 2 1 1 1 1 5 2 1 2 1 1 6 2 1 1 5 1 1
split_gain=12.641 11.9614 5.83404 4.03732 5.69393 3.79959 4.26318 3.95027 2.99714 0.938972 0.825771 0.581041 0.687001 0.534296 0.428206 0.654953 0.379279 0.211308 0.158835 0.0616995 0.0545309 0.0488559 0.324284 0.0504954
threshold=-0.5 -0.60032953050696913 2.1000000000000001 -0.7090762197185454 0.044253241935523734 1.3400000000000019 0.22611568550828817 -0.76665171983724034 -0.64178054023930542 -0.78509050164541117 0.22215815049894402 -1.0000000180025095e-35 -0.53407657017901478 0.044253241935523734 0.22611568550828817 -0.99166813670569331 -0.89414697905359375 1.2131923427023403 -0.97559057609477784 -0.99699193743116266 -0.71748210095375242 0.49822133722136902 0.99965739133362419 -0.42229256145854549
decision_type=2 2 2 2 2 2 2 2 2 2 2 2 2 2 2 2 2 2 2 2 2 2 2 2
left_child=9 5 10 18 -5 11 7 -7 -8 14 13 20 -13 -3 15 19 -17 -12 -4 -1 -2 -11 23 -23
right_child=1 2 3 4 -6 6 8 -9 -10 21 17 12 -14 -15 -16 16 -18 -19 -20 -21 -22 22 -24 -25
leaf_value=-0.18209943343275994 -0.057943835634367141 -0.041066466084573476 0.0098479539343028361 -0.031701528291498506 0.062815703338406123 0.1000009711385461 0.029670569837352011 0.0088458528356530845 0.12844039693119949 -0.26590861276047367 -0.11740240104939477 -0.065460179541509858 0.046867074733932701 0.030356898389489968 -0.16617350292015451 0.073146210526932556 -0.055250271236562176 -0.041402039272376602 -0.18259128761809951 -0.0041687644446317066 0.015954645919859994 -0.086639718158197057 -0.64158506431830442 -0.23487834172068076
leaf_weight=215.18429964780807 219.33337816596031 585.17616009712219 86.081191390752792 1920.966066390276 2537.8712838590145 689.06415042281151 687.35614538192749 162.76553454995155 67.398014456033707 6305.5915620326996 3316.4416705965996 94.371299237012863 247.28030830621719 197.56640174984932 367.58322888612747 275.3129380941391 158.8130624294281 96.332208633422852 1210.4761782884598 69.611700057983398 35.455928117036819 222.82686454057693 166.97011181712151 1441.1379989087582
leaf_count=225 627 1327 157 1582 3031 1444 1229 324 113 4854 2957 273 701 332 575 599 267 24 1676 134 90 299 44 1245
internal_value=-0.000517717 0.000380223 -0.000244612 0.000630678 0.00123916 0.00321095 0.00428591 0.00635373 0.00192753 -0.00170301 -0.00144974 0.000284334 0.00145339 -0.000179655 -0.000507312 7.07064e-05 0.0011328 -0.00173562 -0.0014476 -0.00148325 -0.0012106 -0.0018604 -0.0016004 -0.00178011
internal_weight=21377 12153.9 9950.91 5755.39 4458.84 2203.02 1606.58 851.83 754.754 9223.03 4195.52 596.441 341.652 782.743 1086.51 718.922 434.126 3412.77 1296.56 284.796 254.789 8136.53 1830.93 1663.96
internal_count=24129 15887 11086 6446 4613 4801 3110 1768 1342 8242 4640 1691 974 1659 1800 1225 866 2981 1833 359 717 6442 1588 1544
is_linear=0
shrinkage=0.0424476


Tree=26
num_leaves=19
num_cat=0
split_feature=6 8 5 4 4 6 4 9 5 4 9 8 6 8 8 6 4 8
split_gain=11.2504 13.8834 5.22584 6.23471 2.21792 1.42226 1.69387 0.722728 1.08433 0.456263 0.420273 0.405412 0.112426 0.133756 1.03498 0.108429 0.088272 0.0781246
threshold=-0.5 3.515000000000001 -1.0000000180025095e-35 1008.9007605866798 1014.5500000000001 0.70137043877975058 1012.0181333411776 0.25604061179386767 0.70436907356351874 1005.6040330343402 0.10987306426417122 6.5700536646891008 -0.96651117333580772 6.501474265000728 6.3200000000000029 1.2837267293304842 1005.5021664747411 2.6100000000000017
decision_type=2 2 2 2 2 2 2 2 2 2 2 2 2 2 2 2 2 2
left_child=12 7 5 11 -5 9 -7 8 10 -3 -2 -4 -1 14 16 17 -14 -9
right_child=1 2 3 4 -6 6 -8 15 -10 -11 -12 -13 13 -15 -16 -17 -18 -19
leaf_value=-0.26472673740095126 -0.052929650232176391 0.066211690575326193 0.080316636443094266 0.059220507291091996 -0.086084127551962403 0.053104767044787393 -0.080552260050213612 -0.085460536404852849 0.070633189801358479 -0.069547715763312992 0.020768415264292982 0.1109588580301995 -0.1172766513507332 -0.33891990560590535 0.082558813252719451 -0.064695322668042857 -0.18696624312045018 -0.083685226844798635
leaf_weight=2267.4721044301987 436.7707447707653 121.23132294416428 787.24226695299149 3191.3224920034409 395.95035117864609 633.67427805066109 301.5543055832386 3973.6305526793003 69.084681272506714 1408.14366710186 51.116129875183105 125.45187923312187 883.80404022336006 1297.3320941925049 191.95539379119873 128.19822263717651 4676.5350955426693 590.43505400419235
leaf_count=1242 754 236 1592 2956 225 1227 434 5356 145 1999 73 204 873 1431 146 31 4611 743
internal_value=-0.000572729 0.000273431 0.00151714 0.00237773 0.00157353 -4.66454e-05 0.00124933 -0.00137317 4.04257e-05 -0.000851256 -0.000630762 0.00551823 -0.00168395 -0.00158632 -0.00148577 -0.00154491 -0.00159321 -0.00157984
internal_weight=21530.9 12213.8 6964.57 4499.97 3587.27 2464.6 935.229 5249.24 556.972 1529.37 487.887 912.694 9317.1 7049.63 5752.29 4692.26 5560.34 4564.07
internal_count=24278 15975 8873 4977 3181 3896 1661 7102 972 2235 827 1796 8303 7061 5630 6130 5484 6099
is_linear=0
shrinkage=0.0424476


Tree=27
num_leaves=25
num_cat=0
split_feature=6 1 5 5 1 2 2 1 2 1 2 1 1 6 1 1 2 1 1 2 1 2 1 1
split_gain=10.7265 11.8541 3.13958 3.11916 2.5171 2.28835 1.48463 5.02059 1.43159 1.17059 1.10551 1.70174 0.737752 0.604087 0.385022 1.05196 0.371869 0.58624 0.270658 0.232509 0.11121 0.229377 0.207765 0.143181
threshold=-0.5 -0.60032953050696913 -1.0000000180025095e-35 0.70436907356351874 -0.96683886033945943 0.10889239321374523 0.35957377475145208 0.044253241935523734 0.77232729489588492 0.29672310423526954 -0.82631688199933129 0.22215815049894402 -0.78509050164541117 0.86502983325015059 -0.96683886033945943 -0.97873101657557326 0.22611568550828817 -0.99699193743116266 -0.64178054023930542 0.17553149042142802 -0.068345573889994418 -0.94941443599233932 -0.17806817010454204 0.99965739133362419
decision_type=2 2 2 2 2 2 2 2 2 2 2 2 2 2 2 2 2 2 2 2 2 2 2 2
left_child=12 2 14 10 5 -4 9 -8 -6 -5 11 -3 16 -12 15 -2 17 -1 -16 -19 21 22 -14 -22
right_child=1 3 4 6 8 -7 7 -9 -10 -11 13 -13 20 -15 18 -17 -18 19 -20 -21 23 -23 -24 -25
leaf_value=-0.16232028180327029 0.029496751739724783 0.032695918055398343 0.096285004084303807 0.053376641204278596 0.05561284763165103 0.070695771681013042 -0.067843566606572647 0.062824436711778134 0.11021415663634374 -0.057769641421036862 -0.1615246252733667 -0.066869351580419137 -0.12361183270550581 -0.022901878015463339 0.0072110655900673552 0.082486627304134752 -0.1539741225477094 0.024653420985689588 0.09289753972682134 0.067844293174170012 -0.24340951881198536 -0.18326590353951294 0.14433762268469988 -0.25556058119309649
leaf_weight=226.83567327260971 214.03017285466194 554.23847609758377 219.22647204995155 376.49791917204857 877.03684106469154 145.15010303258896 1107.4242964088917 1294.0660274028778 39.048606663942337 1258.0687917172909 2453.41324031353 703.78337749838829 208.05118522047997 2270.9267448186874 594.20260342955589 55.398465812206268 361.02631080150604 418.45369830727577 51.293809950351715 43.998412698507309 5707.5907147526741 1620.5087241828442 66.944323241710663 663.68968570232391
leaf_count=219 462 1361 529 948 1908 202 662 1140 52 1409 2541 680 234 2465 1393 106 570 902 117 71 4125 1860 136 186
internal_value=-0.00057337 0.000252814 0.00307862 -0.000364575 0.00444065 0.0074638 0.000544342 0.00121803 0.00321789 -0.000434115 -0.00098088 0.000123977 -0.0016584 -0.00127901 0.00115215 0.00252016 -0.000572531 0 0.000552427 0.000872501 -0.00179412 -0.00146251 -0.000247453 -0.00188987
internal_weight=21530.9 12213.8 2195.39 10018.4 1280.46 364.377 4036.06 2401.49 916.085 1634.57 5982.36 1258.02 9317.1 4724.34 914.925 269.429 1050.31 689.288 645.496 462.452 8266.78 1895.5 274.996 6371.28
internal_count=24278 15975 4769 11206 2691 731 4159 1802 1960 2357 7047 2041 8303 5006 2078 568 1762 1192 1510 973 6541 2230 370 4311
is_linear=0
shrinkage=0.0424476


Tree=28
num_leaves=24
num_cat=0
split_feature=6 3 0 7 2 6 7 3 2 2 0 6 2 7 3 2 2 3 3 3 0 6 2
split_gain=10.7265 11.5545 8.36792 3.66214 2.53521 2.37702 2.14557 1.70268 1.04905 2.05531 0.564814 0.385616 0.705595 0.241784 0.173732 0.148941 0.241773 0.238192 0.758036 0.157406 0.505466 0.135962 0.0664506
threshold=-0.5 2.9923900646450159 0.49746467839286013 1.2300000000000024 0.97240299274555542 0.70137043877975058 2.4300000000000019 3.9014812059905233 0.49889468935047204 -0.13824235281458663 0.86106538556481482 0.70137043877975058 -0.99649688682915105 3.3600000000000017 2.6021909361636459 0.80561065941394794 0.71798255424337853 2.7618942712527619 3.8685800390952747 1.5401015026853102 0.49746467839286013 -0.70718654785976864 0.88669092404404137
decision_type=2 2 2 2 2 2 2 2 2 2 2 2 2 2 2 2 2 2 2 2 2 2 2
left_child=15 2 5 14 -5 13 -7 8 9 -3 -10 22 -13 -2 -4 16 19 -18 -19 20 -1 -21 -9
right_child=1 7 3 4 -6 6 -8 11 10 -11 -12 12 -14 -15 -16 -17 17 18 -20 21 -22 -23 -24
leaf_value=-0.18751662157610186 -0.13803322571923041 -0.0041800861583553743 -0.059660347654308422 0.064535880281349267 0.10448106445576642 -0.072889182524254428 0.049945365960923749 -0.087862951333382899 -0.11897478419774976 0.059098293377029022 0.02275342459931572 0.033762389110224313 -0.048549172761906949 -0.037929744518067098 0.058736261948462286 -0.35785624641643238 -0.16864787352401828 0.34467354565892744 -0.082918060394024773 -0.20272533647182225 0.13282000260654894 -0.14624567946603462 -0.26598216565857075
leaf_weight=342.21771636605263 314.02528503537178 884.85950273275375 213.14580115675926 1474.8132948577404 313.21308839321136 397.58133089542389 1413.231553286314 2388.0240445137024 500.756607234478 344.56968775391579 251.59931102395058 103.01967659592628 1842.1050758361816 1028.587958753109 64.815636426210403 1306.8595203459263 112.79388335347176 43.207759529352188 59.188799798488617 5148.7859656512737 202.24115970730782 2085.6327967941761 717.20525872707367
leaf_count=316 493 1214 327 2058 154 686 2187 2826 677 608 186 109 2418 1544 120 1675 155 89 114 3714 212 2067 448
internal_value=-0.000525472 0.000298342 0.00181254 0.00391345 0.00461925 0.000430233 0.00143772 -0.000822899 0.000223616 0.000995226 -0.00101266 -0.00123722 -0.000749722 -0.000914795 -0.000560096 -0.00161262 -0.00153469 -4.01644e-05 0.00135057 -0.00157366 -0.000807101 -0.00162878 -0.00153663
internal_weight=21552.5 12251.6 5219.41 2065.99 1788.03 3153.43 1810.81 7032.14 1981.79 1229.43 752.356 5050.35 1945.12 1342.61 277.961 9300.93 7994.07 215.19 102.397 7778.88 544.459 7234.42 3105.23
internal_count=24397 16055 7569 2659 2212 4910 2873 8486 2685 1822 863 5801 2527 2037 447 8342 6667 358 203 6309 528 5781 3274
is_linear=0
shrinkage=0.0424476


Tree=29
num_leaves=25
num_cat=0
split_feature=1 3 0 7 1 3 0 4 7 1 3 1 1 7 7 7 1 1 1 1 1 1 1 1
split_gain=9.80114 6.60124 5.27088 3.6908 2.05619 2.35555 1.97879 2.23808 4.60525 1.9196 1.44419 1.51894 1.23786 1.02206 2.42804 0.787146 0.549805 0.538284 0.379305 0.375388 0.351688 0.312156 0.239687 0.191257
threshold=-0.89414697905359375 2.2407098037665296 0.69601821493876959 1.630000000000001 -0.90518480756366004 3.7707620707331797 0.49746467839286013 1010.1020747736236 1.9500000000000013 0.76477039889028042 3.1510291033485678 0.1714926119571353 0.044253241935523734 2.2099999999999995 2.7806270598745173 2.1000000000000001 -0.60032953050696913 0.74707839308457491 0.86753754618373868 -0.99166813670569331 -0.66135564921164625 0.017509592135710045 0.97805592386711537 -0.99466160899732459
decision_type=2 2 2 2 2 2 2 2 2 2 2 2 2 2 2 2 2 2 2 2 2 2 2 2
left_child=4 2 15 21 6 -6 13 8 -8 -5 11 12 -3 23 -15 -2 20 -17 -18 -9 -12 -4 -13 -1
right_child=1 10 3 9 5 -7 7 19 -10 -11 16 22 -14 14 -16 17 18 -19 -20 -21 -22 -23 -24 -25
leaf_value=0.018855450882853942 -0.12551655948301244 0.0025468598413171777 0.0195676780555489 0.073884154949667366 0.0990735102082997 0.05460412195013907 0.049066494594422159 0.048136105791886617 0.089689349031285198 0.062047984367516136 -0.052599363245347919 -0.077315188847146846 0.078232259082056693 0.10770982744640839 0.049835060804335529 0.0085150011687540311 -0.092833493294776567 -0.032322515606960547 -0.18454841168945779 -0.015347038150900301 0.045213220130471556 -0.12663329655263192 -0.19333450201791244 -0.053874012007414339
leaf_weight=96.691722691059113 445.49162417650223 1341.9448890388012 65.140750914812088 699.9149289727211 51.243250608444214 42.817462533712387 234.63894230127335 65.65992197394371 155.76942205429077 321.64333602786064 673.01457819342613 1787.1104171276093 211.93912640213966 62.828623861074448 673.89038518071175 1805.2907001078129 7636.8645158112049 643.08718520402908 3119.1267274320126 157.50973278284073 196.96937417984009 251.81018841266632 509.18647718429565 302.89643159508705
leaf_count=254 574 1663 148 789 113 99 664 84 302 348 1355 1788 238 118 990 2355 7590 773 2042 267 392 259 362 830
internal_value=-0.000528147 -0.000805732 0.000676982 0.00288101 0.00242869 0.00860568 0.00208602 0.0040388 0.00598232 0.00412636 -0.00121242 -0.000492563 0.000524105 0.00101524 0.00195939 -0.00033606 -0.00144922 -2.97411e-05 -0.00153286 0.000555721 -0.000393806 -0.00107447 -0.0011886 -0.000679145
internal_weight=21552.5 19708.5 4232.38 1338.51 1843.95 94.0607 1749.89 613.578 390.408 1021.56 15476.2 3850.18 1553.88 1136.31 736.719 2893.87 11626 2448.38 10756 223.17 869.984 316.951 2296.3 399.588
internal_count=24397 20676 5246 1544 3721 212 3509 1317 966 1137 15430 4051 1901 2192 1108 3702 11379 3128 9632 351 1747 407 2150 1084
is_linear=0
shrinkage=0.0424476


Tree=30
num_leaves=25
num_cat=0
split_feature=6 8 1 8 8 1 9 1 1 1 9 6 1 1 8 7 8 9 9 1 1 8 6 8
split_gain=11.0913 11.0357 10.3964 5.57052 3.55217 2.22452 2.74603 1.7818 3.92193 1.2759 1.21361 0.85512 0.808664 0.797505 0.435304 0.550563 0.33436 0.318867 0.121949 0.238306 0.738647 0.553914 0.128428 0.102408
threshold=-0.2589913477455501 3.515000000000001 -0.96683886033945943 6.6849999999999996 6.0699999999999994 -0.95992380042979841 0.62122411049744042 -0.55822680467059349 0.044253241935523734 -0.60032953050696913 1.2621707895174252 -0.70710678118654757 0.57391765965057562 0.55265906544660026 3.015000000000001 2.6649999999999996 2.4118506817661456 6.3703275525931318 1.2621707895174252 0.55265906544660026 0.46382785666522619 6.3200000000000029 -0.5 6.835
decision_type=2 2 2 2 2 2 2 2 2 2 2 2 2 2 2 2 2 2 2 2 2 2 2 2
left_child=9 5 3 4 -3 6 -2 10 -9 11 -4 23 13 -7 -13 -16 -8 -14 22 20 -20 -21 -11 -1
right_child=1 2 7 -5 -6 12 16 8 -10 18 -12 14 17 -15 15 -17 -18 -19 19 21 -22 -23 -24 -25
leaf_value=-0.078157727210479075 0.13228224987238107 0.11861256414550767 0.045546357076439122 0.0058511213276445043 0.11558876409903536 -0.034660215703185233 -0.011346874689511314 -0.031799403934200471 0.048133211363534309 -0.21341146582233059 0.098636464295613055 -0.063855001210936124 -0.12315191642401471 0.016724400126712214 0.052897263693651997 0.022813078591728507 0.15679379168468888 -0.010184337121705064 -0.17366307131947292 -0.24425046847792389 0.015998259608435431 -0.074252723292849543 -0.071444169458379655 -0.31725709923223516
leaf_weight=1077.8011460900307 56.3886878490448 157.47211635112762 780.48756876587868 86.36186695098877 53.898070633411407 1897.5228850543499 187.92769619822502 2108.2934399843216 2850.6170882582664 4859.1513521075249 194.71309652924538 148.47362539172173 2251.6391078531742 91.839416742324829 151.5682555437088 175.95010209083557 28.643262505531311 182.20750829577446 932.97511529922485 1994.0070506930351 92.631029158830643 401.08464249968529 470.52995896339417 236.77729645371437
leaf_count=1627 130 319 1395 112 101 3739 574 2099 3869 4218 421 413 1985 69 276 213 86 82 879 891 86 193 336 215
internal_value=-0.000550748 0.000395471 0.0015677 0.00931672 0.0130287 -0.00115615 0.00253882 0.00117577 0.000844266 -0.00153347 0.00284247 -0.000486661 -0.00138836 -0.000738247 0.00103542 0.00191678 0.00027804 -0.00191213 -0.00174556 -0.00151842 -0.000937265 -0.00175954 -0.00188786 -0.00105188
internal_weight=21469 10928 6231.84 297.732 211.37 4696.17 272.96 5934.11 4958.91 10540.9 975.201 1790.57 4423.21 1989.36 475.992 327.518 216.571 2433.85 8750.38 3420.7 1025.61 2395.09 5329.68 1314.58
internal_count=24328 14981 8316 532 420 6665 790 7784 5968 9347 1816 2744 5875 3808 902 489 660 2067 6603 2049 965 1084 4554 1842
is_linear=0
shrinkage=0.0424476


Tree=31
num_leaves=25
num_cat=0
split_feature=6 8 1 8 8 1 9 6 7 8 1 6 1 1 9 1 9 6 1 1 9 8 8 6
split_gain=10.3702 10.5766 8.82378 4.77523 4.12754 2.17392 2.77278 2.79498 1.72811 3.00628 1.22474 0.577849 0.518511 0.800316 0.318867 0.296362 0.27926 0.420213 0.265424 0.190838 0.176465 0.128866 1.6533 0.111177
threshold=-0.2589913477455501 3.515000000000001 -0.96683886033945943 6.6849999999999996 6.0699999999999994 -0.8142167293547703 0.62122411049744042 0.70137043877975058 7.1293639555384098 10.490000000000002 -0.78509050164541117 -0.70710678118654757 0.57391765965057562 0.55265906544660026 6.3703275525931318 -0.12647779982076676 0.99718603787077076 -0.5 -0.99865756837029884 -0.27987374920143959 2.4702330070121374 6.3200000000000029 6.4526680758078836 -0.70710678118654757
decision_type=2 2 2 2 2 2 2 2 2 2 2 2 2 2 2 2 2 2 2 2 2 2 2 2
left_child=10 5 3 4 -3 6 7 -2 9 -4 11 20 13 -7 -14 -10 17 -13 -8 23 -1 -21 -23 -12
right_child=1 2 8 -5 -6 12 18 -9 15 -11 19 16 14 -15 -16 -17 -18 -19 -20 21 -22 22 -24 -25
leaf_value=-0.077318530816320022 0.037248107038106153 0.1135777401274857 0.035716046359371159 0.0056027550065470963 0.11068229327200441 -0.04945536142911041 0.074657853233696961 0.12666717988705994 -0.24691586885197217 0.068794230286566796 -0.14864048705901026 0.0094341944397471431 -0.11792440759184368 0.016014488726923924 -0.0097520359947766786 0.004624352793198826 -0.0053500021006485966 0.049427933504962759 -0.011371887343595628 -0.20435265167743591 0.048831023928388111 0.14695257175184687 -0.26047902162857894 -0.0439867473454678
leaf_weight=771.31243276596069 53.739374428987503 157.47211635112762 4879.6197053194046 86.36186695098877 53.898070633411407 1587.6829241812229 44.277411013841629 38.895146906375885 352.32200056314468 106.87444698810577 1219.3670129179955 133.8022004365921 2251.6391078531742 91.839416742324829 182.20750829577446 595.29504066705704 138.52680650353432 66.651864796876907 445.8876750767231 6117.5263555049896 57.901300102472305 99.521038740873337 1514.7241425812244 421.6164199411869
leaf_count=1239 143 319 6912 112 101 2866 120 80 241 68 1274 248 1985 69 82 563 310 98 1320 4106 75 65 1331 601
internal_value=-0.000559148 0.000355726 0.00150338 0.00864351 0.0120804 -0.00116327 0.00124565 0.00798035 0.001142 0.00145874 -0.00150937 -0.00019529 -0.00150908 -0.000913983 -0.00191213 -0.000505198 0.00126004 0.00227825 0 -0.00167118 -0.000812565 -0.00176505 -0.00138076 -0.00121758
internal_weight=21469 10928 6231.84 297.732 211.37 4696.17 582.8 92.6345 5934.11 4986.49 10540.9 1168.19 4113.37 1679.52 2433.85 947.617 338.981 200.454 490.165 9372.75 829.214 7731.77 1614.25 1640.98
internal_count=24328 14981 8316 532 420 6665 1663 223 7784 6980 9347 1970 5002 2935 2067 804 656 346 1440 7377 1314 5502 1396 1875
is_linear=0
shrinkage=0.0424476


Tree=32
num_leaves=25
num_cat=0
split_feature=6 8 1 1 1 4 1 8 4 1 7 8 1 4 8 8 4 6 8 1 4 4 1 8
split_gain=8.56999 9.12107 7.00816 3.46384 2.67142 1.67883 1.66659 2.66364 3.03988 0.935682 0.891833 0.628753 0.439521 0.600558 0.409282 0.884482 0.361361 0.152984 0.127915 0.10375 0.349333 0.100719 0.326614 0.0345594
threshold=-0.5 3.2349999999999999 -0.98801351631316325 -0.60032953050696913 0.044253241935523734 1008.7010231034702 -0.97310932590074073 2.3300000000000005 1006.8002759860051 -0.27987374920143959 4.5510419668631323 4.7624095921239435 -0.53704693351105359 1004.2064830328952 6.2520641185720081 6.1200000000000037 1008.301266389046 -1.0190982611065318 1.0628677714325188 0.99965739133362419 1009.0026822852341 1005.8002005662419 0.55265906544660026 1.5803831406652786
decision_type=2 2 2 2 2 2 2 2 2 2 2 2 2 2 2 2 2 2 2 2 2 2 2 2
left_child=9 6 10 5 -5 -4 7 18 -9 14 11 -3 16 -14 15 17 -8 -1 -2 21 -21 22 -11 -23
right_child=1 2 3 4 -6 -7 12 8 -10 19 -12 -13 13 -15 -16 -17 -18 -19 -20 20 -22 23 -24 -25
leaf_value=-0.48876518309219186 0.03764305023152742 0.080540435355069939 0.076637154779866462 -0.031213455720768297 0.037346875796134389 0.033404506114061004 -0.033069673272238656 0.14205333094947659 0.0023357912230533074 -0.040177817067505402 0.071513816094579533 0.10598409057695075 -0.015829315198347425 -0.088847698028004837 -0.26497439534954131 0.1229545476643218 0.034808032935991641 -0.045485855882285993 -0.027518756075017747 -0.21985869028289537 -0.21149988509445566 -0.11919858554714202 -0.20421411025239208 -0.23023300185984719
leaf_weight=157.87571263313293 51.111207365989685 41.392022758722305 433.64622527360916 2426.9990161061287 3339.5627503395081 748.37208190560341 416.98853477835655 36.884616911411285 35.691739171743393 314.01224988698959 59.935782670974731 77.110547512769699 557.65704426169395 3547.5401262640953 584.52410581707954 66.430789232254028 239.88691121339798 1729.4016042947769 119.66204470396042 360.78845950961113 283.15917858481407 472.22853267192841 584.54768550395966 4804.1026695966721
leaf_count=37 156 88 845 2419 4270 1279 1196 63 108 348 117 148 401 4014 624 48 611 2796 365 96 87 520 282 3548
internal_value=-0.000566861 0.000176205 0.0011529 0.000936634 0.000503697 0.00303306 -0.00121078 0.00218607 0.0090149 -0.0015323 0.00947028 0.0117209 -0.00138826 -0.0015527 -0.000822991 -0.000514855 -0.000332373 -0.000692766 -0.000608128 -0.00179362 -0.00119402 -0.00185315 -0.00136248 -0.0019332
internal_weight=21489.5 12132.4 7127.02 6948.58 5766.56 1182.02 5005.42 243.35 72.5764 9357.07 178.438 118.503 4762.07 4105.2 2538.23 1953.71 656.875 1887.28 170.773 6818.84 643.948 6174.89 898.56 5276.33
internal_count=24466 16080 9166 8813 6689 2124 6914 692 171 8386 353 236 6222 4415 3505 2881 1807 2833 521 4881 183 4698 630 4068
is_linear=0
shrinkage=0.0424476


Tree=33
num_leaves=24
num_cat=0
split_feature=3 5 8 2 4 8 5 4 2 8 5 4 2 2 8 8 8 2 5 3 2 8 5
split_gain=6.52917 12.082 4.79123 3.9156 1.7739 1.45242 1.33183 0.874499 0.481594 0.622287 1.65978 0.972502 0.616274 1.70121 0.432511 0.294914 0.29412 0.130988 0.124162 0.216837 0.215076 0.114003 0.0840968
threshold=2.9923900646450159 0.86340693121644818 3.015000000000001 0.97240299274555542 1011.5061962599751 4.3798732248510808 -1.0000000180025095e-35 1008.8007423001054 0.87377473702374975 2.3300000000000005 0.25810558179186288 1009.0026822852341 -0.82631688199933129 -0.86527787191711336 6.501474265000728 2.53575660427077 1.6597698582849421 -0.98931320297070013 0.70436907356351874 4.0820774264390955 0.97690230611205509 4.9800000000000031 0.70436907356351874
decision_type=2 2 2 2 2 2 2 2 2 2 2 2 2 2 2 2 2 2 2 2 2 2 2
left_child=1 5 -3 4 -4 17 14 -8 9 12 15 -12 13 -2 -7 -11 -14 -1 -10 20 -20 -21 -19
right_child=8 2 3 -5 -6 6 7 -9 18 10 11 -13 16 -15 -16 -17 -18 22 19 21 -22 -23 -24
leaf_value=0.0083835814313798496 -0.044698312883369229 -0.07548257957069146 0.062647892444010728 0.076967112121711839 0.017917999309316205 -0.010104787250915074 0.060231540761677874 0.013246931411541494 -0.32361552251866516 0.004555246727832956 0.052544055178163157 -0.05787341752479512 -0.064392377406728291 0.075597359905769809 -0.065695994862946194 -0.12017490539774371 -0.12156733498534207 -0.10471534376940003 -0.22881599626203655 -0.10147516751417833 0.00099881313260349121 -0.28333724142083272 -0.018737358637944596
leaf_weight=98.51423105597496 1121.9692853987217 280.13636803627014 895.58450999855995 224.10914316773415 268.10167101025581 1403.2022169828415 328.76663106679916 1863.7054511010647 1145.2020603716373 242.13710328936577 768.97686806321144 1159.4181844294071 1877.9263229966164 167.49670481681824 1432.1013498604298 3144.5293439626694 2178.8528406918049 1495.5658341050148 211.98746085166931 244.48452094197273 141.88520231842995 633.57126116752625 161.28707328438759
leaf_count=111 2006 459 1405 109 242 1751 519 1712 1303 178 1062 1158 2600 214 1742 2720 1993 2211 131 216 75 322 227
internal_value=-0.000561066 0.000356282 0.00359411 0.00461942 0.00360463 -0.000437155 -6.62819e-05 0.000715258 -0.00115708 -0.00103087 -0.000698399 0.000287859 -0.00135794 -0.000528036 -0.000677159 -0.00126545 -0.00161716 -0.00148887 -0.00171532 -0.00137243 -0.000414658 -0.00173733 -0.00157828
internal_weight=21489.5 8451.07 1667.93 1387.8 1163.69 6783.14 5027.78 2192.47 13038.4 10661.3 5315.06 1928.4 5346.25 1289.47 2835.3 3386.67 4056.78 1755.37 2377.13 1231.93 353.873 878.056 1656.85
internal_count=24466 10488 2215 1756 1647 8273 5724 2231 13978 11931 5118 2220 6813 2220 3493 2898 4593 2549 2047 744 206 538 2438
is_linear=0
shrinkage=0.0424476


Tree=34
num_leaves=25
num_cat=0
split_feature=6 1 5 9 2 5 9 1 6 1 9 1 2 2 9 5 1 9 6 2 1 2 1 1
split_gain=8.4742 8.27521 2.93345 3.52819 2.15377 2.12752 3.00353 4.51669 1.00624 0.987649 0.687296 0.438103 0.703006 0.422316 0.322583 0.23413 0.231568 0.182472 0.290646 0.180574 0.222122 0.350953 0.192037 0.122259
threshold=-0.5 -0.53704693351105359 -1.0000000180025095e-35 2.2644595143390203 0.10889239321374523 0.70436907356351874 2.2644595143390203 0.044253241935523734 0.70137043877975058 -0.78509050164541117 1.6048842865993722 -0.99699193743116266 0.22611568550828817 0.40604720236456882 2.6999670586940447 -1.3414944065917014 0.64560802048323718 2.8502586872659106 0.86502983325015059 -0.84719916794295413 -0.068345573889994418 -0.86527787191711336 -0.17806817010454204 -0.5785108877906705
decision_type=2 2 2 2 2 2 2 2 2 2 2 2 2 2 2 2 2 2 2 2 2 2 2 2
left_child=9 2 17 4 -4 8 7 -7 15 11 -10 -1 14 -5 -13 -3 -8 18 -2 20 22 -22 -11 -21
right_child=1 5 3 13 -6 6 16 -9 10 19 -12 12 -14 -15 -16 -17 -18 -19 -20 23 21 -23 -24 -25
leaf_value=-0.14852096464691764 0.0087801913536563678 0.051730123032595235 0.070054856106911617 -0.0082854416525996125 0.063559475688515693 -0.039669415241437529 -0.036888233079323457 0.060549460635731613 0.0055835427276718719 -0.05969204762807135 -0.041261697841183817 0.038796741171686883 -0.13987569462103952 0.044593029968874986 0.12283655839610154 -0.12896033437426732 -0.085872883378887002 -0.023462335912289523 0.050062126448602022 -0.14294754161038087 -0.16490701522842655 -0.011954069468437004 0.16648288887066395 -0.20556073641110673
leaf_weight=270.35899409651756 587.73709884285927 94.378281116485596 413.67776599526405 339.76615738868713 543.26940622925758 1042.5751332044601 564.89998003840446 1433.1633842587471 1561.387973845005 503.66848787665367 1653.8561540842056 451.70240563154221 341.2342084646225 150.17317008972168 42.001601994037628 2550.230448871851 818.15673092007637 190.06414753198624 193.61849236488342 570.4910324215889 1326.8033381104469 147.87692594528198 75.423254728317261 5784.5565411150455
leaf_count=243 1310 22 901 993 705 813 804 1553 2236 530 1741 897 573 341 100 2771 789 509 410 726 870 51 148 4213
internal_value=-0.000607466 0.00013465 0.00235775 0.0035714 0.0050739 -0.000416624 0.000353842 0.0012427 -0.000927147 -0.00155611 -0.00041477 -0.000342129 0.000118045 0.000598869 0.00116227 -0.00154307 -0.00122386 0.000531 0.000828116 -0.00171348 -0.00133302 -0.00161715 -0.000577501 -0.00183352
internal_weight=21651.1 12137 2418.31 1446.89 956.947 9718.65 3858.8 2475.74 5859.85 9514.12 3215.24 1105.3 834.938 489.939 493.704 2644.61 1383.06 971.42 781.356 8408.82 2053.77 1474.68 579.092 6355.05
internal_count=24249 15898 5169 2940 1606 10729 3959 2366 6770 8351 3977 1813 1570 1334 997 2793 1593 2229 1720 6538 1599 921 678 4939
is_linear=0
shrinkage=0.0424476


Tree=35
num_leaves=22
num_cat=0
split_feature=6 3 8 7 8 3 8 8 8 9 9 6 6 3 9 8 8 7 9 8 9
split_gain=8.03452 8.94232 4.34275 4.55251 1.59227 1.19 1.39964 1.48288 0.634126 0.320367 0.224215 0.19993 0.163758 0.129767 0.877705 0.118022 0.409505 0.112174 0.0485681 0.0468321 0.0235808
threshold=-0.5 3.1118508348071221 3.015000000000001 5.9200000000000008 4.5200000000000022 4.1250000000000009 2.0450000000000004 2.2579689752237351 10.195000000000002 -0.99710314419641211 -3.5547321075495524 -0.96651117333580772 0.49639083095641179 1.5401015026853102 2.7757741324626264 1.5547046976284713 1.3706047496810991 1.5600000000000007 -1.6100326761107799 6.2520641185720081 3.4346036631423655
decision_type=2 2 2 2 2 2 2 2 2 2 2 2 2 2 2 2 2 2 2 2 2
left_child=11 2 9 4 -4 6 17 -8 -5 -2 -7 -1 -12 14 18 16 -15 -3 -13 -17 -11
right_child=1 5 3 8 -6 10 7 -9 -10 20 12 13 -14 15 -16 19 -18 -19 -20 -21 -22
leaf_value=-0.19721411348198187 0.0085865925393887182 -0.10606623654139795 0.023050159888623467 -0.0080309263509635333 0.058055967211067525 0.060717249949018413 0.049534301133152533 0.0092605767424797248 0.018545378186608567 -0.11411582395392281 -0.10484038859848559 -0.045060054411439947 -0.0495072040390463 -0.091941985704887319 0.25057939202473373 -0.15022508264182 0.017752824565039023 -0.017905423031764994 -0.15563791708195285 -0.3054617912162782 -0.064930943032757524
leaf_weight=2240.6184658706188 55.785404741764069 578.14761045575142 551.06979495286942 1173.8315150737762 2470.7433371245861 98.582442373037338 71.573295146226883 1480.4585663080215 316.43445444107056 487.42634853720665 2160.8010797202587 73.854030966758728 2305.6604332625866 570.01342856884003 66.905594021081924 4560.3369586467743 208.37797915935516 69.938857972621918 393.07561621069908 1400.9347169399261 316.50118467211723
leaf_count=1254 114 788 1037 1212 3940 89 99 1903 233 702 2193 120 2875 895 83 3901 306 84 450 1342 629
internal_value=-0.000623162 9.93796e-05 0.00139377 0.0019223 0.00286916 -0.000925678 -0.000105555 0.000577309 0 -0.00135858 -0.00131688 -0.00154684 -0.00136237 -0.00142862 -0.000720646 -0.00148195 -0.000927863 -0.00176942 -0.00140122 -0.00155119 -0.00158627
internal_weight=21651.1 12137 5371.79 4512.08 3021.81 6765.16 2200.12 1552.03 1490.27 859.713 4565.04 9514.12 4466.46 7273.5 533.835 6739.66 778.391 648.086 466.93 5961.27 803.928
internal_count=24249 15898 7867 6422 4977 8031 2874 2002 1445 1445 5157 8351 5068 7097 653 6444 1201 872 570 5243 1331
is_linear=0
shrinkage=0.0424476


Tree=36
num_leaves=25
num_cat=0
split_feature=5 8 4 4 8 8 0 5 9 0 5 8 8 5 9 8 8 9 8 4 5 5 4 4
split_gain=5.67894 5.85907 3.15313 1.69925 1.15795 1.09039 0.859582 1.60744 1.03731 0.656337 0.656198 0.616618 0.542193 0.416449 0.319909 0.310491 0.306436 0.214151 0.199166 0.142779 0.100385 0.0610788 0.108508 0.0321673
threshold=0.70436907356351874 3.5850000000000013 1009.0026822852341 1014.5500000000001 5.6100000000000021 6.4019224842663931 0.25881904510252057 -1.0000000180025095e-35 1.3765718562376021 -0.29694713243685561 0.86340693121644818 8.2700000000000031 2.0450000000000004 0.86656857664875353 3.3533333910973657 3.2349999999999999 2.3300000000000005 3.0921910906832095 3.3925920047849298 1005.5021664747411 0.49822133722136902 0.50359742328805823 1011.4153695986614 1007.9002757846887
decision_type=2 2 2 2 2 2 2 2 2 2 2 2 2 2 2 2 2 2 2 2 2 2 2 2
left_child=6 14 4 5 13 -4 7 9 11 12 -6 -9 -1 -3 16 -10 17 -2 -18 -11 -8 22 -22 -16
right_child=1 2 3 -5 10 -7 20 8 15 19 -12 -13 -14 -15 23 -17 18 -19 -20 -21 21 -23 -24 -25
leaf_value=-0.063349616638360334 -0.073389139714555698 0.067010439217466078 0.013001638520027252 -0.099462280087206936 0.071129466604388139 0.051631608037826758 -0.15295114311314498 0.03732799047454316 -0.04515285972471924 -0.094882411860750707 0.071896023932855976 -0.017452733822114541 -0.033698546394560658 0.041273504455713643 -0.077609384562702416 0.017015205636744284 0.036396936161169353 -0.016775520057325639 -0.0553684244636845 -0.19178722453706895 -0.043929832781268593 -0.22238536795228406 -0.2019686427594769 -0.079669592700440856
leaf_weight=1966.0365186333656 434.3664134144783 247.89606606960297 1126.795589029789 390.06097328662872 92.178754955530167 1593.5236694812775 2863.091941267252 890.79227712750435 804.30091890692711 367.03622299432755 209.05417129397392 269.23826184868813 4716.4789864420891 232.70952185988426 875.3774973154068 385.74221980571747 182.83908715844154 61.755796045064926 71.619057089090347 2136.4530543982983 559.74591979384422 166.41154360771179 276.44901180267334 498.50285616517067
leaf_count=2690 812 466 1193 244 123 1066 2156 1253 1088 304 406 195 6382 416 945 437 302 124 84 1744 608 38 336 884
internal_value=-0.00059481 0.000508992 0.00148981 0.000876391 0.00390645 0.00125603 -0.00102721 -0.0008402 0.000143489 -0.00109387 0.00601628 0.00105331 -0.000868518 0.00254541 -0.00127925 -0.000727825 -0.000537507 -0.00116497 0.000613112 -0.00168801 -0.0015805 -0.00115522 -0.000962746 -0.001671
internal_weight=21418.5 6016.68 3892.22 3110.38 781.839 2720.32 15401.8 11536.1 2350.07 9186 301.233 1160.03 6682.52 480.606 2124.46 1190.04 750.58 496.122 254.458 2503.49 3865.7 1002.61 836.195 1373.88
internal_count=24296 7065 3914 2503 1411 2259 17231 14093 2973 11120 529 1448 9072 882 3151 1525 1322 936 386 2048 3138 982 944 1829
is_linear=0
shrinkage=0.0424476


Tree=37
num_leaves=21
num_cat=0
split_feature=6 3 7 7 3 2 7 2 9 2 6 2 6 2 2 3 2 2 9 7
split_gain=8.32955 6.42086 2.52649 1.84127 1.12245 1.15095 2.26156 0.923487 0.546296 0.301357 0.22461 0.196663 0.218471 0.202388 0.115633 0.074632 0.0645701 0.188857 0.0253532 0.0127667
threshold=-0.5 2.9923900646450159 1.3400000000000019 8.8050000000000015 4.2500749322125477 0.58581740146278805 2.4300000000000019 0.97240299274555542 6.3703275525931318 -0.93760092995349764 -0.17553982053774111 0.80561065941394794 -1.0190982611065318 0.71798255424337853 -0.84719916794295413 2.7618942712527619 -0.228656083955845 0.58581740146278805 -1.3893731532515383 1.0299999999999996
decision_type=2 2 2 2 2 2 2 2 2 2 2 2 2 2 2 2 2 2 2 2
left_child=11 2 16 7 5 6 -3 -4 9 -6 -7 12 -1 14 -14 -15 19 -18 -5 -2
right_child=1 4 3 18 8 10 -8 -9 -10 -11 -12 -13 13 15 -16 -17 17 -19 -20 -21
leaf_value=-0.21402144011634625 -0.097235972893489689 -0.018455123227657282 0.038093578548229055 -0.055695904016625122 -0.011345909103012714 0.0081250205715765727 0.061597575006166284 0.058852361200202791 0.00011007908974333561 -0.065565880508800495 -0.069673767913105297 -0.31378670464776048 -0.066890132348027265 -0.078329471423948277 -0.14953038225058893 0.022398476384806177 0.0087959153616436261 -0.085464962865006489 -0.033725969536460537 -0.087228572718826336
leaf_weight=939.99392968416214 197.46559944748878 1121.0038073956966 3566.0774661302567 162.29917547106743 444.71087369322777 234.35263651609421 616.36333674192429 621.46226358413696 301.04354402422905 3481.5761305689812 791.55407446622849 1300.7076210975647 1766.570414096117 101.609021037817 5081.1631193459034 114.02497711777687 182.71448194980621 168.73748674988747 137.86518400907516 87.161186665296555
leaf_count=220 204 1510 5768 105 821 216 1048 498 138 3957 841 1643 1523 152 4497 214 415 293 153 80
internal_value=-0.000588158 0.00014404 0.00128676 0.00164338 -0.000690876 -1.87659e-05 0.0006401 0.00187558 -0.00112583 -0.00126096 -0.00115259 -0.00154351 -0.00145673 -0.00136815 -0.00140855 0 -0.0012001 -0.000719256 -0.00153426 -0.00172873
internal_weight=21418.5 12114.4 5123.78 4487.7 6990.6 2763.27 1737.37 4187.54 4227.33 3926.29 1025.91 9304.07 8003.36 7063.37 6847.73 215.634 636.079 351.452 300.164 284.627
internal_count=24296 16047 7516 6524 8531 3615 2558 6266 4916 4778 1057 8249 6606 6386 6020 366 992 708 258 284
is_linear=0
shrinkage=0.0424476


Tree=38
num_leaves=25
num_cat=0
split_feature=6 1 3 1 2 1 1 2 2 4 3 1 6 2 1 3 4 2 2 2 3 1 2 3
split_gain=7.92425 5.55171 3.27655 2.17 1.85276 4.29333 1.80179 1.35712 1.79695 1.30023 1.08393 1.00094 1.57595 0.966718 1.06528 0.934737 0.969815 0.838283 0.823253 0.760375 0.619738 0.458659 0.41986 0.182852
threshold=1.0000000180025095e-35 -0.53704693351105359 3.0301322337209196 -0.78509050164541117 0.97690230611205509 0.044253241935523734 -0.98801351631316325 -0.82631688199933129 -0.84719916794295413 1009.7055573288902 2.0031180588207467 0.99865756837029906 -0.5 0.22611568550828817 -0.99699193743116266 4.1250000000000009 1010.2009455382565 0.77232729489588492 0.95989713290459411 0.055916990100603255 5.6031598916163734 0.19678319559988264 -0.86527787191711336 4.1644099102831547
decision_type=2 2 2 2 2 2 2 2 2 2 2 2 2 2 2 2 2 2 2 2 2 2 2 2
left_child=3 6 4 13 18 -6 9 8 -4 19 11 12 -5 14 -1 16 -8 -17 -3 -2 -16 22 -12 -9
right_child=1 2 7 10 5 -7 15 23 -10 -11 21 -13 -14 -15 20 17 -18 -19 -20 -21 -22 -23 -24 -25
leaf_value=-0.065563341035967185 0.074830953137969031 0.02301732952422092 0.0042700074980591722 -0.16627356606194765 -0.0049200748010709309 0.057073892829624606 0.059744320932917538 -0.049074891724792256 0.043854837954914641 0.085195676725385597 -0.031370726659582952 0.14293774547410018 0.035959134470635729 -0.073929340808132266 0.075604682959131891 -0.02438348137737905 0.021704592508020086 0.051870440310593367 -0.071465291751777363 -0.027715590363608253 -0.069210304835883862 -0.16596738847586287 -0.14796490700078629 -0.10558257652415769
leaf_weight=272.49632889032364 159.35169324278831 2076.2628743052483 892.12234917283058 902.04188281297684 334.25982710719109 258.68338263034821 790.41857007145882 1023.4293130338192 50.829171657562256 50.922436982393265 1109.2476079761982 92.630913704633713 457.72189185023308 531.76455062627792 629.13423964381218 324.85722133517265 400.63109239935875 75.824806481599808 217.00627562403679 41.813492298126221 73.497018575668335 6456.6338149011135 2383.1798162460327 2110.8112962841988
leaf_count=330 408 3147 1557 838 221 232 1698 1082 59 112 1387 38 619 873 1202 901 653 113 147 116 235 4399 2515 1544
internal_value=-0.000540241 0.000439882 -0.000105967 -0.0012104 0.000985381 0.00310548 0.00251138 -0.000883066 0.000514788 0.0058829 -0.00141077 -0.00031152 -0.000614177 0.00029332 0.00109702 0.00196574 0.00256344 0.000142802 0.000429125 0.00420586 0.00198034 -0.00156938 -0.0011621 -0.00130953
internal_weight=21715.6 8807.22 6963.4 12908.3 2886.21 592.943 1843.82 4077.19 942.952 252.088 11401.5 1452.39 1359.76 1506.89 975.128 1591.73 1191.05 400.682 2293.27 201.165 702.631 9949.06 3492.43 3134.24
internal_count=24426 11990 7989 12436 3747 453 4001 4242 1616 636 9796 1495 1457 2640 1767 3365 2351 1014 3294 524 1437 8301 3902 2626
is_linear=0
shrinkage=0.0424476


Tree=39
num_leaves=24
num_cat=0
split_feature=6 8 5 5 8 7 8 7 6 8 8 8 8 7 6 8 6 8 8 5 7 8 7
split_gain=7.80629 5.96952 2.50317 1.95817 2.07765 1.70937 2.9498 1.33905 0.715442 0.539235 0.507549 0.483919 0.421926 0.366225 0.2777 0.264418 0.249127 0.250454 0.699654 0.140304 0.107583 0.048399 0.0021014
threshold=1.0000000180025095e-35 3.515000000000001 -1.0000000180025095e-35 0.86340693121644818 3.015000000000001 7.1293639555384098 10.195000000000002 2.4824205093819454 0.70137043877975058 9.2150000000000016 7.0700000000000029 4.7624095921239435 6.0699999999999994 2.6649999999999996 0.96327418017081945 2.0450000000000004 -1.0190982611065318 6.501474265000728 6.1200000000000037 0.29911421124045262 6.5049999999999999 2.4118506817661456 2.2099999999999995
decision_type=2 2 2 2 2 2 2 2 2 2 2 2 2 2 2 2 2 2 2 2 2 2 2
left_child=3 13 8 16 21 6 -4 11 20 -7 -10 -6 -9 14 15 -2 -1 18 -18 -16 -3 -5 -19
right_child=1 2 5 4 7 9 -8 12 10 -11 -12 -13 -14 -15 19 -17 17 22 -20 -21 -22 -23 -24
leaf_value=-0.19797233219112281 -0.049137083332628492 -0.029147218031282895 0.045995422114330498 -0.13619909743093681 0.033030710779109962 0.069189554692262858 0.065693100242093683 -0.066831826248845233 0.039552707807116179 -0.029142585454404638 -0.039114328180017005 0.098443487675555871 0.020936201317299275 0.04165296892261066 -0.0011851954350238618 -0.019943288391007622 -0.10402322023206753 -0.16481299118848133 0.032485685287314249 -0.14755294091513887 -0.20646650799292116 -0.02592633158401627 -0.23825638030251198
leaf_weight=939.20605581998825 1744.0432098805904 492.03858733177185 2630.4747276902199 581.08020025491714 129.62086698412895 232.09640702605247 116.23665124177933 281.22156518697739 618.40008732676506 370.66805639863014 311.5204142332077 186.65037813782692 618.7415619790554 98.101947844028473 921.59282577037811 952.75210127234459 7598.306194216013 77.10735160112381 633.347477465868 86.590634822845459 232.70815178751945 68.082752466201782 1794.9836611151695
leaf_count=223 2728 832 3479 728 212 128 54 253 1240 206 388 323 404 164 1327 1143 7725 84 471 19 282 97 1916
internal_value=-0.00052563 0.000447172 0.00141193 -0.0011908 7.18285e-05 0.00207935 0.0025286 0.00111632 4.97074e-05 1.43058e-06 0.000839486 0.00349705 0.000259052 -0.0008174 -0.000888473 -0.00111542 -0.00140576 -0.00133914 -0.00123113 -0.000263038 -0.000938104 -0.00185653 -0.00180417
internal_weight=21715.6 8807.22 5004.14 12908.3 1865.4 3349.48 2746.71 1216.23 1654.67 602.764 929.921 316.271 899.963 3803.08 3704.98 2696.8 11043 10103.7 8231.65 1008.18 724.747 649.163 1872.09
internal_count=24426 11990 6609 12436 2017 3867 3533 1192 2742 334 1628 535 657 5381 5217 3871 10419 10196 8196 1346 1114 825 2000
is_linear=0
shrinkage=0.0424476


Tree=40
num_leaves=25
num_cat=0
split_feature=1 8 0 2 8 1 1 7 2 8 8 2 2 8 8 2 1 1 1 2 8 1 1 1
split_gain=6.17577 1.61593 2.05231 1.62073 1.61484 1.89756 2.30329 1.77937 1.76493 1.25026 1.16205 1.22864 0.861079 1.44592 0.705361 0.599008 1.54766 0.474759 0.302026 0.267604 0.771165 0.164293 0.160951 0.147321
threshold=-0.60032953050696913 3.515000000000001 0.49746467839286013 -0.82631688199933129 2.4118506817661456 -0.89414697905359375 -0.90518480756366004 2.7806270598745173 0.75491714318364567 5.8899999999999997 10.490000000000002 0.87377473702374975 -0.86527787191711336 1.4399999999999997 7.6724385241779816 -0.88143980382938714 0.017509592135710045 0.22215815049894402 0.97805592386711537 0.40604720236456882 1.5547046976284713 -0.99466160899732459 -0.99699193743116266 0.41882333404999644
decision_type=2 2 2 2 2 2 2 2 2 2 2 2 2 2 2 2 2 2 2 2 2 2 2 2
left_child=4 3 15 12 19 6 7 -6 14 -10 11 -4 17 -14 -7 16 -3 -2 -17 21 -21 22 -1 -5
right_child=1 2 10 23 5 8 -8 -9 9 -11 -12 -13 13 -15 -16 18 -18 -19 -20 20 -22 -23 -24 -25
leaf_value=-0.0051396840232238337 0.0081871927726359303 0.049270569139427886 0.022015788739300858 -0.08533465928708997 0.076632921354254743 -0.0096708519517828134 0.095331563243353942 0.036379703474829904 0.10219959555878802 -0.016496733551165137 0.040658905050120618 -0.081454206885364394 -0.034915457892064738 0.1021447415633838 0.057620574359641574 -0.065313914992877239 -0.095182637526595906 -0.066128364915089707 -0.22353542674746552 0.060650845746630287 -0.064367116253040119 -0.027570638465219836 0.035920808682555823 -0.10957224999883079
leaf_weight=105.49767193198204 610.18936917185783 514.09847900271416 2314.1074943840504 801.88455253839493 328.01301357150078 1264.7546979486942 55.372866243124008 856.85719257593155 103.28715559840202 56.925584226846695 190.77424412965775 1916.1533427834511 106.12952211499214 125.58808919787407 125.43420910835266 4223.332082003355 767.65422475337982 782.78888663649559 893.41533988714218 57.230767101049423 112.23335319757462 750.66874441504478 29.37040188908577 4640.1850172281265
leaf_count=284 1570 612 2439 873 605 1867 109 1249 200 75 93 1162 162 124 198 4478 627 727 609 164 273 2147 98 3596
internal_value=-0.000603779 -0.000936095 -0.000607055 -0.00143725 0.000937025 0.00147345 0.00271419 0.00229899 0.000468968 0.00468779 9.24013e-05 -4.94369e-05 -0.000247455 0.0021298 -3.94999e-06 -0.00109324 -0.000254522 -0.000656212 -0.00129972 -0.000464357 0.00103509 -0.000772224 0.000502378 -0.00178905
internal_weight=21731.9 17886.3 10819.5 7066.77 3845.65 2790.64 1240.24 1184.87 1550.4 160.213 4421.04 4230.26 1624.7 231.718 1390.19 6398.5 1281.75 1392.98 5116.75 1055 169.464 885.537 134.868 5442.07
internal_count=24341 17072 10020 7052 7269 4303 1963 1854 2340 275 3694 3601 2583 286 2065 6326 1239 2297 5087 2966 437 2529 382 4469
is_linear=0
shrinkage=0.0424476


Tree=41
num_leaves=23
num_cat=0
split_feature=6 3 5 7 2 6 3 2 7 6 6 6 2 3 5 2 2 7 6 2 2 7
split_gain=6.3075 5.22636 3.0431 2.83154 2.08873 2.15864 1.06547 0.800739 0.98849 0.957073 0.335832 0.274525 0.303566 0.233451 0.510288 0.265243 0.190501 0.377124 0.117738 0.110984 0.0586723 0.00706188
threshold=-0.5 3.9014812059905233 0.70436907356351874 1.1100000000000014 0.87377473702374975 0.70137043877975058 2.9511450608452958 -0.88143980382938714 1.9927003616516399 0.25423941463970728 0.99259782952602682 -1.0190982611065318 0.80561065941394794 2.0031180588207467 0.25881904510252091 0.71798255424337853 0.94415253529446119 2.4300000000000019 0.99259782952602682 -0.228656083955845 0.98878412116898506 1.6608098955480688
decision_type=2 2 2 2 2 2 2 2 2 2 2 2 2 2 2 2 2 2 2 2 2 2
left_child=11 2 4 19 5 -2 -5 8 10 -10 -3 -1 13 14 -13 -15 17 -9 -6 -4 -18 -14
right_child=1 7 3 6 18 -7 -8 16 9 -11 -12 12 21 15 -16 -17 20 -19 -20 -21 -22 -23
leaf_value=-0.17048869121402208 -0.030633190509697865 -0.032051980751346611 -0.085723159413036779 0.050536617966843868 -0.094720161047645746 0.037698437000217883 0.025862622629326579 -0.049062817566213231 -0.018918741017151998 0.079023859383147835 -0.0039660665640438904 -0.13634592005631294 -0.081666943151133625 -0.11453112863303055 0.13643141719346966 0.014164925354932197 -0.24301756841802188 -0.039205002600813596 -0.0099174941316333733 -0.039713120508899954 -0.14112287055708392 -0.2815836196872229
leaf_weight=1027.5932274460793 1467.4889254868031 578.04491272568703 235.18721342086792 1702.2123711705208 1130.0583667755127 1622.3246690034866 615.39682987332344 2703.2849793732166 48.501946210861206 57.080066561698914 77.502585351467133 624.27161437273026 62.517250150442123 6064.2298315763474 336.8936376273632 178.19523239135742 585.88809832930565 786.31042110919952 148.96502888202667 191.68399256467819 311.5610693693161 1176.7540318667889
leaf_count=236 2186 1108 276 2201 1242 3070 701 3070 49 148 87 560 124 5147 414 279 323 807 120 406 266 1521
internal_value=-0.000594447 3.96305e-05 0.000786623 0.00189467 8.63144e-05 0.000687444 0.00248251 -0.000988904 0.000262184 0.00408706 -0.00032567 -0.00141735 -0.00133154 -0.00121912 -0.000568541 -0.00131632 -0.00121018 -0.00105514 -0.00135139 -0.00125352 -0.00179238 -0.00197005
internal_weight=21731.9 12261.5 7113.32 2744.48 4368.84 3089.81 2317.61 5148.17 761.13 105.582 655.547 9470.45 8442.86 7203.59 961.165 6242.43 4387.04 3489.6 1279.02 426.871 897.449 1239.27
internal_count=24341 16060 10202 3584 6618 5256 2902 5858 1392 197 1195 8281 8045 6400 974 5426 4466 3877 1362 682 589 1645
is_linear=0
shrinkage=0.0424476


Tree=42
num_leaves=22
num_cat=0
split_feature=6 3 5 2 6 2 2 3 2 6 6 2 0 3 3 2 2 5 0 2 0
split_gain=6.88514 5.9419 5.68041 3.68345 1.28456 1.36362 1.27453 1.17364 1.20082 1.44996 0.348118 0.331157 0.331751 0.444189 0.327581 0.249409 0.278875 0.1777 0.173412 0.0576191 0.00513949
threshold=-0.5 3.0707466034808912 0.70436907356351874 0.97240299274555542 0.70137043877975058 0.87377473702374975 0.87377473702374975 4.2932867010032068 0.58581740146278805 0.26091085841663381 -1.0190982611065318 0.80561065941394794 0.49746467839286013 1.5401015026853102 6.5250000000000012 0.94415253529446119 0.77232729489588492 0.70436907356351874 -0.86568060326902374 0.99696424012059681 0.69601821493876959
decision_type=2 2 2 2 2 2 2 2 2 2 2 2 2 2 2 2 2 2 2 2 2
left_child=10 2 4 6 18 -6 -4 8 9 -3 -1 12 14 -14 -12 16 -9 -10 -2 -17 -13
right_child=1 7 3 -5 5 -7 -8 15 17 -11 11 20 13 -15 -16 19 -18 -19 -20 -21 -22
leaf_value=-0.17740823973071354 -0.039258612499805841 -0.020892351900415926 0.043953188275095284 0.094087162626315404 0.033693884771668382 -0.029074775315257324 -0.0095800582069992639 -0.045515952261690869 -0.085382700211532964 0.046832280547351661 -0.13703514808790124 -0.34057782983198009 0.13064022482656523 -0.057167195212244726 0.0015818881192693418 -0.20539648168892088 0.0037517646928516804 -0.063410069277794495 -0.26302922375963139 -0.1559973199717091 -0.1203535710127341
leaf_weight=1108.3012712597847 1205.6703331172466 860.69859001040459 1350.5421756803989 337.65019878745079 1138.4986854791641 676.729975938797 379.32389158010483 3106.706252604723 460.53268805146217 848.29523855447769 4667.5875083208084 884.93314984440804 184.47303485870361 2133.5561752021313 120.39525181055069 599.43810257315636 389.48578548431396 501.80604118108749 205.69852644205093 127.34518319368362 380.83978161215782
leaf_count=257 2096 1132 2346 178 2238 648 212 4001 608 1319 3798 1244 229 2161 252 398 367 365 52 103 408
internal_value=-0.000514431 0.000151512 0.00122227 0.00295958 0.000103309 0.000855226 0.00215253 -0.000668037 2.1524e-05 0.00070365 -0.00137258 -0.00127331 -0.00115406 -0.000719986 -0.00136034 -0.00110862 -0.000948861 -0.0011706 -0.000850646 -0.00185162 -0.00192816
internal_weight=21668.5 12188.4 5294.11 2067.52 3226.6 1815.23 1729.87 6894.31 2671.33 1708.99 9480.09 8371.78 7106.01 2318.03 4787.98 4222.98 3496.19 962.339 1411.37 726.783 1265.77
internal_count=24412 16063 7770 2736 5034 2886 2558 8293 3424 2451 8349 8092 6440 2390 4050 4869 4368 973 2148 501 1652
is_linear=0
shrinkage=0.0424476


Tree=43
num_leaves=22
num_cat=0
split_feature=6 3 0 2 6 2 9 3 2 9 9 3 6 2 2 0 3 3 9 0 0
split_gain=6.52356 5.45839 4.64379 3.28418 1.16498 1.16024 1.09434 1.0528 1.12295 2.01478 0.624027 1.11029 0.36697 0.341155 0.319341 0.307357 0.441261 0.318674 0.205454 0.195492 0.0117682
threshold=-0.5 3.0301322337209196 0.49746467839286013 0.97690230611205509 0.70137043877975058 0.87377473702374975 1.6668222612407322 4.2500749322125477 0.58581740146278805 1.0512933744757709 5.94584145220752 5.1113320718371744 -1.0190982611065318 0.80561065941394794 -0.78722814524473539 0.49746467839286013 1.5401015026853102 6.5250000000000012 0.35593243817512393 0.49746467839286013 0.69601821493876959
decision_type=2 2 2 2 2 2 2 2 2 2 2 2 2 2 2 2 2 2 2 2 2
left_child=12 2 4 6 18 -6 -4 8 9 -3 14 -12 -1 15 -9 17 -17 -14 -2 -10 -15
right_child=1 7 3 -5 5 -7 -8 10 19 -11 11 -13 13 20 -16 16 -18 -19 -20 -21 -22
leaf_value=-0.16987767774661022 -0.077187414188368914 0.053233193741384285 0.042424438758227191 0.058610770498887563 0.032552611236828191 -0.026872570913695597 0.014610515278449717 -0.015281461002659017 -0.081758405661916236 -0.023806157967283196 -0.034015126657886009 0.036770144280682794 -0.13121832876630068 -0.32612110300883923 -0.068469111697782026 0.12509485493750624 -0.054740582402960314 0.001514740693917483 -0.023610834156889117 -0.042268230011824143 -0.11524484535323114
leaf_weight=1108.3012712597847 673.59074655175209 599.22991636395454 1254.5891498625278 306.63046684861183 1117.9944315850735 671.20115014910698 503.90232786536217 871.33645161986351 471.80140626430511 1090.3743349015713 173.15021833777428 177.99082437157631 4667.5875083208084 884.93314984440804 3097.9446797072887 184.47303485870361 2133.5561752021313 120.39525181055069 679.94750869274139 498.73805555701256 380.83978161215782
leaf_count=257 1052 1079 1669 162 2200 641 871 1561 624 1387 100 101 3798 1244 3202 229 2161 252 1049 365 408
internal_value=-0.000519452 0.000128713 0.00116996 0.0027341 0.00013626 0.000852105 0.00201223 -0.000645461 1.20213e-05 0.000679877 -0.00105457 0.000626188 -0.00135474 -0.00125312 -0.00120792 -0.0011323 -0.000713579 -0.00133115 -0.000796311 -0.00113156 -0.00191671
internal_weight=21668.5 12188.4 5207.86 2065.12 3142.73 1789.2 1758.49 6980.57 2660.14 1689.6 4320.42 351.141 9480.09 8371.78 3969.28 7106.01 2318.03 4787.98 1353.54 970.539 1265.77
internal_count=24412 16063 7644 2702 4942 2841 2540 8419 3455 2466 4964 201 8349 8092 4763 6440 2390 4050 2101 989 1652
is_linear=0
shrinkage=0.0424476


Tree=44
num_leaves=25
num_cat=0
split_feature=1 5 3 4 5 1 1 3 1 9 4 3 4 9 1 4 3 1 3 4 1 1 3 1
split_gain=6.1641 2.23074 3.45316 2.31054 2.00867 1.93933 1.78763 1.33246 1.44945 1.13601 0.960302 0.870883 1.80117 0.846727 0.763874 1.24779 0.553881 0.35182 0.371172 0.528889 0.380351 0.314665 0.500341 0.250188
threshold=-0.5785108877906705 0.86340693121644818 1.7638046005565453 1010.5018667981259 0.49822133722136902 -0.97310932590074073 0.22215815049894402 3.3521290263471264 -0.64178054023930542 3.3533333910973657 1008.6042554516047 3.9014812059905233 1012.0181333411776 6.8647732349760391 0.22215815049894402 1009.0026822852341 2.9114582744516793 -0.78509050164541117 3.3521290263471264 1008.6042554516047 -0.84293373149377071 -0.66135564921164625 2.9923900646450159 -0.47105904330480614
decision_type=2 2 2 2 2 2 2 2 2 2 2 2 2 2 2 2 2 2 2 2 2 2 2 2
left_child=4 13 3 -3 17 9 -5 8 -7 10 -6 12 -4 14 15 -2 -16 18 20 -20 -1 -19 -23 -13
right_child=1 2 11 6 5 7 -8 -9 -10 -11 -12 23 -14 -15 16 -17 -18 21 19 -21 -22 22 -24 -25
leaf_value=-0.0062806222347310285 0.0066616680016205986 0.0090881693170094084 -0.026146308572049561 0.042502072690945046 0.10249631849705534 0.037485498501986562 0.028104788674590198 -0.012246101329877836 0.07649403925294615 0.011398935343779001 0.03108275188829478 0.059876684047337911 0.059284161603701292 0.027401158116538177 -0.04474638316367005 -0.087678441303031526 -0.101422875721061 -0.054202709217464722 0.062263276732879666 -0.030941525184896155 0.062437728326957119 0.080933513311255201 -0.025699724431192148 -0.076868857004712854
leaf_weight=1061.4983965456486 1871.0548021197319 283.90817725658417 1007.2749024629593 96.558999210596085 111.59744840860367 540.89605554938316 185.69494867324829 471.41654849052429 45.369819849729538 81.491344213485718 154.0726962685585 120.86517462134361 323.25779220461845 150.29329881072044 3183.7135208249092 2483.5742909610271 6563.3553138971329 578.65195316076279 403.44551619887352 148.77403149008751 156.12763115763664 87.725462704896927 202.21828505396843 1454.786307990551
leaf_count=1710 2863 349 1210 56 248 1036 194 985 77 223 223 125 199 76 3287 2417 4801 897 1009 293 316 146 363 1298
internal_value=-0.000565345 -0.000907039 5.26336e-05 0.00309021 0.00092794 0.00222606 0.00581397 0.00129873 0.00265353 0.00499783 0.00634844 -0.000532766 0.000255419 -0.00114215 -0.00117676 -0.000700702 -0.00138754 0.000229726 0.00057778 0.00149446 0.000146829 -0.000458147 0.000644261 -0.00121008
internal_weight=21767.6 17724.3 3472.35 566.162 4043.29 1404.84 282.254 1057.68 586.266 347.161 265.67 2906.18 1330.53 14252 14101.7 4354.63 9747.07 2638.44 1769.85 552.22 1217.63 868.596 289.944 1575.65
internal_count=24401 16875 3431 599 7526 2792 250 2098 1113 694 471 2832 1409 13444 13368 5280 8088 4734 3328 1302 2026 1406 509 1423
is_linear=0
shrinkage=0.0424476


Tree=45
num_leaves=22
num_cat=0
split_feature=6 3 5 2 2 2 3 2 2 2 3 0 6 6 2 3 2 2 6 0 5
split_gain=5.98749 4.87623 3.06642 1.74269 1.34353 1.28254 0.987365 0.953593 1.10821 0.922516 0.610202 0.714703 0.537792 0.352805 0.34839 0.258213 0.680133 0.194275 0.154092 0.133671 0.00392662
threshold=-0.5 3.0301322337209196 0.49822133722136902 0.97240299274555542 0.87377473702374975 -0.82631688199933129 2.0409242842768678 0.85651926849515192 0.67761478904668893 -0.84719916794295413 4.3827192195904363 -0.32953306726780629 0.96327418017081945 -1.0190982611065318 0.82392300575755406 6.2634685979117801 -0.94941443599233932 -0.49002866642905923 0.99259782952602682 0.49746467839286013 0.49822133722136902
decision_type=2 2 2 2 2 2 2 2 2 2 2 2 2 2 2 2 2 2 2 2 2
left_child=13 2 7 4 -4 9 -5 8 -2 12 11 -7 -3 -1 15 19 -17 -12 -9 -15 -16
right_child=1 5 3 6 -6 10 -8 18 -10 -11 17 -13 -14 14 20 16 -18 -19 -20 -21 -22
leaf_value=-0.14052564026463465 0.0099136130708120749 -0.015450346944136944 0.033321811672907993 0.025037812328624239 -0.015416707625115286 -0.070017386498256576 0.064496353176001719 -0.091479653333997893 0.080380316128671789 0.040231592932873157 -0.024786987046592209 0.0076393017385528719 0.02813107773114475 -0.12175422728655926 -0.31681473032686153 0.0057556057443797918 -0.025711306546134256 -0.076782120577926091 -0.0045829112315021094 -0.062347152304848816 -0.13680180607406228
leaf_weight=1064.6443916559219 1664.6011675000191 961.79013070464134 1567.3344572782516 214.37362220883369 441.51491063833237 926.23386433720589 172.33619168400764 818.09836396574974 217.48562183976173 87.729874163866043 685.41639930009842 1518.6271222233772 260.06638050079346 4788.8700680732727 826.2896471619606 47.403215318918228 240.81817674636841 2604.2164905965328 137.26959225535393 2136.795097142458 385.70793282985687
leaf_count=243 2961 1618 2668 133 265 1313 74 967 464 154 752 1624 405 3849 1184 120 435 2506 109 2154 403
internal_value=-0.000549945 6.75874e-05 0.00105044 0.00216911 0.00165267 -0.00065994 0.00480385 9.94551e-05 0.000659782 0.000529611 -0.000934828 -0.000415762 0.000211816 -0.00135074 -0.00125324 -0.00113511 4.9565e-05 -0.00131497 -0.000985009 -0.00118708 -0.00194111
internal_weight=21767.6 12277.1 5233.01 2395.56 2008.85 7044.08 386.71 2837.45 1882.09 1309.59 5734.49 2444.86 1221.86 9490.53 8425.88 7213.89 288.221 3289.63 955.368 6925.67 1212
internal_count=24401 16013 7641 3140 2933 8372 207 4501 3425 2177 6195 2937 2023 8388 8145 6558 555 3258 1076 6003 1587
is_linear=0
shrinkage=0.0424476


Tree=46
num_leaves=25
num_cat=0
split_feature=1 3 0 1 2 2 2 2 3 2 2 1 1 0 2 9 1 2 1 9 1 1 2 3
split_gain=5.11084 2.88583 5.66036 3.32558 5.79938 2.19569 1.88289 1.36211 1.29548 1.51769 2.10703 1.17358 3.25162 0.916113 0.707194 0.540648 0.799274 0.503441 0.469606 0.672269 0.429625 1.22944 0.376772 0.246635
threshold=0.22215815049894402 3.1900629710731514 0.49746467839286013 0.044253241935523734 0.97690230611205509 0.83659302679211223 0.85651926849515192 0.10889239321374523 2.8025744181662104 0.63874942205152718 0.77232729489588492 -0.97310932590074073 -0.97873101657557326 0.69601821493876959 -0.99649688682915105 -4.1083296970257583 0.84293373149377093 0.94820333012481139 0.81398800564236884 -1.8488451086954265 0.84293373149377093 0.82676178034144576 0.43665123195606398 1.5401015026853102
decision_type=2 2 2 2 2 2 2 2 2 2 2 2 2 2 2 2 2 2 2 2 2 2 2 2
left_child=1 2 7 5 -5 -4 11 14 9 18 13 12 -3 -11 -1 16 -10 -12 -2 -20 21 -17 -22 -9
right_child=8 6 3 4 -6 -7 -8 23 15 10 17 -13 -14 -15 -16 20 -18 -19 19 -21 22 -23 -24 -25
leaf_value=-0.055302252192563649 -0.098831490149355036 0.02271892298250533 0.046833573925277934 0.017712705884908985 0.061732668044440546 -0.061721620749460693 -0.16500272882810366 0.0019095608624000488 -0.43825797087082524 0.07398082062884162 0.0090898140626694875 -0.007018159843958054 0.1082309906087324 0.082724462602732862 0.04286086992088823 -0.070220547434765065 0.13832749745538278 -0.077458946894475092 0.041600165148871431 -0.035997559911958139 -0.11895732244042341 0.035727159612703008 -0.012086051532557419 -0.07292458168231207
leaf_weight=178.92564955353737 961.74269887804985 291.24752414226532 921.68055695295334 131.61866807937622 172.8144471347332 384.37560766935349 1871.3244970738888 432.06000909209251 73.666748404502869 149.03217077255249 650.47599795460701 3027.8862468004227 43.955107837915421 80.144482851028442 1038.7991583347321 3908.6677658259869 71.564876884222031 239.34759294986725 191.46145737171173 1350.8976580500603 3775.4211729466915 115.35181358456612 202.52123111486435 1448.5213859975338
leaf_count=168 870 681 1738 143 130 213 1598 755 79 293 811 5187 75 115 1734 3319 96 212 281 1371 2240 109 285 1872
internal_value=-0.00053635 0.000170574 0.000934407 0.00297614 0.00699631 0.00202483 -0.000513022 -0.000120912 -0.00113511 -0.000459766 0.00083066 8.22856e-05 0.00246915 0.00446165 0.000978105 -0.00143317 0.00106023 -8.37543e-05 -0.00104381 -0.000567057 -0.00148074 -0.00115842 -0.00180213 -0.000842402
internal_weight=21713.5 9943.21 4708.8 1610.49 304.433 1306.06 5234.41 3098.31 11770.3 3623.1 1119 3363.09 335.203 229.177 1217.72 8147.19 145.232 889.824 2504.1 1542.36 8001.96 4024.02 3977.94 1880.58
internal_count=24375 14294 6753 2224 273 1951 7541 4529 10081 3953 1431 5943 756 408 1902 6128 175 1023 2522 1652 5953 3428 2525 2627
is_linear=0
shrinkage=0.0424476


Tree=47
num_leaves=25
num_cat=0
split_feature=1 5 3 1 3 2 2 1 3 2 2 5 2 1 1 2 5 1 9 3 1 9 9 1
split_gain=4.8824 2.728 7.21512 4.73744 2.19593 2.01242 1.90244 1.24758 1.20355 1.47499 2.0088 1.3215 1.18592 0.680411 0.633377 0.598972 0.546687 0.541893 0.509557 0.506507 0.459848 0.672269 0.451413 0.327526
threshold=0.22215815049894402 0.70436907356351874 3.0707466034808912 0.044253241935523734 1.6403160519401558 0.22611568550828817 0.83659302679211223 -0.78509050164541117 2.8025744181662104 0.63874942205152718 0.77232729489588492 0.86340693121644818 0.85651926849515192 -0.97310932590074073 -0.97873101657557326 -0.86527787191711336 0.96561987442640917 0.89353735526289724 -3.8168327971219589 1.9200914792203327 0.81398800564236884 -1.8488451086954265 5.94584145220752 -0.55822680467059349
decision_type=2 2 2 2 2 2 2 2 2 2 2 2 2 2 2 2 2 2 2 2 2 2 2 2
left_child=1 5 3 6 -5 7 -3 14 9 20 11 -11 13 -4 -1 -9 -12 18 -10 23 -2 -22 -20 -7
right_child=8 2 12 4 -6 19 -8 15 17 10 16 -13 -14 -15 -16 -17 -18 -19 22 -21 21 -23 -24 -25
leaf_value=0.010844986413698054 -0.094636326138479901 0.047152936363298655 0.089620151254871092 0.059267144690541833 0.061232085834176692 0.012932865133627892 -0.034262188539749425 0.01162936114656663 0.075490145502798478 0.070840509016336928 -0.014136051416323571 0.079213003979519706 -0.11145154832464137 0.0085117079000316953 0.05545979165400404 -0.047084437578682789 0.015759794225174546 -0.10978989316107467 -0.069202492665923043 -0.10600655080319962 0.039834336105766754 -0.034469548267149631 -2.6119894629252398e-05 -0.064856425312960361
leaf_weight=639.81021827459335 961.74269887804985 711.82029068470001 97.952328413724899 101.99964618682861 137.89996924996376 350.19444623589516 314.63200795650482 1395.0024634003639 122.93318772315979 165.62128901481628 726.68730279803276 63.555364608764648 1051.117806404829 751.5620990395546 630.2472203373909 951.33526664972305 163.1362881064415 3160.798769235611 4515.4982922971249 2388.3177549540997 191.46145737171173 1350.8976580500603 347.96335950493813 421.3173408806324
leaf_count=1184 870 1348 228 82 130 675 167 2130 162 325 900 83 625 1552 1371 1092 123 2154 3646 3197 281 1371 166 513
internal_value=-0.000529401 0.000161499 0.00119118 0.00367491 0.00907305 -0.000317009 0.00239514 0.00036292 -0.00111463 -0.0004633 0.000808621 0.00435405 -0.000453951 0.000711032 0.0014364 -0.000210262 -8.37543e-05 -0.001402 -0.00111688 -0.00110104 -0.00103908 -0.000567057 -0.00118725 -0.00012878
internal_weight=21713.5 9943.21 3166.98 1266.35 239.9 6776.22 1026.45 3616.4 11770.3 3623.1 1119 229.177 1900.63 849.514 1270.06 2346.34 889.824 8147.19 4986.39 3159.83 2504.1 1542.36 4863.46 771.512
internal_count=24375 14294 4132 1727 212 10162 1515 5777 10081 3953 1431 408 2405 1780 2555 3222 1023 6128 3974 4385 2522 1652 3812 1188
is_linear=0
shrinkage=0.0424476


Tree=48
num_leaves=22
num_cat=0
split_feature=5 3 7 9 4 5 3 9 4 7 9 9 4 3 4 9 9 9 7 5 3
split_gain=3.4973 6.37838 2.32688 1.43603 1.03323 1.02948 0.755767 1.11487 1.6591 0.591285 0.49156 0.873457 0.678152 0.674407 0.379191 0.678544 0.315296 0.160446 0.0724447 0.0251503 0.014542
threshold=0.70436907356351874 3.3106512398088235 1.3400000000000019 6.3703275525931318 1014.5500000000001 1.0007898947123353 3.5950000000000002 3.6913467086885441 1007.8025486221449 2.6649999999999996 3.4346036631423655 2.0182545965169436 1009.9017561371801 3.9468898213812458 1008.8007423001054 0.56697716260570108 0.83445155190621112 -5.0855546462942938 1.0299999999999996 0.70816573283950446 5.1850000000000014
decision_type=2 2 2 2 2 2 2 2 2 2 2 2 2 2 2 2 2 2 2 2 2
left_child=3 2 16 6 5 -4 7 9 -9 -1 11 12 -3 -13 15 -8 -2 -16 -18 20 -12
right_child=1 10 4 -5 -6 -7 14 8 -10 -11 19 13 -14 -15 17 -17 18 -19 -20 -21 -22
leaf_value=-0.05740444160398319 0.040847316443727591 0.029252488480934927 0.042757796279924404 0.036171403744524495 -0.01355323646540047 -0.13960599958774969 -0.019276698808122057 0.058209789174409665 -0.027067477934225852 -0.023333145368736093 -0.034181840634106717 0.13499551190463777 -0.11629780361979036 0.030151261257504707 -0.097944762351264064 -0.0549365390876125 -0.087544260107932287 -0.091842196429812714 -0.0080054284473440873 -0.059736465353572278 -0.028137881736665905
leaf_weight=1719.7307105064392 117.5452344417572 424.73637497425079 2038.6215843856335 214.95861279964447 96.652824282646179 78.628039121627808 1763.2292974293232 175.90487015247345 457.74144697189331 5723.848255366087 204.81020802259445 89.352834731340408 1186.3290262520313 339.08607912063599 119.6573098897934 3327.9897498488426 304.8980065882206 2015.0871981084347 110.25371426343918 898.01164057850838 79.765814065933228
leaf_count=2292 165 711 2541 130 52 21 2217 180 509 6727 205 117 822 629 170 2887 462 2273 166 981 129
internal_value=-0.000444906 0.000426289 0.00193129 -0.000781184 0.00253887 0.00273814 -0.000830502 -0.000543978 0.00115434 -0.00069104 -0.000850868 -0.000438867 -0.000898578 0.00124655 -0.00114821 -0.000940441 -0.000559082 -0.00163506 -0.00113292 -0.00154574 -0.00100761
internal_weight=21486.8 5968.69 2746.6 15518.1 2213.9 2117.25 15303.2 8077.23 633.646 7443.58 3222.09 2039.5 1611.07 428.439 7225.96 5091.22 532.697 2134.74 415.152 1182.59 284.576
internal_count=24386 7001 3407 17385 2614 2562 17255 9708 689 9019 3594 2279 1533 746 7547 5104 793 2443 628 1315 334
is_linear=0
shrinkage=0.0424476


Tree=49
num_leaves=25
num_cat=0
split_feature=6 7 4 4 3 6 3 9 4 3 6 4 7 4 7 6 4 9 7 4 4 7 7 3
split_gain=6.7463 2.82667 3.18323 2.48317 2.13556 1.53612 1.65562 1.11814 0.857385 0.799811 1.33691 0.632001 0.561841 1.06151 0.4527 0.373906 0.357402 0.262378 0.360021 0.195139 0.338752 0.137022 0.0914581 0.0369808
threshold=0.25881904510252057 2.3724945490268134 1009.0026822852341 1002.9062791817597 3.0301322337209196 -0.52596736782456988 2.7206933245409366 0.2080763292054755 1014.5500000000001 4.4720225700046816 0.99259782952602682 1009.8013827846574 5.8100000000000014 1010.4018718085059 1.9927003616516399 -1.0190982611065318 1003.6296399942775 3.6913467086885441 1.4103666037972484 1011.4153695986614 1011.104480267663 7.6300000000000017 1.1100000000000014 3.5122807279177137
decision_type=2 2 2 2 2 2 2 2 2 2 2 2 2 2 2 2 2 2 2 2 2 2 2 2
left_child=5 3 9 -2 8 15 12 14 -4 10 -3 -6 13 -7 -5 -1 -9 18 -8 20 -17 -14 -21 -19
right_child=1 2 4 7 11 6 17 16 -10 -11 -12 -13 21 -15 -16 19 -18 23 -20 22 -22 -23 -24 -25
leaf_value=-0.13564609470939509 0.030119986459765428 0.051926165265583329 0.031637481456090757 0.05626117950738764 0.0384112707795276 0.006881212087240865 0.0013287066818451589 -0.015144424716418595 -0.071952772894324779 0.0091003248161149984 0.1099738246200931 -0.056470709495723449 0.0020150148298014917 0.042964699566205342 -0.011540793449889501 -0.086101148796911331 -0.028885202855915174 -0.12626751243945247 -0.067273724173437327 -0.056563234132644045 0.16218725393731906 -0.2739234928153072 -0.18001003654655479 -0.095776235891180908
leaf_weight=1031.1653975248337 71.420912593603134 795.31995689868927 1776.529604434967 171.22853329777718 127.25775492191315 882.12617832422256 642.85908621549606 84.856215298175812 161.46382132172585 125.8957197368145 50.271869421005249 920.60979932546616 382.93717578053474 437.79179853200912 81.423008322715759 5981.2472411990166 2790.2351038753986 125.04249554872513 2439.3622289597988 86.763816893100739 182.46754157543182 209.28665620088577 1275.5196256041527 653.75729009509087
leaf_count=238 80 1590 2302 364 182 1506 1177 77 137 152 108 811 441 498 160 5373 3969 150 2493 128 194 289 1406 561
internal_value=-0.000427467 0.000635309 0.00139464 -0.000298192 0.00070017 -0.000959506 -0.000419738 -0.000482476 0.00153828 0.00350999 0.00398156 -0.000832213 0.000595831 0.00108751 0.00220682 -0.0013215 -0.000725249 -0.000927487 -0.000740532 -0.00121177 -0.0011014 -0.000468731 -0.00169751 -0.00164359
internal_weight=21486.8 7156.51 3957.35 3199.16 2985.86 14330.3 5773.16 3127.74 1937.99 971.488 845.592 1047.87 1912.14 1319.92 252.652 8557.16 2875.09 3861.02 3082.22 7526 6163.71 592.224 1362.28 778.8
internal_count=24386 9932 5282 4650 3432 14454 7115 4570 2439 1850 1698 993 2734 2004 524 7339 4046 4381 3670 7101 5567 730 1534 711
is_linear=0
shrinkage=0.0424476


Tree=50
num_leaves=22
num_cat=0
split_feature=6 3 5 9 4 9 4 9 6 5 3 3 9 4 9 9 3 4 4 9 9
split_gain=4.88499 2.90595 2.10212 1.31616 1.32123 0.647018 0.661541 1.48287 0.523052 0.423654 0.621548 0.355225 0.337356 0.32212 0.417502 0.315132 0.294602 0.290618 0.275104 0.1462 0.0427999
threshold=-0.2589913477455501 2.9114582744516793 -0.7090762197185454 1.6048842865993722 1014.4500000000002 -4.1083296970257583 1010.1020747736236 0.51360822726247168 -1.0190982611065318 0.70436907356351874 2.442984391917713 2.5627506087349254 -1.0000000180025095e-35 1005.5021664747411 -0.52894735260456105 3.6913467086885441 4.2932867010032068 1011.6012981907139 1008.2018247668396 0.35593243817512393 -2.3320316817383637
decision_type=2 2 2 2 2 2 2 2 2 2 2 2 2 2 2 2 2 2 2 2 2
left_child=8 2 18 4 -4 -3 7 -7 -1 13 12 -5 -11 14 -10 -15 -8 -12 19 -2 -20
right_child=1 5 3 11 -6 6 16 -9 9 10 17 -13 -14 15 -16 -17 -18 -19 20 -21 -22
leaf_value=-0.15235709050684826 -0.025416899856914157 0.060560857198742907 0.033192915762802838 -0.007747409866682123 -0.02546986069164886 0.026380321246978634 -0.030936281837875411 -0.023129350791273047 0.062174884420767448 0.067249866102194425 -0.02869266878942113 0.053845549123868595 -0.0020546627697900157 -0.12174470005692341 -0.07539039691182195 -0.093420730544378244 -0.1106330852340873 -0.13852818696751326 -0.0013368676581679852 0.042722540901275398 -0.09756777144678877
leaf_weight=1076.9354556798935 214.94674125313759 70.845783203840256 2258.2278961241245 776.4564725458622 169.54710122942924 903.73136836290359 823.84621679782867 3824.4109450280666 254.58117410540581 172.04470792412758 887.28835478425026 180.15303060412407 252.12921312451363 6310.6082746982574 710.8025130033493 414.74782997369766 878.40078091621399 531.48807552456856 61.09524604678154 224.72796973586082 616.9798798263073
leaf_count=245 398 106 3208 1281 126 1504 867 4853 393 238 1006 303 320 6029 527 213 740 463 112 427 972
internal_value=-0.000549586 7.54828e-05 0.000905882 0.00143476 0.00196058 -0.000496725 -0.000543671 -0.00028029 -0.00119954 -0.00109529 -0.000500161 8.09281e-05 0.000903486 -0.00123549 -0.000479987 -0.00134119 -0.00126435 -0.000932866 -0.00067893 0.000109991 -0.00121778
internal_weight=21614 11003.4 4502.13 3384.38 2427.77 6501.24 6430.39 4728.14 10610.6 9533.69 1842.95 956.61 424.174 7690.74 965.384 6725.36 1702.25 1418.78 1117.75 439.675 678.075
internal_count=24331 14897 6827 4918 3334 8070 7964 6357 9434 9189 2027 1584 558 7162 920 6242 1607 1469 1909 825 1084
is_linear=0
shrinkage=0.0424476


Tree=51
num_leaves=25
num_cat=0
split_feature=1 6 7 6 3 0 1 1 1 7 3 1 1 1 1 1 3 1 6 0 1 7 1 3
split_gain=5.97445 2.90543 2.54565 1.84024 1.7545 1.89971 1.12021 1.30536 0.971281 0.834214 0.788266 0.576947 0.514085 0.470038 1.35784 0.509276 0.357461 1.25824 0.815846 0.324403 0.299649 0.538483 0.1717 0.0427311
threshold=-0.60032953050696913 -0.2589913477455501 2.2099999999999995 -0.2589913477455501 4.5726030805937574 -0.26728045635376119 -0.62194093276424922 -0.96683886033945943 0.57391765965057562 3.0516694427445952 5.6031598916163734 0.55265906544660026 -0.27987374920143959 -0.99699193743116266 -0.96683886033945943 -0.97873101657557326 2.1611148203148685 0.99965739133362419 -0.5 0.49746467839286013 -0.068345573889994418 1.9927003616516399 0.97805592386711537 4.8900968331198325
decision_type=2 2 2 2 2 2 2 2 2 2 2 2 2 2 2 2 2 2 2 2 2 2 2 2
left_child=3 16 8 13 5 -4 7 10 11 -9 -5 -3 -6 -1 15 -15 17 18 -2 -16 21 -18 -22 -10
right_child=1 2 4 6 12 -7 -8 9 23 -11 -12 -13 -14 14 19 -17 20 -19 -20 -21 22 -23 -24 -25
leaf_value=-0.08613942370734666 -0.097419019023775047 -0.017796561278675585 -0.020817829336179285 0.057215377252482304 0.030133101571851045 0.026600911066783382 0.089538215179487388 -0.0013475746844058096 -0.057413619697204869 0.036303518799784606 -0.029899543211580219 0.030547537897849027 -0.15903793394192006 0.044663903721871165 -0.060990028456727075 0.10526271987343193 0.029670979333472767 0.11625383786582845 0.076563356043006361 0.042077274469885538 -0.11943448133871119 -0.1635092475354458 -0.13826729923491016 -0.075872881913779056
leaf_weight=297.77124685049057 941.11663475632668 1390.0923002362251 1685.3919225037098 533.07957673072815 136.2936577796936 2343.7075566351414 65.616249084472656 757.3111127614975 1548.468621969223 634.2542390525341 49.843730568885803 98.2685167491436 880.90075507760048 177.20728957653046 820.45598563551903 69.890719443559647 255.76585575938225 110.42833209037781 128.28734549880028 439.94320195913315 4700.3336553573608 1210.5598660707474 1458.8654658198357 880.14119252562523
leaf_count=278 870 2289 2753 1124 159 2447 127 1925 1481 1211 148 68 605 376 1110 147 559 35 154 894 3423 1017 571 560
internal_value=-0.000552208 -0.000881057 -0.000340354 0.000962515 0.000286955 0.000687639 0.00183611 0.00164266 -0.00115325 0.000917827 0.00334118 -0.000284349 -0.00128194 -1.44724e-05 0.000279556 0.00316272 -0.00142935 -0.000711989 -0.00117051 -0.000271015 -0.00153791 -0.000962106 -0.00167199 -0.00167813
internal_weight=21614 17768.6 8963.26 3845.37 5046.29 4029.1 2040.1 1974.49 3916.97 1391.57 582.923 1488.36 1017.19 1805.27 1507.5 247.098 8805.36 1179.83 1069.4 1260.4 7625.52 1466.33 6159.2 2428.61
internal_count=24331 16991 10362 7340 5964 5200 4535 4408 4398 3136 1272 2357 764 2805 2527 523 6629 1059 1024 2004 5570 1576 3994 2041
is_linear=0
shrinkage=0.0424476


Tree=52
num_leaves=25
num_cat=0
split_feature=3 5 7 3 3 5 0 7 0 7 9 5 9 5 5 0 9 3 5 3 0 0 9 0
split_gain=2.10174 3.67357 1.46855 0.792877 1.41414 0.58236 0.780689 0.898059 0.556404 0.548205 0.496547 0.413367 0.394919 0.416636 0.3893 0.360785 0.256601 0.155901 0.237251 0.201144 0.149948 0.08688 0.0692225 0.0413551
threshold=3.3905965593331135 0.86340693121644818 1.1100000000000014 1.4950000000000003 1.2501702724814445 -1.0000000180025095e-35 0.25881904510252057 2.8400000000000021 -0.49995103227427445 3.892123922156641 6.8647732349760391 -0.7090762197185454 3.3533333910973657 0.86340693121644818 0.70436907356351874 0.96431984276722771 4.7091076831868905 4.4200877324686152 0.25810558179186288 4.1250000000000009 -0.81070046781739136 2.1098272853606341e-05 1.9021220509706558 -0.49995103227427445
decision_type=2 2 2 2 2 2 2 2 2 2 2 2 2 2 2 2 2 2 2 2 2 2 2 2
left_child=1 5 22 4 -4 8 7 -7 11 10 12 -1 13 -2 -8 -5 -14 18 20 -20 -11 -10 -3 -19
right_child=9 2 3 15 -6 6 14 -9 21 17 -12 -13 16 -15 -16 -17 -18 23 19 -21 -22 -23 -24 -25
leaf_value=-0.05056220669892688 -0.028732802987210468 0.0053680527572973879 0.015221362262097056 0.016318682347175338 0.043074626031635373 -0.057074926401626543 -0.080210768687169323 0.026811457015179403 -0.12042330882098939 -0.031755499991439215 0.032787333844176134 0.0039969180184288612 -0.054179629673445945 0.022803013116898987 0.011221117132390199 0.035628993110313152 -0.031350211705400068 -0.12912398286513696 -0.081019975635153577 0.024131392704885422 -0.22148735494315513 -0.13175543365916295 -0.067284972860355244 -0.20693075648510359
leaf_weight=1817.8497176766396 4779.5507518053055 56.790891796350479 286.30542480945587 616.57727429270744 144.25165197253227 307.48183307051659 1473.6129428744316 937.55232772231102 1122.7480021417141 194.87687915563583 176.83483442664146 1367.3563857972622 1416.937275737524 759.12969449162483 805.04574775695801 666.78455916047096 1129.1584512293339 222.04624420404434 420.41000831127167 150.85260719060898 1023.5287288427353 407.88106590509415 228.3559817969799 1154.0629886984825
leaf_count=2927 6058 104 379 702 189 465 1301 1181 920 259 98 2169 1472 1057 957 835 926 230 293 110 702 92 337 656
internal_value=-0.000539294 -9.55976e-05 0.00153451 0.00200796 0.00361376 -0.000493341 -7.46855e-05 0.000773942 -0.000802234 -0.000935212 -0.000748435 -0.000473993 -0.000798584 -0.000591016 -0.000546494 0.00145476 -0.00124284 -0.00141679 -0.00112641 -0.000368441 -0.00146659 -0.00147319 -0.00124627 -0.00178095
internal_weight=21666 10238.6 1999.07 1713.92 430.557 8239.53 3523.69 1245.03 4715.84 11427.4 8261.61 3185.21 8084.78 5538.68 2278.66 1283.36 2546.1 3165.78 1789.67 571.263 1218.41 1530.63 285.147 1376.11
internal_count=24419 12558 2546 2105 568 10012 3904 1646 6108 11861 9611 5096 9513 7115 2258 1537 2398 2250 1364 403 961 1012 441 886
is_linear=0
shrinkage=0.0424476


Tree=53
num_leaves=23
num_cat=0
split_feature=5 8 7 8 2 9 9 2 9 8 2 5 9 2 5 2 7 7 8 5 2 8
split_gain=1.61417 2.34249 1.17913 1.10417 0.948844 0.939577 1.25093 0.825889 0.761648 0.559693 1.42667 0.708167 0.319995 0.319391 0.197322 0.266656 0.807036 0.108307 0.198892 0.0554134 0.0520205 0.00936845
threshold=0.86340693121644818 3.5850000000000013 2.7204713166049963 10.490000000000002 0.87377473702374975 1.3765718562376021 2.5349605937196196 0.87377473702374975 6.8647732349760391 2.8937784646993499 -0.82631688199933129 0.25810558179186288 -0.31385709214325702 0.82392300575755406 -1.0000000180025095e-35 0.97690230611205509 5.8100000000000014 0.86999999999999933 1.4716613013558086 1.0000000180025095e-35 -0.82631688199933129 5.5049999999999999
decision_type=2 2 2 2 2 2 2 2 2 2 2 2 2 2 2 2 2 2 2 2 2 2
left_child=4 12 5 7 8 13 -7 -4 9 10 -1 -11 -2 -3 21 19 -17 20 -19 -16 -14 -6
right_child=1 2 3 -5 14 6 -8 -9 -10 11 -12 -13 17 -15 15 16 -18 18 -20 -21 -22 -23
leaf_value=0.0078368146418239422 0.025991080417194695 0.028622248150590873 0.025166701694254317 0.023140580972838519 -0.25215194095117344 0.080526550724019541 0.052660205271863977 -0.036935435906502639 0.029337540823693123 -0.029178917977692936 -0.056204085199901874 0.0061775354513062429 -0.035377873370639641 -0.042119621873273741 -0.0065368778765052694 -0.1101344137585324 0.041184491035842791 0.034827459240879176 -0.024716820330733451 -0.12861417986075224 -0.074900953107962798 -0.23739221559480161
leaf_weight=1326.0727282464504 56.846172899007797 422.49034610390663 759.63870671391487 158.36519688367844 527.9764666557312 91.416288018226624 115.28611251711845 1187.5874199569225 122.52280208468437 5672.6540734171867 4807.0489332377911 2500.9029156863689 128.88333314657211 81.641770780086517 105.34255254268646 480.83322423696518 187.32565158605576 112.84877419471741 502.33426874876022 732.53629750013351 687.47442018985748 897.95381551980972
leaf_count=1980 92 808 957 66 794 163 187 554 61 6012 5363 2782 297 63 91 431 148 227 812 666 779 1086
internal_value=-0.000526016 0.000206445 0.000929907 0.000414626 -0.0007087 0.00243016 0.00487702 0.000127556 -0.000565097 -0.000594702 -0.000903228 -0.000360929 -0.00115009 0.00139008 -0.0014091 -0.00103997 -0.000370445 -0.00128187 -0.000794904 -0.00155176 -0.00162614 -0.00178597
internal_weight=21666 4304.81 2816.43 2105.59 17361.2 710.835 206.702 1947.23 14429.2 14306.7 6133.12 8173.56 1488.39 504.132 2931.97 1506.04 668.159 1431.54 615.183 837.879 816.358 1425.93
internal_count=24419 5005 2798 1577 19414 1221 350 1511 16198 16137 7343 8794 2207 871 3216 1336 579 2115 1039 757 1076 1880
is_linear=0
shrinkage=0.0424476


Tree=54
num_leaves=25
num_cat=0
split_feature=3 5 2 9 8 8 8 8 8 3 9 8 3 3 8 8 5 2 2 8 9 2 9 2
split_gain=2.76331 3.2259 2.5409 3.66502 1.28148 0.56942 0.542915 0.539171 0.515207 1.25448 1.75374 0.437886 0.420513 0.360949 0.359633 0.337538 0.300332 0.267169 0.247795 0.739616 0.238301 0.168056 0.137593 0.107053
threshold=3.3905965593331135 0.70436907356351874 0.97240299274555542 -0.75594658668406811 3.015000000000001 8.4749999999999996 3.515000000000001 6.501474265000728 1.6597698582849421 4.5726030805937574 6.3703275525931318 6.3200000000000029 4.3827192195904363 3.2304843002771695 1.5116465390248897 1.5116465390248897 0.70436907356351874 0.99370977118463066 -0.75404787809439366 1.8813881083528619 0.67208464711242055 -0.25601255793537553 0.056586321876944019 -0.24359133121821666
decision_type=2 2 2 2 2 2 2 2 2 2 2 2 2 2 2 2 2 2 2 2 2 2 2 2
left_child=1 6 4 -4 21 -6 13 11 9 -2 15 -8 16 -1 -15 -11 20 -18 19 -14 -10 -3 -9 -20
right_child=8 2 3 -5 5 -7 7 22 12 10 -12 -13 18 14 -16 -17 17 -19 23 -21 -22 -23 -24 -25
leaf_value=-0.057761530155875901 -0.062939883433012628 -0.070070298558932612 -0.011229607167095645 0.081468032674933133 0.026536851655194475 -0.0043770583695667805 -0.0069055580219905656 -0.048026865531080952 -0.014727879767492352 -0.0069915996946688071 0.024487541197689287 0.11269982658664938 0.088491927944208182 -0.064508499973576244 0.039104558287638348 0.042627672148558581 0.012482397473478497 -0.12654996734043109 -0.124235782891816 -0.035740245070209252 -0.091187727565672616 -0.013695837079057152 -0.025146136950865334 -0.071046016790972166
leaf_weight=1427.2228963375092 1067.4785144925117 239.67255303263664 210.6657110452652 162.46392732858658 1541.5279448032379 461.04667463898659 3134.4013049006462 1045.1254820227623 1307.4132133126259 1213.6446198821068 68.269788384437561 279.75611937046051 140.49366161227226 90.860632300376892 75.986534714698792 245.25752028822899 742.19373723864555 116.35349625349045 1604.9128207266331 1002.1747049093246 1349.9417776167393 271.07178977131844 1291.8136041462421 2750.4095912277699
leaf_count=2087 1287 241 69 135 2277 259 3690 1168 1446 2291 44 311 260 85 139 427 819 76 768 717 1088 537 1501 2689
internal_value=-0.000541731 -3.1282e-05 0.00116912 0.0044466 0.000675152 0.00116393 -0.000505528 -0.00030905 -0.000990038 -0.000451065 0.000319222 2.57466e-05 -0.00114313 -0.00120276 0.000588301 0 -0.000768533 -5.52016e-05 -0.0013793 -0.000788646 -0.000992029 -0.00120502 -0.000806092 -0.00153002
internal_weight=21840.2 10231.6 2886.45 373.13 2513.32 2002.57 7345.17 5751.1 11608.5 2594.65 1527.17 3414.16 9013.89 1594.07 166.847 1458.9 3515.9 858.547 5497.99 1142.67 2657.35 510.744 2336.94 4355.32
internal_count=24411 12499 3518 204 3314 2536 8981 6670 11912 4049 2762 4001 7863 2311 224 2718 3429 895 4434 977 2534 778 2669 3457
is_linear=0
shrinkage=0.0424476


Tree=55
num_leaves=24
num_cat=0
split_feature=5 8 9 0 2 2 9 5 5 5 9 2 2 9 8 8 2 9 8 8 9 2 5
split_gain=1.88598 2.23908 1.45637 1.19186 0.772662 0.996031 1.19951 0.735061 0.916525 0.726194 0.574263 0.545696 0.521748 0.508813 0.381629 0.714321 0.524686 0.505228 0.330218 0.256689 0.17788 0.156841 0.0119519
threshold=0.25810558179186288 3.5850000000000013 6.3703275525931318 -0.25850906104189697 0.87377473702374975 0.97690230611205509 -0.58263825644615597 0.25881904510252091 0.86340693121644818 -1.0000000180025095e-35 1.9021220509706558 0.85651926849515192 0.10889239321374523 1.4286932314699874 1.5547046976284713 1.5116465390248897 0.40604720236456882 1.1587051583387162 2.3300000000000005 1.7900000000000011 1.8431550290382612 0.090251610031040944 -0.25881904510252113
decision_type=2 2 2 2 2 2 2 2 2 2 2 2 2 2 2 2 2 2 2 2 2 2 2
left_child=2 14 3 9 7 13 -7 12 -9 11 -11 -1 -3 -6 15 16 -2 18 -16 20 -5 -19 -21
right_child=1 4 -4 19 5 6 -8 8 -10 10 -12 -13 -14 -15 17 -17 -18 21 -20 22 -22 -23 -24
leaf_value=-0.025396465336166303 -0.027715634549901613 0.060862308229529712 0.07319650029474703 -0.010708146849941619 -0.065204580691647099 -0.016940878432687472 0.043933717186063675 0.00062118975951065876 0.025358666869987462 0.021825080436057197 -0.022051391715356992 -0.23497032763018619 0.050506664453430022 0.027540598596511832 -0.047689504893871651 0.094589189088755313 0.060365550773152116 -0.087907238809678212 0.039097333105225091 -0.14674656275090295 -0.027929983206377646 -0.032746845574491368 -0.13159503421031349
leaf_weight=6404.9410164356232 1173.0010704696178 100.71820661425591 97.759874165058136 382.3284078836441 1030.7004316449165 687.37101477384567 496.20634958148003 2152.6373926997185 1393.1107805371284 421.34069246053696 316.38231047987938 1303.0271745324135 107.54281896352768 232.86325660347939 203.83344179391861 72.795179754495621 97.914696782827377 1213.7213914692402 238.29560339450836 584.95719558000565 137.66156974434853 619.77140355110168 2371.2773404419422
leaf_count=8241 1906 226 62 490 558 357 372 2117 2073 551 426 1780 171 225 303 103 194 990 393 145 48 1098 1582
internal_value=-0.000530119 -9.16236e-05 -0.000886843 -0.00093043 0.000395949 -0.000184809 0.000690729 0.000779461 0.000629015 -0.000654412 0.000603819 -0.00077724 0.00325179 -0.00101958 -0.000932116 -0.000345743 -0.000592574 -0.00127022 0 -0.0015957 -0.000666836 -0.00158083 -0.00175282
internal_weight=21840.2 9820.48 12019.7 11921.9 6201.15 2447.14 1183.58 3754.01 3545.75 8445.69 737.723 7707.97 208.261 1263.56 3619.33 1343.71 1270.92 2275.62 442.129 3476.22 519.99 1833.49 2956.23
internal_count=24411 11086 13325 13263 6099 1512 729 4587 4190 10998 977 10021 397 783 4987 2203 2100 2784 696 2265 538 2088 1727
is_linear=0
shrinkage=0.0424476


Tree=56
num_leaves=25
num_cat=0
split_feature=1 3 9 4 0 9 1 4 1 1 3 1 1 3 1 1 4 1 1 3 3 4 9 4
split_gain=4.55312 1.13321 1.36745 1.67122 1.11591 0.839558 0.731607 1.1191 0.557768 1.45773 1.03487 0.629171 0.509008 0.505433 0.499212 0.414068 0.40899 0.403245 1.51259 0.63765 0.358943 1.06028 0.306061 0.24366
threshold=-0.5785108877906705 3.6400178781605206 6.3703275525931318 1005.0156392627184 0.86106538556481482 2.8502586872659106 0.59555467238250392 1006.8002759860051 -0.89414697905359375 -0.90518480756366004 3.7707620707331797 -0.66135564921164625 -0.94472244769829583 1.3119813576493016 0.36999012250466373 -0.71748210095375242 1011.7005882097233 0.97805592386711537 0.96638848890389129 1.5401015026853102 2.9923900646450159 1008.6042554516047 0.67208464711242055 1011.104480267663
decision_type=2 2 2 2 2 2 2 2 2 2 2 2 2 2 2 2 2 2 2 2 2 2 2 2
left_child=8 4 6 -4 17 14 7 -3 9 12 -11 15 13 -1 -6 22 -8 18 -2 -19 21 -13 -10 -14
right_child=1 2 3 -5 5 -7 16 -9 11 10 -12 20 23 -15 -16 -17 -18 19 -20 -21 -22 -23 -24 -25
leaf_value=-0.0039239098031135259 -0.032393476220161206 0.0052840480618878034 0.038075897262873734 -0.10793383353408018 0.031226062224171416 -0.06175644526716334 -0.0784145529427097 -0.083477260577684037 -0.0044845889298018296 0.11490868701883501 0.12851339291717409 0.090497128730381571 -0.01653683142627263 0.040278298238282342 0.0090545295077560546 -0.063619285598495515 -0.0053247339774430465 -0.011816315306271608 0.11686079641536583 -0.12164753839485137 0.03599122003004665 -0.019433495882190427 0.0373072664974494 0.075661992818887414
leaf_weight=193.39145997166634 5769.4677302241325 1314.2295432686806 183.45333904027939 207.48384100198746 687.30936250090599 424.4052976667881 3643.356690376997 3474.9499369859695 705.21841755509377 47.026065737009048 39.665656685829163 87.444858103990555 325.12212297320366 1136.4428922533989 634.59404981136322 396.49258205294609 242.01121106743813 136.42008233070374 104.2648498415947 808.52558186650276 328.46452102065086 67.64278918504715 537.35771378874779 64.084768116474152
leaf_count=295 6460 1843 75 96 603 471 2361 3100 1186 107 95 149 640 2303 679 625 357 74 166 599 572 101 1198 154
internal_value=-0.000524692 -0.00081639 -0.00114856 0.0012838 -0.000462644 0.000488496 -0.00126032 -0.000900904 0.000779738 0.0013312 0.00674109 0.000301872 0.00104756 0.00144499 0.00102326 -8.43576e-05 -0.00169857 -0.000708953 -0.000572967 -0.00153462 0.00164931 0.0033708 0.000284602 -0.000262793
internal_weight=21558.8 17630.5 9065.48 390.937 8564.99 1746.31 8674.55 4789.18 3928.35 1805.73 86.6917 2122.62 1719.04 1329.83 1321.9 1639.07 3885.37 6818.68 5873.73 944.946 483.552 155.088 1242.58 389.207
internal_count=24309 16884 7832 171 9052 1753 7661 4943 7425 3594 202 3831 3392 2598 1282 3009 2718 7299 6626 673 822 250 2384 794
is_linear=0
shrinkage=0.0424476


Tree=57
num_leaves=25
num_cat=0
split_feature=1 2 7 2 2 4 2 1 4 2 2 1 7 9 2 7 4 1 1 4 1 9 9 4
split_gain=4.09912 1.19861 1.13644 1.09814 1.1274 1.51633 1.79921 1.2529 1.11308 1.07144 1.01586 1.34616 0.97506 0.775737 0.951286 0.652888 0.647872 0.596045 0.488651 0.268794 0.264975 0.532577 0.244977 0.14747
threshold=-0.55822680467059349 -0.82631688199933129 3.892123922156641 -0.63174868667326445 0.10889239321374523 1006.2033602400564 0.22611568550828817 -0.64178054023930542 1011.0119934329603 -0.99892050974818625 0.43665123195606398 0.044253241935523734 3.711734305922437 -1.8488451086954265 -0.228656083955845 3.5049999999999994 1002.9062791817597 0.29672310423526954 -0.030120025924939096 1009.9017561371801 -0.66135564921164625 -0.87350709677100002 1.1030528156179009 1004.701668218319
decision_type=2 2 2 2 2 2 2 2 2 2 2 2 2 2 2 2 2 2 2 2 2 2 2 2
left_child=3 2 9 20 8 6 -6 -7 15 23 13 19 -13 14 -3 -5 -15 -11 22 -12 -1 -22 -4 -2
right_child=1 10 18 4 5 7 -8 -9 -10 17 11 12 -14 16 -16 -17 -18 -19 -20 -21 21 -23 -24 -25
leaf_value=-0.054367177225036548 -0.052988921324662326 0.076375549781776714 -0.0091955479021314686 0.016963366208020889 0.072231866384960777 -0.012314886971831349 -0.021588669249182593 0.05791035921193359 0.082798130018382113 0.036992977185518847 -0.063703605208722966 -0.033412719853664966 0.013919078060187067 0.017687717136662669 -0.098455218365302702 0.077898544503370179 -0.075158975675933451 0.0035641644308360768 -0.12449766809245283 -0.11156547993855193 0.11120453350514976 -0.021237635309535569 0.10270365911424148 -0.034405865100085524
leaf_weight=474.24645972251892 116.92521595954895 229.51323306560516 234.52046144008636 826.77176624536514 59.658487558364868 1567.2213574945927 64.348495572805405 248.81696712970734 49.8813696205616 1066.3329085707664 668.66968342661858 1418.4068340659142 2086.9414437413216 245.23333334922791 219.57845869660378 472.35902664065361 6683.8928936719894 775.06969338655472 1044.7961037755013 2117.5514994859695 61.564738214015961 273.51823845505714 124.87484693527222 428.13184720277786
leaf_count=712 59 224 337 2152 99 2725 137 392 95 2408 872 2071 2219 89 308 774 4383 860 700 1660 125 428 136 344
internal_value=-0.000520054 -0.000804115 -0.000130603 0.000685621 0.00103258 0.000365497 0.00490813 4.50779e-05 0.00197819 0.00042761 -0.000989526 -0.00058796 -2.89831e-05 -0.00132944 0.000347282 0.00172119 -0.00144078 0.000922675 -0.00109248 -0.00128456 -0.000701519 0.00016371 0.000212864 -0.00121091
internal_weight=21558.8 17460.4 3790.65 4098.39 3289.06 1940.05 124.007 1816.04 1349.01 2386.46 13669.8 6291.57 3505.35 7378.22 449.092 1299.13 6929.13 1841.4 1404.19 2786.22 809.329 335.083 359.395 545.057
internal_count=24309 16670 4844 7639 6374 3353 236 3117 3021 3671 11826 6822 4290 5004 532 2926 4472 3268 1173 2532 1265 553 473 403
is_linear=0
shrinkage=0.0424476


Tree=58
num_leaves=25
num_cat=0
split_feature=1 3 8 8 1 1 8 3 8 3 1 9 1 7 7 3 7 1 3 3 1 9 1 1
split_gain=3.95212 1.69626 1.59944 1.38005 1.11734 1.49285 1.09309 1.41141 0.999544 0.85762 0.740828 0.863057 0.876009 0.414567 0.303929 0.188999 0.358757 0.175486 0.202773 0.184591 0.138016 0.254494 0.154563 0.152075
threshold=-0.76665171983724034 3.3905965593331135 3.515000000000001 6.6849999999999996 0.97805592386711537 0.96638848890389129 2.4118506817661456 3.1510291033485678 4.1500000000000012 1.7638046005565453 0.86753754618373868 4.572494660076976 0.84293373149377093 3.892123922156641 4.1399999999999997 5.6031598916163734 1.3722398745496414 -0.5785108877906705 2.1209687820078789 3.2718876039977842 -0.84293373149377071 -0.20375557303092051 -0.89414697905359375 -0.95992380042979841
decision_type=2 2 2 2 2 2 2 2 2 2 2 2 2 2 2 2 2 2 2 2 2 2 2 2
left_child=3 2 17 6 5 -4 15 14 -9 -6 11 13 -13 -3 -8 16 -1 18 -2 -19 22 -22 23 -5
right_child=1 10 4 20 9 -7 7 8 -10 -11 -12 12 -14 -15 -16 -17 -18 19 -20 -21 21 -23 -24 -25
leaf_value=0.023474952577340145 0.085882141085326671 -0.024909940849563904 0.0066615245280817643 -0.049317939528483991 0.0163277333804639 0.23677115599675258 0.011477898469595571 0.084674000501492153 0.10341907958686097 -0.11526453361930897 -0.081525769579436538 0.047449701355084369 -0.15607891472074495 -0.17273244646837105 0.047326290469398138 -0.024782721258641102 -0.037460123308692403 -0.058976148065406145 -0.058281248042708053 -0.00500774664921668 -0.11841744640791872 0.049497358953135451 -0.083361721634782407 0.030266532975856613
leaf_weight=432.73991814255714 32.372256815433502 4336.0396177172661 5578.7125061154366 190.76970437169075 192.86633163690567 74.668289870023727 559.01362118124962 145.15179204940796 229.21544376015663 746.62063041329384 2903.9399692118168 504.78636768460274 255.11768791079521 2455.9723194241524 413.98319086432457 211.76201966404915 134.86751270294189 1454.8805372416973 57.354631215333939 138.80698558688164 71.388913720846176 51.965653359889984 196.76813128590584 109.4984196126461
leaf_count=1278 88 5464 6258 217 145 141 1071 305 316 548 1867 540 58 1731 653 658 354 1615 145 165 119 83 154 172
internal_value=-0.00051008 -0.000731147 -0.00027414 0.000990592 2.12761e-05 0.000249307 0.00150736 0.00224083 0.00447763 -0.00133118 -0.00109112 -0.000864454 0.00047567 -0.00101712 0.00136112 0.000215594 0.000638073 -0.00144209 0.000211363 -0.0015468 -0.000751082 0.000415234 -0.00107779 -0.000393295
internal_weight=21479.3 18732.1 8276.28 2747.12 6592.87 5653.38 2126.73 1347.36 374.367 939.487 10455.9 7551.92 759.904 6792.01 972.997 779.369 567.607 1683.41 89.7269 1593.69 620.391 123.355 497.036 300.268
internal_count=24145 18765 9105 5380 7092 6399 4635 2345 621 693 9660 7793 598 7195 1724 2290 1632 2013 233 1780 745 202 543 389
is_linear=0
shrinkage=0.0424476


Tree=59
num_leaves=25
num_cat=0
split_feature=1 1 3 5 7 7 2 2 3 7 3 7 1 2 5 1 2 1 1 7 3 7 3 1
split_gain=3.57052 1.58129 1.5189 2.40455 1.46683 1.06773 0.933085 1.09415 2.92188 0.857451 0.83917 0.595876 0.587923 0.584843 0.573528 0.538424 0.938483 0.482426 0.696518 0.472713 0.278017 0.0176208 0.00991917 0.00541259
threshold=-0.89414697905359375 -0.90518480756366004 3.3905965593331135 0.86340693121644818 1.1100000000000014 3.0516694427445952 0.3090169943749474 0.19311121294034192 3.5122807279177137 1.4500000000000013 4.6801491365482688 8.8050000000000015 0.22215815049894402 -0.42882523534942024 0.70816573283950446 0.22215815049894402 -0.82631688199933129 -0.32919063062619275 -0.37761050095554838 4.8800000000000017 4.5203481616153427 1.8111657077453287 3.0301322337209196 0.1714926119571353
decision_type=2 2 2 2 2 2 2 2 2 2 2 2 2 2 2 2 2 2 2 2 2 2 2 2
left_child=1 6 3 15 23 -3 7 13 -9 10 12 -6 -4 -1 -12 16 -2 18 -11 -17 -19 22 -8 -5
right_child=2 5 9 4 11 -7 21 8 -10 17 14 -13 -14 -15 -16 19 -18 20 -20 -21 -22 -23 -24 -25
leaf_value=-0.45684556134776483 0.038173375866339856 0.043500919604755883 0.018930873069072013 -0.047693477671414526 0.027925269757623855 0.11054662974443843 -0.083739922625681307 0.019028393704605184 0.077663874311981698 -0.063670216087878276 0.012376317667160604 -0.037447992444099507 -0.061156633992962901 0.026503959426902306 -0.035360364416983016 -0.041885958652367238 -0.028392111445338597 -0.069965790441616119 0.05021460324752626 -0.017872397476067069 -0.10900470045835579 -0.08099622622538187 0.0047531799779039884 -0.063743572842172302
leaf_weight=113.0981879234314 643.28768417239189 49.243005156517029 340.04074051976204 63.638578712940216 1444.1590223312378 42.041420847177505 55.786741465330124 164.27591916918755 67.137434065341949 1399.154228001833 1372.6003157198429 76.55244642496109 1305.2493861019611 1141.1349776685238 406.87052330374718 2493.6037899553776 2278.1896766126156 2543.2774078249931 114.86611518263817 1724.985244601965 3259.1043251752853 154.37649244070053 33.395051568746567 193.19373661279678
leaf_count=29 936 127 667 123 1689 71 124 339 117 1620 2030 32 976 2466 631 2374 3090 2100 134 1718 2181 244 94 233
internal_value=-0.000494877 0.00130012 -0.000662044 -0.000249785 0.00114361 0.00678011 0.00100008 0.00140558 0.00410987 -0.00100259 -0.00043992 0.00165108 -0.00113258 0.000891824 0.00019011 -0.000599269 -0.000148706 -0.00126344 -0.000568223 -0.000906904 -0.00144165 -0.00139731 -0.000557367 -0.00178903
internal_weight=21479.3 1820.49 19658.8 8917.61 1777.54 91.2844 1729.2 1485.65 231.413 10741.2 3424.76 1520.71 1645.29 1254.23 1779.47 7140.07 2921.48 7316.4 1514.02 4218.59 5802.38 243.558 89.1818 256.832
internal_count=24145 3611 20534 10195 2077 198 3413 2951 456 10339 4304 1721 1643 2495 2661 8118 4026 6035 1754 4092 4281 462 218 356
is_linear=0
shrinkage=0.0424476


Tree=60
num_leaves=25
num_cat=0
split_feature=5 8 4 4 2 9 9 2 8 2 9 8 9 8 2 2 8 2 2 2 9 9 8 2
split_gain=1.81975 2.58711 1.63997 0.965898 1.64561 0.740088 0.733558 0.545298 0.881708 0.845029 0.633763 0.603659 0.882116 1.42752 0.652556 0.621636 0.462173 0.338139 0.271259 0.540499 0.222444 0.304634 0.196382 0.111834
threshold=0.70436907356351874 3.5850000000000013 1009.8013827846574 1014.35 0.97690230611205509 1.8431550290382612 2.3366359069339127 -0.82631688199933129 3.895 -0.84719916794295413 1.9021220509706558 2.3300000000000005 4.7091076831868905 1.3706047496810991 0.87377473702374975 -0.63174868667326445 9.2150000000000016 0.97690230611205509 -0.99892050974818625 -0.93760092995349764 3.3533333910973657 3.1844923219229533 2.3300000000000005 -0.228656083955845
decision_type=2 2 2 2 2 2 2 2 2 2 2 2 2 2 2 2 2 2 2 2 2 2 2 2
left_child=7 20 5 4 -4 16 -7 8 9 10 -1 12 -9 -14 15 -13 -3 -16 -10 -20 21 22 -2 -22
right_child=1 2 3 -5 -6 6 -8 11 18 -11 -12 14 13 -15 17 -17 -18 -19 19 -21 23 -23 -24 -25
leaf_value=0.026267072025179323 -0.049456901896144129 0.03630906559429916 -0.0025377126240670078 -0.10224744887004479 0.01957381998044215 0.089725675373339253 0.048931919231567048 -0.05258181589342311 -0.079984289829902452 0.03279845199837534 -0.025913155891306133 -0.076643257015440058 0.049804399499310814 -0.076917023229626916 -0.19414417447438509 -0.0088957763401532487 -0.22122018264283599 -0.045254942321028599 0.0065952214407195477 -0.1337572087756955 -0.06480572897838234 0.068886797816057818 0.010538661431776879 -0.015416650881270038
leaf_weight=792.31950059533119 439.26211488246918 932.6660490334034 1675.7410539090633 417.21538665890694 504.44943180680275 50.524249136447906 180.15835338830948 3412.0287978649139 439.35688483715057 103.88602134585381 489.97027719020844 890.71126216650009 128.90880411863327 329.74263682961464 1321.001394867897 5274.1064667403698 74.706945776939392 1097.6954545974731 665.34900960326195 774.88205200433731 863.40898624062538 47.61138790845871 244.52872014045715 524.48883482813835
leaf_count=1384 868 1431 1431 260 275 101 315 3953 184 106 475 730 117 214 1509 6145 26 1222 751 597 876 98 352 981
internal_value=-0.000450428 0.000179047 0.000839366 0.00022538 0.000589719 0.00211252 0.00432878 -0.000690053 -0.000194357 0.000610269 0.000296401 -0.000818548 -0.00126322 0.000453802 -0.000615865 -0.000379648 0.00158658 -0.00121028 -0.000797611 -0.000497769 -0.00100724 -0.000372301 -0.000623237 -0.0013285
internal_weight=21674.7 5954.76 3835.46 2597.41 2180.19 1238.06 230.683 15720 3265.76 1386.18 1282.29 12454.2 3870.68 458.651 8583.51 6164.82 1007.37 2418.7 1879.59 1440.23 2119.3 731.402 683.791 1387.9
internal_count=24401 7014 3839 1966 1706 1873 416 17387 3497 1965 1859 13890 4284 331 9606 6875 1457 2731 1532 1348 3175 1318 1220 1857
is_linear=0
shrinkage=0.0424476


Tree=61
num_leaves=25
num_cat=0
split_feature=6 5 8 8 9 9 5 8 6 8 8 8 5 9 8 9 8 6 6 0 0 9 9 8
split_gain=5.9387 1.94274 1.74462 1.73437 0.959623 1.03647 2.97662 0.959115 0.869943 1.08775 0.832225 0.926194 0.552674 0.54581 0.27896 0.424196 0.188573 0.1978 0.166496 0.124044 0.0890069 0.123964 0.0641532 0.0316754
threshold=0.25881904510252057 0.86340693121644818 3.515000000000001 3.5850000000000013 0.89084768233117739 4.7091076831868905 -0.50025330813415392 10.490000000000002 0.70137043877975058 2.0450000000000004 9.2150000000000016 9.0392982726734363 -0.7090762197185454 1.3765718562376021 10.195000000000002 0.2080763292054755 6.8931107951410651 -1.3692785160552339 -1.2638947029500376 -1.1432474987320775 -0.84345064629803279 1.0512933744757709 0.99718603787077076 10.490000000000002
decision_type=2 2 2 2 2 2 2 2 2 2 2 2 2 2 2 2 2 2 2 2 2 2 2 2
left_child=1 16 4 22 8 19 -7 13 -2 -10 11 12 -4 -5 15 -12 17 -1 -19 -6 21 -18 -3 -16
right_child=2 3 10 7 5 6 -8 -9 9 -11 14 -13 -14 -15 23 -17 20 18 -20 -21 -22 -23 -24 -25
leaf_value=-0.20197321305290666 -0.026869722904003468 0.0010833256491649009 -0.019357636727475893 0.011029255447098475 -0.085660053644517078 0.0032485911351457473 0.00056682535011546111 0.054680453817082142 -0.00034613497176829285 0.068641429639939133 -0.079254304516449325 0.039872361628049122 0.028098538078370067 0.034415431171889936 0.084290667849529488 0.0038754379910303977 -0.19131820733615612 -0.34822691486051333 -0.066345336783502851 -0.019940755113857973 -0.2070676415613702 0.035274601830682525 -0.055567816836307543 0.0077250817742502151
leaf_weight=384.51188898086548 125.14329466223717 61.13655686378479 277.29739740490913 1266.2258944809437 71.642185509204865 75.107478350400925 637.57989808917046 86.405518233776093 91.476309329271317 130.66778114438057 242.10413509607315 108.63062450289726 2994.7232513725758 302.38816374540329 128.2399614751339 145.26400578022003 211.52728846669197 134.84094977378845 9644.114851474762 2047.9798863828182 1289.045319467783 111.99107068777084 893.93784990906715 212.73851528763771
leaf_count=91 198 102 478 1221 19 47 792 33 206 248 150 71 4490 378 81 119 282 29 9454 3012 1358 155 1245 142
internal_value=-0.00042045 -0.000921057 0.000565102 0.000120291 -0.000176421 -0.000439972 0.000947674 0.000957988 0.0019196 0.00353031 0.00114341 0.00142432 0.0012888 0.000704514 -0.000135019 -0.000935568 -0.00115344 -0.00108008 -0.0010391 -0.000915283 -0.00160431 -0.000856203 -0.00131193 0.000720143
internal_weight=21674.7 14386.1 7288.59 2610.09 3179.6 2832.31 712.687 1655.02 347.287 222.144 4109 3380.65 3272.02 1568.61 728.347 387.368 11776 10163.5 9778.96 2119.62 1612.56 323.518 955.074 340.978
internal_count=24401 14348 10053 2979 4522 3870 839 1632 652 454 5531 5039 4968 1599 492 269 11369 9574 9483 3031 1795 437 1347 223
is_linear=0
shrinkage=0.0424476


Tree=62
num_leaves=25
num_cat=0
split_feature=6 8 1 3 7 1 8 8 8 8 1 8 1 1 3 7 3 6 8 8 1 6 6 8
split_gain=4.69899 2.29998 1.86599 1.80248 1.84325 0.963846 0.922324 0.752069 0.741969 1.02802 0.721742 1.14535 0.561534 0.548507 1.03092 0.511793 0.653278 0.415493 0.682009 0.603556 0.282676 0.229285 0.196521 0.178895
threshold=0.25423941463970728 3.515000000000001 -0.78509050164541117 4.4720225700046816 7.3400000000000025 -0.51386036242336719 10.195000000000002 6.2520641185720081 2.2579689752237351 2.53575660427077 -0.99699193743116266 5.6100000000000021 -0.32919063062619275 0.97805592386711537 1.9200914792203327 1.4500000000000013 3.2718876039977842 -0.52596736782456988 3.8149094898600571 1.5803831406652786 0.095385519140267425 0.70137043877975058 0.86502983325015059 4.1500000000000012
decision_type=2 2 2 2 2 2 2 2 2 2 2 2 2 2 2 2 2 2 2 2 2 2 2 2
left_child=2 5 7 4 6 8 -3 10 22 -10 23 -12 -5 17 -15 16 -7 19 -19 -4 -17 -6 -2 -1
right_child=1 3 13 12 21 15 -8 -9 9 -11 11 -13 -14 14 -16 20 -18 18 -20 -21 -22 -23 -24 -25
leaf_value=0.028353381340264699 -0.0091096504950387257 0.032300446720471367 -8.2548015247843417e-06 0.033575114496871124 -0.042708742289631133 -0.067271431660292993 0.08775604262914842 -0.045856004478430488 0.050997090902737886 0.035981952564340627 0.025030519872057486 0.14340390349865312 -0.093807999329331204 0.012316036759220403 -0.088222738809462936 0.017837951833160774 0.0035303179396911724 -0.067561803860746186 -0.0031050179517894761 -0.10032935576303291 -0.070646275072068554 -0.0011963090836851216 0.028409358807697176 -0.18196537854228292
leaf_weight=91.721728831529617 267.42973175644875 2942.3804978430271 705.27791038155556 88.136054962873459 287.15276682376862 351.15524214506149 86.708098292350769 439.75558391213417 42.118221193552017 142.16682717204094 810.50515505671501 109.15273076295853 497.22581902146339 192.87354028224945 1754.4465376734734 114.77163422107697 1413.8115977048874 1717.806966573 2387.0649656653404 5505.6644355356693 1028.3733437955379 339.86068621277809 220.91899859905243 161.84822732210159
leaf_count=205 761 4845 906 154 269 378 82 510 102 350 1841 204 399 100 843 201 1659 1946 2449 4354 859 211 670 100
internal_value=-0.000439201 0.000391124 -0.000908603 0.00106109 0.00141346 -0.000397296 0.00184872 0.000440498 0.00103939 0.00333911 0.0010097 0.00157023 -0.00110812 -0.00108756 -0.00175262 -0.000735966 -0.000269788 -0.000960222 -0.000619283 -0.00118257 -0.00143952 -0.000659714 0.000133586 -0.000950236
internal_weight=21698.3 7822.21 13876.1 4241.46 3656.1 3580.75 3029.09 1612.98 672.634 184.285 1173.23 919.658 585.362 12263.1 1947.32 2908.11 1764.97 10315.8 4104.87 6210.94 1143.14 627.013 488.349 253.57
internal_count=24398 10940 13458 5960 5407 4980 4927 2860 1883 452 2350 2045 553 10598 943 3097 2037 9655 4395 5260 1060 480 1431 305
is_linear=0
shrinkage=0.0424476


Tree=63
num_leaves=25
num_cat=0
split_feature=6 7 4 4 7 0 7 4 7 7 0 5 6 4 4 4 7 4 4 0 4 7 7 7
split_gain=4.50645 1.97975 1.84292 1.21873 2.28689 1.02548 0.795478 0.780304 0.739346 0.860075 0.607274 0.563308 0.466714 0.425884 0.250655 0.237772 0.153518 0.453236 0.084872 0.0755522 0.0379031 0.0241789 0.0165856 0.0119692
threshold=0.25881904510252057 2.4300000000000019 1009.0026822852341 1003.6296399942775 1.2300000000000024 0.86106538556481482 0.94000422554587693 1013.6500000000002 8.3950000000000014 3.6350000000000002 1.08723576988047 -0.7090762197185454 -1.0190982611065318 1011.4153695986614 1005.7027653000185 1006.2033602400564 1.0015694900330312 1005.6040330343402 1005.404126935617 0.86739159400899124 1006.5000364844749 3.711734305922437 0.70000000000000118 4.8100000000000014
decision_type=2 2 2 2 2 2 2 2 2 2 2 2 2 2 2 2 2 2 2 2 2 2 2 2
left_child=5 3 11 4 -2 12 19 10 9 -4 -8 23 -1 15 -13 -14 18 -18 -5 22 -21 -9 -7 -3
right_child=1 2 8 16 -6 6 7 21 -10 -11 -12 14 13 -15 -16 -17 17 -19 -20 20 -22 -23 -24 -25
leaf_value=-0.098618894721084704 0.03361961593585381 -0.042871049839662119 -0.018174612235603953 -0.0017671314229750648 -0.049308166996582588 0.0048031845737048487 0.018962993490135648 -0.061816710831397483 -0.037977537844570135 0.026176505413018053 -0.27074461780034192 0.029803198782306799 -0.030137463578083019 -0.18924889088201463 0.044017271990508006 -0.065409462435796831 -0.033301190701740056 0.0007366976636806853 -0.020255744641782526 -0.048320653100314651 -0.082444291496026875 -0.062207997202368547 -0.050585105325083986 0.0014037275962598458
leaf_weight=768.23553645610809 98.983209997415543 66.961046248674393 482.49133604764938 180.32163354754448 96.421298325061798 83.291517525911331 2046.7936708927155 157.91823294758797 279.23731753230095 2107.8806636333466 160.86528778076172 81.949023395776749 2369.072103947401 1258.9144437611103 739.7644160091877 6427.0793415904045 496.64786511659622 1501.993171364069 1042.0893204212189 213.18595677614212 527.70839974284172 358.49057692289352 111.87247654795647 40.159455209970474
leaf_count=178 98 147 716 341 73 130 2456 177 181 2411 39 125 2450 1431 1468 6358 440 2292 1571 228 661 192 161 74
internal_value=-0.000427711 0.000437308 0.0011052 -0.000299846 0.00294131 -0.000859897 -0.000239146 0.000121477 0.000565124 0.000793507 0.000475166 0.0027538 -0.00106811 -0.000987556 0.00313164 -0.000878743 -0.000502229 -0.000259762 -0.000883509 -0.00130838 -0.00151628 -0.00135467 -0.000424212 0
internal_weight=21698.3 7214.9 3798.44 3416.46 195.405 14483.4 3660.13 2724.07 2869.61 2590.37 2207.66 928.834 10823.3 10055.1 821.713 8796.15 3221.05 1998.64 1222.41 936.058 740.894 516.409 195.164 107.121
internal_count=24398 9937 5122 4815 171 14461 4044 2864 3308 3127 2495 1814 10417 10239 1593 8808 4644 2732 1912 1180 889 369 291 221
is_linear=0
shrinkage=0.0424476


Tree=64
num_leaves=25
num_cat=0
split_feature=5 8 3 2 2 8 2 0 2 2 2 3 8 8 3 2 2 3 3 8 2 8 2 2
split_gain=1.79593 1.49709 1.24283 1.78546 2.67014 1.15981 0.980728 0.940559 0.882368 0.710455 0.614338 0.779683 0.48763 0.771984 1.31654 0.625649 0.428312 0.33538 0.293275 0.258435 0.257678 0.218702 0.211115 0.116689
threshold=0.16913175927069204 2.4118506817661456 4.3387262207797397 0.97240299274555542 0.99548449742306455 4.1500000000000012 0.10889239321374523 -0.25850906104189697 0.85651926849515192 0.95989713290459411 0.67761478904668893 2.9923900646450159 1.5803831406652786 1.3400000000000019 4.4720225700046816 -0.228656083955845 0.85651926849515192 7.8550000000000013 2.3204521371708884 1.7299999999999989 -0.94941443599233932 1.4399999999999997 0.99164058729498161 -0.053349907161106304
decision_type=2 2 2 2 2 2 2 2 2 2 2 2 2 2 2 2 2 2 2 2 2 2 2 2
left_child=7 12 3 9 -5 6 -4 8 10 -3 17 -12 13 15 -15 -2 -7 -1 22 21 -14 -9 -10 -22
right_child=1 2 5 4 -6 16 -8 19 18 -11 11 -13 20 14 -16 -17 -18 -19 -20 -21 23 -23 -24 -25
leaf_value=-0.014817445204623032 -0.034843544395160637 0.017774853798623497 -0.085907478897931405 0.069072291268103922 -0.033728023642094693 -0.0095634268515986855 0.051712645855401369 -0.025067849298470925 -0.0069637518309152921 -0.13173709130982847 0.079740134493108739 -0.031714958786630575 0.031602129910521824 -0.0091549154432809983 0.057722423146345764 0.00092819454456692814 -0.13072057112954777 0.028040318786762653 -0.24670024582237057 -0.096947387545758879 -0.065504071902797237 0.083742738771461045 -0.27858039319226752 -0.016349276546175545
leaf_weight=6454.063079982996 735.74181404709816 4047.0570771992207 225.72023540735245 373.45739924907684 256.15706071257591 403.13597348332405 296.61892649531364 288.7897521853447 487.8355065882206 194.61353889107704 282.45885470509529 226.82456120848656 75.409957200288773 224.77763783931732 187.37984263896942 213.07679650187492 889.7081513106823 85.830648928880692 870.40475821495056 2787.7578886449337 967.57561105489731 132.08684366941452 164.05056861042976 413.53370469808578
leaf_count=7924 1150 5035 161 234 160 412 433 310 617 99 542 424 148 318 371 417 578 201 1117 1702 735 150 210 743
internal_value=-0.000359523 7.28155e-05 0.000420415 0.000775213 0.00289006 -0.000521531 0.0011484 -0.000709898 -0.000474471 0.000456922 -0.000271071 0.00113982 -0.000745533 -0.000152294 0.00136471 -0.000830789 -0.00121055 -0.000383775 -0.00140417 -0.00133303 -0.00128714 -0.000296263 -0.000678619 -0.00142479
internal_weight=21284.1 9503.96 6686.47 4871.29 629.614 1815.18 522.339 11780.1 8571.47 4241.67 7049.18 509.283 2817.5 1360.98 412.157 948.819 1292.84 6539.89 1522.29 3208.63 1456.52 420.877 651.886 1381.11
internal_count=24191 10994 7112 5528 394 1584 594 13197 11035 5134 9091 966 3882 2256 689 1567 990 8125 1944 2162 1626 460 827 1478
is_linear=0
shrinkage=0.0424476


Tree=65
num_leaves=23
num_cat=0
split_feature=1 1 4 7 1 2 2 2 2 2 1 1 1 7 2 2 7 9 7 7 9 4
split_gain=3.48277 0.954619 0.888942 2.92237 0.809311 1.07931 1.71534 0.85994 0.697075 1.07489 0.986107 0.439378 0.773837 0.418514 0.394641 0.75694 0.374544 0.347989 0.43953 0.221334 0.190531 0.0370974
threshold=-0.60032953050696913 0.90405093247213386 1003.6296399942775 1.1700000000000002 -0.66135564921164625 0.3090169943749474 -0.63174868667326445 0.77232729489588492 -0.82631688199933129 0.43665123195606398 -0.047406159029233223 -0.84293373149377071 -0.8142167293547703 2.4300000000000019 -0.25601255793537553 -0.228656083955845 1.1402718051256746 1.9573267261220801 4.2021877702914416 1.2300000000000024 4.4322637916042291 1007.6034572343341
decision_type=2 2 2 2 2 2 2 2 2 2 2 2 2 2 2 2 2 2 2 2 2 2
left_child=4 2 3 -2 5 6 21 17 10 -10 -4 19 -13 -8 20 -16 -17 18 -6 -7 -3 -1
right_child=1 14 8 -5 7 11 13 -9 9 -11 -12 12 -14 -15 15 16 -18 -19 -20 -21 -22 -23
leaf_value=-0.051675675199400334 0.039288011776457479 -0.084437987248970919 0.028685334149900325 -0.040931019155770625 0.034375783425733233 0.0035822745298227801 0.022777912803310447 0.076355353570122464 -0.058318133992685296 -0.013523698901186286 -0.014447948991536869 0.054979689956506303 -0.0081126757563059725 0.058596202546260773 0.080188056722902815 0.014122595495447053 -0.051036433792644047 -0.018798122828460207 0.24073572454616898 -0.061552659172499906 -0.09790313644495334 -0.037425406412765351
leaf_weight=222.52717730402946 121.81443297863007 1243.3274435698986 1143.0129220187664 292.44977647066116 115.60189813375473 92.280308991670609 859.70439112186432 77.390617042779922 3413.4118418097496 6102.3430132567883 2382.8945140838623 91.333072692155838 493.37130859494209 994.95890566706657 134.75638434290886 252.40690824389458 2140.2475263178349 70.452298611402512 47.057973563671112 527.14991733431816 246.53415700793266 219.03940030932426
leaf_count=414 125 547 2106 162 239 254 2351 133 1838 6828 2602 191 950 1548 106 347 2106 142 80 706 124 292
internal_value=-0.000350741 -0.000604928 -0.000431324 0.00149338 0.000809869 0.000618888 0.00116073 0.00290309 -0.000493883 -0.000682824 1.07822e-05 -0.000399006 0.000412208 0.00173092 -0.00118181 -0.0008444 -0.00102404 0.00151271 0.00262075 -0.00119463 -0.00174174 -0.00119222
internal_weight=21284.1 17473.2 13455.9 414.264 3810.87 3500.36 2296.23 310.503 13041.7 9515.75 3525.91 1204.13 584.704 1854.66 4017.27 2527.41 2392.65 233.112 162.66 619.43 1489.86 441.567
internal_count=24191 16891 13661 287 7300 6706 4605 594 13374 8666 4708 2101 1141 3899 3230 2559 2453 461 319 960 671 706
is_linear=0
shrinkage=0.0424476


Tree=66
num_leaves=23
num_cat=0
split_feature=6 8 3 2 2 2 4 3 4 3 2 2 2 6 6 6 8 8 2 8 3 4
split_gain=3.94955 3.06263 2.076 1.09713 1.46921 0.763467 1.41683 1.29937 0.674145 0.496895 0.481325 1.20966 0.391669 0.371437 0.335875 0.656172 0.274583 0.261642 0.145301 0.0776819 0.0176114 0.196636
threshold=-0.2589913477455501 3.515000000000001 4.5726030805937574 0.99903710851409044 0.97690230611205509 -0.24359133121821666 1006.3033817818208 5.1850000000000014 1009.3000825502069 4.0820774264390955 -0.82631688199933129 -0.84719916794295413 0.94820333012481139 -1.0717760649712615 -0.49938512447000033 -0.5 2.8000000000000029 4.450000000000002 0.98878412116898506 4.5200000000000022 3.9014812059905233 1013.6500000000002
decision_type=2 2 2 2 2 2 2 2 2 2 2 2 2 2 2 2 2 2 2 2 2 2
left_child=12 5 3 4 -3 10 7 -7 17 -8 11 -2 13 19 15 -15 -12 -4 -10 -1 21 -14
right_child=1 2 8 -5 -6 6 9 -9 18 -11 16 -13 20 14 -16 -17 -18 -19 -20 -21 -22 -23
leaf_value=-0.044035758170364807 -0.013575198140349597 0.022457856320794597 0.00062682694102660357 -0.35827826948884484 0.031154349315763667 0.039913600872383513 -0.043024713524978241 -0.0038244309804939614 -0.13608088614317057 0.013066975147599311 -0.062901935294819883 0.050279613091036894 -0.25662832476800601 -0.048231567458236306 -0.23775803179098073 0.015600787343074556 0.013377064430677474 0.14428990181106968 -0.01533766794854566 -0.22630180061748656 -0.1869174285797888 0.076567807480570974
leaf_weight=368.28225040435791 928.29342061281204 4427.8152712583542 69.299139142036438 195.5300001502037 757.77407857775688 181.85740298032761 895.32918858528137 163.8375289440155 586.1920120716095 477.62769868969917 2034.7548530995846 57.359142154455185 248.52980563044548 7942.0213088095188 363.80683571100235 552.93679058551788 100.76084649562836 54.051803290843964 155.03610888123512 526.62988704442978 591.9751011133194 76.604991614818573
leaf_count=86 1536 6808 112 187 553 257 1829 172 427 865 1761 79 378 7289 88 850 115 83 152 123 508 97
internal_value=-0.000367194 0.000192537 0.000814883 0.00112679 0.00124668 -0.000606763 0.000101954 0.00253963 -0.001105 -0.000498357 -0.00100294 -0.00020472 -0.000950414 -0.000867879 -0.000780748 -0.000723291 -0.00136269 0.00172919 -0.00160165 -0.00170967 -0.00180798 -0.0013459
internal_weight=21756.3 11085.5 6245.7 5381.12 5185.59 4839.82 1718.65 345.695 864.579 1372.96 3121.17 985.653 10670.8 9753.68 8858.76 8494.96 2135.52 123.351 741.228 894.912 917.11 325.135
internal_count=24355 14936 8322 7548 7361 6614 3123 429 774 2694 3491 1615 9419 8436 8227 8139 1876 195 579 209 983 475
is_linear=0
shrinkage=0.0424476


Tree=67
num_leaves=25
num_cat=0
split_feature=1 5 5 9 2 2 1 4 2 2 4 1 1 9 1 1 1 2 1 1 4 4 2 4
split_gain=2.71982 2.13857 1.795 1.47936 0.936388 0.864093 1.18579 1.98119 1.42304 0.751229 0.716384 0.672524 0.528162 0.448371 0.442838 0.345978 0.202561 0.630472 0.166138 0.212416 0.0803314 0.0505161 0.0409823 0.0487797
threshold=-0.60032953050696913 0.16913175927069204 0.23635379981989407 1.4801675009391817 -0.82631688199933129 -0.63174868667326445 -0.64178054023930542 1008.9007605866798 0.3090169943749474 0.97690230611205509 1005.7027653000185 0.55265906544660026 0.64560802048323718 0.89084768233117739 -0.97873101657557326 -0.25495596846646384 0.29672310423526954 0.3896304495307879 -0.66135564921164625 -0.64178054023930542 1011.4153695986614 1007.5004273050039 -0.73249407161357893 1007.2013851411202
decision_type=2 2 2 2 2 2 2 2 2 2 2 2 2 2 2 2 2 2 2 2 2 2 2 2
left_child=5 4 -3 9 10 18 8 -8 14 -4 12 -5 -2 -10 -7 -12 20 -18 22 -20 -6 -21 -1 -24
right_child=1 2 3 11 16 6 7 -9 13 -11 15 -13 -14 -15 -16 -17 17 -19 19 21 -22 -23 23 -25
leaf_value=-0.12465074387724952 0.067410378557230172 0.0036872175215251659 0.0012977174613797342 0.0029788113453999613 -0.16317131614845212 0.015506974038680447 0.085629560713382888 -0.045655524944090399 -0.03824945496013641 0.011711068064532476 0.019155462003742588 -0.04950639780069184 -0.05457543281653543 0.021634852978485251 0.046755419457208278 -0.045485065678189766 -0.064797671852049821 -0.016198911484224251 0.094924611208120985 -0.073306404178782661 -0.13684770231567064 0.0026362505262471228 -0.046745386162173129 -0.017537587317080362
leaf_weight=176.74396970868111 440.59313258528709 87.938369572162628 3472.5580886900425 1226.4413855373859 1300.0504088997841 825.58274763822556 70.652018308639526 54.273074805736542 704.94361519813538 1020.0928745567799 373.54423639178276 2389.5631318390369 83.715396881103516 558.34023633599281 1050.8438876867294 1580.2912167906761 4059.9357378780842 1161.4248817563057 73.432542085647583 52.758303821086884 652.39139184355736 48.253455519676208 137.85175964236259 154.0896018743515
leaf_count=168 791 25 3607 1689 1437 1627 127 78 1107 596 512 1795 18 1056 2318 1328 2581 1869 137 105 744 100 265 275
internal_value=-0.000362832 -0.00058545 -7.87943e-05 -0.000146444 -0.00101379 0.000649226 0.000931941 0.00501423 0.000763595 0.000365119 -0.000292654 -0.000787147 0.00108712 -0.00032576 0.00150686 -0.000672396 -0.00126032 -0.00111126 -0.000757087 0.000277686 -0.00164946 -0.000858698 -0.00118173 -0.000753627
internal_weight=21756.3 17848.5 8196.59 8108.66 9651.95 3907.77 3264.64 124.925 3139.71 4492.65 2478.14 3616 524.309 1263.28 1876.43 1953.84 7173.8 5221.36 643.13 174.444 1952.44 101.012 468.685 291.941
internal_count=24355 16992 7712 7687 9280 7363 6313 205 6108 4203 2649 3484 809 2163 3945 1840 6631 4450 1050 342 2181 205 708 540
is_linear=0
shrinkage=0.0424476


Tree=68
num_leaves=24
num_cat=0
split_feature=1 5 9 9 4 9 0 9 4 1 4 1 1 1 9 4 4 9 1 4 0 4 0
split_gain=2.13361 1.3826 2.97689 0.846106 1.0758 0.950063 0.649268 0.605868 0.548274 0.545283 0.896141 0.591518 0.517628 0.379945 0.288649 0.250658 0.713268 0.37212 0.249911 0.175431 0.202695 0.153102 0.0201365
threshold=-0.60032953050696913 -1.0000000180025095e-35 5.94584145220752 1.4801675009391817 1014.5500000000001 1.3192129189280275 -0.29694713243685561 4.7091076831868905 1003.6296399942775 -0.64178054023930542 1008.6042554516047 -0.71748210095375242 0.68789073793371636 -0.66135564921164625 -0.10003140661612873 1009.8013827846574 1009.7055573288902 1.3765718562376021 0.48634789132201989 1007.8025486221449 -0.00033512952589765684 1006.0099857847753 -0.5
decision_type=2 2 2 2 2 2 2 2 2 2 2 2 2 2 2 2 2 2 2 2 2 2 2
left_child=9 2 6 4 5 -3 7 -2 -5 11 19 15 -10 22 -15 16 -1 -17 -6 20 -11 -8 -13
right_child=1 3 -4 8 18 -7 21 -9 12 10 -12 13 -14 14 -16 17 -18 -19 -20 -21 -22 -23 -24
leaf_value=0.023565398409023955 -0.042636738423633865 0.0054194746875781217 0.058974972691134483 0.020972907451577379 -0.089256795655803176 0.022503992428492711 -0.059019810367938866 0.019693878683514583 -0.007522772506837719 0.08897523617636309 -0.020015351751028185 -0.031687935923994277 -0.039979378803752991 0.15278025084980046 -0.016860700098362689 -0.0028786963526713583 0.073713879672029275 0.050774299921398466 0.047978317220427384 0.07353625681698335 0.057615150801597854 -0.074832533241557211 -0.063454701547120324
leaf_weight=2035.7576638460159 5183.2794281542301 4694.8997741639614 88.402218073606491 132.4633509516716 456.65191799402237 173.26371598243713 477.76824554800987 217.52984696626663 1841.2837867736816 45.033791452646255 83.332151532173157 91.394474625587463 2309.5310815572739 51.785854160785675 65.436916619539261 826.92576992511749 40.801143556833267 232.026984333992 107.09534952044487 45.352599054574966 46.368188560009003 1930.4132772982121 309.10217988491058
leaf_count=4422 6132 4511 53 92 287 185 293 128 2276 106 137 193 1676 99 116 1135 90 472 155 81 89 1207 412
internal_value=-0.000307292 -0.000506225 -0.00092387 -0.000164817 0.000184332 0.000390664 -0.00101362 -0.000748687 -0.00061192 0.000592502 0.0026623 0.000462731 -0.000701043 -0.000850645 0.00118846 0.000685497 0.000958094 0.000133456 -0.00156454 0.00479402 0.00332296 -0.0016001 -0.00149373
internal_weight=21485.9 17612.6 7897.39 9715.19 5431.91 4868.16 7808.99 5400.81 4283.28 3873.32 220.087 3653.23 4150.81 517.719 117.223 3135.51 2076.56 1058.95 563.747 136.755 91.402 2408.18 400.497
internal_count=24347 16995 7813 9182 5138 4696 7760 6260 4044 7352 413 6939 3952 820 215 6119 4512 1607 442 276 195 1500 605
is_linear=0
shrinkage=0.0424476


Tree=69
num_leaves=14
num_cat=0
split_feature=0 0 9 8 4 7 4 7 7 9 0 8 0
split_gain=0.663385 0.886778 2.52278 1.42651 0.86511 0.588534 0.386539 0.557221 0.30703 1.11693 0.440053 0.140794 0.133134
threshold=1.0466245345220588 0.49746467839286013 6.3703275525931318 2.3300000000000005 1014.5500000000001 6.7800000000000038 1004.701668218319 1.0015694900330312 1.3400000000000019 3.9684253576346298 0.25881904510252057 1.5803831406652786 0.96431984276722771
decision_type=2 2 2 2 2 2 2 2 2 2 2 2 2
left_child=1 2 8 6 5 -5 7 -3 9 -1 -10 -8 -6
right_child=-2 3 -4 4 12 -7 11 -9 10 -11 -12 -13 -14
leaf_value=-0.015548457816579302 -0.11782222623773606 0.007640450695844481 0.047967813386145607 0.013673888960400791 -0.11736343380604987 0.028561965412330543 -0.010005082098549476 -0.01623075238696433 -0.024318576060923115 0.035818501852652861 -0.092004370586035777 -0.034837777788750621 -0.010071701707610292
leaf_weight=1928.1528931260109 371.67783212661743 107.44455051422119 176.04862850904465 4746.166822373867 304.62214022874832 397.69178709387779 939.52559193968773 92.494084119796753 9519.8492398560047 391.56153681874275 1274.8527065813541 991.16689276695251 244.64500448107719
leaf_count=3052 84 170 117 5280 274 203 1664 129 10740 516 824 1154 140
internal_value=-0.000287769 -0.000255474 -0.000466787 0.000101122 0.000453871 0.000627183 -0.000832742 0.000895195 -0.000535811 -8.34781e-05 -0.000631299 -0.00102128 -0.00113545
internal_weight=21485.9 21114.2 13290.5 7823.76 5693.13 5143.86 2130.63 199.939 13114.4 2319.71 10794.7 1930.69 549.267
internal_count=24347 24263 15249 9014 5897 5483 3117 299 15132 3568 11564 2818 414
is_linear=0
shrinkage=0.0424476


Tree=70
num_leaves=25
num_cat=0
split_feature=1 8 8 7 7 8 1 1 2 7 8 1 8 9 1 2 2 8 8 8 1 2 8 8
split_gain=2.23374 2.09147 1.81009 1.56083 1.10791 0.927583 1.11194 2.14682 0.957376 0.924582 0.670067 1.21382 1.63271 0.70742 0.640333 1.45919 1.32518 1.10288 0.55842 0.418662 0.39576 0.293705 2.48744 0.541188
threshold=0.22215815049894402 6.3200000000000029 6.4019224842663931 5.2400000000000011 2.9149999999999996 2.0900000000000021 -0.97310932590074073 -0.97873101657557326 -0.93760092995349764 3.0516694427445952 1.6907325876419039 0.55265906544660026 1.5116465390248897 4.2988197902313976 0.044253241935523734 0.85651926849515192 0.97690230611205509 5.5049999999999999 8.8100000000000005 6.3200000000000029 0.97805592386711537 -0.78722814524473539 2.1400000000000028 4.2336217347862801
decision_type=2 2 2 2 2 2 2 2 2 2 2 2 2 2 2 2 2 2 2 2 2 2 2 2
left_child=4 10 -3 9 5 -1 7 -7 -8 -4 11 12 -2 -13 15 19 -16 -18 -17 -6 -5 22 -12 -23
right_child=1 2 3 20 14 6 8 -9 -10 -11 21 13 -14 -15 16 18 17 -19 -20 -21 -22 23 -24 -25
leaf_value=-0.00079491562150645154 0.014405905996188236 0.13790246681172083 -0.019613231415489554 -0.0075344958115511817 0.016003199674301916 0.039241523765635257 0.056180705296735273 0.093760667184490026 0.019565786577361251 0.048717365132201797 0.042338189960088791 -0.033380018961907121 0.11960160434402149 0.005629563912355663 -0.050623117043743032 -0.1589631139988936 -0.35266789765480161 0.033496086968251938 -0.042003143882313951 -0.021537559057003712 -0.15064661992737044 -0.069678671571635251 -0.070041844767105788 -0.034094009672727417
leaf_weight=1642.5994597375393 417.01866912841797 111.0502193570137 161.30323642492294 1176.1239718496799 2270.0445624887943 212.51835417747498 245.71187999844551 41.311285138130188 1533.4169490635395 506.53015851974487 195.35911309719086 1392.7470904886723 95.541739672422409 468.32828044891357 358.94882765412331 1278.4094252884388 106.96866625547409 399.77392438054085 783.21704432368279 989.00346574187279 369.00145334005356 3537.9406751692295 1360.1885623037815 2115.2126539945602
leaf_count=4440 499 109 179 1214 2802 447 458 61 2476 569 171 1079 105 340 335 1156 105 371 479 1227 243 2746 928 1966
internal_value=-0.000356897 -0.000748439 0.000388162 0.000114228 0.000113936 0.000698879 0.00130532 0.00395578 0.000916745 0.00183595 -0.00102603 -0.000395864 0.00141919 -0.000905705 -0.000230608 -0.000407147 0.000833028 0.00224298 -0.0012919 0.000146856 -0.000617961 -0.00123096 -0.000690101 -0.00137651
internal_weight=21768.3 11906.3 2324.01 2212.96 9861.92 3675.56 2032.96 253.83 1779.13 667.833 9582.34 2373.64 512.56 1861.08 6186.37 5320.67 865.691 506.743 2061.63 3259.05 1545.13 7208.7 1555.55 5653.15
internal_count=24505 10148 2314 2205 14357 7882 3442 508 2934 748 7834 2023 604 1419 6475 5664 811 476 1635 4029 1457 5811 1099 4712
is_linear=0
shrinkage=0.0424476


Tree=71
num_leaves=25
num_cat=0
split_feature=6 3 8 4 6 7 4 4 8 3 6 4 6 8 3 3 6 8 8 4 8 6 4 7
split_gain=4.65348 1.30663 1.48333 1.19016 1.17096 1.05452 1.80461 0.823928 0.755862 0.920855 0.601567 0.579337 0.447519 0.35775 0.343613 0.255913 0.226873 0.337988 0.2205 0.213487 0.807362 0.144481 0.107936 0.118772
threshold=0.25881904510252057 4.5203481616153427 1.5116465390248897 1004.9007916191853 -0.70718654785976864 1.5205882361910763 1003.6296399942775 1014.5500000000001 4.3798732248510808 1.8815595933400064 -0.5 1006.2033602400564 -1.0717760649712615 1.5547046976284713 4.7830684297235804 5.5311841845599181 -0.70697422930327269 1.5803831406652786 6.501474265000728 1009.3000825502069 3.2349999999999999 -0.0012368598000733007 1007.9002757846887 0.84000000000000175
decision_type=2 2 2 2 2 2 2 2 2 2 2 2 2 2 2 2 2 2 2 2 2 2 2 2
left_child=4 2 22 -4 12 6 -3 -5 16 10 -10 -11 -1 14 -14 -8 17 -6 -15 20 -7 -18 -2 -24
right_child=1 5 3 7 8 19 15 -9 9 11 -12 -13 13 18 -16 -17 21 -19 -20 -21 -22 -23 23 -25
leaf_value=-0.074589310486769922 -0.031809866587603347 0.024338301924291841 0.043689179730062054 0.022458932972448473 0.036014490531603452 -0.080901461811037592 -0.013430607225147828 -0.10794228515143876 -0.053097928042250962 0.056886410719037613 0.032920429594756724 -0.029789839532648375 -0.025554254848498492 -0.065361581783071998 0.067562010650851906 0.016605156606179616 -0.051774235174804069 -0.031067842283415258 -0.17851213643433256 -0.10062450797635629 0.07579387982470602 -0.029450837746765136 -0.035797636936519855 0.026221724132389285
leaf_weight=935.95295512676239 369.67407116293907 88.580144762992859 60.427220672369003 4080.9818472862244 193.14683058857918 600.10232359170914 509.29375654459 196.31923732161522 214.62080231308937 345.55178996920586 652.32788932323456 2861.2456913292408 399.8650698363781 4214.5056489408016 174.28128501772881 507.98798164725304 1859.3645269572735 559.88009825348854 1026.1810027658939 526.42632305622101 122.37079697847366 1082.5356689095497 113.08590391278267 73.560801774263382
leaf_count=210 358 107 95 6151 361 415 676 187 314 448 954 2644 522 3212 392 1010 2169 665 1016 457 166 1576 233 167
internal_value=-0.000370541 0.000506248 0.000902528 0.0011693 -0.000809551 -0.000309504 0.000634305 0.00108061 -0.000450413 -4.68445e-05 0.00117534 -0.000383036 -0.0012201 -0.00107486 -3.52235e-05 0.000109736 -0.000890343 -0.000201968 -0.00118523 -0.00116004 -0.000645873 -0.00106025 -0.00114421 -0.000193824
internal_weight=21768.3 7248.81 4894.05 4337.73 14519.5 2354.76 1105.86 4277.3 7768.67 4073.75 866.949 3206.8 6750.79 5814.83 574.146 1017.28 3694.93 753.027 5240.69 1248.9 722.473 2941.9 556.321 186.647
internal_count=24505 10022 7191 6433 14483 2831 1793 6338 9131 4360 1268 3092 5352 5142 914 1686 4771 1026 4228 1038 581 3745 758 400
is_linear=0
shrinkage=0.0424476


Tree=72
num_leaves=22
num_cat=0
split_feature=1 1 2 7 5 3 1 7 2 1 7 2 2 2 7 5 3 2 5 7 7
split_gain=2.42318 1.40389 1.10572 1.14143 1.09444 1.60458 1.03142 0.710156 0.696518 0.676019 0.648035 0.531734 0.291212 0.662024 0.51041 0.936269 0.233768 0.173949 0.151993 0.0479519 0.0874264
threshold=0.91423119723059265 -0.89414697905359375 -0.82631688199933129 3.892123922156641 0.70436907356351874 2.9923900646450159 -0.90518480756366004 1.1402718051256746 0.3090169943749474 -0.60032953050696913 3.0516694427445952 -0.033168202209087554 -0.25601255793537553 -0.228656083955845 1.0800000000000003 0.25881904510252091 3.2304843002771695 -0.053349907161106304 0.25881904510252091 1.4500000000000013 1.0015694900330312
decision_type=2 2 2 2 2 2 2 2 2 2 2 2 2 2 2 2 2 2 2 2 2
left_child=1 6 3 7 9 -6 8 -3 11 -4 -8 -1 19 -14 15 -15 -5 -16 -10 20 -2
right_child=12 2 4 16 5 -7 10 -9 18 -11 -12 -13 13 14 17 -17 -18 -19 -20 -21 -22
leaf_value=0.0060831081835150871 -0.080332121458815076 0.001580406888641777 0.0023031926683232955 -0.0028002622763044936 0.023099746399908357 -0.035344162235401225 0.031683384451220646 0.024360948158102181 -0.092572531467584013 -0.05008138112236845 0.12162363670439454 0.041845712643079937 0.10464487088105365 0.029379698339283524 -0.10142893628482849 -0.024325645642756966 -0.099841517566095828 -0.033946591659226533 0.0044734511347589816 -0.090130495213999101 -0.014633875578425852
leaf_weight=763.55767622590065 291.88468873500824 964.99241206049919 1378.6057012081146 640.25274506211281 1571.7638547718525 2370.1422575414181 47.616860747337341 1366.5921193361282 194.38013601303101 6749.204284965992 42.625969648361206 705.40262961387634 114.04289981722832 65.265596330165863 662.42443680763245 166.350999802351 724.99787220358849 1472.3579489886761 85.174121052026749 988.09064045548439 173.58975797891617
leaf_count=1604 148 1793 2558 714 1607 2038 131 1852 291 6490 77 1397 108 75 457 213 461 1562 203 425 84
internal_value=-0.000372691 -0.000158668 -0.000289017 0.000350382 -0.000486392 8.98223e-05 0.000948935 0.000924319 0.000708314 -0.000768129 0.00540521 0.00108458 -0.00132576 -0.00102871 -0.00118596 0.000652903 -0.000616228 -0.00139414 -0.00120254 -0.00181992 -0.00133355
internal_weight=21539.3 17605.3 15766.6 3696.84 12069.7 3941.91 1838.76 2331.58 1748.51 8127.81 90.2428 1468.96 3934.01 2480.44 2366.4 231.617 1365.25 2134.78 279.554 1453.57 465.474
internal_count=24288 21216 17513 4820 12693 3645 3703 3645 3495 9048 208 3001 3072 2415 2307 288 1175 2019 494 657 232
is_linear=0
shrinkage=0.0424476


Tree=73
num_leaves=23
num_cat=0
split_feature=6 8 2 6 2 4 4 2 6 4 4 9 6 2 9 8 2 6 2 2 8 2
split_gain=4.04069 1.50506 1.97113 1.83929 0.888642 1.13436 0.803033 1.14967 0.723711 1.13265 0.660867 0.539813 0.894103 0.384947 0.326917 0.302422 0.291767 0.278676 0.233609 0.295768 0.0353119 0.0149951
threshold=1.0000000180025095e-35 3.5850000000000013 -0.012910296075008829 0.70137043877975058 -0.9592682739222077 1010.301597619405 1014.4500000000002 0.99370977118463066 -0.67844553979037203 1008.301266389046 1002.9062791817597 0.89084768233117739 0.70137043877975058 -0.99892050974818625 -3.359724098764342 6.9527821088121851 -0.228656083955845 -1.3692785160552339 0.99164058729498161 0.19311121294034192 4.5808806179214363 0.99370977118463066
decision_type=2 2 2 2 2 2 2 2 2 2 2 2 2 2 2 2 2 2 2 2 2 2
left_child=4 10 3 15 5 8 7 -4 13 -10 -2 12 -12 -1 -5 -3 -13 -6 19 -19 -20 -8
right_child=1 2 6 14 17 -7 21 -9 9 -11 11 16 -14 -15 -16 -17 -18 18 20 -21 -22 -23
leaf_value=-0.15364825255765296 0.015183769028157459 0.0038264386646297329 0.0082267110805357372 0.14441833628378381 -0.11622555465277888 0.021920731160809372 -0.038025059392666427 0.07095096338852927 0.0049987201930004671 0.04454170742911058 -0.017776419921857783 -0.024040501819124746 0.036410338181096832 -0.00064598976275829102 0.048042787764976169 0.13534567893370711 0.00078666996210082136 -0.050419812509060746 -0.11802816371415088 -0.027494235478765863 -0.2041472465255755 -0.12201315548553721
leaf_weight=425.85888919234276 84.689745008945465 479.48968809843063 2994.2950095832348 35.499045789241791 413.16063338518143 127.23279348015785 180.39213970303535 342.40590542554855 295.91087210178375 79.194494903087616 252.5254233777523 2232.301598906517 228.00136476755142 430.31972888112068 565.23508578538895 44.032358348369598 1102.6967788040638 6919.6904377639294 87.263543277978897 3658.9384085536003 392.44073516130447 167.74092906713486
leaf_count=183 85 988 3369 85 95 62 172 319 443 62 394 2402 456 507 1312 76 2096 5642 119 4912 389 120
internal_value=-0.000357888 0.000346255 0.000849706 0.00240851 -0.000837319 0.000177791 0.000369076 0.000575545 -0.000202226 0.00133283 -0.000269769 -0.000356492 0.000959627 -0.000896394 0.00401615 0.00052836 -0.000551681 -0.000959148 -0.000915688 -0.000870826 -0.00186635 -0.0015566
internal_weight=21539.3 8709.31 4809.09 1124.26 12830 1358.52 3684.83 3336.7 1231.28 375.105 3900.21 3815.53 480.527 856.179 600.734 523.522 3335 11471.5 11058.3 10578.6 479.704 348.133
internal_count=24288 11874 6441 2461 12414 1257 3980 3688 1195 505 5433 5348 850 690 1397 1064 4498 11157 11062 10554 508 292
is_linear=0
shrinkage=0.0424476


Tree=74
num_leaves=24
num_cat=0
split_feature=6 0 5 4 9 4 6 4 9 9 4 0 9 0 4 4 0 6 4 4 6 4 4
split_gain=4.35203 1.09062 0.847246 1.11276 0.790455 0.777627 0.737327 0.621323 0.656261 0.601389 0.616439 0.592616 0.532266 0.502888 0.317958 0.251363 0.233538 0.177493 0.178735 0.156388 0.205693 0.116089 0.0121675
threshold=0.10602658207836359 0.42732059010931706 -0.86562926661945727 1002.9062791817597 3.0124050039419079 1014.6500000000002 0.7085422854638902 1005.5021664747411 2.0772281312776415 2.9384714346157375 1011.212216480659 1.0025486335058764 1.2621707895174252 0.99852165491081479 1003.6296399942775 1010.1020747736236 -0.96519703971273085 1.0000000180025095e-35 1008.4015245317891 1008.1049908236944 0.26091085841663381 1010.6100755919166 1010.9136334241356
decision_type=2 2 2 2 2 2 2 2 2 2 2 2 2 2 2 2 2 2 2 2 2 2 2
left_child=1 7 6 -4 5 -5 19 8 12 10 11 -3 -1 -12 -6 16 -9 21 -19 20 -2 -11 -21
right_child=2 9 3 4 14 -7 -8 15 -10 17 13 -13 -14 -15 -16 -17 -18 18 -20 22 -22 -23 -24
leaf_value=-0.0060958621399522621 0.018729766388133225 0.010884945828177534 0.023574222687043959 0.019892192587496187 0.0086146374261100011 -0.040120133217181941 0.0082926130780777395 -0.024055761581386066 -0.1101287352259754 -0.056230705665427455 -0.052276445666964523 -0.22311709577233524 0.094205062435450057 0.0070689788290466049 -0.0047884478692960843 -0.15166344797416642 -0.080961195690953711 -0.026124027403010792 0.021266858745521238 -0.022998796351442672 -0.026350142822974668 -0.068237356798070484 -0.11677719679141224
leaf_weight=780.66326233744621 302.71457341313362 2363.1073974072933 74.215633869171143 4259.2969288527966 95.694383293390274 221.5128348171711 54.617955088615417 490.35605084896088 419.89360177516937 1025.5144464075565 1526.7761401832104 167.01543855667114 180.28632941842079 350.89696383476257 1905.9083898961544 1379.5856334269047 4482.5922515690327 134.34390991926193 71.92673921585083 379.2907173037529 310.29931563138962 321.3621718287468 243.24404603242874
leaf_count=987 501 2880 77 6097 57 197 15 655 211 848 1434 37 175 221 2548 1281 3930 217 131 702 405 349 364
internal_value=-0.000256517 -0.00071381 0.000539196 0.000735926 0.000673526 0.000986902 -0.00044623 -0.00104726 -0.000214794 -0.000278101 -2.07143e-05 0.000407361 0.000381375 -0.000607396 -1.87513e-05 -0.0012253 -0.00107487 -0.000996632 8.15904e-05 -0.000672599 -0.000155763 -0.00117551 -0.00115178
internal_weight=21541.1 13694.3 7846.79 6556.63 6482.41 4480.81 1290.17 7733.38 1380.84 5960.94 4407.8 2530.12 960.95 1877.67 2001.6 6352.53 4972.95 1553.15 206.271 1235.55 613.014 1346.88 622.535
internal_count=24319 13356 10963 8976 8899 6294 1987 7239 1373 6117 4572 2917 1162 1655 2605 5866 4585 1545 348 1972 906 1197 1066
is_linear=0
shrinkage=0.0424476


Tree=75
num_leaves=22
num_cat=0
split_feature=5 5 8 3 8 2 2 7 2 2 3 3 2 7 3 3 2 2 3 5 3
split_gain=1.09652 1.46336 1.13386 1.61723 0.984125 0.686411 0.653371 0.428793 1.59503 1.46404 0.744813 0.691998 0.646424 0.33207 0.387975 0.324444 0.203853 0.305246 0.191156 0.00694484 0.0590546
threshold=0.16913175927069204 0.23635379981989407 3.515000000000001 4.2500749322125477 4.0509473958312698 0.85651926849515192 0.97690230611205509 1.5205882361910763 -0.40175069836505656 -0.228656083955845 3.3905965593331135 4.4720225700046816 0.63874942205152718 2.5400000000000014 4.9422957706665525 2.2010900737380514 0.99164058729498161 0.97690230611205509 6.3850000000000007 -0.25931273656640591 2.8025744181662104
decision_type=2 2 2 2 2 2 2 2 2 2 2 2 2 2 2 2 2 2 2 2 2
left_child=5 -2 13 6 -5 7 -4 8 11 -10 12 -1 -9 14 -3 16 17 -7 -12 -17 -21
right_child=1 2 3 4 -6 15 -8 10 9 -11 18 -13 -14 -15 -16 19 -18 -19 -20 20 -22
leaf_value=-0.054148321174395699 0.028837624564477322 -0.024542654183999708 0.011885103316402794 0.050329886562664718 -0.077329936439804306 -0.095018826562510442 0.031004542428606612 -0.013670856330879399 0.034374722343950129 0.0047479267547541788 -0.071535089758079554 0.0063350267094530229 0.057135121772335908 0.019046739362691422 -0.00023423299654859778 -0.21193097303173369 -0.091746915286815528 0.087100972689456421 0.014065056036887073 -0.048726622254195676 -0.17745061492238839
leaf_weight=938.66491058468819 74.359845757484436 2329.7538611888885 3979.3804123103619 167.79729568958282 1477.1374832391739 386.60206425189972 592.78621339797974 3267.9571252763271 163.90973129868507 536.73698261380196 3377.8295323252678 934.90145349502563 513.78103214502335 83.880156487226486 1115.830950409174 732.85855522751808 173.84523302316666 82.256767570972443 191.35458788275719 82.147172480821609 337.3437482714653
leaf_count=810 22 2851 4541 220 1088 503 357 3808 239 1207 2610 1282 796 126 1873 1009 198 123 157 98 401
internal_value=-0.000272917 5.62158e-05 9.05091e-06 0.000355878 -0.00077993 -0.000550294 0.00076856 -0.000409431 5.5517e-05 0.00178986 -0.00057477 -0.000583191 -0.000153886 -0.000596633 -0.00066492 -0.00131882 -0.000513194 -1.26111e-05 -0.00101553 -0.00175207 -0.00139401
internal_weight=21541.1 9820.93 9746.57 6217.1 1644.93 11720.2 4572.17 9925.14 2574.21 700.647 7350.92 1873.57 3781.74 3529.46 3445.58 1795.05 642.704 468.859 3569.18 1152.35 419.491
internal_count=24319 11078 11056 6206 1308 13241 4898 10909 3538 1446 7371 2092 4604 4850 4724 2332 824 626 2767 1508 499
is_linear=0
shrinkage=0.0424476


Tree=76
num_leaves=25
num_cat=0
split_feature=1 5 3 8 1 1 1 8 8 8 0 1 1 8 8 1 5 1 8 1 1 3 3 8
split_gain=2.08083 1.39479 1.0232 0.926792 0.876076 0.861276 0.775067 0.743111 2.78213 0.620786 0.599158 0.596019 0.558957 0.452053 2.28341 2.42028 0.430221 0.393257 0.23584 0.293226 0.178096 0.185077 0.0601472 0.0458346
threshold=-0.89414697905359375 -1.0000000180025095e-35 3.0707466034808912 5.0400000000000018 0.14706992549541839 0.99965739133362419 -0.90518480756366004 1.5803831406652786 1.5116465390248897 4.1500000000000012 -0.3930250126315446 -0.27987374920143959 0.99466160899732492 2.3300000000000005 3.5850000000000013 -0.97873101657557326 -0.5515429464814835 -0.93535928755917819 2.0005230379779388 0.59555467238250392 -0.99166813670569331 3.2718876039977842 3.2718876039977842 1.6199999999999994
decision_type=2 2 2 2 2 2 2 2 2 2 2 2 2 2 2 2 2 2 2 2 2 2 2 2
left_child=6 10 3 4 -3 -5 13 8 -4 -8 12 -9 16 20 15 -15 -2 -16 19 -12 21 -1 -20 -22
right_child=1 2 7 5 -6 -7 9 11 -10 -11 18 -13 -14 14 17 -17 -18 -19 22 -21 23 -23 -24 -25
leaf_value=-0.038428076188650337 -0.029320656194822659 0.012835008527171133 -0.0030607737253384834 0.016240424901503334 -0.039500296337937502 0.29775441029880684 0.026794177725678599 0.0048340370058343905 0.11202976356646802 0.11737385174186246 0.042998957806241564 -0.041003831450145557 -0.056932521235581714 0.033999442154823388 0.025665205427863522 0.067172548355747805 0.012702883178268959 -0.051841613216604292 -0.090703132238253534 -0.0093551480168334485 -0.056265070572644744 0.043211415360582921 -0.11264151432044332 -0.0024778713667194386
leaf_weight=54.680206090211868 4273.1494547128677 393.5451203584671 980.70204761624336 2779.5453821122646 982.00685897469521 87.914040058851242 44.959995895624161 1275.389400780201 103.31770843267441 37.787309348583221 172.50965771079063 4162.4576275348663 461.12691873311996 80.143984228372574 926.22348827123642 62.667690694332123 1219.1565333306789 170.50014647841454 1046.1493948698044 324.52017691731453 182.11670905351639 100.12012737989426 1343.3838690519333 196.1786395907402
leaf_count=125 5716 761 1579 2831 991 35 119 1610 178 80 297 3155 285 212 1365 123 1625 262 669 186 582 323 774 515
internal_value=-0.000300431 -0.000429687 -0.000103268 0.000407547 -0.000489731 0.000844439 0.00105537 -0.000438435 0.000567351 0.00511611 -0.000825087 -0.000642341 -0.00057624 0.000855331 0.00130153 0.0063644 -0.000452697 0.000625312 -0.00133191 -0.000436831 -0.00014743 0.00101905 -0.00151033 -0.000673722
internal_weight=21460.3 19604.9 10764.9 4243.01 1375.55 2867.46 1855.38 6521.87 1084.02 82.7473 8840 5437.85 5953.43 1772.63 1239.54 142.812 5492.31 1096.72 2886.56 497.03 533.096 154.8 2389.53 378.295
internal_count=24398 20692 11140 4618 1752 2866 3706 6522 1757 199 9552 4765 7626 3507 1962 335 7341 1627 1926 483 1545 448 1443 1097
is_linear=0
shrinkage=0.0424476


Tree=77
num_leaves=24
num_cat=0
split_feature=1 1 1 8 3 8 3 8 1 3 8 8 1 1 1 8 9 8 1 3 3 9 8
split_gain=1.96999 1.20349 0.790791 0.620786 0.61043 1.39674 2.2947 1.10199 0.994765 0.762225 0.435856 2.241 2.49872 0.375542 0.352266 0.324407 0.968549 0.219576 0.155883 0.237251 0.113415 0.0787119 0.0473767
threshold=-0.89414697905359375 0.91423119723059265 -0.90518480756366004 4.1500000000000012 3.3106512398088235 1.8813881083528619 4.4720225700046816 3.515000000000001 0.044253241935523734 4.2932867010032068 2.3300000000000005 3.5850000000000013 -0.97873101657557326 -0.93535928755917819 0.12332438255465399 6.3200000000000029 3.5188463314127962 1.2700000000000016 -0.99466160899732459 4.0820774264390955 1.6850000000000003 6.3703275525931318 1.6199999999999994
decision_type=2 2 2 2 2 2 2 2 2 2 2 2 2 2 2 2 2 2 2 2 2 2 2
left_child=2 4 10 -4 7 6 -6 14 -9 -7 18 12 -12 -13 -2 17 20 -3 19 -1 -17 -19 -20
right_child=1 15 3 -5 5 9 -8 8 -10 -11 11 13 -14 -15 -16 16 -18 21 22 -21 -22 -23 -24
leaf_value=-0.03550248949668252 0.0039834101768017683 0.0049761561860697436 0.025656827980917223 0.11239160814823514 -0.043298663415413476 -0.0056422614954330323 0.031668512522601007 -0.010766301920907868 0.015728596789839691 -0.081179231215933748 0.032556245903282509 0.02457577789843933 0.064321231867906392 -0.049641058821407229 -0.04633531179602815 -0.12612106589141608 0.13562596354815998 -0.052947030210303128 -0.03257635810889601 0.051577632172543804 -0.018280437087018032 -0.056300067046147741 -0.0023726915625341505
leaf_weight=66.586419850587845 410.61650013923645 167.44626274704933 44.959995895624161 37.787309348583221 973.37767943739891 2363.6892590224743 1461.3413193821907 2709.3668561279774 2854.4374360740185 3983.4304468035698 80.143984228372574 926.22348827123642 62.667690694332123 170.50014647841454 1095.4504460096359 165.20979452133179 128.55348128080368 2643.127503991127 202.35143256187439 67.979190111160278 514.13173243403435 134.69547322392464 196.1786395907402
leaf_count=164 1020 141 119 80 1027 2500 2523 3125 3286 3179 212 1365 123 262 1054 143 92 2077 651 215 484 41 515
internal_value=-0.000301684 -0.000427463 0.00101737 0.00511611 -0.000264101 -0.000500558 0.000358471 2.69957e-05 0.000305265 -0.000832995 0.000815558 0.00125397 0.00626894 0.000583995 -0.000988703 -0.00111249 -0.000328004 -0.00132139 -0.000169105 0.0010298 -0.000987971 -0.0014119 -0.0006204
internal_weight=21460.3 19604.9 1855.38 82.7473 15851.7 8781.84 2434.72 7069.87 5563.8 6347.12 1772.63 1239.54 142.812 1096.72 1506.07 3753.16 807.895 2945.27 533.096 134.566 679.342 2777.82 398.53
internal_count=24398 20692 3706 199 17714 9229 3550 8485 6411 5679 3507 1962 335 1627 2074 2978 719 2259 1545 379 627 2118 1166
is_linear=0
shrinkage=0.0424476


Tree=78
num_leaves=22
num_cat=0
split_feature=6 4 2 3 3 3 4 9 4 2 2 4 2 2 9 2 2 4 9 9 6
split_gain=2.91849 2.03159 0.695544 0.771697 0.603758 0.562624 0.72017 0.564724 0.526511 0.455591 0.590389 0.425529 1.58121 0.402042 0.496916 0.377262 0.32263 1.2567 0.41115 0.30299 0.299238
threshold=0.25881904510252057 1002.9062791817597 -0.82631688199933129 4.6801491365482688 2.0031180588207467 4.5203481616153427 1004.9007916191853 -3.1752633375688446 1005.5021664747411 -0.59068112479528467 0.055916990100603255 1009.3000825502069 -0.20850241230454711 -0.86527787191711336 0.51360822726247168 0.98878412116898506 0.19311121294034192 1005.6040330343402 -1.8488451086954265 -0.93637319329899416 -0.2589913477455501
decision_type=2 2 2 2 2 2 2 2 2 2 2 2 2 2 2 2 2 2 2 2 2
left_child=2 -2 3 8 9 6 -3 -8 20 -4 -11 12 -7 14 -5 -13 18 -18 -6 -10 -1
right_child=1 5 4 13 16 11 7 -9 19 10 -12 15 -14 -15 -16 -17 17 -19 -20 -21 -22
leaf_value=0.033783299661114798 0.03253134404810485 0.02158750122397458 -0.059123557988676148 0.037384235519893678 0.0028905652882007041 -0.010828827478352739 0.035733614875258154 0.0080384579945997573 0.0083568922359946868 0.022388377885287768 -0.016902907394596579 -0.072336109484957736 0.040722912468547735 0.14071508649668124 -0.0014914155138687909 0.0081273566064793083 0.095107783937072699 -0.055246334506264878 -0.05817450301784817 -0.092610705390366629 0.070551438924185236
leaf_weight=166.72797691822052 73.239033102989197 102.49808123707771 265.90138360857964 413.36221662163734 409.23590657114983 1262.5046452581882 255.40671834349632 4700.6425519287586 523.90785977244377 573.82570251822472 1248.9419424235821 496.80707052350044 323.67858985066414 138.41871842741966 295.13325673341751 98.821933597326279 68.551428526639938 3797.8774008154869 4938.6535338163376 1290.1865331232548 75.670576900243759
leaf_count=174 71 137 206 580 420 1632 343 6706 505 578 1691 464 466 117 418 104 89 4666 3717 953 153
internal_value=-0.000308372 0.000378968 -0.000663525 -7.0484e-05 -0.000814221 0.00030514 0.000552059 0.000474987 -0.000520523 -0.000152016 7.77192e-05 -0.000258857 9.36057e-05 0.00100044 0.000559549 -0.00122855 -0.000962318 -0.000655994 -0.00118032 -0.000775244 0.00130934
internal_weight=21520 7313.6 14206.4 2903.41 11303 7240.36 5058.55 4956.05 2056.49 2088.67 1822.77 2181.81 1586.18 846.914 708.495 595.629 9214.32 3866.43 5347.89 1814.09 242.399
internal_count=24190 9923 14267 2900 11367 9852 7186 7049 1785 2475 2269 2666 2098 1115 998 568 8892 4755 4137 1458 327
is_linear=0
shrinkage=0.0424476


Tree=79
num_leaves=21
num_cat=0
split_feature=5 2 4 5 2 2 5 2 4 8 8 4 2 7 7 8 7 8 2 2
split_gain=0.777441 0.777948 1.0475 0.617863 0.454308 0.450861 0.546425 0.593751 0.411978 1.91729 0.560477 1.03887 0.496845 0.34878 0.27496 0.449746 0.203054 0.0744799 0.0909949 0.0417587
threshold=-1.0000000180025095e-35 -0.82631688199933129 1006.3033817818208 1.0007898947123353 -0.99892050974818625 0.85651926849515192 -0.5 -0.28423888525678598 1003.6296399942775 1.8404421469692565 2.4118506817661456 1008.9007605866798 -0.33278437032804348 3.892123922156641 4.9413228794586219 5.7700000000000022 0.81000000000000061 5.5049999999999999 0.94820333012481139 -0.9592682739222077
decision_type=2 2 2 2 2 2 2 2 2 2 2 2 2 2 2 2 2 2 2 2
left_child=1 2 4 8 -1 6 7 -3 9 -2 12 -12 -10 -6 15 -4 -8 -7 -19 -16
right_child=3 5 14 -5 13 17 16 -9 10 -11 11 -13 -14 -15 19 -17 -18 18 -20 -21
leaf_value=-0.030419206359247677 0.031136358195585263 -0.032158416060579009 -0.0017119780021079179 -0.072062180714320731 0.077096195875388698 -0.1670143096773134 0.007253640172417565 0.0076972443831190189 -0.034941241679943627 -0.026800698846106044 0.023554131032350666 -0.0055940877786853707 0.00080300193713824506 0.032195846706155398 -0.18475951182518341 0.018116799982344528 -0.045093497574812881 -0.062437582952655182 -0.18507568182100034 -0.082324032441959252
leaf_weight=168.02199327945709 73.474099814891815 1814.9371734261513 825.05631220340729 276.73028165102005 358.66985103487968 538.8672796189785 139.46410658955574 2049.3394008278847 1873.1583540737629 89.55226731300354 1998.7007136642933 6317.494308590889 1209.5922728478909 202.07601329684258 232.58310258388519 76.25956866145134 2200.1010228395462 335.4715516269207 558.77891480922699 181.66447186470032
leaf_count=129 114 1654 923 77 666 834 153 3334 2430 67 2758 5642 2005 256 115 60 1788 404 688 93
internal_value=-0.000304987 -0.000587391 0.000140397 -7.24813e-05 0.00143857 -0.000784637 -0.000622679 -0.00030612 -2.34179e-05 0.00209236 -5.53042e-05 0.000124105 -0.000545294 0.00202474 -0.00056467 -0.000125978 -0.00113762 -0.00147281 -0.00117832 -0.00147444
internal_weight=21520 9681.29 2044.33 11838.7 728.768 7636.96 6203.84 3864.28 11562 163.026 11398.9 8316.2 3082.75 560.746 1315.56 901.316 2339.57 1433.12 894.25 414.248
internal_count=24190 11097 2242 13093 1051 8855 6929 4988 13016 181 12835 8400 4435 922 1191 983 1941 1926 1092 208
is_linear=0
shrinkage=0.0424476


Tree=80
num_leaves=24
num_cat=0
split_feature=1 8 8 3 1 3 1 1 4 1 8 1 1 4 3 1 4 8 3 4 1 3 8
split_gain=1.8062 1.79677 1.06243 1.09507 1.51023 1.09759 1.02938 1.02044 1.22359 0.858594 0.93592 0.79649 0.744052 0.823518 0.692671 1.72924 0.686379 1.89117 0.620221 0.529358 0.498481 0.424154 0.226453
threshold=0.32146563578402104 6.0699999999999994 6.2520641185720081 4.1644099102831547 -0.23023710584653345 1.3750000000000002 0.97805592386711537 0.48634789132201989 1011.3005788478392 -0.78509050164541117 6.1200000000000037 -0.69752709668373469 0.99865756837029906 1010.2009455382565 1.9650000000000001 0.095385519140267425 1003.6296399942775 1.7900000000000011 2.2010900737380514 1008.5020402284792 0.99965739133362419 5.8650000000000011 1.6907325876419039
decision_type=2 2 2 2 2 2 2 2 2 2 2 2 2 2 2 2 2 2 2 2 2 2 2
left_child=2 16 9 4 11 -6 7 18 -9 10 21 -4 -8 -14 15 -11 17 -2 -3 -16 22 -1 -18
right_child=1 6 3 -5 5 -7 12 8 -10 14 -12 -13 13 -15 19 -17 20 -19 -20 -21 -22 -23 -24
leaf_value=0.028984410987378341 0.023770410125266001 0.036993247799660074 -0.00091393106633679119 -0.14054487552896777 -0.041273662209028047 0.023200109827169538 -0.13684979329513108 0.069512725207082321 0.011002685421309787 -0.0011596375269264773 0.10147547747021446 -0.267110700869165 -0.17481784347592033 0.22195939512391832 0.01219578058378017 0.034817810302577891 -0.02081594480690015 -0.10883660954971201 -0.19217423800081679 -0.03324808713676642 -0.038656443611689566 -0.013734084402855612 -0.04727125338197246
leaf_weight=1681.5800265371799 195.17983803153038 186.22677239775658 822.32514598965645 640.94106882810593 209.08861657977104 1094.2410546541214 513.50884157419205 649.75151106715202 537.53851148486137 374.31614238023758 78.091762542724609 785.2236405313015 142.77637523412704 154.45809102058411 2405.2297594249249 163.03043568134308 1868.8667289018631 289.89530065655708 352.17992234230042 2391.1489679813385 875.13744586706161 210.23233750462532 5056.8497639298439
leaf_count=3652 122 184 1068 432 166 968 377 797 736 627 107 669 82 90 4058 213 1632 95 227 2585 283 646 4555
internal_value=-0.000288352 -0.000676621 9.70295e-05 -0.00050287 -0.000146274 0.000920055 0.000306376 0.000897979 0.00159744 0.000391302 0.0011496 -0.00102233 -0.000930028 0.000715191 0.000107767 0.00155408 -0.000979765 0.000544352 -0.000610086 -5.04089e-05 -0.00107691 0.000949845 -0.000951272
internal_weight=21677.8 10822.4 10855.4 3551.82 2910.88 1303.33 2536.44 1725.7 1187.29 7303.63 1969.9 1607.55 810.743 297.234 5333.73 537.347 8285.93 485.075 538.407 4796.38 7800.85 1891.81 6925.72
internal_count=24371 9180 15191 3303 2871 1134 2493 1944 1533 11888 4405 1737 549 172 7483 840 6687 217 411 6643 6470 4298 6187
is_linear=0
shrinkage=0.0424476


Tree=81
num_leaves=24
num_cat=0
split_feature=6 1 1 2 6 3 3 2 2 3 4 6 1 2 1 3 1 2 6 2 3 3 4
split_gain=3.40205 1.19475 0.796366 0.877562 0.710693 0.883532 0.807971 0.687803 0.728318 0.677149 1.19572 0.639095 0.595347 0.435227 0.38783 0.381448 0.884165 0.381325 0.349965 0.198383 0.167428 0.11902 0.0369232
threshold=0.70137043877975058 0.32146563578402104 -0.98801351631316325 -0.033168202209087554 1.0716770318811712 4.1250000000000009 3.9468898213812458 0.85651926849515192 -0.99892050974818625 2.9923900646450159 1010.9136334241356 -1.1994164757100656 -0.99865756837029884 0.22611568550828817 0.48634789132201989 6.0550000000000006 0.79647381825584973 -0.89733371665521777 -0.5 0.94820333012481139 5.250109314536811 2.5230242812024986 1006.2033602400564
decision_type=2 2 2 2 2 2 2 2 2 2 2 2 2 2 2 2 2 2 2 2 2 2 2
left_child=1 7 3 -2 5 6 -4 8 22 10 -9 -10 -5 15 21 20 -17 -7 -16 -11 -3 -15 -1
right_child=2 13 4 12 -6 17 -8 9 11 19 -12 -13 -14 14 18 16 -18 -19 -20 -21 -22 -23 -24
leaf_value=-0.012043447841184695 -0.0046900251102633987 -0.052377448608919484 0.015469079407666397 0.10183311061268796 0.0080907730774234157 0.026742135897115788 0.040027161322038464 -0.13582142255882929 -0.25519840059754728 -0.074837181107253431 0.019640597293600414 0.0096587527497375009 0.049032333316827659 -0.039378412629824389 -0.057689086467778899 0.042672943846598137 -0.10510147330731293 -0.015819769394470513 0.0094706714158770498 -0.08075418576054004 -0.04456812770996213 -0.25301381319583904 -0.18264362262985553
leaf_weight=116.5266181230545 52.274537235498428 5291.3903111815453 2796.1527387797832 38.426323175430298 189.62573003768921 248.49629804491997 121.58892604708672 386.15930640697479 218.98307061195374 416.61831116676331 553.20655801892281 4864.320645570755 44.065814942121506 255.61573618650436 765.61144614219666 163.43136194348335 234.12207984924316 1396.9618408679962 779.05189102888107 1332.3375541269779 710.14174151420593 334.44489377737045 368.26432636380196
leaf_count=141 134 3109 4230 104 44 520 169 503 51 433 502 7947 117 212 1137 202 86 1640 1245 1056 321 261 207
internal_value=-0.000304008 -0.000591501 0.000679821 0.00392162 0.000583994 0.000473395 0.000918549 -0.000224519 4.15305e-05 -0.000782451 0.000118867 0.000194688 0.00665486 -0.000944383 -0.000405806 -0.00112116 0.000110179 -0.000304705 -3.97692e-05 -0.00127713 -0.00120581 -0.00133262 -0.00152618
internal_weight=21677.8 16790.2 4887.59 134.767 4752.83 4563.2 2917.74 8256.42 5568.09 2688.32 939.366 5083.3 82.4921 8533.81 2134.72 6399.09 397.553 1645.46 1544.66 1748.96 6001.53 590.061 484.791
internal_count=24371 17413 6958 355 6603 6559 4399 10840 8346 2494 1005 7998 221 6573 2855 3718 288 2160 2382 1489 3430 473 348
is_linear=0
shrinkage=0.0424476


Tree=82
num_leaves=25
num_cat=0
split_feature=6 0 7 6 2 2 2 7 2 2 5 0 6 2 6 2 0 7 2 2 7 2 2 0
split_gain=3.31081 0.858294 0.937795 0.851972 0.979933 0.865894 0.623903 1.24303 0.791483 1.16706 0.660598 0.597467 0.931856 0.55197 0.687087 0.498144 0.426619 0.423313 1.17997 0.665009 0.376618 0.196236 0.247424 0.0754848
threshold=0.25881904510252057 0.76481811989366355 1.2700000000000016 -0.97719924240361333 -0.38168922026665864 -0.99986636542255225 0.87377473702374975 2.7806270598745173 0.97690230611205509 0.98337410965167582 -0.7090762197185454 1.1453969969937579 -1.1708774824436219 0.82392300575755406 -1.0717760649712615 -0.20850241230454711 0.25803921652259554 1.5205882361910763 -0.56155024223421213 -0.69637622559687229 0.84000000000000175 0.95989713290459411 0.90150168413188403 0.69601821493876959
decision_type=2 2 2 2 2 2 2 2 2 2 2 2 2 2 2 2 2 2 2 2 2 2 2 2
left_child=1 2 3 4 -1 -5 7 17 21 -10 -9 12 -3 14 -4 -12 -11 18 -2 -19 -14 22 -8 -15
right_child=6 11 13 5 -6 -7 8 10 9 16 15 -13 20 23 -16 -17 -18 19 -20 -21 -22 -23 -24 -25
leaf_value=0.031221871101721397 -0.0074394970127754506 -0.017355250040580437 -0.095785189256209838 0.040861577874145329 0.039145306620072332 -0.012017246887556763 -0.095723363402137732 -0.011986977991781568 0.025676619445324272 -0.023592836492955474 0.045625349968087155 -0.15290102930052471 -0.018063913779608677 -0.19460529514152394 -0.041882077289676085 0.023290666198130819 0.036166732904446539 0.044390104740082419 0.013172043398069712 -0.020317730901501019 0.007322106152148484 -0.12347567664312539 0.0035784254765465406 -0.067477259786262872
leaf_weight=92.314663499593735 1100.4488512575626 88.647366523742676 663.56731975078583 78.697613418102264 59.022700220346451 1179.5896827876568 240.59681159257889 217.96312987804413 134.39293110370636 317.40965494513512 611.48356911540031 245.01151728630066 687.24474832415581 1303.4124035537243 6947.1670804619789 1084.8808043897152 379.94680374860764 202.8267639875412 899.13692045211792 1026.5082598030567 2750.2390343844891 360.1585975587368 482.26381161808968 152.81206586956978
leaf_count=133 1555 20 160 47 88 1834 218 414 109 338 1373 57 972 1729 6138 1763 233 320 1558 1261 2988 230 496 177
internal_value=-0.000196677 -0.000569745 -0.00076745 0.000240706 0.00325378 -0.000106998 0.000553796 0.000797689 -9.16525e-05 0.000882213 0.00165674 -1.55897e-05 0.000120297 -0.000926229 -0.000776839 0.00194165 0.000156572 0.000282647 0.000666813 -0.000327161 4.08124e-06 -0.000856671 -0.000418713 -0.00169426
internal_weight=21305.7 14247.7 10476.6 1409.62 151.337 1258.29 7058.02 5143.25 1914.77 831.749 1914.33 3771.14 3526.13 9066.96 7610.73 1696.36 697.356 3228.92 1999.59 1229.34 3437.48 1083.02 722.861 1456.22
internal_count=24211 14343 10306 2102 221 1881 9868 8244 1624 680 3550 4037 3980 8204 6298 3136 571 4694 3113 1581 3960 944 714 1906
is_linear=0
shrinkage=0.0424476


Tree=83
num_leaves=25
num_cat=0
split_feature=6 0 3 2 2 2 2 3 0 2 2 2 6 0 5 5 6 2 2 0 6 2 0 3
split_gain=2.79687 0.73813 0.756232 0.793603 0.755505 0.689377 0.66111 0.614135 0.48725 0.555678 0.415587 0.462577 0.393622 0.392547 0.367349 0.511891 0.361128 0.351362 0.280949 0.261278 0.58725 0.228287 0.222638 0.144046
threshold=0.25881904510252057 0.76481811989366355 3.0707466034808912 0.61595474094623837 0.82392300575755406 0.87377473702374975 0.77232729489588492 2.5230242812024986 -0.49995103227427445 -0.99649688682915105 0.98878412116898506 0.99903710851409044 -0.57921364599941116 0.49746467839286013 -1.2756822417333986 -0.86562926661945727 1.3303230311803087 0.97240299274555542 -0.82631688199933129 1.08723576988047 -0.83319238166392173 0.98662138620987927 0.69601821493876959 1.6850000000000003
decision_type=2 2 2 2 2 2 2 2 2 2 2 2 2 2 2 2 2 2 2 2 2 2 2 2
left_child=1 4 3 23 8 14 -5 13 9 -1 -9 -12 -10 21 -2 18 -17 -15 -16 20 -4 -7 -6 -3
right_child=5 2 19 6 22 7 -8 10 12 -11 11 -13 -14 17 15 16 -18 -19 -20 -21 -22 -23 -24 -25
leaf_value=0.0391271001214967 0.010775541932866889 -0.015045160557937925 -0.018698653604763638 0.067525067616630838 -0.18339895997110581 0.012176989204350811 0.019249808748119324 -0.12916370170640876 -0.040898520096040773 -0.019216771952709943 0.026632255376169388 -0.15002907812541805 -0.15881913920886873 0.0050945296262542182 0.026838803096511075 0.015874330062426844 -0.088444580173215451 0.004319328696742673 -0.031213690404203114 -0.1319024078886657 -0.016419519048316181 -0.017333652916650139 -0.050891741295263443 0.0099854509346533112
leaf_weight=181.76903143525124 55.262955009937286 291.59951254725456 85.94435977935791 101.19787353277206 1319.3975820243359 385.90618771314621 426.85531455278397 768.33689776062965 5400.729729115963 2959.229892551899 179.6109571158886 124.04211947321892 453.82921302318573 147.25028175115585 122.1290088891983 4491.4274673461914 80.475180387496948 134.19571232795715 393.95368725061417 191.31199812889099 2057.3682832121849 175.42645442485809 161.62808141112328 616.8653247654438
leaf_count=170 14 427 20 160 1767 427 300 576 4233 3834 170 109 112 101 203 7391 18 75 618 44 2273 166 190 813
internal_value=-0.000196471 -0.000539394 -2.50512e-05 0.000736047 -0.000722769 0.000493151 0.0020449 -0.000186683 -0.00057331 -0.000139624 -0.00086823 0.000414803 -0.000802821 0.000658254 0.000749845 0.000708077 0.000852711 0.00195203 -0.000537321 -0.000501295 -0.000356598 0 -0.00161805 -4.3696e-06
internal_weight=21305.7 14247.7 3771.14 1436.52 10476.6 7058.02 528.053 1914.77 8995.56 3141 1071.99 303.653 5854.56 842.779 5143.25 5087.99 4571.9 281.446 516.083 2334.62 2143.31 561.333 1481.03 908.465
internal_count=24211 14343 4037 1700 10306 9868 460 1624 8349 4004 855 279 4345 769 8244 8230 7409 176 821 2337 2293 593 1957 1240
is_linear=0
shrinkage=0.0424476


Tree=84
num_leaves=25
num_cat=0
split_feature=6 5 7 2 2 6 3 2 5 6 3 7 7 5 7 5 6 2 2 2 2 6 5 3
split_gain=3.62756 0.615029 0.593447 0.930249 1.54638 0.921127 0.901226 0.760628 0.585922 0.521083 0.499489 1.36307 1.0922 1.01226 0.747586 0.424195 0.403207 0.372987 1.06527 0.350623 0.343471 0.331601 0.325306 0.157992
threshold=-0.12166548665804384 -0.86562926661945727 2.7204713166049963 -0.82631688199933129 0.090251610031040944 -1.0521364906536694 4.5203481616153427 -0.86527787191711336 -1.4250486104914108 -0.96651117333580772 4.4200877324686152 1.5205882361910763 1.8111657077453287 0.25810558179186288 8.8050000000000015 0.86340693121644818 0.26091085841663381 -0.228656083955845 -0.63174868667326445 0.82392300575755406 0.98878412116898506 0.26091085841663381 0.49822133722136902 3.693596533755656
decision_type=2 2 2 2 2 2 2 2 2 2 2 2 2 2 2 2 2 2 2 2 2 2 2 2
left_child=2 8 3 6 23 -6 15 -8 -2 -4 12 13 16 -12 -14 -1 -3 18 -11 21 -13 -10 -19 -5
right_child=1 10 9 4 5 -7 7 -9 19 17 11 20 14 -15 -16 -17 -18 22 -20 -21 -22 -23 -24 -25
leaf_value=-0.049380008721254129 0.086086980473329217 0.01531139126408238 -0.18267433284148363 -0.012255855974019259 0.033973167327535192 0.0058427588484495164 0.037466246864791428 0.20269989001708547 0.005917034666068615 -0.11512032311808179 0.021005059633135273 -0.061776948904279233 0.022813625603220058 -0.0024125558070038126 -0.041608490848329821 0.033017939893506085 -0.018922323268895515 -0.13285144899695958 0.070004129000738588 -0.16405649242067746 0.033259344248754839 -0.01319508297060481 -0.019110261920302855 -0.046230079146267811
leaf_weight=391.34755516052246 62.21735692024231 368.08482638001442 1514.0948009490967 1102.8143852949142 53.138121604919434 1225.7268170118332 376.78695157170296 73.026810705661774 930.62070405483246 1576.0925111472607 522.20840340852737 1235.4131403267384 3600.4746358394623 623.76581931114197 166.91725164651871 86.794454544782639 982.77473732829094 2258.5780484378338 500.02587407827377 455.2810851931572 147.25530150532722 543.9617603123188 1130.7005153000355 1775.0852443575859
leaf_count=400 16 584 663 1085 13 2202 750 85 1572 989 757 1002 5051 1045 80 190 1361 2423 423 581 142 807 853 1318
internal_value=-0.000310719 0.000301837 -0.000801668 -0.00044653 -0.000720097 0.00049771 0.000758948 0.00213072 -0.000357188 -0.00105774 0.00047594 -4.90396e-06 0.000717115 0.00107023 0.00108951 -0.00049285 -0.000307756 -0.000858057 -0.000396176 -0.000496371 -0.000909382 -0.000164305 -0.00113552 -0.00126769
internal_weight=21703.2 9638.98 12064.2 5084.72 4156.76 1278.86 927.956 449.814 1992.08 6979.49 7646.89 2528.64 5118.25 1145.97 3767.39 478.142 1350.86 5465.4 2076.12 1929.86 1382.67 1474.58 3389.28 2877.9
internal_count=24392 12998 11394 6043 4618 2215 1425 835 2976 5351 10022 2946 7076 1802 5131 590 1945 4688 1412 2960 1144 2379 3276 2403
is_linear=0
shrinkage=0.0424476


Tree=85
num_leaves=20
num_cat=0
split_feature=1 1 9 1 2 2 2 9 2 2 5 5 1 5 9 2 9 9 5
split_gain=1.56162 0.934702 1.17869 0.940294 1.08627 1.16696 0.669142 0.62003 0.689979 0.308099 0.219122 0.299145 0.40879 0.226419 0.200373 0.192691 0.182866 0.046499 0.00653094
threshold=0.97805592386711537 0.96638848890389129 3.1844923219229533 0.22215815049894402 0.83659302679211223 0.97690230611205509 -0.99892050974818625 -4.5183116708426843 0.43665123195606398 -0.12213361559020396 0.22940425029405712 0.50359742328805823 0.99865756837029906 -0.70710678118654735 0.25604061179386767 1.0000000180025095e-35 2.0182545965169436 4.8399280761305041 -1.0000000180025095e-35
decision_type=2 2 2 2 2 2 2 2 2 2 2 2 2 2 2 2 2 2 2
left_child=1 3 14 4 6 -6 -1 -5 -9 17 13 12 -12 16 -3 -13 -11 -2 -15
right_child=9 2 -4 7 5 -7 -8 8 -10 10 11 15 -14 18 -16 -17 -18 -19 -20
leaf_value=-0.095708038323651365 -0.063488327908583428 0.095696086565190117 0.15726567652568338 0.096198734542642675 -0.13350815645785344 0.0027857587873258071 0.012807055178152815 -0.034503716866207748 0.00072561074682202828 0.029084997972599995 -0.020291411221168964 0.0086551686909221298 0.037124750758897915 -0.044839489405337066 -0.019131211439132115 -0.064850587241693194 -0.11545726357311525 -0.11557083857113427 -0.024730125111680868
leaf_weight=480.03875616192818 795.94076606631279 71.977859050035477 66.244432896375656 103.94073569774628 1501.1378867328167 1958.3598011732101 5963.9981229603291 6212.6656770706177 2653.333928078413 135.63418883085251 134.97832101583481 103.69757476449013 120.40505224466324 485.87417793273926 147.24517217278481 259.39652499556541 68.938265472650528 264.43153437972069 174.94833469390869
leaf_count=454 326 122 105 161 1442 1726 10641 4487 3503 202 132 119 60 270 142 236 79 89 96
internal_value=-0.000301281 -0.000168956 0.00223628 -0.000206319 7.71956e-05 -0.000527221 0.000404552 -0.000521405 -0.00056135 -0.00129044 -0.000871688 -0.000224761 0.0008492 -0.00131263 0.000643363 -0.00103113 0 -0.00185897 -0.0016952
internal_weight=21703.2 19158.9 285.467 18873.5 9903.53 3459.5 6444.04 8969.94 8866 2544.24 1483.87 618.477 255.383 865.395 219.223 363.094 204.572 1060.37 660.823
internal_count=24392 22783 369 22414 14263 3168 11095 8151 7990 1609 1194 547 192 647 264 355 281 415 366
is_linear=0
shrinkage=0.0424476


Tree=86
num_leaves=19
num_cat=0
split_feature=6 5 1 1 3 1 0 1 6 1 1 0 3 1 6 0 6 1
split_gain=3.0061 1.363 1.25284 0.933802 0.866444 0.957447 0.784366 0.60301 0.533916 0.402389 0.635219 0.373075 0.356497 1.02982 0.295465 0.243133 0.18634 0.313382
threshold=1.0000000180025095e-35 -1.2756822417333986 -0.27987374920143959 -0.99865756837029884 4.5203481616153427 0.19678319559988264 0.69601821493876959 0.97805592386711537 -1.0190982611065318 -0.89414697905359375 -0.99699193743116266 0.49746467839286013 1.9200914792203327 0.24803678630639106 0.70137043877975058 1.0466245345220588 -1.4927955662134786 0.9835520823771321
decision_type=2 2 2 2 2 2 2 2 2 2 2 2 2 2 2 2 2 2
left_child=2 -2 8 14 7 -6 16 -5 -1 10 -10 -11 13 -8 -3 -14 -4 -18
right_child=1 3 6 4 5 -7 12 -9 9 11 -12 -13 15 -15 -16 -17 17 -19
leaf_value=-0.23178038061751979 0.081889161553181836 0.044324465297645568 -0.049737063728868172 0.010135450958429494 0.0074577106428911893 -0.041404892454077621 0.06553066043175533 -0.023680389539585834 -0.036151464865621985 -0.039035389906235105 0.055884859772775269 0.030645819775012385 -0.013971996096820413 -0.0085245121621449361 0.069225625068350324 -0.08811939108437368 -0.068291842346816428 -0.07892375962034387
leaf_weight=225.77464294433594 79.662300944328308 35.011837989091873 239.13218855857849 5538.3255380988121 1087.7597654461861 1604.5385006666183 75.903496742248535 414.68654948472977 250.36901259422302 1463.40005671978 701.32567143440247 853.01618510484695 2224.6468929052353 334.3073194026947 43.595519423484802 201.0653440952301 5039.3408437371254 1218.1200371384621
leaf_count=54 18 76 53 7935 1922 1260 96 584 321 1955 1481 1346 1859 342 111 45 4323 529
internal_value=-0.000316464 0.000286043 -0.000731447 0.000233356 0.000189247 -0.00043907 -0.000988224 0.000476519 -4.02697e-05 9.22392e-05 0.000830944 -0.000203265 -0.000389676 0.000747906 0.00484819 -0.000589688 -0.00124665 -0.0012912
internal_weight=21630 8803.58 12826.4 8723.92 8645.31 2692.3 9332.52 5953.01 3493.89 3268.11 951.695 2316.42 2835.92 410.211 78.6074 2425.71 6496.59 6257.46
internal_count=24310 11906 12404 11888 11701 3182 7247 8519 5157 5103 1802 3301 2342 438 187 1904 4905 4852
is_linear=0
shrinkage=0.0424476


Tree=87
num_leaves=25
num_cat=0
split_feature=1 4 2 1 3 0 2 2 2 3 0 3 1 1 2 2 2 3 3 4 1 2 3 4
split_gain=1.65115 1.48037 0.964837 0.919765 2.27568 2.23182 0.830021 0.69366 1.34478 0.651019 0.67616 0.581834 0.490645 0.45077 0.696612 0.325234 1.01367 0.799129 0.359807 0.619885 0.304812 0.114452 0.104558 0.0114164
threshold=0.22215815049894402 1009.3000825502069 0.94415253529446119 0.044253241935523734 3.3106512398088235 0.96431984276722771 0.22611568550828817 0.75491714318364567 0.7935716089521474 4.8900968331198325 0.76481811989366355 3.7301007904183989 0.095385519140267425 -0.084825532204959572 0.97690230611205509 -0.82631688199933129 -0.84719916794295413 4.1250000000000009 5.5311841845599181 1004.8078867063197 0.62244429004997459 0.40604720236456882 4.5203481616153427 1010.7030902829764
decision_type=2 2 2 2 2 2 2 2 2 2 2 2 2 2 2 2 2 2 2 2 2 2 2 2
left_child=1 2 7 13 5 -5 15 12 -9 10 20 -12 -1 14 -3 16 17 -2 19 -17 -8 -11 -6 -15
right_child=6 3 -4 4 22 -7 9 8 -10 21 11 -13 -14 23 -16 18 -18 -19 -20 -21 -22 -23 -24 -25
leaf_value=0.011058094188938257 -0.087520530896017301 -0.028857496924642522 -0.20644457008910461 0.022552963296733425 -0.016118760872251944 0.02517702792001017 -0.036153305342465906 0.16879857512108173 0.031098184697901828 -0.023877578135665531 0.011018018953060432 0.063137240295351116 0.073561565409589857 -0.13572631397751503 0.032255936669540783 0.0020712212231923451 0.033549391673047692 0.00714488879315597 -0.075599297395460036 -0.039742850482774802 0.0099732064309629807 -0.10914153645563991 -0.13509185807825819 -0.24484939359890825
leaf_weight=3885.663821965456 987.55430880188942 3065.0957080721855 291.09828609228134 334.6867139339447 157.85207778215408 92.138517677783966 1019.8843804001808 78.788821876049042 280.67684900760651 92.196909099817276 581.68370181322098 112.0189611017704 282.49323907494545 121.52618333697319 622.18788570165634 598.66338208317757 217.47224256396294 823.4955033659935 832.71410566568375 4991.4298342168331 1113.8348726332188 369.21009504795074 240.0013122856617 437.61398983001709
leaf_count=7388 729 3654 324 415 119 61 1279 182 503 125 637 142 458 106 489 351 144 785 376 3252 1890 384 150 367
internal_value=-0.00031147 9.09637e-05 0.000625252 -0.000413083 0.000874439 0.00304102 -0.000652054 0.000780375 0.00258587 -7.37409e-05 0.000161595 0.00131648 0.000620218 -0.000667489 -0.000490257 -0.000874913 -0.0003914 -0.000728022 -0.00102474 -0.000895697 -0.000205203 -0.00155593 -0.0014034 -0.00180311
internal_weight=21630 9889.82 4818.72 5071.1 824.679 426.825 11740.2 4527.62 359.466 3288.83 2827.42 693.703 4168.16 4246.42 3687.28 8451.33 2028.52 1811.05 6422.81 5590.09 2133.72 461.407 397.853 559.14
internal_count=24310 14216 8855 5361 745 476 10094 8531 685 4457 3948 779 7846 4616 4143 5637 1658 1514 3979 3603 3169 509 269 473
is_linear=0
shrinkage=0.0424476


Tree=88
num_leaves=19
num_cat=0
split_feature=5 9 2 2 3 2 2 3 2 2 3 7 9 3 5 7 2 9
split_gain=0.693165 1.57416 0.64792 0.603196 0.558667 0.706058 1.70634 0.783281 0.724155 0.725173 0.454433 0.386583 0.274103 0.186126 0.179512 0.056316 0.022447 0.0213431
threshold=-1.0000000180025095e-35 5.94584145220752 0.85651926849515192 -0.99986636542255225 8.0950000000000006 0.97690230611205509 0.98662138620987927 2.9923900646450159 0.87377473702374975 0.63874942205152718 2.1611148203148685 1.4500000000000013 -0.87350709677100002 2.6021909361636459 -0.7090762197185454 3.711734305922437 0.95989713290459411 2.3366359069339127
decision_type=2 2 2 2 2 2 2 2 2 2 2 2 2 2 2 2 2 2
left_child=1 2 3 -1 5 8 12 -8 9 -2 -10 -5 -7 14 -4 16 -6 -15
right_child=4 -3 13 11 15 6 7 -9 10 -11 -12 -13 -14 17 -16 -17 -18 -19
leaf_value=-0.055909455150921335 -0.0025531624299655808 0.060869003162924401 -0.21513457457006754 0.0016868327043984236 -0.023343345911506407 -0.002089177671805846 0.023027599067782255 -0.04721736708656548 0.0085266402444770344 0.021278231248845425 -0.13885627659227909 -0.02139298143623981 0.032064943877296803 -0.21179705228023132 -0.024763521836706583 -0.20948934554954471 0.030043563706635371 -0.083518879648214292
leaf_weight=449.992467045784 7546.699137121439 94.281918078660965 347.10284346342087 1901.6470280885696 113.93293026089668 124.13395085930824 377.80042809247971 509.32465353608131 427.28435879945755 1005.8621492385864 1157.4939376711845 5884.4038999378681 127.53539636731148 719.47546043992043 366.1281830072403 252.54836350679398 43.24052369594574 62.71710404753685
leaf_count=157 9103 81 439 2717 278 67 218 418 348 1497 852 6386 102 902 492 150 40 127
internal_value=-0.00028421 -0.000547226 -0.000601807 -0.000450916 -6.14743e-05 -3.88112e-06 0.000996552 9.99227e-05 -0.000118094 3.4253e-05 -0.000951942 -0.000360669 0.0040834 -0.00142045 -0.000874794 -0.00160128 -0.000764035 -0.0018943
internal_weight=21511.6 9825.75 9731.47 8236.04 11685.9 11276.1 1138.79 887.125 10137.3 8552.56 1584.78 7786.05 251.669 1495.42 713.231 409.722 157.173 782.193
internal_count=24374 11301 11220 9260 13073 12605 805 636 11800 10600 1200 9103 169 1960 931 468 318 1029
is_linear=0
shrinkage=0.0424476


Tree=89
num_leaves=18
num_cat=0
split_feature=6 4 1 6 4 4 4 3 1 3 1 4 6 3 6 3 6
split_gain=2.33253 1.07924 1.07101 0.588332 0.549848 0.491517 0.794118 0.542228 0.268973 0.796808 0.505517 0.7374 0.329533 0.300079 0.247949 0.17031 0.0117148
threshold=0.10602658207836359 1002.9062791817597 -0.27987374920143959 -1.0190982611065318 1012.0181333411776 1014.6500000000002 1014.35 4.4200877324686152 0.97805592386711537 5.1113320718371744 0.96638848890389129 1008.0025921756679 -1.1994164757100656 5.1850000000000014 -0.70718654785976864 2.8025744181662104 0.96327418017081945
decision_type=2 2 2 2 2 2 2 2 2 2 2 2 2 2 2 2 2
left_child=2 -2 3 -1 14 6 7 -3 10 12 13 -12 -10 -4 -5 -6 -7
right_child=1 5 8 4 15 16 -8 -9 9 -11 11 -13 -14 -15 -16 -17 -18
leaf_value=-0.24181977542914929 0.015431053062413281 0.011403380389287988 -0.034193365268485224 -0.0053356428237415869 0.029260823778368025 -0.11957640089552943 0.028134430821869599 -0.0078341620504661161 -0.12548082454900533 -0.001028922632848309 0.048130462670885388 -0.11603609401349758 -0.062797942373531104 -0.053714595567168379 0.020983105749703655 -0.26469895331439042 -0.043217236472241412
leaf_weight=234.00433778762817 84.233263552188873 5083.2081949114799 6312.9525073766708 1422.3529043197632 74.930093765258789 145.42580181360245 92.231583118438721 2479.3731709420681 164.0723779797554 246.87036755681038 76.035314440727234 103.23364359140396 1462.8992772698402 1442.0458224713802 1708.6292877495289 282.031992405653 97.074792206287384
leaf_count=52 89 7586 5479 1956 118 132 77 3018 41 126 85 114 746 1169 3220 278 88
internal_value=-0.000256498 0.000317479 -0.000596462 1.17144e-05 0.000154889 0.000264025 0.000325643 0.000275274 -0.000829138 -0.00129891 -0.000715857 0.00147748 -0.00164397 -0.000768949 0.000339623 -0.00141353 -0.00160458
internal_weight=21511.6 7981.55 13530.1 3721.95 3487.94 7897.31 7654.81 7562.58 9808.11 1873.84 7934.27 179.269 1626.97 7755 3130.98 356.962 242.501
internal_count=24374 10990 13384 5624 5572 10901 10681 10604 7760 913 6847 199 787 6648 5176 396 220
is_linear=0
shrinkage=0.0424476


Tree=90
num_leaves=15
num_cat=0
split_feature=6 6 1 8 4 8 1 8 8 3 1 1 1 4
split_gain=2.00155 1.01074 0.734943 0.709481 0.702696 0.787022 0.536759 0.656009 1.00058 0.677876 0.377437 0.938705 0.656242 0.104886
threshold=-0.21037332210862017 1.0716770318811712 -0.99865756837029884 2.4118506817661456 1014.85 4.5200000000000022 -0.78509050164541117 6.2520641185720081 6.1200000000000037 3.2718876039977842 1.2584875643152611 0.99965739133362419 0.97805592386711537 1008.2018247668396
decision_type=2 2 2 2 2 2 2 2 2 2 2 2 2 2
left_child=6 2 3 -2 5 -4 7 8 9 -1 11 12 -8 -9
right_child=1 -3 4 -5 -6 -7 10 13 -10 -11 -12 -13 -14 -15
leaf_value=-0.012564124373668386 0.021486322401643193 -0.0039564932459138693 -0.0052046710044694197 0.097610572044704108 -0.075345480184944705 0.017660899931784251 -0.027847862117337373 0.05074976118980945 0.14629765194250288 0.056640621661421496 -0.069789489956406742 0.017014592966151057 -0.064243355083261455 -0.096489732893384042
leaf_weight=597.60444912314415 45.153133004903793 207.98976993560791 4732.8303101658821 50.785979777574539 259.42640841007233 4319.5395950078964 8866.8295157253742 82.869285553693771 52.786125719547272 426.41344645619392 331.51298862695694 480.19011673331261 953.38390174508095 291.08095735311508
leaf_count=1011 104 47 6844 112 211 5641 8157 113 52 977 81 155 550 299
internal_value=-0.000165132 0.000290623 0.000223796 0.00392929 0.000183625 0.000247869 -0.000529366 0.000227184 0.000769921 0.000456622 -0.000634341 -0.000586449 -0.000677275 -0.00128611
internal_weight=21698.4 9615.73 9407.74 95.9391 9311.8 9052.37 12082.7 1450.75 1076.8 1024.02 10631.9 10300.4 9820.21 373.95
internal_count=24354 12959 12912 216 12696 12485 11395 2452 2040 1988 8943 8862 8707 412
is_linear=0
shrinkage=0.0424476


Tree=91
num_leaves=23
num_cat=0
split_feature=7 2 2 3 1 3 1 7 2 7 1 3 2 2 8 3 2 8 3 8 7 1
split_gain=1.27683 1.32216 2.02669 1.51797 1.20077 1.08534 1.41416 1.0486 0.952854 1.29272 1.0492 1.10013 0.949252 0.767583 0.648738 0.640841 0.539102 1.14192 0.49163 0.280452 0.219924 0.13356
threshold=1.3100000000000007 -0.36572252349726903 -0.087063942470541542 4.9902032833865286 1.0017003286826727 2.7618942712527619 0.99152736242495387 1.0800000000000003 -0.93760092995349764 3.892123922156641 -0.53704693351105359 4.3827192195904363 -0.99892050974818625 -0.99986636542255225 1.5116465390248897 7.1050000000000013 0.58581740146278805 2.2579689752237351 5.8650000000000011 6.4019224842663931 0.36000000000000126 -0.27987374920143959
decision_type=2 2 2 2 2 2 2 2 2 2 2 2 2 2 2 2 2 2 2 2 2 2
left_child=1 3 5 7 8 -3 -7 20 9 12 15 -12 -2 -5 -9 -10 17 -4 -15 -11 -1 -18
right_child=4 2 16 13 -6 6 -8 14 10 19 11 -13 -14 18 -16 -17 21 -19 -20 -21 -22 -23
leaf_value=0.00048501932648866455 -0.0078228958824943517 0.01735888449583109 0.0025485497306301078 -0.0068561013021852064 -0.052465717637595395 0.010937552529635375 0.030645461341586723 -0.037471430215551257 0.0060894825131494008 -0.048658188446407048 -0.0078752470156439325 -0.056743046195660757 0.043166558384372528 0.046354911834304693 0.017218637283579374 0.057377434452449541 0.021373925569475725 0.048909440522008497 -0.00078522368505327023 0.038106058909880454 -0.049183905612557699 -0.04672118732375035
leaf_weight=194.33409121632576 227.56948953866959 69.865571230649948 532.67653435468674 105.75121679902077 769.8331915140152 421.82077160477638 92.083677381277084 195.48071271181107 3275.0036715567112 729.14535427093506 7713.6734735071659 3667.5073385536671 501.03124767541885 444.01421818137169 243.50110304355621 69.886242091655731 93.129205107688904 122.67704498767853 540.53706574440002 102.73827201128006 1346.2943782508373 239.84211200475693
leaf_count=155 134 67 1266 64 183 590 36 205 5170 619 7835 2665 864 621 212 151 236 180 1278 115 1309 399
internal_value=-0.000158148 0.000464362 0.00146578 -4.24365e-05 -0.000328655 0.00345167 0.00272336 -0.000748747 -0.000249919 0.000743634 -0.000356461 -0.000551276 0.00205314 0.00122299 0.0010585 0.000300874 0.000274026 0.000995578 0.000830902 -0.000381044 -0.00127572 -0.00109051
internal_weight=21698.4 4642.01 1572.09 3069.91 17056.4 583.77 513.904 1979.61 16286.6 1560.48 14726.1 11381.2 728.601 1090.3 438.982 3344.89 988.325 655.354 984.551 831.884 1540.63 332.971
internal_count=24354 6618 2774 3844 17736 693 626 1881 17553 1732 15821 10500 998 1963 417 5321 2081 1446 1899 734 1464 635
is_linear=0
shrinkage=0.0424476


Tree=92
num_leaves=25
num_cat=0
split_feature=1 2 0 1 0 1 3 1 1 7 1 1 2 7 1 7 1 0 7 3 1 1 1 7
split_gain=0.856675 0.930556 0.536323 0.801287 1.33786 0.504039 0.50081 1.19641 1.57016 0.472056 0.576189 0.463309 0.632826 0.674064 0.61036 0.507756 1.07142 0.874298 0.232483 0.125681 0.238465 0.110909 0.792647 0.081563
threshold=0.90405093247213386 0.87377473702374975 0.090158934097718579 0.99699193743116299 0.36835481345592036 1.0017003286826727 4.1644099102831547 -0.23023710584653345 -0.17806817010454204 3.0516694427445952 -0.32919063062619275 0.19678319559988264 0.43665123195606398 1.2300000000000024 0.88013720422011754 3.8349999999999995 0.14706992549541839 -0.49995103227427445 1.1700000000000002 4.3827192195904363 0.97805592386711537 0.97805592386711537 0.96638848890389129 4.2021877702914416
decision_type=2 2 2 2 2 2 2 2 2 2 2 2 2 2 2 2 2 2 2 2 2 2 2 2
left_child=1 11 18 19 -5 -6 7 -3 -9 10 -8 15 13 -13 -14 16 -1 -17 -2 20 -4 22 -20 -11
right_child=2 6 3 4 5 -7 9 8 -10 23 -12 12 14 -15 -16 17 -18 -19 21 -21 -22 -23 -24 -25
leaf_value=0.011089901673297082 0.010473279182445502 -0.22373477512146014 -0.00037644984811459835 0.0053720244666316226 0.13695811770500801 -0.050140532789872162 0.11521479530062721 0.034506713339518866 -0.00062727213599030409 -0.086910436617437428 -0.056626766990307047 0.0019142556462992796 0.010524613249091423 -0.0330220572491891 0.077663521016626019 0.034221238445621249 0.061918374734028239 -0.032547759455849035 -0.062062814381437584 -0.064632613103088515 -0.061182090261869285 -0.046480296698465172 0.090596891378198166 -0.13305464108367832
leaf_weight=3941.380593329668 155.58484488725662 732.52583310008049 481.5961472094059 191.22481071949005 221.47465795278549 390.33926779031754 84.951588004827499 99.160033822059631 2052.5525882542133 480.91747969388962 347.65157651901245 1847.8545026481152 1423.012457638979 3207.8464213013649 94.886649996042252 972.42565354704857 73.289836376905441 1689.0518346726894 653.41858261823654 324.28968885540962 336.97709047794342 1083.8649207949638 119.10102611780167 640.0035805106163
leaf_count=8131 143 742 549 69 182 94 127 75 1919 361 351 1346 2275 2070 199 1587 133 1577 635 264 324 766 188 425
internal_value=-0.000229359 -0.000101836 -0.000794574 -0.00027988 0.000734421 -0.000205594 -0.000634282 -0.0002949 0.000201815 -0.00125245 -1.75701e-05 7.51004e-05 -0.000176033 -0.000406396 0.000579041 0.00032515 0.000627332 -0.000123716 -0.00128316 -0.00100879 -0.000690334 -0.00141671 -0.000970193 -0.0017125
internal_weight=21645.4 17687.5 3957.87 1945.9 803.039 611.814 4437.76 2884.24 2151.71 1553.52 432.603 13249.7 6573.6 5055.7 1517.9 6676.15 4014.67 2661.48 2011.97 1142.86 818.573 1856.38 772.52 1120.92
internal_count=24532 21318 3214 1482 345 276 4000 2736 1994 1264 478 17318 5890 3416 2474 11428 8264 3164 1732 1137 873 1589 823 786
is_linear=0
shrinkage=0.0424476


Tree=93
num_leaves=24
num_cat=0
split_feature=6 4 8 1 8 6 4 4 8 8 1 3 6 1 6 8 3 8 6 1 3 1 1
split_gain=3.27816 1.76499 4.47912 0.79315 0.616902 0.936762 0.593825 0.418382 0.751921 0.371386 0.502795 0.49828 0.320663 0.248909 0.3819 1.15629 0.222209 0.222097 0.902412 0.604989 0.213878 0.120817 0.11387
threshold=0.25423941463970728 1003.6296399942775 1.7900000000000011 -0.44766560802286032 1.5116465390248897 1.1041903657507663 1014.85 1005.7027653000185 0.8501997749559812 6.2520641185720081 -0.49203060122720416 4.4720225700046816 -1.0190982611065318 0.86753754618373868 -0.99966004280087095 2.6100000000000017 1.1736488952233595 4.700000000000002 -0.59983441525181769 0.22215815049894402 1.9200914792203327 -0.8142167293547703 -0.89414697905359375
decision_type=2 2 2 2 2 2 2 2 2 2 2 2 2 2 2 2 2 2 2 2 2 2 2
left_child=3 2 -2 9 7 6 -6 8 -3 10 12 -12 -1 17 15 -15 -11 19 -19 -5 -16 -9 -18
right_child=1 4 -4 13 5 -7 -8 21 -10 16 11 -13 -14 14 20 -17 22 18 -20 -21 -22 -23 -24
leaf_value=-0.27460459438796153 0.034273600760138509 0.022744979517666557 -0.057140329009352939 0.010796634450602496 0.010738202085942177 0.0013573106589721332 -0.057948618851881302 0.007039969944940945 -0.0088102169909097076 0.034395786393818684 0.4193181316130225 0.024258477570987695 0.0079393662024307803 0.009747309932084695 -0.0099031690638209935 -0.12710081937968654 -0.018249830218655991 -0.13389860903689327 -0.0015820047356357356 -0.022086331718002554 -0.05776046631335776 -0.033249495568294929 -0.080143566233496333
leaf_weight=130.8248507976532 100.51356941461563 58.418530106544495 121.8319973051548 971.77899703383446 6037.0585490167141 100.45326805114746 213.93133124709129 147.40270313620567 240.71940949559212 80.834431022405624 56.106258034706116 66.806196659803391 2163.5999843776226 223.21353703737259 275.25573062896729 372.08032244443893 206.8334136903286 2339.0477201044559 1666.4765820205212 2283.7448868453503 2567.8323064446449 813.34558916091919 407.27150276303291
leaf_count=32 127 80 76 1524 8561 24 189 456 397 136 78 111 3828 88 302 127 239 1688 1434 1900 1611 1083 441
internal_value=-0.000252743 0.000439479 0.00417435 -0.000646695 0.000327935 0.000499632 0.000431007 -0.00052294 0.000830419 -4.39676e-05 0.000198378 0.00284603 4.84584e-05 -0.000820288 -0.00112598 -0.00011383 -0.000913597 -0.000672979 -0.000888552 -0.000402053 -0.00133139 -0.000963598 -0.00120356
internal_weight=21645.4 7833.67 222.346 13811.7 7611.33 6351.44 6250.99 1259.89 299.138 3112.28 2417.34 122.912 2294.42 10699.4 3438.38 595.294 694.939 7261.05 4005.52 3255.52 2843.09 960.748 614.105
internal_count=24532 10993 203 13539 10790 8774 8750 2016 477 4865 4049 189 3860 8674 2128 215 816 6546 3122 3424 1913 1539 680
is_linear=0
shrinkage=0.0424476


Tree=94
num_leaves=25
num_cat=0
split_feature=1 4 3 5 5 4 1 9 3 9 4 1 1 9 4 3 1 5 4 1 1 9 4 3
split_gain=0.787937 0.59743 1.26739 0.906359 0.81927 0.799122 0.743374 0.73873 0.515987 0.48394 0.615674 0.477751 0.413067 0.351549 0.476588 0.455504 0.3297 0.284304 0.209515 0.187723 0.441476 0.116485 0.114762 0.110222
threshold=-0.60032953050696913 1005.901102499009 5.250109314536811 -1.0217259393485256 -1.0000000180025095e-35 1003.6296399942775 0.57391765965057562 2.9384714346157375 3.5950000000000002 3.3533333910973657 1009.1016949576372 0.19678319559988264 -0.8142167293547703 0.2080763292054755 1007.3001227931106 2.442984391917713 0.99865756837029906 -0.24160665286373836 1004.701668218319 -0.98801351631316325 -0.99699193743116266 1.3765718562376021 1005.7027653000185 1.0150000000000003
decision_type=2 2 2 2 2 2 2 2 2 2 2 2 2 2 2 2 2 2 2 2 2 2 2 2
left_child=8 2 5 -3 17 -2 -7 -6 13 10 12 18 -10 19 -15 -16 -13 -5 -4 20 -1 -12 -11 -21
right_child=1 3 11 4 7 6 -8 -9 9 22 21 16 -14 14 15 -17 -18 -19 -20 23 -22 -23 -24 -25
leaf_value=-0.023269554229851303 0.022619916650214667 -0.033985726470095429 -0.013961226979507186 -0.035118390254244104 0.00077759978581972149 0.033591323142149056 -0.007460957811442518 -0.045058171242327791 0.079753960463768772 -0.023050738084373398 -0.028957336086227053 -0.056248955795909335 0.037281434625285645 -0.013752871365174293 0.013032641855862934 0.064039580683070182 -0.0076742746616450877 -0.06105598549580387 0.053043078251019386 0.0064166058433701677 0.043872012989707332 0.063029346286699442 0.0047152354914757862 -0.021782730345035448
leaf_weight=139.34254378080368 215.09319463372231 235.64128744602203 87.29130831360817 5403.7489910721779 6660.5119079947472 552.48831307888031 928.67498505115509 2069.5591968595982 391.62666261196136 82.242417603731155 216.56392315030098 865.74200263619423 240.88165464997292 320.07800295948982 655.55728557705879 319.88706940412521 161.10284188389778 350.65844684839249 101.95416435599327 84.049558788537979 124.0297786295414 50.813587486743927 210.88990697264671 965.79446038603783
leaf_count=172 153 55 243 6215 6179 777 565 1878 947 230 360 496 473 671 1118 642 46 78 249 164 247 117 566 1545
internal_value=-0.000197276 -0.000317335 0.000234057 -0.000427684 -0.00047122 0.000988731 0.000622292 -0.000209232 0.000354684 0.00108618 0.00157816 -0.00080337 0.00230121 1.30568e-05 0.00051602 0.000991387 -0.00117342 -0.000865465 0.00110666 -0.00046903 0.000503354 -6.30469e-05 -0.000360992 -0.00073061
internal_weight=21434.2 17632.5 2912.35 14720.1 14484.5 1696.26 1481.16 8730.07 3801.76 1193.02 899.886 1216.09 632.508 2608.74 1295.52 975.444 1026.84 5754.41 189.245 1313.22 263.372 267.378 293.132 1049.84
internal_count=24186 16934 2529 14405 14350 1495 1342 8057 7252 2693 1897 1034 1420 4559 2431 1760 542 6293 492 2128 419 477 796 1709
is_linear=0
shrinkage=0.0424476


Tree=95
num_leaves=25
num_cat=0
split_feature=2 1 3 1 2 8 2 1 2 3 2 1 3 1 8 3 8 8 1 3 8 9 1 9
split_gain=1.04612 1.34307 1.32581 1.26095 0.831925 0.762196 0.912742 0.722356 0.934312 2.09525 0.735981 0.678375 1.11528 0.94001 0.704896 0.783913 0.539969 0.724972 0.458433 0.455433 0.471735 0.454895 0.368787 0.283354
threshold=-0.82631688199933129 -0.60032953050696913 4.1250000000000009 -0.030120025924939096 -0.84719916794295413 6.835 0.77232729489588492 -0.030120025924939096 -0.9592682739222077 6.5250000000000012 -0.86527787191711336 0.044253241935523734 5.3250000000000011 0.22215815049894402 4.1500000000000012 5.4614164988720235 2.8937784646993499 3.895 -0.78509050164541117 5.5311841845599181 2.6100000000000017 -1.0533059085779326 0.99699193743116299 1.9021220509706558
decision_type=2 2 2 2 2 2 2 2 2 2 2 2 2 2 2 2 2 2 2 2 2 2 2 2
left_child=2 5 3 16 21 6 18 19 9 -9 -10 14 13 -13 15 -3 -1 -18 -2 -4 -21 -5 -14 -7
right_child=1 11 7 4 -6 23 -8 8 10 -11 -12 12 22 -15 -16 -17 17 -19 -20 20 -22 -23 -24 -25
leaf_value=-0.030296236353040299 0.029116665459429376 -0.04020836999063989 -0.043729970747781906 0.0068798476489671271 0.022352451181937801 -0.043041809139134878 0.059445919243605101 0.034098109362900295 -0.006732308100107825 0.04836129411002936 0.12076607499364513 0.020688514707688951 -0.068351298778000988 -0.0091745206254141825 -0.098776383753407027 0.04953689576007056 0.2092267358101996 0.033929645008338116 -0.0072870564494652316 0.0028411843188689964 0.057132991801832865 -0.071949200268416391 0.010771439225401322 0.038893187272892885
leaf_weight=124.8078585267067 2071.9167396724224 372.38520139455795 309.31909382343292 346.16685423254967 115.70851466059685 573.95840871334076 80.273932993412018 411.79209834337234 397.63642996549606 67.537633121013641 168.84997093677521 702.60371708869934 1398.2771427631378 8301.4406972527504 2641.3528774678707 208.82227545976639 60.933682829141617 467.97112134099007 862.81407299637794 196.04256424307823 53.697549879550934 1175.2328979372978 199.35238641500473 125.32977011799812
leaf_count=265 4633 591 443 428 78 615 119 485 514 120 118 663 820 7610 2036 273 118 730 1678 609 50 913 94 183
internal_value=-0.000211178 -0.000351512 0.000415856 -0.000232693 -0.000868866 0.000362117 0.000658501 0.00135314 0.00201252 0.00340413 0.000802283 -0.00054459 -0.000377966 -0.000192191 -0.00108701 0.000224138 0.00133215 0.00193771 0.000529301 8.64989e-05 0.00146477 -0.0011412 -0.00141337 -0.000889261
internal_weight=21434.2 17538.5 3895.7 2290.82 1637.11 3714.29 3015 1604.88 1045.82 479.33 566.486 13824.2 10601.7 9004.04 3222.56 581.207 653.713 528.905 2934.73 559.059 249.74 1521.4 1597.63 699.288
internal_count=24186 19315 4871 2532 1419 7228 6430 2339 1237 605 632 12087 9187 8273 2900 864 1113 848 6311 1102 659 1341 914 798
is_linear=0
shrinkage=0.0424476


Tree=96
num_leaves=19
num_cat=0
split_feature=6 8 1 4 1 8 4 6 0 1 8 0 1 8 6 8 8 1
split_gain=1.72283 1.62524 1.06362 1.02419 1.52108 0.613315 0.510648 0.602598 0.536277 0.431572 0.421025 0.886657 0.577282 0.350081 0.344824 0.341267 0.237102 0.00759682
threshold=-0.70718654785976864 1.6907325876419039 1.0017003286826727 1007.7008285559062 0.94294529340159416 0.80499999999999983 1014.0161446128217 0.70137043877975058 0.99852165491081479 -0.73395428414357544 3.9700000000000011 0.76481811989366355 0.1714926119571353 1.2700000000000016 -1.0190982611065318 1.5116465390248897 6.6849999999999996 -0.13770953319759507
decision_type=2 2 2 2 2 2 2 2 2 2 2 2 2 2 2 2 2 2
left_child=1 3 5 4 15 17 7 -7 -8 13 11 12 -3 -5 -12 -1 -16 -2
right_child=2 10 -4 9 -6 6 8 -9 -10 -11 14 -13 -14 -15 16 -17 -18 -19
leaf_value=0.0031634718898176941 -0.015302578100465147 0.038033340555250005 -0.047710129979641941 -0.0037533107827639723 0.042985323473556429 0.0028879547937440686 -0.041734817311041929 0.017008771289911989 0.018750678334568179 -0.067850590815173889 -0.11982555915860664 -0.037119431899895479 -0.033151596038588367 0.09970422025045296 -0.069380891750627019 0.11796007671575705 -0.16453156234249391 -0.062568161462320485
leaf_weight=359.38936856389046 76.160975903272629 408.75189614295959 560.96516507863998 27.746729344129562 99.223162889480591 9019.7273411154747 738.5975267291069 4129.2556242346764 107.32589036226273 249.19110545516014 684.14742261171341 105.50884795188904 1001.7733498513699 27.996568948030472 2659.8309234976768 96.879924923181534 927.73574987053871 228.12364611029625
leaf_count=497 186 698 131 90 34 11415 638 6335 56 274 161 24 636 87 1731 129 936 156
internal_value=-0.000152366 -0.000720687 0.000100645 0.000989951 0.00208555 0.000172951 0.000215119 0.000281194 -0.000790056 -0.000945171 -0.000978197 -0.000352963 -0.000644773 0.00229073 -0.00119576 0.00100193 -0.00101905 -0.00170554
internal_weight=21508.3 6648.18 14860.2 860.427 555.492 14299.2 13994.9 13149 845.923 304.934 5787.75 1516.03 1410.53 55.7433 4271.71 456.269 3587.57 304.285
internal_count=24214 5297 18917 1111 660 18786 18444 17750 694 451 4186 1358 1334 177 2828 626 2667 342
is_linear=0
shrinkage=0.0424476


Tree=97
num_leaves=25
num_cat=0
split_feature=2 8 2 9 8 9 9 0 9 9 8 2 9 4 8 4 4 9 2 2 4 2 4 4
split_gain=0.801402 0.819317 0.974209 3.14722 5.49215 0.846755 0.750325 0.742532 0.694484 0.658718 1.38052 0.672701 0.658051 0.531898 0.488969 0.30936 0.42568 0.302761 0.220141 0.925348 0.2519 0.181326 0.386394 0.264542
threshold=-0.82631688199933129 4.2336217347862801 -0.86527787191711336 1.3192129189280275 1.4050000000000014 1.1587051583387162 0.89084768233117739 0.4853939275904795 6.3703275525931318 3.78493260725535 1.1306537212742638 -0.38168922026665864 2.6999670586940447 1014.0161446128217 3.015000000000001 1006.8002759860051 1010.301597619405 1.1587051583387162 0.82392300575755406 0.63874942205152718 1008.5020402284792 -0.24359133121821666 1004.3960501667991 1007.6034572343341
decision_type=2 2 2 2 2 2 2 2 2 2 2 2 2 2 2 2 2 2 2 2 2 2 2 2
left_child=1 2 5 -4 -5 6 -1 8 18 10 11 -9 15 -12 -7 17 -17 -3 19 -2 -20 22 -11 -23
right_child=7 12 3 4 -6 14 -8 9 -10 21 13 -13 -14 -15 -16 16 -18 -19 20 -21 -22 23 -24 -25
leaf_value=0.036418914816352357 -0.017210808902366159 -0.0029367332039339999 -0.035711308099720306 -0.04260583883790995 0.10506308237954708 -0.020497836587745968 0.03268414599584675 0.0030291899580008773 0.030768077800017918 0.012378908405593223 0.0066205045565319804 0.018061847856759839 0.04337850182395013 -0.028012570567805047 0.01022239812526135 -0.062192567531394086 0.0069021915160906062 0.071940566936674818 -0.16218143729189036 0.02632353731684553 -0.039475332937274552 0.013842479135730128 -0.063136476066329161 -0.0066440599306629069
leaf_weight=713.85669037699699 7186.2434438169003 351.04959923028946 135.84129354357719 75.308013707399368 82.631793677806854 810.076585739851 49.69365531206131 54.212198913097382 148.44556823372841 113.95898270606995 4738.9032045900822 69.896649032831192 97.624407738447189 733.29781758785248 85.220867961645126 1349.5831147432327 139.73186263442039 110.55967652797699 372.31460890173912 759.70872899889946 2001.1282143294811 161.15739685297012 696.15819871425629 471.72864571213722
leaf_count=1289 7823 431 161 104 69 1135 99 93 100 89 4873 106 69 556 52 1236 91 157 472 1308 2371 221 515 794
internal_value=-0.000151067 0.000389004 0.00101272 0.00328002 0.00737301 0.000600003 0.00164196 -0.000275556 -0.00050244 5.92019e-05 0.000270143 0.00470238 -0.000196474 0.000166226 -0.000267956 -0.00037517 -0.000678464 0.000563244 -0.000545368 -0.000433732 -0.000911302 -0.000746041 -0.00117105 -0.000172745
internal_weight=21508.3 4001.18 1952.63 293.781 157.94 1658.85 763.55 17507.2 10467.8 7039.31 5596.31 124.109 2048.55 5472.2 895.297 1950.92 1489.31 461.609 10319.4 7945.95 2373.44 1443 810.117 632.886
internal_count=24214 4893 2909 334 173 2575 1388 19321 12074 7247 5628 199 1984 5429 1187 1915 1327 588 11974 9131 2843 1619 604 1015
is_linear=0
shrinkage=0.0424476


Tree=98
num_leaves=14
num_cat=0
split_feature=5 9 1 1 7 5 1 0 9 9 0 5 7
split_gain=0.887843 1.60702 0.716239 1.90647 0.609195 1.24337 0.81228 0.399898 0.380468 0.688629 0.374712 0.369191 0.304864
threshold=-0.15365150493345084 5.94584145220752 1.0017003286826727 0.99865756837029906 1.4500000000000013 -1.0217259393485256 -0.55822680467059349 -0.5 3.0124050039419079 2.6999670586940447 -0.48425106296505532 1.0000000180025095e-35 1.0502041531351394
decision_type=2 2 2 2 2 2 2 2 2 2 2 2 2
left_child=1 4 3 8 5 -1 10 -8 9 -2 -6 -10 -7
right_child=2 -3 -4 -5 6 12 7 -9 11 -11 -12 -13 -14
leaf_value=0.074737503389724722 0.0028748291578617408 0.05787849846181059 -0.05340379165387759 0.13709406456157047 0.022413614827147873 -0.013790240494245201 -0.018841245138063949 -0.059853453824818152 0.0078082344485907217 0.01729516495049117 -0.072387530631594602 -0.014077199899995174 0.01224370600392952
leaf_weight=112.26419293880463 8291.9870604276657 83.500076293945312 549.31612181663513 223.81592804193497 930.30677130818367 1111.2478432953358 3261.943694382906 2775.9509766995907 211.14348331093788 301.88591545820236 497.20861199498177 2706.5301338136196 725.42192500829697
leaf_count=28 9130 72 132 166 1848 1758 4144 1842 258 423 487 3185 1036
internal_value=-0.000185582 -0.00049397 5.13406e-05 0.00012292 -0.000547758 0.00011235 -0.000722567 -0.000938358 4.58504e-05 0.00018947 0.000177183 -0.000370827 -0.000142976
internal_weight=21782.5 9497.84 12284.7 11735.4 9414.34 1948.93 7465.41 6037.89 11511.5 8593.87 1427.52 2917.67 1836.67
internal_count=24509 11215 13294 13162 11143 2822 8321 5986 12996 9553 2335 3443 2794
is_linear=0
shrinkage=0.0424476


Tree=99
num_leaves=21
num_cat=0
split_feature=5 1 1 4 7 7 4 8 1 8 8 8 4 5 7 8 7 5 8 4
split_gain=0.930982 0.711375 1.44946 0.701605 1.77369 0.635967 0.820995 2.04593 0.786013 0.777066 2.24198 0.463401 0.412412 0.255818 0.21013 0.282582 0.200541 0.173988 0.170007 0.102409
threshold=-0.15365150493345084 1.0017003286826727 0.99865756837029906 1004.9007916191853 1.0299999999999996 1.5205882361910763 1003.8028816474067 1.3706047496810991 -0.55822680467059349 2.0450000000000004 2.2000000000000015 5.7200000000000015 1009.8013827846574 -0.65906778060714288 6.5049999999999999 5.7200000000000015 2.5400000000000014 -1.048951686906805 3.015000000000001 1007.2013851411202
decision_type=2 2 2 2 2 2 2 2 2 2 2 2 2 2 2 2 2 2 2 2
left_child=5 2 3 4 -2 6 7 -1 13 17 -11 -4 -5 18 15 -10 -15 -8 -7 -16
right_child=1 -3 11 12 -6 8 9 -9 14 10 -12 -13 -14 16 19 -17 -18 -19 -20 -21
leaf_value=0.039620647925270751 0.026665135780942168 -0.051136926462914019 0.0034349774045384644 0.0032197246782925009 -0.00024305743962629584 -0.009531941119440555 0.041467556002956082 -0.030218272283279769 -0.039680685615281708 0.071565072375991787 -0.020802139171695943 0.27369369477345168 -0.0099950730788816843 0.059818359588318396 0.048323845613059281 -0.0063662865936730938 -0.03953862161389133 -0.0094593724194267023 0.030424745932779239 -0.13850686724630823
leaf_weight=75.740570366382599 209.63008558750153 549.31612181663513 113.23808622360229 5461.4562150835991 358.10025000572205 125.76865941286087 60.079654335975647 125.14563846588135 3548.3806948661804 84.881009489297867 178.83746942877769 110.57784181833267 5482.3600423336029 68.935522794723511 68.674437880516052 1442.9022271931171 557.87343063950539 1626.5768639743328 662.73719149827957 871.31072157621384
leaf_count=122 331 132 83 7158 406 310 16 102 3335 89 234 83 5101 149 69 1355 647 2484 1184 1119
internal_value=-0.000196277 4.63492e-05 0.000117695 5.02814e-05 0.00150573 -0.000512042 0.000122546 0.00271077 -0.000700385 -0.000134561 0.00199466 0.00350204 -2.35323e-05 0.00018763 -0.000915405 -0.000797842 -0.00043434 -0.000478468 0.000705536 -0.00151994
internal_weight=21782.5 12284.7 11735.4 11511.5 567.73 9497.84 2151.26 200.886 7346.58 1950.37 263.718 223.816 10943.8 1415.31 5931.27 4991.28 626.809 1686.66 788.506 939.985
internal_count=24509 13294 13162 12996 737 11215 3047 224 8168 2823 323 166 12259 2290 5878 4690 796 2500 1494 1188
is_linear=0
shrinkage=0.0424476


Tree=100
num_leaves=25
num_cat=0
split_feature=1 2 2 4 2 3 1 3 4 1 3 4 4 3 9 2 2 4 2 3 2 9 9 3
split_gain=1.04783 1.46564 1.16524 1.76797 1.38515 1.47585 1.12759 0.916078 0.789099 0.956258 0.513886 0.538233 0.597329 0.504938 0.635293 0.452045 0.490357 0.451345 0.302335 0.332833 0.289832 0.261391 0.181834 0.0431756
threshold=0.86753754618373868 0.87377473702374975 -0.24359133121821666 1007.8025486221449 -0.20850241230454711 4.1644099102831547 0.89353735526289724 2.0409242842768678 1010.2009455382565 0.1714926119571353 4.7830684297235804 1011.7005882097233 1010.301597619405 3.2304843002771695 3.0124050039419079 -0.99892050974818625 -0.93760092995349764 1006.4012391742523 0.97690230611205509 2.9923900646450159 0.17553149042142802 2.1981552721683451 -0.15193402419978594 4.4720225700046816
decision_type=2 2 2 2 2 2 2 2 2 2 2 2 2 2 2 2 2 2 2 2 2 2 2 2
left_child=1 10 13 4 -4 -6 -5 8 -3 -10 15 12 -12 14 22 17 -17 -1 21 -20 -8 -9 -2 -15
right_child=2 7 3 6 5 -7 20 18 9 -11 11 -13 -14 23 -16 16 -18 -19 19 -21 -22 -23 -24 -25
leaf_value=0.021660114767829353 -0.0010477483886743588 -0.14925383579691112 0.093721618449236238 0.072642484619904801 -0.015565859725393219 0.012193283026375545 -0.073756959798522426 -0.16503404994853765 -0.0093756331519978635 0.027922664797079545 0.01345368364420412 -0.12380561175946504 0.059206782141839491 -0.04686956303782263 0.013336789443405762 0.029243301521248728 2.3336360803501684e-05 -0.14800217553030157 0.0046810771289567321 -0.039752439450318609 -0.013672949000796042 -0.044851535020052097 -0.058571232328811972 -0.05843279816067521
leaf_weight=118.34852892160416 151.85170367360115 283.92404913902283 98.104781568050385 97.56745520234108 313.07900765538216 352.47231498360634 1060.0105349719524 1507.2332057952881 406.59214386343956 346.73520424962044 2619.4144276082516 159.02621778845787 118.37638008594513 580.33926191926003 137.49338155984879 981.48198863863945 8043.0187124311924 425.08961269259453 346.94361516833305 1082.1712708473206 589.79108059406281 340.77492067217827 231.67646646499634 1203.5111426413059
leaf_count=158 132 346 83 148 352 295 863 1211 376 336 3841 203 170 237 103 1582 10462 238 347 924 935 458 156 375
internal_value=-0.000198103 -3.85307e-05 -0.000750224 -0.00010963 0.00158562 0.000859183 -0.000861111 -0.000713768 0.000372495 0.00110553 0.000193701 0.000689451 0.000833437 -0.00144008 -0.00023602 4.16707e-05 0.000115135 -0.0011442 -0.00106323 -0.000577529 -0.00113186 -0.00142882 -0.00115538 -0.00178137
internal_weight=21595 16779.1 4815.9 2511.03 763.656 665.551 1747.37 4314.37 1037.25 753.327 12464.8 2896.82 2737.79 2304.87 521.022 9567.94 9024.5 543.438 3277.12 1429.11 1649.8 1848.01 383.528 1783.85
internal_count=24331 20652 3679 2676 730 647 1946 3998 1058 712 16654 4214 4011 1003 391 12440 12044 396 2940 1271 1798 1669 288 612
is_linear=0
shrinkage=0.0424476


Tree=101
num_leaves=25
num_cat=0
split_feature=6 7 5 7 2 7 5 4 2 6 6 2 2 2 6 7 6 2 2 6 2 2 4 6
split_gain=1.3962 1.47408 0.861966 1.01675 0.753801 0.712786 1.15729 0.901675 0.732787 0.695607 0.652093 0.632197 0.618334 0.604272 0.535469 0.474434 0.328446 0.743333 0.279905 0.203532 0.198456 0.139305 0.305024 0.0635962
threshold=-0.12166548665804384 3.1300000000000012 -0.31870460913944781 2.9900000000000007 0.87377473702374975 2.8400000000000021 -1.2756822417333986 1002.9062791817597 -0.228656083955845 -0.99966004280087095 0.70137043877975058 0.97690230611205509 0.99903710851409044 0.63874942205152718 -0.96651117333580772 8.3950000000000014 -0.2589913477455501 0.87377473702374975 -0.228656083955845 -0.49938512447000033 -0.82631688199933129 0.95989713290459411 1013.1031519751592 -1.0190982611065318
decision_type=2 2 2 2 2 2 2 2 2 2 2 2 2 2 2 2 2 2 2 2 2 2 2 2
left_child=1 2 19 9 5 6 -2 -8 10 -4 -7 21 15 -10 23 -13 18 -18 -16 20 -1 22 -6 -3
right_child=4 14 3 -5 11 8 7 -9 13 -11 -12 12 -14 -15 16 -17 17 -19 -20 -21 -22 -23 -24 -25
leaf_value=0.0097230726648316942 0.06852631301422818 -0.15164712322346627 0.0066915941979125261 -0.054692915100168049 -0.014689814714863959 0.028823670448359168 0.019195071709832839 -0.0030768647278377622 -0.0016893114461827628 -0.002981280563959081 0.043212336868841267 0.019510261158271272 -0.2170519948011263 0.025462629224858084 -0.038667188240650262 -0.0015662177608052725 0.068697777250708317 -0.036555674413083841 -0.097762729458021946 -0.061202549541315383 -0.038660473156278033 -0.10584127963208977 -0.20669313971791786 -0.14237195413520071
leaf_weight=216.22046619653702 65.134334862232208 629.26620972156525 771.22751471400261 164.82453855872154 736.18151694536209 441.50394436717033 99.743725627660751 4272.7272507846355 1081.4029884338379 3384.0723933875561 507.32303211092949 761.30679494142532 199.66243517398834 561.43428349494934 1766.7064274549484 143.12872073054314 340.95221069455147 359.41382074356079 2371.1088844537735 366.19605669379234 943.24707704782486 450.26879328489304 239.4416875243187 722.53230118751526
leaf_count=324 14 143 565 118 758 805 98 6150 1731 4135 1143 649 176 875 1086 87 527 247 2309 441 1024 290 172 464
internal_value=-0.00019913 -0.000503716 -1.7093e-05 0.00028598 0.000182428 0.000409937 7.87259e-05 -7.14198e-07 0.00096991 0.000151622 0.0019146 -0.000442358 0.000307308 0.000413021 -0.000960289 0.000793575 -0.000744804 8.13632e-05 -0.000889116 -0.000887416 -0.000587739 -0.00103582 -0.000716914 -0.00171781
internal_weight=21595 12035.8 5845.79 4320.12 9559.26 7029.27 4437.61 4372.47 2591.66 4155.3 948.827 2529.99 1104.1 1642.84 6189.98 904.436 4838.18 700.366 4137.82 1525.66 1159.47 1425.89 975.623 1351.8
internal_count=24331 11383 6607 4818 12948 10816 6262 6248 4554 4700 1948 2132 912 2606 4776 736 4169 774 3395 1789 1348 1220 930 607
is_linear=0
shrinkage=0.0424476


Tree=102
num_leaves=17
num_cat=0
split_feature=6 4 1 1 1 4 2 6 2 1 2 6 4 1 6 9
split_gain=1.7751 1.514 0.492617 0.484624 0.570918 1.4862 0.737279 0.647378 0.709093 0.533436 0.851135 0.897708 0.444772 0.458432 0.240505 0.0506717
threshold=0.25881904510252057 1002.9062791817597 -0.99865756837029884 -0.86958133671945925 0.99865756837029906 1007.0026438013823 1.0000000180025095e-35 -1.1994164757100656 -0.9592682739222077 -0.99699193743116266 0.22611568550828817 -0.5 1014.85 0.99965739133362419 -0.35263541250555486 0.056586321876944019
decision_type=2 2 2 2 2 2 2 2 2 2 2 2 2 2 2 2
left_child=3 -2 -3 9 7 -6 -7 -5 -9 14 11 -11 13 -4 -1 -12
right_child=1 2 12 4 5 6 -8 8 -10 10 15 -13 -14 -15 -16 -17
leaf_value=-0.064037537089698324 0.021446818321569701 0.055206846818952104 0.0091522141083615928 -0.03923118727601238 0.012123166951206353 -0.064385219108215277 -0.0077880141011798755 0.02359715403560745 -0.027064875461684974 0.081030747647114876 -0.036850074826785761 -0.0017355433279253984 -0.028481464574807148 -0.049575250429991682 0.034749774633044572 -0.0082599890495504286
leaf_weight=257.16234117746353 66.357809692621231 66.17519623041153 6660.4363125562668 496.07540422677994 371.55402335524559 373.28484609723091 326.79816174507141 1214.5451741218567 10267.805270642042 350.40466946363449 187.81990745663643 265.97004735469818 180.54841536283493 259.37903040647507 73.516722530126572 169.84025102853775
leaf_count=245 75 162 9453 111 109 129 134 1391 10163 799 294 571 163 114 134 337
internal_value=-0.000134581 0.000406394 0.00034457 -0.00040845 -0.000487045 0.000441919 -0.000688817 -0.0005717 -0.000504705 0.000363483 0.000874186 0.00183875 0.000307765 0.000364251 -0.00108481 -0.000736342
internal_weight=21587.7 7232.9 7166.54 14354.8 13050.1 1071.64 700.083 11978.4 11482.4 1304.71 974.035 616.375 7100.36 6919.82 330.679 357.66
internal_count=24384 9967 9892 14417 12037 372 263 11665 11554 2380 2001 1370 9730 9567 379 631
is_linear=0
shrinkage=0.0424476


Tree=103
num_leaves=16
num_cat=0
split_feature=5 9 2 0 2 2 2 2 9 9 0 2 9 8 8
split_gain=0.949939 1.05478 0.659638 0.568549 0.510002 0.601107 1.39962 0.859151 0.566923 0.564507 0.398876 0.199174 0.0688762 0.109049 0.0110213
threshold=-1.0000000180025095e-35 6.3703275525931318 0.87377473702374975 0.36835481345592036 0.99903710851409044 0.97690230611205509 0.98043284291745803 0.87377473702374975 -0.58263825644615597 1.9021220509706558 -1.0055633520958762 0.95989713290459411 -1.1191887460223169 3.895 4.450000000000002
decision_type=2 2 2 2 2 2 2 2 2 2 2 2 2 2 2
left_child=1 2 3 10 5 7 -7 9 -8 -2 -1 -9 14 -14 -4
right_child=4 -3 12 -5 -6 6 8 11 -10 -11 -12 -13 13 -15 -16
leaf_value=-0.041637217156565938 0.013784942779180772 0.016725356228478674 -0.094493118785295552 -0.12214926135589003 -0.18854602711449192 0.028905775006904753 -0.00029076440728288699 -0.029821223147988237 0.029087944443038853 -0.0035956793665730532 -0.0063561220469834714 -0.06970473619546233 -0.10254991559624242 -0.061319294447218349 -0.20642043196195672
leaf_weight=318.04710084199905 4879.053894340992 80.846598088741302 83.094015121459961 326.69399547576904 251.13095080852509 128.6408411860466 643.23559767007828 1139.9856229424477 331.25443097949028 3879.8421431779861 7722.581955820322 471.89305520057678 184.663415402174 706.29551276564598 440.41445362567902
leaf_count=75 6430 54 110 76 193 75 326 946 306 4579 9195 291 320 944 464
internal_value=-0.000119114 -0.000426589 -0.00046821 -0.000321959 0.000137943 0.000180824 0.00112413 7.8698e-05 0.000553486 0.000246065 -0.000248807 -0.000819274 -0.00132026 -0.00103926 -0.0017631
internal_weight=21587.7 9862.64 9781.79 8367.32 11725 11473.9 1103.13 10370.8 974.49 8758.9 8040.63 1611.88 1414.47 890.959 523.508
internal_count=24384 11238 11184 9346 13146 12953 707 12246 632 11009 9270 1237 1838 1264 574
is_linear=0
shrinkage=0.0424476


Tree=104
num_leaves=19
num_cat=0
split_feature=6 5 9 5 8 2 9 8 8 9 2 6 2 2 6 6 2 8
split_gain=1.84129 1.09841 0.652372 1.72085 0.783654 1.37814 0.74636 0.980529 0.650307 0.497397 0.461835 0.498762 0.332055 0.264932 0.247927 0.409487 0.365157 0.00270774
threshold=0.25881904510252057 1.0000000180025095e-35 6.3703275525931318 0.551391285031961 4.5200000000000022 -0.5049610547215202 0.67208464711242055 3.895 6.2520641185720081 -1.3893731532515383 0.82392300575755406 -0.96651117333580772 0.63874942205152718 0.82392300575755406 -1.5421658569101584 -1.1708774824436219 -0.9592682739222077 2.7216158680909519
decision_type=2 2 2 2 2 2 2 2 2 2 2 2 2 2 2 2 2 2
left_child=1 10 4 -4 6 8 7 -2 -6 -7 11 -1 -13 -8 -3 -16 -17 -12
right_child=2 14 3 -5 5 9 13 -9 -10 -11 17 12 -14 -15 15 16 -18 -19
leaf_value=-0.059815154216048619 0.030875260360857588 -0.23104515222264843 0.034523543289921708 -0.040434622349030662 0.047259019425183423 -0.012474553008073885 -0.0057784251758431346 -0.03586969671962098 -0.0080362874255837241 0.01756486406089244 -0.050148120133888946 -0.02944552858845528 0.03787633397092835 -0.086555011835783707 0.0039492741999423491 0.028358117473985901 -0.0077013891137964804 -0.17793961088532173
leaf_weight=564.88577234745026 350.09722521901131 123.92810368537903 117.61599799990654 124.07070246338844 349.98663118481636 803.91204056143761 2663.6317119002342 225.22912582755089 76.091432929039001 2161.9837562143803 62.865135043859482 5182.0828858613968 363.15317523479462 293.03868123888969 198.86357164382935 556.09711381793022 6431.0840970277786 953.44309961795807
leaf_count=135 677 27 102 104 891 718 3658 405 182 2706 131 5207 630 423 47 693 6401 1246
internal_value=-0.000178083 -0.000454764 0.000376754 0.00255472 0.000298052 0.000759722 -0.000140075 0.00125074 0.00302433 0.000428136 -0.000830069 -0.000685558 -0.000558408 -0.000416974 -8.63492e-05 -5.12365e-05 -0.000107801 -0.00168064
internal_weight=21602.1 14436.4 7165.66 241.687 6923.97 3391.97 3532 575.326 426.078 2965.9 7126.43 6110.12 5545.24 2956.67 7309.97 7186.04 6987.18 1016.31
internal_count=24383 14517 9866 206 9660 4497 5163 1082 1073 3424 7349 5972 5837 4081 7168 7141 7094 1377
is_linear=0
shrinkage=0.0424476


Tree=105
num_leaves=17
num_cat=0
split_feature=5 9 1 1 1 3 1 1 9 7 7 1 5 7 1 3
split_gain=1.39142 1.17383 0.667175 0.523613 0.535949 0.472728 0.548231 0.756398 1.01564 0.930938 0.455442 0.93202 0.374966 0.13413 0.0681297 0.00187527
threshold=-0.11821799236983267 5.94584145220752 0.99965739133362419 0.99865756837029906 -0.60032953050696913 8.0950000000000006 0.32146563578402104 0.27286057571299566 -0.81085436101070829 4.6200000000000001 5.9200000000000008 0.81398800564236884 0.25881904510252091 3.892123922156641 -0.12647779982076676 8.7850000000000019
decision_type=2 2 2 2 2 2 2 2 2 2 2 2 2 2 2 2
left_child=1 2 3 4 -1 6 7 9 -9 -2 12 -12 -8 14 15 -7
right_child=5 -3 -4 -5 -6 13 10 8 -10 -11 11 -13 -14 -15 -16 -17
leaf_value=0.0056755099251840375 0.018582027461004933 0.053426010797562679 -0.053170287780893916 0.0084164639313634351 -0.028156787786079631 -0.008970019703572616 0.0022946484509734459 0.048280644305104183 0.064962359112773191 -0.01367342932891333 -0.017023280759334333 0.16738606841031881 -0.011862393701601467 -0.068095236214320953 0.0082583632681633625 -0.060306034585519308
leaf_weight=1744.5589034557343 3961.903518050909 83.086514115333557 564.36112821102142 87.361934304237366 7198.4345224201679 41.431325733661652 1335.0452118217945 94.442045539617538 157.08947771787643 1658.9150047302246 291.37293663620949 174.85043144226074 3872.9412207007408 213.31843322515488 70.401050388813019 52.546601325273514
leaf_count=3359 6315 76 192 73 7615 113 1010 76 141 1224 204 162 3473 130 111 109
internal_value=-0.000150548 -0.000529131 -0.000574348 -0.00048315 -0.000516844 0.000155161 0.000204888 0.000492892 0.00278216 0.000387147 -8.99106e-05 0.00117521 -0.000206723 -0.00131598 -0.000269581 -0.00109239
internal_weight=21602.1 9677.8 9594.72 9030.36 8942.99 11924.3 11546.6 5872.35 251.532 5620.82 5674.21 466.223 5207.99 377.697 164.379 93.9779
internal_count=24383 11315 11239 11047 10974 13068 12605 7756 217 7539 4849 366 4483 463 333 222
is_linear=0
shrinkage=0.0424476


Tree=106
num_leaves=12
num_cat=0
split_feature=7 9 9 2 1 1 9 2 8 7 8
split_gain=1.00163 1.59054 0.6227 1.70269 0.653 1.08302 2.63205 0.943977 2.30041 0.913514 0.54407
threshold=0.29074608561318988 3.4346036631423655 -6.1128231264328194 -0.033168202209087554 0.29672310423526954 0.27286057571299566 -0.15193402419978594 -0.28423888525678598 1.2700000000000016 2.5400000000000014 1.6907325876419039
decision_type=2 2 2 2 2 2 2 2 2 2 2
left_child=1 -1 3 -2 5 9 -7 10 -9 -4 -6
right_child=2 -3 4 -5 7 6 -8 8 -10 -11 -12
leaf_value=0.0021172004847500136 0.16492003912077938 -0.0058518789465288323 0.014166216956854587 -0.1062265527687018 -0.0060027983250166223 0.046231244654197604 -0.082945847022631677 0.023239151322436397 -0.0022681473513852289 -0.0044220220771260784 -0.04180253444492011
leaf_weight=104.34631568193436 72.175861120223999 144.81208407878876 3250.6238529384136 77.141585409641266 1691.7993806302547 109.41243925690651 98.411742031574249 155.83277425169945 5096.2762015461922 6996.9964222311974 3777.9634729027748
leaf_count=104 75 104 7209 105 1132 111 107 157 5726 7365 2178
internal_value=-3.82689e-05 0.0026355 -7.03762e-05 0.00265701 -9.04825e-05 0.000146994 0.00318296 -0.000323785 7.95082e-05 8.36129e-05 -0.000714414
internal_weight=21575.8 249.158 21326.6 149.317 21177.3 10455.4 207.824 10721.9 5252.11 10247.6 5469.76
internal_count=24373 208 24165 180 23985 14792 218 9193 5883 14574 3310
is_linear=0
shrinkage=0.0424476


end of trees

feature_importances:
doy_sin=418
doy_cos=359
temp_range_24h=287
wind_ms=240
pressure_hpa=209
diurnal_amplitude_12h=202
hi_residual_lag1h=200
local_hour_cos=178
local_hour_sin=163
hour_cos=108

parameters:
[boosting: gbdt]
[objective: quantile]
[metric: quantile]
[tree_learner: serial]
[device_type: cpu]
[data_sample_strategy: bagging]
[data: ]
[valid: ]
[num_iterations: 107]
[learning_rate: 0.0424476]
[num_leaves: 25]
[num_threads: 2]
[seed: 42]
[deterministic: 0]
[force_col_wise: 0]
[force_row_wise: 0]
[histogram_pool_size: -1]
[max_depth: 5]
[min_data_in_leaf: 83]
[min_sum_hessian_in_leaf: 0.901802]
[bagging_fraction: 0.697812]
[pos_bagging_fraction: 1]
[neg_bagging_fraction: 1]
[bagging_freq: 2]
[bagging_seed: 400]
[bagging_by_query: 0]
[feature_fraction: 0.532989]
[feature_fraction_bynode: 1]
[feature_fraction_seed: 30056]
[extra_trees: 0]
[extra_seed: 12879]
[early_stopping_round: 0]
[early_stopping_min_delta: 0]
[first_metric_only: 0]
[max_delta_step: 0]
[lambda_l1: 0.436215]
[lambda_l2: 0.0126749]
[linear_lambda: 0]
[min_gain_to_split: 0]
[drop_rate: 0.1]
[max_drop: 50]
[skip_drop: 0.5]
[xgboost_dart_mode: 0]
[uniform_drop: 0]
[drop_seed: 17869]
[top_rate: 0.2]
[other_rate: 0.1]
[min_data_per_group: 100]
[max_cat_threshold: 32]
[cat_l2: 10]
[cat_smooth: 10]
[max_cat_to_onehot: 4]
[top_k: 20]
[monotone_constraints: ]
[monotone_constraints_method: basic]
[monotone_penalty: 0]
[feature_contri: ]
[forcedsplits_filename: ]
[refit_decay_rate: 0.9]
[cegb_tradeoff: 1]
[cegb_penalty_split: 0]
[cegb_penalty_feature_lazy: ]
[cegb_penalty_feature_coupled: ]
[path_smooth: 0]
[interaction_constraints: ]
[verbosity: -1]
[saved_feature_importance_type: 0]
[use_quantized_grad: 0]
[num_grad_quant_bins: 4]
[quant_train_renew_leaf: 0]
[stochastic_rounding: 1]
[linear_tree: 0]
[max_bin: 127]
[max_bin_by_feature: ]
[min_data_in_bin: 3]
[bin_construct_sample_cnt: 200000]
[data_random_seed: 175]
[is_enable_sparse: 1]
[enable_bundle: 1]
[use_missing: 1]
[zero_as_missing: 0]
[feature_pre_filter: 1]
[pre_partition: 0]
[two_round: 0]
[header: 0]
[label_column: ]
[weight_column: ]
[group_column: ]
[ignore_column: ]
[categorical_feature: ]
[forcedbins_filename: ]
[precise_float_parser: 0]
[parser_config_file: ]
[objective_seed: 16083]
[num_class: 1]
[is_unbalance: 0]
[scale_pos_weight: 1]
[sigmoid: 1]
[boost_from_average: 1]
[reg_sqrt: 0]
[alpha: 0.95]
[fair_c: 1]
[poisson_max_delta_step: 0.7]
[tweedie_variance_power: 1.5]
[lambdarank_truncation_level: 30]
[lambdarank_norm: 1]
[label_gain: ]
[lambdarank_position_bias_regularization: 0]
[eval_at: ]
[multi_error_top_k: 1]
[auc_mu_weights: ]
[num_machines: 1]
[local_listen_port: 12400]
[time_out: 120]
[machine_list_filename: ]
[machines: ]
[gpu_platform_id: -1]
[gpu_device_id: -1]
[gpu_use_dp: 0]
[num_gpu: 1]

end of parameters

pandas_categorical:[]
