tree
version=v4
num_class=1
num_tree_per_iteration=1
label_index=0
max_feature_idx=9
objective=quantile
feature_names=hour_cos doy_sin doy_cos wind_ms pressure_hpa local_hour_sin local_hour_cos diurnal_amplitude_12h temp_range_24h hi_residual_lag1h
feature_infos=[-2.3364172165514692:2.07623290990814] [-2.3848232249751709:2.3874370285572288] [-2.3247333159999948:1.6028415176587489] [-0.51387694939852957:11.44] [999:1019.6] [-2.2504620145166196:2.0126581203804683] [-2.4144231891177057:2.1402081559615977] [-0.73627680502685289:11.789999999999999] [-0.46286245094129175:13.239999999999998] [-12.37480379802372:10.115943512824281]
tree_sizes=2528 2814 2174 2839 2713 2831 2822 2836 2829 2828 2609 2731 2282 2834 2847 2522 2506 2512 2820 2854 2594 2813 2378 2298 2605 2427 2702 2215 2406 2844 2500 2672 2261 2719 2853 2272 2523 2829 2277 2279 2847 2852 2622 2635 2843 2317 2637 2847 2726 2817 2830 2831 2730 2838 2851 2526 2089 2429 2626 2857 2860 2728 2826 2711 2521 2850 2712 2747 2876 2093 2861 2605 2850 2841 2848 2845 2838 2853 2842 2820 2854 2865 2852 2874 2844 2526 2858 2829 2740 2835 2506 2745 2861 2853 2547 2861 2869 2847 2767 2218 2865 2097 2869 2648 2866 2321 2838

Tree=0
num_leaves=24
num_cat=0
split_feature=8 1 6 1 4 1 6 1 8 7 8 4 6 8 6 1 1 1 1 8 8 6 1
split_gain=114.622 43.7118 35.6339 19.2091 15.8553 19.1639 20.5347 16.0439 8.4009 8.34984 7.58838 4.39459 3.74556 3.28104 5.4825 2.95184 2.30229 3.39669 1.61216 1.88978 0.723871 3.31601 0.40481
threshold=8.2700000000000031 -0.047406159029233223 -0.5 -0.30472723697333454 1009.6009826208134 0.19678319559988264 -0.5 -0.53704693351105359 9.8300000000000018 6.6450000000000022 8.8100000000000005 1010.9136334241356 0.70137043877975058 7.0700000000000029 1.0000000180025095e-35 0.12332438255465399 0.48634789132201989 0.39376516476197765 0.99865756837029906 5.7700000000000022 6.1900000000000004 0.86502983325015059 -0.80114727002333919
decision_type=2 2 2 2 2 2 2 2 2 2 2 2 2 2 2 2 2 2 2 2 2 2 2
left_child=4 2 -2 10 13 6 15 -8 16 -10 -4 -11 -5 20 -15 -6 17 -3 -7 -20 -1 -22 -16
right_child=1 8 3 12 5 18 7 -9 9 11 -12 -13 -14 14 22 -17 -18 -19 19 -21 21 -23 -24
leaf_value=22.45851803711901 22.470827812074972 22.286353695045396 22.20242109522183 22.180616259827868 22.408854289204534 22.357156108654671 22.263637480865516 22.213184467736042 22.226122989659515 22.190988268825336 22.240399905728772 22.268304068691862 22.229122559638238 22.439416564474037 22.252222456403111 22.225786721339524 22.324258405818483 22.211166754892471 22.619819055818404 22.108402543826543 22.382112227501569 22.232940212460299 22.274719737411363
leaf_weight=11518.525869786739 165.57010567188263 368.31851622462273 114.19629397988319 333.29632732272148 1153.6827565133572 2616.7701986134052 843.41876205801964 1213.2729825079441 228.68306583166122 124.28778648376465 143.20303955674171 238.49939957261086 217.90696918964386 219.19655606150627 70.883833676576614 95.083136439323425 280.26500824093819 93.802393347024918 203.49488949775696 192.03479325771332 876.20064833760262 92.152303248643875 69.619062483310699
leaf_count=13675 226 350 84 148 1227 3089 1403 1081 142 106 125 255 98 227 61 70 386 78 90 85 941 159 108
internal_value=22.29 22.281 22.2742 22.2705 22.291 22.2893 22.2871 22.2844 22.286 22.2822 22.2802 22.2863 22.266 22.2919 22.2879 22.2913 22.2891 22.2872 22.2917 22.2892 22.292 22.2909 22.2813
internal_weight=21472.4 2308.03 974.173 808.603 19164.3 6317.76 3305.46 2056.69 1333.86 591.47 257.399 362.787 551.203 12846.6 359.699 1248.77 742.386 462.121 3012.3 395.53 12486.9 968.353 140.503
internal_count=24214 1998 681 455 22216 7045 3781 2484 1317 503 209 361 246 15171 396 1297 814 428 3264 175 14775 1100 169
is_linear=0
shrinkage=1


Tree=1
num_leaves=25
num_cat=0
split_feature=8 5 5 7 9 8 5 0 9 7 7 0 5 7 7 9 9 7 7 8 7 9 7 9
split_gain=105.38 72.3749 12.9788 21.3738 8.24517 9.26577 6.47631 7.99707 8.71505 4.08831 3.41718 3.08025 2.64842 6.7507 1.76875 1.62544 1.50814 1.23706 0.916918 0.289414 0.927267 0.100501 0.0735939 0.143779
threshold=8.2700000000000031 0.70436907356351874 0.86340693121644818 2.6649999999999996 -1.0533059085779326 9.5950000000000024 -1.0000000180025095e-35 0.25881904510252057 -1.8488451086954265 5.8100000000000014 4.6800000000000024 0.86106538556481482 0.25810558179186288 5.5599561741628962 2.1000000000000001 0.67208464711242055 0.35593243817512393 5.9200000000000008 2.3724945490268134 6.1200000000000037 4.2700000000000022 2.5349605937196196 6.7800000000000038 -1.1191887460223169
decision_type=2 2 2 2 2 2 2 2 2 2 2 2 2 2 2 2 2 2 2 2 2 2 2 2
left_child=2 6 12 16 17 10 22 8 -8 11 -6 -5 19 14 -14 -15 18 -3 -4 -1 -21 -18 23 -2
right_child=1 4 3 9 5 -7 7 -9 -10 -11 -12 -13 13 15 -16 -17 21 -19 -20 20 -22 -23 -24 -25
leaf_value=0.19319970040083334 -0.01354600760709781 -0.10651269876208515 -0.0040691683085381427 -0.026743925604325123 -0.095765950744035835 -0.05053886607033297 -0.058658680036307538 0.15050841615376359 -0.045387939032204727 -0.068104850426220637 -0.074035811152556322 -0.093288672903842532 0.19688637398249384 -0.030308450564569978 0.0053116472857929449 -0.11432225333047454 0.025030081178171452 -0.089882668073133262 -0.1140534594408691 -0.022232931266726597 0.084904612619028097 0.1041174241252209 0.068040795019081834 -0.0021706922562276312
leaf_weight=8941.3606590330601 66.600616484880447 285.84321311116219 322.08682009577751 325.087242603302 137.96041241288185 256.37711781263351 107.39713853597641 203.7061020731926 226.78747883439064 102.7131432890892 209.6413252055645 823.78209915757179 2282.7987002134323 196.481066852808 2109.0406238436699 115.53210166096687 422.4922331571579 243.39002126455307 120.76778280735016 216.04141628742218 1922.6263734698296 1263.5255300104618 477.45965555310249 92.86582413315773
leaf_count=9970 65 145 566 388 112 104 50 236 193 67 125 801 2887 181 2313 120 785 109 164 221 1927 1826 733 126
internal_value=8.31512e-05 -0.00848467 0.00111598 -0.0012679 -0.0161392 -0.0126656 -0.00108533 -0.00452458 -0.00857616 -0.00567268 -0.00805631 -0.00492212 0.00162771 0.000777334 0.00120938 -0.00524451 0.00131304 -0.0200681 -0.00086282 0.00198705 0.00151152 0.00189554 0.00179011 0.000795319
internal_weight=21472.4 2308.03 19164.3 3380.45 1133.21 603.979 1174.82 537.891 334.185 1251.58 347.602 1148.87 15783.9 4703.85 4391.84 312.013 2128.87 529.233 442.855 11080 2138.67 1686.02 636.926 159.466
internal_count=24214 1998 22216 4597 595 341 1403 479 243 1256 237 1189 17619 5501 5200 301 3341 254 730 12118 2148 2611 924 191
is_linear=0
shrinkage=0.0424476


Tree=2
num_leaves=19
num_cat=0
split_feature=2 1 4 1 3 7 2 1 3 1 2 1 7 1 7 1 2 3
split_gain=99.2662 29.7583 18.3172 11.5948 14.3334 5.24133 6.83807 3.94462 2.94487 11.7525 2.89317 10.5914 1.00703 1.62157 0.96218 0.461756 2.80709 0.14018
threshold=0.85651926849515192 -0.098819223632317363 1008.5020402284792 -0.47105904330480614 3.991800546233764 5.4726793676876566 0.91234096280339505 -0.047406159029233223 2.2407098037665296 0.99865756837029906 0.99696424012059681 0.1714926119571353 3.5624569246339246 -0.97873101657557326 7.3400000000000025 -0.85654306401281477 0.45332839722974955 2.4848003387880664
decision_type=2 2 2 2 2 2 2 2 2 2 2 2 2 2 2 2 2 2
left_child=8 2 -2 -4 -5 10 14 -8 9 12 11 -3 -1 -14 -7 16 17 -10
right_child=1 5 3 4 -6 6 7 -9 15 -11 -12 -13 13 -15 -16 -17 -18 -19
leaf_value=0.090673780615128541 0.016237909352169278 -0.09675566950490451 -0.10411517859644041 -0.085975183313187042 -0.050369273652949652 -0.092782907727024064 -0.049914174445994684 -0.019818447526745605 -0.070556102195348289 -0.11660867439413966 0.0036923129497622954 0.0037739316869954617 -0.030869283016007307 0.04142952037639825 -0.083712645038881928 0.1747217331688217 -0.033140236506885648 0.094016373179700366
leaf_weight=1435.6518288254738 225.52509966492653 320.8449005484581 228.92576077580452 887.11394965648651 615.43532872200012 117.73109394311905 105.6355257332325 722.8054071366787 121.77846151590347 201.19206827878952 455.50861921906471 769.43913444876671 235.41480806469917 1686.3840029835701 113.38553085923195 11983.420956939459 150.5351028740406 1093.5907273292542
leaf_count=2330 361 307 164 717 519 93 61 695 221 74 415 856 296 2373 81 12205 159 2383
internal_value=0.000244199 -0.0053111 -0.00926976 -0.0107536 -0.00937404 -0.00233042 -0.00463338 -0.00280222 0.00174431 0.00065163 -0.00073987 -0.00193567 0.00125365 0.000604673 -0.0111166 0.0020342 0.0012606 0.00194825
internal_weight=21470.3 4562.35 1957 1731.48 1502.55 2605.35 1059.56 828.441 16908 3558.64 1545.79 1090.28 3357.45 1921.8 231.117 13349.3 1365.9 1215.37
internal_count=24310 4269 1761 1400 1236 2508 930 756 20041 5073 1578 1163 4999 2669 174 14968 2763 2604
is_linear=0
shrinkage=0.0424476


Tree=3
num_leaves=25
num_cat=0
split_feature=2 5 9 3 9 5 0 9 3 3 5 2 2 2 2 3 2 2 3 9 3 5 3 0
split_gain=88.697 73.8102 23.4454 19.0585 20.0133 5.78229 7.03011 6.65574 4.52484 3.01197 1.77258 3.41826 15.254 1.43798 0.731687 0.549898 0.300834 1.88636 2.84376 0.236341 0.501188 0.213859 0.20719 0.185891
threshold=0.85651926849515192 0.70436907356351874 1.3192129189280275 5.5311841845599181 -1.5320925262319809 -1.0000000180025095e-35 0.25881904510252057 -2.0265954215997559 4.4200877324686152 2.2407098037665296 -1.0000000180025095e-35 1.0000000180025095e-35 0.055916990100603255 0.98043284291745803 0.87377473702374975 2.6450000000000005 0.45332839722974955 0.49889468935047204 2.9511450608452958 1.4801675009391817 1.3750000000000002 0.99886859755332902 6.3850000000000007 -0.11380247303687317
decision_type=2 2 2 2 2 2 2 2 2 2 2 2 2 2 2 2 2 2 2 2 2 2 2 2
left_child=9 5 3 4 -3 14 7 -7 15 10 19 23 -13 -5 -2 -4 -11 18 -18 -1 -21 -19 -8 -12
right_child=1 2 8 13 -6 6 22 -9 -10 16 11 12 -14 -15 -16 -17 17 21 -20 20 -22 -23 -24 -25
leaf_value=0.1259359055529776 -0.030852465800233309 -0.15692902289868588 -0.042086954629125393 -0.069508318907355704 -0.076952601694257314 -0.052659991228920545 0.071215851879598543 -0.041818577049706505 -0.053969230975253343 0.18553141473979834 -0.020041066208476337 -0.14083070106529044 -0.0043629125095778843 -0.099272435273042706 0.057555817224053465 0.012526151170429399 -0.036104838425736786 0.047408325273217533 0.0097371472346150234 -0.0078928115590727876 0.040766051261714384 -0.0052565806847570534 -0.0018822366745931036 0.091316246837125775
leaf_weight=1034.0478016138077 87.408929854631424 332.06425625085831 132.76101106405258 204.27794671058655 742.54818934202194 112.72689315676689 357.54263469576836 531.30608367919922 180.775868922472 11549.089150995016 65.818297326564789 130.99025744199753 930.36105850338936 252.72026333212852 1384.0776760280132 167.34647414088249 96.93939620256424 1498.4961265325546 124.47535827755928 111.63370472192764 355.46351745724678 80.32521665096283 76.794123530387878 930.3280710875988
leaf_count=1616 133 110 158 130 373 56 463 485 144 12217 94 93 1458 147 1824 167 66 2401 184 183 426 100 79 1203
internal_value=0.000309404 -0.00494173 -0.0110191 -0.0135894 -0.0166877 -0.000137832 -0.00250572 -0.00532705 -0.00279387 0.00172744 0.000622605 -0.000178455 -0.00186269 -0.00626318 0.00158489 0.000342909 0.00202057 0.0014747 -0.00215437 0.00173288 0.000870631 0.00199539 0.00163513 0.00159744
internal_weight=21470.3 4562.35 2012.49 1531.61 1074.61 2549.86 1078.37 644.033 480.883 16908 3558.64 2057.5 1061.35 456.998 1471.49 300.107 13349.3 1800.24 221.415 1501.15 467.097 1578.82 434.337 996.146
internal_count=24310 4269 1229 760 483 3040 1083 541 469 20041 5073 2848 1551 277 1957 325 14968 2751 250 2225 609 2501 542 1297
is_linear=0
shrinkage=0.0424476


Tree=4
num_leaves=24
num_cat=0
split_feature=8 5 6 3 8 3 5 8 6 5 7 8 8 5 7 3 5 3 6 5 3 3 3
split_gain=73.8414 46.2787 15.1326 11.777 9.81157 10.7908 9.72335 7.94575 15.0324 8.1143 5.48528 3.58054 3.02348 2.70802 5.47973 8.70312 1.46718 1.14583 0.159226 0.168183 0.1547 0.133042 0.0300798
threshold=8.2700000000000031 0.86340693121644818 0.70137043877975058 1.5401015026853102 9.5950000000000024 3.3905965593331135 -1.0000000180025095e-35 6.1200000000000037 1.0000000180025095e-35 -1.0000000180025095e-35 3.6350000000000002 9.8300000000000018 6.2520641185720081 0.49822133722136902 2.1000000000000001 4.2500749322125477 0.86340693121644818 3.7707620707331797 0.96327418017081945 0.25810558179186288 1.8402474018712474 1.8815595933400064 1.5401015026853102
decision_type=2 2 2 2 2 2 2 2 2 2 2 2 2 2 2 2 2 2 2 2 2 2 2
left_child=7 2 -2 -3 5 -5 20 13 16 12 -11 -8 -10 18 21 -16 22 -18 -1 -20 -4 -15 -9
right_child=1 3 6 4 -6 -7 11 8 9 10 -12 -13 -14 14 15 -17 17 -19 19 -21 -22 -23 -24
leaf_value=0.18974792269744509 0.14107149709742584 -0.023415037906739843 -0.0097006956374011584 -0.13672975268237272 -0.076501007751102607 -0.076670368194218838 -0.04869042394213316 0.16105369637733249 -0.029542851283885303 0.010030808036918566 -0.032876493355161469 -0.049817858037754424 0.024687634452918054 0.010950846963917535 0.014576555676776919 -0.057051478888103704 -0.13439676448497165 -0.036228234094726294 0.10555226722481652 0.028703937504108785 0.0096859989726299223 0.13048919253310362 0.18970081217226842
leaf_weight=8993.3484988212585 760.11090490221977 166.19426065683365 73.075939476490021 182.02933406829834 324.83342397212982 233.26410576701164 330.48500716686249 290.24093377590179 57.097228586673737 166.97045335173607 838.86590948700905 148.77771237492561 447.36060637235641 359.15688738226891 1077.0542739033699 867.19983503222466 173.03955286741257 113.28980666399002 1002.0490256547928 468.84620240330696 130.91762071847916 2798.3259648382664 1777.8530171513557
leaf_count=9350 1007 98 96 97 122 120 226 328 81 263 859 90 709 587 1569 782 213 73 1519 759 148 3960 1351
internal_value=0.000366353 -0.0067398 -0.00200428 -0.0142608 -0.0165616 -0.0121393 -0.00659504 0.00122663 -0.000492364 -0.00380139 -0.00600639 -0.00990254 0.000558497 0.00165461 0.000846567 -0.000919812 0.00162242 -0.00118481 0.0020468 0.00158467 0.00108497 0.0019401 0.00202005
internal_weight=21780.4 2349.69 1443.37 906.321 740.127 415.293 683.256 19430.7 3864.72 1510.29 1005.84 479.263 504.458 15566 5101.74 1944.25 2354.42 286.329 10464.2 1470.9 203.994 3157.48 2068.09
internal_count=24407 2004 1567 437 339 217 560 22403 3877 1912 1122 316 790 18526 6898 2351 1965 286 11628 2278 244 4547 1679
is_linear=0
shrinkage=0.0424476


Tree=5
num_leaves=25
num_cat=0
split_feature=8 5 8 3 5 7 9 5 7 9 3 9 9 8 5 3 7 3 7 9 5 7 9 5
split_gain=61.9804 36.8273 10.331 9.3903 9.26773 11.0291 10.6515 8.72106 17.3288 4.81518 7.3102 4.68825 3.92397 2.27699 2.94382 4.63107 1.7938 3.84567 1.10953 0.373965 0.213333 0.389544 0.155029 0.119721
threshold=8.2700000000000031 0.86340693121644818 9.2150000000000016 2.2010900737380514 -1.0000000180025095e-35 6.6450000000000022 -1.6100326761107799 0.70436907356351874 3.0516694427445952 -1.2485208537921115 9.4250000000000025 0.62122411049744042 -0.52894735260456105 6.1200000000000037 -1.0000000180025095e-35 2.4038215150845104 1.9927003616516399 4.1644099102831547 4.2700000000000022 -1.1191887460223169 0.25810558179186288 2.1506285345216059 -1.9379012321230318 -0.25931273656640591
decision_type=2 2 2 2 2 2 2 2 2 2 2 2 2 2 2 2 2 2 2 2 2 2 2 2
left_child=7 4 12 -4 23 22 -7 13 16 10 -10 -11 -3 20 18 -16 19 -18 -15 -9 -1 -22 -6 -2
right_child=1 2 3 -5 5 6 -8 8 9 11 -12 -13 -14 14 15 -17 17 -19 -20 -21 21 -23 -24 -25
leaf_value=0.16989575204924676 0.038398135646796741 -0.17406945383626218 -0.048832002662720086 -0.077648642126396619 -0.033242343375199927 -0.048566718709133962 -0.035448069946331075 -0.020223560019814468 0.010592870185002511 -0.068587387389530616 -0.047650248163213012 -0.041957982852616871 -0.074470275545680725 -0.030376138300006822 -0.021896618120431626 0.023605887220666085 0.0093323977374748512 -0.078595681540797699 0.1054671225571588 0.10424731977137421 0.1835256557242797 0.038353097207547281 0.040827135965871661 -0.018200726993366362
leaf_weight=9008.0762995779514 538.3401537835598 187.99571913480759 222.40342718362808 345.18337753415108 86.648851633071899 193.24849063158035 292.49674206972122 176.27742272615433 350.21151432394981 524.94199109077454 103.52582979202271 376.81182792782784 150.73860061168671 165.69025772809982 413.76335477828979 612.30277141928673 643.34348756074905 350.15828040242195 1605.6283338963985 2352.8962912559509 1464.4268642961979 1282.6436695158482 208.69436767697334 123.93857884407043
leaf_count=10045 774 95 112 132 98 109 238 282 369 462 46 427 98 172 448 501 1085 362 1684 3386 1780 1354 185 163
internal_value=0.000413695 -0.00609658 -0.0128063 -0.0163312 -0.0018705 -0.00500877 -0.00894704 0.00120192 -0.000348155 -0.00442955 -0.000815757 -0.00622734 -0.00684491 0.00172279 0.000624651 -0.00117398 0.00121708 -0.000295248 0.00167699 0.00181847 0.00198254 0.00162359 0.00140583 0.00180283
internal_weight=21780.4 2349.69 906.321 567.587 1443.37 781.088 485.745 19430.7 4878.17 1355.49 453.737 901.754 338.734 14552.5 2797.38 1026.07 3522.68 993.502 1771.32 2529.17 11755.1 2747.07 295.343 662.279
internal_count=24407 2004 437 244 1567 630 347 22403 6419 1304 415 889 193 15984 2805 949 5115 1447 1856 3668 13179 3134 283 937
is_linear=0
shrinkage=0.0424476


Tree=6
num_leaves=25
num_cat=0
split_feature=4 1 1 1 0 1 7 0 4 0 7 1 1 7 0 7 7 4 4 1 7 1 1 0
split_gain=28.7011 22.214 22.328 26.6621 13.9848 2.7765 4.98063 7.24088 1.79298 2.96842 6.91096 1.69604 4.61712 1.42681 0.728319 0.644418 0.403687 1.39265 0.237856 0.204817 0.118858 0.097191 1.0021 0.0352828
threshold=1009.5033858388621 0.22215815049894402 -0.51386036242336719 -0.47105904330480614 -0.26728045635376119 0.46382785666522619 4.8800000000000017 0.69601821493876959 1008.9007605866798 0.49746467839286013 4.8100000000000014 -0.85654306401281477 -0.86958133671945925 2.6649999999999996 0.96431984276722771 2.4300000000000019 6.6450000000000022 1008.4015245317891 1009.7055573288902 0.99865756837029906 6.6450000000000022 0.86753754618373868 0.88013720422011754 0.96431984276722771
decision_type=2 2 2 2 2 2 2 2 2 2 2 2 2 2 2 2 2 2 2 2 2 2 2 2
left_child=8 2 11 -4 -5 6 -3 -8 16 20 13 12 -2 -11 19 -16 21 -18 -13 -7 -10 23 -23 -1
right_child=1 5 3 4 -6 14 7 -9 9 10 -12 18 -14 -15 15 -17 17 -19 -20 -21 -22 22 -24 -25
leaf_value=0.14510245056073673 -0.0013822803374394655 0.057337033027944906 -0.10147180888084949 0.015940973337633703 -0.039209319130531828 0.082358607424415614 -0.0025840171090644954 -0.075391611878642656 0.12518194969325711 0.081230358391962423 -0.12593457914892314 -0.016194249568836725 -0.025046330465571601 -0.066769726862191653 0.026130797656800601 -0.14692320082514693 0.15494929931121357 -0.072839488614496531 0.048070437104947884 0.052895051639830319 -0.03999502376873202 -0.014858483460332366 0.18496822878597083 0.090357685447911812
leaf_weight=7431.117216616869 753.34501680731773 523.28415787220001 205.37902501225471 624.51794385910034 2281.6185549497604 2070.9963831007481 297.82405462861061 255.7950137257576 858.33802500367165 351.3369657099247 90.068345338106155 75.867081612348557 98.696535557508469 243.7034897506237 173.46829098463058 245.98953488469124 263.76103484630585 91.534352093935013 782.25063318014145 317.37811222672462 132.65803748369217 272.7256438434124 2607.9416182041168 665.00891774892807
leaf_count=9725 1181 499 118 806 1593 2617 278 100 1114 502 64 124 101 212 267 232 284 93 1103 158 137 122 1811 1148
internal_value=0.000461467 -0.00142369 -0.00334909 -0.00549109 -0.00443831 0.00096133 -0.000859741 -0.0036784 0.00172463 0.000414664 -0.00171958 0.000537307 -0.000788961 -2.95916e-05 0.00166637 0 0.00191675 0.000439813 0.00187575 0.00195292 0.00190882 0.00196287 0.00170928 0.00205081
internal_weight=21714.6 8706.41 4821.67 3111.52 2906.14 3884.74 1076.9 553.619 13008.2 1676.1 685.109 1710.16 852.042 595.04 2807.83 419.458 11332.1 355.295 858.118 2388.37 990.996 10976.8 2880.67 8096.13
internal_count=24389 9177 5026 2517 2399 4151 877 378 15212 2029 778 2509 1282 714 3274 499 13183 377 1227 2775 1251 12806 1933 10873
is_linear=0
shrinkage=0.0424476


Tree=7
num_leaves=25
num_cat=0
split_feature=2 5 1 3 1 1 7 1 7 5 1 1 2 5 2 2 3 3 1 5 1 3 5 2
split_gain=65.7849 37.0007 19.6856 22.4497 23.49 7.33951 5.0102 9.66375 4.56408 5.46535 3.21037 2.72161 6.95812 14.1264 2.13282 11.7086 2.11313 1.409 13.4809 0.373387 0.31063 0.150803 0.197692 0.156801
threshold=0.85651926849515192 0.70436907356351874 -0.098819223632317363 5.1113320718371744 -0.27987374920143959 -0.47105904330480614 6.6450000000000022 -0.084825532204959572 4.7500000000000027 0.96561987442640917 0.12332438255465399 -0.85654306401281477 0.45332839722974955 0.70436907356351874 0.17553149042142802 0.19311121294034192 7.1050000000000013 1.7638046005565453 0.99865756837029906 -1.0000000180025095e-35 0.86753754618373868 2.2407098037665296 0.86340693121644818 0.83659302679211223
decision_type=2 2 2 2 2 2 2 2 2 2 2 2 2 2 2 2 2 2 2 2 2 2 2 2
left_child=11 5 3 4 -3 -2 19 -8 10 -10 -4 12 14 -14 -1 -16 -5 18 20 -7 -13 22 -19 -23
right_child=1 2 8 16 -6 6 7 -9 9 -11 -12 17 13 -15 15 -17 -18 21 -20 -21 -22 23 -24 -25
leaf_value=0.10317800435687749 -0.045019731752154651 -0.084159759651927873 0.013410885718067363 -0.042700006156948862 -0.12517573212544902 0.066785472789363282 -0.036487388864785461 0.017397920094298819 -0.015553531354889271 -0.051868613346174777 -0.079706859486059697 0.068385020202705565 -0.018836172351117075 -0.024080441547472888 -0.048071054802083228 0.015107644070050741 -0.0072348514357530574 0.10319232774795881 -0.11240048535816735 0.020838717244757818 0.0016531736507314344 0.1526848498714482 -0.0069075584680603512 -0.033319724875345624
leaf_weight=1353.2410204410553 168.08901336789131 332.98817479610443 224.13054946064949 127.84005415439606 271.68580830097198 919.0092870593071 364.30975738167763 409.86409106850624 276.13491779565811 331.28685024380684 338.70186820626259 1149.1566645503044 162.64280706644058 84.691362023353577 66.690407514572144 557.43383604288101 141.58623385429382 941.18460443615913 108.50805866718292 716.83368027210236 332.40138533711433 11993.400267899036 220.03949674963951 122.75378835201263
leaf_count=2824 155 214 179 92 105 1241 322 503 141 125 297 1596 198 75 66 1091 85 1162 42 816 464 12078 351 167
internal_value=0.00048925 -0.0040022 -0.00826766 -0.0130989 -0.0176456 -0.000612615 -6.77051e-06 -0.00282771 -0.00464313 -0.0072055 -0.00184477 0.00170502 0.000310364 -0.00639021 0.00115789 -0.000873969 -0.00282561 0.00191246 0.000700575 0.00131695 0.00176943 0.0020562 0.00153194 0.00210491
internal_weight=21714.6 4622.46 2044.35 874.1 604.674 2578.11 2410.02 774.174 1170.25 607.422 562.832 17092.1 2224.7 247.334 1977.37 624.124 269.426 14867.4 1590.07 1635.84 1481.56 13277.4 1161.22 12116.2
internal_count=24389 4275 1238 496 319 3037 2882 825 742 266 476 20114 4254 273 3981 1157 177 15860 2102 2057 2060 13758 1513 12245
is_linear=0
shrinkage=0.0424476


Tree=8
num_leaves=25
num_cat=0
split_feature=5 9 1 4 1 4 1 1 1 4 1 1 1 9 1 1 1 1 5 4 0 1 1 1
split_gain=38.4975 30.4958 8.47152 13.1181 8.65332 4.6495 4.88645 6.39998 10.575 3.33657 3.90627 19.4407 2.59361 1.19316 1.08685 0.78909 0.713161 0.698646 0.431976 1.2327 1.67981 0.308826 2.68318 0.151692
threshold=0.86340693121644818 1.0512933744757709 0.46382785666522619 1008.9007605866798 -0.53704693351105359 1009.6009826208134 0.1714926119571353 -0.51386036242336719 -0.47105904330480614 1009.3000825502069 -0.15800726916770966 -0.30472723697333454 0.98801351631316348 1.4286932314699874 -0.97873101657557326 -0.86958133671945925 0.79647381825584973 0.99865756837029906 0.70436907356351874 1008.4015245317891 0.86106538556481482 -0.97310932590074073 -0.97873101657557326 0.44088582098979784
decision_type=2 2 2 2 2 2 2 2 2 2 2 2 2 2 2 2 2 2 2 2 2 2 2 2
left_child=5 2 3 15 -5 18 7 14 -9 -3 11 -11 16 -12 -7 -2 -4 23 21 -20 -21 22 -1 -8
right_child=1 9 12 4 -6 6 17 8 -10 10 13 -13 -14 -15 -16 -17 -18 -19 19 20 -22 -23 -24 -25
leaf_value=0.12071436471035236 -0.0064661023951816752 0.087809727701529589 0.030929900131506111 -0.029662540510391005 -0.070521009913371374 -0.022576124890281192 0.02683238583261666 -0.056386814344091818 -0.012437194034509888 0.0018039503153766141 -0.19069090517873949 -0.044741552476754674 -0.10625857867803326 0.011133804207845372 0.065434212945922693 0.059093440956971895 -0.023097433490308416 -0.036303696034263255 0.092956579682116375 -0.080558759153236903 0.18509850338171133 0.15922380000827038 -0.021990850062220218 0.10082626262029526
leaf_weight=491.33072838187218 71.065750420093536 1328.817996263504 194.31116762757301 351.89629465341568 1203.6026476323605 241.36251989006996 739.22573029994965 129.19044551253319 1655.6433682143688 134.06091994047165 92.728967815637589 58.586235284805298 69.842761993408203 379.02144980430603 1074.9948593378067 209.4630700647831 182.6558463871479 341.7614344060421 575.69300475716591 140.43142116069794 132.74866378307343 9701.1230376362801 66.996568769216537 1975.0579318106174
leaf_count=954 131 1990 236 466 577 281 700 87 1648 245 79 23 47 481 1571 485 251 159 787 166 169 10184 119 2435
internal_value=0.000513446 -0.00309098 -0.00644139 -0.00771881 -0.00924335 0.0014072 0.00046761 -0.000715271 -0.00237535 0.000736991 -0.00170418 -0.00680201 -0.00115073 0.000338487 0.00152154 0.000668599 0.000193494 0.00167402 0.00192635 0.00096319 -0.001344 0.00200423 0.000968936 0.00190213
internal_weight=21541.6 4276.05 2282.84 1836.03 1555.5 17265.6 6157.24 3101.19 1784.83 1993.22 664.398 192.647 446.81 471.75 1316.36 280.529 376.967 3056.05 11108.3 848.873 273.18 10259.5 558.327 2714.28
internal_count=24271 5011 2193 1659 1043 19260 6881 3587 1735 2818 828 268 534 560 1852 616 487 3294 12379 1122 335 11257 1073 3135
is_linear=0
shrinkage=0.0424476


Tree=9
num_leaves=25
num_cat=0
split_feature=2 5 2 8 6 2 7 2 8 5 8 8 5 8 7 6 2 5 2 8 6 8 2 2
split_gain=55.0223 37.7293 13.7716 12.3247 10.8983 7.33368 5.24329 7.14414 4.34678 5.93268 6.03776 8.05527 3.93048 2.64014 1.19571 0.500224 0.762702 0.259763 0.141103 0.175441 0.133329 0.121069 0.0825755 2.83538
threshold=0.85651926849515192 0.70436907356351874 0.99548449742306455 8.4749999999999996 0.86502983325015059 0.98337410965167582 6.6450000000000022 0.88669092404404137 6.1900000000000004 0.25810558179186288 7.26782047346176 7.0700000000000029 0.96561987442640917 9.5950000000000024 4.8100000000000014 0.96327418017081945 0.19311121294034192 0.96561987442640917 0.83659302679211223 4.700000000000002 0.70137043877975058 7.26782047346176 0.19311121294034192 0.22611568550828817
decision_type=2 2 2 2 2 2 2 2 2 2 2 2 2 2 2 2 2 2 2 2 2 2 2 2
left_child=8 4 3 5 20 -3 7 -6 18 15 11 -11 -5 -8 -4 -10 -17 -12 22 -20 -2 -22 -1 -24
right_child=1 2 14 12 6 -7 13 -9 9 10 17 -13 -14 -15 -16 16 -18 -19 19 -21 21 -23 23 -25
leaf_value=0.15117192784138983 0.11178715359219807 -0.037321661784919857 0.015814624193237349 -0.073662442460308397 -0.045687989261343653 -0.080716202451371968 -0.036876197851117433 0.0097999968062301972 0.12764078065168363 -0.073557465792880097 0.019614229927656754 -0.045757504638326528 -0.066388455272062524 -0.032324765132668548 -0.042775324837704208 -0.016830763380024413 0.015961230378766476 -0.0053813594308201396 0.02285790138240729 -0.011099047162581484 0.015570360743597855 -0.0075092642443514842 -0.020154130821166624 0.07222146178125835
leaf_weight=11264.424395799637 1474.5480532348156 695.46082949638367 195.47016927599907 332.7927542924881 93.834062486886978 214.92074617743492 163.64716482162476 501.92237165570259 1758.7276514470577 654.3577253818512 394.46810615062714 151.85803985595703 414.39011725783348 179.22098541259766 142.83922219276428 56.346570581197739 85.948337018489838 199.34776240587234 71.580226391553879 50.944123327732086 65.848444372415543 63.375490069389343 93.220964908599854 2222.1185078322887
leaf_count=12009 1930 583 143 153 102 128 91 602 1739 811 476 126 136 103 69 109 163 208 123 74 107 67 128 4091
internal_value=0.000586391 -0.00356475 -0.00793309 -0.00952615 -0.000128137 -0.00617266 -0.00376769 -0.00132345 0.00169544 0.000306081 -0.00178408 -0.00418232 -0.0135871 -0.00796052 -7.30436e-05 0.00185515 -0.000461472 0.00144081 0.0020288 0.00039524 0.00199042 0.000484774 0.00204218 0.00175725
internal_weight=21541.6 4538.27 1995.87 1657.56 2542.4 910.382 938.625 595.756 17003.3 3301.05 1400.03 806.216 747.183 342.868 338.309 1901.02 142.295 593.816 13702.3 122.524 1603.77 129.224 13579.8 2315.34
internal_count=24271 4214 1212 1000 3002 711 898 704 20057 3632 1621 937 289 194 212 2011 272 684 16425 197 2104 174 16228 4219
is_linear=0
shrinkage=0.0424476


Tree=10
num_leaves=23
num_cat=0
split_feature=5 7 1 1 7 6 7 1 1 5 1 1 1 7 7 1 7 7 1 1 0 5
split_gain=25.745 35.1918 11.4324 8.42632 7.20835 5.7543 6.73093 4.97843 5.09718 4.33897 3.40195 11.6084 1.12574 0.720658 1.7525 0.330945 0.21258 0.552962 0.0360255 0.370747 0.544581 0.0256296
threshold=0.70436907356351874 2.6649999999999996 -0.047406159029233223 -0.35266805340765195 5.9200000000000008 0.86502983325015059 2.4300000000000019 0.1714926119571353 -0.51386036242336719 0.96561987442640917 0.095385519140267425 0.1714926119571353 0.99699193743116299 2.1000000000000001 2.2099999999999995 -0.47105904330480614 1.2000000000000013 1.3722398745496414 -0.97310932590074073 -0.98370018436603723 -0.70710678118654757 0.25881904510252091
decision_type=2 2 2 2 2 2 2 2 2 2 2 2 2 2 2 2 2 2 2 2 2 2
left_child=5 13 3 9 -5 18 -7 8 -8 -3 -4 -12 -9 16 -15 -16 -2 -18 19 -1 -21 -20
right_child=1 2 10 4 -6 6 7 12 -10 -11 11 -13 -14 14 15 -17 17 -19 21 20 -22 -23
leaf_value=0.14266382126498298 0.13935669967735839 -0.02009360067996389 0.010938960525028288 -0.059991494104625571 -0.081341477923326633 0.12662042241780508 -0.0047377752718604635 0.027198503778544526 -0.033221452637151927 -0.073455350938715525 -0.091210097256895079 -0.018252151304116112 -0.030743676415903049 -0.04591824504948129 -0.096823722577843593 0.01623457610074882 -0.012254667100949418 0.036893560645749626 0.15554569563457743 -0.029729059993591937 0.044613526369392725 0.16847413406882761
leaf_weight=496.57658690214157 1625.4357073903084 382.8240639269352 246.85588890314102 502.78710541129112 213.78725585341454 1624.4156789183617 424.05693119764328 623.68529975414276 620.86961966753006 272.47347843647003 132.04937148094177 1102.1239450573921 52.870048820972443 105.04017260670662 151.37521439790726 283.63235619664192 241.35279622673988 800.60154902935028 9474.4136107563972 47.467011749744415 65.11884132027626 2303.6890625655651
leaf_count=750 2382 469 189 275 60 2350 832 1057 638 259 76 1005 63 148 255 399 328 1183 9549 78 117 1949
internal_value=0.000720861 -0.00162831 -0.00505946 -0.00785754 -0.0110556 0.00162693 5.92478e-05 -0.00178444 -0.00362516 -0.00433199 -0.00245506 -0.00337061 0.00103116 0.00141782 0 0.001192 0.00170411 0.00118642 0.00204887 0.00157857 -0.000490853 0.00207162
internal_weight=21793.5 6060.34 2852.9 1371.87 716.574 15733.2 3345.9 1721.48 1044.93 655.298 1481.03 1234.17 676.555 3207.44 540.048 435.008 2667.39 1041.95 12387.3 609.162 112.586 11778.1
internal_count=24411 7028 2333 1063 335 17383 4940 2590 1470 728 1270 1081 1120 4695 802 654 3893 1511 12443 945 195 11498
is_linear=0
shrinkage=0.0424476


Tree=11
num_leaves=24
num_cat=0
split_feature=8 1 1 5 6 5 8 9 1 5 1 6 9 5 8 8 8 5 1 1 5 1 1
split_gain=25.9148 20.5994 15.9069 14.2727 11.0791 6.56513 7.06915 5.80559 6.4636 5.51962 6.03883 3.00419 4.37702 3.54 0.932399 0.660895 1.5586 0.408239 0.532251 0.0915448 0.0774873 0.0707326 0.0150377
threshold=7.9000000000000012 -0.047406159029233223 -0.37761050095554838 0.70436907356351874 0.86502983325015059 0.86340693121644818 4.0509473958312698 -1.2485208537921115 0.1714926119571353 0.96561987442640917 0.34592535316949297 0.70137043877975058 0.99718603787077076 -1.0000000180025095e-35 4.5808806179214363 2.8000000000000029 3.015000000000001 0.49822133722136902 0.44088582098979784 -0.51386036242336719 0.49822133722136902 0.99965739133362419 -0.97310932590074073
decision_type=2 2 2 2 2 2 2 2 2 2 2 2 2 2 2 2 2 2 2 2 2 2 2
left_child=5 2 -2 4 -4 11 15 19 -9 17 -11 20 13 -13 -14 -7 -17 -3 -19 -8 22 -22 -1
right_child=1 9 3 -5 -6 6 7 8 -10 10 -12 12 14 -15 -16 16 -18 18 -20 -21 21 -23 -24
leaf_value=0.11548905527874745 0.013888456705471529 0.05351488507947702 0.02910170463261438 -0.072083272489732175 -0.034997261760579518 0.1386535660447023 -0.016500853746368584 -0.061908948013632704 -0.023917099144959392 -0.0001541780788102621 -0.067667123232574206 0.014999290165392413 0.14372833864620307 -0.028490609180873507 -0.0027755064519058908 -0.022116159653439271 0.0079414955660316935 -0.012649456424736779 -0.0071586805898057881 0.0093390951923384424 0.10529692198270056 0.16316715538783982 0.16009691188311265
leaf_weight=519.64047983288765 244.06882861256599 719.0332196354866 222.05446171760559 464.97324103116989 201.23123461008072 1298.4806807637215 132.58862388134003 753.28794619441032 477.23464062809944 185.39979574084282 195.58126285672188 607.26963630318642 2101.6123865544796 896.54469829797745 393.52639648318291 58.353067278862 260.14224606752396 255.9659960269928 210.34273087978363 337.86809560656548 1796.3232093453407 135.31204411387444 9326.6666741073132
leaf_count=781 305 978 247 163 91 1961 209 878 673 78 117 1193 2932 1407 745 79 390 170 202 343 1810 37 8622
internal_value=0.000764911 -0.00312663 -0.00748841 -0.0101291 -0.00442776 0.00131587 -0.000395918 -0.0023107 -0.00384862 1.48068e-05 -0.00441777 0.00167704 0.000664878 -0.00113657 0.00175803 0.00160688 -7.03999e-05 0.00145513 0.000426286 0.00167254 0.00201912 0.00171293 0.00207731
internal_weight=21793.5 2698.65 1132.33 888.259 423.286 19094.9 3317.96 1700.98 1230.52 1566.32 380.981 15776.9 3998.95 1503.81 2495.14 1616.98 318.495 1185.34 466.309 470.457 11777.9 1931.64 9846.31
internal_count=24411 2351 806 501 338 22060 4533 2103 1551 1545 195 17527 6277 2600 3677 2430 469 1350 372 552 11250 1847 9403
is_linear=0
shrinkage=0.0424476


Tree=12
num_leaves=20
num_cat=0
split_feature=4 6 1 1 1 6 7 1 1 3 1 1 1 3 1 3 3 1 1
split_gain=15.8645 18.0173 15.9384 12.8331 8.86897 1.47965 4.46526 1.61301 5.21005 3.19601 1.40633 4.55734 1.88442 1.35495 2.0808 0.84743 2.17899 0.55128 0.285161
threshold=1009.5033858388621 -0.5 0.1714926119571353 0.12332438255465399 -0.098819223632317363 1.0000000180025095e-35 3.7700000000000018 0.86753754618373868 0.91423119723059265 2.5230242812024986 0.46382785666522619 0.36999012250466373 0.99865756837029906 6.2634685979117801 0.14706992549541839 1.4307477717242538 1.2501702724814445 -0.97310932590074073 0.99965739133362419
decision_type=2 2 2 2 2 2 2 2 2 2 2 2 2 2 2 2 2 2 2
left_child=5 13 3 4 -3 -1 15 9 -9 -8 11 -4 -12 18 -15 16 -7 -17 -2
right_child=1 2 10 -5 -6 6 7 8 -10 -11 12 -13 -14 14 -16 17 -18 -19 -20
leaf_value=0.1566766529088027 0.15793446602615324 -0.028038670920464026 0.0038322920599759163 -0.071035826326563301 0.0058882626294539811 0.072848230235168607 0.016621027216241039 -0.027695892010611588 -0.088092595525497364 -0.046575064259950241 0.033062888067636506 -0.057514257910125918 -0.098941171925362503 0.031318577739516303 -0.032745813307729146 -0.0035680987052204723 -0.08445349624373806 0.096681206641755141 0.26232697814539008
leaf_weight=7856.5204877853394 3105.909055352211 2243.3146619200706 579.95642000436783 188.62449923157692 646.98455858230591 137.08800438046455 369.86225888133049 50.105715334415436 134.41587468981743 330.79580098390579 1181.9308812618256 293.24028873443604 145.69619190692902 118.09427815675735 85.972877085208893 203.70192155241966 61.988973945379257 3723.8588960766792 239.16793060302734
leaf_count=7684 2899 2459 487 131 557 244 680 35 270 571 1960 218 102 167 77 541 95 4953 74
internal_value=0.000784588 -0.000599565 -0.00217329 -0.00414583 -0.00343737 0.00173569 0.00115753 -0.00156711 -0.00511179 -0.000607099 0.000577845 -0.000731178 0.00145275 0.00173632 -0.00157173 0.00174646 -0.000892917 0.00188496 0.00194366
internal_weight=21697.2 8828.89 5279.75 3078.92 2890.3 12868.3 5011.82 885.18 184.522 700.658 2200.82 873.197 1327.63 3549.14 204.067 4126.64 199.077 3927.56 3345.08
internal_count=24204 9131 5914 3147 3016 15073 7389 1556 305 1251 2767 705 2062 3217 244 5833 339 5494 2973
is_linear=0
shrinkage=0.0424476


Tree=13
num_leaves=25
num_cat=0
split_feature=8 5 3 3 5 7 9 9 3 5 3 9 5 7 5 9 8 8 5 7 8 7 8 8
split_gain=19.6402 11.7937 6.8528 9.09282 6.081 7.59695 4.70305 5.76667 3.75743 2.66006 3.84117 5.78823 1.64094 2.21372 2.74389 1.42798 0.786779 1.23785 0.644854 0.276561 0.231047 0.0729455 0.0196361 0.386642
threshold=7.9000000000000012 0.70436907356351874 1.4307477717242538 3.693596533755656 0.86340693121644818 2.6649999999999996 -1.2485208537921115 0.94509207671869089 2.3602971407641671 -1.0000000180025095e-35 2.5627506087349254 -1.8488451086954265 -1.0000000180025095e-35 1.9927003616516399 1.0000000180025095e-35 0.25604061179386767 2.2000000000000015 4.3100000000000014 0.99886859755332902 5.2400000000000011 6.3200000000000029 1.630000000000001 6.1200000000000037 6.2520641185720081
decision_type=2 2 2 2 2 2 2 2 2 2 2 2 2 2 2 2 2 2 2 2 2 2 2 2
left_child=4 9 -3 8 12 16 18 -8 -4 19 11 -11 22 20 -15 -5 21 -18 -7 -2 -14 -6 -1 -24
right_child=1 2 3 15 5 6 7 -9 -10 10 -12 -13 13 14 -16 -17 17 -19 -20 -21 -22 -23 23 -25
leaf_value=0.13319134605899077 -0.013838185412017763 5.2992417057733926e-05 -0.033048345949915951 -0.026156689716161124 0.15667063610506851 0.0090465559408227023 -0.076654974612519897 -0.051043033435487398 -0.062707057839571687 -0.040329760359910129 -0.0074066870396964054 -0.027617804869419345 0.14578250963921863 -0.037583900366816171 0.024381636819426018 -0.048420924361692513 -0.011182785529764545 0.01780598933464107 -0.024906735770137391 0.05015859031862431 -0.12438906753438012 -0.012476502958649226 -0.0080106483795093185 0.074145749781281911
leaf_weight=7477.0035494565964 63.823240011930466 187.65478989481926 311.42920717597008 242.2801274061203 982.95786845684052 268.87515062093735 521.49743041396141 319.31920474767685 415.7696133852005 118.05185955762863 256.17013594508171 247.48675492405891 2842.096392840147 277.22632414102554 3363.3478657007217 170.63037264347076 505.55344086885452 546.14271143078804 87.699262887239456 704.3216333091259 82.105800747871399 61.065894663333893 217.31191781163216 1427.4090274274349
leaf_count=8465 97 136 180 135 1548 274 469 360 184 67 274 228 3572 479 3176 70 730 933 69 949 70 66 191 1482
internal_value=0.000816481 -0.00255621 -0.00541756 -0.00665857 0.00130038 -0.000353271 -0.00305481 -0.00479103 -0.00952016 0.000164004 -0.00188545 -0.00469405 0.00164872 0.00113052 0.000425452 -0.00157389 0.00118143 0.000340633 0.000987359 0.00184687 0.00200198 0.00201066 0.00201963 0.00178326
internal_weight=21697.2 2717.62 1327.76 1140.11 18979.6 3293.11 1197.39 840.817 727.199 1389.85 621.709 365.539 15686.5 6564.78 3640.57 412.911 2095.72 1051.7 356.574 768.145 2924.2 1044.02 9121.72 1644.72
internal_count=24204 2320 705 569 21884 4449 1172 829 364 1615 569 295 17435 7297 3655 205 3277 1663 343 1046 3642 1614 10138 1673
is_linear=0
shrinkage=0.0424476


Tree=14
num_leaves=25
num_cat=0
split_feature=2 5 1 8 1 1 5 1 8 8 1 5 1 5 8 1 5 2 0 8 1 2 5 2
split_gain=32.8465 15.5375 15.9014 12.5735 15.5743 7.44424 5.01103 7.84113 2.60481 2.6319 4.70848 7.34078 3.95035 6.22969 1.65192 1.56223 1.9107 0.526816 0.64153 0.222708 0.0377264 1.0418 0.0424109 0.0107539
threshold=0.85651926849515192 -1.0000000180025095e-35 -0.098819223632317363 7.9000000000000012 -0.47105904330480614 -0.30472723697333454 0.96561987442640917 0.34592535316949297 6.1900000000000004 6.4019224842663931 -0.85654306401281477 0.96561987442640917 0.86753754618373868 -1.0000000180025095e-35 5.2700000000000022 -0.25495596846646384 -0.50025330813415392 0.83659302679211223 0.029790599536133947 9.0392982726734363 -0.97310932590074073 0.19311121294034192 0.96561987442640917 0.91925191855388755
decision_type=2 2 2 2 2 2 2 2 2 2 2 2 2 2 2 2 2 2 2 2 2 2 2 2
left_child=8 15 3 4 -3 -5 14 -8 17 12 11 -11 -10 -14 -4 16 19 20 -19 -2 21 -1 -22 -18
right_child=1 2 6 5 -6 -7 7 -9 9 10 -12 -13 13 -15 -16 -17 23 18 -20 -21 22 -23 -24 -25
leaf_value=0.08488878911581603 0.016237968860447451 -0.076756254793125422 -0.028540650465867626 -0.019713173286030967 -0.0033795606584058582 -0.060787655952700206 -0.046936377145788882 -0.053547645055734464 0.062292102016810083 -0.0029489490327746595 0.048342149068341431 -0.029659107396748013 -0.015453723613614301 -0.13013750793472609 0.0066093711355398209 0.084610405985565934 -0.014144678746163344 0.0087109080565032897 -0.0089729613716036747 -0.013250787029897052 0.12881530452814632 -0.013292032261051809 0.055360846762602153 -0.011852090106387417
leaf_weight=720.15182337164879 182.40863952040672 152.0528983771801 347.86218127608299 229.27524644136429 560.9238640666008 427.20737591385841 383.40976917743683 152.32826825976372 246.07366049289703 453.71172806620598 2197.8299341499805 83.189308345317841 169.90242391824722 147.93347054719925 805.05904623866081 1086.9032407104969 67.89308500289917 77.760988384485245 58.824257165193558 60.313345283269882 11641.857621401548 59.102398246526718 1198.5224098563194 78.909138828516006
leaf_count=1474 289 107 391 111 575 186 211 91 289 539 2440 86 105 95 643 1441 81 105 83 54 12940 89 1810 96
internal_value=0.000915873 -0.0022933 -0.00402122 -0.00742288 -0.00348284 -0.0116736 -0.00125156 -0.00464583 0.00177022 0.000690403 0.001239 -0.00230809 -0.00193722 -0.0050801 0.000309655 0.00127318 -0.00100124 0.0020278 -0.000487976 0.00125049 0.00205439 0.00163552 0.00207837 -0.00485013
internal_weight=21589.4 4534.55 3058.12 1369.46 712.977 656.483 1688.66 535.738 17054.9 3298.64 2734.73 536.901 563.91 317.836 1152.92 1476.43 389.524 13756.2 136.585 242.722 13619.6 779.254 12840.4 146.802
internal_count=24331 4276 2315 979 682 297 1336 302 20055 3554 3065 625 489 200 1034 1961 520 16501 188 343 16313 1563 14750 177
is_linear=0
shrinkage=0.0424476


Tree=15
num_leaves=22
num_cat=0
split_feature=2 1 6 1 2 0 2 0 1 2 0 2 1 1 1 7 1 0 1 1 2
split_gain=29.1828 12.5441 12.672 8.29194 9.61816 7.03929 9.01465 4.53094 1.63016 1.17053 1.73571 2.5875 2.17181 0.917276 3.20753 0.90516 1.87397 0.300803 0.223213 4.03809 0.183257
threshold=0.85651926849515192 -0.098819223632317363 1.0000000180025095e-35 -0.47105904330480614 0.93225468035816128 0.86106538556481482 0.93225468035816128 0.96431984276722771 0.19678319559988264 1.0000000180025095e-35 0.69601821493876959 0.055916990100603255 -0.85654306401281477 -0.97310932590074073 -0.98370018436603723 4.1399999999999997 0.1714926119571353 0.69601821493876959 0.86753754618373868 0.88013720422011754 0.022251639205167883
decision_type=2 2 2 2 2 2 2 2 2 2 2 2 2 2 2 2 2 2 2 2 2
left_child=9 2 7 -4 -5 15 -7 17 -8 18 13 -12 -13 14 -11 16 -3 -2 -1 -20 -15
right_child=1 5 3 4 -6 6 8 -9 -10 10 11 12 -14 20 -16 -17 -18 -19 19 -21 -22
leaf_value=0.12256298060448653 0.096652061304468948 -0.03169577579157825 -0.07334894811186736 0.01850080697132743 -0.034759924186260296 -0.051281776263800087 -0.03903890193288366 -0.066293208028277303 0.0073378337948108198 0.099540589038379743 -0.13494653824481126 -0.014603200577529176 0.012934420600313568 -0.1756175235589236 -0.012745213881867898 0.015048269973180629 0.07214115846755266 -0.0086732680692323573 -0.020603058525096724 0.20737061710924598 0.066905183348188277
leaf_weight=8253.7660339176655 420.32440304756165 273.73795065283775 136.76903209090233 201.66961413621902 796.34868919849396 198.54274255037308 369.00157243013382 278.98846021294594 222.60603186488152 288.74032673239708 116.05125144124031 331.45195835828781 1190.4528941214085 96.626082181930542 102.03437340259552 1120.0729818940163 370.8822018802166 145.60241913795471 276.62304070591927 3101.6988084316254 3297.4152546525002
leaf_count=10100 594 318 104 236 546 138 233 153 138 546 121 561 1669 75 139 1181 478 157 113 1661 5070
internal_value=0.000944333 -0.00208039 -0.00461684 -0.00754879 -0.00617659 -0.000107678 -0.00344413 -0.000657034 -0.000783827 0.00174963 0.00122566 5.95141e-05 0.000536597 0.00172543 -0.000179094 0.00137576 7.84724e-05 0.00150024 0.00199231 0.00167453 0.00195017
internal_weight=21589.4 4534.55 1979.7 1134.79 998.018 2554.84 790.15 844.915 591.608 17054.9 5422.77 1637.96 1521.9 3784.82 390.775 1764.69 644.62 565.927 11632.1 3378.32 3394.04
internal_count=24331 4276 1790 886 782 2486 509 904 371 20055 8181 2351 2230 5830 685 1977 796 751 11874 1774 5145
is_linear=0
shrinkage=0.0424476


Tree=16
num_leaves=22
num_cat=0
split_feature=2 2 8 4 7 2 4 2 4 8 8 3 2 2 8 2 2 3 8 2 4
split_gain=33.9657 8.77481 7.37583 12.914 30.1852 10.1569 10.4597 8.76911 3.73282 2.78424 2.15227 8.89543 1.0476 4.16342 0.867472 0.378697 1.43829 0.324539 1.1559 0.165675 0.130597
threshold=0.85651926849515192 0.99548449742306455 7.9000000000000012 1011.212216480659 7.3400000000000025 0.87377473702374975 1010.5018667981259 0.98878412116898506 1012.0181333411776 6.1900000000000004 6.4019224842663931 2.0409242842768678 0.17553149042142802 0.22611568550828817 9.0392982726734363 0.19311121294034192 0.22611568550828817 1.2501702724814445 5.5600000000000014 0.61595474094623837 1007.9002757846887
decision_type=2 2 2 2 2 2 2 2 2 2 2 2 2 2 2 2 2 2 2 2 2
left_child=9 2 5 4 -4 6 -2 -5 -7 15 11 -11 -12 -14 -3 17 -17 18 -1 -18 -13
right_child=1 14 3 7 -6 8 -8 -9 -10 10 12 20 13 -15 -16 16 19 -19 -20 -21 -22
leaf_value=0.092189042271411059 0.097790417540376359 0.025506104109182279 -0.059798726570510677 -0.0076369094484201967 -0.010579495403566211 0.0060932497796251598 -0.068782804244328796 -0.049765319591463186 -0.047722577144616876 -0.11268942207261083 0.060107865704929493 -0.044193477537287904 -0.019595716251236833 0.0094926388320106456 -0.034566066148539736 -0.026551612607045319 0.097665146895658597 0.12901547067635907 -0.025825730052696314 0.021578974027891266 0.089801448112290627
leaf_weight=250.67329373955727 70.438908666372299 685.20923557877541 289.92835301160812 885.28384333848953 301.25759619474411 1209.6525237858295 120.83133366703987 168.70638346672058 581.88810804486275 167.17097994685173 1080.8605069518089 97.145894885063171 119.58506152033806 1421.7390480041504 165.13986080884933 88.032854557037354 1219.6843748688698 10962.346297621727 68.849196523427963 1129.2100316286087 301.03235378861427
leaf_count=315 120 660 119 643 263 1559 101 108 486 164 1081 111 94 1879 109 128 2323 11615 99 1946 222
internal_value=0.000838821 -0.00244639 -0.00335758 -0.00546343 -0.0104954 -0.00160095 -0.0109042 -0.00262334 -0.000597301 0.00171014 0.000571845 -0.00179125 0.0010884 0.000363324 0.00141935 0.00197327 0.00146702 0.00208098 0.000660675 0.00167215 0.00161884
internal_weight=21384.7 4478.34 3627.99 1645.18 591.186 1982.81 191.27 1053.99 1791.54 16906.3 3187.53 565.349 2622.18 1541.32 850.349 13718.8 2436.93 11281.9 319.522 2348.89 398.178
internal_count=24145 4168 3399 1133 382 2266 221 751 2045 19977 3551 497 3054 1973 769 16426 4397 12029 414 4269 333
is_linear=0
shrinkage=0.0424476


Tree=17
num_leaves=22
num_cat=0
split_feature=2 1 1 1 4 4 2 2 2 2 2 2 2 3 1 1 3 3 1 1 2
split_gain=29.7582 14.5292 12.1285 10.5572 9.72498 6.05299 3.21691 2.75262 11.3115 2.82172 2.47413 1.91653 1.58759 4.92249 2.57087 3.20743 0.839066 0.35911 1.67561 5.54544 0.214509
threshold=0.85651926849515192 -0.23023710584653345 -0.27987374920143959 -0.47105904330480614 1010.7030902829764 1011.212216480659 0.93225468035816128 0.99548449742306455 0.98662138620987927 0.99164058729498161 0.91925191855388755 1.0000000180025095e-35 0.055916990100603255 1.9200914792203327 -0.85654306401281477 -0.86958133671945925 2.1209687820078789 2.2010900737380514 0.86753754618373868 0.90405093247213386 0.55648762997242973
decision_type=2 2 2 2 2 2 2 2 2 2 2 2 2 2 2 2 2 2 2 2 2
left_child=11 2 3 5 -4 -2 -5 8 10 -10 -3 17 13 -13 15 -14 -9 18 -1 -20 -16
right_child=1 7 4 6 -6 -7 -8 16 9 -11 -12 12 14 -15 20 -17 -18 -19 19 -21 -22
leaf_value=0.085814642806788022 -0.042007895821275489 -0.031932750267402055 -0.098475768756655049 0.018671811114106936 -0.04920432686928241 -0.076055835516678355 -0.025655033078897074 -0.032938070866347577 -0.058048650322103275 -0.04415961211335051 0.0055421014221345745 -0.10939085752504346 0.00058885722051528694 0.1091727519643093 0.098137460853904443 -0.027780888637879864 0.019422747921930002 0.13533554250893881 -0.018250523235152298 0.13445770475434662 0.023909596987870582
leaf_weight=1251.9019895493984 119.70212981104851 517.57556024193764 172.82831755280495 331.63344463706017 137.36357018351555 125.21345564723015 352.21366113424301 169.08358889818192 292.6807636320591 243.49535083770752 1348.7868308722973 162.62655925750732 931.23837530612946 270.63921007514 1839.0103653371334 93.698408901691437 667.75947311520576 9932.2839942872524 89.969443440437317 239.59431749582291 2095.3672303855419
leaf_count=1708 150 513 115 445 89 45 344 151 263 266 1173 130 1739 308 2433 139 614 9818 93 264 3345
internal_value=0.000895599 -0.00217919 -0.00609053 -0.00363588 -0.01338 -0.0112045 -0.000897984 -0.000677498 -0.00141162 -0.00684629 0.000139787 0.00171118 0.00104367 -0.00140024 0.00126091 -0.000619298 0.00140801 0.00202221 0.00139306 -0.00126493 0.00175543
internal_weight=21384.7 4478.34 1238.95 928.763 310.192 244.916 683.847 3239.38 2402.54 536.176 1866.36 16906.3 5392.58 433.266 4959.31 1024.94 836.843 11513.7 1581.47 329.564 3934.38
internal_count=24145 4168 1188 984 204 195 789 2980 2215 529 1686 19977 8094 438 7656 1878 765 11883 2065 357 5778
is_linear=0
shrinkage=0.0424476


Tree=18
num_leaves=25
num_cat=0
split_feature=8 0 4 1 8 1 4 1 0 3 4 3 1 1 1 0 4 8 3 1 1 1 3 0
split_gain=8.97009 8.22104 5.0404 4.9449 8.18258 5.40276 3.71213 3.82285 2.59075 2.51356 1.51788 1.96107 3.10222 0.967752 1.46623 1.97162 1.14828 0.847131 3.12836 0.628657 0.425504 1.95579 0.265223 0.09796
threshold=6.1200000000000037 0.49746467839286013 1011.4153695986614 -0.23023710584653345 8.6400000000000006 0.99699193743116299 1013.6500000000002 0.1714926119571353 0.96431984276722771 2.0850000000000004 1009.3000825502069 3.693596533755656 0.1714926119571353 -0.098819223632317363 -0.27987374920143959 -0.26728045635376119 1010.8005913371051 6.4019224842663931 2.1611148203148685 -0.047406159029233223 -0.96683886033945943 -0.97873101657557326 1.8815595933400064 0.99852165491081479
decision_type=2 2 2 2 2 2 2 2 2 2 2 2 2 2 2 2 2 2 2 2 2 2 2 2
left_child=6 13 3 4 -3 -5 10 -8 19 -10 20 23 -13 14 16 -16 -2 18 -15 -4 21 -1 -22 -12
right_child=1 2 8 5 -6 -7 7 -9 9 -11 11 12 -14 17 15 -17 -18 -19 -20 -21 22 -23 -24 -25
leaf_value=0.077474282879176751 0.013119280172942453 -0.025171036651442807 -0.021893231129296632 -0.012470757273880161 -0.093761954150655066 -0.12369948833073213 -0.049747760383316054 0.073691413004903839 0.0046829553090895872 -0.035931196953941737 0.07053595562797961 -0.019192167179015389 0.12315413200684491 -0.015102069983883292 -0.010178710298057914 -0.026678294560450809 -0.0090962622541773241 0.046210356498273653 0.13424907089245114 0.012835785300136708 0.056519783549654659 -0.02354313284825691 0.11313301544561642 0.00027831505813610472
leaf_weight=486.1099508702755 636.32760259509087 363.4165224134922 371.83161053061485 551.43517512083054 89.759265333414078 103.99359974265099 156.4676493704319 137.54644790291786 167.58294293284416 544.45689138770103 2309.427513718605 1001.1219444274902 693.97057190537453 105.13436150550842 154.38637998700142 137.96473479270935 407.99699586629868 1671.900060236454 323.07506737112999 595.21271246671677 734.19721987843513 123.14280381798744 9528.4655297994614 179.37056910991669
leaf_count=1053 794 416 282 478 35 50 167 173 127 274 3066 1148 786 102 145 93 429 1880 219 499 1080 277 10427 182
internal_value=0.00108109 -0.00027557 -0.0019908 -0.00421445 -0.00763672 -0.00181987 0.00163243 -0.00306856 -0.000511601 -0.00246174 0.00172547 0.00102921 -7.38736e-05 0.00111032 0.000201664 -0.00243762 0.000958264 0.00167984 0 0.000905166 0.0019917 0.000848882 0.00205774 0.00178795
internal_weight=21574.3 6224.47 2787.69 1108.6 453.176 655.429 15349.8 294.014 1679.08 712.04 15055.8 4183.89 1695.09 3436.79 1336.68 292.351 1044.32 2100.11 428.209 967.044 10871.9 609.253 10262.7 2488.8
internal_count=24182 5823 2161 979 451 528 18359 340 1182 401 18019 5182 1934 3662 1461 238 1223 2201 321 781 12837 1330 11507 3248
is_linear=0
shrinkage=0.0424476


Tree=19
num_leaves=25
num_cat=0
split_feature=2 5 2 1 3 1 3 6 1 2 5 2 1 3 5 1 1 2 2 3 1 1 3 6
split_gain=15.5221 11.929 7.79759 4.14103 8.06963 3.10846 10.2387 2.64993 2.27957 2.23166 3.32725 2.62288 2.34886 2.0158 1.08968 0.889516 2.91944 0.796204 0.490057 0.406832 1.68648 4.95493 0.259958 0.145496
threshold=0.85651926849515192 0.70436907356351874 0.91234096280339505 -0.098819223632317363 5.0508887109689331 -0.44766560802286032 3.2718876039977842 0.86502983325015059 -0.098819223632317363 1.0000000180025095e-35 0.70436907356351874 0.055916990100603255 -0.85654306401281477 4.8420897470046311 -1.0000000180025095e-35 -0.97310932590074073 -0.98370018436603723 0.055916990100603255 0.98662138620987927 2.0031180588207467 0.86753754618373868 0.90405093247213386 7.455000000000001 0.70137043877975058
decision_type=2 2 2 2 2 2 2 2 2 2 2 2 2 2 2 2 2 2 2 2 2 2 2 2
left_child=9 7 5 4 -4 -3 -7 22 14 19 15 -12 -13 -5 -9 16 -11 -17 -10 20 -1 -22 23 -2
right_child=1 2 3 13 -6 6 -8 8 18 10 11 12 -14 -15 -16 17 -18 -19 -20 -21 21 -23 -24 -25
leaf_value=0.082314726257438603 0.096160441987990841 -0.065589406433175609 -0.044636788679961632 0.0018890308093411693 0.0029600992403882812 -0.062737324369524047 -0.0018395829423262483 -0.0043831862048957409 0.0046388481184668406 0.091910965970241731 -0.10802810245457203 -0.014054198676016013 0.0057868211713040709 -0.043957062087401202 -0.017204931507374326 -0.022832027742665722 -0.017378091406170807 0.078055915722064079 -0.025296360773943434 0.12185526079877752 -0.016731597146052411 0.13071415710799281 -0.0062815641605705741 -0.013167273114315205
leaf_weight=982.41764503717422 1431.8526183664799 140.7377604842186 447.51369744539261 696.07844054698944 249.68768337368965 97.858666658401489 125.58967578411102 139.52494737505913 291.41753971576691 267.82236611843109 136.14602115750313 336.72707086801529 1177.2082795202732 266.39094141125679 272.75581878423691 202.59297001361847 106.99566808342934 3331.8191697597504 206.81085613369942 10202.877694517374 83.062286615371704 193.21784302592278 65.950366288423538 121.23809599876404
leaf_count=1316 1892 92 222 425 148 78 97 150 306 530 134 550 1696 174 208 118 148 4999 206 10187 71 208 59 168
internal_value=0.00109955 -0.0010993 -0.00353001 -0.00228088 -0.00477493 -0.00917145 -0.00591504 0.000838157 -0.000980569 0.00168888 0.000984487 -0.000605678 -8.57394e-05 -0.000454936 -0.00332524 0.00166043 -0.00026291 0.00186964 0.0009225 0.00202891 0.00127128 -0.00162097 0.0018724 0.00198611
internal_weight=21574.3 4553.41 2023.86 1659.67 697.201 364.186 223.448 2529.55 910.509 17020.9 5559.31 1650.08 1513.94 962.469 412.281 3909.23 374.818 3534.41 498.228 11461.6 1258.7 276.28 1619.04 1553.09
internal_count=24182 4225 1236 969 370 267 175 2989 870 19957 8175 2380 2246 599 358 5795 678 5117 512 11782 1595 279 2119 2060
is_linear=0
shrinkage=0.0424476


Tree=20
num_leaves=23
num_cat=0
split_feature=5 8 6 4 8 6 8 8 4 8 8 4 8 4 6 4 0 6 8 8 8 4
split_gain=14.1808 9.69934 4.48597 3.05714 6.69623 2.93273 4.48636 1.85927 3.07618 1.69777 0.4131 0.321996 0.156561 0.084201 0.403766 0.0618319 0.199582 0.0772961 0.332337 0.0391424 0.0568471 0.00554392
threshold=0.70436907356351874 2.7216158680909519 -0.5 1013.223755828829 8.4749999999999996 0.86502983325015059 4.1500000000000012 4.6400000000000032 1009.6009826208134 6.1200000000000037 9.0392982726734363 1013.223755828829 6.3200000000000029 1009.8013827846574 1.0000000180025095e-35 1013.3156495376064 0.69601821493876959 0.70137043877975058 6.1900000000000004 2.2579689752237351 2.4118506817661456 1014.6500000000002
decision_type=2 2 2 2 2 2 2 2 2 2 2 2 2 2 2 2 2 2 2 2 2 2
left_child=5 13 11 4 -4 15 -7 8 -8 -9 -5 12 -3 19 -15 17 -17 -1 -19 -2 -21 -18
right_child=1 2 3 10 -6 6 7 9 -10 -11 -12 -13 -14 14 -16 16 21 18 -20 20 -22 -23
leaf_value=0.12558543496707797 0.12961502702831085 0.096220139742540303 -0.018989385731253267 -0.01847533702047631 -0.046270873753593282 0.090418725493812621 0.048212256359003385 0.030808129219851221 -0.041348643591255001 -0.010312441099695514 0.0015433758594248616 -0.047266564402247226 -0.24804597256248534 0.032764758338437637 -0.01151723943561303 0.09253899555545024 0.094623005514446634 0.066801540770410894 -0.0074864026492067956 0.014592175977127654 0.079285347319514643 -0.0060149265548984868
leaf_weight=11208.825855672359 1363.63715711236 444.14352265000343 2201.0005230605602 392.80911284685135 609.04895326495171 1777.5875692367554 65.673577219247818 461.5549188554287 108.29433366656303 987.36669057607651 276.49748820066452 144.1641298532486 101.30444917082787 180.77760136127472 58.659893572330475 308.80082696676254 92.160911530256271 473.27754619717598 99.974088370800018 89.900162130594254 94.371240705251694 87.209319323301315
leaf_count=10896 2015 384 2972 256 282 2477 158 958 131 1186 139 156 92 316 116 463 87 743 157 93 143 83
internal_value=0.00103033 -0.000730537 -0.00185434 -0.00247604 -0.00309029 0.0017008 0.000589993 -0.00101599 -0.00517387 -0.000503941 7.52078e-05 0.00125549 0.00173438 0.00188036 0.000975549 0.00200713 0.00140115 0.00203066 0.00143246 0.00200835 0.00116459 0.000159583
internal_weight=21627 5956.31 4168.97 3479.36 2810.05 15670.7 3400.48 1622.89 173.968 1448.92 669.307 689.612 545.448 1787.35 239.437 12270.2 488.171 11782.1 573.252 1547.91 184.271 179.37
internal_count=24303 6964 4281 3649 3254 17339 4910 2433 289 2144 395 632 476 2683 432 12429 633 11796 900 2251 236 170
is_linear=0
shrinkage=0.0424476


Tree=21
num_leaves=25
num_cat=0
split_feature=5 7 4 3 3 6 7 3 3 3 3 7 3 3 4 3 3 3 7 4 6 4 4 3
split_gain=12.3099 12.6863 5.05156 3.05638 4.62218 2.68617 3.20479 1.06634 3.4226 0.953943 2.21981 0.769532 1.26934 1.04369 0.747436 0.633079 0.706531 0.177801 0.19717 0.168906 0.0828947 0.0809956 0.0810313 0.052968
threshold=0.70436907356351874 2.6649999999999996 1012.3272793922628 5.8650000000000011 2.830543568677828 0.86502983325015059 2.1506285345216059 4.5203481616153427 3.693596533755656 2.9114582744516793 3.7301007904183989 1.8600000000000014 4.4200877324686152 5.962356047298015 1011.104480267663 1.9200914792203327 1.592518887368058 8.0950000000000006 2.3724945490268134 1007.3001227931106 0.25881904510252057 1010.9136334241356 1012.0181333411776 1.9200914792203327
decision_type=2 2 2 2 2 2 2 2 2 2 2 2 2 2 2 2 2 2 2 2 2 2 2 2
left_child=5 11 3 4 -3 17 21 8 -8 23 -11 15 19 -14 -5 16 -2 -1 -19 -13 -17 -7 -23 -4
right_child=1 2 9 14 -6 6 7 -9 -10 10 -12 12 13 -15 -16 20 -18 18 -20 -21 -22 22 -24 -25
leaf_value=0.11292303976245086 0.011373373121991796 -0.024512476577312932 0.0012486911863004622 0.0071802860102341236 -0.048071164359264167 0.11114528213768679 -0.0013265590217783883 0.02397552912841952 -0.036170759079579839 -0.053780689842118007 -0.0071224732213908317 -0.0085061880149997198 -0.012411871534852658 -0.0088090050874185255 -0.057039628594568556 0.095062152601836952 -0.12472829155742571 0.11156892104991356 -0.0057596070876615793 0.021236150202770459 0.064494096791904473 -0.0036855491561939252 0.02284842862311566 -0.03881927632487861
leaf_weight=12170.506478607655 198.13316124677658 898.63641786575317 196.7881618142128 154.62864673137665 583.42479106783867 1478.9495648741722 1410.4189488887787 237.06040999293327 168.86677142977715 140.90557077527046 547.43672943115234 84.28179395198822 155.18339887261391 98.702847301959991 123.22289055585861 1456.6729348599911 105.79833737015724 57.396061897277832 42.34600755572319 447.92949286103249 616.34861353039742 49.304064482450485 55.877329885959625 148.22044569253922
leaf_count=12242 323 1024 113 134 468 1996 2241 261 234 76 360 161 136 136 70 1952 147 146 41 732 1052 100 78 80
internal_value=0.00106303 -0.000577282 -0.00266404 -0.00404808 -0.00481403 0.00168768 0.00062402 -0.000585056 -0.000991455 -0.000288923 -0.00121697 0.00125967 8.33561e-05 -0.00236072 0 0.0016409 -0.000111536 0.00198094 7.89614e-07 0.0012841 0.00190676 0.00202201 0.000610919 0.00150897
internal_weight=21627 5956.31 2793.26 1759.91 1482.06 15670.7 3400.48 1816.35 1579.29 1033.35 688.342 3163.05 786.098 253.886 277.852 2376.95 303.931 12270.2 99.7421 532.211 2073.02 1584.13 105.181 345.009
internal_count=24303 6964 2325 1696 1492 17339 4910 2736 2475 629 436 4639 1165 272 204 3474 470 12429 187 893 3004 2174 178 193
is_linear=0
shrinkage=0.0424476


Tree=22
num_leaves=21
num_cat=0
split_feature=6 7 9 4 4 9 3 4 3 3 4 7 3 3 3 4 4 3 7 3
split_gain=6.07974 8.32888 2.94199 2.50114 3.34735 1.03365 0.689821 0.835294 0.537657 0.990165 0.360853 0.229269 0.556162 0.468822 0.0983796 0.0789392 0.245366 0.461439 0.0444409 0.194797
threshold=-0.5 2.4300000000000019 1.4801675009391817 1008.9007605866798 1011.9052993898633 0.78484346860381582 8.0950000000000006 1013.0140997264001 1.4307477717242538 1.2501702724814445 1007.7008285559062 1.8600000000000014 2.7206933245409366 1.8815595933400064 5.7611229735126432 1011.104480267663 1011.4153695986614 2.7206933245409366 1.9927003616516399 3.5950000000000002
decision_type=2 2 2 2 2 2 2 2 2 2 2 2 2 2 2 2 2 2 2 2
left_child=6 10 3 5 -5 -3 15 -8 9 -4 18 13 -13 -12 -10 -1 17 -17 -2 -20
right_child=1 2 8 4 -6 -7 7 -9 14 -11 11 12 -14 -15 -16 16 -18 -19 19 -21
leaf_value=0.14308501535164642 0.11600395920392553 0.023749054182975904 0.074444246697895039 -0.015922109036452973 -0.002318301797808741 -0.030630408766840141 0.086348253837655181 -0.015078695189534736 0.015670864865932492 -0.013506644126194378 -0.013793947683857909 0.046296039990071688 -0.0031853532283042801 0.073030359645863255 -0.040439644019972347 -0.07277038603068528 0.074798216726200864 0.11034583258106752 -0.0079857174460644127 0.077903210112883023
leaf_weight=7558.1786732673645 3082.7182494103909 1017.7522529363632 66.338673263788223 2256.9451406300068 1693.9032561480999 195.23281097412109 60.361847549676895 47.798582315444946 1078.212106436491 50.617669343948364 314.46865200996399 234.45930603146553 297.7658659517765 1329.0048226416111 107.49905329942703 90.102823168039322 1378.120827049017 128.25441926717758 89.82367804646492 219.13733130693436
leaf_count=6369 3795 1805 117 2579 1462 364 145 38 1549 73 510 457 478 2307 73 86 1514 121 177 170
internal_value=0.00117143 0.00054009 -0.000493858 -0.000950681 -0.00146987 0.000725103 0.00198965 -0.00127682 0.00130279 -0.00135905 0.00174434 0.00129365 0.000476377 0.00154704 0.00158097 0.00203027 0.00169291 0.000268946 0.00202799 0.001347
internal_weight=21296.7 12033.9 6466.5 5163.83 3950.85 1212.99 9262.82 108.16 1302.67 116.956 5567.38 2175.7 532.225 1643.47 1185.71 9154.66 1596.48 218.357 3391.68 308.961
internal_count=24189 15916 8022 6210 4041 2169 8273 183 1812 190 7894 3752 935 2817 1622 8090 1721 207 4142 347
is_linear=0
shrinkage=0.0424476


Tree=23
num_leaves=20
num_cat=0
split_feature=2 0 2 8 9 8 8 8 2 2 8 8 2 2 0 8 9 8 8
split_gain=14.1262 7.54281 4.44884 2.79134 7.09792 3.17383 2.10362 3.63269 3.30749 4.89358 0.555687 3.26794 0.463358 1.80486 0.376649 0.058077 0.146937 0.0122431 0.267554
threshold=0.85651926849515192 -0.26728045635376119 0.87377473702374975 7.6724385241779816 -1.5320925262319809 4.6400000000000032 6.1900000000000004 6.4019224842663931 0.055916990100603255 -0.49002866642905923 7.26782047346176 7.1900000000000004 0.19311121294034192 0.22611568550828817 0.49746467839286013 9.4100000000000001 0.51360822726247168 5.5600000000000014 5.672421629155683
decision_type=2 2 2 2 2 2 2 2 2 2 2 2 2 2 2 2 2 2 2
left_child=6 15 -3 5 -5 -4 12 8 9 -8 11 -9 17 -14 -15 -2 -17 -1 -19
right_child=1 2 3 4 -6 -7 7 10 -10 -11 -12 -13 13 14 -16 16 -18 18 -20
leaf_value=0.10553340341346754 0.052767328762794788 -0.030736826760181815 -0.022558996953295114 -0.038424818471367271 -0.009502066076946562 0.013148529691355184 0.12986521852776314 0.026035907841760669 0.050683578137505333 -0.058076792083256966 0.026659158976786095 -0.019276858070000551 -0.02843142919295177 0.072066467381545471 0.007097260609326023 0.0060190095782988642 -0.007303164704765149 0.038276846998143044 0.069759175938100132
leaf_weight=10061.657866150141 991.19833844900131 128.44573238492012 633.23428189754486 522.01090902090073 1057.6107723414898 970.21129190921783 122.75874057412148 1303.1380628049374 194.48792105913162 237.78435629606247 1165.2908305227757 117.80219376087189 89.510642766952515 1449.8890799880028 910.06155383586884 127.70878708362579 75.456356406211853 196.3735673725605 942.06475642323494
leaf_count=10986 1340 162 786 243 665 778 119 1467 227 139 1402 115 137 2709 1585 162 84 208 875
internal_value=0.00116886 -0.000938829 -0.0019846 -0.00166502 -0.00293337 -0.000403956 0.00173557 0.000735713 -0.00236779 -0.00478984 0.00140892 0.000823832 0.00196432 0.00141155 0.00164171 0.00194519 0.00108074 0.00208355 0.00180205
internal_weight=21296.7 4505.88 3311.51 3183.07 1579.62 1603.45 16790.8 3141.26 555.031 360.543 2586.23 1420.94 13649.6 2449.46 2359.95 1194.36 203.165 11200.1 1138.44
internal_count=24189 4220 2634 2472 908 1564 19969 3469 485 258 2984 1582 16500 4431 4294 1586 246 12069 1083
is_linear=0
shrinkage=0.0424476


Tree=24
num_leaves=23
num_cat=0
split_feature=8 0 4 4 6 0 9 9 9 6 6 4 6 4 8 8 0 0 8 0 8 8
split_gain=7.59541 4.04471 6.80419 3.6901 3.71669 4.34676 2.0182 1.68852 1.50648 1.46949 1.02827 0.953898 0.456787 0.755409 0.426217 2.16915 0.597902 0.241265 0.394656 0.240143 0.39731 0.117379
threshold=8.0600000000000023 0.49746467839286013 1011.8261829249556 1009.6009826208134 -0.5 -0.26728045635376119 1.0512933744757709 -1.3893731532515383 -1.6821905164697843 -0.2589913477455501 0.99259782952602682 1013.1031519751592 0.70137043877975058 1012.3272793922628 6.1900000000000004 6.2520641185720081 0.86106538556481482 0.69601821493876959 6.3200000000000029 0.86106538556481482 2.2579689752237351 6.1200000000000037
decision_type=2 2 2 2 2 2 2 2 2 2 2 2 2 2 2 2 2 2 2 2 2 2
left_child=3 10 7 14 17 21 -7 -3 9 -4 12 -10 -2 -14 19 -16 -17 -5 -19 -1 -21 -6
right_child=1 2 8 4 5 6 -8 -9 11 -11 -12 -13 13 -15 15 16 -18 18 -20 20 -22 -23
leaf_value=0.086459398633408263 0.12591403570823301 -0.085709314499784917 -0.059681950452627579 0.13896341828640657 0.067503974121390475 -0.015839629972581169 -5.6055341009532526e-05 -0.022119901268300705 -0.020670941449780787 -0.037705044327622457 -0.01289456130766279 0.014460595912058014 -0.016325989002491458 -0.022223100919519945 -0.042830236098137728 0.032359433404118003 -0.067381292028203435 0.068953979768426196 -0.1148628950700744 0.12029929653645077 0.0060498992234148188 0.00071799288427565214
leaf_weight=9749.2545251846313 593.37999108433723 195.6355177462101 132.50095924735069 1688.6497679054737 741.60004079341888 1437.9418098628521 753.71152409911156 314.24655178189278 215.01589733362198 181.00972637534142 110.90771853923798 408.16176301240921 202.59260615706444 207.78038340806961 146.97360560297966 1009.6158874332905 115.52986514568329 821.59973895549774 232.66648942232132 935.58156970143318 790.92199900746346 391.68974825739861
leaf_count=11118 821 81 130 1407 1376 1454 1027 154 121 81 90 269 166 253 123 1146 180 849 205 1328 1168 582
internal_value=0.00114814 -0.00101628 -0.00250039 0.00144375 0.00057769 -0.000371904 -0.00148014 -0.00644815 -0.000331613 -0.00274576 0.000893131 0.000853226 0.00133442 0.000195107 0.00185453 0.00108363 0.00172841 0.00173553 0.00118902 0.00193837 0.00143852 0.00175495
internal_weight=21377 2561.23 1446.57 18815.7 6067.86 3324.94 2191.65 509.882 936.688 313.511 1114.66 623.178 1003.75 410.373 12747.9 1272.12 1125.15 2742.92 1054.27 11475.8 1726.5 1133.29
internal_count=24129 2166 836 21963 6900 4439 2481 235 601 211 1330 390 1240 419 15063 1449 1326 2461 1054 13614 2496 1958
is_linear=0
shrinkage=0.0424476


Tree=25
num_leaves=21
num_cat=0
split_feature=2 5 1 2 2 2 5 2 7 5 1 5 1 1 1 1 1 2 1 1
split_gain=15.2599 9.82059 6.50452 3.72747 5.3236 1.55429 2.08386 1.15328 4.94128 1.00592 0.899785 1.40439 0.74349 0.527873 0.237798 0.075976 1.24687 0.0276223 0.0212168 0.219204
threshold=0.85651926849515192 -1.0000000180025095e-35 -0.47105904330480614 0.99370977118463066 0.98662138620987927 1.0000000180025095e-35 0.96561987442640917 0.22611568550828817 2.4824205093819454 0.96561987442640917 0.99865756837029906 0.061988814543691408 0.62244429004997459 -0.85654306401281477 -0.49203060122720416 0.85446532134987485 0.88013720422011754 -0.033168202209087554 -0.25495596846646384 -0.27987374920143959
decision_type=2 2 2 2 2 2 2 2 2 2 2 2 2 2 2 2 2 2 2 2
left_child=5 14 -3 4 -4 15 10 8 -8 -5 13 -12 -9 -7 -2 17 -17 -1 19 -16
right_child=1 2 3 9 -6 6 7 12 -10 -11 11 -13 -14 -15 18 16 -18 -19 -20 -21
leaf_value=0.085870576774437157 -0.0039093674369280931 -0.055642049074628198 -0.018295219212057144 0.017593444714166278 -0.046602558099188923 0.00060370189802595546 0.03143854240115776 -0.0085706481568551159 -0.053206928213835609 -0.033294682012836217 0.0196180899586531 -0.063429293082031379 0.0064419003484654817 0.051508453458178907 0.015748097810939013 -0.0039276367579358547 0.16099520802751113 0.0094691626347313505 0.064476255009471656 -0.0063001627760243496
leaf_weight=7882.9204151034355 70.883255511522293 143.15694791078568 2017.5613749921322 434.7578801214695 318.16956087946892 1050.5984950065613 86.031943142414093 299.06426909565926 59.167267024517059 210.25937566161156 177.44057604670525 173.76668980717659 241.15489089488983 3295.7466006278992 235.13360863924026 416.62121957540512 3014.7446478307247 98.618831217288971 1085.4537435472012 65.716093420982361
leaf_count=9889 68 101 1477 365 220 1909 156 433 59 110 107 71 329 5042 384 157 1621 142 1428 61
internal_value=0.00114322 -0.00102581 -0.00237069 -0.00193868 -0.00272946 0.00173592 0.00113346 -0.00103724 -0.00439905 0.000896197 0.00145413 -0.000573903 -9.92983e-05 0.00162227 0.00184463 0.00201845 0.00180913 0.00210612 0.00196972 0.00141894
internal_weight=21377 4581.09 3123.91 2980.75 2335.73 16795.9 5382.97 685.418 145.199 645.017 4697.55 351.207 540.219 4346.35 1457.19 11412.9 3431.37 7981.54 1386.3 300.85
internal_count=24129 4214 2273 2172 1697 19915 8106 977 215 475 7129 178 762 6951 1941 11809 1778 10031 1873 445
is_linear=0
shrinkage=0.0424476


Tree=26
num_leaves=24
num_cat=0
split_feature=5 8 8 6 6 8 5 9 4 9 8 5 9 8 5 4 4 4 8 4 8 9 9
split_gain=8.26308 6.23603 3.17365 2.42034 2.08067 3.27158 1.75441 1.53071 1.44003 1.42518 0.441788 0.768958 0.500939 0.189189 0.117424 0.475657 0.230048 0.094633 0.0922264 0.066687 0.209459 0.048143 0.161241
threshold=0.70436907356351874 4.0509473958312698 4.3100000000000014 -0.5 0.70137043877975058 4.0509473958312698 -1.0000000180025095e-35 -0.04937173956562723 1009.7055573288902 1.0512933744757709 2.2000000000000015 0.96561987442640917 4.572494660076976 6.1200000000000037 0.49822133722136902 1011.3005788478392 1012.0181333411776 1014.1500000000002 2.4118506817661456 1010.0004489774752 1.76 0.83445155190621112 -0.04937173956562723
decision_type=2 2 2 2 2 2 2 2 2 2 2 2 2 2 2 2 2 2 2 2 2 2 2
left_child=4 10 8 17 14 21 13 -8 -3 -5 19 18 -13 -7 -1 -16 -17 -4 -12 -2 -21 22 -6
right_child=1 2 3 9 5 6 7 -9 -10 -11 11 12 -14 -15 15 16 -18 -19 -20 20 -22 -23 -24
leaf_value=0.10187508917680917 0.10451963190822142 -0.012252589901488498 0.071400777352110034 -0.01984738526427015 0.0062115610338843042 0.020774957327094803 -0.0088049882559372104 -0.013446014898872687 -0.034828892776937813 0.0028441371715839671 -0.0017605355700353329 -0.006453589262558782 0.045672254794878339 0.00012324269832806692 0.13692504611796197 -0.047560657799183614 0.025847891831320899 -0.061065940516645337 0.010503867378951358 0.1027673678649285 -0.009120833418809194 0.09861369001304475 -0.010356900212577977
leaf_weight=10306.688076227903 1354.8256369531155 70.77442255616188 490.79338216781616 2351.8909163177013 177.07043454051018 362.31026241183281 610.60805541276932 493.21838936209679 65.867821425199509 581.17333143949509 70.979604661464691 251.59202334284782 85.003647357225418 510.87069711089134 801.79885908961296 80.240499198436737 261.77677336335182 103.27821683883667 401.60206168889999 119.91649848222733 48.712623864412308 1842.9149992465973 86.997443407773972
leaf_count=10336 1998 122 396 2167 348 801 715 748 52 761 82 349 128 715 642 88 297 95 533 201 89 2442 173
internal_value=0.00116504 -0.000170591 -0.00126561 -0.00101365 0.00168179 0.000851217 -0.000381189 -0.00151265 -0.00763344 -0.00151716 0.00154138 0.000703707 -0.000808987 0.00102794 0.00197641 0.00150139 0.000117756 0.00144111 0.00182029 0.00197414 0.000952905 0.00201638 0.00127665
internal_weight=21530.9 5996.41 3663.78 3527.14 15534.5 4083.99 1977.01 1103.83 136.642 2933.06 2332.63 809.177 336.596 873.181 11450.5 1143.82 342.017 594.072 472.582 1523.45 168.629 2106.98 264.068
internal_count=24278 6973 3593 3419 17305 5942 2979 1463 174 2928 3380 1092 477 1516 11363 1027 385 491 615 2288 290 2963 521
is_linear=0
shrinkage=0.0424476


Tree=27
num_leaves=19
num_cat=0
split_feature=2 5 1 1 1 2 2 1 1 2 6 5 1 6 1 1 6 2
split_gain=13.2902 8.18757 6.53634 3.28923 18.2432 3.0304 1.75392 2.12087 7.30685 3.60841 2.38694 0.42688 0.27438 0.613796 0.0622543 0.789407 0.675494 0.0543323
threshold=0.85651926849515192 -1.0000000180025095e-35 -0.47105904330480614 0.1714926119571353 0.12332438255465399 0.91925191855388755 1.0000000180025095e-35 -0.97310932590074073 -0.98370018436603723 0.055916990100603255 1.0000000180025095e-35 0.86340693121644818 -0.25495596846646384 0.70137043877975058 0.85446532134987485 0.89353735526289724 1.0000000180025095e-35 -0.033168202209087554
decision_type=2 2 2 2 2 2 2 2 2 2 2 2 2 2 2 2 2 2
left_child=6 12 -3 4 -4 -5 14 8 -8 -9 -10 -11 13 -2 17 16 -16 -1
right_child=1 2 3 5 -6 -7 7 9 10 11 -12 -13 -14 -15 15 -17 -18 -19
leaf_value=0.08120913351660039 0.051801150239456507 -0.057806177832360237 -0.012368339304889866 -0.037248007593784264 -0.058875523220108111 0.0073054715031360554 0.05952733249425636 -0.048485207870494561 -0.026906637793530364 0.057855547914909301 -0.026959541314629486 0.0026056446051890055 0.058136074453827923 -0.007372953398738097 0.11042084792415788 0.15141184378415165 -0.0095647537812982471 0.012406152476705928
leaf_weight=7997.8531237244606 240.16167157888412 147.67437061667442 1794.8523998856544 354.45782715082169 174.43048912286758 638.13546368479729 367.4532755613327 284.19813227653503 82.765540033578873 3628.3415175974369 106.68767717480659 957.03833270072937 1086.1563657522202 143.37070432305336 311.29952004551888 2894.7227066457272 221.09094735980034 100.21461123228073
leaf_count=9962 390 111 1275 294 115 478 732 165 109 5544 102 1452 1449 152 111 1604 100 133
internal_value=0.00117387 -0.000852496 -0.00208916 -0.00164721 -0.00265253 0.000328677 0.00172236 0.0010857 -0.00137921 0.0013714 -0.00817025 0.00166175 0.00175143 0.000700937 0.00202051 0.00182309 0.000280287 0.00210177
internal_weight=21530.9 4579.24 3109.55 2961.88 1969.28 992.593 16951.7 5426.48 556.906 4869.58 189.453 4585.38 1469.69 383.532 11525.2 3427.11 532.39 8098.07
internal_count=24278 4264 2273 2162 1390 772 20014 8104 943 7161 211 6996 1991 542 11910 1815 211 10095
is_linear=0
shrinkage=0.0424476


Tree=28
num_leaves=21
num_cat=0
split_feature=2 0 2 3 6 6 3 3 2 2 3 3 6 2 3 2 2 3 6 7
split_gain=15.4837 9.79702 4.76524 4.82749 4.32723 2.06874 1.59856 2.36337 1.32787 1.69999 5.19054 0.997658 0.582673 0.611453 0.331548 0.524201 2.33916 0.0675968 0.344827 0.0523681
threshold=0.83659302679211223 0.49746467839286013 0.99370977118463066 1.592518887368058 -0.5 0.70137043877975058 1.9650000000000001 2.7618942712527619 1.0000000180025095e-35 0.055916990100603255 1.9200914792203327 3.5122807279177137 -0.50143597553239838 0.22611568550828817 1.4307477717242538 -0.49002866642905923 -0.33278437032804348 2.2010900737380514 0.49639083095641179 2.7806270598745173
decision_type=2 2 2 2 2 2 2 2 2 2 2 2 2 2 2 2 2 2 2 2
left_child=8 5 3 19 -5 -2 -7 -8 14 10 -10 -4 -11 -14 15 -1 -17 18 -16 -3
right_child=1 2 11 4 -6 6 7 -9 9 12 -12 -13 13 -15 17 16 -18 -19 -20 -21
leaf_value=0.084855375538692004 0.082043557310798973 -0.0030872389556880877 -0.025799179081675859 -0.0053769682023751498 -0.033074110600621751 0.0067947219720985788 -0.010341863447324197 0.0012539044892718131 -0.063865607615971196 0.10483018546709065 0.090238581909708515 0.024447866689142745 -0.0090378493337362198 0.0107499918782411 0.064922015147349063 -0.013000304873216233 0.059028287845928971 0.093342495468297468 -0.00070598316922203469 0.0054767173046798342
leaf_weight=301.98419284820557 1275.1371204555035 93.737625360488892 196.59880200028419 349.21779319643974 1306.8096052110195 333.45915481448174 301.32804572582245 492.04382184147835 158.48169788718224 1826.9257778525352 283.70377093553543 336.81277623772621 544.06573790311813 2398.0440997779369 790.59614035487175 62.879370361566544 162.18565046787262 9890.5365675985813 285.71115228533745 162.22181165218353
leaf_count=371 1740 104 91 385 736 372 275 503 130 2240 313 251 939 4251 799 103 215 9850 614 115
internal_value=0.00112456 -0.000985095 -0.00287823 -0.00386934 -0.00471062 0.000934567 -0.000376701 -0.00142706 0.00173784 0.00116717 -0.00132918 0.000639649 0.00140252 0.00101988 0.00199496 0.000890971 -0.000596667 0.00204633 0.00163773 0.00150123
internal_weight=21552.5 4847.37 2445.4 1911.99 1656.03 2401.97 1126.83 793.372 16705.1 5211.22 442.185 533.412 4769.04 2942.11 11493.9 527.049 225.065 10966.8 1076.31 255.959
internal_count=24397 4572 1682 1340 1121 2890 1150 778 19825 7873 443 342 7430 5190 11952 689 318 11263 1413 219
is_linear=0
shrinkage=0.0424476


Tree=29
num_leaves=25
num_cat=0
split_feature=0 7 1 1 1 3 4 1 4 1 3 0 4 1 1 1 0 1 7 0 3 1 1 3
split_gain=6.74082 7.18723 3.45377 12.8477 2.82262 2.61273 3.65592 0.803764 1.03176 1.01205 2.34493 0.776133 0.600632 0.379806 2.35023 0.320443 0.393788 0.599034 0.139504 0.113891 0.0999615 0.445398 0.913232 0.0640534
threshold=0.49746467839286013 2.3724945490268134 0.1714926119571353 0.12332438255465399 -0.030120025924939096 2.0031180588207467 1010.7030902829764 -0.12647779982076676 1009.6009826208134 -0.37761050095554838 2.5230242812024986 0.96431984276722771 1010.9136334241356 -0.97310932590074073 -0.97873101657557326 0.62244429004997459 0.96431984276722771 0.39376516476197765 1.3100000000000007 0.25803921652259554 2.2010900737380514 0.86753754618373868 0.91423119723059265 1.9200914792203327
decision_type=2 2 2 2 2 2 2 2 2 2 2 2 2 2 2 2 2 2 2 2 2 2 2 2
left_child=7 15 3 4 -3 6 -4 8 13 12 -11 -7 -10 14 -1 16 18 -18 -2 -15 21 -9 -23 -17
right_child=1 2 5 -5 -6 11 -8 20 9 10 -12 -13 -14 19 -16 23 17 -19 -20 -21 -22 22 -24 -25
leaf_value=0.048333973561059847 0.079121567001290166 -0.018919447187505083 -0.045512796280314405 -0.052200936876455314 0.011627495727234274 0.023931671938344997 0.0052064757669927344 0.037514780133591205 0.040252508182249562 -0.009605125058392493 -0.0025677770812929175 -0.0084680153507374605 -0.0072096710352941651 0.052128412435825666 -0.033939128914446885 0.05426036765943891 0.010708404308542332 -0.0048464374686145156 0.0090861006326024164 0.040549444096824948 0.092874517543175564 -0.02732530286699781 0.023497611687007629 0.12015829872248754
leaf_weight=423.23342114686966 649.60336664319038 1948.1462777256966 283.41081267595291 127.55192542076111 365.61515709757805 970.82909169793129 314.68980836868286 1152.9475625455379 548.20025345683098 224.5471431016922 277.98610457777977 359.6229156255722 521.37493920326233 2054.9308099150658 63.583191990852356 190.68890821933746 600.25211617350578 149.22495779395103 642.06736177206039 364.877774477005 7352.6340058743954 86.26422330737114 306.2969554066658 1573.9016305506229
leaf_count=847 1395 1829 317 74 272 766 272 1451 801 164 275 276 646 3799 115 229 1267 165 989 551 6222 129 362 1184
internal_value=0.00113865 0.000175886 -0.000996069 -0.00205779 -0.00132598 0.000338348 -0.0019791 0.00172568 0.00125039 0.000359394 -0.00119419 0.00139408 0.00110665 0.00172593 0.000588434 0.00152642 0.0011421 0.000336373 0.00159528 0.00194711 0.00196282 0.00159309 0.000301746 0.00196047
internal_weight=21552.5 8175.6 4369.87 2441.31 2313.76 1928.55 598.101 13376.9 4478.73 1572.11 502.533 1330.45 1069.58 2906.63 486.817 3805.74 2041.15 749.477 1291.67 2419.81 8898.14 1545.51 392.561 1764.59
internal_count=24397 9035 3806 2175 2101 1631 589 15362 7198 1886 439 1042 1447 5312 962 5229 3816 1432 2384 4350 8164 1942 491 1413
is_linear=0
shrinkage=0.0424476


Tree=30
num_leaves=22
num_cat=0
split_feature=8 1 1 7 1 8 6 8 9 6 7 1 1 8 1 8 1 1 7 1 1
split_gain=6.85245 7.22652 4.5707 4.73089 8.79885 2.54248 4.34642 4.28691 5.44023 2.2182 2.06286 0.938457 5.98742 0.614895 0.456038 0.161616 0.197935 0.610784 0.21097 0.0219698 0.851153
threshold=8.2700000000000031 -0.030120025924939096 -0.37761050095554838 7.1293639555384098 -0.23023710584653345 4.0509473958312698 -0.5 4.6400000000000032 -0.04937173956562723 0.70137043877975058 4.8100000000000014 0.41882333404999644 0.46382785666522619 4.2336217347862801 0.99965739133362419 2.2000000000000015 -0.97310932590074073 -0.98370018436603723 2.0400000000000014 -0.71748210095375242 -0.73395428414357544
decision_type=2 2 2 2 2 2 2 2 2 2 2 2 2 2 2 2 2 2 2 2 2
left_child=5 2 -2 4 -4 15 13 8 -8 -5 -9 -3 -13 -7 -15 19 17 -17 -18 20 -1
right_child=1 11 3 9 -6 6 7 10 -10 -11 -12 12 -14 14 -16 16 18 -19 -20 -21 -22
leaf_value=0.08249971319256455 0.030931440173156601 0.010043650524460743 -0.10464520173261999 0.010785380127027911 -0.021563265552548672 -0.023375705725603695 0.0065170886588284682 -0.0032189925197994018 -0.026362869752910998 -0.031174348085019614 0.011275922541410664 -0.046263628821043165 0.014759055787204286 0.1133963042368298 0.060084517999837599 0.040029042697507573 0.041182758207276259 -0.039632284197965412 0.036587891593605301 0.10424372195295364 -0.020745825474095928
leaf_weight=811.17109227180481 197.67391023039818 712.96018642187119 209.54985785484314 177.02251011133194 275.02231705188751 165.98958501219749 339.72400605678558 2278.7824912369251 328.96518003940582 165.08973184227943 1685.9834848642349 127.58126699924469 452.51617243885994 4892.4392121136189 308.94442680478096 104.55813732743263 1389.1862972676754 47.025861352682114 1661.3646376132965 5101.8303673267365 35.58065402507782
leaf_count=2399 242 658 95 181 145 140 583 3484 480 50 2246 57 595 3460 93 219 1549 96 2055 5435 66
internal_value=0.00113955 -0.00103592 -0.00370312 -0.00509608 -0.00780138 0.00140376 0.000932315 -1.61535e-05 -0.00316389 -0.00120998 0.000510075 0.00106272 -0.000175769 0.00175454 0.00183673 0.00191698 0.00164379 1.83508e-05 0.00171849 0.00206092 0.00171518
internal_weight=21469 2317.42 1024.36 826.684 484.572 19151.5 10000.8 4633.46 668.689 342.112 3964.77 1293.06 580.097 5367.37 5201.38 9150.72 3202.13 151.584 3050.55 5948.58 846.752
internal_count=24328 2023 713 471 240 22305 10486 6793 1063 231 5730 1310 652 3693 3553 11819 3919 315 3604 7900 2465
is_linear=0
shrinkage=0.0424476


Tree=31
num_leaves=24
num_cat=0
split_feature=8 6 1 9 1 8 7 1 1 8 8 8 1 9 7 8 6 8 1 1 1 1 1
split_gain=5.47014 5.12378 5.6709 5.0783 4.12678 3.33679 3.79056 1.57271 20.4273 9.4743 5.6212 1.31557 1.29944 0.781526 2.39645 0.194423 0.559748 1.02808 0.16658 0.0380159 0.862946 0.0231546 0.275396
threshold=6.1200000000000037 -0.5 -0.030120025924939096 1.2621707895174252 -0.30472723697333454 6.4019224842663931 4.7500000000000027 0.1714926119571353 0.12332438255465399 4.0509473958312698 4.9800000000000031 10.490000000000002 0.99965739133362419 3.1844923219229533 1.8111657077453287 5.5600000000000014 -0.5 5.672421629155683 -0.47105904330480614 -0.25495596846646384 -0.35266805340765195 0.59555467238250392 0.57391765965057562
decision_type=2 2 2 2 2 2 2 2 2 2 2 2 2 2 2 2 2 2 2 2 2 2 2
left_child=7 12 3 4 -3 6 -4 8 13 -10 -11 -7 19 18 -15 21 -17 -18 -1 20 -2 22 -9
right_child=1 2 5 -5 -6 11 -8 15 9 10 -12 -13 -14 14 -16 16 17 -19 -20 -21 -22 -23 -24
leaf_value=0.019678282599936467 0.13498677760689873 -0.007495598909097209 -0.059167639154586921 0.012296403789238644 -0.020641156868102251 0.0097053148424215106 0.0096955126375867437 0.082690085224124688 0.064159525332547998 -0.045773623651651274 -0.057830211476266519 -0.03098498756124933 -0.076231081896659336 0.071537762530170718 -0.017035959294907491 0.091422056356626855 -0.01037992287449334 0.010127085325557537 0.039674506837011778 0.12943006954520586 -0.010754940200818986 0.10491581577059941 -0.0086390319092397461
leaf_weight=2959.3731240034103 556.06160804629326 831.45685520768166 115.01502597332001 333.97326549887657 642.36866447329521 1508.7730391025543 118.94239753484726 2250.562526345253 82.171399533748627 103.83700856566429 98.764940530061722 266.9155840575695 118.20880529284477 635.37755909562111 331.48182219266891 623.87539139389992 59.590711653232574 321.00906842947006 2203.7724143862724 1526.4417659938335 76.878542482852936 5559.0041743814945 145.10569208860397
leaf_count=5358 612 881 134 432 307 1684 169 2245 155 81 86 183 45 1648 518 325 105 484 3036 1324 72 4324 120
internal_value=0.00112997 5.07269e-05 -0.000896766 -0.00262375 -0.00369923 0.000647554 -0.00409863 0.00155663 0.00104292 -0.0100616 -0.0150028 0.00128334 0.00164694 0.00156182 0.000428732 0.00192238 0.00130992 0 0.00177042 0.00188917 0.00148752 0.00199739 0.00181135
internal_weight=21469 6095.04 3817.44 1807.8 1473.83 2009.65 233.957 15373.9 6414.78 284.773 202.602 1775.69 2277.59 6130 966.859 8959.15 1004.48 380.6 5163.15 2159.38 632.94 7954.67 2395.67
internal_count=24328 5843 3790 1620 1188 2170 303 18485 10882 322 167 1867 2053 10560 2166 7603 914 589 8394 2008 684 6689 2365
is_linear=0
shrinkage=0.0424476


Tree=32
num_leaves=20
num_cat=0
split_feature=8 6 8 7 1 1 4 1 1 8 1 4 6 8 7 4 8 7 4
split_gain=4.96142 4.17007 5.17981 3.99013 3.02257 7.40349 2.2814 2.93375 22.4149 1.85556 1.50149 0.679364 0.671725 1.24306 0.817481 0.189045 0.137191 0.113392 0.0214805
threshold=6.1200000000000037 -0.5 6.2520641185720081 4.8100000000000014 -0.098819223632317363 -0.27987374920143959 1011.4153695986614 0.1714926119571353 0.14706992549541839 6.4019224842663931 0.99965739133362419 1014.1500000000002 -0.5 2.2579689752237351 3.9500000000000015 1009.8013827846574 6.0011308985051413 2.0400000000000014 1011.5061962599751
decision_type=2 2 2 2 2 2 2 2 2 2 2 2 2 2 2 2 2 2 2
left_child=6 10 3 -3 5 -4 12 8 11 -6 17 -8 -1 15 -15 -14 -9 -2 -19
right_child=1 2 4 -5 9 -7 7 16 -10 -11 -12 -13 13 14 -16 -17 -18 18 -20
leaf_value=0.10480524826170835 0.092284664164917166 -0.041228485190379138 -0.00061322700536701634 -0.0081081132948769095 -0.040955932631423261 -0.027535207339248677 0.012848894383698526 0.061729239449214893 -0.061218238561737026 0.0057974909367215274 -0.076427200796168063 -0.033240079270310446 0.086948891824807667 0.0059016364592673421 0.022044900065634226 0.03990610600440387 0.059932903858835151 0.14678805869739062 0.05785836653827009
leaf_weight=6412.7750551700592 120.24956977367401 110.90283688902855 1042.1446209847927 85.052384912967682 113.33438917994499 574.32060965895653 506.68717840313911 613.5928518474102 94.578594326972961 2015.4581059813499 101.96262353658676 78.413927167654037 3496.1158860325813 2690.0829749405384 1022.1204124391079 257.77810594439507 69.385992795228958 1430.2089155614376 654.34660342335701
leaf_count=5649 112 134 1172 112 151 274 672 851 38 2003 39 91 4768 4267 1725 492 47 1115 754
internal_value=0.00117007 0.000159404 -0.000676262 -0.00740789 -0.000319089 -0.00170635 0.00158316 -6.11462e-05 -0.00204859 0.00072561 0.0015952 0.0010206 0.00174593 0.0014637 0.000903815 0.00201243 0.00188959 0.00183356 0.00190953
internal_weight=21489.5 6247.98 3941.21 195.955 3745.26 1616.47 15241.5 1362.66 679.68 2128.79 2306.77 585.101 13878.9 7466.1 3712.2 3753.89 682.979 2204.81 2084.56
internal_count=24466 5866 3846 246 3600 1446 18600 1699 801 2154 2020 763 16901 11252 5992 5260 898 1981 1869
is_linear=0
shrinkage=0.0424476


Tree=33
num_leaves=24
num_cat=0
split_feature=2 5 2 2 4 3 2 2 3 4 5 4 5 3 2 3 5 8 8 8 8 3 3
split_gain=9.44211 7.5196 3.37916 7.11779 4.29311 3.77294 1.67375 1.5544 5.42781 0.632875 0.599713 0.610681 0.585647 0.505548 0.392641 0.304154 0.728313 1.51784 0.149384 0.0723806 0.39961 0.00891295 0.363207
threshold=0.83659302679211223 0.25810558179186288 0.99370977118463066 0.98662138620987927 1010.1020747736236 2.872235228790387 1.0000000180025095e-35 0.055916990100603255 1.9200914792203327 1014.5500000000001 -1.0000000180025095e-35 1012.4328964964358 0.86340693121644818 3.8245199967350234 0.22611568550828817 1.4307477717242538 0.70436907356351874 5.5600000000000014 7.535000000000001 6.1900000000000004 6.2520641185720081 2.0409242842768678 1.9200914792203327
decision_type=2 2 2 2 2 2 2 2 2 2 2 2 2 2 2 2 2 2 2 2 2 2 2
left_child=6 10 3 4 -3 -5 15 8 -8 -4 21 18 14 -14 -9 16 -1 -18 -12 -17 -21 22 -2
right_child=1 2 9 5 -6 -7 7 12 -10 -11 11 -13 13 -15 -16 19 17 -19 -20 20 -22 -23 -24
leaf_value=0.067068922851662605 0.0284442309904205 -0.018101241651962294 0.018400718669102707 -0.015975483110131326 -0.0086494459451513222 -0.051999468997366724 -0.061661496731036665 0.018458418920804336 0.06745292923522786 -0.023836315178359588 0.014024359700394378 -0.0060462551984002549 -0.0007380003733846994 0.0076666840830605827 0.046465733090085698 0.07520609895591697 0.056146944843555369 -0.012640161380640244 -0.0022390614976559925 -0.019189410226042994 0.075875447683986186 0.043231590785181316 -0.0071168004664991158
leaf_weight=378.73380768299103 399.16932189464569 476.01758667826653 370.25425058603287 131.65144100785255 1513.7140490114689 144.57125398516655 153.62205243110657 914.76935631036758 285.44854635000229 224.14798656105995 163.98380717635155 124.42626169323921 735.33598190546036 308.21310290694237 2905.7953771650791 9838.7558435499668 108.22013771533966 77.599436163902283 82.300584971904755 133.1582216322422 846.89708143472672 1102.4184278547764 70.307722300291061
leaf_count=417 549 442 291 89 1021 84 127 1097 323 124 207 135 1112 449 4811 10406 160 125 46 91 799 1474 87
internal_value=0.00119756 -0.000457868 -0.00184498 -0.00259449 -0.00169657 -0.0089951 0.00167516 0.00104482 -0.00135367 0.000981081 0.00157504 0 0.00126514 0.000350583 0.00151009 0.00196719 0.000943193 -0.0011709 0.0012631 0.00201891 0.00158084 0.00193732 0.00156371
internal_weight=21489.5 4802.96 2860.36 2265.95 1989.73 276.223 16686.5 5303.18 439.071 594.402 1942.61 370.711 4864.11 1043.55 3820.56 11383.4 564.553 185.82 246.284 10818.8 980.055 1571.9 469.477
internal_count=24466 4549 2051 1636 1463 173 19917 7919 450 415 2498 388 7469 1561 5908 11998 702 285 253 11296 890 2110 636
is_linear=0
shrinkage=0.0424476


Tree=34
num_leaves=25
num_cat=0
split_feature=2 5 1 1 2 2 1 2 5 2 1 6 1 6 1 1 2 2 6 1 1 6 1 2
split_gain=8.51015 8.42674 3.52759 14.7574 4.06881 2.32059 2.93789 1.27886 1.55469 2.36408 1.51608 0.675676 1.05702 0.492542 0.46187 1.66381 0.274202 0.159013 0.085604 0.344623 2.29179 0.0274827 0.0616754 0.0038904
threshold=0.83659302679211223 0.49822133722136902 0.1714926119571353 0.12332438255465399 0.98043284291745803 0.91925191855388755 0.44088582098979784 1.0000000180025095e-35 0.49822133722136902 0.055916990100603255 -0.85654306401281477 0.96327418017081945 -0.25495596846646384 1.0000000180025095e-35 -0.97310932590074073 -0.98370018436603723 0.022251639205167883 0.98662138620987927 0.25881904510252057 0.86753754618373868 0.89353735526289724 0.86502983325015059 -0.098819223632317363 -0.053349907161106304
decision_type=2 2 2 2 2 2 2 2 2 2 2 2 2 2 2 2 2 2 2 2 2 2 2 2
left_child=7 11 3 4 -3 6 -4 18 14 13 -11 21 -13 -10 15 -9 -16 -14 -1 23 -21 -2 -23 -20
right_child=1 2 5 -5 -6 -7 -8 8 9 10 -12 12 17 -15 16 -17 -18 -19 19 20 -22 22 -24 -25
leaf_value=0.094104965795930126 0.056965606313161311 -0.02151106416722337 -0.016332387277864187 -0.047269863316026756 0.0048081445725961999 0.0051619092161722694 -0.048770750607943732 0.067690992458149538 -0.034446871354516656 -0.0030086224777523827 0.010389533331991704 -0.0055702859140666821 0.00503118665128256 -0.036137030230390901 -0.03039974824980118 -0.032851814239859514 0.062988358869736971 -0.0082639376764143662 0.049017617671552771 -0.01083556980362114 0.10049959598055633 -0.0087016899065026111 0.042522345918024611 0.013647116060089363
leaf_weight=8457.2066724598408 1587.8453931510448 797.04077583551407 118.48407509922981 132.01617416739464 775.61047106981277 498.84741547703743 165.21757957339287 250.33928829431534 89.4349564909935 416.22583225369453 1358.3539094924927 156.38517233729362 256.66458204388618 85.44484356045723 63.081828236579895 92.487777858972549 2812.0855549275875 165.65797939896584 2366.4965082406998 134.0343160033226 662.99432918429375 72.566938877105713 83.160154670476913 53.388586461544037
leaf_count=7106 2096 547 73 74 478 334 175 482 77 688 2046 152 246 94 54 122 4271 160 4027 62 611 73 114 87
internal_value=0.00127453 -0.000296986 -0.00201706 -0.00310121 -0.00194353 0.000320952 -0.00271593 0.00172441 0.00115969 0.000202932 0.000676055 0.00153728 0.000243559 -0.00449188 0.00173354 0.000199414 0.00191002 0.00137669 0.00197279 0.00174494 0.000934843 0.00195606 0.00110147 0.00200411
internal_weight=21651.1 4809.5 2487.22 1704.67 1572.65 782.549 283.702 16841.6 5167.45 1949.46 1774.58 2322.28 578.708 174.88 3217.99 342.827 2875.17 422.323 11674.1 3216.91 797.029 1743.57 155.727 2419.89
internal_count=24249 4522 1681 1099 1025 582 248 19727 7834 2905 2734 2841 558 171 4929 604 4325 406 11893 4787 673 2283 187 4114
is_linear=0
shrinkage=0.0424476


Tree=35
num_leaves=20
num_cat=0
split_feature=6 8 7 3 6 8 6 3 8 3 7 8 3 9 3 8 7 8 8
split_gain=4.3497 7.86734 3.01766 4.57037 2.90605 2.23142 1.41776 1.24053 0.854948 0.610636 0.660296 0.154604 0.179897 0.135409 0.0962394 0.242365 0.451481 0.115424 0.670239
threshold=-0.5 4.0509473958312698 4.2700000000000022 3.432331232828854 0.49639083095641179 8.4749999999999996 0.49639083095641179 1.5401015026853102 8.6400000000000006 8.0950000000000006 2.9900000000000007 2.2579689752237351 4.7830684297235804 3.1844923219229533 6.2634685979117801 3.1199999999999997 2.9149999999999996 6.3200000000000029 6.4019224842663931
decision_type=2 2 2 2 2 2 2 2 2 2 2 2 2 2 2 2 2 2 2
left_child=9 11 3 5 -5 -3 8 -8 -4 14 -11 -2 13 -13 17 -16 -17 -1 -19
right_child=1 2 6 4 -6 -7 7 -9 -10 10 -12 12 -14 -15 15 16 -18 18 -20
leaf_value=0.098430456942091182 0.075317959661530834 0.0010939632631412461 0.020461072881247214 -0.031038835492710339 -0.0090260145814294868 -0.0659061737518854 0.025044496448030897 -0.0039765997497554157 -0.00043148424341183609 0.041641244618893465 -0.0069982668749585938 0.0060305561750128309 0.026354064560302055 0.098394696384596039 0.089559455653700715 -0.013130964579506695 0.037350679613036265 -0.029109350527329179 0.12827390925666782
leaf_weight=7096.192628890276 3832.2035592496395 1478.095016092062 1186.9976217150688 530.03821465373039 333.78853523731232 51.224503189325333 323.91207244992256 1872.2639316916466 707.31402495503426 60.135668694972992 55.612902402877808 807.68543556332588 644.75707474350929 368.67433524131775 215.16461333632469 62.935898631811142 79.016130208969116 95.305419683456421 1849.7535285353661
leaf_count=5820 5330 2599 1348 449 532 39 504 2180 431 127 45 1326 547 613 391 87 93 68 1720
internal_value=0.0012275 0.000692418 -0.000314291 -0.0015131 -0.0039819 -0.000106481 0.000382548 -0.000344812 0.00123559 0.00190815 -0.001054 0.00185026 0.00148755 0.00113961 0.00194661 0.00113142 -0.00010964 0.00197676 0.00163786
internal_weight=21651.1 12137 6483.63 2393.15 863.827 1529.32 4090.49 2196.18 1894.31 9514.12 115.749 5653.32 1821.12 1176.36 9398.37 357.117 141.952 9041.25 1945.06
internal_count=24249 15898 8082 3619 981 2638 4463 2684 1779 8351 172 7816 2486 1939 8179 571 180 7608 1788
is_linear=0
shrinkage=0.0424476


Tree=36
num_leaves=22
num_cat=0
split_feature=5 8 8 8 5 0 9 4 5 8 9 8 0 4 4 8 0 8 4 8 8
split_gain=7.22653 4.10996 1.97471 0.89329 1.11567 2.06767 1.64893 0.894252 0.859275 2.67789 0.892073 0.237603 0.359089 0.212122 0.175976 0.443422 0.110173 0.0905757 0.269105 0.342528 0.0613758
threshold=0.70436907356351874 2.2000000000000015 10.490000000000002 6.1200000000000037 -1.0000000180025095e-35 2.1098272853606341e-05 1.4801675009391817 1014.6500000000002 0.96561987442640917 5.6100000000000021 0.94509207671869089 6.2520641185720081 -0.49995103227427445 1009.8013827846574 1011.6012981907139 4.5200000000000022 -0.70710678118654757 1.9200000000000002 1007.6034572343341 2.0450000000000004 2.4700000000000011
decision_type=2 2 2 2 2 2 2 2 2 2 2 2 2 2 2 2 2 2 2 2 2
left_child=3 17 8 7 11 6 -6 14 10 -10 -3 12 -5 -7 20 -16 -13 -2 -19 -20 -1
right_child=1 2 -4 4 5 13 -8 -9 9 -11 -12 16 -14 -15 15 -17 -18 18 19 -21 -22
leaf_value=0.083400970572793331 0.069395346909987679 -0.0067472913701120598 -0.033863501556364119 -0.010093799609982513 -0.013158209202125003 -0.0071911517237598036 0.021688540638948331 -0.0049895251872408277 -0.020948332809391183 -0.0019811648471116492 0.0093820097100703777 0.016873805673253413 0.13200728769251133 0.01748519950790705 -0.0062333232741143023 0.036569389913075206 0.067269499147749337 0.087415610658361009 -0.013373812946694324 0.06461545392009152 0.046391272938839524
leaf_weight=4934.377103894949 1165.6439770758152 1490.3743927180767 227.08159998059273 106.74560153484344 368.00069004297256 174.12312260270119 128.20603597164154 77.941513687372208 761.61482620239258 1119.6158838272095 908.94396290183067 950.87085184454918 110.61057838797569 769.29293709993362 272.92454439401627 372.54914039373398 1336.0215542018414 232.06444695591927 58.398288428783417 52.942075073719025 5800.1132025718689
leaf_count=5945 1971 1561 93 148 341 171 119 88 1091 929 1052 1362 41 743 405 437 1274 193 103 72 6157
internal_value=0.00115862 -8.59281e-05 -0.000730771 0.00164601 0.00108346 0.000127814 -0.00207596 0.00183802 -0.000521251 -0.0012005 3.6143e-06 0.00162544 0.000185898 0.00130657 0.00187001 0.001117 0.00175416 0.00182798 0.00109533 -0.000491038 0.00191356
internal_weight=21418.5 6016.68 4507.63 15401.8 3943.87 1439.62 496.207 11457.9 4280.55 1881.23 2399.32 2504.25 217.356 943.416 11380 645.474 2286.89 1509.05 343.405 111.34 10734.5
internal_count=24296 7065 4726 17231 4199 1374 460 13032 4633 2020 2613 2825 189 914 12944 842 2636 2339 368 175 12102
is_linear=0
shrinkage=0.0424476


Tree=37
num_leaves=25
num_cat=0
split_feature=2 2 2 3 6 6 2 2 9 9 6 2 9 6 3 3 2 2 2 6 7 3 9 3
split_gain=8.53021 2.74265 8.84553 4.54571 7.85264 2.11029 1.82019 2.93395 2.90439 5.78249 1.03586 1.14881 0.559986 0.515656 0.59038 0.504581 0.565433 4.09006 0.311828 0.0675277 0.3646 0.0397209 0.0239462 0.0563568
threshold=0.85651926849515192 0.99370977118463066 0.98662138620987927 2.7206933245409366 1.0000000180025095e-35 0.70137043877975058 0.17553149042142802 0.22611568550828817 1.0512933744757709 -0.58263825644615597 -0.70710678118654757 0.91925191855388755 -3.5547321075495524 -0.5 1.9200914792203327 1.7638046005565453 -0.49002866642905923 -0.42882523534942024 0.97690230611205509 -0.2589913477455501 3.4350000000000009 5.250109314536811 -1.6821905164697843 3.9468898213812458
decision_type=2 2 2 2 2 2 2 2 2 2 2 2 2 2 2 2 2 2 2 2 2 2 2 2
left_child=6 2 10 5 -5 -4 15 8 9 -8 18 -12 -3 21 -15 16 -1 -18 -2 -17 -21 -9 23 -14
right_child=1 12 3 4 -6 -7 7 13 -10 -11 11 -13 22 14 -16 19 17 -19 -20 20 -22 -23 -24 -25
leaf_value=0.064586011957741593 0.064915228852546733 -0.022007211967740106 0.01509896423182331 -0.026779943196375559 -0.050399864365652414 -0.017005425413819279 -0.0089657401637756717 0.078244223826142864 0.0014496059214514434 -0.033204979996673316 -0.0087751810397466625 -0.0017774617521196089 0.018615664798720403 0.032166575165958521 0.0011331440445019878 0.10287970675045967 -0.014701101935445122 0.024659729499889628 -0.0048110245893584541 0.059945350591330021 0.01087235626870969 0.019110010110981814 0.023067047401237252 -0.016309205772714559
leaf_weight=558.96557721495628 481.78802275657654 109.82640141248703 109.67083927989006 123.53834554553032 108.16623422503471 91.142354339361191 103.89604136347771 1390.7148870229721 151.00841215252876 91.697417765855789 821.57888397574425 1794.7451714873314 126.05311238765717 687.14192646741867 1784.8767983019352 6543.6606269180775 70.515651077032089 543.5531370639801 79.34102189540863 3891.7626004517078 885.01731586456299 105.90137824416161 645.07526740431786 118.81890517473221
leaf_count=694 634 46 135 115 65 75 141 1932 184 97 824 1420 94 1313 2916 4679 83 729 99 5196 1840 211 666 108
internal_value=0.00118781 -0.000426592 -0.000974611 -0.00667091 -0.0107396 -0.00188379 0.00163166 0.000872071 -0.00285736 -0.0062898 -0.000193374 -0.000553447 0.00153365 0.00120245 0.000812403 0.00189254 0.00102133 0.000100168 0.00145248 0.00198118 0.00182591 0.00183433 0.00189494 0.00129583
internal_weight=21418.5 4609.74 3609.97 432.518 231.705 200.813 16808.7 4315.24 346.602 195.593 3177.45 2616.32 999.774 3968.63 2472.02 12493.5 1173.03 614.069 561.129 11320.4 4776.78 1496.62 889.947 244.872
internal_count=24296 4281 3367 390 180 210 20015 6794 422 238 2977 2244 914 6372 4229 13221 1506 812 733 11715 7036 2143 868 202
is_linear=0
shrinkage=0.0424476


Tree=38
num_leaves=20
num_cat=0
split_feature=2 6 1 1 3 2 3 2 3 2 3 4 1 2 4 1 6 3 2
split_gain=7.43242 3.4938 3.38719 2.79814 2.15632 1.53609 1.16865 1.07923 0.72668 1.12129 0.312771 0.576165 1.78852 2.5097 0.152938 0.116137 0.0616285 0.12538 0.0423276
threshold=1.0000000180025095e-35 -0.5 -0.098819223632317363 -0.12647779982076676 1.8815595933400064 0.055916990100603255 8.0950000000000006 0.022251639205167883 6.2634685979117801 0.98337410965167582 3.1118508348071221 1006.9001169302691 0.86753754618373868 -0.40175069836505656 1005.3033963790029 -0.99865756837029884 -0.5 2.9923900646450159 -0.99348681298364305
decision_type=2 2 2 2 2 2 2 2 2 2 2 2 2 2 2 2 2 2 2
left_child=10 7 3 4 -3 -4 -7 -2 14 -10 11 12 18 -14 -9 -12 -13 -18 -1
right_child=1 2 5 -5 -6 6 -8 8 9 -11 15 16 13 -15 -16 -17 17 -19 -20
leaf_value=0.011105993675895383 -0.069809388254398974 0.0099905133879471201 -0.044508478912398383 -0.028373382319340119 -0.0084518958179858172 0.0065971408215168906 -0.039239167708026892 -0.0051552925945112724 0.02327870603454232 -0.011150433904782191 0.0051613706420119507 0.13040235145231885 -0.017792615237786545 0.068775855171439124 0.066534956616059404 0.075184792787069826 0.021967122211522815 -0.0010325560505892865 0.048276158511604952
leaf_weight=79.948664575815201 124.26440140604973 624.10560512542725 122.84392556548119 114.71263334155083 2303.9793185889721 3385.9280788004398 153.02391368150711 73.175289481878281 145.56299233436584 82.454705953598022 100.38774055242538 1654.9589157998562 95.238781720399857 108.56772470474243 2954.2949809730053 7830.7101689279079 1141.2988385856152 75.572539985179901 544.54264774918556
leaf_count=144 82 1089 108 93 2750 4173 91 89 195 74 137 944 81 93 3774 7489 2118 129 773
internal_value=0.00116521 0.000319618 -0.000238981 -0.00128762 -0.00102553 0.000627337 0.000793692 0.00143322 0.00158485 -0.000667804 0.00189674 0.00155339 0.000535167 -0.00288422 0.00176063 0.00205459 0.00184061 0.0015429 0.00168079
internal_weight=21715.6 10084.3 6704.59 3042.8 2928.08 3661.8 3538.95 3379.75 3255.49 228.018 11631.2 3700.13 828.298 203.807 3027.47 7931.1 2871.83 1216.87 624.491
internal_count=24426 12518 8304 3932 3839 4372 4264 4214 4132 269 11908 4282 1091 174 3863 7626 3191 2247 917
is_linear=0
shrinkage=0.0424476


Tree=39
num_leaves=20
num_cat=0
split_feature=5 8 6 8 7 7 8 8 6 7 7 7 5 8 8 6 7 7 7
split_gain=7.98479 4.64502 3.9029 1.76296 1.46075 0.883148 0.636109 1.01948 0.369743 0.542646 0.351378 0.210334 0.173878 0.129913 0.35387 0.117708 0.0757146 0.00921155 0.0267304
threshold=0.49822133722136902 2.2000000000000015 -0.2589913477455501 9.5950000000000024 2.6649999999999996 5.648407078361152 6.835 6.8931107951410651 0.25423941463970728 7.950000000000002 3.9500000000000015 1.8600000000000014 0.25881904510252091 2.4700000000000011 2.53575660427077 0.96327418017081945 7.6300000000000017 1.3722398745496414 1.4900000000000004
decision_type=2 2 2 2 2 2 2 2 2 2 2 2 2 2 2 2 2 2 2
left_child=6 11 5 4 -4 10 13 -8 12 -10 -3 17 -9 -1 -15 -16 -5 -2 -19
right_child=1 2 3 16 -6 -7 7 8 9 -11 -12 -13 -14 14 15 -17 -18 18 -20
leaf_value=0.076949098569626548 0.062186278152422086 0.006218229857825542 -0.0063410344142917031 -4.7275630024157055e-05 -0.016490229843481936 -0.036388063628798116 -0.024813340369059592 0.10454586496453203 0.004093271444463256 -0.0016985369059856804 0.038602812972813545 -0.0099453008219275614 0.044674522257205411 -0.024908125875647589 0.053144192450759617 0.0045026871137550791 -0.0079762707345400266 0.02441766645426733 0.038721435413175062
leaf_weight=4578.8263129293919 1679.9827856421471 1478.5308260917664 1004.731043279171 289.89698696136475 2183.6438314318657 100.3773929476738 118.54663550853729 1018.9413093030453 667.7172923386097 196.13688823580742 546.38263300061226 65.631756395101547 175.65556520223618 173.29686510562897 6189.7685691714287 761.78017419576645 211.99247595667839 70.65010067820549 203.08242347836494
leaf_count=5535 2590 1592 1549 114 2276 67 116 1168 824 200 349 50 166 135 5887 1371 98 118 221
internal_value=0.00114574 5.98884e-05 -0.000546699 -0.00138319 -0.00175332 0.000897031 0.0017573 0.00107105 0.0012976 0.000595965 0.00109637 0.00181597 0.00178946 0.00188337 0.00175262 0.00179998 0.000931253 0.00189713 0.00136571
internal_weight=21715.6 7834.9 5815.56 3690.26 3188.37 2125.29 13880.7 2177 2058.45 863.854 2024.91 2019.35 1194.6 11703.7 7124.85 6951.55 501.889 1953.72 273.733
internal_count=24426 9024 6045 4037 3825 2008 15402 2474 2358 1024 1941 2979 1334 12928 7393 7258 212 2929 339
is_linear=0
shrinkage=0.0424476


Tree=40
num_leaves=25
num_cat=0
split_feature=2 0 1 2 1 2 2 1 1 2 1 1 1 2 0 2 8 2 2 8 2 0 7 1
split_gain=9.53186 5.1144 2.90167 5.6167 7.84212 2.05613 2.96467 1.57311 2.99799 1.30353 1.4754 4.90468 5.14063 1.11202 0.789026 0.859388 0.678558 0.351784 1.30555 0.319191 0.268074 0.247869 0.422071 0.1636
threshold=0.83659302679211223 0.49746467839286013 0.1714926119571353 0.99370977118463066 -0.12647779982076676 0.91925191855388755 0.88669092404404137 -0.25495596846646384 -0.27987374920143959 -0.033168202209087554 -0.96683886033945943 -0.98370018436603723 -0.97873101657557326 0.87377473702374975 0.25803921652259554 0.055916990100603255 8.6400000000000006 0.98662138620987927 0.99370977118463066 4.5200000000000022 -0.012910296075008829 0.96431984276722771 3.892123922156641 -0.47105904330480614
decision_type=2 2 2 2 2 2 2 2 2 2 2 2 2 2 2 2 2 2 2 2 2 2 2 2
left_child=9 7 3 4 -3 6 -4 8 13 19 11 20 -13 -2 -12 -16 -5 -9 -19 -1 -11 23 -23 -21
right_child=1 2 5 16 -6 -7 -8 17 -10 10 14 12 -14 -15 15 -17 -18 18 -20 21 -22 22 -24 -25
leaf_value=0.067008048235237247 -0.0094751477678630125 -0.023699041102760575 0.0061772213652996283 0.019376334876739936 -0.042141646503426167 0.0085044842527620349 -0.042308391968997619 0.020138079303244731 -0.0053941274329633053 -0.011245110310394399 0.05179421655532325 -0.017621192496206996 -0.0082371729763904243 0.009950617878907669 -0.029037299567506943 0.0090383768441694348 -0.019961161977101731 -0.012494433299284192 0.038373194756482598 0.01533235974852719 0.049527059301339986 0.01580225770292857 -0.017805459462236665 0.069375994057538456
leaf_weight=7098.6692660152912 160.0599493086338 1014.7807185351849 142.99016752839088 332.35807234048843 194.24190098047256 469.38236039876938 164.10474196076393 1032.4591322541237 98.937384247779846 57.468611747026443 2506.8758882582188 66.173204809427261 117.75305107235909 391.90024906396866 264.29454377293587 2186.2827503681183 169.50988259911537 212.79187521338463 465.01136815547943 866.67792689800262 385.27132320404053 243.36713781952858 58.991272181272507 3031.5935229063034
leaf_count=7529 169 656 169 269 123 327 104 1219 85 134 3772 69 192 565 135 3093 74 255 541 1250 748 474 34 2355
internal_value=0.00116605 -0.000489905 -0.00183559 -0.00281334 -0.00438302 0.000294965 -0.00237747 0.000919865 -0.000837539 0.0016427 0.00110421 -0.000818084 -0.00666351 0.000350166 0.00135094 0.000796139 0.000931202 0.00159953 0.000803119 0.00190717 0.00156857 0.00159476 0.00034463 0.00168697
internal_weight=21731.9 4848.53 2487.37 1710.89 1209.02 776.477 307.095 2361.16 650.898 16883.4 5584.12 626.666 183.926 551.96 4957.45 2450.58 501.868 1710.26 677.803 11299.3 442.74 4200.63 302.358 3898.27
internal_count=24341 4556 1722 1122 779 600 273 2834 819 19785 8143 1143 261 734 7000 3228 343 2015 796 11642 882 4113 508 3605
is_linear=0
shrinkage=0.0424476


Tree=41
num_leaves=25
num_cat=0
split_feature=2 5 2 2 7 3 6 7 2 3 6 2 2 3 5 2 2 7 7 6 5 3 2 5
split_gain=7.90644 6.01799 2.42747 4.68923 2.80214 1.60253 1.97369 1.2596 1.80701 0.668346 0.627358 0.956481 0.450785 0.327994 0.253977 0.253596 0.345441 0.633012 0.159852 0.329041 0.195488 0.132268 0.115574 0.0720006
threshold=0.83659302679211223 0.49822133722136902 0.99370977118463066 0.98662138620987927 3.892123922156641 3.0707466034808912 1.0000000180025095e-35 3.5624569246339246 0.49889468935047204 3.5520353002532512 0.96327418017081945 0.88669092404404137 0.77232729489588492 2.5230242812024986 0.86340693121644818 0.19311121294034192 0.24287861226725038 2.6000000000000001 8.3950000000000014 -0.0012368598000733007 0.25881904510252091 1.2501702724814445 0.61595474094623837 0.25881904510252091
decision_type=2 2 2 2 2 2 2 2 2 2 2 2 2 2 2 2 2 2 2 2 2 2 2 2
left_child=5 10 3 4 -3 6 14 12 -9 -4 18 -12 -8 -13 23 -7 17 -17 20 -20 -2 -16 -18 -1
right_child=1 2 9 -5 -6 15 7 8 -10 -11 11 13 -14 -15 21 16 22 -19 19 -21 -22 -23 -24 -25
leaf_value=0.079531802963102763 0.041219068290371384 -0.023682245281220614 -0.019128614756243691 -0.022766443056130757 -0.0037679745068450472 0.067789346932364311 0.018071285872673842 -0.0040546821512210856 0.012590115470334432 0.013483733581894364 -0.012902844443067704 -0.0031116506105060763 -0.020911310785702863 0.0062471409767415331 -0.013823219147774977 -0.016616016957360223 0.034499359611563314 0.032382469153594759 0.12480561760716019 -0.0016341494581448353 -0.0014632476888692598 0.0039440642636625629 0.013523816778076741 0.071389341897564865
leaf_weight=2518.5462030768394 1270.7711066007614 712.61121094226837 169.08100941777229 248.48569914698601 1093.5051757097244 8651.9485732018948 1059.8913729786873 979.25583937764168 405.17109206318855 316.98262792825699 92.75058913230896 300.60152703523636 62.432195335626602 213.4663659632206 109.27044078707695 68.316583186388016 814.76347625255585 83.981264889240265 149.43732082843781 129.77410262823105 151.06106725335121 363.93270540237427 702.4030629992485 1063.5056895017624
leaf_count=2352 1694 691 89 145 538 8475 2019 1807 637 243 103 251 85 213 161 97 1381 88 262 142 185 564 1176 943
internal_value=0.00115859 -0.000349125 -0.00177738 -0.00241801 -0.00165283 0.00159267 0.00106764 0.000123309 -0.000725133 0.000892472 0.00121519 1.23898e-05 0.00118639 0.000758546 0.00164682 0.00192466 0.00140787 -0.000425371 0.00163337 0.000601322 0.00182301 0.00065841 0.0016041 0.00177222
internal_weight=21731.9 4848.53 2540.67 2054.6 1806.12 16883.4 6562.01 2506.75 1384.43 486.064 2307.86 606.818 1122.32 514.068 4055.26 10321.4 1669.46 152.298 1701.04 279.211 1421.83 473.203 1517.17 3582.05
internal_count=24341 4556 1706 1374 1229 19785 8568 4548 2444 332 2850 567 2104 464 4020 11217 2742 185 2283 404 1879 725 2557 3295
is_linear=0
shrinkage=0.0424476


Tree=42
num_leaves=23
num_cat=0
split_feature=2 5 6 3 3 2 6 2 3 6 2 2 2 2 5 3 6 2 3 5 3 6
split_gain=6.90154 8.58567 1.85109 2.40225 2.99003 1.3747 1.30294 0.884263 0.668214 1.50867 2.86284 13.3876 0.520043 2.36123 0.362278 0.148578 0.178268 0.157738 0.0671249 0.0377623 0.162072 0.0128805
threshold=1.0000000180025095e-35 0.25810558179186288 -0.5 1.592518887368058 4.5203481616153427 0.055916990100603255 0.96327418017081945 0.95493138204271821 2.2010900737380514 0.25881904510252057 -0.49002866642905923 -0.44437817810461328 0.88669092404404137 0.85651926849515192 0.99886859755332902 3.693596533755656 -0.2589913477455501 -0.070272765380790705 2.5230242812024986 0.86340693121644818 1.2501702724814445 0.25423941463970728
decision_type=2 2 2 2 2 2 2 2 2 2 2 2 2 2 2 2 2 2 2 2 2 2
left_child=8 6 5 14 -5 -3 21 -7 9 19 -11 -12 13 -8 -4 16 -10 -18 -14 -1 -21 -2
right_child=1 2 3 4 -6 7 12 -9 15 10 11 -13 18 -15 -16 -17 17 -19 -20 20 -22 -23
leaf_value=0.07252495955520849 0.063662969098126826 -0.054832099550140193 0.0091541419984406437 -0.011244698732891464 -0.00039154710353400592 0.053725507238347479 -0.001395237195795325 -0.0084783828221970444 0.090662463008200203 0.039110591129349441 -0.01650894158277268 0.022901790017345786 -0.00093067045833281872 -0.0041122961490664706 -0.028115779058337387 0.065372383950619117 0.018029772482834813 -0.0085356914069817155 -0.014741782934299962 -0.00022972363951824937 0.014964072837596454 0.011666861842780639
leaf_weight=914.09010922908783 2877.1480778455734 80.596023708581924 481.13502284884453 2365.4080232381821 1089.5088932514191 880.9757191836834 332.27337110042572 312.6858104467392 2309.7559476792812 245.5815809071064 56.883019328117371 144.88765072822571 196.16041976213455 45.211303323507309 98.529621958732605 6433.7298948764801 1266.0300439298153 56.101965010166168 125.08385625481606 76.794099509716034 130.14139315485954 1149.7959943115711
leaf_count=850 3695 56 593 2453 945 1211 655 288 1486 522 41 342 176 44 101 6247 2101 99 143 123 218 2023
internal_value=0.00108301 0.000265141 -0.000904091 -0.00135078 -0.00177717 0.000495692 0.00158258 0.000871156 0.00178684 0.000948177 -0.00111046 -0.0048827 -8.42885e-05 -0.00117699 0.00115861 0.00191567 0.0016697 0.00123539 0.00114208 0.00178621 0.00104326 0.0018764
internal_weight=21668.5 10034.5 5308.84 4034.58 3454.92 1274.26 4725.67 1193.66 11634 1568.38 447.352 201.771 698.729 377.485 579.665 10065.6 3631.89 1322.13 321.244 1121.03 206.935 4026.94
internal_count=24412 12383 5647 4092 3398 1555 6736 1499 12029 2096 905 383 1018 699 694 9933 3686 2200 319 1191 341 5718
is_linear=0
shrinkage=0.0424476


Tree=43
num_leaves=23
num_cat=0
split_feature=2 0 2 2 3 3 3 2 2 0 6 9 3 2 0 9 2 9 3 3 3 6
split_gain=7.46117 4.2204 2.54296 2.59105 4.77164 3.20183 1.82725 1.44213 10.2383 0.974319 0.96767 0.831098 0.794837 0.708598 0.323176 0.470308 0.442527 0.246163 0.183296 0.752518 0.150976 0.243894
threshold=0.7935716089521474 0.25803921652259554 0.99548449742306455 0.98662138620987927 2.872235228790387 4.5203481616153427 2.4038215150845104 -0.49002866642905923 -0.47455242346904358 0.49746467839286013 0.96327418017081945 1.0512933744757709 3.991800546233764 0.19311121294034192 0.49746467839286013 -0.81085436101070829 0.22611568550828817 -1.6821905164697843 2.2810891114685004 1.9650000000000001 4.0434714921013652 -0.2589913477455501
decision_type=2 2 2 2 2 2 2 2 2 2 2 2 2 2 2 2 2 2 2 2 2 2
left_child=6 10 3 5 -5 -3 7 -1 -9 -10 18 12 -12 20 16 -16 -15 -4 19 -2 21 -8
right_child=1 2 17 4 -6 -7 13 8 9 -11 11 -13 -14 14 15 -17 -18 -19 -20 -21 -22 -23
leaf_value=0.049762975257611093 0.020437712669990123 -0.0098899584360404406 -0.018171542882767157 -0.016376985670271984 -0.01984739057508398 0.0029324668679915141 0.093496715701221103 -0.015808175890774764 0.015221113672052625 -0.0047683960036016384 -0.0039407139240246261 0.018121408362892995 -0.00049277221688349168 -0.031850886603742704 0.027679709135560338 -0.0047596898656952526 0.044824355358813676 0.021364001758659403 0.034540062059162421 -0.00087082330915651848 0.063514768529979296 0.017264451100652386
leaf_weight=1146.2554832696915 423.23766893148422 1342.6333527266979 134.98146715760231 143.59814244508743 217.87075877189636 822.62200358510017 3121.9306035637856 72.649136453866959 1577.0788504481316 1024.3846388459206 335.72594800591469 188.546670794487 97.476063132286072 94.934895068407059 284.36232361197472 601.52567106485367 1126.9340431988239 342.90830221772194 989.36588868498802 137.26455947756767 5858.8731781840324 1583.3481919467449
leaf_count=1523 555 1100 75 105 145 620 1995 66 2416 1449 268 261 107 88 385 965 1961 273 1352 203 5865 2635
internal_value=0.00108191 -0.000321108 -0.00135431 -0.00189456 -0.00523887 -0.00132769 0.00152338 0.000701585 0.000154102 0.000599909 0.00109988 -0.000289603 -0.00133936 0.00176968 0.00103958 0.000393505 0.00149284 0.0014634 0.00166924 0.00098921 0.00191359 0.00171079
internal_weight=21668.5 5176.23 3004.61 2526.72 361.469 2165.26 16492.3 3820.37 2674.11 2601.46 2171.62 621.749 433.202 12671.9 2107.76 885.888 1221.87 477.89 1549.87 560.502 10564.2 4705.28
internal_count=24412 5064 2318 1970 250 1720 19348 5454 3931 3865 2746 636 375 13894 3399 1350 2049 348 2110 758 10495 4630
is_linear=0
shrinkage=0.0424476


Tree=44
num_leaves=25
num_cat=0
split_feature=5 9 1 1 3 1 1 3 1 1 3 1 1 1 1 1 1 4 3 1 1 4 4 1
split_gain=5.63159 2.62639 3.32613 1.97928 1.77745 2.55382 1.5549 0.857946 1.31154 4.55698 0.68027 1.37409 1.43299 0.823333 1.71523 0.530823 0.311249 0.357658 0.203009 0.728298 1.78727 0.13186 0.120988 0.510301
threshold=0.70436907356351874 1.1587051583387162 0.99466160899732492 -0.068345573889994418 2.442984391917713 0.1714926119571353 0.41882333404999644 4.5726030805937574 -0.27987374920143959 -0.25495596846646384 2.4038215150845104 0.39376516476197765 0.62244429004997459 -0.17806817010454204 -0.23023710584653345 -0.85654306401281477 -0.97310932590074073 1005.3033963790029 2.2010900737380514 0.86753754618373868 0.90405093247213386 1010.301597619405 1011.5061962599751 0.1714926119571353
decision_type=2 2 2 2 2 2 2 2 2 2 2 2 2 2 2 2 2 2 2 2 2 2 2 2
left_child=3 2 4 7 6 -6 -2 8 15 -10 11 -3 -13 14 -12 -1 17 -9 19 -5 -21 -15 -20 -24
right_child=1 10 -4 18 5 -7 -8 16 9 -11 13 12 -14 21 -16 -17 -18 -19 22 20 -22 -23 23 -25
leaf_value=0.001690596925656297 0.0076979438336829591 0.034009754956340663 -0.031877735071479056 0.03809218720196602 -0.013592444284985357 0.0048282000470027311 -0.0078063284805572645 -0.030116647493826528 -0.02187443262900304 0.0006826147521418809 0.0073992695375791756 -0.010183286676631152 -0.0010251821021231146 0.066635315708107337 -0.018155858908296924 0.010230527785830754 0.036195155460500908 0.036994772225721763 0.073581962200062287 -0.018729371266794945 0.013802121250079206 0.017475413574879483 -0.0065544582655978319 0.054858776208985875
leaf_weight=1422.1386236250401 789.8053771853447 256.96433591842651 83.997776389122009 1245.555526137352 1397.9640554487705 569.42208784818649 320.43017387390137 39.390415161848068 92.051542282104492 531.64975741505623 605.20227932929993 67.943472594022751 251.78250488638878 1187.4788973331451 65.452182978391647 1984.7133310139179 1200.4419102370739 62.029939115047455 7750.3270267546177 89.630108565092087 456.82694944739342 358.54397654533386 244.91727930307388 692.96318873763084
leaf_count=2394 923 438 45 1508 1181 529 435 98 89 666 1358 80 327 1228 34 2929 2091 166 5865 106 462 373 247 829
internal_value=0.00114837 3.26292e-05 -0.000802067 0.00156739 -0.000568176 -0.00133797 0.000779253 0.000895043 0.00058231 -0.00119444 0.000983992 -0.000288561 -0.00217393 0.00132341 5.2692e-05 0.000913023 0.00184902 -0.000251867 0.00190771 0.00145661 0.00012814 0.00186266 0.00199862 0.00146947
internal_weight=21767.6 5954.99 3161.62 15812.6 3077.62 1967.39 1110.24 5332.42 4030.55 623.701 2793.37 576.69 319.726 2216.68 670.654 3406.85 1301.86 101.42 10480.2 1792.01 546.457 1546.02 8688.21 937.88
internal_count=24401 6951 3113 17450 3068 1710 1358 8433 6078 755 3838 845 407 2993 1392 5323 2355 264 9017 2076 568 1601 6941 1076
is_linear=0
shrinkage=0.0424476


Tree=45
num_leaves=20
num_cat=0
split_feature=2 5 2 3 6 3 3 6 2 2 3 6 2 2 3 6 0 2 3
split_gain=6.11054 6.74662 2.46326 7.40242 2.1205 2.17546 0.964423 0.548042 0.591116 1.60539 0.403698 0.651285 0.756357 6.75822 0.219784 0.123646 0.0499362 0.141929 0.0304529
threshold=1.0000000180025095e-35 0.25810558179186288 0.055916990100603255 1.7638046005565453 -0.2589913477455501 1.592518887368058 6.1505404229826022 0.86502983325015059 0.22611568550828817 0.14166842235589353 3.7301007904183989 -0.2589913477455501 -0.49002866642905923 -0.47455242346904358 1.9650000000000001 -0.25786289340275365 -0.86568060326902374 0.22611568550828817 4.9902032833865286
decision_type=2 2 2 2 2 2 2 2 2 2 2 2 2 2 2 2 2 2 2
left_child=10 7 3 -3 6 -6 -4 16 9 -9 11 -1 15 -14 -10 -13 17 -2 -18
right_child=1 2 4 -5 5 -7 -8 8 14 -11 -12 12 13 -15 -16 -17 18 -19 -20
leaf_value=0.084860290612330122 0.0016188350674804406 -0.030778228645770775 0.0067472391477119585 0.062504362140914996 0.0022393998320829368 -0.0083152855847085805 -0.0097365246637164757 0.020239851141225774 0.0058586135071162964 -0.018426664679807362 0.059854283359906134 0.0097302234361469463 -0.014342138349092617 0.0093774996886807471 4.1438931666478048e-05 0.024545999072772599 0.073737685836351444 0.033672574701126126 0.039243812096183064
leaf_weight=3184.8573988378048 181.79471850395203 94.54900661110878 1475.9472293555737 121.76231601834297 477.99328741431236 2961.3064330220222 271.5219107568264 77.056667625904083 282.17453241348267 51.565503180027008 6337.7208064198494 193.81979838013649 73.553005218505859 585.7229191660881 595.42459937930107 1268.265021443367 1922.9985280036926 1314.5602491497993 295.02878722548485
leaf_count=2185 371 64 1777 146 584 2880 270 153 440 72 6093 350 65 1174 884 2093 2307 2158 335
internal_value=0.00114717 0.000382121 -0.0006397 -0.00508603 -0.000450687 -0.00106469 0.000747175 0.00155559 0.000647685 -0.00199032 0.00181074 0.00152368 0.000930289 -0.000239335 0.00105544 0.00147035 0.00179655 0.00154169 0.00196013
internal_weight=21767.6 10123.7 5403.08 216.311 5186.77 3439.3 1747.47 4720.6 1006.22 128.622 11643.9 5306.22 2121.36 659.276 877.599 1462.08 3714.38 1496.35 2218.03
internal_count=24401 12441 5721 210 5511 3464 2047 6720 1549 225 11960 5867 3682 1239 1324 2443 5171 2529 2642
is_linear=0
shrinkage=0.0424476


Tree=46
num_leaves=23
num_cat=0
split_feature=2 0 2 1 1 2 1 2 2 1 1 1 9 3 0 2 1 1 1 2 3 3
split_gain=8.18197 6.03968 3.91237 4.15231 8.80112 4.35939 1.97275 2.23286 6.20951 2.49946 0.993892 2.8508 0.747038 0.607232 0.344176 1.06509 0.180891 0.16612 0.816806 0.15224 0.0500963 0.234333
threshold=0.85651926849515192 0.25803921652259554 0.99370977118463066 0.1714926119571353 0.12332438255465399 0.91925191855388755 -0.85654306401281477 0.17553149042142802 0.19311121294034192 -0.88203985695844955 -0.25495596846646384 -0.27987374920143959 -2.8458729305682122 3.991800546233764 0.69601821493876959 1.0000000180025095e-35 -0.047406159029233223 -0.71748210095375242 -0.73395428414357544 0.87377473702374975 2.6450000000000005 4.0434714921013652
decision_type=2 2 2 2 2 2 2 2 2 2 2 2 2 2 2 2 2 2 2 2 2 2
left_child=6 10 3 4 -3 -5 7 20 -9 -10 11 19 -4 14 16 -16 -8 18 -15 -2 -1 -22
right_child=1 2 12 5 -6 -7 13 8 9 -11 -12 -13 -14 17 15 -17 -18 -19 -20 -21 21 -23
leaf_value=0.02811048345365038 -0.0021964700724196626 -0.019867558765178504 -0.024555359697593954 -0.0097251611309376838 -0.036272087730592387 0.014512725359383716 0.019493780110062437 -0.016026695434504336 0.01222795619642042 -0.027610151884152771 0.022378896278782482 -0.012801803833663732 0.014984310434695565 0.046333249910318126 0.047447128260517571 -0.0027780364375746434 0.047400509719195023 0.058883209373944798 -0.014505301991656533 0.0050768031107513512 0.0013656193177870358 0.031720652716659463
leaf_weight=616.83236458897591 73.529560297727585 1214.3060528635979 120.95188683271408 321.51640114188194 140.03848847746849 540.24855375289917 1528.0501061081886 61.875735312700272 601.16936904191971 202.27611011266708 1343.4777269363403 95.171545445919037 476.05531015992165 188.44835287332535 1372.2639366984367 851.35236704349518 4565.9966998100281 6285.3049817085266 36.790647357702255 353.49161151051521 325.62570863962173 398.73100954294205
leaf_count=1126 76 828 51 266 99 395 2429 69 1132 219 1670 76 356 454 1545 1189 4336 5783 60 486 661 1069
internal_value=0.00109419 -0.00047503 -0.00171996 -0.00254444 -0.00401092 -0.000218223 0.00152628 0.000331652 -0.00133842 -0.000316861 0.00139219 -0.000146479 0.00130949 0.0017028 0.0014544 0.000980928 0.00162412 0.00201731 0.00074836 0.00129787 0.00142298 0.00110812
internal_weight=21713.5 4678.79 2813.12 2216.11 1354.34 861.765 17034.7 2206.51 865.321 803.445 1865.67 522.193 597.007 14828.2 8317.66 2223.62 6094.05 6510.54 225.239 427.021 1341.19 724.357
internal_count=24375 4303 1995 1588 927 661 20072 4276 1420 1351 2308 638 407 15796 9499 2734 6765 6297 514 562 2856 1730
is_linear=0
shrinkage=0.0424476


Tree=47
num_leaves=25
num_cat=0
split_feature=2 5 2 1 1 2 1 2 2 1 1 1 5 3 1 2 3 3 1 2 5 2 1 3
split_gain=7.71206 6.75787 3.65835 3.47092 6.52365 4.24053 1.69506 1.90242 6.39601 1.66158 0.843079 3.23819 0.788444 1.04178 2.40436 0.95634 0.433 0.277444 0.270718 0.168761 0.160903 0.301956 0.142557 0.062289
threshold=0.83659302679211223 0.49822133722136902 0.99370977118463066 0.1714926119571353 -0.12647779982076676 0.91925191855388755 -0.85654306401281477 0.17553149042142802 0.19311121294034192 -0.88203985695844955 -0.25495596846646384 -0.27987374920143959 0.86340693121644818 1.7638046005565453 0.86753754618373868 0.61595474094623837 2.3602971407641671 3.1510291033485678 -0.047406159029233223 0.87377473702374975 -1.0000000180025095e-35 0.98043284291745803 0.99865756837029906 2.6450000000000005
decision_type=2 2 2 2 2 2 2 2 2 2 2 2 2 2 2 2 2 2 2 2 2 2 2 2
left_child=6 10 3 4 -3 -5 7 23 -9 -10 11 19 17 14 -14 -15 -4 22 -19 -2 -12 -22 -8 -1
right_child=1 2 16 5 -6 -7 12 8 9 -11 20 -13 13 15 -16 -17 -18 18 -20 -21 21 -23 -24 -25
leaf_value=0.026917259630607208 -0.0024614111618362737 -0.018625163380553169 -0.019870456514697959 -0.0093669543369805583 -0.019171851757898952 0.0066985706354884562 0.035715917342332371 -0.015346399955821495 0.011699462586217537 -0.02643816595796504 0.03636373612383087 -0.0089991135185644236 0.017161870257961793 0.03476954782388679 -0.029524928793513341 -0.010096474121397163 0.0087774890856985605 0.030062609576774417 0.07412642578475849 0.0055811379543129055 -0.0050041483320119751 -0.0012801016825527147 0.0053883063994949474 0.017906104321937392
leaf_weight=616.83236458897591 137.66534611582756 1086.745482057333 131.62931483983994 315.3129700422287 203.70567566156387 469.45853224396706 4193.4384119808674 61.875735312700272 600.74403810501099 202.27611011266708 1101.9628647863865 106.9855854511261 227.05984339118004 1586.1571368873119 105.21594116091728 261.62222811579704 370.30055305361748 1640.5166637599468 6319.4829968810081 403.45343324542046 282.60975936055183 262.72490793466568 301.37191298604012 724.35671818256378
leaf_count=1126 170 680 54 262 131 324 5016 69 1131 219 1481 88 374 2247 167 365 273 2662 4572 567 278 265 124 1730
internal_value=0.0010679 -0.000416361 -0.00191111 -0.00270058 -0.00405618 -0.000447855 0.00149844 0.000390571 -0.00114995 -0.000113327 0.00125379 -1.50473e-05 0.00166417 0.000902226 -0.00125778 0.00130067 0.00131605 0.00179605 0.00195482 0.00129043 0.00176424 0.00109301 0.00151077 0.00139782
internal_weight=21713.5 4872.55 2577.15 2075.22 1290.45 784.772 16841 2206.08 864.896 803.02 2295.4 648.104 14634.9 2180.06 332.276 1847.78 501.93 12454.8 7960 541.119 1647.3 545.335 4494.81 1341.19
internal_count=24375 4573 1724 1397 811 586 19802 4275 1419 1350 2849 825 15527 3153 541 2612 327 12374 7234 737 2024 543 5140 2856
is_linear=0
shrinkage=0.0424476


Tree=48
num_leaves=24
num_cat=0
split_feature=5 7 4 9 9 7 7 3 5 9 5 7 4 4 5 4 3 7 9 7 5 7 4
split_gain=3.86096 2.51995 1.592 1.05836 4.01345 1.44068 0.614016 0.437236 0.756581 0.704597 0.408975 0.789026 1.51271 0.329454 0.369058 0.295273 0.820815 0.264029 0.644896 0.230933 0.0854067 0.0699439 0.0160581
threshold=0.49822133722136902 2.4824205093819454 1014.6500000000002 -0.15193402419978594 0.94509207671869089 3.711734305922437 2.1506285345216059 4.0434714921013652 0.96561987442640917 3.8813060358611655 0.25810558179186288 5.5599561741628962 1012.3272793922628 1005.7027653000185 -0.96365558448877897 1010.9136334241356 2.0031180588207467 1.7390122365738798 4.1897288279129681 2.5400000000000014 1.0000000180025095e-35 1.4103666037972484 1003.3005795451397
decision_type=2 2 2 2 2 2 2 2 2 2 2 2 2 2 2 2 2 2 2 2 2 2 2
left_child=6 7 3 5 -5 -3 15 8 21 -10 13 19 -13 14 -8 -1 -17 22 -19 -12 -15 -2 -9
right_child=1 2 -4 4 -6 -7 10 17 9 -11 11 12 -14 20 -16 16 -18 18 -20 -21 -22 -23 -24
leaf_value=0.054278050237631256 0.046307797241664082 0.015546651740154108 0.0052462201249351839 -0.013647806839231733 0.0017312029583125071 -0.0050231584775926354 -0.014699212924280856 0.053451881609819188 -0.0047838788320727511 0.059005847344903078 -0.012085094839129902 -0.032650254980718441 0.00060158999678529485 0.022335949190463784 0.044806675880774992 -0.016034878847012057 0.037934184353128023 0.0058500307209330355 -0.01038396997656427 0.02903810197686825 0.1003350058972422 0.010955672223947752 0.040120949233423228
leaf_weight=4655.8885697126389 757.25628608465195 526.38297241926193 431.22983971238136 730.09130987524986 1052.5584955811501 1315.5412558913231 179.68037456274033 63.842589318752289 491.3727864921093 179.94517290592194 83.250994473695755 170.53172409534454 137.82785329222679 5929.3176289200783 570.41476055979729 50.103306502103806 174.75190126895905 282.28862723708153 80.331578642129898 760.89109393954277 967.05482986569405 491.33730533719063 1404.947575211525
leaf_count=5612 971 716 291 649 1086 959 313 71 811 342 101 146 129 6846 439 66 337 342 72 759 607 725 1996
internal_value=0.00113761 0.000381276 -0.000348636 -0.000642622 -0.00138039 6.13611e-05 0.0015679 0.00117537 0.000710669 -0.000417636 0.00134926 0.000576895 -0.00123058 0.00146325 0.000578289 0.00195828 0.000353078 0.0016524 0.000552734 0.0012591 0.00155682 0.00133214 0.00191128
internal_weight=21486.8 7807.13 4055.8 3624.57 1782.65 1841.92 13679.7 3751.32 1919.91 671.318 8798.97 1152.5 308.36 7646.47 750.095 4880.74 224.855 1831.41 362.62 844.142 6896.37 1248.59 1468.79
internal_count=24386 9031 3701 3410 1735 1675 15355 5330 2849 1153 9340 1135 275 8205 752 6015 403 2481 414 860 7453 1696 2067
is_linear=0
shrinkage=0.0424476


Tree=49
num_leaves=25
num_cat=0
split_feature=6 7 6 9 7 9 3 7 9 6 9 3 6 9 4 4 9 3 3 3 9 7 4 3
split_gain=3.69144 3.8259 1.31319 1.74593 1.08106 1.37164 0.885124 0.764645 0.64442 0.743927 1.48539 0.322192 0.489905 0.273586 0.240649 0.399954 0.552394 0.217795 0.239905 0.0876997 0.276775 0.0744995 0.037818 0.0239187
threshold=-0.5 2.4300000000000019 -0.49938512447000033 0.16040514147138121 5.0015130482141865 -1.1191887460223169 3.1900629710731514 3.9500000000000015 1.0512933744757709 0.96327418017081945 0.16040514147138121 2.6800201927626977 0.31775941815293063 -2.7122497095375553 1011.104480267663 1011.4153695986614 0.72966829569601199 3.4731011334599544 3.991800546233764 1.1736488952233595 1.3765718562376021 1.8600000000000014 1003.3005795451397 6.7842642991227899
decision_type=2 2 2 2 2 2 2 2 2 2 2 2 2 2 2 2 2 2 2 2 2 2 2 2
left_child=14 8 3 7 5 -4 -6 -3 9 13 -11 12 -10 -2 19 16 -16 -17 -19 20 -1 -13 -21 -24
right_child=1 2 4 -5 6 -7 -8 -9 11 10 -12 21 -14 -15 15 17 -18 18 -20 22 -22 -23 23 -25
leaf_value=0.09990621060722811 -0.004580814441579731 -0.06424779080280936 0.0050217173838274301 -0.03839935748649783 0.0005133583515832638 -0.006913554205799235 0.013369363581302342 0.0074125484505763234 -0.0012914942958492052 0.01514044255862977 -0.011572111023338865 0.043310088100304366 0.057507842446695087 0.019934962634838817 0.052071499913121364 0.10091232115426967 -0.055487687580567734 -0.024600677994454961 0.0095357453225787155 0.050215772074355021 -0.028742827228244582 0.013223547367499269 0.065811115573456286 0.019398261521342851
leaf_weight=241.43337753415108 89.525259882211685 101.71435931324959 932.43712991476059 143.53289210796356 2281.5473099648952 2303.8252359926701 753.32741656899452 128.05236607789993 317.27523827552795 59.539224445819855 41.4222432076931 3226.6475227475166 323.48653602600098 926.41663414239883 135.66547566652298 780.31680911779404 88.486653298139572 122.07965922355652 567.33598214387894 210.89750763773918 93.225354760885239 513.03853937983513 6970.8677987158298 134.74230575561523
leaf_count=228 174 122 1389 119 2465 3430 575 76 536 131 73 4255 554 1632 138 802 78 151 639 157 95 545 5691 331
internal_value=0.00112413 0.000633632 -4.90476e-05 -0.00249669 9.37044e-05 -0.000442556 0.00067165 -0.000119472 0.00146213 0.000527645 -0.00290483 0.00169617 0.000766147 0.000887012 0.00175943 0.00126645 -0.00033728 0.00152364 0.000923238 0.00186615 0.00105814 0.00185056 0.00190057 0.00192174
internal_weight=21486.8 12141.8 6644.44 373.3 6271.14 3236.26 3034.87 229.767 5497.35 1116.9 100.961 4380.45 640.762 1015.94 9345.05 1693.88 224.152 1469.73 689.416 7651.17 334.659 3739.69 7316.51 7105.61
internal_count=24386 16076 8176 317 7859 4819 3040 198 7900 2010 204 5890 1090 1806 8310 1808 216 1592 790 6502 323 4800 6179 6022
is_linear=0
shrinkage=0.0424476


Tree=50
num_leaves=25
num_cat=0
split_feature=5 4 6 3 6 9 3 9 9 3 4 3 4 3 3 3 3 3 3 5 9 9 4 4
split_gain=4.49144 2.12015 2.36063 2.79739 1.44376 1.60498 1.40645 1.22932 1.31417 0.915595 0.745286 0.716577 0.576735 2.07145 0.419136 0.365952 0.311538 0.318419 0.20064 0.116222 0.0999029 0.320855 0.097036 0.143811
threshold=0.49822133722136902 1009.0026822852341 -0.5 1.8815595933400064 0.70137043877975058 2.0182545965169436 6.6450000000000005 -0.10003140661612873 1.0000000180025095e-35 3.1510291033485678 1009.4023569159718 6.2634685979117801 1006.7003875005861 1.8402474018712474 2.6021909361636459 1.9200914792203327 2.9511450608452958 2.5230242812024986 2.1611148203148685 -0.86562926661945727 2.4093087724510558 2.2644595143390203 1009.7055573288902 1009.4023569159718
decision_type=2 2 2 2 2 2 2 2 2 2 2 2 2 2 2 2 2 2 2 2 2 2 2 2
left_child=4 9 11 10 19 7 -5 18 -9 12 -4 15 13 -2 -14 -3 17 -7 -6 22 21 -11 23 -1
right_child=1 2 3 6 5 16 -8 8 -10 20 -12 -13 14 -15 -16 -17 -18 -19 -20 -21 -22 -23 -24 -25
leaf_value=0.029327132318290577 -0.022396072175870901 -0.01304962688516474 -0.0083297652258477253 -0.0092995635202410432 0.00053704959996865565 0.023060613183965194 0.01185905385260679 -0.0076035575376124055 -0.0018619967657318402 0.020699602061825421 0.0077554099332782867 -0.0035610074811120158 0.010731077110342596 0.0042735727320096359 -0.010071328084348918 0.052839157508677868 0.046291984469378121 -0.0057177420186358911 0.0069507402612994972 0.06716548668768918 0.039768542088477112 -0.0081588883112774357 0.054586542865701582 -0.0032097126200384216
leaf_weight=2845.4700183868408 55.161918938159943 255.20646294951439 77.464265316724777 2147.3788937628269 395.85833540558815 234.89930832386017 404.72600913047791 75.869181036949158 801.00576582551003 591.09110021591187 615.93626976013184 118.98477533459663 602.98461952805519 132.83978998661041 185.22348821163177 1095.1859250664711 1203.4956269860268 93.427906543016434 521.83192992210388 6877.121427744627 1404.6388241648674 52.122846692800522 722.0648852288723 104.0054560303688
leaf_count=3755 89 298 122 1903 624 453 295 115 1352 1078 701 141 1037 229 316 1021 1402 145 824 5384 1707 81 1085 174
internal_value=0.00106147 0.000239303 -0.000320321 -0.000962433 0.00151871 0.000738008 -0.00161541 -0.000113776 -0.0012595 0.00111795 0.00141417 0.00108535 2.87549e-05 -0.00206332 0.000551268 0.00137181 0.00174797 0.000512101 0.000960813 0.00176313 0.00162812 0.001113 0.00154052 0.00141114
internal_weight=21614 7738.95 4714.88 3245.51 13875 3326.39 2552.1 1794.57 876.875 3024.06 693.401 1469.38 976.21 188.002 788.208 1350.39 1531.82 328.327 917.69 10548.7 2047.85 643.214 3671.54 2949.48
internal_count=24331 9018 4481 3021 15313 4915 2198 2915 1467 4537 823 1460 1671 318 1353 1319 2000 598 1448 10398 2866 1159 5014 3929
is_linear=0
shrinkage=0.0424476


Tree=51
num_leaves=25
num_cat=0
split_feature=6 7 1 1 1 3 1 0 3 3 3 0 1 1 1 1 7 7 1 0 1 1 0 0
split_gain=3.99205 3.67498 1.98473 5.68479 1.57823 1.26277 1.55671 1.0978 1.09614 0.499587 0.366293 0.508441 0.288585 0.485889 1.33555 0.264935 0.721565 0.229059 0.126538 0.288146 0.0941473 0.0840899 0.0865427 0.03594
threshold=-0.5 2.1506285345216059 0.1714926119571353 0.14706992549541839 -0.098819223632317363 3.0707466034808912 0.41882333404999644 0.69601821493876959 4.2500749322125477 1.3750000000000002 6.1505404229826022 0.86106538556481482 -0.89414697905359375 -0.97873101657557326 -0.96683886033945943 0.1714926119571353 1.7750000000000006 1.7000000000000013 0.99965739133362419 0.11638271006103226 -0.068345573889994418 0.1714926119571353 0.49746467839286013 0.99852165491081479
decision_type=2 2 2 2 2 2 2 2 2 2 2 2 2 2 2 2 2 2 2 2 2 2 2 2
left_child=10 7 3 4 -3 6 -4 15 9 -9 12 21 13 -1 -15 16 -2 -10 20 -20 -14 22 -12 -7
right_child=1 2 5 -5 -6 23 -8 8 17 -11 11 -13 18 14 -16 -17 -18 -19 19 -21 -22 -23 -24 -25
leaf_value=0.043290568087677728 0.026142453221475438 -0.0025618404122672634 0.017996143418085201 -0.029709101184330008 0.013490148922497967 0.02743216618244744 -0.0027303330023425209 0.039173533538327227 0.036625032604755324 -0.0033435556933465176 0.015578872563146696 -0.0047700744169434034 0.047536945606289946 -0.045501222746376108 0.01769940584816819 0.06122248872121544 -0.0080600632080753583 -0.010565651707565408 0.12380694904228828 0.10260655493375319 0.074550876825058274 0.064118465045716416 -0.0035943429778301826 -0.023888607624191892
leaf_weight=413.29532095789909 871.28365045785904 3029.8209190368652 576.76213759183884 106.46878871321678 881.52467197179794 979.41995099186897 1304.774828851223 130.73291432857513 663.00050660967827 847.75587043166161 126.06700161099434 104.53558021783829 2094.5002069175243 52.266531109809875 252.93372303247452 2509.3152535557747 140.33959808945656 60.666124790906906 329.38543450832367 308.98526602983475 5477.9058831930161 172.23209404945374 96.013229161500931 84.009544283151627
leaf_count=549 2254 4060 619 88 867 987 2040 243 1004 1358 289 151 2402 113 472 1996 307 90 88 83 3855 162 199 55
internal_value=0.00104842 0.000538777 -9.71877e-05 -0.000713095 -0.000444702 0.000736806 6.5776e-05 0.00139011 0.000490054 -0.000421112 0.00170518 0.000531512 0.00176867 0.000900986 -0.000332707 0.00181997 0.00119524 0.00174764 0.00184234 0.00118591 0.00189523 0.00125858 0.000588707 0.00190664
internal_weight=21614 12185.9 6962.78 4017.81 3911.35 2944.97 1881.54 5223.09 1702.16 978.489 9428.12 498.848 8929.27 718.496 305.2 3520.94 1011.62 723.667 8210.78 638.371 7572.41 394.312 222.08 1063.43
internal_count=24331 15968 8716 5015 4927 3701 2659 7252 2695 1601 8363 801 7562 1134 585 4557 2561 1094 6428 171 6257 650 488 1042
is_linear=0
shrinkage=0.0424476


Tree=52
num_leaves=24
num_cat=0
split_feature=5 7 7 7 9 3 7 3 3 5 7 9 7 0 5 3 9 9 7 9 7 3 5
split_gain=4.46802 2.67564 2.25984 1.37836 0.972133 1.82487 0.963662 1.85149 1.57569 0.714308 1.50778 1.71531 1.09919 0.832809 1.19522 0.453366 0.713574 0.610971 0.106502 0.0457215 0.0803123 0.266269 0.0549307
threshold=0.70436907356351874 2.6649999999999996 2.7806270598745173 2.1506285345216059 -1.8488451086954265 3.693596533755656 4.1399999999999997 4.9902032833865286 3.1510291033485678 0.25810558179186288 2.6649999999999996 0.62122411049744042 5.5599561741628962 -0.25850906104189697 -1.0000000180025095e-35 2.6450000000000005 0.67208464711242055 0.2080763292054755 1.6608098955480688 1.7828353742453056 1.7750000000000006 2.1209687820078789 0.49822133722136902
decision_type=2 2 2 2 2 2 2 2 2 2 2 2 2 2 2 2 2 2 2 2 2 2 2
left_child=3 4 -3 19 5 18 7 -4 -8 13 11 -11 -12 14 -5 16 -6 -17 -2 20 22 -22 -1
right_child=1 2 6 9 15 -7 8 -9 -10 10 12 -13 -14 -15 -16 17 -18 -19 -20 -21 21 -23 -24
leaf_value=0.042661197082751928 -0.0013422995200590082 -0.052073818405383721 -0.0072278175066257571 0.017224898796472814 0.033260248090535321 -0.01342486333956408 -0.010562838963540383 -0.016862692081903462 0.0074744788558659334 0.0020083452281094774 0.016948107751621155 -0.017868782772320346 -0.0047397525379208891 0.081064419527072412 -0.0023783111539492723 -0.0070663628965370049 -0.0023510890898719231 0.030400571585093062 0.019720088141740335 0.051423623759567362 -0.00035451734811119411 0.037176383177961528 0.021961258356566309
leaf_weight=2007.3113974630833 61.041292905807495 110.12558776140213 709.64335879683495 4766.158975571394 290.36544463038445 52.965224415063858 888.08107590675354 294.09941026568413 812.7959540784359 115.21330434083939 1545.1873645782471 93.954358220100403 557.76701807975769 2409.9966322183609 409.18094515800476 245.28723829984665 580.53231978416443 1921.1960012614727 81.286620885133743 2908.5497140884399 75.719969093799591 458.96804130077362 270.5550217628479
leaf_count=3029 95 159 819 6231 467 53 643 243 467 150 1568 105 503 1365 551 320 822 2751 159 2886 76 528 429
internal_value=0.00098012 0 -0.000956348 0.00135942 0.000833645 -0.00203772 -0.000706007 -0.00174995 -7.90497e-05 0.001052 0.000387172 -0.00303257 0.000736134 0.00125221 0.000941605 0.00102437 0.000181604 0.0013546 0.000341182 0.00188801 0.00171886 0.00115061 0.00184411
internal_weight=21666 6047.42 2814.75 15618.6 3232.67 195.293 2704.62 1003.74 1700.88 9897.46 2312.12 209.168 2102.95 7585.34 5175.34 3037.38 870.898 2166.48 142.328 5721.1 2812.55 534.688 2277.87
internal_count=24419 6998 2331 17421 4667 307 2172 1062 1110 10473 2326 255 2071 8147 6782 4360 1289 3071 254 6948 4062 604 3458
is_linear=0
shrinkage=0.0424476


Tree=53
num_leaves=25
num_cat=0
split_feature=2 5 8 8 9 2 8 8 2 2 2 2 5 8 8 7 7 5 2 2 5 2 8 9
split_gain=6.82692 3.86133 3.82648 7.87528 3.43943 3.85971 1.5953 1.45745 1.07131 1.03113 3.26988 4.26614 1.02582 0.82165 0.272234 0.716088 0.13619 0.12982 0.129085 0.714757 0.116892 0.100942 0.0509134 0.0357514
threshold=0.83659302679211223 -1.0000000180025095e-35 4.6400000000000032 4.450000000000002 0.56697716260570108 0.90150168413188403 4.0509473958312698 3.3925920047849298 0.67761478904668893 -0.63174868667326445 -0.42882523534942024 -0.49002866642905923 0.70436907356351874 7.26782047346176 6.1200000000000037 4.5510419668631323 1.5600000000000007 -0.96365558448877897 0.19311121294034192 0.22611568550828817 -1.0005333936481213 0.96257731299130822 4.8121907679373654 -1.6821905164697843
decision_type=2 2 2 2 2 2 2 2 2 2 2 2 2 2 2 2 2 2 2 2 2 2 2 2
left_child=7 14 3 6 5 -4 -3 8 18 17 11 -11 16 -12 -2 -16 -10 20 23 -20 -9 -17 -19 -1
right_child=1 2 4 -5 -6 -7 -8 9 12 10 13 -13 -14 -15 15 21 -18 22 19 -21 -22 -23 -24 -25
leaf_value=0.018995927731448741 0.025197464457241536 -0.0029574620627181177 -0.020915191474694773 -0.015859347185417136 0.0089325179102100107 -0.0024251742712680423 -0.011140762356953859 0.12059795338739605 -0.004165475488552158 0.0026979091453566023 0.0074996081713434477 -0.0098420832347833088 -0.026906496348224718 0.021334505160596165 -0.00091795353800512016 0.02571838506090145 0.016217501989599457 0.038275192627423876 -0.033440432617522067 0.033003901387819966 0.00029765051506287798 0.012047480358421424 0.053417414615750509 0.046414982527925551
leaf_weight=291.69835492968559 776.60511502623558 464.27019041776657 355.28808087110519 98.962789684534073 684.7151215672493 1540.8312364816666 154.99075165390968 90.793238997459412 63.530690401792526 389.83140978217125 4034.3363625109196 208.1494981944561 98.858316689729691 1069.8828299939632 66.016015917062759 339.12229487299919 165.63979181647301 1148.9083605408669 55.548361927270889 865.27061587572098 200.04939505457878 395.14675623178482 1847.6881864368916 6259.8485049903393
leaf_count=517 1092 626 217 75 548 881 122 22 104 542 4679 222 157 1303 65 453 303 1145 98 1938 411 508 1771 6620
internal_value=0.000980747 -0.000414543 -0.00124327 -0.0039871 -0.000472491 -0.00140953 -0.00217512 0.00138705 0.00181464 0.00101397 0.00066326 -0.00229699 -0.000515489 0.0010137 0.00130751 0.000719969 0.000978619 0.00161665 0.00191941 0.00137921 0.000651607 0.00111983 0.00170414 0.0019925
internal_weight=21666 4875.95 3299.06 718.224 2580.83 1896.12 619.261 16790 7800.39 8989.64 5702.2 597.981 328.029 5104.22 1576.89 800.285 229.17 3287.44 7472.37 920.819 290.843 734.269 2996.6 6551.55
internal_count=24419 4587 2469 823 1646 1098 748 19832 9737 10095 6746 764 564 5982 2118 1026 407 3349 9173 2036 433 961 2916 7137
is_linear=0
shrinkage=0.0424476


Tree=54
num_leaves=25
num_cat=0
split_feature=2 5 8 2 2 3 8 8 3 3 8 8 8 8 5 8 5 8 9 2 2 5 5 2
split_gain=4.5986 3.12098 2.66598 3.53882 6.95709 2.00971 3.87997 9.02757 1.5976 3.02881 1.31377 0.992795 0.510736 0.453161 0.241201 0.314392 0.267055 0.20006 1.23491 0.106704 0.735591 0.0716944 0.0698136 0.0936787
threshold=0.61595474094623837 -1.0000000180025095e-35 4.6400000000000032 0.97690230611205509 0.99164058729498161 2.2010900737380514 6.1900000000000004 6.4019224842663931 4.4720225700046816 2.0409242842768678 3.6800000000000019 7.26782047346176 2.4118506817661456 5.2700000000000022 -0.70602415197119972 5.6100000000000021 0.96561987442640917 9.2150000000000016 -1.3893731532515383 0.87377473702374975 0.85651926849515192 -0.25931273656640591 0.96561987442640917 -0.49002866642905923
decision_type=2 2 2 2 2 2 2 2 2 2 2 2 2 2 2 2 2 2 2 2 2 2 2 2
left_child=5 17 3 10 -5 6 22 -8 9 -4 -3 -9 -7 -10 15 -14 -16 19 -19 20 -2 -21 -1 -24
right_child=1 2 8 4 -6 12 7 11 13 -11 -12 -13 14 -15 16 -17 -18 18 -20 21 -22 -23 23 -25
leaf_value=0.035368881596368203 0.025005542735317222 -0.0081440452212888752 0.0079072771103603882 -0.013749950272590081 0.03589379618404024 0.042678278553439093 -0.038567864961437541 -0.0025011474562787414 -0.0034142107716949193 -0.013839140111272082 0.0057048956277173674 0.0089879410016190809 0.0088018883590333854 0.012093155249631341 0.038760067622600793 0.042497789238294142 -0.00040620746033292733 -0.012290022490461568 0.0042149933733915419 0.034784124508080078 -0.0010868624359187604 0.016449954993616265 0.042126247375545191 0.0032943576931611478
leaf_weight=1492.3038072884083 719.69401320815086 604.66769176721573 717.6377939581871 180.69310268759727 108.07083424925804 5863.3769889473915 200.18732780218124 427.19524854421616 216.77478882670403 1463.7262646257877 200.04113432765007 455.74182751774788 1086.9866338968277 686.20370125770569 4720.1305340826511 546.01777669787407 419.65795576572418 80.648314774036407 213.03437227010727 916.76113301515579 74.550077766180038 197.93828448653221 94.146434426307678 153.97257816791534
leaf_count=2208 1249 965 694 109 136 7244 162 570 171 1041 300 535 1212 437 3706 600 614 84 326 1236 103 267 167 275
internal_value=0.00106063 9.87485e-05 -0.000579787 -0.00238104 -0.00642281 0.00145642 0.000423792 -0.00156199 5.28039e-05 -0.000562527 -0.000907594 0.000262895 0.0016857 0.00155978 0.00142476 0.000946131 0.00157322 0.00139416 0.00028317 0.00155538 0.0011172 0.00185096 0.00167025 0.000854709
internal_weight=21840.2 6380.44 4177.82 1093.47 288.764 15459.7 2823.55 1083.12 3084.34 2181.36 804.709 882.937 12636.2 902.978 6772.79 1633 5139.79 2202.63 293.683 1908.94 794.244 1114.7 1740.42 248.119
internal_count=24411 7118 3853 1510 245 17293 3917 1267 2343 1735 1265 1105 13376 608 6132 1812 4320 3265 410 2855 1352 1503 2650 442
is_linear=0
shrinkage=0.0424476


Tree=55
num_leaves=22
num_cat=0
split_feature=2 5 2 8 2 8 8 2 2 2 8 0 5 9 9 0 2 8 0 2 2
split_gain=4.02474 3.58723 2.0367 5.96648 1.50911 2.40713 1.07411 0.866405 3.17957 4.95859 0.432883 0.374471 0.843279 0.703365 0.281265 0.188374 0.119665 0.108385 0.0832076 0.0626541 0.0263916
threshold=-0.033168202209087554 0.25810558179186288 0.055916990100603255 6.1900000000000004 0.61595474094623837 4.6400000000000032 3.5850000000000013 -0.63174868667326445 -0.42882523534942024 -0.49002866642905923 6.835 -0.25850906104189697 -0.25931273656640591 1.5422812885762396 0.35593243817512393 -0.86568060326902374 -0.228656083955845 4.3100000000000014 -0.86718364684052496 1.0000000180025095e-35 0.98043284291745803
decision_type=2 2 2 2 2 2 2 2 2 2 2 2 2 2 2 2 2 2 2 2 2
left_child=6 11 3 19 10 -6 -1 15 9 -9 -4 12 14 -14 -2 18 -10 -17 -8 -3 -13
right_child=1 2 4 -5 5 -7 7 8 16 -11 -12 20 13 -15 -16 17 -18 -19 -20 -21 -22
leaf_value=0.041074664943645013 0.0088976142141478452 -0.002741759786880731 0.02665799328760967 -0.07275877756434615 -0.0083576880108253999 8.2106396980063313e-05 0.0120953841242501 0.0022180464700336084 0.026379755765900001 -0.015105142167389469 -0.0015090559490771667 0.071276520520455328 -0.001461314533993628 0.035925427195891771 0.037950037404086229 0.027232204776278732 0.041154142515769702 0.057717783828806594 -0.0058237822793452227 0.047112373418565834 0.035554014781390447
leaf_weight=6288.2220306098461 1595.1016866266727 70.497073858976364 984.30654874444008 112.82423913478851 958.88340529799461 2742.5406570732594 234.16277658939362 398.48003566265106 606.80745530128479 174.86368989944458 453.57922834157944 1154.4302901625633 479.86781385540962 267.30714604258537 1311.4225719571114 395.26479437947273 795.12336859107018 2461.8215459287167 106.77070942521095 114.03230485320091 133.84924802184105
leaf_count=6568 2542 89 1709 84 1279 1998 402 499 611 202 466 979 600 449 2188 366 686 2156 256 142 140
internal_value=0.00107238 0.000464334 -0.000285275 -0.00370227 -8.39611e-05 -0.000540655 0.00162136 0.00115973 0.000447646 -0.00220211 0.00107878 0.00129272 0.00106192 -0.000188286 0.00138968 0.00159376 0.00154452 0.00170989 0.000566287 0.000906819 0.00193291
internal_weight=21840.2 10378.6 5436.66 297.354 5139.31 3701.42 11461.5 5173.29 1975.27 573.344 1437.89 4941.98 3653.7 747.175 2906.52 3198.02 1401.93 2857.09 340.933 184.529 1288.28
internal_count=24411 12665 5767 315 5452 3277 11746 5178 1998 701 2175 6898 5779 1049 4730 3180 1297 2522 658 231 1119
is_linear=0
shrinkage=0.0424476


Tree=56
num_leaves=18
num_cat=0
split_feature=1 1 3 3 0 1 3 1 1 1 1 9 1 4 9 3 3
split_gain=5.85347 6.80847 8.60158 1.71287 2.60388 1.63027 1.96151 2.34992 1.53717 3.78301 1.07124 0.650857 0.218358 0.318908 0.200392 0.0362813 0.00299234
threshold=0.1714926119571353 0.14706992549541839 4.4200877324686152 3.1510291033485678 0.86106538556481482 -0.030120025924939096 4.4720225700046816 -0.5785108877906705 0.39376516476197765 0.48634789132201989 0.99865756837029906 4.1897288279129681 0.12332438255465399 1009.9017561371801 1.7828353742453056 6.2634685979117801 3.991800546233764
decision_type=2 2 2 2 2 2 2 2 2 2 2 2 2 2 2 2 2
left_child=1 5 -3 4 10 6 7 -1 -6 -10 14 -8 15 -14 -2 -7 -5
right_child=3 2 -4 16 8 12 11 -9 9 -11 -12 -13 13 -15 -16 -17 -18
leaf_value=0.0030887150175171831 0.025309127053440763 0.0087422310166386016 -0.028460213809862689 0.045222809344678906 -0.0012341613817940667 0.031460805470845198 0.010015011284046194 -0.0056916898524163968 -0.019026783756253305 -0.0062402082172345694 -0.0050134678693106562 -0.012814160368315756 0.010169640116391269 -0.0057206604827820633 0.021906295062702454 0.013037434633866104 0.051048153952435768
leaf_weight=3146.3750806152821 2485.2404699027538 126.92150712013245 103.72438070178032 2068.2778220772743 228.20621672272682 1110.7850870192051 2105.7682819068432 2536.6457442045212 80.148771047592163 689.88131779432297 287.57205086946487 169.3318455517292 83.595998197793961 65.486888110637665 994.6529529094696 82.79779189825058 5193.4131567776203
leaf_count=5545 2919 160 44 1795 191 1174 3339 2875 66 791 123 384 137 66 876 117 3707
internal_value=0.000946679 0.00015882 -0.00704151 0.0015695 0.000936803 0.000339378 0.000106059 -0.00031303 -0.000979709 -0.00189903 0.00144952 0.00116104 0.00170848 4.49048e-05 0.00165731 0.00190075 0.00198217
internal_weight=21558.8 9531.43 230.646 12027.4 4765.7 9300.79 7958.12 5683.02 998.236 770.03 3767.47 2275.1 1342.67 149.083 3479.89 1193.58 7261.69
internal_count=24309 13841 204 10468 4966 13637 12143 8420 1048 857 3918 3723 1494 203 3795 1291 5502
is_linear=0
shrinkage=0.0424476


Tree=57
num_leaves=21
num_cat=0
split_feature=2 1 1 2 1 1 1 7 2 7 1 1 4 2 7 7 2 2 2 9
split_gain=5.80832 2.87832 8.17569 2.72973 1.43864 1.52738 1.36703 0.841989 1.12778 0.662713 0.495483 0.617521 0.43665 0.313438 0.238582 0.13617 0.451831 3.59816 0.0728024 0.057638
threshold=1.0000000180025095e-35 0.1714926119571353 0.14706992549541839 0.055916990100603255 -0.098819223632317363 -0.27987374920143959 -0.047406159029233223 0.97143574396129362 0.77232729489588492 3.5624569246339246 -0.17806817010454204 -0.76665171983724034 1015.6500000000002 0.55648762997242973 4.0700000000000029 2.4300000000000019 -0.53407657017901478 -0.44437817810461328 -0.033168202209087554 -1.6100326761107799
decision_type=2 2 2 2 2 2 2 2 2 2 2 2 2 2 2 2 2 2 2 2
left_child=6 2 4 14 5 -2 9 8 -5 18 11 -11 -6 -9 -3 -8 -17 -18 19 -1
right_child=1 3 -4 7 12 -7 15 13 -10 10 -12 -13 -14 -15 -16 16 17 -19 -20 -21
leaf_value=0.0084759228471456768 -0.0007807427458039742 -0.062633462410401505 -0.025879851205096692 0.028477131575957378 0.011296574106301156 -0.012053947508554881 0.058046571474044725 0.044767642152683411 -0.014420195763178276 -0.010136876180617416 -0.030940150245375175 0.034444029059323693 -0.026785844337302772 0.0092295953885297224 -0.035539094285793077 0.064759816026152162 -0.011797602893369671 0.086305635694344837 -0.0066715636110077203 0.016789630197953299
leaf_weight=409.65664485096931 3295.4696877896786 150.71633026003838 177.27576470375061 157.52324044704437 899.60951027274132 1078.9517675638199 5167.1970095038414 1524.2385455071926 99.205780833959579 426.37216979265213 66.009002357721329 762.9989407658577 156.337049305439 2403.3381441533566 139.24633154273033 1943.7702334821224 147.69766739010811 1000.8531220853329 42.23332679271698 1510.1250940263271
leaf_count=664 5041 95 137 319 884 739 3570 2031 136 662 111 808 102 2891 84 1536 89 632 98 3680
internal_value=0.000932457 0.000186999 -0.000451387 0.000991231 -0.000155066 -0.000497545 0.00158569 0.00127034 -0.00104348 0.000833024 5.59247e-05 0.000269094 0.00124616 0.0014263 -0.00297247 0.00187664 0.00162201 0.000924375 0.0013208 0.00136058
internal_weight=21558.8 10081.9 5607.64 4474.27 5430.37 4374.42 11476.9 4184.31 256.729 3217.4 1255.38 1189.37 1055.95 3927.58 289.963 8259.52 3092.32 1148.55 1962.02 1919.78
internal_count=24309 12459 6903 5556 6766 5780 11850 5377 455 6023 1581 1470 986 4922 179 5827 2257 721 4442 4344
is_linear=0
shrinkage=0.0424476


Tree=58
num_leaves=23
num_cat=0
split_feature=1 1 1 9 9 1 3 1 3 8 3 8 1 1 1 1 8 1 7 9 9 3
split_gain=3.78243 2.0046 2.97013 6.50198 2.21564 2.61676 1.3486 1.04434 2.62535 0.916659 1.16053 1.43727 0.751281 9.4942 0.542746 4.72981 0.526126 0.150803 0.118641 0.0930207 0.00730663 0.00429898
threshold=-0.084825532204959572 -0.30472723697333454 -0.25495596846646384 -1.3893731532515383 3.601459873110008 -0.12647779982076676 3.1510291033485678 0.99865756837029906 2.1209687820078789 2.3300000000000005 1.9200914792203327 2.53575660427077 0.1714926119571353 0.14706992549541839 0.41882333404999644 0.44088582098979784 8.2700000000000031 -0.96683886033945943 1.8600000000000014 -3.5547321075495524 4.1897288279129681 4.1644099102831547
decision_type=2 2 2 2 2 2 2 2 2 2 2 2 2 2 2 2 2 2 2 2 2 2
left_child=1 9 3 -3 5 -4 7 14 -9 18 17 -12 13 -8 19 -16 -5 -11 20 -2 -1 -14
right_child=6 2 4 16 -6 -7 12 8 -10 10 11 -13 21 -15 15 -17 -18 -19 -20 -21 -22 -23
leaf_value=0.025248904132984029 -0.015396252810851821 -0.054562406149277654 0.010367546882798192 -0.0081651366289355147 -0.012876123293808241 -0.013459674737901337 0.024129047360631636 -0.026687713377340896 0.11155707661819751 0.0093084202506794143 -0.032846964917979983 0.00073494641877192945 0.040387290679663172 -0.025135219622314069 -0.020018599709499329 0.017188524986569649 0.0014266140330992277 0.03306153014794154 -0.0073271158453096447 0.019362651379359969 0.016290392241301289 0.047084055903406731
leaf_weight=942.66973263025284 116.60800218582153 108.36208119988441 900.12890747189522 188.27429440617561 84.116452395915985 248.55637300014496 1026.8385819792747 183.29398891329765 210.28756773471832 308.50273555517197 76.769563019275665 3460.5634139180183 2647.8818164765835 113.5986076593399 104.64978364109993 3179.579339236021 85.015050828456879 784.31965947151184 52.666619569063187 1819.9457655549049 244.38167774677277 4592.252436965704
leaf_count=2717 61 66 920 292 84 312 1110 71 104 498 154 4395 2179 77 79 3647 53 1279 140 1900 650 3357
internal_value=0.00104868 0.000275363 -0.0010449 -0.00431732 -1.67719e-05 0.000455147 0.00146091 0.000944862 -0.00114058 0.000641646 0.000362049 -6.27314e-06 0.00180442 0.00076488 0.00110563 0.000762861 -0.00075628 0.00157119 0.00167095 0.00167736 0.00175955 0.00196561
internal_weight=21479.3 7484.33 1614.45 381.651 1232.8 1148.69 13994.9 5614.36 393.582 5869.87 4630.16 3537.33 8380.57 1140.44 5220.78 3284.23 273.289 1092.82 1239.72 1936.55 1187.05 7240.13
internal_count=24145 11560 1727 411 1316 1232 12585 5862 175 9833 6326 4549 6723 1187 5687 3726 345 1777 3507 1961 3367 5536
is_linear=0
shrinkage=0.0424476


Tree=59
num_leaves=25
num_cat=0
split_feature=5 1 2 3 3 2 7 3 1 2 1 1 2 3 1 3 3 3 5 3 3 1 2 2
split_gain=3.91201 3.01835 2.80084 2.59115 2.1687 2.57438 1.67706 1.42628 1.88231 1.58744 0.886351 0.857416 1.5768 0.790806 2.31142 0.510989 0.831812 0.388483 0.280826 0.224666 0.261417 0.193418 0.0204196 0.0166814
threshold=0.86340693121644818 -0.084825532204959572 0.61595474094623837 2.0409242842768678 3.9468898213812458 0.90150168413188403 4.1399999999999997 3.0707466034808912 0.85446532134987485 0.055916990100603255 -0.97873101657557326 -0.12647779982076676 0.99370977118463066 1.7638046005565453 0.99865756837029906 1.9200914792203327 4.4720225700046816 1.592518887368058 -0.99919092643031493 2.9923900646450159 2.9511450608452958 0.53107769346940048 0.98662138620987927 -0.80862454125094219
decision_type=2 2 2 2 2 2 2 2 2 2 2 2 2 2 2 2 2 2 2 2 2 2 2 2
left_child=1 11 7 21 5 -5 -6 8 10 -10 -2 15 -13 14 17 18 -17 -3 -1 20 -15 -4 -21 -9
right_child=2 13 3 4 6 -7 -8 23 9 -11 -12 12 -14 19 -16 16 -18 -19 -20 22 -22 -23 -24 -25
leaf_value=-0.0084898796712607888 -0.01036645233004567 0.027331208241742903 0.0020931650400368906 -0.037510739587553493 -0.012840487893778528 -0.017869337611331339 0.0081166516038537005 0.018424494979014043 -0.022198196483874066 0.0029131106972160427 0.0063292455992831811 -0.034777888027061166 0.0022525989432978883 0.028504236724121716 -0.02688112656597735 -0.00034013575221746527 0.0094773355077900894 -0.00042491884375350775 0.013265732654863201 0.047116063690238574 -0.00060058253366282628 -0.019823364472854987 0.0035039243271929293 0.024623078212306207
leaf_weight=90.005950748920441 108.93929505348206 775.78471511602402 343.58286955952644 188.78216651082039 470.32833847403526 474.36668920516968 431.36929693818092 289.31298312544823 141.47689062356949 133.35850310325623 565.88430920243263 96.119946211576462 79.193499714136124 2821.2031266689301 87.110621452331543 2904.9834409058094 1571.8543466031551 276.56251433491707 1041.3426834344864 7043.5234384834766 83.048591136932373 91.676871925592422 366.3974794447422 1003.0538835823536
leaf_count=150 189 885 277 236 399 213 204 669 185 251 969 154 105 2830 35 4417 2696 363 1692 5418 91 122 377 1218
internal_value=0.0010416 0.00132587 -0.000109116 -0.00126779 -0.00207873 -0.00392754 -0.000698472 0.000916273 -0.000316106 -0.00329149 0.00086828 0.000530767 -0.00237041 0.00172573 0.000639412 0.000624766 0.000415239 0.00120415 0.0014375 0.00184395 0.00150005 0.00160517 0.00197623 0.00183617
internal_weight=21479.3 17237.1 4242.13 2000.11 1564.85 663.149 901.698 2242.03 949.659 274.835 674.824 5783.5 175.313 11453.6 1139.46 5608.19 4476.84 1052.35 1131.35 10314.2 2904.25 435.26 7409.92 1292.37
internal_count=24145 19213 4932 1451 1052 449 603 3481 1594 436 1158 9214 259 9999 1283 8955 7113 1248 1842 8716 2921 399 5795 1887
is_linear=0
shrinkage=0.0424476


Tree=60
num_leaves=25
num_cat=0
split_feature=2 5 4 4 8 2 4 2 2 2 5 9 5 9 5 4 9 4 8 2 2 8 8 8
split_gain=3.75483 2.71322 1.95961 1.84305 1.18341 1.12081 0.904494 1.65226 2.47041 0.885966 0.877635 0.866393 0.594782 1.15134 0.647763 0.369257 0.89544 0.26038 0.110202 0.051686 0.299705 0.263094 0.0160408 0.0253872
threshold=-0.033168202209087554 0.96561987442640917 1010.6100755919166 1010.301597619405 2.8937784646993499 0.090251610031040944 1009.1016949576372 -0.63174868667326445 -0.42882523534942024 0.98337410965167582 -1.0000000180025095e-35 -1.0000000180025095e-35 1.0000000180025095e-35 0.30847456028505255 0.25810558179186288 1005.7027653000185 0.35593243817512393 1010.8005913371051 4.8700000000000001 -0.94941443599233932 -0.96834712328168482 2.1400000000000028 1.2099999999999993 1.1306537212742638
decision_type=2 2 2 2 2 2 2 2 2 2 2 2 2 2 2 2 2 2 2 2 2 2 2 2
left_child=4 10 3 5 19 -3 7 18 -9 11 15 -4 13 -12 -14 16 -2 -17 -6 20 -1 -22 23 -21
right_child=1 2 9 -5 6 -7 -8 8 -10 -11 12 -13 14 -15 -16 17 -18 -19 -20 22 21 -23 -24 -25
leaf_value=0.024772489328983117 -0.051510420874221592 -0.021896610131019813 0.0022417118944205003 -0.051093067393672295 0.017870885327318429 -0.011355935416958082 0.047662362746630521 -0.013292355371531561 0.017380691829688155 -0.012366163784802479 -0.0036036296058564671 -0.0091400365040013951 0.054382421230696198 -0.0059768666841162358 0.00087904620484883633 0.023023494565336942 0.0405240691838624 0.0077776491509314255 0.03466793654156787 0.031807775885058717 0.0065550888420351887 -0.0071431988139574768 0.045264450270911263 0.024833532983606639
leaf_weight=668.21789619326591 63.756548285484314 68.48105201125145 423.87528046965599 84.95134910941124 1078.24894079566 531.55711069703102 1936.8504166603088 457.15777191519737 674.82719191908836 277.24127253890038 204.12427565455437 298.72476217150688 561.25705650448799 173.08878588676453 3725.1534334719181 2573.1633272767067 118.14713245630264 1202.1729402542114 1331.8640471994877 829.90167751908302 93.780724495649338 44.417042136192322 4113.4006550610065 140.3593857884407
leaf_count=1126 113 89 288 86 1138 676 1600 579 779 133 222 268 536 313 4236 3797 125 1777 1437 1200 222 54 3392 215
internal_value=0.000993794 0.000404539 -0.00114922 -0.00289854 0.00152631 -0.00202972 0.00106974 0.000658193 -0.000668772 3.07391e-05 0.000710349 0.000831562 0.000310416 -0.00129278 0.000455823 0.00117699 -0.000623952 0.00126867 0.00128913 0.00194786 0.00152416 -0.00015489 0.00201142 0.00171417
internal_weight=21674.7 10305.7 1684.83 684.99 11369 600.038 5478.95 3542.1 1131.98 999.841 8620.86 722.6 4663.62 377.213 4286.41 3957.24 181.904 3775.34 2410.11 5890.08 806.416 138.198 5083.66 970.261
internal_count=24401 12659 1540 851 11742 765 5533 3933 1358 689 11119 556 5307 535 4772 5812 238 5574 2575 6209 1402 276 4807 1415
is_linear=0
shrinkage=0.0424476


Tree=61
num_leaves=24
num_cat=0
split_feature=6 8 8 8 9 8 9 9 6 5 9 9 9 8 8 5 8 8 8 9 8 6 5
split_gain=4.4022 5.12554 1.66692 4.83752 1.97325 1.32313 0.752477 1.95313 0.989279 0.729518 0.883647 1.089 0.259137 0.312103 0.122911 0.148837 0.253721 0.241786 0.178896 0.111947 0.0372311 0.0295194 0.0212226
threshold=-0.5 4.0509473958312698 6.4019224842663931 6.1200000000000037 2.1981552721683451 4.6400000000000032 -1.2485208537921115 -2.1254229404865188 0.70137043877975058 0.49822133722136902 2.4702330070121374 2.2644595143390203 0.83445155190621112 2.2579689752237351 2.0900000000000021 0.25881904510252091 3.8149094898600571 2.7216158680909519 6.3200000000000029 3.601459873110008 6.1900000000000004 -0.50143597553239838 0.25810558179186288
decision_type=2 2 2 2 2 2 2 2 2 2 2 2 2 2 2 2 2 2 2 2 2 2 2
left_child=14 9 3 5 -5 -3 7 -4 -8 12 11 -11 13 -2 -1 20 17 -17 -18 -12 21 -16 -14
right_child=1 2 6 4 -6 -7 8 -9 -10 10 19 -13 22 -15 15 16 18 -19 -20 -21 -22 -23 -24
leaf_value=0.040803394735067083 0.024731709065616982 -0.0062609484292253893 0.0021196679817139436 -0.016151446643764215 -0.01343828117488172 0.0026872334722400897 0.0086028144504409019 -0.025989387665333798 -0.0021241649625485556 -0.00016963159076960457 -0.00089593654521368806 -0.026390001927870273 0.039591317707828283 0.0012943408909543133 0.051387288896688678 0.04967707940714295 0.048445327190110715 -0.0074557606206804312 0.0033173912294158902 0.031442383023010223 0.097700419381158296 0.026232015219039565 0.022634639427957647
leaf_weight=2082.8545418083668 431.19389286637306 662.17900660634041 611.7047678232193 306.90829610824585 73.210970461368561 1955.9040665030479 1466.2052145302296 519.47794771194458 929.34028905630112 491.06967961788177 397.554488748312 60.379146844148636 2370.4753631353378 367.52023658156395 3097.2470387816429 229.88662114739418 1347.8212855160236 169.58547982573509 644.0180738568306 1230.8368822038174 1460.3527127206326 392.65347594022751 376.34059807658195
leaf_count=2486 724 1031 476 366 109 3243 1361 398 1111 938 692 102 2761 615 1994 199 1025 254 627 1671 1320 436 462
internal_value=0.00099019 0.000457512 -0.000353553 -0.00109061 -0.0055694 -0.000433238 0.000267797 -0.000625908 0.000697537 0.00138508 0.000758961 -0.000688053 0.00176479 0.00104108 0.00168062 0.00158624 0.00128011 0.000246799 0.00147805 0.00126036 0.00173038 0.00162135 0.00196849
internal_weight=21674.7 12250.3 6524.93 2998.2 380.119 2618.08 3526.73 1131.18 2395.55 5725.37 2179.84 551.449 3545.53 798.714 9424.42 7341.56 2391.31 399.472 1991.84 1628.39 4950.25 3489.9 2746.82
internal_count=24401 16060 8095 4749 475 4274 3346 874 2472 7965 3403 1040 4562 1339 8341 5855 2105 453 1652 2363 3750 2430 3223
is_linear=0
shrinkage=0.0424476


Tree=62
num_leaves=25
num_cat=0
split_feature=1 6 8 3 3 3 1 1 6 1 1 1 1 1 8 7 1 1 1 6 1 6 1 3
split_gain=5.07085 2.4039 2.34386 1.85816 2.50037 1.3437 1.13719 2.47714 1.12316 1.21135 3.69535 0.52619 0.294156 3.08639 0.348388 0.269579 0.249812 0.192364 0.351743 0.146704 0.133119 0.0740692 0.0473136 0.0229803
threshold=-0.084825532204959572 -0.5 2.4118506817661456 5.962356047298015 2.6800201927626977 2.7618942712527619 -0.30472723697333454 -0.25495596846646384 -0.5 0.39376516476197765 0.44088582098979784 0.99965739133362419 0.1714926119571353 0.14706992549541839 9.8300000000000018 1.8600000000000014 0.12332438255465399 -0.89414697905359375 -0.99166813670569331 0.96327418017081945 -0.12647779982076676 0.70137043877975058 -0.15800726916770966 6.5250000000000012
decision_type=2 2 2 2 2 2 2 2 2 2 2 2 2 2 2 2 2 2 2 2 2 2 2 2
left_child=1 6 15 4 -4 8 17 -8 11 19 -11 -2 13 16 21 22 -7 18 -1 -10 -9 -14 -3 -19
right_child=5 2 3 -5 -6 12 7 20 9 10 -12 -13 14 -15 -16 -17 -18 23 -20 -21 -22 -23 -24 -25
leaf_value=0.049444930699347169 0.05854955640715459 0.016877496505498333 -0.0018226841974078995 0.011323470685598384 -0.010083799208770379 0.022439534271675235 -0.021079936424304738 0.01394677977751565 0.014727443698924494 -0.022246888753268194 1.832923383300569e-05 -0.067674537301018273 0.049892746121107584 -0.021553367536942383 -0.031211017754977827 -0.0056369232862349744 -0.0040019747457602523 0.04146939566394587 -0.0013668846196252 0.025721501834903307 -0.034955607809028379 0.030832083824301637 -0.0021023258684998445 0.0069693546113762678
leaf_weight=321.45014208555222 1568.0196295678616 927.39191630482674 1605.6916640996933 364.15483102202415 1640.7635156810284 1117.9447177648544 119.69792568683624 307.70685705542564 814.38864222168922 127.80800753831863 1434.4329831004143 162.49718016386032 6642.1184119880199 127.81148973107338 180.84914988279343 46.730668753385544 78.924150496721268 1667.2909752428532 419.08393460512161 183.82730543613434 77.853163868188858 1647.1071726381779 36.854300558567047 77.928566247224808
leaf_count=368 1251 2575 2610 360 2049 1179 143 359 899 103 2203 51 4681 105 130 105 117 1948 868 217 116 1664 89 208
internal_value=0.000981266 9.59785e-05 -0.000508155 -0.00101686 -0.00134267 0.0014584 0.00103565 -0.000776661 0.000823765 0.000250639 -0.000478555 0.00166105 0.00173454 0.00110981 0.00183006 0.00129031 0.00179086 0.00141147 0.000789159 0.00141039 0.000837299 0.00187027 0.00145346 0.00166492
internal_weight=21698.3 7612.6 4621.59 3610.61 3246.46 14085.7 2991.01 505.258 4290.97 2560.46 1562.24 1730.52 9794.76 1324.68 8470.07 1010.98 1196.87 2485.75 740.534 998.216 385.56 8289.23 964.246 1745.22
internal_count=24398 11798 7788 5019 4659 12600 4010 618 4724 3422 2306 1302 7876 1401 6475 2769 1296 3392 1236 1116 475 6345 2664 2156
is_linear=0
shrinkage=0.0424476


Tree=63
num_leaves=24
num_cat=0
split_feature=6 7 0 6 4 7 5 4 4 7 5 7 4 4 0 4 7 4 4 4 6 4 4
split_gain=3.11178 3.17816 1.50531 1.29599 1.21869 0.964122 0.886666 0.612424 0.556262 1.02897 0.493167 0.335809 0.169795 0.622176 0.380594 0.102609 0.135345 0.0736992 0.0553584 0.383462 0.0453206 0.0163109 0.0134516
threshold=-0.5 2.4300000000000019 0.86106538556481482 0.70137043877975058 1005.8002005662419 6.6450000000000022 0.25810558179186288 1009.0026822852341 1008.8007423001054 3.892123922156641 0.96561987442640917 1.4103666037972484 1011.104480267663 1011.4153695986614 0.49746467839286013 1010.7030902829764 1.6608098955480688 1007.4070374775562 1012.8072037506793 1013.4500000000002 -1.0190982611065318 1005.8002005662419 1005.0156392627184
decision_type=2 2 2 2 2 2 2 2 2 2 2 2 2 2 2 2 2 2 2 2 2 2 2
left_child=12 6 3 4 -3 -5 15 11 17 -10 -9 -8 20 14 -14 -2 -17 -4 -15 -20 -1 22 -22
right_child=1 2 8 5 -6 -7 7 10 9 -11 -12 -13 13 18 -16 16 -18 -19 19 -21 21 -23 -24
leaf_value=0.10425001997421518 0.03224859263535601 -0.017799681130887417 -0.018260563419903245 -0.0026368985475453098 0.010380560155283804 0.0010197456500731636 0.019743396934422161 0.0031360270219357948 -0.01729494816436393 -0.0033122730334897649 -0.0038529142130798804 0.0019610452931479801 0.042431478579193452 0.041420908707389209 -0.041733239954667732 0.035865724984744211 -0.0011573245710191893 0.015631833525057103 -0.0026856591885042816 0.032400498152931417 0.03471508755998047 0.044463076064944845 0.03170859825910808
leaf_weight=775.70505750179291 2689.093736410141 207.94482463598251 64.023823827505112 1896.4315814375877 2078.2126930654049 572.85459178686142 1432.5072731673717 442.8535523712635 640.99597331881523 983.35706594586372 340.71673035621643 713.44286254048347 106.0353008210659 746.40729930996895 115.3283087015152 97.153060793876648 64.500495731830597 97.535715371370316 234.85185626149178 449.02637314796448 710.36418822407722 5722.0995444357395 516.88539257645607
leaf_count=177 3229 361 122 3206 2682 417 2129 643 604 513 546 1082 101 794 116 229 119 181 238 556 688 5157 508
internal_value=0.0010187 0.000572914 -6.52306e-05 0.000326368 0.00105663 -0.000342238 0.00129829 0.000768731 -0.00111832 -0.00136 -0.000227374 0.00114108 0.00160251 0.00117369 -0.000868026 0.00183597 0.000614973 0.00119681 0.00150263 0.00114556 0.0016918 0.00164374 0.001395
internal_weight=21698.3 12321.6 6541.36 4755.44 2286.16 2469.29 5780.27 2929.52 1785.91 1624.35 783.57 2145.95 9376.7 1651.65 221.364 2850.75 161.654 161.56 1430.29 683.878 7725.05 6949.35 1227.25
internal_count=24398 16063 8086 6666 3043 3623 7977 4400 1420 1117 1189 3211 8335 1805 217 3577 348 303 1588 794 6530 6353 1196
is_linear=0
shrinkage=0.0424476


Tree=64
num_leaves=22
num_cat=0
split_feature=2 2 3 5 3 3 8 2 2 2 2 5 0 0 8 3 3 2 8 5 8
split_gain=3.10231 1.90906 6.0346 1.64793 1.72924 3.4693 1.48035 0.990594 3.07627 3.04726 0.982773 0.568987 0.396513 0.416597 0.383732 0.353809 0.0966318 0.245836 0.0948521 0.0191686 0.0387346
threshold=0.17553149042142802 0.19311121294034192 2.8025744181662104 0.25810558179186288 2.5627506087349254 3.0707466034808912 3.6800000000000019 -0.63174868667326445 -0.42882523534942024 -0.49002866642905923 0.22611568550828817 0.25881904510252091 -0.86568060326902374 -0.86718364684052496 4.1500000000000012 2.9923900646450159 8.0950000000000006 -0.94941443599233932 3.895 0.25810558179186288 1.5116465390248897
decision_type=2 2 2 2 2 2 2 2 2 2 2 2 2 2 2 2 2 2 2 2 2
left_child=6 2 -2 10 11 -6 16 12 9 -9 -3 -5 13 -8 -10 -12 19 -18 -14 -1 -21
right_child=1 3 -4 4 5 -7 7 8 14 -11 15 -13 18 -15 -16 -17 17 -19 -20 20 -22
leaf_value=0.035790619004507147 -0.020390248595581782 -0.033361933837398453 0.07679505289469872 -0.0083254761002653534 -0.014577405511495931 -0.00033057776884428081 0.009903245722836327 -0.0027868018079138224 -0.019298082467607378 -0.016076246343661924 0.0061459781337219535 0.0038035738735283458 0.0054374800360603012 -0.0098126065115972834 0.025926790900685066 0.02034526012348517 -0.0061991450717180123 0.020331833968101155 0.045866562250026818 0.020602374484435478 0.038365404088407717
leaf_weight=3941.3634064793587 74.059502869844437 98.080326825380325 119.72998678684235 160.24308586120605 491.00987777113914 2477.562953799963 235.44320607185364 371.9600405395031 88.291771620512009 189.02833551168442 2254.8630849421024 1411.5079371035099 129.77383089065552 105.64451965689659 2197.1655838489532 1569.1723148524761 53.271467804908752 99.106063365936279 2632.3460434675217 1028.6791607439518 1555.7636886537075
leaf_count=3791 82 113 135 209 485 2474 397 498 98 201 3259 1663 123 253 2044 2468 152 229 2405 1618 1494
internal_value=0.0009874 0.000365539 -0.00378959 0.000462885 -8.38761e-05 -0.000690422 0.00141221 0.000919076 0.000338657 -0.00246817 0.00110055 0.00104992 0.0014455 2.39873e-05 0.00103573 0.00121163 0.00184877 0.000598827 0.00161433 0.00187512 0.0017164
internal_weight=21284.1 8656.23 193.789 8462.44 4540.32 2968.57 12627.8 5949.65 2846.45 560.988 3922.12 1571.75 3103.21 341.088 2285.46 3824.04 6678.18 152.378 2762.12 6525.81 2584.44
internal_count=24191 10888 217 10671 4831 2959 13303 6019 2841 699 5840 1872 3178 650 2142 5727 7284 381 2528 6903 3112
is_linear=0
shrinkage=0.0424476


Tree=65
num_leaves=25
num_cat=0
split_feature=1 2 2 2 2 1 7 7 1 1 4 7 2 7 7 7 7 2 2 4 2 9 4 1
split_gain=3.78737 1.44259 1.69758 1.30444 4.97607 1.29264 2.22738 1.16 0.840593 4.11778 3.07739 0.69089 2.65658 0.522603 0.370279 0.975709 0.369872 0.740349 6.5081 0.307246 0.186126 0.0948541 0.0931428 0.0194029
threshold=-0.084825532204959572 1.0000000180025095e-35 0.055916990100603255 0.95989713290459411 0.96844073143777087 -0.12647779982076676 4.7500000000000027 3.2850000000000006 -0.96683886033945943 -0.98370018436603723 1010.2009455382565 2.9900000000000007 0.98662138620987927 4.0135701372732129 1.3100000000000007 1.3400000000000019 2.7806270598745173 -0.53407657017901478 -0.42882523534942024 1011.6012981907139 -0.012910296075008829 -1.6821905164697843 1004.9007916191853 0.29672310423526954
decision_type=2 2 2 2 2 2 2 2 2 2 2 2 2 2 2 2 2 2 2 2 2 2 2 2
left_child=3 16 13 8 -5 7 -7 -6 9 20 -11 12 -4 -3 21 -16 23 22 -19 -13 -1 -10 -18 -2
right_child=1 2 11 4 5 6 -8 -9 14 10 -12 19 -14 -15 15 -17 17 18 -20 -21 -22 -23 -24 -25
leaf_value=0.0090208582160308682 0.013022561068055856 -0.066005605184334501 0.0077672800864032124 -0.059185391911680089 -0.0077249047857177967 0.0097574378792022656 -0.00953394676461858 0.0087342801996415139 -0.0037742541363008663 -0.017622870071957158 -0.011510299099961733 0.014367881660099764 -0.010078402484319441 -0.035039939424644909 -0.0092867735371064998 0.0031999849378223952 0.019200678297976625 -0.015393847545576652 0.073964605168139533 0.0039076150621755821 0.031643479847108573 0.017333634976088412 0.051076722547977911 0.0569618591881259
leaf_weight=382.21142327785492 504.65901750326157 150.40909269452095 1461.7515919208527 200.41778972744942 123.13122519850731 88.610044568777084 101.97329568862915 552.27745988965034 65.716739535331726 263.27073022723198 74.193911224603653 1857.1389058530331 205.31331625580788 149.72318688035011 60.714828938245773 4216.6206516027451 108.92870056629181 137.84879890084267 938.50295576453209 1668.9212109446526 401.26369148492813 957.80049720406532 1741.7602758407593 4870.9068477749825
leaf_count=681 955 92 2430 136 97 118 88 354 166 534 71 2029 216 80 90 6044 120 117 591 1611 758 2565 1380 2868
internal_value=0.000981385 0.00139879 0.000858523 0.000209906 -0.00116013 0.000214075 -0.00284619 0.00110505 0.000440302 -0.000607179 -0.00453764 0.00104035 0.00031381 -0.00222577 0.0006653 0.000485095 0.00175402 0.00134956 0.000441626 0.00137859 0.00106219 0.00140028 0.0018676 0.0019708
internal_weight=21284.1 13795.9 5493.26 7488.2 1066.41 865.992 190.583 675.409 6421.79 1120.94 337.465 5193.13 1667.06 300.132 5300.85 4277.34 8302.61 2927.04 1076.35 3526.06 783.475 1023.52 1850.69 5375.57
internal_count=24191 12489 6458 11702 793 657 206 451 10909 2044 605 6286 2646 172 8865 6134 6031 2208 708 3640 1439 2731 1500 3823
is_linear=0
shrinkage=0.0424476


Tree=66
num_leaves=24
num_cat=0
split_feature=2 2 3 6 3 3 8 6 4 2 2 2 4 2 6 3 2 4 3 2 2 2 2
split_gain=5.05211 2.19073 6.13568 1.41595 1.48514 1.37184 1.13556 1.54842 0.850812 1.36676 0.824227 1.09079 0.559915 0.370853 0.323284 0.241777 1.43366 0.0914392 0.0488298 0.158188 0.00598284 0.0913513 0.00721763
threshold=0.17553149042142802 0.19311121294034192 2.7206933245409366 -0.5 1.9200914792203327 2.0850000000000004 2.8937784646993499 -0.5 1007.9002757846887 -0.63174868667326445 0.95493138204271821 0.98878412116898506 1005.901102499009 0.88669092404404137 -0.49938512447000033 2.0031180588207467 1.0000000180025095e-35 1009.8013827846574 8.0950000000000006 -0.94941443599233932 -0.40175069836505656 -0.34958552282798544 -0.80862454125094219
decision_type=2 2 2 2 2 2 2 2 2 2 2 2 2 2 2 2 2 2 2 2 2 2 2
left_child=6 2 -2 10 13 -6 18 15 9 -9 12 -12 -3 -5 -10 16 -8 -17 20 -20 22 -22 -1
right_child=1 3 -4 4 5 -7 7 8 14 -11 11 -13 -14 -15 -16 17 -18 -19 19 -21 21 -23 -24
leaf_value=0.020565488726036561 -0.018546653557932655 -0.026291514840119649 0.074023868840257634 0.024778090629457947 -0.012196953104304522 -0.0014035982030841995 0.08943921170311811 0.0041513264887120538 -0.01130116490239327 -0.01170977519135102 -0.0069316845197869492 0.047002688069001548 0.028801291469637037 -0.00071215477331906904 0.0072854245928779642 0.068436305136647863 -0.043100914942424226 0.10788052740552379 -0.0033283808334359866 0.016508685609692781 0.024381393903558875 0.034389699382061552 0.04546513732598173
leaf_weight=1542.0574981570244 75.470484673976898 62.657131344079971 106.41366973519325 730.83978042006493 294.33364361524582 4229.9646941423416 518.69073694944382 613.7357891201973 89.326401233673096 406.55645206570625 345.89429569244385 340.36797332763672 1968.0735488831997 794.27240970730782 1163.635074287653 2666.5616852045059 121.79824811220169 952.71250432729721 50.645657688379288 94.789989203214645 240.84831035137177 1621.9423539936543 2724.7171336114407
leaf_count=2313 82 106 119 1388 378 4714 351 1204 201 742 418 413 2741 693 2002 1476 88 407 144 226 257 1870 2022
internal_value=0.0009159 0.000139738 -0.00446594 0.000237414 -0.000121386 -0.000510268 0.00145672 0.00105843 0.000154777 -0.000745349 0.0010431 -0.000205166 0.00147405 0.0010201 0.000902532 0.00153632 0.000723707 0.001675 0.00186843 0.0008381 0.00188985 0.00171312 0.00196267
internal_weight=21756.3 8948.29 181.884 8766.4 6049.41 4524.3 12808 6533.02 2273.25 1020.29 2716.99 686.262 2030.73 1525.11 1252.96 4259.76 640.489 3619.27 6275 145.436 6129.57 1862.79 4266.77
internal_count=24355 11052 201 10851 7173 5092 13303 6471 4149 1946 3678 831 2847 2081 2203 2322 439 1883 6832 370 6462 2127 4335
is_linear=0
shrinkage=0.0424476


Tree=67
num_leaves=24
num_cat=0
split_feature=2 1 5 1 4 4 4 5 2 1 1 5 1 1 1 9 2 4 1 1 4 4 9
split_gain=4.47727 4.3171 3.00158 1.50003 1.48264 1.75167 0.675684 2.24072 0.663748 0.5094 2.3265 0.401034 0.54598 0.257244 0.564823 1.9739 0.308767 0.213686 0.244059 0.165252 0.114331 0.0331772 0.0247427
threshold=0.17553149042142802 -0.97310932590074073 0.49822133722136902 -0.047406159029233223 1010.6100755919166 1010.301597619405 1010.0004489774752 -0.17728696862733459 0.55648762997242973 0.1714926119571353 0.12332438255465399 -0.70602415197119972 -0.13770953319759507 0.85446532134987485 0.89353735526289724 3.4346036631423655 1.0000000180025095e-35 1009.8013827846574 -0.76665171983724034 -0.78509050164541117 1013.9292310981979 1003.8028816474067 -3.5547321075495524
decision_type=2 2 2 2 2 2 2 2 2 2 2 2 2 2 2 2 2 2 2 2 2 2 2
left_child=3 6 9 11 5 -4 7 -2 -6 10 -3 12 19 21 15 -15 -16 18 -13 -1 -11 -5 -23
right_child=1 2 4 13 8 -7 -8 -9 -10 20 -12 17 -14 14 16 -17 -18 -19 -20 -21 -22 22 -24
leaf_value=-0.0044431070599441928 -0.045611505273731347 0.004109206924315289 -0.0057446863216654397 0.027391052075303901 0.031601642733509058 -0.021804235230375658 -0.010234452243090246 0.0016346292871468287 -0.0003386723999047425 0.020958563408928509 -0.011563531500288266 0.0026019428085750128 -0.035810323024822489 -0.0084286192799162361 0.05514534620128226 0.10752731368768796 0.0072721586431002527 0.031330903423944963 0.014597067805138628 0.0066306814490897543 -0.0069600126641903301 0.030494510567092726 0.041677700628667637
leaf_weight=445.40812513232231 59.458239823579788 2545.0537900626659 1318.3647105693817 249.37147086858749 300.32047998905182 169.02368772029877 85.090157300233841 68.260418206453323 2263.6714574694633 1908.6681191921234 91.696805506944656 880.80642181634903 43.457000970840454 217.10511070489883 2890.9391548335552 382.07987281680107 648.23007220029831 492.99761575460434 1315.483877569437 492.03285449743271 138.67976570129395 113.61604961752892 4636.4902075231075
leaf_count=1001 85 3637 1637 203 493 183 40 95 1729 2793 126 2007 99 140 1606 95 621 622 2157 901 234 155 3696
internal_value=0.000913928 0.000183036 0.000330568 0.00142312 -0.000512401 -0.0015793 -0.00578559 -0.00358209 9.92966e-05 0.00106362 0.000661339 0.000689804 -2.6694e-05 0.00171562 0.00144963 0.0002086 0.0016545 0.000958026 0.000763816 0.00016993 0.00157267 0.00193209 0.00196552
internal_weight=21756.3 8948.29 8735.48 12808 4051.38 1487.39 212.809 127.719 2563.99 4684.1 2636.75 3670.19 980.898 9137.83 4138.35 599.185 3539.17 2689.29 2196.29 937.441 2047.35 4999.48 4750.11
internal_count=24355 11052 10832 13303 4042 1820 220 180 2222 6790 3763 6787 2001 6516 2462 235 2227 4786 4164 1902 3027 4054 3851
is_linear=0
shrinkage=0.0424476


Tree=68
num_leaves=25
num_cat=0
split_feature=1 5 9 1 1 1 9 9 1 4 9 9 1 1 4 9 4 1 5 5 9 1 1 4
split_gain=4.07548 1.5523 1.17341 1.673 0.944934 3.93563 5.64388 1.07446 0.998788 0.616524 1.41308 3.52249 1.02304 0.485128 0.413507 0.414162 0.312641 0.170437 0.140045 0.326587 0.342189 0.0925028 0.0875127 0.0329158
threshold=-0.084825532204959572 0.70436907356351874 3.4346036631423655 0.99865756837029906 -0.30472723697333454 -0.25495596846646384 -1.3893731532515383 3.6913467086885441 -0.12647779982076676 1010.6100755919166 -0.25667990503868404 1.0000000180025095e-35 -0.85654306401281477 0.70895390452562135 1007.3001227931106 0.40966778949115407 1009.5033858388621 -0.96683886033945943 -1.0000000180025095e-35 1.0000000180025095e-35 1.4801675009391817 -0.047406159029233223 0.99965739133362419 1004.3960501667991
decision_type=2 2 2 2 2 2 2 2 2 2 2 2 2 2 2 2 2 2 2 2 2 2 2 2
left_child=4 18 3 13 9 6 -6 8 -7 14 12 -12 -11 -3 15 -1 -8 -16 21 20 -20 -2 -21 -4
right_child=1 2 23 -5 5 7 16 -9 -10 10 11 -13 -14 -15 17 -17 -18 -19 19 22 -22 -23 -24 -25
leaf_value=-0.005791030693072202 0.004590502202010403 0.0037215423988163259 0.039111082981239553 -0.052125549977202403 -0.045057409973777149 0.010886817455303167 -0.0099292457330188537 -0.010923297331109874 -0.0039817445244439229 -0.0041704609847945219 -0.028501635548327825 -0.00038025085483992975 0.0054088720294476278 -0.0044224479324032834 0.003804504776362694 0.0059987689755009463 -0.0041963911818562582 0.0087298591233655239 -0.0054475261705543175 0.029209389531728715 0.025815955764443215 0.036054376740033117 0.043117016160895291 0.047328046220472278
leaf_weight=606.25058382749557 96.888333290815353 1628.6641764044762 124.49586030840874 149.164117872715 135.44793632626534 924.97612246870995 145.76101407408714 89.870001792907715 242.68071913719177 236.78464698791504 138.89846506714821 537.52605673670769 535.94327092170715 636.7973361313343 580.96676281094551 936.23298943042755 120.59735137224197 2364.6385662555695 168.32869786024094 3075.1167057156563 177.09325557947159 6371.213507771492 377.08581572771072 1084.477416664362
leaf_count=1214 125 1544 79 74 71 949 241 89 323 331 113 721 544 861 1024 2157 98 3907 254 2590 234 5649 108 1047
internal_value=0.000997444 0.00143002 0.000666255 0.000117515 0.000204104 -0.000686964 -0.00434859 0.000468311 0.000825704 0.000456258 -0.000296009 -0.00172237 0.000928632 0.00041168 0.000703283 0.000126385 -0.000686762 0.000999091 0.0016978 0.00146731 0.000161905 0.00183027 0.00159257 0.0017469
internal_weight=21485.9 13889.3 3623.6 2414.63 7596.57 1659.33 401.806 1257.53 1167.66 5937.24 1449.15 676.425 772.728 2265.46 4488.09 1542.48 266.358 2945.61 10265.7 3797.62 345.422 6468.1 3452.2 1208.97
internal_count=24347 12565 3605 2479 11782 1771 410 1361 1272 10011 1709 834 875 2405 8302 3371 339 4931 8960 3186 488 5774 2698 1126
is_linear=0
shrinkage=0.0424476


Tree=69
num_leaves=18
num_cat=0
split_feature=8 0 0 8 8 9 8 8 4 8 4 7 7 4 0 9 8
split_gain=2.25189 1.54637 0.734199 0.491706 2.57828 1.83371 0.281783 0.568784 1.51054 0.382112 0.193452 0.605069 0.147182 0.109775 0.166704 0.091508 0.0115454
threshold=2.2579689752237351 0.86106538556481482 1.0025486335058764 6.4019224842663931 6.1200000000000037 -1.0533059085779326 10.195000000000002 9.2150000000000016 1009.6009826208134 8.4749999999999996 1009.8013827846574 1.6608098955480688 1.1402718051256746 1010.4018718085059 0.69601821493876959 -2.0265954215997559 1.2099999999999993
decision_type=2 2 2 2 2 2 2 2 2 2 2 2 2 2 2 2 2
left_child=10 6 3 4 -3 -5 7 9 -9 -2 12 13 15 14 -12 -1 -17
right_child=1 2 -4 5 -6 -7 -8 8 -10 -11 11 -13 -14 -15 -16 16 -18
leaf_value=-0.00067199199134367732 0.0080423363395745826 -0.001794690305427774 0.11205545496636074 -0.004341328972589961 -0.058123251452264171 0.0053125077923449494 0.018812554301305687 -0.0083727755177637215 0.0009085270453103656 0.016114105874247255 0.042424126097603335 -0.054869304661539185 0.030676765235846389 0.023566747178433878 -0.018066502944571093 0.016642601390696826 0.024913878156816092
leaf_weight=64.190130531787872 10640.574896931648 1505.2789615094662 253.68285584449768 565.75113481283188 118.60808491706848 832.90200632810593 380.30450528860092 81.065269768238068 410.86188018321991 509.70078766345978 102.33065816760063 67.233881890773773 2655.1278030276299 314.11733514070511 65.392080932855606 1249.5624891519547 1669.2149484455585
leaf_count=149 11465 2104 58 368 143 649 375 76 441 519 179 108 2658 634 123 2143 2155
internal_value=0.000956852 0.00067843 -0.000134173 -0.000323566 -0.000828703 0.00024968 0.000901411 0.000861526 -0.000527235 0.000924457 0.0016423 0.000815066 0.00171957 0.00136767 0.000347939 0.00148843 0.00152337
internal_weight=21485.9 15298.7 3276.22 3022.54 1623.89 1398.65 12022.5 11642.2 491.927 11150.3 6187.17 549.074 5638.1 481.84 167.723 2982.97 2918.78
internal_count=24347 16198 3322 3264 2247 1017 12876 12501 517 11984 8149 1044 7105 936 302 4447 4298
is_linear=0
shrinkage=0.0424476


Tree=70
num_leaves=25
num_cat=0
split_feature=2 1 8 2 2 8 7 9 9 9 1 8 9 2 1 8 9 7 2 2 8 1 2 2
split_gain=3.66882 1.85233 1.26088 1.10201 1.32345 3.06631 1.02477 1.6006 0.842457 0.971023 0.746177 0.685302 0.583883 0.577393 0.516839 0.482668 0.451742 0.428303 0.31541 0.708998 0.129166 0.0414006 0.263339 0.0197132
threshold=0.63874942205152718 -0.047406159029233223 5.8899999999999997 0.99370977118463066 0.98337410965167582 4.6400000000000032 4.7500000000000027 0.89084768233117739 4.0670511817719044 4.998170518466595 -0.25495596846646384 2.0900000000000021 -1.0533059085779326 0.49889468935047204 -0.76665171983724034 9.5950000000000024 -1.6821905164697843 5.5599561741628962 0.24287861226725038 0.3090169943749474 1.2310647922505453 -0.90518480756366004 -0.19264186795320956 -0.73249407161357893
decision_type=2 2 2 2 2 2 2 2 2 2 2 2 2 2 2 2 2 2 2 2 2 2 2 2
left_child=1 11 18 4 8 -6 7 -4 10 -10 -2 21 -7 14 -13 -8 17 -5 20 -20 -3 22 -1 -23
right_child=3 2 6 16 5 12 15 -9 9 -11 -12 13 -14 -15 -16 -17 -18 -19 19 -21 -22 23 -24 -25
leaf_value=-0.0021696125242018994 -0.0021321050571256935 0.018931538811368151 0.022323255952426721 -0.0086149039504858031 -0.0080130867022486663 -0.00051310924300764361 0.037012878895916278 -0.011252339242174007 -0.01080100732161832 0.0006726219098070745 0.003693595517245454 -0.0010011796739620314 0.025325579612634708 0.052859957157564821 0.010066466303213187 -0.0027984993456789341 0.016610250801716454 0.0051119763555207542 -0.0096452016625265587 0.023986302621150382 0.045801039644559859 0.011517235811177468 0.021122790995453472 0.02255959348608606
leaf_weight=138.08768284320831 1779.0799980163574 870.04511517286301 356.58384409546852 188.03989300131798 148.03550106287003 338.38020530343056 1417.8903012275696 379.98432892560959 136.28716439008713 158.68297243118286 2472.3820983469486 1765.0789450407028 134.12499487400055 292.67535442113876 1445.1082442700863 146.1335117816925 627.01574975252151 125.81508600711823 119.70756819844246 508.55945220589638 7008.5273110866547 478.5314701795578 363.72739413380623 369.78548127412796
leaf_count=414 2088 917 385 154 146 198 1150 286 191 319 2789 2848 194 521 1777 169 644 87 169 927 4786 1349 1058 939
internal_value=0.000921868 0.00126605 0.00157639 3.63492e-05 -0.000203838 -0.00204328 0.000681778 -0.000606615 4.31597e-05 -0.00214518 0.00019935 0.000571132 -0.000331913 0.000251493 8.09233e-05 0.00130038 0.00137505 5.04535e-07 0.00181615 0.000846043 0.00189116 0.0013867 0.000976226 0.00160767
internal_weight=21768.3 15660.4 10807.4 6107.84 5166.97 620.541 2300.59 736.568 4546.43 294.97 4251.46 4852.99 472.505 3502.86 3210.19 1564.02 940.871 313.855 8506.84 628.267 7878.57 1350.13 501.815 848.317
internal_count=24505 17695 8789 6810 5925 538 1990 671 5387 510 4877 8906 392 5146 4625 1319 885 241 6799 1096 5703 3760 1472 2288
is_linear=0
shrinkage=0.0424476


Tree=71
num_leaves=23
num_cat=0
split_feature=6 8 3 3 8 6 4 7 8 3 8 6 4 7 7 8 3 4 8 3 3 4
split_gain=3.55642 4.28182 1.53206 0.645391 1.62149 1.54774 0.59485 0.458277 0.344598 0.333076 0.71552 0.172771 0.149778 0.481018 0.136336 0.0858554 0.0796317 0.263885 0.536453 0.072302 0.063155 0.0605904
threshold=-0.5 3.5850000000000013 1.8050000000000004 4.4720225700046816 4.6400000000000032 -0.49938512447000033 1006.601338920563 2.7806270598745173 2.2579689752237351 4.2117373351078404 2.53575660427077 -1.0190982611065318 1009.8013827846574 1.5600000000000007 2.1506285345216059 1.2310647922505453 1.5401015026853102 1010.301597619405 6.4019224842663931 4.9902032833865286 3.7301007904183989 1010.5018667981259
decision_type=2 2 2 2 2 2 2 2 2 2 2 2 2 2 2 2 2 2 2 2 2 2
left_child=11 8 6 5 -5 -4 -3 -8 12 10 -10 -1 15 -14 -11 -2 17 -13 -19 20 -18 -21
right_child=1 2 3 4 -6 -7 7 -9 9 14 -12 16 13 -15 -16 -17 19 18 -20 21 -22 -23
leaf_value=0.096726878627950791 0.01283066042581266 -0.012241347148351116 -0.010848795131869239 -0.0076910875751828841 0.015645315145951834 -0.0017007292252876956 -0.0065680129245785307 0.0073656281588139775 -0.014614238720607315 0.044782171387994639 0.0033615384997544543 0.039821836093344165 0.017154393847181561 -0.063101799876104245 -0.0054595724565362777 0.024062436831838025 0.037885229923390593 -0.046767570446126124 0.1176412884390191 0.024249448977139119 0.039613484319978839 0.0010644678557835765
leaf_weight=1031.5707136392593 1025.0105159580708 85.890479892492294 250.14273846149445 306.87111639976501 776.80374363064766 3882.4962053000927 262.97693648934364 1259.2503817081451 182.73169031739235 459.58529299497604 604.24574014544487 353.47209763526917 284.07298400998116 47.41210725903511 247.24611541628838 2585.5743811428547 3934.2351025640965 124.78424483537674 110.01250252127647 1288.9335135817528 2313.5846399664879 351.36642417311668
leaf_count=233 1762 148 298 339 570 5183 453 1763 320 334 964 446 578 85 246 3077 3598 127 150 1404 2016 411
internal_value=0.00092521 0.000445289 -0.000260418 -0.000615641 0.000293732 -0.000858581 0.000880314 0.00108277 0.00133467 0.000760824 0.000133901 0.00154211 0.00154742 0.00059203 0.00143262 0.00163 0.00147149 0.000909703 -0.000121398 0.00151104 0.00158741 0.00120882
internal_weight=21768.3 12260.3 6824.43 5216.31 1083.67 4132.64 1608.12 1522.23 5435.88 1493.81 786.977 9507.96 3942.07 331.485 706.831 3610.58 8476.39 588.269 234.797 7888.12 6247.82 1640.3
internal_count=24505 16120 8754 6390 909 5481 2364 2216 7366 1864 1284 8385 5502 663 580 4839 8152 723 277 7429 5614 1815
is_linear=0
shrinkage=0.0424476


Tree=72
num_leaves=25
num_cat=0
split_feature=1 3 5 1 2 1 1 3 1 3 2 3 5 3 5 1 1 2 5 3 3 1 2 2
split_gain=4.32392 2.55584 2.5182 2.09888 7.60924 1.59213 5.01053 1.42955 1.46684 1.93302 0.458339 0.570333 0.734783 0.412894 0.274816 0.249171 2.8651 0.148937 0.103149 0.0784613 0.0657242 0.0605451 0.0388561 0.00618033
threshold=0.19678319559988264 2.6450000000000005 0.70436907356351874 0.12332438255465399 0.98662138620987927 0.39376516476197765 0.46382785666522619 1.8050000000000004 -0.030120025924939096 4.4720225700046816 0.24287861226725038 4.0434714921013652 0.49822133722136902 7.285000000000001 -0.99919092643031493 0.86753754618373868 0.89353735526289724 0.6560205754440015 -0.70710678118654735 1.3119813576493016 6.2634685979117801 0.29672310423526954 -0.9592682739222077 0.48250774176121808
decision_type=2 2 2 2 2 2 2 2 2 2 2 2 2 2 2 2 2 2 2 2 2 2 2 2
left_child=3 2 15 7 13 19 -7 14 9 -9 21 12 -12 -5 -1 17 -17 -2 -16 -4 -10 22 -3 -13
right_child=1 10 5 4 -6 6 -8 8 20 -11 11 23 -14 -15 18 16 -18 -19 -20 -21 -22 -23 -24 -25
leaf_value=-0.004213834615231114 0.037207075183300561 0.0072323094412768589 -0.00084485172162411016 0.01685457219249285 -0.009776700524032185 -0.016476412575768266 -0.0079401652768775928 -0.0037801045180107405 0.017721155167929808 0.006048387741718458 0.017806714862846278 0.028180185948962096 -0.0098253794653274697 -0.0018924679059208794 0.010628554941347339 -0.0089453942039763555 0.029075875732703794 0.0061556493786958672 0.018592156271084629 0.019426313635972994 0.0014740290933293963 0.047552098676944168 0.044043770065266448 0.017868039965607874
leaf_weight=87.02673602104187 779.41110542416573 207.81979784369469 111.95561593770981 292.8986619412899 164.7914477288723 67.219866633415222 763.96469959616661 4322.8531748652458 964.9375234246254 2287.0725477039814 592.14002108573914 174.95578691363335 325.31594333052635 70.192705512046814 335.49924692511559 105.93497890233994 743.68243235349655 600.49902477860451 1001.7605755627155 173.12765136361122 81.317787736654282 6503.3232268989086 134.90707084536552 646.70798003673553
leaf_count=144 743 228 68 437 150 58 946 6300 1003 3722 888 300 399 51 610 101 721 912 1504 146 107 3969 79 702
internal_value=0.000821332 0.00136124 0.000359061 0.000148988 -0.00244915 -0.00127874 -0.00222634 0.00030207 6.98171e-05 -0.000161403 0.00174965 0.00110845 0.000356016 0.000937701 0.00153752 0.00118737 0.000579912 0.00154796 0.00169199 0.00141909 0.00154828 0.00190982 0.00120116 0.00192605
internal_weight=21539.3 11931 3345.8 9608.35 527.883 1116.27 831.185 9080.47 7656.18 6609.93 8585.17 1739.12 917.456 363.091 1424.29 2229.53 849.617 1379.91 1337.26 285.083 1046.26 6846.05 342.727 821.664
internal_count=24288 10260 3695 14028 638 1218 1004 13390 11132 10022 6565 2289 1287 488 2258 2477 822 1655 2114 214 1110 4276 307 1002
is_linear=0
shrinkage=0.0424476


Tree=73
num_leaves=25
num_cat=0
split_feature=2 6 2 8 6 9 8 4 8 8 4 2 2 2 2 2 8 2 2 8 9 9 8 2
split_gain=3.99353 1.73928 4.13882 1.32666 2.90854 1.11543 2.12901 0.893315 0.849811 1.28295 0.792473 0.632262 0.403918 0.351319 0.248328 0.405184 0.200298 0.188533 0.474455 0.138625 0.132102 0.0698881 0.0562558 0.0567344
threshold=0.17553149042142802 -0.5 0.19311121294034192 2.8937784646993499 -0.2589913477455501 0.94509207671869089 4.6400000000000032 1011.4153695986614 4.3100000000000014 4.0509473958312698 1009.9017561371801 -0.65784256433233057 0.95989713290459411 0.98662138620987927 -0.94941443599233932 -0.99348681298364305 3.515000000000001 -0.63174868667326445 -0.42882523534942024 3.895 3.3533333910973657 2.4093087724510558 1.5803831406652786 -0.38168922026665864
decision_type=2 2 2 2 2 2 2 2 2 2 2 2 2 2 2 2 2 2 2 2 2 2 2 2
left_child=3 8 -3 14 17 6 -4 -7 9 16 11 -6 -10 -14 15 -1 -2 19 -19 -5 -17 -12 23 -16
right_child=1 2 5 4 10 7 -8 -9 12 -11 21 -13 13 -15 22 20 -18 18 -20 -21 -22 -23 -24 -25
leaf_value=0.020634484668924931 -6.9436640009956481e-05 -0.01753939582788528 -0.0086840155747292327 0.036605217216684666 -0.00074783469790000922 6.5005543263479428e-05 -0.0002834343017407995 0.023790527074483998 0.048433916590563182 -0.014987529528272422 0.015847006259509949 -0.0075274619004898589 -0.0019011337901096942 0.042047972724339557 0.022058971843093082 -0.0034535809073960185 0.028453355979719701 -0.0067646515458919289 0.065386981662448163 0.072134663068551971 0.01345739655043853 -0.012720138258028821 0.036791920136730966 0.01336307937984214
leaf_weight=415.43928697705269 587.32157179713249 80.623898327350616 643.65451666712761 230.51208826899529 826.16549268364906 1572.5735234618187 3141.7206591069698 559.61945071816444 1500.2670199871063 59.107815563678741 277.72268611192703 818.94167894124985 202.31267204880714 300.62970545887947 1851.3973157405853 294.77530264854431 129.7004916369915 308.32939991354942 1710.0491333305836 2240.7664455771446 56.302951872348785 49.96453583240509 3173.2941738069057 508.12379288673401
leaf_count=524 1177 136 904 153 1776 2667 2947 600 1616 85 516 1509 239 366 2161 702 221 308 971 1194 113 63 2407 933
internal_value=0.000828915 0.000129646 -0.000274667 0.00130842 0.000875364 -0.000141332 -0.000581267 0.00063102 0.00100887 -0.000162231 -0.000476049 -0.000862759 0.00147184 0.000383399 0.00174975 0.000980696 0.000308768 0.00147331 0.0011413 0.00173697 -2.97021e-05 0.00140883 0.00185294 0.00164633
internal_weight=21539.3 8777.53 5998.19 12761.8 6462.45 5917.57 3785.38 2132.19 2779.34 776.13 1972.79 1645.11 2003.21 502.942 6299.33 766.518 717.022 4489.66 2018.38 2471.28 351.078 327.687 5532.82 2359.52
internal_count=24288 10958 7254 13330 6490 7118 3851 3267 3704 1483 3864 3285 2221 605 6840 1339 1398 2626 1279 1347 815 579 5501 3094
is_linear=0
shrinkage=0.0424476


Tree=74
num_leaves=25
num_cat=0
split_feature=5 9 6 9 9 9 6 9 4 6 4 9 4 6 9 6 9 4 5 6 4 6 6 6
split_gain=2.72741 1.34281 1.46494 0.710871 2.47979 0.854959 0.501904 0.641091 0.938462 0.901908 0.416116 0.385412 0.325653 0.431685 0.555055 0.224307 0.202628 0.219346 0.1862 0.0600174 0.0556421 0.0540499 0.0442456 0.0291068
threshold=0.25810558179186288 2.4702330070121374 -0.5 -1.0000000180025095e-35 0.25604061179386767 -0.93637319329899416 -0.2589913477455501 1.9573267261220801 1008.4015245317891 0.70137043877975058 1011.104480267663 -3.1752633375688446 1006.9001169302691 -0.2589913477455501 3.78493260725535 0.99259782952602682 -1.7659959120050794 1006.2033602400564 0.26080587370979941 -0.96651117333580772 1005.5021664747411 0.70137043877975058 0.86618444567909114 -1.0190982611065318
decision_type=2 2 2 2 2 2 2 2 2 2 2 2 2 2 2 2 2 2 2 2 2 2 2 2
left_child=6 2 10 5 -5 -4 16 8 9 -8 19 -12 21 18 -15 -10 17 20 -14 -2 -1 -3 -23 -18
right_child=1 12 3 4 -6 -7 7 -9 15 -11 11 -13 13 14 -16 -17 23 -19 -20 -21 -22 22 -24 -25
leaf_value=0.0085209231741910051 0.095790538511965728 0.022827463809971478 -0.0013405439556383725 -0.010390902995187237 -0.0025509231833513485 0.0037935208676581358 0.0033157445360457783 0.024444219521581243 0.0055582229541656708 -0.010871100208639316 0.028131171353737473 -0.0013983515444736482 -0.028792521233493028 -0.0057954861813418381 0.0035536275518857977 4.2392593719896323e-05 0.088720001617133323 0.030582007933802391 0.026597077957807577 0.025160539228605238 -0.017074090404109329 0.0032698041975217284 0.018871220808602457 0.036923431805104746
leaf_weight=115.33674731850624 220.03554230928421 775.18442338705063 1622.5406088232994 240.28962245583534 1476.9239368736744 830.43028396368027 1028.7640660405159 2138.0831309258938 1694.9492816925049 297.82120305299759 158.08976772427559 732.02956387400627 100.62490764260292 387.60087665915489 558.84217116236687 308.46911078691483 586.84164333343506 955.61778461933136 913.8347874879837 1239.7434705793858 64.793332487344742 251.12465724349022 201.88436836004257 4641.2598261237144
leaf_count=155 52 802 1570 263 2014 933 1709 2604 2724 569 188 809 87 602 937 413 128 1051 812 1414 84 381 184 3834
internal_value=0.00086616 0.000336315 -9.99789e-06 -0.00049042 -0.00115301 -1.90172e-05 0.00129938 0.000991735 0.000614259 -0.000249947 0.000834689 8.87532e-05 0.00105015 0.000693829 2.17258e-05 0.00119574 0.00156081 0.00100484 0.00130261 0.00127684 -0.000271465 0.00160396 0.00112186 0.00167805
internal_weight=21541.1 9709.18 6520.08 4170.18 1717.21 2452.97 11831.9 5468.09 3330 1326.59 2349.9 890.119 3189.1 1960.9 946.443 2003.42 6363.85 1135.75 1014.46 1459.78 180.13 1228.19 453.009 5228.1
internal_count=24319 11048 7243 4780 2277 2503 13271 8019 5415 2278 2463 997 3805 2438 1539 3137 5252 1290 899 1466 239 1367 565 3962
is_linear=0
shrinkage=0.0424476


Tree=75
num_leaves=25
num_cat=0
split_feature=8 5 3 2 8 2 2 2 2 8 5 2 2 5 5 3 7 2 2 2 2 2 3 8
split_gain=2.24992 2.19277 1.43296 1.09237 0.721417 0.497328 0.492665 0.48336 1.59751 1.33979 0.525312 0.472275 0.626267 1.00487 0.313811 0.245971 0.237587 0.17268 0.163584 0.217524 0.150682 0.456303 0.0967908 0.0925612
threshold=2.2579689752237351 0.70436907356351874 4.4720225700046816 -0.53407657017901478 2.8937784646993499 0.97690230611205509 0.98878412116898506 -0.63174868667326445 -0.44437817810461328 5.1700000000000008 0.25810558179186288 0.6560205754440015 0.7935716089521474 0.49822133722136902 -0.5 2.3602971407641671 1.9500000000000013 -0.99892050974818625 -0.94941443599233932 -0.99348681298364305 0.24287861226725038 0.27799806423841894 3.9468898213812458 1.2099999999999993
decision_type=2 2 2 2 2 2 2 2 2 2 2 2 2 2 2 2 2 2 2 2 2 2 2 2
left_child=11 7 3 15 -5 16 -7 14 9 -9 -10 18 13 -13 17 -3 -4 -2 19 -1 23 -22 -21 -20
right_child=1 2 5 4 -6 6 -8 8 10 -11 -12 12 -14 -15 -16 -17 -18 -19 20 22 21 -23 -24 -25
leaf_value=0.016410483690171396 0.069830833058004901 0.031790346782620243 0.0017513744495665253 -0.014424108186183405 -0.0039818087054639987 -0.0087237145606853736 0.011396424351386592 0.0049151202485682001 0.011464919079330907 -0.012285217327220672 0.00063397649758870512 0.0030327002080168947 0.065922535795994955 -0.017370632483415523 0.042010891978717199 0.0034157610525652883 0.0082199403498323092 0.0043528150773177315 0.015350402919764231 0.018972601026104142 -0.010652298551058625 0.025437232074179982 -0.0028405438369716288 0.02605371182627949
leaf_weight=371.4670398235321 222.26323455572128 236.75665917992592 170.14513352513313 165.60565742850304 2543.8546426594257 197.06896749138832 169.35621675848961 254.41074821352959 5327.7552762031555 276.14974212646484 1790.3775495886803 78.066898435354233 117.0045513510704 52.542925208806992 2127.3106136322021 353.19535827636719 668.69653993844986 853.31551977992058 1067.7186562120914 50.806112825870514 105.65641203522682 479.23797103762627 248.41286018490791 3613.9398284554482
leaf_count=513 107 435 191 239 2408 67 144 273 6431 294 1931 142 229 76 1432 594 565 1108 1602 87 139 1118 647 3547
internal_value=0.000858245 0.000580996 -0.000202916 -0.000663927 -0.00102767 0.00104373 -0.000216855 0.000908117 0.000719582 -0.0015145 0.000888706 0.00154363 -0.000207555 -0.00229459 0.00135257 0.000975241 0.00161645 0.000730312 0.00161978 0.000931734 0.00170388 0.000987284 1.61975e-05 0.00178945
internal_weight=21541.1 15356.3 4504.68 3299.41 2709.46 1205.27 366.425 10851.6 7648.69 530.56 7118.13 6184.85 247.614 130.61 3202.89 589.952 838.842 1075.58 5937.24 670.686 5266.55 584.894 299.219 4681.66
internal_count=24319 16219 4643 3676 2647 967 211 11576 8929 567 8362 8100 447 218 2647 1029 756 1215 7653 1247 6406 1257 734 5149
is_linear=0
shrinkage=0.0424476


Tree=76
num_leaves=25
num_cat=0
split_feature=1 3 5 1 8 1 3 1 8 8 3 3 8 1 1 3 1 5 8 1 3 0 0 8
split_gain=3.67993 1.75713 2.0981 1.83034 4.0036 1.09334 2.68323 1.23437 0.928718 1.89165 0.857517 1.02979 0.390127 0.208962 2.22335 0.128703 0.128566 0.140726 0.126326 0.189892 0.0338158 0.0131798 0.0504936 0.0113014
threshold=0.19678319559988264 2.6450000000000005 0.70436907356351874 0.39376516476197765 9.5950000000000024 0.12332438255465399 6.1505404229826022 -0.030120025924939096 4.5200000000000022 4.0509473958312698 1.6403160519401558 4.4720225700046816 7.1900000000000004 0.86753754618373868 0.89353735526289724 3.1510291033485678 0.97219319235420376 0.70436907356351874 0.9832252567493025 0.48634789132201989 4.0820774264390955 -0.70710678118654757 -0.86718364684052496 6.9527821088121851
decision_type=2 2 2 2 2 2 2 2 2 2 2 2 2 2 2 2 2 2 2 2 2 2 2 2
left_child=5 2 13 -4 -5 7 8 10 9 -7 12 -12 -1 -2 -15 16 17 -3 19 -17 -20 22 -9 -23
right_child=1 15 3 4 -6 6 -8 21 -10 -11 11 -13 -14 14 -16 18 -18 -19 20 -21 -22 23 -24 -25
leaf_value=0.029071584519490105 0.019720492705773689 0.020866689837040247 0.0086378528971918622 -0.0078564071117861439 -0.016930265614613273 0.010757629836272608 -0.031855517396723501 0.023342910946394031 0.029143416796577011 -0.016833563922948973 -0.001147709177661975 0.0061580113925542085 -0.001194049876938002 -0.01275425723900543 0.019310659892778758 -0.0041973776221308681 0.07980874469727442 -0.0017125123666849476 0.026538754501119886 0.040057039905391077 0.033082238423779116 0.022549782870706941 0.0030980329489104529 0.0096063410476443997
leaf_weight=803.64784151315689 1390.4107507765293 774.14738488197327 276.14844739437103 774.95754545927048 77.625976979732513 137.00729930400848 117.9598870575428 125.30421695113182 214.25935655832291 79.414302945137024 4760.5153959691525 2257.2980671525002 211.56793403625488 97.530000269412994 716.78881451487541 111.75697004795074 325.97479182481766 183.79317954182625 2162.7103363871574 238.02001506090164 4548.7704132497311 702.05188086628914 87.695176810026169 284.89650267362595
leaf_count=1468 1655 711 211 958 50 216 82 147 282 70 6851 3765 238 97 689 165 244 201 1893 161 3136 728 150 230
internal_value=0.000885521 0.00139462 0.000562526 -0.000916121 -0.00190027 0.000275798 -0.00155848 0.000386802 0 -0.00196607 0.000194495 2.49966e-05 0.00134792 0.00132793 0.000745452 0.00172477 0.00128106 0.000994768 0.00180283 0.000905847 0.00184682 0.00165875 0.00107067 0.00176689
internal_weight=21460.3 11678.6 3333.46 1128.73 852.584 9781.62 548.641 9232.98 430.681 216.422 8033.03 7017.81 1015.22 2204.73 814.319 8345.17 1283.92 957.941 7061.26 349.777 6711.48 1199.95 212.999 986.948
internal_count=24398 10171 3660 1219 1008 14227 650 13577 568 286 12322 10616 1706 2441 786 6511 1156 912 5355 326 5029 1255 297 958
is_linear=0
shrinkage=0.0424476


Tree=77
num_leaves=25
num_cat=0
split_feature=1 3 0 1 3 1 1 1 3 3 8 8 9 9 8 8 9 1 8 1 3 8 3 8
split_gain=3.85761 1.2427 1.458 0.977514 1.45057 1.12226 0.955237 0.986382 0.868033 0.954736 0.645426 1.92689 0.627361 0.482377 0.390127 0.286655 0.226543 0.192296 0.119813 0.137005 0.0765506 0.0208025 0.0678918 0.0134097
threshold=0.19678319559988264 3.0707466034808912 0.86106538556481482 0.12332438255465399 7.1050000000000013 -0.030120025924939096 0.39376516476197765 0.46382785666522619 1.6403160519401558 4.4720225700046816 4.5200000000000022 4.0509473958312698 -4.5183116708426843 -2.7122497095375553 7.1900000000000004 5.5600000000000014 -0.15193402419978594 0.1714926119571353 0.93999999999999961 0.48634789132201989 4.0820774264390955 1.5116465390248897 5.5311841845599181 4.8700000000000001
decision_type=2 2 2 2 2 2 2 2 2 2 2 2 2 2 2 2 2 2 2 2 2 2 2 2
left_child=3 2 13 5 10 8 -4 -8 14 -10 11 -5 -3 15 -1 -2 -15 -12 19 -14 -20 22 -7 -23
right_child=1 12 6 4 -6 21 7 -9 9 -11 17 -13 18 16 -16 -17 -18 -19 20 -21 -22 23 -24 -25
leaf_value=0.027837564219573827 0.0026694728862052151 -0.0096431256802578091 -0.013036543711447968 0.010028446635378215 -0.01995847376095744 0.0068205290791187008 -0.016211615709672608 -0.0075224068146703916 -0.0010989916258998548 0.0058966183109203998 0.0312355774185357 -0.015181527156459533 -0.0051008091335641012 0.012708033140406678 -0.001143365271623004 -0.0099593881184621286 0.011433839260826256 -0.0012296942395631329 0.025412246870724853 0.038356712894846726 0.031956100031434696 0.026226187658048444 -0.0022108282857159541 0.01596633860370919
leaf_weight=803.64784151315689 137.37273663282394 112.58315041661263 199.51537197828293 143.28361669182777 90.213723242282867 56.949099034070969 79.66117849946022 725.91417679190636 4760.5153959691525 2257.2980671525002 153.96889671683311 95.473528981208801 105.36093008518219 1047.8820850551128 211.56793403625488 76.886830717325211 2169.6363244950771 65.701080232858658 2316.6982147693634 206.97424590587616 4500.1493810415268 323.07281309366226 35.168138593435287 784.75772657990456
leaf_count=1468 159 153 154 237 53 129 48 827 6851 3765 179 74 145 1211 238 114 2137 107 2027 137 3059 377 88 661
internal_value=0.000890192 0.0014114 0.000843923 0.000266006 -0.00146794 0.000371048 -0.000565234 -0.00123086 0.000187558 1.70556e-05 -0.000455983 -0.00201243 0.00175653 0.00126203 0.00134792 -0.000629464 0.00139374 0.00115144 0.00180728 0.000874232 0.00184731 0.00158397 0.00058829 0.00165004
internal_weight=21460.3 11678.6 4436.87 9781.62 548.641 9232.98 1005.09 805.575 8033.03 7017.81 458.427 238.757 7241.77 3431.78 1015.22 214.26 3217.52 219.67 7129.18 312.335 6816.85 1199.95 92.1172 1107.83
internal_count=24398 10171 4650 14227 650 13577 1029 875 12322 10616 597 311 5521 3621 1706 273 3348 286 5368 282 5086 1255 217 1038
is_linear=0
shrinkage=0.0424476


Tree=78
num_leaves=25
num_cat=0
split_feature=6 3 3 9 3 2 3 9 3 3 9 6 9 3 2 9 3 9 9 4 2 3 9 2
split_gain=2.33511 2.07583 3.32758 2.94648 1.85589 1.0259 0.547877 1.06062 1.99072 1.38442 0.492714 0.445201 0.458469 0.311408 0.265711 0.224326 0.191536 0.405018 0.155258 0.103243 0.397635 0.181454 0.0880967 0.0740219
threshold=0.70137043877975058 4.4720225700046816 1.9650000000000001 1.4801675009391817 4.2500749322125477 0.61595474094623837 2.872235228790387 4.0670511817719044 4.6801491365482688 4.2500749322125477 4.2988197902313976 -0.70718654785976864 2.2644595143390203 1.4950000000000003 0.67761478904668893 -3.359724098764342 1.5401015026853102 1.3192129189280275 0.83445155190621112 1009.2013307516569 0.45332839722974955 6.7842642991227899 -1.7659959120050794 0.24287861226725038
decision_type=2 2 2 2 2 2 2 2 2 2 2 2 2 2 2 2 2 2 2 2 2 2 2 2
left_child=5 2 -2 4 -4 11 14 9 -9 -8 -5 16 13 -13 18 -16 17 -1 -7 20 21 -3 -18 -14
right_child=1 19 3 10 -6 6 7 8 -10 -11 -12 12 23 -15 15 -17 22 -19 -20 -21 -22 -23 -24 -25
leaf_value=0.066046400309561437 0.0058827213355212059 0.01682954524970846 -0.0041697987109171192 0.016460039523571088 -0.0042305291045617076 0.026441890153894917 -0.0057348205304174745 0.0092465827482554833 -0.010567793214207775 0.0036245509609754752 -0.011830302196197568 0.008225349693603801 0.026729597509537892 0.0054056670213478127 -0.014775023820336226 0.0070665645120956324 0.023201424157069005 -0.022458766966323509 -0.016054367273065754 0.0075277903230205126 -0.0066142388699947062 0.00068847377869218267 0.044007399080492678 0.02222767833329245
leaf_weight=244.71970888972282 995.06236436963081 870.4527635872364 1266.558398514986 828.54386219382286 61.077304720878601 74.171245813369751 1090.912691026926 76.338372498750687 58.640730112791061 1528.2553980946541 171.14153674244881 478.26320257782936 2237.7018951177597 3712.9739483594894 92.239573836326599 1552.8716836571693 731.33278959989548 111.90511631965637 76.772068291902542 357.47296738624573 71.721134841442108 206.19023811817169 4369.1571905612946 255.5168753862381
leaf_count=216 1555 920 1831 1207 77 109 1206 139 68 1424 292 715 2261 5066 60 1908 733 77 112 408 110 494 2739 463
internal_value=0.000887751 6.15496e-05 -0.000526973 -0.0014095 -0.00272157 0.00112563 0.000574826 0.000190598 -0.00346493 0.000386072 0.000314485 0.00133052 0.00108972 0.00080928 0.0011537 0.00131323 0.00162207 0.000588248 -0.000462239 0.00137232 0.00113883 0.00135269 0.00169073 0.00155373
internal_weight=21520 4828.22 3322.38 2327.32 1327.64 16691.8 4550.2 2754.15 134.979 2619.17 999.685 12141.6 6684.46 4191.24 1796.05 1645.11 5457.11 356.625 150.943 1505.84 1148.36 1076.64 5100.49 2493.22
internal_count=24190 6894 4962 3407 1908 17296 5026 2837 207 2630 1499 12270 8505 5781 2189 1968 3765 293 221 1932 1524 1414 3472 2724
is_linear=0
shrinkage=0.0424476


Tree=79
num_leaves=25
num_cat=0
split_feature=2 7 2 5 8 8 4 4 8 8 4 4 2 2 2 4 4 4 4 2 8 2 7 7
split_gain=2.11223 1.48703 1.05993 0.879884 1.02493 0.873973 0.756781 0.880603 1.51783 0.70353 0.582969 0.529265 0.353178 0.707272 0.386228 0.273653 0.365509 0.191887 0.133406 0.105078 0.0995621 0.0933734 0.0166744 0.157931
threshold=0.61595474094623837 5.7224454560713243 0.99370977118463066 -0.25931273656640591 6.1900000000000004 2.4118506817661456 1011.4153695986614 1011.104480267663 6.3200000000000029 6.1200000000000037 1007.9002757846887 1015.85 0.24287861226725038 0.27799806423841894 -0.86527787191711336 1013.223755828829 1012.8072037506793 1011.0119934329603 1009.1016949576372 -0.99986636542255225 1.2700000000000016 0.3896304495307879 6.0200000000000022 6.5049999999999999
decision_type=2 2 2 2 2 2 2 2 2 2 2 2 2 2 2 2 2 2 2 2 2 2 2 2
left_child=5 2 3 9 -5 12 7 10 -9 -2 -7 18 14 -14 19 16 17 -3 -4 -1 -16 -15 -8 -24
right_child=1 15 11 4 -6 6 22 8 -10 -11 -12 -13 13 21 20 -17 -18 -19 -20 -21 -22 -23 23 -25
leaf_value=0.029658143090858662 0.006219059071960388 0.0017713561845526919 -0.015376528128753168 -0.0054169567053664802 0.000419338623692999 0.0028526718989111571 0.033887118225423798 0.028773998134822787 -0.056633936446488266 -0.0028584050218564291 0.01020802307031086 -0.061666833407530576 -0.020512891383685786 0.039283932573415122 0.018393240462270664 0.011464857956310713 -0.0056828059134259607 0.009711613712348955 0.015124598513999303 0.0034050684782881585 0.026551105063817328 0.012309319749344278 -0.012498904241525574 0.018935102667756949
leaf_weight=252.34925073385239 745.39136323332787 819.08174911141396 83.617099016904831 1824.3143901824951 1007.557461053133 3374.9550467431545 892.95716664195061 106.16164860129356 101.3381724357605 144.4690597653389 4235.5196823775768 98.466255992650986 95.246301114559174 168.17662304639816 1066.2575266063213 476.46845009922981 100.59232297539711 563.62137249112129 491.17100006341934 902.93533936142921 3429.7947894334793 286.08034628629684 77.020717620849609 176.44992563128471
leaf_count=120 1305 814 84 2323 846 3600 979 104 93 197 4232 65 137 396 1517 383 87 506 485 1963 2949 681 83 241
internal_value=0.000849208 0.000196022 -0.00023407 -0.000518011 -0.000886617 0.00112169 0.000848956 0.000695829 -0.00200775 0.00063422 0.000771978 0.00130802 0.001513 0.000438423 0.0016142 0.00116999 0.000864068 0.00105182 0.00181531 0.000889557 0.00179628 0.00116483 0.00187702 0.00130847
internal_weight=21520 6354.75 4394.99 3721.73 2831.87 15165.2 8964.4 7817.97 207.5 889.86 7610.47 673.254 6200.84 549.503 5651.34 1959.76 1483.3 1382.7 574.788 1155.28 4496.05 454.257 1146.43 253.471
internal_count=24190 7095 5305 4671 3169 17095 9332 8029 197 1502 7832 634 7763 1214 6549 1790 1407 1320 569 2083 4466 1077 1303 324
is_linear=0
shrinkage=0.0424476


Tree=80
num_leaves=25
num_cat=0
split_feature=1 3 8 8 8 3 3 9 1 9 8 1 4 8 8 9 1 1 8 9 4 1 1 3
split_gain=3.38265 2.00109 1.27011 1.43402 1.89397 1.22789 0.992989 1.61469 2.12856 1.10046 1.14038 0.881368 0.779116 0.561058 0.513402 0.385902 0.321027 0.225179 0.234422 0.209137 0.504903 0.181652 0.647562 0.112347
threshold=-0.084825532204959572 3.0707466034808912 9.5950000000000024 11.085000000000003 10.490000000000002 1.8050000000000004 4.4720225700046816 3.0921910906832095 -0.32919063062619275 0.83445155190621112 5.7700000000000022 0.99865756837029906 1007.8025486221449 3.5850000000000013 9.2150000000000016 -0.48069987157006361 -0.37761050095554838 0.14706992549541839 4.2336217347862801 -4.5183116708426843 1012.208504571185 -0.97873101657557326 -0.99166813670569331 3.991800546233764
decision_type=2 2 2 2 2 2 2 2 2 2 2 2 2 2 2 2 2 2 2 2 2 2 2 2
left_child=5 2 11 4 -4 14 9 13 -9 10 -7 12 -2 -8 21 19 -11 18 -17 20 -3 22 -1 -19
right_child=1 15 3 -5 -6 6 7 8 -10 16 -12 -13 -14 -15 -16 17 -18 23 -20 -21 -22 -23 -24 -25
leaf_value=0.036245417753870787 -0.00038750421253770114 -0.0091577143017040532 -0.0016298813125663787 0.01106298632330345 -0.017519841321831712 -0.00052066163030524198 0.001241425488876971 -0.0012142681411916399 -0.0098892782238529514 0.010896018400445313 -0.0041223907771877188 -0.018240186168055932 0.01422843097305293 0.016209113247225078 -0.0074809892545232666 -0.0011569051323477514 -0.0051870196500363825 0.032504991863077454 0.026287533400049769 0.0089300393438712707 0.07290941416391504 0.012109773943087525 -0.04385442407272503 0.031803105124868954
leaf_weight=215.48175519704819 1040.1139757633209 63.795802414417267 304.64607915282249 163.68620100617409 124.26837942004204 1271.6988008916378 673.32687374949455 322.30356287956238 79.752490609884262 1135.5106910765171 1396.4000665843487 360.19793996214867 3334.4815881550312 1150.0203854739666 54.904525578022003 245.70460784435272 372.58129653334618 1890.6541630327702 427.36016207933426 1651.7546221017838 67.661446630954742 918.66319897770882 63.256664931774139 4349.5927810966969
leaf_count=311 1094 94 291 125 100 2169 1757 845 79 2268 1153 158 3862 1011 58 379 481 1478 343 1820 81 1579 132 2703
internal_value=0.00079492 0.00118673 0.00053364 -0.00130744 -0.00261633 7.4594e-05 -0.000160632 0.000559473 -0.00185834 -0.000548795 -0.00106859 0.000767981 0.000936575 0.00110278 0.00129181 0.00158468 0.000358551 0.0017321 0.000935617 0.00100279 -0.000533449 0.00148579 0.000444855 0.00181503
internal_weight=21677.8 14023.9 5327.39 592.601 428.914 7653.9 6401.59 2225.4 402.056 4176.19 2668.1 4734.79 4374.6 1823.35 1252.31 8696.52 1508.09 6913.31 673.065 1783.21 131.457 1197.4 278.738 6240.25
internal_count=24371 12528 5630 516 391 11843 9763 3692 924 6071 3322 5114 4956 2768 2080 6898 2749 4903 722 1995 175 2022 443 4181
is_linear=0
shrinkage=0.0424476


Tree=81
num_leaves=25
num_cat=0
split_feature=1 2 3 1 6 1 1 3 2 2 6 1 3 3 3 1 1 1 6 1 6 1 4 4
split_gain=3.22275 1.89834 1.65574 3.07121 1.63605 1.52236 5.33586 2.34077 1.45485 1.80074 2.63985 1.41923 0.959328 1.53295 1.06442 0.684654 0.869141 0.633272 0.553967 0.606712 0.348256 0.830139 0.324412 0.323274
threshold=-0.084825532204959572 0.61595474094623837 2.0409242842768678 0.99965739133362419 0.70137043877975058 -0.30472723697333454 -0.25495596846646384 4.2117373351078404 0.91234096280339505 0.88669092404404137 0.25423941463970728 0.86753754618373868 4.7830684297235804 1.8050000000000004 2.0850000000000004 -0.89414697905359375 -0.99166813670569331 0.50881732875675556 0.86502983325015059 0.12332438255465399 0.25423941463970728 0.070430523394386171 1015.6500000000002 1010.6100755919166
decision_type=2 2 2 2 2 2 2 2 2 2 2 2 2 2 2 2 2 2 2 2 2 2 2 2
left_child=4 2 3 11 5 15 7 -7 9 17 -11 -2 13 -6 -15 16 -1 -3 22 -20 -4 -22 -10 -8
right_child=1 8 20 -5 12 6 23 -9 18 10 -12 -13 -14 14 -16 -17 -18 -19 19 -21 21 -23 -24 -25
leaf_value=0.018915646404753388 0.02043794995454002 0.018630082310415949 0.041508169361300681 -0.043584205778548511 0.0056963745017480465 -0.041377313611667035 -0.0032762746164495958 -0.0077131685291573467 0.010010736806254429 -0.03414035753891586 -0.0003244152911100711 -0.0048422678404062714 0.0053140457433817666 -0.017757776530003606 -0.0035832877539648425 0.0089162965554463371 -0.0075376173707214379 -0.0022416520353976069 0.010999805973061319 -0.0088651967096834584 -0.004111630481435217 0.016662359466305773 -0.0068241294811430828 0.0062614222618321393
leaf_weight=511.9711187183857 618.83230331540108 222.02133339643478 6545.083615809679 117.37785446643829 308.96438163518906 156.13281083106995 484.67297184467316 112.28229501843452 1567.090031504631 156.77328541874886 132.36671876907349 553.26212227344513 405.48933979868889 199.67467331886292 1002.4517328441143 3138.2639297246933 862.47362318634987 799.52320119738579 161.75483560562134 226.08684426546097 94.600746840238571 2701.8953458368778 127.24950996041298 471.52343556284904
leaf_count=757 648 269 4152 42 628 159 647 134 1487 105 93 730 933 247 1610 4546 1836 1377 178 236 242 2884 85 346
internal_value=0.000795657 0.00117812 0.00145757 1.71743e-05 9.24572e-05 0.000453356 -0.000866652 -0.00616114 0.00029705 -0.000803012 -0.00376072 0.000687068 -0.000978235 -0.00147463 -0.00216545 0.00081567 1.19317e-05 1.6054e-05 0.000998407 -0.000412649 0.00165442 0.00123703 0.00133233 0.000600268
internal_weight=21677.8 14023.9 10631.1 1289.47 7653.9 5737.32 1224.61 268.415 3392.87 1310.68 289.14 1172.09 1916.58 1511.09 1202.13 4512.71 1374.44 1021.54 2082.18 387.842 9341.58 2796.5 1694.34 956.196
internal_count=24371 12528 8698 1420 11843 8425 1286 293 3830 1844 198 1378 3418 2485 1857 7139 2593 1646 1986 414 7278 3126 1572 993
is_linear=0
shrinkage=0.0424476


Tree=82
num_leaves=25
num_cat=0
split_feature=2 5 6 7 6 7 6 2 2 6 5 2 2 5 2 2 6 0 5 7 2 2 2 2
split_gain=2.9137 1.64355 1.58899 2.96828 1.3713 0.781806 0.740901 0.628699 1.71143 0.48685 0.348276 1.03299 0.367322 0.313676 0.261881 0.233499 0.180715 0.147175 0.139834 0.0989243 0.0776239 0.644971 0.0576101 0.0574244
threshold=0.63874942205152718 -0.25931273656640591 -0.5 2.3724945490268134 -0.49938512447000033 2.0400000000000014 0.70137043877975058 0.95989713290459411 0.96257731299130822 0.70137043877975058 0.49822133722136902 0.96257731299130822 0.96257731299130822 -1.0000000180025095e-35 0.77232729489588492 0.22611568550828817 -1.0190982611065318 -0.86718364684052496 -0.70710678118654735 2.1506285345216059 0.98878412116898506 0.98337410965167582 -0.99892050974818625 0.48250774176121808
decision_type=2 2 2 2 2 2 2 2 2 2 2 2 2 2 2 2 2 2 2 2 2 2 2 2
left_child=2 14 16 13 -5 10 -6 9 -9 -7 12 -12 -3 19 17 -15 -1 -2 -19 -4 21 -16 -18 -24
right_child=1 5 3 4 6 7 -8 8 -10 -11 11 -13 -14 15 20 -17 22 18 -20 -21 -22 -23 23 -25
leaf_value=0.07062941283633177 0.0068202963573597139 0.0064711305836983079 0.018150104881297431 -0.031011376355191252 0.00047361928865345242 0.0029623898891752397 -0.0033846712184659139 -0.040963550081399035 -0.0011729478427355312 -0.0013892757205007243 -0.009650071284192499 0.10141887862545669 -0.0098788808542424715 0.011289106050829454 0.002684644730251858 -0.0026318212088316043 0.048077341932752544 -0.0095717712051098299 0.003955002027517013 0.00071550207770661395 0.037531307028598311 -0.0054424973607760272 0.026985137037240585 0.040463684670495201
leaf_weight=945.55980855226517 80.028430432081223 167.80371835827827 2086.1213731765747 82.258070021867752 1630.4145823121071 1380.6238243877888 1159.7357821166515 131.64516338706017 1715.3369583189487 565.94938936829567 360.71397861838341 74.74773234128952 50.186016589403152 2192.204819381237 984.06170094013214 344.00988045334816 383.01985237002373 82.541430771350861 129.013761729002 84.400283604860306 338.2103251516819 58.350155770778656 5963.9920716285706 314.81399574875832
leaf_count=222 180 313 2480 130 2366 1326 2343 82 1137 669 549 85 69 3272 1437 745 187 192 192 80 422 104 5097 532
internal_value=0.000760483 -1.85498e-05 0.0010756 0.000636366 -0.000434122 -0.000448109 -0.000267901 -0.000208988 -0.000772915 0.000316576 -0.00180794 -0.00250871 -0.000323061 0.00129359 0.00111273 0.00095579 0.00151077 0 -0.000629772 0.00167977 0.00135699 0.00113232 0.00142397 0.00138333
internal_weight=21305.7 6119.21 15186.5 7579.14 2872.41 4447.01 2790.15 3793.56 1846.98 1946.57 653.451 435.462 217.99 4706.74 1672.21 2536.21 7607.39 291.584 211.555 2170.52 1380.62 1042.41 6661.83 6278.81
internal_count=24211 6757 17454 11416 4839 4230 4709 3214 1219 1995 1016 634 382 6577 2527 4017 6038 564 384 2560 1963 1541 5816 5629
is_linear=0
shrinkage=0.0424476


Tree=83
num_leaves=25
num_cat=0
split_feature=2 6 3 5 2 3 3 3 3 2 2 2 3 0 2 3 6 6 6 3 3 6 6 2
split_gain=2.24769 1.46639 1.40102 1.38385 0.692628 0.972063 0.655983 1.16708 1.4979 0.54318 0.464591 0.41919 0.337131 0.218749 0.211016 0.215443 0.346222 0.189632 0.152531 0.152528 0.468042 0.0664062 0.121369 0.0630138
threshold=0.63874942205152718 -0.50143597553239838 3.9468898213812458 -0.25931273656640591 -0.65784256433233057 1.7250000000000003 2.0409242842768678 3.1510291033485678 2.830543568677828 0.71798255424337853 -0.73249407161357893 0.90150168413188403 1.7250000000000003 -0.68295806177370699 0.77232729489588492 1.9650000000000001 0.49639083095641179 -1.0190982611065318 -0.0012368598000733007 3.3106512398088235 2.7618942712527619 -0.70697422930327269 -0.70718654785976864 0.19311121294034192
decision_type=2 2 2 2 2 2 2 2 2 2 2 2 2 2 2 2 2 2 2 2 2 2 2 2
left_child=1 17 4 14 13 -6 11 8 -8 -9 18 -5 -13 -3 19 16 -16 -1 -4 20 -2 22 -19 -12
right_child=3 2 10 6 5 -7 7 9 -10 -11 23 12 -14 -15 15 -17 -18 21 -20 -21 -22 -23 -24 -25
leaf_value=0.067631360592128403 0.0054010911411770252 0.0034361678168324862 0.018792376445783882 0.0094811001628289249 0.001348001637229814 -0.0032409998960675887 -0.0034869187061266913 -0.0071608450088365121 -0.029227237503253827 -5.8238481606703481e-06 0.019333103369292594 -0.0022194282767164166 0.0016040910929807537 0.016613143024139562 0.033038511035210417 0.011190906090913355 -0.0019048515926244705 0.03032790144651698 0.0024673573392047956 0.0065307908386362142 -0.11989602255735851 0.071931814524041196 0.018956464254942639 0.017034565544664385
leaf_weight=945.55980855226517 165.05589327216148 657.81042414903641 355.78970754146576 389.43545562028885 791.4211131632328 2178.1609016954899 691.23138415813446 133.88429623842239 252.20256963372231 2370.1419759988785 1996.5936632156372 425.55658268928528 184.55451703071594 834.27174887061119 244.21784794330597 966.50903862714767 169.89529529213905 4493.1204030811787 1002.3803800940514 78.811370551586151 47.716359108686447 361.59093421697617 1218.6304694116116 351.20096537470818
leaf_count=222 310 1015 491 597 1399 3593 664 218 231 2020 1941 339 161 1373 318 1412 233 3635 1675 181 73 87 1406 617
internal_value=0.000773564 0.00105042 0.000659703 8.34316e-05 0.000148319 -0.000221584 -0.000304733 -0.000585158 -0.00185867 -9.79402e-05 0.00127037 0.00064393 -2.08373e-05 0.000896914 0.00112677 0.00134649 0.000472767 0.00150245 0.000623205 2.29252e-05 -0.000502262 0.00140593 0.00136058 0.00163685
internal_weight=21305.7 15186.5 8167.63 6119.21 4461.66 2969.58 4447.01 3447.46 943.434 2504.03 3705.96 999.547 610.111 1492.08 1672.21 1380.62 414.113 7018.9 1358.17 291.584 212.772 6073.34 5711.75 2347.79
internal_count=24211 17454 12104 6757 7380 4992 4230 3133 895 2238 4724 1097 500 2388 2527 1963 551 5350 2166 564 383 5128 5041 2558
is_linear=0
shrinkage=0.0424476


Tree=84
num_leaves=25
num_cat=0
split_feature=6 7 7 2 2 2 5 7 3 2 7 5 2 2 6 2 2 3 7 3 2 5 7 6
split_gain=1.96741 2.0963 1.39936 0.851767 0.690597 1.09561 0.677943 0.669905 0.432945 0.693409 0.392258 0.44995 0.389199 0.274804 0.269271 0.221746 0.531515 0.13705 0.251852 0.209209 0.134933 0.0690143 0.0350085 0.0542008
threshold=-0.5 2.4300000000000019 6.6450000000000022 0.88669092404404137 0.99370977118463066 0.97690230611205509 0.49822133722136902 2.0400000000000014 2.1209687820078789 0.22611568550828817 5.7224454560713243 -0.25881904510252113 0.97690230611205509 0.99903710851409044 -0.96651117333580772 0.94820333012481139 0.96844073143777087 5.6896244634102713 1.9049999999999996 3.693596533755656 -0.93760092995349764 -0.99919092643031493 1.2000000000000013 -1.0190982611065318
decision_type=2 2 2 2 2 2 2 2 2 2 2 2 2 2 2 2 2 2 2 2 2 2 2 2
left_child=3 6 4 14 5 -3 12 -5 -8 -10 11 -9 20 -6 22 21 -17 19 -19 -16 -2 -4 23 -1
right_child=1 2 15 7 13 -7 8 10 9 -11 -12 -13 -14 -15 17 16 -18 18 -20 -21 -22 -23 -24 -25
leaf_value=0.021439180553888677 0.0057854935445387978 -0.0010510692123742646 0.0076716235334316814 -0.013623043915339967 0.0074072681146411011 -0.0057483806064547536 0.011445164606154043 0.002222814534869522 0.0077043582859350045 -0.0079913351098734771 0.045533040826714048 -0.0044925221404445333 -0.0090515220053881667 -0.0079190163357542569 0.026332337998718102 -0.0075361429985327157 -0.0002367076068531987 -0.0017680000423634943 0.03484232395664523 0.029778607216956136 0.018125494837722064 0.0049890983235132066 0.061626033127703858 0.0054781042143875695
leaf_weight=84.819649934768677 429.03445997834206 4327.6999179422855 85.372453540563583 87.119278818368912 274.03606897592545 509.44806763529778 422.12459295988083 182.27835604548454 1507.3118944466114 488.86693271994591 269.61510705947876 466.97633278369904 70.013428181409836 217.5124773979187 3309.7243973612785 163.9659332036972 450.94833695888519 249.90772446990013 241.98560577630997 2497.2474664449692 2737.3138920664787 614.76635441184044 1910.4043564200401 104.69402685761452
leaf_count=19 588 6274 114 134 229 314 749 206 2390 804 421 488 105 171 3148 97 315 571 190 2108 3312 607 851 187
internal_value=0.000828908 0.00047311 -3.54691e-05 0.00129221 -0.000344209 -0.000500934 0.00107392 0.000104977 0.000524297 0.000252251 0.000460091 -7.7929e-05 0.00147889 0.00116036 0.00143221 0.00120148 0.000567523 0.00128384 0.000538039 0.00134382 0.00155107 0.00173181 0.00186842 0.00106314
internal_weight=21703.2 12298.4 6643.75 9404.77 5328.7 4837.15 5654.67 1005.99 2418.3 1996.18 918.87 649.255 3236.36 491.549 8398.78 1315.05 614.914 6298.87 491.893 5806.97 3166.35 700.139 2099.92 189.514
internal_count=24392 16069 8121 8323 6988 6588 7948 1249 3943 3194 1115 694 4005 400 7074 1133 412 6017 761 5256 3900 721 1057 206
is_linear=0
shrinkage=0.0424476


Tree=85
num_leaves=22
num_cat=0
split_feature=1 5 2 1 2 9 9 1 9 5 2 1 2 2 9 5 1 5 1 2 1
split_gain=3.58499 1.21137 1.18928 1.12493 2.25331 1.00397 1.08401 0.725867 0.585053 0.493303 0.490796 0.710897 0.257176 0.70991 0.21552 0.209734 0.160074 0.195561 0.10537 0.0650875 0.057217
threshold=0.19678319559988264 0.86340693121644818 -0.070272765380790705 0.12332438255465399 0.98662138620987927 -1.1191887460223169 3.601459873110008 -0.068345573889994418 -4.5183116708426843 0.96561987442640917 0.99370977118463066 -0.30472723697333454 0.63874942205152718 0.73832635400310653 -0.99710314419641211 -0.11821799236983267 0.070430523394386171 0.25810558179186288 0.97219319235420376 -0.82631688199933129 0.57391765965057562
decision_type=2 2 2 2 2 2 2 2 2 2 2 2 2 2 2 2 2 2 2 2 2
left_child=3 8 14 7 9 -4 -7 10 15 19 11 -1 18 -14 -3 -2 17 -9 -10 -5 -16
right_child=1 2 5 4 -6 6 -8 16 12 -11 -12 -13 13 -15 20 -17 -18 -19 -20 -21 -22
leaf_value=0.001415168200778072 -0.011775031180295322 -0.021885189391743203 -0.00043684828149765092 0.00028303481473005787 -0.014593982746949253 -0.011078154579081961 0.010323791764338876 0.022251372141978677 0.022909813978820102 -0.019545150189526368 0.0064285529353338491 -0.0028224167327247675 -0.010581122580880125 0.010760045216404333 0.0098671231181244306 0.01652281803302165 0.018011286101606308 0.00096533720468010341 0.036190989499661326 -0.0022683008669752906 0.029646053634982111
leaf_weight=5911.5347077250481 57.909531384706497 81.470619708299637 245.56040376424789 154.96956706047058 143.17601153254509 665.64689493179321 191.45634642243385 553.48954600095749 6099.0245482027531 65.167424380779266 238.23422148823738 1569.7755208611488 205.17144197225571 1279.4965659081936 138.82139024138451 71.150969058275223 388.94037356972694 515.00574198365211 2297.2771340608597 156.05372083187103 673.85443130135536
leaf_count=9966 84 144 199 291 132 687 296 617 4596 66 203 1706 416 1639 261 102 415 523 1402 133 514
internal_value=0.000810265 0.00130081 0.00033418 0.000200923 -0.00171547 -0.000586656 -0.00128483 0.0003114 0.00149178 0 0.00014463 8.16503e-05 0.00152973 0.0009823 0.00149046 -0.00127029 0.00118201 0.000881351 0.00162432 0.000713088 0.00170431
internal_weight=21703.2 12006.8 1996.81 9696.35 519.367 1102.66 857.103 9176.98 10010 376.191 7719.54 7481.31 9880.97 1484.67 894.146 129.061 1457.44 1068.5 8396.3 311.023 812.676
internal_count=24392 10340 2101 14052 622 1182 983 13430 8239 490 11875 11672 8053 2055 919 186 1555 1140 5998 424 775
is_linear=0
shrinkage=0.0424476


Tree=86
num_leaves=25
num_cat=0
split_feature=1 3 6 5 3 3 6 1 1 1 1 3 1 1 0 3 0 3 5 3 1 3 1 1
split_gain=3.71897 1.80207 2.58593 1.33394 2.24975 1.18673 1.17325 1.44537 2.75547 0.985661 0.83105 0.448543 0.375208 0.369035 0.335084 0.472335 0.609666 0.317199 0.333939 0.277303 0.207265 0.383796 0.192309 0.129277
threshold=0.19678319559988264 2.5627506087349254 0.25881904510252057 -1.0000000180025095e-35 2.9923900646450159 2.6021909361636459 -0.70710678118654757 0.86753754618373868 0.88013720422011754 0.14706992549541839 -0.89414697905359375 2.3204521371708884 -0.97310932590074073 0.97219319235420376 -0.5 2.0409242842768678 0.86106538556481482 3.3521290263471264 0.49822133722136902 0.44500000000000006 -0.96683886033945943 1.592518887368058 -0.37761050095554838 0.95916170206560214
decision_type=2 2 2 2 2 2 2 2 2 2 2 2 2 2 2 2 2 2 2 2 2 2 2 2
left_child=1 14 9 12 -5 6 -2 11 -9 10 -3 -8 -4 17 20 19 -17 18 -7 -16 21 -1 -22 -19
right_child=5 2 3 4 -6 13 7 8 -10 -11 -12 -13 -14 -15 15 16 -18 23 -20 -21 22 -23 -24 -25
leaf_value=0.0067984874754312141 0.038128756651733389 -0.0096794016564828288 -0.024742084504901819 -0.011723227238722779 -0.0039065239501343673 0.023696429634687259 0.0054030373608654229 -0.017118531921067881 -0.0032719724929557471 -0.020546143535084094 0.0049242275107217156 -0.0031364609132416219 3.4840122624840138e-05 0.039536297259877076 -0.00063335395906692214 0.0016686268125533188 -0.0048905007187566183 0.021433056726075424 -0.0012472793880682639 0.010694507521773521 0.012491392143506128 -0.001717936711766362 -0.00025392313448094339 0.0064433013209391496
leaf_weight=62.947770714759827 1029.1022919714451 653.92681407928467 55.136901408433914 232.21148371696472 1300.8575457632542 1036.9253514409065 1281.0662203431129 67.515969961881638 625.13231325149536 147.13312450051308 3606.8043365180492 293.73137608170509 614.86538305878639 2035.0556047558784 64.253259748220444 571.06660953164101 217.20689395070076 4970.3692088127136 398.9597370326519 1227.1121219396591 469.81245422363281 75.015909761190414 400.66349187493324 193.10952898859978
leaf_count=148 747 1282 143 279 1999 954 1572 68 908 143 4327 337 1238 1286 82 701 299 3833 414 1691 976 157 546 180
internal_value=0.000786226 0.00016671 -0.00022645 -0.00141566 -0.00210697 0.0012883 0.000594005 4.61143e-05 -0.00156108 0.000363725 0.000485434 0.000764778 0.000138534 0.00155122 0.00101438 0.00132569 0.000474783 0.00138846 0.000803044 0.00183075 0.000354002 -0.00112837 0.00061023 0.00154766
internal_weight=21630 9699.01 6610.94 2203.07 1533.07 11931 3296.55 2267.45 692.648 4407.86 4260.73 1574.8 670.002 8634.42 3088.08 2079.64 788.274 6599.36 1435.89 1291.37 1008.44 137.964 870.476 5163.48
internal_count=24310 14011 9411 3659 2278 10299 3632 2885 976 5752 5609 1909 1381 6667 4600 2773 1000 5381 1368 1773 1827 305 1522 4013
is_linear=0
shrinkage=0.0424476


Tree=87
num_leaves=25
num_cat=0
split_feature=1 3 3 1 2 1 3 2 2 3 4 0 0 3 1 2 2 4 2 4 0 2 3 1
split_gain=3.45903 1.67076 1.13266 0.991398 3.53819 1.22037 1.21629 0.940321 1.71236 1.2683 0.802688 0.698249 0.417587 0.303241 0.244808 0.359919 0.41239 0.23215 0.197204 0.155357 0.152816 0.131342 0.311758 0.127766
threshold=0.19678319559988264 2.6450000000000005 3.3521290263471264 0.12332438255465399 0.98662138620987927 -0.068345573889994418 4.4720225700046816 -0.53407657017901478 -0.40175069836505656 2.2010900737380514 1015.2500000000001 0.86106538556481482 -0.5 4.8420897470046311 0.48634789132201989 0.24287861226725038 0.27799806423841894 1012.4328964964358 0.49889468935047204 1015.2500000000001 -0.86568060326902374 -0.88143980382938714 4.5726030805937574 0.44088582098979784
decision_type=2 2 2 2 2 2 2 2 2 2 2 2 2 2 2 2 2 2 2 2 2 2 2 2
left_child=1 10 7 5 13 6 -3 20 9 -9 12 -10 17 -5 21 -16 -17 -1 -14 -7 -2 22 -4 -23
right_child=2 3 14 4 -6 19 -8 8 11 -11 -12 -13 18 -15 15 16 -18 -19 -20 -21 -22 23 -24 -25
leaf_value=9.2391276315468895e-05 0.0175031407767927 -0.0044868241794302549 0.026986682444084698 0.018207808404826938 -0.019620930904608883 0.014043527835323606 0.0030047943999144014 -0.01541214776432471 0.0088535222548408489 -0.0011943353153600594 -0.007356245842369144 -0.0035450965801367921 0.0068350353807805986 -0.014463887491381415 0.036763421558935173 -0.047849442725556107 0.010025421220554293 0.04797117887208488 0.0082513602426721819 -0.011322019842567485 0.04979196505761669 0.01141533724099441 -0.0016034279596236476 0.0031756490153191613
leaf_weight=890.40472587943077 247.67746362090111 2777.7914697229862 315.00692203640938 125.31719729304314 91.813249319791794 962.8727590739727 2258.5192238688469 123.64647749066353 2804.0371343791485 141.95755153894424 63.08878356218338 756.25899457931519 1239.0097727179527 126.24880087375641 4613.9973312020302 58.447356879711151 664.34028849005699 135.12990924715996 917.63721668720245 111.18099254369736 1206.766764998436 471.8794803917408 324.11790981888771 202.83392721414566
leaf_count=1697 285 4057 234 168 52 1036 3661 113 3183 87 41 818 1911 143 2493 57 1160 185 979 81 884 308 528 149
internal_value=0.000781723 0.000184131 0.00126597 -0.000208573 -0.00242973 -8.07175e-05 -0.000360584 0.00079496 0.000439181 -0.00283501 0.000970789 0.000688651 0.00106932 0.00010089 0.00163715 0.00177064 0.000842991 0.000340079 0.0014075 0.00121435 0.00171809 0.00108081 0.000595417 0.00151313
internal_weight=21630 9699.01 11931 6453.74 343.379 6110.36 5036.31 5280.34 3825.9 265.604 3245.27 3560.3 3182.18 251.566 6650.62 5336.78 722.788 1025.53 2156.65 1074.05 1454.44 1313.84 639.125 674.713
internal_count=24310 14011 10299 9198 363 8835 7718 5370 4201 200 4813 4001 4772 311 4929 3710 1217 1882 2890 1117 1169 1219 762 457
is_linear=0
shrinkage=0.0424476


Tree=88
num_leaves=24
num_cat=0
split_feature=2 2 3 5 2 3 3 3 7 9 2 2 3 2 3 7 7 2 5 2 7 5 9
split_gain=1.45583 1.04695 4.64209 0.962592 0.734273 0.71036 1.03471 0.631962 0.749938 0.536513 0.502468 1.24426 0.381122 0.353155 0.283184 0.205549 0.15355 0.195493 0.185163 0.114296 0.0774775 0.0727758 0.0646843
threshold=0.17553149042142802 0.19311121294034192 2.5230242812024986 0.25810558179186288 0.22611568550828817 1.4950000000000003 4.4720225700046816 3.3106512398088235 1.630000000000001 -1.5320925262319809 -0.63174868667326445 -0.40175069836505656 2.2810891114685004 0.63874942205152718 7.8550000000000013 1.1700000000000002 1.2000000000000013 -0.94941443599233932 -0.5 -0.94941443599233932 4.8800000000000017 0.86340693121644818 2.4093087724510558
decision_type=2 2 2 2 2 2 2 2 2 2 2 2 2 2 2 2 2 2 2 2 2 2 2
left_child=7 2 -2 4 -3 20 -7 8 21 16 12 -12 -10 -6 15 -11 17 -9 -18 -16 -5 -1 -23
right_child=1 3 -4 5 13 6 -8 9 10 14 11 -13 -14 -15 19 -17 18 -19 -20 -21 -22 22 -24
leaf_value=0.032174512060737522 -0.016795401846800118 -0.029699390868137842 0.061738048620127058 0.0025439551790859397 0.022542012260500691 -0.0015613710013666307 0.0023514257470464476 -0.018011206991819302 0.031460991909860708 0.010085386667082714 -0.010141595481686081 0.0090362669279350997 0.0046693619721319317 0.0024965526534473669 -0.0045337055549715339 0.027616160264112212 -0.012452992428208241 -0.00053082883544734651 0.014224217864086957 0.0023661079671869326 0.009392339593880793 0.00039223978203227001 0.039628525113899027
leaf_weight=905.93004176020622 65.117723166942596 96.813905745744705 121.59838724136353 343.45710292458534 1256.7461483776569 2681.286483168602 1472.2985834181309 37.492193430662155 565.83811923861504 2373.7095902562141 494.00621655583382 1582.5508177876472 998.59283474087715 2663.5982705652714 48.613684177398682 4623.6369076669216 170.54566141963005 68.757933884859085 328.79673045873642 116.31274354457855 236.32204601168633 110.18036612868309 149.40224158763885
leaf_count=847 65 115 149 534 2068 2844 1372 112 801 3161 678 1797 1170 3715 140 3246 209 142 341 286 211 194 177
internal_value=0.000751912 0.000334656 -0.00279793 0.000403618 0.000886903 -2.63099e-06 -0.000200811 0.001047 0.000656522 0.00128624 0.000350002 -7.45982e-05 0.000925429 0.00098057 0.00138893 0.00143037 4.11619e-05 -0.0013879 0.000382347 -0.000256965 0.00138518 0.00159817 0.000827916
internal_weight=21511.6 8937.24 186.716 8750.52 4017.16 4733.36 4153.59 12574.4 4806.5 7767.87 3640.99 2076.56 1564.43 3920.34 7162.27 6997.35 605.593 106.25 499.342 164.926 579.779 1165.51 259.583
internal_count=24374 11073 214 10859 5898 4961 4216 13301 5664 7637 4446 2475 1971 5783 6833 6407 804 254 550 426 745 1218 371
is_linear=0
shrinkage=0.0424476


Tree=89
num_leaves=25
num_cat=0
split_feature=1 6 3 6 6 9 1 1 4 1 9 1 3 3 3 9 9 4 9 4 9 4 9 1
split_gain=2.46052 1.5797 1.32345 1.48679 1.39267 1.52675 1.07008 2.33316 1.23106 1.09822 1.187 0.945388 0.659685 0.498703 0.717065 0.907049 0.769035 0.701322 0.222762 0.206144 0.140338 0.342537 0.0806468 0.0610958
threshold=0.46382785666522619 0.70137043877975058 3.9468898213812458 -0.5 -0.49938512447000033 2.1981552721683451 -0.96683886033945943 -0.99166813670569331 1010.301597619405 0.41882333404999644 0.4604284924533833 0.86753754618373868 2.9511450608452958 4.8900968331198325 4.1644099102831547 3.6913467086885441 2.9384714346157375 1008.4015245317891 4.2988197902313976 1007.9002757846887 -1.6100326761107799 1009.7055573288902 3.6913467086885441 0.57391765965057562
decision_type=2 2 2 2 2 2 2 2 2 2 2 2 2 2 2 2 2 2 2 2 2 2 2 2
left_child=1 6 3 20 5 -5 7 19 -9 12 -11 -6 -8 14 16 -16 -3 18 -15 -1 21 -2 -22 -4
right_child=2 13 23 4 11 -7 9 8 -10 10 -12 -13 -14 17 15 -17 -18 -19 -20 -21 22 -23 -24 -25
leaf_value=-0.0015117151047106731 -0.0033150421883623091 -0.001386649625023791 0.02222776233266854 -0.027794932989247997 0.0068412175692753839 0.022447527724526687 0.014185334882456787 -0.021094712787419475 0.012506383266229904 -0.0079693330065315517 1.6040286788243228e-05 -0.0037592712434196293 0.002923569261679877 -0.0036746065430833096 -0.0022940616366621406 -0.016613616763245874 0.022406052254829705 0.0097393648386978199 0.01024668719293303 0.027545945833293665 0.042789841647956364 0.020657056208941996 0.050172451646558924 0.030144850429580827
leaf_weight=194.73833706974983 187.48030000925064 1692.5902392566204 531.10892164707184 79.132690072059631 1395.4454323649406 63.626796364784241 3060.2450883686543 289.24355784058571 60.242315679788589 194.60225039720535 166.63957431912422 958.90645241737366 5083.4179630875587 287.52044984698296 172.57814130187035 52.165119796991348 343.50866344571114 315.26746711134911 71.890109837055206 316.75201380252838 1769.6856434941292 179.34206229448318 330.49512067437172 3714.9800227582455
leaf_count=401 195 2448 390 108 1798 87 3858 626 83 174 127 1461 6123 774 297 71 663 337 132 379 1136 189 138 2379
internal_value=0.000737413 0.000342529 0.00126282 0.000785623 4.77779e-05 -0.00401398 0.000612729 -0.000802876 -0.00348794 0.000758213 -0.00151345 0.000301953 0.000861257 -0.000513246 -0.000818555 -0.00311208 -0.000556285 0.000482394 -0.000762565 0.000995587 0.00152496 0.000670332 0.00166541 0.00181634
internal_weight=21511.6 12301.4 9210.2 4964.11 2497.11 142.759 9365.88 860.976 349.486 8504.9 361.242 2354.35 8143.66 2935.52 2260.84 224.743 2036.1 674.678 359.411 511.49 2467 366.822 2100.18 4246.09
internal_count=24374 16493 7881 5112 3454 195 11771 1489 709 10282 301 3259 9981 4722 3479 368 3111 1243 906 780 1658 384 1274 2769
is_linear=0
shrinkage=0.0424476


Tree=90
num_leaves=22
num_cat=0
split_feature=1 1 3 6 3 1 3 3 1 6 4 1 4 1 8 8 8 8 4 1 4
split_gain=2.29231 1.99726 2.90239 1.94431 1.31136 1.36275 1.26269 0.867124 0.583184 0.702729 0.610385 0.504195 0.338049 0.245565 0.712973 0.231975 0.199464 0.863105 0.192465 0.035644 0.0210617
threshold=0.1714926119571353 0.12332438255465399 5.6896244634102713 0.70137043877975058 2.5230242812024986 -0.068345573889994418 2.6450000000000005 4.4720225700046816 0.99865756837029906 -0.5 1007.7008285559062 0.97219319235420376 1008.8007423001054 -0.97873101657557326 7.0700000000000029 3.015000000000001 6.501474265000728 5.8899999999999997 1015.2500000000001 0.88013720422011754 1009.1016949576372
decision_type=2 2 2 2 2 2 2 2 2 2 2 2 2 2 2 2 2 2 2 2 2
left_child=1 4 3 20 13 7 8 -6 9 15 -11 16 -7 14 -1 -2 17 -8 -15 -18 -3
right_child=6 2 -4 -5 5 12 11 -9 -10 10 -12 -13 -14 18 -16 -17 19 -19 -20 -21 -22
leaf_value=0.013466243523719491 0.002221546137665432 0.011718464697242819 -0.021897078419268315 -0.0078763197547867987 -0.0032731312184409375 0.0066385580211597919 0.018675882722395738 0.0027686525292978199 -0.027982784706922097 -0.0062485450813701132 0.0015393178027112179 0.032703914487586867 0.015476085213644764 0.0080839955129714015 -0.017116946854955694 0.053478893375297529 0.0087138336587437668 -0.0061840622573729404 -0.0030247555079628832 0.0016758488694104564 0.0093873291928768567
leaf_weight=385.66736277937889 270.5584519803524 71.530561774969101 74.351806133985519 80.733483016490936 3010.4925890266895 451.58976179361343 5587.1244184970856 2210.1863752007484 274.89324721693993 336.96486878395081 1500.3666539490223 1986.4985903203487 682.79747521877289 2356.8393530547619 79.092858344316483 1025.7361556589603 642.25906464457512 401.04131120443344 57.65965548157692 94.694587022066116 117.31735223531723
leaf_count=656 236 105 63 94 4391 573 4521 3675 108 460 2156 1251 562 3489 83 776 570 315 37 91 142
internal_value=0.000778414 0.000285072 -0.00288435 -0.000761891 0.000405126 6.15628e-05 0.00116676 -0.000225134 0.000466038 0.000634557 8.98093e-05 0.0014388 0.00139731 0.001157 0.000214913 0.00139237 0.00125609 0.00116715 0.00133067 0.00195362 0.00151654
internal_weight=21698.4 9578.26 343.933 269.581 9234.33 6355.07 12120.1 5220.68 3408.52 3133.63 1837.33 8711.62 1134.39 2879.26 464.76 1296.29 6725.12 5988.17 2414.5 736.954 188.848
internal_count=24354 13870 404 341 13466 9201 10484 8066 3736 3628 2616 6748 1135 4265 739 1012 5497 4836 3526 661 247
is_linear=0
shrinkage=0.0424476


Tree=91
num_leaves=24
num_cat=0
split_feature=1 2 8 8 2 3 1 7 8 1 2 1 8 3 1 3 7 1 1 1 8 7 1
split_gain=2.44959 1.46813 1.27812 1.72768 2.25128 1.01078 1.00315 0.95248 1.24399 0.939481 0.906133 2.45152 1.11308 0.905895 1.29312 0.871721 0.83453 0.567464 0.282368 0.395981 0.1544 0.480035 0.00737017
threshold=0.46382785666522619 0.61595474094623837 6.501474265000728 5.8899999999999997 0.73832635400310653 2.5627506087349254 -0.85654306401281477 6.0200000000000022 5.0900000000000025 0.39376516476197765 0.94820333012481139 -0.25495596846646384 6.1900000000000004 2.2010900737380514 0.99865756837029906 1.8402474018712474 1.6608098955480688 0.86753754618373868 0.97219319235420376 0.95916170206560214 3.015000000000001 1.7390122365738798 -0.90518480756366004
decision_type=2 2 2 2 2 2 2 2 2 2 2 2 2 2 2 2 2 2 2 2 2 2 2
left_child=5 13 3 16 -5 9 7 8 -7 20 12 -12 -8 14 17 -11 -3 -2 19 -15 22 -22 -1
right_child=1 2 -4 4 -6 6 10 -9 -10 15 11 -13 -14 18 -16 -17 -18 -19 -20 -21 21 -23 -24
leaf_value=0.035419528021502958 0.016211418422521745 -0.015560561573890606 0.032373335256267108 -0.01928441238532556 -0.0063796346048982941 -0.0096442849644529823 0.0015733644454752167 -0.032704196180797292 0.0033555807316158134 -0.010934675549920525 -0.039050205281762923 0.0012961473006290257 0.014893951228446941 0.027546011290736104 -0.040875276468142131 0.00062185951672051468 0.0071261808236995142 0.00011571574013389189 0.032549382158830985 -0.0048584447302266742 -0.0038328486062017731 0.0046123268099361918 0.035890562515030242
leaf_weight=155.35729464888573 460.83565321564674 206.86119854450226 294.58775469660759 73.918026596307755 54.637917220592499 815.70486524701118 4265.1928862035275 91.286655455827713 326.18575409054756 112.82857221364975 231.73022231459618 1626.6255520880222 855.06642591953278 4753.0809220969677 175.46978187561035 95.73770335316658 325.21539720892906 617.47732430696487 2228.9831366240978 255.59406971931458 181.53020817041397 3181.9809423387051 312.5077191889286
leaf_count=386 446 391 481 103 95 2056 6179 80 365 106 201 1369 661 3249 70 82 568 846 1428 276 291 3998 627
internal_value=0.000739417 0.00125378 -0.00030808 -0.00136165 -0.0057848 0.000341309 6.84348e-05 -0.00104457 -0.000692265 0.000891381 0.000267767 -0.000529996 0.000560925 0.00143166 0.000359122 -0.00185108 -0.000258057 0.000922201 0.00161489 0.00142536 0.00104551 0.000933419 0.0018117
internal_weight=21698.4 9446.66 955.22 660.633 128.556 12251.7 8211.79 1233.18 1141.89 4039.94 6978.62 1858.36 5120.26 8491.44 1253.78 208.566 532.077 1078.31 7237.66 5008.67 3831.38 3363.51 467.865
internal_count=24354 7953 1638 1157 198 16401 10911 2501 2421 5490 8410 1570 6840 6315 1362 188 959 1292 4953 3525 5302 4289 1013
is_linear=0
shrinkage=0.0424476


Tree=92
num_leaves=25
num_cat=0
split_feature=1 2 3 2 0 3 1 2 2 0 2 1 7 7 3 1 1 1 3 0 7 3 7 3
split_gain=3.11266 1.59207 1.38764 0.951446 1.92747 1.85893 1.24376 0.767405 2.15499 1.32971 0.68018 0.648781 0.634657 0.625064 0.428323 1.82717 0.419572 0.286811 0.285537 0.235891 0.420325 0.231671 0.175967 0.171339
threshold=0.19678319559988264 0.24287861226725038 2.0409242842768678 0.94820333012481139 -0.26728045635376119 3.5520353002532512 -0.85654306401281477 0.91234096280339505 0.88669092404404137 1.0000000180025095e-35 0.24287861226725038 0.12332438255465399 2.7806270598745173 3.8349999999999995 2.1611148203148685 0.99965739133362419 0.86753754618373868 0.97219319235420376 1.4950000000000003 -0.48425106296505532 4.8100000000000014 1.7250000000000003 2.4824205093819454 1.0150000000000003
decision_type=2 2 2 2 2 2 2 2 2 2 2 2 2 2 2 2 2 2 2 2 2 2 2 2
left_child=2 14 11 6 -5 -6 10 8 12 -10 -4 19 -3 -8 15 16 -2 22 -13 20 -1 23 -16 -9
right_child=1 7 3 4 5 -7 13 21 9 -11 -12 18 -14 -15 17 -17 -18 -19 -20 -21 -22 -23 -24 -25
leaf_value=-0.00098788150798987664 0.051967689314228606 -0.0028363879600885127 -0.0070732217254466509 0.016162637097307957 -0.0078528618565396283 -0.0033583808889586643 0.00049031318073319721 0.0029913201185477333 -0.00073205798337723407 -0.011246613938600358 0.00021322800203416419 -0.0070375958909522415 0.0070807179709893074 0.0073918980160360736 0.02343688662007971 -0.03869328686835051 -0.0016529498655960101 0.032556629400887577 -0.0085077386607752634 0.0077664665346659067 0.010574368211488999 0.018392818411218849 0.025519004975162848 -0.0058904618469387366
leaf_weight=297.9539746940136 469.22164490818977 909.54450052976608 1080.4290331602097 404.32974129915237 457.32746025919914 1072.1059601604939 2499.1309451460838 103.77988174557686 127.66063651442528 187.72248438000679 440.67839151620865 59.245941907167435 1326.5044593811035 1782.2013464272022 3794.6509762406349 84.08684891462326 392.45242717862129 2043.6226322650909 60.296934336423874 1164.6862797141075 448.10443902015686 636.83529415726662 1610.8914316594601 191.91800132393837
leaf_count=675 427 1616 2326 539 290 758 4806 72 108 111 753 72 1806 1668 2396 38 487 1417 94 1573 652 627 1051 170
internal_value=0.000695526 0.00115728 0.000132006 -0.000125045 -0.00094175 -0.00163688 0.000143947 0.000387231 0 -0.00327831 -0.000894225 0.00112059 0.000469651 0.000517123 0.00147465 0.000591931 0.00119239 0.00158423 -0.00184923 0.00131609 0.000684344 0.00142931 0.00141085 0.000367594
internal_weight=21645.4 11878.9 9766.49 7736.2 1933.76 1529.43 5802.44 3483.97 2551.43 315.383 1521.11 2030.29 2236.05 4281.33 8394.93 945.761 861.674 7449.17 119.543 1910.74 746.058 932.533 5405.54 295.698
internal_count=24532 10326 14206 11140 1587 1048 9553 4510 3641 219 3079 3066 3422 6474 5816 952 914 4864 166 2900 1327 869 3447 242
is_linear=0
shrinkage=0.0424476


Tree=93
num_leaves=25
num_cat=0
split_feature=1 6 1 4 3 3 3 6 8 1 3 1 1 1 4 8 4 3 4 8 6 8 1 4
split_gain=2.91114 1.48629 1.55909 2.38606 1.42315 1.20725 1.15079 0.805403 0.725185 0.692922 0.51107 0.365601 0.747637 0.325548 0.794077 0.944342 0.256085 0.233185 0.200628 0.196599 0.147395 0.347749 0.128801 0.100345
threshold=0.19678319559988264 -0.2589913477455501 0.12332438255465399 1010.0004489774752 2.0409242842768678 3.3521290263471264 2.0850000000000004 -0.70718654785976864 1.8404421469692565 0.39376516476197765 2.6800201927626977 -0.89414697905359375 -0.99166813670569331 0.57391765965057562 1005.901102499009 1.9599999999999993 1011.212216480659 1.3119813576493016 1012.7242840600967 2.4118506817661456 0.25423941463970728 3.6800000000000019 -0.098819223632317363 1006.4012391742523
decision_type=2 2 2 2 2 2 2 2 2 2 2 2 2 2 2 2 2 2 2 2 2 2 2 2
left_child=1 10 4 23 22 7 -6 17 -9 -10 18 12 -12 14 15 -7 -13 -2 -1 -19 -15 -22 -3 -4
right_child=5 2 3 -5 6 13 -8 8 9 -11 11 16 -14 20 -16 -17 -18 19 -20 -21 21 -23 -24 -25
leaf_value=0.03560492100624113 -0.0047104013322465457 0.0032474076344166884 -0.0016213387988434028 -0.020063165227192276 -0.018440956681039334 -0.0083020907679193234 -0.0014371714667187727 0.036007297977785992 0.0084143958942915903 -0.00062304370377307486 0.017991897470606658 0.011438112290884138 -0.018929804822505111 0.033324721429445647 0.012086222020974461 0.034430230372898857 -0.0018010851741959441 0.0092538041176021893 -0.0073139012383327479 0.046517220452867457 0.014878024374178614 -0.0016470882082602243 0.0036653056633563228 0.015238054279519124
leaf_weight=1166.7517176270485 175.44102731347084 983.3157861828804 51.656884789466858 194.9216465651989 68.282455772161484 200.67735335230827 3754.6704707443714 468.87301203608513 682.44895392656326 2334.1396069228649 182.07451274991035 1950.8552300930023 318.61993402242661 3205.4099111557007 1556.1140279173851 157.23379585146904 697.97117707133293 301.35515561699867 71.339002519845963 1250.6056830585003 1429.4958028495312 117.09688919782639 239.40838435292244 86.623245149850845
leaf_count=1443 146 1845 84 150 76 315 6205 420 708 3163 231 2363 681 1969 1210 108 656 205 92 708 1164 210 223 157
internal_value=0.00067373 0.000128684 -0.000341934 -0.00315696 -0.000152361 0.00112029 -0.000558747 0.000630238 0.000252278 4.72105e-06 0.000709846 0.000414331 -0.00061927 0.00150074 0.00100892 -0.000760359 0.0006167 0.00138214 0.00144662 0.00154822 0.00169493 0.00131263 0.00110309 0.000993268
internal_weight=21645.4 9766.49 5378.88 333.202 5045.68 11878.9 3822.95 5212.86 3485.46 3016.59 4387.61 3149.52 500.694 6666.03 1914.03 357.911 2648.83 1727.4 1238.09 1551.96 4752 1546.59 1222.72 138.28
internal_count=24532 14206 8740 391 8349 10326 6281 5350 4291 3871 5466 3931 912 4976 1633 423 3019 1059 1535 913 3343 1374 2068 241
is_linear=0
shrinkage=0.0424476


Tree=94
num_leaves=22
num_cat=0
split_feature=1 3 1 9 5 1 9 9 9 1 5 1 3 9 1 3 1 9 5 1 1
split_gain=2.63185 1.50702 1.05691 0.687537 0.691148 0.885279 0.614715 0.689469 1.50212 0.938994 0.463413 0.425169 0.374616 0.370862 0.32937 0.297551 0.676447 0.0450978 0.0425303 0.00767407 0.0558703
threshold=-0.030120025924939096 1.9650000000000001 0.97219319235420376 3.2693887385396541 0.70436907356351874 0.41882333404999644 -4.5183116708426843 -1.9379012321230318 -2.1254229404865188 -0.85654306401281477 -0.25881904510252113 0.95208311108554178 2.0850000000000004 -2.8458729305682122 0.99865756837029906 1.3119813576493016 -0.96683886033945943 -1.2485208537921115 0.49822133722136902 -0.98801351631316325 -0.99865756837029884
decision_type=2 2 2 2 2 2 2 2 2 2 2 2 2 2 2 2 2 2 2 2 2
left_child=1 10 3 4 13 -6 -3 8 -8 -9 15 18 14 -2 -4 17 -17 -1 -5 20 -12
right_child=2 6 12 11 5 -7 7 9 -10 -11 19 -13 -14 -15 -16 16 -18 -19 -20 -21 -22
leaf_value=0.0053179733614912494 -0.0006453515739631015 0.025305257848428592 0.072070414177898418 0.035136915413512389 0.0024719823848845038 -0.004844124141203339 -0.0020687129768077995 -0.0070563606327097052 -0.011743762334483984 0.0010984801237608614 0.061871053235996072 -0.014543046708880706 0.029019693485603862 0.010218386512158001 -0.0077130903497333158 -0.0070428350534551048 0.0024495528136884315 0.023520234741000023 0.014572701968076869 0.0064975140402371663 0.015807687416924694
leaf_weight=59.317301422357559 556.69238358736038 278.43463119864464 192.48689278960228 1281.454383045435 1050.3703524768353 998.37452074885368 785.54722532629967 1338.7394953668118 145.4907460808754 3645.4355024397373 86.375824600458145 127.56721407175064 2171.44525796175 5936.9283595383167 191.30681622028351 77.657108813524246 370.26346927881241 238.89892590045929 1112.0748474299908 721.59663298726082 67.765600889921188
leaf_count=92 666 294 234 641 915 1145 984 2785 152 5306 78 137 1490 5892 72 156 568 431 951 1050 147
internal_value=0.000663921 4.05542e-05 0.0010203 0.000837454 0.000651733 -1.92197e-05 -0.000258618 -0.000352956 -0.00141568 -0.000150722 0.00119445 0.00145939 0.00180471 0.00086627 0.000515948 0.00038546 -0.000271811 0.00143474 0.00158941 0.00186255 0.00117751
internal_weight=21434.2 7815.52 13618.7 11063.5 8542.37 2048.74 6193.65 5915.21 931.038 4984.17 1621.87 2521.1 2555.24 6493.62 383.794 746.137 447.921 298.216 2393.53 875.738 154.141
internal_count=24186 12043 12143 10347 8618 2060 9521 9227 1136 8091 2522 1729 1796 6558 306 1247 724 523 1592 1275 225
is_linear=0
shrinkage=0.0424476


Tree=95
num_leaves=25
num_cat=0
split_feature=1 2 3 1 2 8 9 2 9 9 1 1 3 9 8 2 1 8 3 8 2 3 3 2
split_gain=2.11232 1.91691 1.64733 0.954346 2.40034 1.42511 0.578256 0.549347 0.551755 0.412384 0.373097 0.851741 0.299736 0.50986 0.291144 0.28459 0.241633 0.639235 0.195219 0.185771 0.0934047 0.089433 0.0237378 0.00259544
threshold=0.070430523394386171 0.22611568550828817 1.9650000000000001 0.41882333404999644 0.88669092404404137 6.501474265000728 -4.5183116708426843 0.99962961997441069 -1.3178851100867985 -0.87350709677100002 0.84293373149377093 0.90405093247213386 1.2501702724814445 0.30847456028505255 3.9700000000000011 0.94820333012481139 0.97805592386711537 6.0699999999999994 2.0409242842768678 9.2150000000000016 0.24287861226725038 1.3119813576493016 1.8815595933400064 0.055916990100603255
decision_type=2 2 2 2 2 2 2 2 2 2 2 2 2 2 2 2 2 2 2 2 2 2 2 2
left_child=2 9 19 12 5 -5 23 8 -8 10 14 -12 13 -3 -2 -14 17 -11 -18 20 21 -1 -22 -4
right_child=1 3 6 4 -6 -7 7 -9 -10 16 11 -13 15 -15 -16 -17 18 -19 -20 -21 22 -23 -24 -25
leaf_value=0.017678636112000951 0.00028589748097036967 0.00041245496728440788 0.0097074446121625194 -0.005387899706909457 -0.015725128115649075 0.012774373663968032 -0.0050171746870411515 0.039803879716371324 -0.00025386886895856502 0.023380055166450413 -0.021917848815979597 0.012551623124747115 0.010903261881419319 -0.0060519993232253733 0.034301726060217516 0.0028189114025066039 0.00097364920737984912 -0.0060809116100680703 0.027847595723555427 -0.0065432300439471763 0.016942642612483502 0.00014659120669352572 0.0091377507225508837 0.028309885792331235
leaf_weight=284.65554812550545 312.94044941663742 111.82943591475487 91.608645349740982 1393.242208480835 227.51314082741737 773.17542672157288 1496.6797813475132 187.26909938454628 4980.3248595893383 5167.2666578292847 80.571590900421143 263.03915846347809 514.8250567317009 115.39138877391815 543.10659790039062 822.31403392553329 274.89679557085037 379.26371201872826 1812.5601288080215 137.63713946938515 722.06693986058235 454.8660494685173 87.922694027423859 199.25695326924324
leaf_count=452 361 72 85 2398 142 1042 1806 178 7992 3287 104 280 447 105 559 825 211 271 1178 108 1185 787 94 217
internal_value=0.000654291 0.00100089 0.000139134 0.000219034 -0.000307817 0.000119455 -0.00014711 -0.000230419 -0.000298446 0.00134913 0.000591235 -0.000555207 0.0010371 -0.000324469 0.00107304 0.00128233 0.0014658 0.00130801 0.0018762 0.00133012 0.00146364 0.00105528 0.0018136 0.00169793
internal_weight=21434.2 12791.9 8642.29 3958.29 2393.93 2166.42 6955.14 6664.27 6477 8833.65 1199.66 343.611 1564.36 227.221 856.047 1337.14 7633.99 5546.53 2087.46 1687.15 1549.51 739.522 809.99 290.866
internal_count=24186 11282 12904 5031 3582 3440 10278 9976 9798 6251 1304 384 1449 177 920 1272 4947 3558 1389 2626 2518 1239 1279 302
is_linear=0
shrinkage=0.0424476


Tree=96
num_leaves=25
num_cat=0
split_feature=6 8 8 1 8 0 6 1 1 8 1 1 0 6 1 1 4 4 8 1 4 4 8 1
split_gain=2.71522 1.78691 1.0028 1.41297 1.58151 0.989311 1.04308 0.6842 0.638812 0.982685 0.961718 0.571528 0.617799 0.773181 0.32231 0.429274 0.254188 0.214852 0.181527 0.126556 0.104847 0.573338 0.103547 0.0955955
threshold=-0.50143597553239838 2.2579689752237351 6.2520641185720081 0.92591620288614507 6.1200000000000037 0.86106538556481482 0.99259782952602682 -0.27987374920143959 0.55265906544660026 3.2349999999999999 0.39376516476197765 0.62244429004997459 -0.00033512952589765684 0.25881904510252057 -0.084825532204959572 -0.30472723697333454 1005.7027653000185 1012.8072037506793 2.3300000000000005 0.96638848890389129 1011.104480267663 1011.4153695986614 4.0509473958312698 0.88013720422011754
decision_type=2 2 2 2 2 2 2 2 2 2 2 2 2 2 2 2 2 2 2 2 2 2 2 2
left_child=8 11 3 4 -3 6 -4 -7 9 10 18 12 16 -14 15 -11 -2 -16 -1 -5 -10 -22 -23 -13
right_child=1 2 5 19 -6 7 -8 -9 20 14 -12 23 13 -15 17 -17 -18 -19 -20 -21 21 22 -24 -25
leaf_value=0.0044501503132136633 1.1275683616200536e-05 -0.0026378761665887085 0.0026302543268310499 0.022110740224211681 -0.013719761895270383 0.00080079304146222564 -0.011390262615128073 -0.0016752542512529513 0.030346035481214003 0.030696463759642831 -0.0070180698919772352 0.030788894830780889 0.012961696805616558 -0.0061502578716365911 0.039868977169989356 -0.005940048022934471 0.01251251206420281 0.0054575993113629593 -0.0057664384814533993 0.031826560722061074 -0.037273210816851858 0.0050853609136254953 0.062664987631774596 0.0070989561617555907
leaf_weight=665.71813425421715 324.59314620494843 4233.6872179210186 2323.3562738597393 172.49736857414246 184.76789602637291 362.32544279098511 198.78265941143036 993.56501749157906 3050.0834367573261 1785.1061112880707 187.75557553768158 973.80953696370125 330.29325982928276 480.79825142025948 1455.387403011322 417.59115901589394 904.26570311188698 232.71995103359222 146.55478557944298 361.40644904971123 98.402869492769241 85.536834806203842 479.02606269717216 1060.3006734549999
leaf_count=1517 637 6528 2681 257 211 310 226 605 1531 1700 165 723 711 1158 844 394 1499 257 278 424 63 149 408 938
internal_value=0.000589823 0.000198663 -0.000138793 -0.000540601 -0.000792591 0.000369553 0.0008695 -0.000546759 0.00117435 0.000847543 -0.000324893 0.000934632 0.000419699 -0.000474031 0.00115365 0.000798468 0.00102466 0.00160611 0.000287214 0.00151009 0.00159982 0.00104039 0.00157953 0.00144194
internal_weight=21508.3 12904.4 8830.39 4952.36 4418.46 3878.03 2522.14 1355.89 8603.88 4890.83 1000.03 4074.06 2039.95 811.092 3890.8 2202.7 1228.86 1688.11 812.273 533.904 3713.05 662.966 564.563 2034.11
internal_count=24214 16908 11242 7420 6739 3822 2907 915 7306 5155 1960 5666 4005 1869 3195 2094 2136 1101 1795 681 2151 620 557 1661
is_linear=0
shrinkage=0.0424476


Tree=97
num_leaves=25
num_cat=0
split_feature=2 8 2 0 2 9 2 2 0 0 8 4 8 8 4 8 2 8 4 8 4 0 8 0
split_gain=2.18911 1.82124 1.98104 1.91715 1.29663 1.00542 0.708531 1.44566 1.06858 0.7049 0.512821 0.568866 0.375198 0.418323 0.374038 0.828378 0.58138 0.554186 0.337727 0.295096 0.967732 0.255171 0.753926 0.221715
threshold=0.63874942205152718 6.1900000000000004 0.99164058729498161 -0.5 0.97690230611205509 -0.3666301806203584 0.95989713290459411 0.96844073143777087 0.86106538556481482 -0.70710678118654757 9.4100000000000001 1006.0099857847753 6.8931107951410651 1.4716613013558086 1008.8007423001054 3.6800000000000019 -0.80862454125094219 6.2520641185720081 1009.5033858388621 9.5950000000000024 1011.7005882097233 0.69601821493876959 6.0699999999999994 -0.25850906104189697
decision_type=2 2 2 2 2 2 2 2 2 2 2 2 2 2 2 2 2 2 2 2 2 2 2 2
left_child=5 2 3 18 -5 9 19 -8 -9 12 11 -11 13 -1 15 16 -7 -17 -2 23 -21 -16 -23 -3
right_child=1 6 -4 4 -6 14 7 8 -10 10 -12 -13 -14 -15 21 17 -18 -19 -20 20 -22 22 -24 -25
leaf_value=0.0087860457162253283 -0.0032098209998338255 0.0048353709121882558 0.0262500739349046 -0.0049291202777868364 -0.0065297839897500301 0.0027301512699931564 -0.034424814954526456 0.0087561710309368521 -0.0012234794922838161 -0.0056134158184306063 -0.0057680905394107054 0.0073678413941819197 0.016832209683334386 -0.010326384955388054 0.023799742267738264 -0.0012966892748233244 0.016441841853515739 0.014645032328948388 0.0020668887551194997 0.0012333469264438899 -0.028709458659693224 0.031626165749472808 -0.005843266924203055 0.0088682767592901321
leaf_weight=78.810309916734695 298.29215559363365 439.28671768307686 457.85176247358322 1470.1332812011242 311.49453273415565 1321.7388377785683 259.54645639657974 865.94578683376312 508.8772636950016 480.11155524849892 124.23662570118904 2753.6401263773441 65.705494970083237 455.28969296813011 2355.136672526598 1834.8000997304916 4130.8954176604748 584.5873239338398 369.48038578033447 206.24315100908279 152.19787448644638 834.83343476057053 313.34809908270836 835.8481610417366
leaf_count=153 531 640 512 2030 203 1844 146 820 231 716 158 3429 117 909 2277 1992 3945 597 602 148 113 1029 300 772
internal_value=0.000582962 -8.91247e-05 -0.000864599 -0.00134787 -0.00207718 0.000854843 0.000595093 -1.867e-05 0.000518438 0.000265838 0.000508996 0.000616271 -0.00106459 -0.00145665 0.00105815 0.000889487 0.00118036 0.000226274 0.000570211 0.00122048 8.84908e-05 0.00143183 0.000878645 0.00152416
internal_weight=21508.3 6175.2 2907.25 2449.4 1781.63 15333.1 3267.95 1634.37 1374.82 3957.79 3357.99 3233.75 599.805 534.1 11375.3 7872.02 5452.63 2419.39 667.773 1633.58 358.441 3503.32 1148.18 1275.13
internal_count=24214 6748 3878 3366 2233 17466 2870 1197 1051 5482 4303 4145 1179 1062 11984 8378 5789 2589 1133 1673 261 3606 1329 1412
is_linear=0
shrinkage=0.0424476


Tree=98
num_leaves=24
num_cat=0
split_feature=1 9 5 9 1 1 9 1 9 1 1 1 1 7 7 9 7 9 7 1 0 1 1
split_gain=2.88671 1.03576 0.824336 0.937892 0.793031 0.640817 1.56599 1.61198 2.98124 0.836419 0.736186 0.66395 0.575522 0.551184 1.62229 0.436546 0.732308 0.414281 0.362661 0.289874 0.322971 0.218603 0.158154
threshold=-0.068345573889994418 -3.5547321075495524 0.49822133722136902 2.6999670586940447 0.70895390452562135 -0.30472723697333454 4.0670511817719044 -0.25495596846646384 -1.3893731532515383 -0.17806817010454204 -0.47105904330480614 -0.51386036242336719 -0.85654306401281477 5.9200000000000008 4.4300000000000024 -0.52894735260456105 3.7700000000000018 1.6048842865993722 2.6000000000000001 -0.37761050095554838 0.25881904510252057 0.97805592386711537 0.34592535316949297
decision_type=2 2 2 2 2 2 2 2 2 2 2 2 2 2 2 2 2 2 2 2 2 2 2
left_child=5 13 15 4 -4 10 7 8 -7 -9 11 12 -1 14 22 16 -3 -13 -5 -12 -21 -17 -2
right_child=1 2 3 18 -6 6 -8 9 -10 -11 19 17 -14 -15 -16 21 -18 -19 -20 20 -22 -23 -24
leaf_value=-0.0019483145096249269 0.032541716710553448 -0.0012073611317841486 0.0023465998132034811 0.017996580922008443 -0.0028718593244136275 -0.035763965070643729 -0.015010067710993445 0.0062555983826754801 -0.0041866980608238407 -0.00039734941587529402 0.022541607821582602 -0.0083899776858371231 0.0034515214510072558 -0.0016389759100573398 -0.020018235434809642 0.018042990164262133 0.019609584213248637 0.0080165736247702225 -0.0050163571387522952 -0.00044405415638139724 0.0029854723658406389 0.022737639807209331 -0.0081952204767704283
leaf_weight=2175.1602961421013 81.770406901836395 900.85458427667618 1842.1724701225758 1607.8217894732952 950.06656831502914 112.15036350488663 79.483666390180588 589.44881078600883 253.46293577551842 813.90639919042587 589.52726405858994 232.35603526234627 2267.2396160960197 131.02048695087433 91.281881421804428 5479.3730082809925 1014.773020029068 89.602767497301102 244.18750315904617 270.15085163712502 271.55495119094849 1516.3943291306496 178.76272919774055
leaf_count=4250 69 1205 1755 1441 1031 69 101 587 299 902 844 211 3863 124 96 4420 1093 180 218 381 266 871 233
internal_value=0.00053255 0.000895642 0.000965158 0.000499787 1.85997e-06 -0.000123277 -0.000813885 -0.000540565 -0.00305265 0.00010073 9.01112e-05 -0.000137584 0 -0.00101766 -0.00191412 0.00120561 0.000619899 -0.00199892 0.0012405 0.00106544 0.000314125 0.00136335 -0.000134944
internal_weight=21782.5 14038.5 13555.6 4644.25 2792.24 7744.04 1848.45 1768.97 365.613 1403.36 5895.59 4764.36 4442.4 482.836 351.815 8911.39 1915.63 321.959 1852.01 1131.23 541.706 6995.77 260.533
internal_count=24509 12556 12034 4445 2786 11953 1958 1857 368 1489 9995 8504 8113 522 398 7589 2298 391 1659 1491 647 5291 302
is_linear=0
shrinkage=0.0424476


Tree=99
num_leaves=19
num_cat=0
split_feature=1 1 5 8 7 4 1 1 8 1 1 1 8 8 1 8 5 5
split_gain=2.90179 0.840457 0.774512 0.921398 0.956577 0.708846 1.05837 0.744297 1.27554 1.00183 0.582263 0.762762 0.684562 0.581085 0.540586 0.312299 0.25267 0.574647
threshold=-0.068345573889994418 1.0017003286826727 0.49822133722136902 9.5950000000000024 6.5049999999999999 1013.4500000000002 -0.30472723697333454 -0.25495596846646384 8.8100000000000005 -0.23023710584653345 -0.85654306401281477 -0.86958133671945925 6.1900000000000004 7.0700000000000029 0.99699193743116299 5.8899999999999997 0.25881904510252091 -0.25881904510252113
decision_type=2 2 2 2 2 2 2 2 2 2 2 2 2 2 2 2 2 2
left_child=5 2 13 14 -5 6 10 8 -8 -9 11 -1 -12 15 -4 -2 17 -7
right_child=1 -3 3 4 -6 16 7 9 -10 -11 12 -13 -14 -15 -16 -17 -18 -19
leaf_value=-0.00059092775572976435 0.011313662799242698 0.038568115208734433 0.0053644557605607599 -0.01041174068856799 -0.0015092212864098813 0.0041564949259489054 -0.0058577120751397774 0.011021472388340952 -0.034178379867100893 -0.0019952171515733924 0.00057780482683279766 -0.017094435800242298 0.0078851894002441893 0.028992274423521473 -0.025997786105171904 0.0010965142976026828 0.0097354229450966213 -0.012190629387103772
leaf_weight=1989.0651229023933 6148.3602044582367 992.65001094341278 3880.2404926419258 246.01119640469551 229.67092162370682 107.52509388327599 260.11297437548637 200.47933545708656 119.13157665729523 984.13288420438766 2697.7510644495487 151.5192537009716 760.20234599709511 1019.1829424500465 191.53590586781502 1330.8271028697491 401.44064804911613 72.683657854795456
leaf_count=3984 5304 243 4129 137 116 141 346 207 53 1138 4622 194 921 1345 165 1117 277 70
internal_value=0.000537287 0.000901321 0.000808412 0.000355114 -0.00140151 -0.000120248 -0.000238166 -0.00121477 -0.00286665 -0.000670282 3.13275e-05 -0.000515241 0.000375027 0.00104879 0.000564881 0.00091466 0.00129993 0
internal_weight=21782.5 14038.5 13045.8 4547.46 475.682 7744.04 7162.39 1563.86 379.245 1184.61 5598.54 2140.58 3457.95 8498.37 4071.78 7479.19 581.649 180.209
internal_count=24509 12556 12313 4547 253 11953 11465 1744 399 1345 9721 4178 5543 7766 4294 6421 488 211
is_linear=0
shrinkage=0.0424476


Tree=100
num_leaves=25
num_cat=0
split_feature=1 2 3 3 1 1 1 9 9 2 2 2 3 3 2 1 1 1 4 1 1 1 1 4
split_gain=2.48581 1.31305 1.22541 1.13487 1.37617 5.07808 0.772674 0.798529 0.838004 0.757723 1.20647 0.820325 0.686448 1.33809 0.46948 0.304745 0.612846 0.217678 0.2151 0.194271 0.566394 0.115399 0.53099 0.114721
threshold=0.46382785666522619 0.22611568550828817 1.592518887368058 2.2010900737380514 0.86753754618373868 0.90405093247213386 -0.85654306401281477 -1.3178851100867985 0.99718603787077076 0.80561065941394794 -0.53407657017901478 0.99370977118463066 2.1209687820078789 4.0820774264390955 0.80561065941394794 -0.97873101657557326 -0.99466160899732459 0.39376516476197765 1009.3000825502069 0.97805592386711537 0.96638848890389129 0.78038929540735225 0.74707839308457491 1009.5033858388621
decision_type=2 2 2 2 2 2 2 2 2 2 2 2 2 2 2 2 2 2 2 2 2 2 2 2
left_child=2 3 15 4 -2 -6 7 18 -9 10 -8 -11 21 14 -14 16 -1 -17 -4 20 -5 22 -3 -15
right_child=1 12 6 19 5 -7 9 8 -10 11 -12 -13 13 23 -16 17 -18 -19 -20 -21 -22 -23 -24 -25
leaf_value=0.031554278994849375 0.04151675365846097 0.01100472099489009 -0.0013943946172324281 0.028153998377092787 -0.016747248460578845 3.4831952105498059e-05 0.0010856956266337117 -0.0085259186862909394 -0.0017549659336127492 -0.00095944351094366589 0.032109314923042559 0.0018252671988030797 -0.0087234596920194637 0.0039629093010688978 0.014212179740704734 0.01403504312066475 -0.012837841960584306 -0.0062062803994737837 0.0096114012038453402 0.024588039981055219 -0.0048714649146546817 0.0097309728262214897 -0.043962232330903919 0.023150126226056139
leaf_weight=139.84871783852577 347.40166780352592 264.22217282652855 170.26242804527283 4291.6702784895897 86.825442343950272 429.58461412787437 3611.2755235731602 671.35495114326477 739.63944581151009 3281.2981585860252 1286.0776004493237 823.08829161524773 822.57709535956383 211.49891170859337 130.15868130326271 1158.049418836832 73.550412207841873 69.573212862014771 227.43522241711617 1916.5439917743206 187.02335053682327 329.25733196735382 52.426191329956055 274.38429617881775
leaf_count=184 301 485 291 2243 85 455 5703 1148 1828 2995 1367 791 1283 299 265 1670 150 73 287 1210 194 484 66 474
internal_value=0.000544346 0.00106615 0.000144879 0.00133606 -8.79221e-05 -0.00149795 -8.41458e-06 -0.000810618 -0.00128937 0.000150714 0.00050856 -0.000271757 0.000117354 -0.00038896 -0.00132351 0.00130772 -9.28474e-05 0.00156626 0.000841371 0.00153129 0.00136343 0.00127371 0.000604843 0.00140541
internal_weight=21595 9343.57 12251.5 7259.05 863.812 516.41 10810.4 1808.69 1410.99 9001.74 4897.35 4104.39 2084.52 1438.62 952.736 1441.02 213.399 1227.62 397.698 6395.24 4478.69 645.906 316.648 485.883
internal_count=24331 7844 16487 4488 841 540 14410 3554 2976 10856 7070 3786 3356 2321 1548 2077 334 1743 578 3647 2437 1035 551 773
is_linear=0
shrinkage=0.0424476


Tree=101
num_leaves=18
num_cat=0
split_feature=6 2 7 7 2 2 4 2 7 2 2 6 4 2 5 4 2
split_gain=2.06753 1.59194 0.805483 1.69628 0.618699 2.27158 1.14639 0.590884 0.53071 1.16564 0.980613 0.407464 0.379015 0.893476 0.107225 0.106013 0.0762327
threshold=-0.2589913477455501 0.63874942205152718 5.7224454560713243 5.3214960562674154 0.99548449742306455 0.98878412116898506 1012.4328964964358 0.71798255424337853 1.630000000000001 0.6560205754440015 -0.40175069836505656 -1.0190982611065318 1005.8002005662419 -0.82631688199933129 0.86340693121644818 1009.3000825502069 0.83659302679211223
decision_type=2 2 2 2 2 2 2 2 2 2 2 2 2 2 2 2 2
left_child=1 11 3 7 5 8 -7 -3 9 -2 -10 -1 13 -13 -6 -14 -4
right_child=4 2 16 -5 14 6 -8 -9 10 -11 -12 12 15 -15 -16 -17 -18
leaf_value=0.040143740448594367 0.0064183331484381542 -0.012874414786749494 0.01707308279554166 -0.015376483893775536 0.012278767996497809 -0.010741472177650051 -0.014338894073684967 0.00090879414423402835 -0.0055462413025156258 -0.0017620611994719195 0.00054311449990516092 -0.010654605160851312 0.018828371814219053 0.01639762922643798 -0.0015623566093465708 0.038100721552566698 0.035260100302031
leaf_weight=970.73208892345428 3327.9822356402874 137.14914581179619 115.25859209895134 126.79526633024216 335.61718487739563 149.72926342487335 130.63188454508781 1379.7647469937801 1571.3171246349812 270.43803343176842 5080.964635014534 330.51662257313728 3837.7392147183418 938.64877930283546 209.7128514945507 2359.5011408925056 322.52859842777252
leaf_count=219 4722 242 143 104 342 135 113 1615 2713 451 6321 472 3329 717 123 2064 506
internal_value=0.000575744 0.00100231 -4.04475e-05 -0.000480034 0.000168984 9.49181e-05 -0.00367124 -7.33793e-05 0.000199735 0.000615198 -2.22188e-05 0.00126176 0.00114987 0.000458593 0.00156531 0.00128845 0.00156769
internal_weight=21595 10518.6 2081.5 1643.71 11076.4 10531.1 280.361 1516.91 10250.7 3598.42 6652.28 8437.14 7466.41 1269.17 545.33 6197.24 437.787
internal_count=24331 9411 2610 1961 14920 14455 248 1857 14207 5173 9034 6801 6582 1189 465 5393 649
is_linear=0
shrinkage=0.0424476


Tree=102
num_leaves=25
num_cat=0
split_feature=1 4 2 4 6 1 9 1 2 1 6 2 4 9 9 4 2 6 4 1 9 1 1 1
split_gain=1.67718 1.08685 0.825747 0.800561 0.798976 1.89701 0.761826 0.753627 0.651918 0.944571 0.642711 0.579392 0.710767 0.567151 1.13618 0.530963 0.450336 0.359436 0.224936 0.195315 0.252353 0.248641 0.0963979 0.742127
threshold=0.46382785666522619 1005.901102499009 0.22611568550828817 1008.1049908236944 -0.2589913477455501 0.44088582098979784 4.0670511817719044 0.96638848890389129 0.19311121294034192 -0.098819223632317363 0.25423941463970728 -0.49002866642905923 1005.404126935617 -2.1254229404865188 -2.0265954215997559 1008.8007423001054 0.32960754523115249 -1.0190982611065318 1008.7010231034702 0.81398800564236884 -0.93637319329899416 0.66190053689137895 1.0017003286826727 0.99965739133362419
decision_type=2 2 2 2 2 2 2 2 2 2 2 2 2 2 2 2 2 2 2 2 2 2 2 2
left_child=1 6 10 7 5 17 8 16 9 -1 22 18 -13 15 -15 -6 -4 -3 -12 21 -21 -5 23 -2
right_child=2 4 3 19 13 -7 -8 -9 -10 -11 11 12 -14 14 -16 -17 -18 -19 -20 20 -22 -23 -24 -25
leaf_value=-0.00077728451094641869 0.025984875610339148 0.098640624148876033 -0.0097563251699980466 0.011199677132213591 -0.0077471660361917204 -0.0078917471704215026 0.01227604379537196 0.052334398514063706 -0.027399445459189417 -0.013708453049986365 0.020403026689802331 0.016341715392338384 -0.0038792035092277688 -0.0089044422731179105 -0.00010233958576006423 0.0023948080486935089 -0.0053941902809452923 0.0085440499637775176 -0.0061073861297022813 -0.0011602050859888743 0.010716439469320844 -0.00054150551773651486 0.027605012286155885 -0.035316607872651444
leaf_weight=670.58980289101601 4191.7101954519749 457.22965556383133 53.217515885829926 522.04600095748901 152.1921680867672 106.38952565193176 166.7319703400135 86.870278030633926 93.397538512945175 305.71321651339531 996.77741351723671 361.68408930301666 669.13190978765488 82.82814422249794 5096.0463484227657 788.24871009588242 207.48605033755302 4378.3870754241943 115.08193421363831 235.56763005256653 595.68911710381508 498.41334602236748 593.5318216085434 162.7121254503727
leaf_count=1553 2277 104 82 872 329 85 225 45 141 607 742 182 939 69 7393 709 341 5170 137 446 888 814 151 83
internal_value=0.000587988 0.000260773 0.00101915 0.000289532 0.000395365 0.000797158 -0.000928317 -0.00156423 -0.00135399 -0.00100573 0.00124284 0.000614034 -9.42606e-05 6.78463e-05 -0.00010305 0.00102863 -0.0027334 0.000923731 0.00128735 0.000647497 0.00113657 0.000230946 0.0015114 0.00142812
internal_weight=21587.7 12297.8 9289.92 2199.29 11061.3 4942.01 1236.43 347.574 1069.7 976.303 7090.63 2142.68 1030.82 6119.32 5178.87 940.441 260.704 4835.62 1111.86 1851.72 831.257 1020.46 4947.95 4354.42
internal_count=24384 16385 7999 3488 13859 5359 2526 468 2301 2160 4511 2000 1121 8500 7462 1038 423 5274 879 3020 1334 1686 2511 2360
is_linear=0
shrinkage=0.0424476


Tree=103
num_leaves=23
num_cat=0
split_feature=2 9 0 0 2 8 8 2 9 8 9 8 0 5 0 8 8 2 8 8 2 8
split_gain=0.908402 0.70208 0.701225 0.735517 0.696544 0.866418 1.03898 1.67608 1.0065 0.818834 1.06143 0.64145 0.517409 0.512284 0.441988 0.426729 0.247821 1.14049 0.223004 0.205847 0.111709 0.0796568
threshold=0.6560205754440015 4.0670511817719044 -0.70710678118654757 -1.0055633520958762 0.99370977118463066 6.1900000000000004 5.8215080831378421 0.97690230611205509 0.056586321876944019 7.6724385241779816 0.72966829569601199 2.2000000000000015 0.86106538556481482 0.25810558179186288 -0.25850906104189697 9.2150000000000016 4.2336217347862801 -0.228656083955845 8.2700000000000031 1.8404421469692565 -0.78722814524473539 6.5700536646891008
decision_type=2 2 2 2 2 2 2 2 2 2 2 2 2 2 2 2 2 2 2 2 2 2
left_child=1 2 3 -1 5 6 7 -2 -8 21 -11 -5 -6 14 -4 -15 19 -18 -14 20 -3 -7
right_child=4 16 13 11 12 9 8 -9 -10 10 -12 -13 18 15 -16 -17 17 -19 -20 -21 -22 -23
leaf_value=0.03163053194245783 0.00026888921704671938 0.00092509167292315661 0.0080720412893895439 0.0033995234090550561 0.019180131337948905 0.0086123200077658467 -0.012993738421688487 -0.0069977104309240888 0.010771926658478332 -0.0029816685893311579 -0.0013179564532094265 -0.0066082646508047183 -6.0866454429327098e-05 0.002777363071744018 0.026921720536020186 -0.00054960649698307569 -0.041978357708107553 0.053235890906808296 -0.0070627386198648433 0.032674154627653162 0.016461543748157049 0.016889093141374354
leaf_weight=282.43891531229019 1801.7297741472721 205.28116884827614 3046.891165137291 1034.0045691430569 696.62406051158905 292.33359682559967 186.79697176814079 390.65832868218422 101.70301356911659 1296.1252537965775 474.62962681055069 1357.8006104230881 156.85267928242683 4523.9031054377556 2711.9496645331383 144.46539995074272 122.70078426599503 261.32909178733826 160.02338260412216 1010.0563637912273 731.52906128764153 597.84699553251266
leaf_count=68 2755 247 3358 1633 716 345 176 360 118 884 437 2396 122 6343 1642 145 101 163 65 717 858 735
internal_value=0.000570717 0.000744877 0.000621605 1.43139e-06 0.000131061 -6.60123e-05 -0.000639806 -0.000315244 -0.00304194 0.000461999 -5.59034e-05 -0.000233539 0.00114914 0.000778883 0.00104914 0.000441535 0.00142981 0.000379735 -0.000221535 0.00162743 0.00112934 0.001513
internal_weight=21587.7 15432.3 13101.5 2674.24 6155.32 5141.82 2480.89 2192.39 288.5 2660.94 1770.75 2391.81 1013.5 10427.2 5758.84 4668.37 2330.9 384.03 316.876 1946.87 936.81 890.181
internal_count=24384 17671 15585 4097 6713 5810 3409 3115 294 2401 1321 4029 903 11488 5000 6488 2086 264 187 1822 1105 1080
is_linear=0
shrinkage=0.0424476


Tree=104
num_leaves=25
num_cat=0
split_feature=6 9 2 8 8 8 2 8 8 8 8 6 5 5 8 6 9 9 8 2 9 9 8 6
split_gain=2.37925 1.13819 2.06415 2.98935 1.0027 2.13471 0.768158 1.11853 0.935267 0.691287 0.680934 0.818886 0.613049 0.526148 0.405374 0.358978 0.228326 0.519698 0.221837 0.208933 0.198392 0.15339 0.0976354 0.0884186
threshold=-0.50143597553239838 2.6175254556766068 0.97690230611205509 4.5808806179214363 7.26782047346176 7.1900000000000004 0.58581740146278805 3.1199999999999997 2.2579689752237351 2.0005230379779388 9.0392982726734363 -0.2589913477455501 0.49822133722136902 0.25810558179186288 1.9599999999999993 -1.0190982611065318 -2.4442360519018389 -3.1752633375688446 1.5803831406652786 -0.82631688199933129 0.67208464711242055 -2.3320316817383637 3.5850000000000013 -0.86610832463444065
decision_type=2 2 2 2 2 2 2 2 2 2 2 2 2 2 2 2 2 2 2 2 2 2 2 2
left_child=6 4 13 -4 5 9 15 8 23 -2 20 -12 -10 -3 -15 -1 17 -9 19 -17 -6 -20 -18 -8
right_child=1 2 3 -5 10 -7 7 16 12 -11 11 -13 -14 14 -16 18 22 -19 21 -21 -22 -23 -24 -25
leaf_value=0.049320321707854456 0.0032532023683029434 0.019200412629119385 0.0032881527655630612 -0.015105891511639605 0.0046401141528164659 -0.0020179369740743595 0.019659005501181503 0.00031969663593577595 -0.0046802608659300233 -0.0023913981588837112 -0.024742738158062532 9.861461785125093e-05 -0.037693076624348343 -0.0013627821648576224 0.007779032946524077 -0.0037204428619155793 -0.016986530134956764 -0.0076660650523625584 0.013627777793313145 0.014480699184207328 0.0064634752938899191 0.029928329535049633 0.0082772444519332352 -0.0039684170829740219
leaf_weight=886.43992030620575 1443.0136744379997 1801.3261222243309 83.415129721164703 91.579089730978012 803.72001442313194 104.25508186221123 46.398470342159271 292.71306213736534 70.453996509313583 4903.2222791612148 143.92355069518089 1188.2506623268127 44.209839105606079 1029.7138056159019 1072.5901515781879 264.24268764257431 74.786033660173416 127.98479422926903 563.77387389540672 626.67834049463272 304.49413305521011 4630.5780123472214 950.96874713897705 53.328787177801132
leaf_count=209 2423 1859 105 75 746 93 95 346 168 7487 114 795 73 1675 1246 490 123 140 633 836 362 3036 1136 118
internal_value=0.000534893 0.000169756 0.000757381 -0.00373096 -9.77301e-05 -0.0003768 0.00108133 0.000247028 -0.00259637 -0.000274771 0.000632325 -5.58472e-07 -0.0052202 0.000963342 0.000493947 0.00127742 0.000681293 -0.00011247 0.00115434 0.000500236 0.00140981 0.00126296 0.00102489 0.000235063
internal_weight=21602.1 12969.5 4078.62 174.994 8890.88 6450.49 8632.56 1660.84 214.391 6346.24 2440.39 1332.17 114.664 3903.63 2102.3 6971.71 1446.45 420.698 6085.27 890.921 1108.21 5194.35 1025.75 99.7273
internal_count=24383 16980 4960 180 12020 10003 7403 2199 454 9910 2017 909 241 4780 2921 5204 1745 486 4995 1326 1108 3669 1259 213
is_linear=0
shrinkage=0.0424476


Tree=105
num_leaves=20
num_cat=0
split_feature=1 7 3 1 9 1 3 5 3 1 5 1 1 9 7 5 9 1 3
split_gain=2.26291 1.04539 1.13509 0.963572 0.79865 3.97332 1.65239 0.652727 0.814304 0.658119 0.65059 0.814108 0.600821 0.450352 0.683076 0.242321 0.228487 0.141047 0.0315087
threshold=-0.068345573889994418 6.7800000000000038 2.0031180588207467 1.0017003286826727 3.6913467086885441 -0.23023710584653345 4.3827192195904363 0.25810558179186288 4.0434714921013652 0.57391765965057562 1.0000000180025095e-35 -0.97873101657557326 0.99865756837029906 2.2644595143390203 4.1399999999999997 -0.70710678118654735 -0.87350709677100002 0.95208311108554178 1.8050000000000004
decision_type=2 2 2 2 2 2 2 2 2 2 2 2 2 2 2 2 2 2 2
left_child=1 2 10 7 6 -6 -4 13 12 -10 11 -1 -9 14 -2 16 -3 -15 -18
right_child=3 15 4 -5 5 -7 -8 8 9 -11 -12 -13 -14 17 -16 -17 18 -19 -20
leaf_value=-0.00095349715143891174 0.0020203060266920721 -0.0018509145889494267 -0.0057458304596919446 0.040329506019577389 -0.0040397637758050305 -0.014584153270996037 0.0033840919392429786 0.00027262440894753958 0.00045322996716929564 0.022079245850882039 0.017812767701198287 0.0084557146323989609 -0.028314518873360828 0.025415314965902262 0.019646375619612029 0.0007460477348587496 -0.0033446317280133192 0.0082933389112672187 0.031627842938490386
leaf_weight=163.12246334552765 2659.9030166864395 62.453223824501038 3071.0580404400826 1042.1132534146309 481.4301769733429 62.629539906978607 1986.0207572281361 3279.5320466458797 1017.9223952293396 1202.3972198963165 652.82941374182701 542.89345583319664 125.0833982527256 1729.5676636695862 2476.5027246773243 503.6324810385704 81.085012763738632 388.79368099570274 73.090295255184174
leaf_count=251 2969 79 4493 250 1209 63 3228 3432 1051 924 1093 961 85 941 2482 381 112 290 89
internal_value=0.000530434 -5.22211e-05 -0.00021386 0.000853197 -0.000483 -0.00203454 -0.000312413 0.000750506 0.000401862 0.00103436 0.000881897 0 -5.18256e-06 0.00101827 0.000796011 0.00148399 0.000199234 0.00154844 0.00115249
internal_weight=21602.1 7680.24 6959.98 13921.8 5601.14 544.06 5057.08 12879.7 5624.94 2220.32 1358.85 706.016 3404.62 7254.77 5136.41 720.261 216.629 2118.36 154.175
internal_count=24383 11959 11298 12424 8993 1272 7721 12174 5492 1975 2305 1212 3517 6682 5451 661 280 1231 201
is_linear=0
shrinkage=0.0424476


Tree=106
num_leaves=25
num_cat=0
split_feature=1 7 2 8 8 1 1 7 1 1 9 8 9 1 8 8 2 1 9 2 8 1 2 1
split_gain=1.91778 1.25155 1.00832 0.754364 0.712971 1.11496 0.70748 0.640853 0.613778 0.946043 0.553239 0.537326 0.568455 0.496561 0.488269 1.05221 0.349474 0.278834 0.273291 0.489487 0.237543 0.19383 0.184412 0.0814165
threshold=0.46382785666522619 5.648407078361152 0.24287861226725038 6.501474265000728 5.8899999999999997 0.81398800564236884 0.44088582098979784 1.7750000000000006 -0.85654306401281477 -0.88203985695844955 4.998170518466595 9.2150000000000016 -0.99710314419641211 -0.97310932590074073 6.3200000000000029 6.4526680758078836 0.19311121294034192 0.41882333404999644 -2.1254229404865188 -0.53407657017901478 1.5803831406652786 -0.098819223632317363 -0.228656083955845 -0.69752709668373469
decision_type=2 2 2 2 2 2 2 2 2 2 2 2 2 2 2 2 2 2 2 2 2 2 2 2
left_child=1 6 14 4 7 -6 10 -4 9 16 13 -5 -13 -1 18 -16 -3 21 19 -2 -20 -10 -17 -12
right_child=2 8 3 11 5 -7 -8 -9 17 -11 23 12 -14 -15 15 22 -18 -19 20 -21 -22 -23 -24 -25
leaf_value=-0.002568912681112354 0.041674535268234614 -0.011970526052569251 -0.0085049475100876324 0.038479803044789998 -0.018087309852597849 0.013123358490835809 -0.0071045350942654717 0.0072629925561403042 0.0049034448230482978 -0.016022854896135912 0.0082766027948121511 -0.0020322950253524744 0.001211709481880163 2.2209105801508776e-05 -0.047368065443905288 -0.0038810988674733678 0.020722419784518425 -0.0108367470199603 0.013854455341427383 -0.019489944703382073 0.020810116231219991 0.010115623306736748 0.040235135123822756 0.02923974466759361
leaf_weight=821.74422776699066 151.6478978395462 123.0524699985981 488.72148019075394 519.79684925079346 122.30959719419479 122.87679404020309 138.83318787813187 576.21482709050179 1088.2473759353161 90.341893881559372 140.90437108278275 129.18077412247658 111.97001993656158 8237.4708245098591 138.02474921941757 176.05020526051521 149.46890261769295 139.67866703867912 1579.8231862485409 126.60229727625847 4545.0090440511703 1085.7054834663868 523.69589754939079 248.4211086332798
leaf_count=1569 103 152 982 717 192 153 152 944 945 62 393 181 142 11754 127 128 166 78 997 162 2669 898 410 297
internal_value=0.000515853 0.000165314 0.000975526 0.000139469 -0.00046778 -0.00253147 -5.9435e-05 0 0.000977294 -0.000612018 -1.32639e-05 0.00120929 -0.000383242 -8.25414e-05 0.0012121 0.000221636 0.000576229 0.00123456 0.0013388 0 0.00139793 0.00135516 0.000910341 0.00155115
internal_weight=21575.8 12263.9 9311.92 2071.07 1310.12 245.186 9587.37 1064.94 2676.49 362.863 9448.54 760.948 241.151 9059.22 7240.85 837.771 272.521 2313.63 6403.08 278.25 6124.83 2173.95 699.746 389.325
internal_count=24373 16466 7907 3311 2271 345 14165 1926 2301 380 14013 1040 323 13323 4596 665 318 1921 3931 265 3666 1843 538 690
is_linear=0
shrinkage=0.0424476


end of trees

feature_importances:
doy_sin=483
doy_cos=386
wind_ms=311
temp_range_24h=286
hi_residual_lag1h=187
pressure_hpa=176
local_hour_sin=176
diurnal_amplitude_12h=166
local_hour_cos=152
hour_cos=87

parameters:
[boosting: gbdt]
[objective: quantile]
[metric: quantile]
[tree_learner: serial]
[device_type: cpu]
[data_sample_strategy: bagging]
[data: ]
[valid: ]
[num_iterations: 107]
[learning_rate: 0.0424476]
[num_leaves: 25]
[num_threads: 2]
[seed: 42]
[deterministic: 0]
[force_col_wise: 0]
[force_row_wise: 0]
[histogram_pool_size: -1]
[max_depth: 5]
[min_data_in_leaf: 83]
[min_sum_hessian_in_leaf: 0.901802]
[bagging_fraction: 0.697812]
[pos_bagging_fraction: 1]
[neg_bagging_fraction: 1]
[bagging_freq: 2]
[bagging_seed: 400]
[bagging_by_query: 0]
[feature_fraction: 0.532989]
[feature_fraction_bynode: 1]
[feature_fraction_seed: 30056]
[extra_trees: 0]
[extra_seed: 12879]
[early_stopping_round: 0]
[early_stopping_min_delta: 0]
[first_metric_only: 0]
[max_delta_step: 0]
[lambda_l1: 0.436215]
[lambda_l2: 0.0126749]
[linear_lambda: 0]
[min_gain_to_split: 0]
[drop_rate: 0.1]
[max_drop: 50]
[skip_drop: 0.5]
[xgboost_dart_mode: 0]
[uniform_drop: 0]
[drop_seed: 17869]
[top_rate: 0.2]
[other_rate: 0.1]
[min_data_per_group: 100]
[max_cat_threshold: 32]
[cat_l2: 10]
[cat_smooth: 10]
[max_cat_to_onehot: 4]
[top_k: 20]
[monotone_constraints: ]
[monotone_constraints_method: basic]
[monotone_penalty: 0]
[feature_contri: ]
[forcedsplits_filename: ]
[refit_decay_rate: 0.9]
[cegb_tradeoff: 1]
[cegb_penalty_split: 0]
[cegb_penalty_feature_lazy: ]
[cegb_penalty_feature_coupled: ]
[path_smooth: 0]
[interaction_constraints: ]
[verbosity: -1]
[saved_feature_importance_type: 0]
[use_quantized_grad: 0]
[num_grad_quant_bins: 4]
[quant_train_renew_leaf: 0]
[stochastic_rounding: 1]
[linear_tree: 0]
[max_bin: 127]
[max_bin_by_feature: ]
[min_data_in_bin: 3]
[bin_construct_sample_cnt: 200000]
[data_random_seed: 175]
[is_enable_sparse: 1]
[enable_bundle: 1]
[use_missing: 1]
[zero_as_missing: 0]
[feature_pre_filter: 1]
[pre_partition: 0]
[two_round: 0]
[header: 0]
[label_column: ]
[weight_column: ]
[group_column: ]
[ignore_column: ]
[categorical_feature: ]
[forcedbins_filename: ]
[precise_float_parser: 0]
[parser_config_file: ]
[objective_seed: 16083]
[num_class: 1]
[is_unbalance: 0]
[scale_pos_weight: 1]
[sigmoid: 1]
[boost_from_average: 1]
[reg_sqrt: 0]
[alpha: 0.05]
[fair_c: 1]
[poisson_max_delta_step: 0.7]
[tweedie_variance_power: 1.5]
[lambdarank_truncation_level: 30]
[lambdarank_norm: 1]
[label_gain: ]
[lambdarank_position_bias_regularization: 0]
[eval_at: ]
[multi_error_top_k: 1]
[auc_mu_weights: ]
[num_machines: 1]
[local_listen_port: 12400]
[time_out: 120]
[machine_list_filename: ]
[machines: ]
[gpu_platform_id: -1]
[gpu_device_id: -1]
[gpu_use_dp: 0]
[num_gpu: 1]

end of parameters

pandas_categorical:[]
