tree
version=v4
num_class=1
num_tree_per_iteration=1
label_index=0
max_feature_idx=50
objective=quantile
feature_names=hour_cos doy_sin doy_cos wind_ms pressure_hpa local_hour_sin local_hour_cos diurnal_amplitude_12h temp_range_24h hi_residual_lag1h heat_index_c_lag1h heat_index_c_lag6h heat_index_c_lag12h heat_index_c_lag24h temp_c_lag1h temp_c_lag6h temp_c_lag12h temp_c_lag24h rh_lag24h dewpoint_c_lag1h dewpoint_c_lag6h dewpoint_c_lag12h dewpoint_c_lag24h wbgt_stull_c_lag1h wbgt_stull_c_lag6h wbgt_stull_c_lag12h wbgt_stull_c_lag24h vpd_kpa_lag12h heat_index_c_roll6h_std heat_index_c_roll12h_std heat_index_c_roll24h_mean heat_index_c_roll24h_std temp_c_roll6h_std temp_c_roll12h_std temp_c_roll24h_mean temp_c_roll24h_std rh_roll6h_std rh_roll12h_mean rh_roll12h_std rh_roll24h_mean rh_roll24h_std dewpoint_c_roll6h_mean dewpoint_c_roll6h_std dewpoint_c_roll12h_mean dewpoint_c_roll12h_std dewpoint_c_roll24h_mean dewpoint_c_roll24h_std solar_wm2_roll6h_mean pressure_hpa_lag1h pressure_hpa_lag6h wind_ms_lag1h
feature_infos=[-2.2492550467547172:1.323053911320103] [-2.0607123352145722:2.2784505549434062] [-2.671747335500223:1.2077376194171088] [-0.99543606427004327:4.6799999999999997] [914.70000000000005:1023.1] [-2.3246053441329715:1.4047844850481963] [-2.4978157594452663:1.3975342693805695] [0.48000000000000043:20.010000000000002] [1.4400000000000013:20.010000000000002] [-13.973025970877725:15.390310082180081] [13.129079990800035:44.055541334126822] [13.129079990800035:44.055541334126822] [13.129079990800035:44.055541334126822] [13.129079990800035:44.055541334126822] [8.9000000000000004:41.089882949669871] [8.9000000000000004:40.060000000000002] [8.9000000000000004:40.060000000000002] [8.9000000000000004:40.255220807050257] [12.6:100] [1.7475690812803877:26.944708145482089] [1.7475690812803877:26.997501858304776] [1.7475690812803877:26.627434635372488] [1.7475690812803877:26.627434635372488] [7.7970677019028454:28.757279083834021] [7.7970677019028454:28.223470862451538] [7.7970677019028454:28.223470862451538] [7.7970677019028454:28.577256245113226] [-1.1908239767449322:6.0121390651958206] [-0.41980393150627504:8.0797927755812378] [0.13459854536930316:9.2910344081452152] [15.232001530353251:36.769920622421225] [0.65927517582698392:8.5179546432519775] [0.025819888895246734:7.1511101702230402] [0.13392670994253286:8.3302382737213847] [14.393749999999999:32.583929401490472] [0.46806028968807106:7.2352079484951837] [0:29.254019666819477] [23.233333333333334:100] [1.1433270639090262e-06:32.831704697339816] [36.079282039510971:98.125] [2.1160360809055532:32.082630803525632] [1.9426503621470441:26.830012538793302] [-1.0587492638205493:5.3833394890048778] [3.7153340180112671:25.855843409964447] [-0.75469179530258623:5.2415787104787217] [5.3759952860897657:25.485403582570068] [-0.87666029551509594:4.8181543514383076] [0:896.04333333333341] [914.70000000000005:1023.1] [914.70000000000005:1023.1] [-0.77351434141879882:5.0216785862935511]
tree_sizes=3768 4324 4108 4719 3285 4675 3922 4450 3457 4418 3906 4869 4753 5296 4274 3845 4139 4484 4278 4573 3934 4162 3641 4160 3514 4256 4075 2473 2923 2465 2276 2580 3749 3100 2263 2990 2368 3221 2562 2766 2588 3217 2756 2901 2360 3004 2575 3541 2881 3641 2593 2688 3436 4483 3721 3423 2497 2611 3118 3744 1937 3134 4595 2675 1314 4499 2908 3005 2355 2272 3439 2790 3655 3643 2910 3555 2783 2896 2808 3858 2812 2488 3114 2895 2281 3850 3306 2916 2988 2674 1935 2369 3125 2367 2475 1620 2165 2589 1529 1522 1953 3122 4610 3655 1743 2705 2723 2482 2383 2815 1947 2374 3974 2162 2716 2272 2080 3554 2511 2577 3748 3036 2561 1967 4097 3233 3452 3235 2679 3865 2984 3222 2592 2905 1934 2791 3641 1645 2595 2885 3439 3124 1628 2821 3562 3455 3988 2701 3237 2591

Tree=0
num_leaves=36
num_cat=0
split_feature=18 47 10 2 6 18 18 0 47 18 3 47 39 9 39 1 33 45 10 10 6 47 41 18 19 1 50 1 39 47 28 39 39 27 28
split_gain=1918.01 163.473 140.439 42.7398 35.0628 26.7544 25.6334 28.0438 25.1238 14.3685 13.4551 8.66346 8.20569 7.75246 7.58078 8.525 6.04177 5.39508 4.96709 4.8096 4.69125 4.23267 3.96082 3.95757 2.88349 2.42635 2.38971 2.22784 2.93602 2.06845 1.62209 1.04963 0.371601 0.166656 0.0482983
threshold=75.450000000000017 178.78250000000011 31.576577565346501 0.67761478904668893 -0.27841686570654922 82.250000000000014 66.250000000000014 -0.82220589145490697 5.6458333333334005 67.813693007278331 2.1236391638307137 425.21666666666675 53.354166666666671 -0.68731175029850344 88.747916666666683 0.70075845884162402 3.0498769828082626 23.605308805769944 36.232523115102651 23.629730093082944 -0.70710678118654757 239.86666666666673 23.368849106599729 61.802631005081686 23.567817726455406 -0.55878147956895419 0.89039549903575288 0.5772862706790628 60.231250000000003 40.904166666666804 1.7787564594888614 66.997916666666683 89.647916666666688 2.2547091333824834 2.6705165521655547
decision_type=2 2 2 2 2 2 2 2 2 2 2 2 2 2 2 2 2 2 2 2 2 2 2 2 2 2 2 2 2 2 2 2 2 2 2
left_child=1 3 5 9 21 10 25 16 33 17 14 24 -11 30 15 -2 22 19 -18 -1 32 -4 -8 -10 -6 -3 -13 -22 -29 -14 -9 -25 -7 -5 -16
right_child=2 6 4 8 11 20 7 13 23 12 -12 26 29 -15 34 -17 18 -19 -20 -21 27 -23 -24 31 -26 -27 -28 28 -30 -31 -32 -33 -34 -35 -36
leaf_value=71.083399704031109 72.268807738303437 70.374098072030279 70.966802459820045 72.462726752024409 71.316594933760456 72.03561324988128 70.850204474301762 71.122265699203865 69.946573607744341 70.675308607985158 70.393531069616657 71.481774486610689 71.773268338445561 70.228281386429487 71.540073108716214 71.510924168317047 71.131982012670264 71.290771533369394 70.224819292988542 70.30608276580476 73.425066832176583 70.148377251152439 71.510815937465892 71.122265699203865 72.18136017579873 68.809747511457573 70.976518773286429 71.355460928933226 72.725481884295732 71.180564321309404 70.762756170489865 71.53035679524983 71.306878620294071 71.714969716340036 71.005667713685597
leaf_weight=63.713531821966171 758.85621574521065 728.23290663957596 87.527367115020752 174.74389088153839 28.957770973443985 38.709038227796555 72.667509764432907 53.623744457960129 70.979225277900696 110.80984473228455 43.618893623352051 55.134275108575821 116.4745714366436 663.66576859354973 31.756326913833618 140.63701432943344 122.59456875920296 34.209468752145767 89.745844393968582 538.1126523911953 4406.2014835178852 200.92052194476128 82.460078239440918 70.759693831205368 126.73258301615715 3887.7847148776054 101.37004020810127 32.168254882097244 388.94922894239426 158.09905523061752 208.18992155790329 109.49124974012375 42.580952405929565 117.24385005235672 30.487740516662598
leaf_count=177 1474 781 147 96 96 140 195 175 198 174 54 103 370 436 93 425 412 55 60 1444 9553 156 149 135 376 5197 164 65 1162 472 520 283 150 127 97
internal_value=71.2 71.1664 71.2385 71.1946 71.1944 71.243 71.159 71.1721 71.2162 71.1827 71.2274 71.216 71.1987 71.163 71.23 71.2322 71.1962 71.1737 71.1848 71.1715 71.2461 71.1696 71.209 71.1951 71.232 71.1554 71.2 71.2466 71.2344 71.2066 71.1807 71.2007 71.2136 71.2356 71.2
internal_weight=13988.2 7473.6 6514.61 1564.64 600.643 5913.97 5908.97 1292.95 543.218 1021.42 1005.36 312.195 385.383 925.479 961.737 899.493 367.468 636.036 212.34 601.826 4908.61 288.448 155.128 251.23 155.69 4616.02 156.504 4827.32 421.117 274.574 261.814 180.251 81.29 291.988 62.2441
internal_count=25711 11456 14255 3531 1042 13213 7925 1947 839 2692 2143 739 1016 1131 2089 1899 816 1676 472 1621 11070 303 344 616 472 5978 267 10780 1227 842 695 418 290 223 190
is_linear=0
shrinkage=1


Tree=1
num_leaves=40
num_cat=0
split_feature=18 47 14 18 6 37 18 6 14 2 0 47 1 10 7 47 49 0 49 43 50 19 3 14 47 1 6 47 2 45 1 8 19 5 13 50 6 1 38
split_gain=1805.39 160.554 142.899 41.6566 32.8261 31.2881 28.0391 22.627 21.6243 17.8767 12.5107 9.82036 9.41691 9.29502 8.42159 8.35668 8.11798 6.46218 5.79889 5.46043 5.31656 5.26263 5.17144 4.48651 3.89254 3.66324 3.56589 2.45209 1.61453 1.61254 1.30789 1.15853 1.14853 0.909074 0.781583 0.618439 0.607872 0.384703 0.102806
threshold=75.450000000000017 197.1716666666666 28.515000000000004 65.219279884469884 -0.70710678118654757 55.891666666666673 64.119955066254789 -0.27841686570654922 29.235000000000003 0.67761478904668893 -0.46860082642909523 5.6458333333334005 0.49002412863433359 23.18854257687784 11.915000000000004 120.06333333333335 1009.1001973138279 -0.82220589145490697 927.45000000000016 13.946283768892323 2.0801087537157885 20.777244846243047 0.4337104919222935 31.670224014945671 394.7999999999999 0.098819223632317002 -0.27841686570654922 40.904166666666804 -0.28378298089121962 24.092584307478898 0.8217814666189438 8.490000000000002 23.943739943571391 0.9121239210760721 24.491700836394649 1.1939470680658804 -0.5 -0.7851528467417368 7.5887750995933247
decision_type=2 2 2 2 2 2 2 2 2 2 2 2 2 2 2 2 2 2 2 2 2 2 2 2 2 2 2 2 2 2 2 2 2 2 2 2 2 2 2
left_child=1 3 4 13 15 14 31 -4 10 18 21 -11 36 26 30 25 33 23 19 -5 -14 -8 -12 -10 32 -2 -1 -20 -17 35 -6 37 -9 -15 -13 -26 -7 -3 -30
right_child=2 6 7 9 5 12 8 24 17 11 22 34 20 16 -16 28 -18 -19 27 -21 -22 -23 -24 -25 29 -27 -28 -29 38 -31 -32 -33 -34 -35 -36 -37 -38 -39 -40
leaf_value=-0.83400274718881351 0.75442396349883023 -0.26198848970123711 -0.78201764358100279 -0.56414580982552409 0.73308976778568258 0.70261602857351513 -0.22442573296026941 0.17383516499020141 -0.1370815388754324 0.90095559487594679 0.021949526112167002 -0.060462208508554202 0.99831962043131417 -1.0499688962169993 -0.45364306529963555 -0.37130856441065097 0.021949526112167002 -0.92197573481961614 0.2041901319678652 -0.026552013519338547 -0.10989431166910592 0.40089168175895751 -0.50273955545206606 -0.77972842119998975 0.23241052013111355 -0.26301297342111268 1.6922773020468571 -0.075843085279680436 0.3653321539088385 -0.43425636633447318 0.08205901909388999 -2.1677180785261698 0.73054546444898383 -0.088549597531330848 0.3857088627209348 -0.046300764232298515 1.9894391933116709 -1.1634585081601523 -0.24940223037596093
leaf_weight=37.840719014406204 93.673177272081375 126.09686958789825 243.93409502506256 109.97753909230232 102.579549908638 169.85985425114632 131.32022693753242 31.635724067687988 121.1594917178154 249.79473367333412 36.789297789335251 105.55272823572159 779.65066033601761 488.12767761945724 62.765164643526077 61.353903621435165 76.386866509914398 809.52206191420555 150.591901242733 130.481679469347 40.705970764160156 145.05428451299667 218.55447512865067 121.00266566872597 53.496582210063934 26.811044454574585 38.163099408149719 156.68165868520737 40.34764838218689 61.362141102552414 37.589514166116714 3763.5080435276031 51.70380562543869 51.977283626794815 51.872796148061752 42.720959544181824 4585.1859143972397 353.14599192142487 29.231997698545456
leaf_count=108 328 118 234 140 219 600 451 103 228 180 82 272 1732 1360 76 108 169 533 412 440 55 417 531 106 118 73 76 422 144 67 126 4774 137 90 95 92 9942 452 101
internal_value=-7.59205e-05 -0.0326909 0.0372725 -0.00559434 0.0413691 0.042876 -0.0402729 -0.0127394 -0.0283696 0.00721861 -0.0111304 0.022712 0.0442475 -0.0238319 0.00302727 0.00496193 -0.0278882 -0.0366245 -0.00358636 -0.0152154 0.0324349 0.00181029 -0.0266469 -0.0187711 0.00692697 0.0242284 0.00347818 0.0041978 -0.00972643 0 0.0179625 -0.0445915 0.0236893 -0.0320665 0.000751 0.00539529 0.046174 -0.0344143 0
internal_weight=13988.2 7473.6 6514.61 1647.45 6029.75 5778.34 5826.15 484.853 1583.4 954.953 531.718 407.22 5575.4 692.496 202.934 251.418 616.492 1051.68 547.733 240.459 820.357 276.375 255.344 242.162 240.919 120.484 76.0038 307.274 130.934 157.58 140.169 4242.75 83.3395 540.105 157.426 96.2175 4755.05 479.243 69.5796
internal_count=25711 11456 14255 3764 13504 12750 7692 751 2348 1961 1481 547 12329 1803 421 754 1619 867 1414 580 1787 868 613 334 517 401 184 834 353 277 345 5344 240 1450 367 210 10542 570 245
is_linear=0
shrinkage=0.0971646


Tree=2
num_leaves=38
num_cat=0
split_feature=18 47 14 18 40 18 6 18 2 14 47 32 50 6 19 6 10 33 38 38 14 47 41 40 43 9 14 10 37 3 47 39 35 19 50 14 0
split_gain=1670.75 150.411 131.035 36.7205 34.126 30.3104 27.3172 22.6772 22.3564 19.5142 13.3598 13.0644 11.4779 7.24943 6.30666 5.99418 5.73976 5.66627 5.26089 4.94102 6.02888 4.70388 4.41713 3.73907 3.72655 3.25803 2.66251 2.35589 2.20278 1.85853 1.57683 1.02624 0.688259 0.616319 0.486938 0.458826 0.27267
threshold=75.450000000000017 197.1716666666666 27.753424602996553 59.806823943951549 21.244438103610484 55.410284923000013 -0.27841686570654922 80.750000000000014 0.67761478904668893 29.235000000000003 5.6458333333334005 1.8454005885327252 1.6108353757434022 -0.5 21.329443266891094 -0.70710678118654757 22.538469547995692 4.2824297036253833 7.7207856013155682 9.110861815258799 30.455000000000002 546.35333333333335 20.16512955944064 22.89928068823647 22.786146473184775 2.0938502355748079 29.971236347740607 23.629730093082944 66.312500000000014 0.81500000000000006 98.252500000000154 66.997916666666683 2.6606835332701477 21.720682185715994 1.2908366460944924 14.895000000000001 -0.93085134490566934
decision_type=2 2 2 2 2 2 2 2 2 2 2 2 2 2 2 2 2 2 2 2 2 2 2 2 2 2 2 2 2 2 2 2 2 2 2 2 2
left_child=1 3 4 27 7 -3 18 15 14 11 35 22 23 30 16 32 -5 -17 -4 20 -11 24 -7 -6 34 -13 -21 -1 -15 -16 -9 -12 -2 -29 -8 -10 -26
right_child=2 5 6 8 12 9 21 13 10 19 31 25 -14 28 29 17 -18 -19 -20 26 -22 -23 -24 -25 36 -27 -28 33 -30 -31 -32 -33 -34 -35 -36 -37 -38
leaf_value=-0.34129775159020859 -0.089607545025211607 -2.2971687415329667 -0.13455179015978103 0.3442688898486907 1.2802604322374829 -0.40245870460621369 0.59043182968045604 0.71676101670648162 1.3669154238800416 -0.56703891987748978 -0.082376919657176542 -0.58546939177055801 -0.081385730749782309 0.86925628553151268 0.1550043540304841 0.7995261639137955 -0.3897432463855563 -0.045387954508803341 -0.90394957170916856 -0.32460565244271594 -0.19314093565218415 -0.18871933168694749 0.047548258979233024 -0.0069397147117333403 0.2666977459544852 0.019816808808038402 -0.94658041310322583 -1.4668558931279798 1.8835843993070083 -0.059749435573612328 0.17437081430379928 0.25106699141551397 0.56023773891482309 -0.60787290978792841 -0.50666577878480912 0.5037089296006747 0.7296644853794968
leaf_weight=36.732756227254868 65.431335777044296 2833.5283843576908 80.793867766857147 64.091679006814957 135.05008313059807 134.02937376499176 37.668153345584869 140.24285745620728 126.36179739236832 203.6352613568306 81.13536611199379 479.6689513027668 103.8752062022686 493.55202940106392 82.620931774377823 495.53321096301079 461.53020614385605 55.89152929186821 223.47856125235558 125.02057641744614 118.37748628854752 69.333007574081421 227.80819380283356 48.443756967782974 113.84402292966843 34.117770582437515 1669.9674108326435 287.23950779438019 4231.8793989419937 189.64157003164291 60.093532234430313 119.57672137022018 35.717908650636673 40.472094476222992 26.607515513896942 158.04605239629745 97.171730071306229
leaf_count=105 180 3561 142 164 242 462 139 503 47 155 161 1307 74 870 200 1056 1119 84 216 287 93 123 584 101 238 57 1186 862 9590 538 210 317 126 88 70 163 291
internal_value=-8.67375e-05 -0.0314631 0.0358409 -0.00522857 0.0404306 -0.0388017 -0.00498846 0.0421271 0.00221265 -0.0314585 0.0188512 -0.0181635 0.00593462 0.044494 -0.00740361 0.0234877 -0.0137762 0.0274662 -0.0265419 -0.0367228 -0.0218609 0.0128786 -0.00264288 0.0215016 0.0189677 -0.0281894 -0.0391106 -0.0323903 0.04537 0.00336482 0.0213697 0 0 -0.0351129 0 0.032286 0.0251438
internal_weight=13988.2 7473.6 6514.61 1647.45 5865.71 5826.15 648.897 5578.34 1283 2992.63 485.12 875.624 287.369 4925.77 797.884 652.574 525.622 551.425 304.272 2117 322.013 344.624 361.838 183.494 275.291 513.787 1794.99 364.444 4725.43 272.263 200.336 200.712 101.149 327.712 64.2757 284.408 211.016
internal_count=25711 11456 14255 3764 13036 7692 1219 12619 2709 4131 688 2410 417 11173 2021 1446 1283 1140 358 1721 248 861 1046 343 738 1364 1473 1055 10460 738 713 478 306 950 209 210 529
is_linear=0
shrinkage=0.0971646


Tree=3
num_leaves=44
num_cat=0
split_feature=47 39 6 0 39 47 49 39 39 36 10 22 37 38 32 50 47 37 43 4 8 6 4 38 10 44 37 50 49 14 39 31 38 3 44 37 12 39 15 38 15 39 36
split_gain=1314.92 186.221 135.241 130.312 103.076 42.4719 37.8683 23.674 21.9392 21.1145 17.4237 11.9745 10.2638 9.6804 9.64784 8.67769 8.28907 7.66155 5.95167 5.84991 5.4353 5.71586 5.35461 4.86571 4.36609 4.26132 4.04806 3.71631 3.62133 2.93994 2.2945 1.94122 1.68841 1.45087 1.13993 1.02455 0.945711 0.925985 0.61663 0.251837 0.126926 0.122705 0.0993166
threshold=211.70083333333346 65.99375000000002 -0.5 -0.86484280769030641 71.627083333333346 1.1983333333332957 1006.3005684309497 73.706250000000011 53.354166666666671 7.6670507050335424 36.615661799306324 8.6527330750484239 64.58750000000002 8.657898378263992 0.89239749527726264 2.0443883314733662 290.47499999999997 86.216666666666683 22.584263764642863 1010.2304821178767 13.690000000000001 -0.5 1009.8004998391038 17.267446162225699 27.093338612954856 1.3685818949618775 58.337500000000013 0.62500000000000011 928.25000000000011 29.675000000000004 82.768750000000011 1.7630394162649512 18.168293642837224 1.5750000000000004 0.33371179905611642 83.354166666666686 24.988611488540226 57.106250000000017 32.245000000000012 7.3149468186365656 31.243921350807756 69.693750000000023 9.8772128321801169
decision_type=2 2 2 2 2 2 2 2 2 2 2 2 2 2 2 2 2 2 2 2 2 2 2 2 2 2 2 2 2 2 2 2 2 2 2 2 2 2 2 2 2 2 2
left_child=1 5 9 4 16 8 23 -5 11 17 18 -1 24 27 30 -14 42 35 -8 -19 21 -7 34 29 -4 26 -10 -9 -13 -6 -15 -27 37 -16 -11 -3 -29 -22 -23 -24 -26 -18 -2
right_child=3 2 12 7 6 20 10 13 25 22 -12 28 15 14 33 -17 41 19 -20 -21 32 38 39 -25 40 31 -28 36 -30 -31 -32 -33 -34 -35 -36 -37 -38 -39 -40 -41 -42 -43 -44
leaf_value=0.11717464323250999 -0.69422758045574362 -0.54376875664228763 0.82028574614945959 -2.1905628348029267 1.0729136028115867 -1.0558267428075514 -0.17704237511443477 -0.2373265159750397 0.11435932374941603 -0.22279095874277649 -0.71866137395382568 -0.42960524205202033 1.690849587263386 -0.50119349391816037 -0.68052326656877438 0.019618466599591468 -1.3404293759323962 0.21811732036859732 0.28785060726200518 0.60038405166771558 -1.3301116603680019 0.38261114280656477 0.15058236663010932 -0.0078141683237059785 -0.027571656348239198 -0.06910332976163 0.66388751510823663 -0.25987135734148803 0.13707391227281307 0.27394655712552551 0.32594986573636581 0.23746619639822802 -0.067525011300873211 -0.96947201152559537 -0.76451854411252862 0.0076800345315559005 -0.54514722233749069 -0.26034516077733461 -0.28104956409535709 -0.20873301068050817 0.44853511657684636 -0.48538081801411997 0.27628190361585692
leaf_weight=76.735889464616776 31.416846990585327 47.325276285409927 313.51898229122162 2264.9682942926884 369.21267306804657 64.643630087375641 178.79962176084518 183.21134352684021 70.184599012136459 45.832497268915176 228.31427627801895 227.10780623555183 4342.5740049779415 34.999318689107895 1320.3888652324677 46.748885422945023 596.30794078111649 292.34104463458061 226.4888137280941 182.21642374992371 244.69546237587929 77.819968193769455 43.452412456274033 43.594177067279816 31.889083296060562 116.2630303800106 309.49166509509087 87.698457837104797 68.564468532800674 68.34347927570343 46.268664538860321 194.28235733509064 31.105548918247223 728.45143714547157 180.83517703413963 38.818583071231842 215.44091263413429 90.824061363935471 42.318816781044006 43.763898074626923 45.300737798213959 63.286836534738541 32.3635293841362
leaf_count=26 90 117 601 2189 1264 166 593 150 171 120 148 443 9267 50 2272 72 1101 870 554 579 737 234 122 145 66 67 450 220 117 114 171 244 69 505 465 109 146 242 134 138 154 131 88
internal_value=-0.000222217 0.0283846 0.0366909 -0.031229 -0.00885934 -0.000465977 0.00937118 -0.0395544 0.010612 0.00105261 -0.00567628 -0.00752777 0.0431175 -0.0326313 -0.0357026 0.044616 -0.0374635 0.0127833 0.00556882 0.0179748 -0.0225261 -0.00573555 -0.0184781 0.0299802 0.024987 0.021005 0.028644 -0.0181714 -0.0172584 0.0330457 0 0.0101197 -0.0297189 -0.0370075 -0.0262909 -0.0106715 -0.0251404 -0.0318034 0.0039093 0 0 -0.0407028 0
internal_weight=13988.2 7268.65 5654.62 6719.56 1838.13 1614.04 1114.75 4881.43 1062.63 874.585 633.603 372.408 4780.03 2616.46 2130.11 4389.32 723.375 560.701 405.288 474.557 551.407 184.782 313.884 481.15 390.709 690.222 379.676 486.351 295.672 437.556 81.268 310.545 366.625 2048.84 226.668 86.1439 303.139 335.52 120.139 87.2163 77.1898 659.595 63.7804
internal_count=25711 15780 12680 9931 4228 3100 2818 5703 1518 2520 1295 586 10160 3514 2998 9339 1410 1675 1147 1449 1582 534 845 1523 821 932 621 516 560 1378 221 311 1048 2777 585 226 366 979 368 260 220 1232 178
is_linear=0
shrinkage=0.0971646


Tree=4
num_leaves=30
num_cat=0
split_feature=18 14 18 14 40 18 22 14 6 18 9 11 33 22 41 40 29 18 39 3 3 29 44 41 39 40 32 27 36
split_gain=1433.74 161.749 80.197 76.1631 39.7104 25.1137 24.0125 21.741 16.1012 13.7593 11.1946 10.6982 11.0654 8.85372 8.7584 8.52528 6.39965 5.19032 4.41005 4.34457 3.88775 3.32236 3.24551 2.48423 2.27421 2.14226 1.58304 1.29675 0.0103667
threshold=77.040930563764519 29.235000000000003 59.806823943951549 27.753424602996553 21.934651756634427 89.550000000000011 9.5739094293819011 32.175000000000004 -0.27841686570654922 70.509793015522021 6.1417196175507707 31.787996228383211 2.668316347846901 24.457786643241025 21.710096559050722 20.471383123674656 2.0624578542118526 80.750000000000014 78.18125000000002 1.0624612176657262 1.7532254835256744 5.3171301385278591 1.4633420668004289 22.948505313389759 90.343750000000014 12.701588254362646 2.4499037361419007 0.27074228770292236 5.2562026540934346
decision_type=2 2 2 2 2 2 2 2 2 2 2 2 2 2 2 2 2 2 2 2 2 2 2 2 2 2 2 2 2
left_child=1 2 14 4 5 17 -4 11 19 13 -7 26 18 -8 25 -11 -6 20 -13 -5 -2 23 -18 -10 -19 -1 27 -3 -23
right_child=3 7 6 8 16 10 9 -9 21 15 -12 12 -14 -15 -16 -17 22 24 -20 -21 -22 28 -24 -25 -26 -27 -28 -29 -30
leaf_value=-0.49444305011456258 0.5685466893159441 -0.39443788237704858 0.30544337214890172 -0.02435096418125068 -0.67726668482290209 1.6140071380536813 -0.27258200341849687 -1.6983598958026442 -0.00026407473803987416 0.20539276733916673 0.60578460301942649 0.18448052001350138 -0.59609343255551694 0.071589338143299083 -0.17286922656402598 -0.31013156408897036 0.99157366430097327 0.8755561950000792 -0.86351252524778976 -0.86395220121197691 -0.026441494106753848 -0.26907612557460442 -0.12196584973421379 0.47695065077115317 0.26341880962394065 -1.2198336946952624 -0.97107472303317655 -0.78561161813696789 0.046363330793320667
leaf_weight=30.264974653720856 419.09093835949898 302.05182844400406 233.99865967035294 77.653514355421066 72.818325936794281 3409.980151116848 1032.8460740745068 2799.7486969530582 42.156571626663208 787.71380296349525 156.91860979795456 125.87191587686539 318.08354806900024 42.426188915967941 77.016672402620316 114.67024999856949 53.205082684755325 1394.496097356081 76.241440027952194 151.36140125989914 50.578260958194733 42.588306665420532 43.731901705265045 168.42473459243774 40.243388146162033 781.86611583828926 683.74317094683647 412.4450738132 45.974101692438126
leaf_count=89 958 531 99 141 48 7949 2838 1805 143 1927 42 192 462 35 161 170 100 3149 51 146 95 80 107 430 139 2282 1002 436 104
internal_value=-0.000260308 -0.0279173 -0.0104761 0.0347201 0.0380223 0.0394697 -0.000360316 -0.0392754 0 -0.00404669 0.0445534 -0.030492 -0.0167887 -0.0115706 -0.0350736 0.00445605 -0.0060346 0.0296693 0 -0.0198015 0.0183393 0.0142131 0.00696813 0.0207999 0.0330354 -0.0380503 -0.0352387 -0.029107 0
internal_weight=13988.2 7818.99 3100.8 6169.22 5641.06 5471.31 2211.65 4718.19 528.159 1977.66 3566.9 1918.44 520.197 1075.27 889.148 902.384 169.755 1904.41 202.113 229.015 469.669 299.144 96.937 210.581 1434.74 812.131 1398.24 714.497 88.5624
internal_count=25711 12080 7601 13631 12587 12332 5069 4479 1044 4970 7991 2674 705 2873 2532 2097 255 4341 243 287 1053 757 207 573 3288 2371 1969 967 184
is_linear=0
shrinkage=0.0971646


Tree=5
num_leaves=43
num_cat=0
split_feature=18 47 14 1 1 1 32 47 43 18 15 14 0 1 47 5 10 0 47 18 9 0 1 26 5 9 47 31 47 19 43 47 50 27 27 1 21 38 1 39 1 38
split_gain=1352.62 153.273 77.0835 54.5805 36.7654 33.7681 24.0474 22.1391 21.9058 14.2295 13.3959 13.3277 10.5712 8.7932 8.7894 8.68466 8.25726 8.24041 7.36012 6.46792 6.21564 6.10003 5.92062 5.73528 5.2062 4.84991 4.35976 3.06835 3.0447 3.0308 2.79037 2.5111 2.47739 2.40375 2.23732 2.68729 1.98381 1.88171 1.62327 1.32516 1.08864 0.37419
threshold=77.040930563764519 204.27000000000012 26.955000000000002 -0.04732095011389225 0.49002412863433359 0.72654786141967487 1.7186918471752353 34.866666666666752 14.154946110391311 92.15000000000002 27.755000000000006 31.670224014945671 -0.86484280769030641 -0.20314193112455323 453.94666666666689 -0.25881904510252113 23.629730093082944 0.49944537339916317 304.93250000000006 86.65000000000002 5.2233646409586632 -0.76063005706955489 0.77542559342608797 11.531433387294726 -0.80685604436945912 1.8643443039406569 341.20083333333343 5.1824151819846582 10.675000000000029 18.063529351566782 22.647597747762273 0.6666666666665152 0.85067487854112922 2.6867899666682393 0.24946866170643697 0.14746159171784554 10.204183776197732 7.3149468186365656 -0.25501072541086661 70.764583333333348 0.14746159171784554 10.326338049547603
decision_type=2 2 2 2 2 2 2 2 2 2 2 2 2 2 2 2 2 2 2 2 2 2 2 2 2 2 2 2 2 2 2 2 2 2 2 2 2 2 2 2 2 2
left_child=1 5 4 6 9 7 11 20 -6 34 17 21 14 37 22 -15 31 24 27 28 33 -3 -5 -18 -4 -20 30 -8 -10 -25 -12 -7 -28 -1 40 -36 -11 -9 -34 -16 -2 -33
right_child=2 3 10 12 8 16 18 13 19 36 26 -13 -14 15 39 -17 23 -19 25 -21 -22 -23 -24 29 -26 -27 32 -29 -30 -31 -32 41 38 -35 35 -37 -38 -39 -40 -41 -42 -43
leaf_value=0.93893375787067757 0.62904597135111673 0.24883629255808284 0.00030256018542675837 -0.023664609036285159 -0.078383002979645858 0.62984464809540675 -0.38427664105197717 0.18767536636409304 0.65613304004351236 0.42669125398352203 0.16126713314747593 -0.51800000352816833 -1.7058158446604901 0.064633387501399117 -1.1960958747551371 -0.60931498957876951 -0.077659540803515337 0.27568441843013441 -0.39452895633884394 1.0287954246119728 -0.21827710325734925 -0.10446309523999062 -0.85595956884146029 -0.67152697102403613 -0.54287340434590559 -0.62768559774280641 0.31547707615232573 0.033995105617333689 -0.099695439527567986 -0.33685997372383636 0.66145100962476189 -0.66764674020180259 0.1609623054664325 0.23133630556161344 1.1369006580124563 0.78674674471858375 1.5251984290793856 -0.040940272697922948 -0.50018497983805976 -0.65566526902577016 0.23977942615418124 0.011705030282551016
leaf_weight=287.25460809469223 348.67516759037971 160.84621286392212 71.157300055027008 142.92352220416069 262.76195737719536 65.227390795946121 125.16510543227196 176.89721116423607 144.15394106507301 75.273517847061157 41.978152424097061 241.81673488020897 2679.1449457705021 95.343827366828918 458.62365835905075 243.20593759417534 80.986273229122162 62.815791994333267 663.39665770530701 388.7357072532177 132.87805274128914 415.47869846224785 155.6107292175293 387.30100163817406 156.6649866104126 679.9016617834568 71.697900146245956 83.425505191087723 66.930774629116058 185.18822699785233 154.56240990757942 37.484473288059235 84.658670961856842 92.717601329088211 793.87231320142746 724.83353641629219 2627.5823638737202 64.79015988111496 48.462921053171158 136.69546473026276 44.40397384762764 26.684751927852631
leaf_count=378 1121 339 175 437 174 140 253 506 456 16 155 116 2994 239 780 679 29 166 1176 1028 62 636 366 1052 152 275 178 205 217 588 521 115 172 138 2163 717 6060 194 78 299 82 84
internal_value=-0.000137848 -0.0270021 0.0338378 -0.0346479 0.037703 -0.00253644 -0.0227723 0.00822279 0.0182885 0.0412253 0.00259988 -0.00850763 -0.0423801 -0.0041627 -0.0313601 -0.0147087 -0.0180761 -0.012442 -0.0299871 0.0285897 0.0230056 0 -0.0150382 -0.0225721 -0.0217877 -0.0327934 0.0145591 -0.00968915 0.0114883 -0.0259863 0.0251191 0.00140351 0.00215596 0.02942 0.0337996 0.0362126 0.0462767 0.008865 -0.00319538 -0.0387152 0.0231953 -0.00808596
internal_weight=13988.2 7818.99 6169.22 5943.03 5477.22 1875.96 2370.03 1093.09 862.582 4614.64 691.998 818.142 3573 580.237 893.853 338.55 782.872 290.638 1551.89 599.82 512.85 576.325 298.534 653.476 227.822 1343.3 401.36 208.591 211.085 572.489 196.541 129.397 204.819 379.972 1911.78 1518.71 2702.86 241.687 133.122 595.319 393.079 64.1692
internal_count=25711 12080 13631 7876 12034 4204 3000 2196 1875 10159 1597 1091 4876 1618 1882 918 2008 493 1909 1701 578 975 803 1669 327 1451 1104 458 673 1640 676 339 428 516 4083 2880 6076 700 250 1079 1203 199
is_linear=0
shrinkage=0.0971646


Tree=6
num_leaves=36
num_cat=0
split_feature=18 18 18 47 47 1 40 5 18 3 32 47 19 12 17 1 34 45 0 49 21 1 1 49 36 7 9 4 36 49 0 49 47 42 35
split_gain=1257.71 135.423 92.7052 44.9554 31.9695 30.3589 21.7752 21.4624 19.5272 18.2064 10.2422 8.761 8.75422 8.65209 8.49996 8.29392 8.10812 6.42109 6.39267 5.74172 5.73584 5.30046 4.72553 4.36775 4.34903 4.21465 3.88086 6.36951 3.03663 2.57217 2.51018 1.88363 1.34746 1.17903 0.852372
threshold=72.850000000000009 82.250000000000014 56.250000000000007 304.93250000000006 239.86666666666673 0.49002412863433359 20.955136674564304 -0.70710678118654735 90.250000000000014 1.5750000000000004 1.4825276821689652 37.752500000000047 23.396962798687341 26.381926282691413 17.655000000000005 -0.74981945761428159 19.991875000000004 10.82438443684323 -0.5 1006.7020342535271 12.005684829713237 -0.04732095011389225 -0.66101488256563334 927.45000000000016 3.5852707933694785 5.6300000000000017 -0.68731175029850344 1002.402903968184 0.86881144336666838 1007.3032324491741 -0.84265616450606584 1007.500615458897 32.215833333333315 0.36479440923433742 2.3380107940202
decision_type=2 2 2 2 2 2 2 2 2 2 2 2 2 2 2 2 2 2 2 2 2 2 2 2 2 2 2 2 2 2 2 2 2 2 2
left_child=2 4 12 14 6 8 16 19 11 26 22 28 -1 -11 23 34 -2 -18 -13 21 -10 -6 33 -4 -17 -12 32 -28 -3 -24 -21 -27 -7 -5 -16
right_child=1 5 3 10 7 9 -8 -9 20 13 25 18 -14 -15 15 24 17 -19 -20 30 -22 -23 29 -25 -26 31 27 -29 -30 -31 -32 -33 -34 -35 -36
leaf_value=-1.5735349905753895 0.70462462885099286 0.56846868215591473 -0.020897577257267087 0.10131189964749179 0.48680278522467046 1.0065248694099778 -0.35077970067779568 -0.39129488586216959 0.63796821158749517 -0.12698108289041557 -0.29007243328597754 0.49210409096440599 -0.51565624305339441 0.44933969830059955 -0.0081874949894060207 0.05253330502682152 -0.18534966011698309 0.43096247335139759 -0.056076706405246667 -0.025965136267251943 1.3478534257380623 -0.061628713750957603 -0.28896699068543602 0.241090935740747 -0.31462579575165911 -0.28057141494454269 -0.33295829530406595 0.38804403343612692 1.0103764420956782 -0.43252664123331219 -0.35619470129097486 -0.58937342178899699 0.42692133084461126 -0.2699933927953132 0.15398862116481477
leaf_weight=2927.9468621611595 295.11249914765358 80.377142131328583 105.8728883266449 77.714173287153244 115.61061480641365 291.67666527628899 149.86907652020454 257.5347588956356 162.55916777253151 101.8977914750576 136.34172856807709 424.09332382678986 275.50878599286079 79.590367197990417 41.980550497770309 177.90072798728943 41.724250644445419 840.03325101733208 117.70778340101242 200.1517745256424 2955.3270230591297 88.387097090482712 206.62956839799881 135.26774600148201 821.9474121928215 361.85911560058594 51.874138742685318 111.28156745433807 677.8450862467289 239.22285735607147 54.191383630037308 1156.5264876186848 45.025714695453644 73.614239156246185 110.555300116539
leaf_count=4238 150 173 120 115 335 847 174 284 50 59 101 1215 113 150 71 445 21 2157 304 418 6921 207 439 101 2288 794 68 245 1130 225 37 899 162 106 267
internal_value=-0.000180094 0.028312 -0.0299527 -0.0191149 0.00690038 0.0367962 0.0159366 -0.00924957 0.0398157 0.0165046 -0.0276385 0.0287037 -0.0421233 -0.00800999 -0.00500559 -0.00868567 0.0205484 0.0149293 0.0174883 0.00254153 0.0442802 0.0152069 -0.0151732 0.0107237 -0.0121143 -0.0318441 0.0262487 0.00959875 0.0360566 -0.0201802 -0.00601748 -0.0334923 0.0329044 0 0.0108446
internal_weight=13990.8 7141.87 6848.89 3645.43 2042.61 5099.26 1326.74 715.876 4417.91 681.346 2251.91 1300.02 3203.46 181.488 1393.52 1152.38 1176.87 881.758 541.801 458.341 3117.89 203.998 597.181 241.141 999.848 1654.73 499.858 163.156 758.222 445.852 254.343 1518.39 336.702 151.328 152.536
internal_count=25429 15107 10322 5971 3783 11324 2502 1281 9793 1531 2679 2822 4351 209 3292 3071 2328 2178 1519 997 6971 542 885 221 2733 1794 1322 313 1303 664 455 1693 1009 221 338
is_linear=0
shrinkage=0.0971646


Tree=7
num_leaves=41
num_cat=0
split_feature=18 14 18 1 14 25 18 6 4 32 40 6 5 37 1 6 1 47 7 1 44 21 47 10 47 38 19 29 38 28 25 35 26 2 25 1 6 39 15 2
split_gain=1165.63 142.97 85.8397 70.2745 40.6369 30.055 29.9908 22.9402 20.4738 14.5233 14.2344 12.511 9.83955 9.49824 9.09712 10.8668 8.15672 7.37263 6.26879 6.26071 5.03665 4.78221 4.34026 3.60282 3.23193 3.14399 2.97459 2.37411 1.74231 4.76977 1.6312 1.49846 1.20549 0.799803 0.696558 0.603161 0.561778 0.700537 0.220029 0.168027
threshold=72.231640017304287 27.285000000000004 54.550000000000004 0.49002412863433359 30.455000000000002 18.354717946166534 92.15000000000002 -0.27841686570654922 1003.2048154731093 2.5275686602921659 20.471383123674656 -0.50008149503200283 0.25881904510252091 55.891666666666673 -0.85654306401281477 1.0000000180025095e-35 -0.25501072541086661 10.675000000000029 8.6750000000000025 -0.098819223632317363 1.5805483882534148 12.005684829713237 493.02249999999998 24.021722469444608 167.1916666666668 12.197782957320669 23.396962798687341 5.3809237889544574 12.6517396093752 2.3547692514736758 20.310874730966113 2.3680921449994909 15.274836321844072 -0.68258025745374251 23.457666212641406 -0.63874350706337046 0.23989033689152681 77.893750000000011 26.54133075165678 -0.71652848033868211
decision_type=2 2 2 2 2 2 2 2 2 2 2 2 2 2 2 2 2 2 2 2 2 2 2 2 2 2 2 2 2 2 2 2 2 2 2 2 2 2 2 2
left_child=2 3 26 6 9 10 11 12 19 14 -5 24 25 30 31 -16 18 -15 27 -6 -13 -8 33 38 -2 -3 36 -9 29 -10 -7 -4 -25 -18 -20 -14 37 -1 -11 -27
right_child=1 7 4 5 8 13 21 16 28 23 -12 20 35 17 15 -17 22 -19 34 -21 -22 -23 -24 32 -26 39 -28 -29 -30 -31 -32 -33 -34 -35 -36 -37 -38 -39 -40 -41
leaf_value=-1.5387416113815036 0.27387832481560875 -0.48037099059396754 -0.007391960172293004 0.087688819628110676 0.12684060210074385 -0.42511240346843987 0.39815705028713161 0.40802817764178179 -0.32406951541673074 -0.31254569998796228 -0.1806657128613903 0.84729066937204778 0.32352851670221339 0.80558096132946067 -0.25818985156261237 0.041371596838081573 0.17274539560764401 0.1309309399664465 0.40886391793405247 -0.41999193358625453 0.47347699524510783 1.247781595204362 -0.44619879358114473 -0.1268712335498198 -0.18138218667622721 -0.41016983588292094 -0.5892996789581294 0.12587679642731656 -0.7329701254714458 -0.40536565706267075 0.23375480529478077 0.12056762212823803 -0.39309208208207802 -0.27988202012683222 -0.13967389714876394 -0.043323011356481485 -0.80372760050015235 -0.64146475484399146 0.24361449509952232 -0.037718809436122866
leaf_weight=2413.4837854504585 284.50251993536949 340.32556772232056 67.294075191020966 185.21484899520874 96.309911161661148 45.577055931091309 118.77909961342812 188.91863471269608 141.14345791935921 37.862076640129089 211.80928096175194 1687.3335770964622 44.882394403219223 565.84520924091339 885.66787505149841 503.77262434363365 126.13632771372795 112.0049222111702 48.76485401391983 105.00111469626427 299.08718872070312 2553.9414679408073 63.762322694063187 33.918575018644333 64.462515413761139 43.51420333981514 176.31341853737831 48.034206509590149 809.69648256897926 529.01984521746635 67.44721594452858 157.79100900888443 436.76279744505882 40.523639887571335 51.202660471200943 33.21096059679985 204.77549654245377 84.034792572259903 32.458369374275208 50.172540009021759
leaf_count=3084 968 257 123 140 96 92 36 509 135 108 156 3560 114 1407 2083 1192 344 384 151 165 212 5967 83 69 204 71 70 111 399 283 219 329 1109 125 30 90 503 259 83 109
internal_value=-0.000293958 0.0266146 -0.0295094 0.032308 -0.0197587 0.0105225 0.0373808 -0.00567026 -0.031206 -0.0106018 -0.0105257 0.0287387 -0.0207422 0.0216261 -0.00561688 -0.00873266 0.00722361 0.0260165 0.0171329 0 0.0318298 0.044732 -0.0054715 -0.0245808 0.00980948 -0.0266707 -0.0423232 0.0257385 -0.0351621 -0.0284312 -0.00101837 0.0116075 -0.0276717 0.000499727 0 0.00671173 -0.0433948 -0.0444011 0 -0.00464435
internal_weight=13990.8 7275.45 6715.31 6196 3836.7 1187.9 5008.11 1079.45 1681.17 2155.53 397.024 2335.39 512.106 790.874 1614.53 1389.44 567.343 677.85 336.92 201.311 1986.42 2672.72 230.422 541.002 348.965 434.012 2878.61 236.953 1479.86 670.163 113.024 225.085 470.681 166.66 99.9675 78.0934 2702.29 2497.52 70.3204 93.6867
internal_count=25429 15339 10090 13345 6174 2398 10947 1994 1078 5096 296 4944 641 2102 3727 3275 1353 1791 801 261 3772 6003 552 1369 1172 437 3916 620 817 418 311 452 1178 469 181 204 3846 3343 191 180
is_linear=0
shrinkage=0.0971646


Tree=8
num_leaves=32
num_cat=0
split_feature=18 18 18 14 14 39 4 39 36 6 15 46 35 6 4 6 17 10 6 21 12 15 25 43 45 14 4 0 38 38 45
split_gain=1052.08 157.901 79.372 65.3115 42.1085 34.6913 20.6589 20.6288 20.3014 17.3034 15.6914 13.8512 12.243 10.6922 7.8707 6.97417 6.08443 6.94018 4.61692 4.06404 3.63995 3.22726 2.99076 1.59544 1.43301 1.24144 1.09647 1.02614 0.559384 0.185832 0.0842406
threshold=71.601234830913413 89.550000000000011 51.850000000000001 28.655000000000005 31.925000000000004 72.918750000000017 931.05000000000007 53.354166666666671 8.6877019776390938 -0.5 29.205000000000002 1.8824999743544619 4.6385344660419081 -0.5 1003.7006333267776 -0.97454454254772638 33.165000000000006 23.629730093082944 -0.5 12.005684829713237 22.170414444337901 29.655000000000005 24.824287331468049 23.79219294372438 24.230928275983764 25.845000000000002 1012.0500000000001 0.36866384143642622 8.5526798898775933 11.961413656698594 22.665763264377578
decision_type=2 2 2 2 2 2 2 2 2 2 2 2 2 2 2 2 2 2 2 2 2 2 2 2 2 2 2 2 2 2 2
left_child=2 3 23 7 8 6 12 -2 16 15 20 -11 -3 27 -6 -9 17 -4 -7 -20 30 -15 24 -1 -12 -21 -8 -10 -22 -16 -5
right_child=1 5 4 10 14 18 26 9 13 11 22 -13 -14 21 29 -17 -18 -19 19 25 28 -23 -24 -25 -26 -27 -28 -29 -30 -31 -32
leaf_value=-1.4584842111058625 -0.24084264705421982 0.53663440166947252 0.3624609188288021 0.0075684990731219905 -0.56539309434848684 0.11838306023151814 0.7069910732208724 -0.56216219259316413 -0.40079738547573635 0.60096321340403658 0.10819945546821692 0.011149462187502483 -0.14157608174854394 0.24668438957178115 -0.45632435635921259 0.15484559888927291 0.21391522410273689 -0.13706853013470369 0.75082523364597131 1.1345155375068103 -0.28937052900674687 -0.27217357527021163 0.21308967476341431 -0.56941056708727578 -0.16622406206520263 0.51778443058756263 1.0189064158066525 -0.31778220500186599 -0.5385832099902409 -0.65749755678885391 -0.2276563605689769
leaf_weight=2382.7380406558514 148.95907205343246 143.68429744243622 181.71112233400345 40.516582936048508 232.31723228096962 46.724515169858932 115.37968811392784 69.660003900527954 768.90741327404976 2008.171000957489 133.45615708827972 255.92541685700417 117.12832471728325 90.155145734548569 245.33941596746445 482.85065257549286 78.573954910039902 1360.8778103590012 77.609427958726883 2870.6039510667324 114.97729462385178 145.06511402130127 49.114118725061417 80.832580476999283 72.40153893828392 149.62179803848267 137.55705559253693 225.25612699985504 324.52565413713455 804.69082292914391 35.427589982748032
leaf_count=3270 155 152 422 130 173 167 149 114 1376 4264 292 294 94 231 120 1604 41 2827 30 6829 131 459 110 30 54 559 150 622 218 292 70
internal_value=-0.000438304 0.0246923 -0.0286714 0.0104724 -0.0202202 0.039077 0.0142841 0.0170841 -0.0133741 0.0190223 -0.0143937 0.0228104 -0.00346816 -0.0229012 -0.0350398 0.00269164 -0.00585772 -0.00741344 0.0429746 0.0434587 -0.0242335 -0.00217967 0.00389452 -0.0426343 0 0.0441135 0.0340824 -0.0273546 -0.0276715 -0.0389486 0
internal_weight=13990.8 7394.29 6596.46 3735.99 4132.89 3658.31 513.749 2965.57 2850.55 2816.61 770.419 2264.1 260.813 1229.38 1282.35 552.511 1621.16 1542.59 3144.56 3097.84 515.447 235.22 254.972 2463.57 205.858 3020.23 252.937 994.164 439.503 1050.03 75.9442
internal_count=25429 15566 9863 7436 6563 8130 545 6431 5978 6276 1005 4558 246 2688 585 1718 3290 3249 7585 7418 549 690 456 3300 346 7388 299 1998 349 412 200
is_linear=0
shrinkage=0.0971646


Tree=9
num_leaves=41
num_cat=0
split_feature=18 18 18 14 14 39 49 40 36 6 50 40 48 50 6 44 39 11 8 19 48 30 46 5 6 0 39 21 7 6 19 14 32 10 0 21 49 13 14 20
split_gain=968.435 144.033 78.8388 50.2006 40.2008 37.5998 22.5128 17.5102 15.9681 15.2638 14.8429 12.2976 9.95242 9.05476 8.88449 8.68287 7.74029 7.41022 6.47681 14.4992 7.79133 6.12958 5.69686 5.21613 4.84945 4.59528 3.77423 3.41432 3.27723 3.17686 3.09387 2.89042 2.32758 1.65979 1.52066 1.25999 0.206342 0.193507 0.13798 0.091063
threshold=71.601234830913413 89.550000000000011 54.550000000000004 28.655000000000005 31.925000000000004 73.706250000000011 931.05000000000007 20.955136674564304 8.6877019776390938 -0.5 1.5944366082323551 11.453551439590964 1005.4054949322053 0.99018939517605831 -0.5 0.56354246551019282 64.764583333333348 37.862643656973511 6.9900000000000011 23.514568358199497 1005.4054949322053 24.073431425853418 1.8824999743544619 0.25881904510252091 -0.5 -0.84265616450606584 70.764583333333348 12.945169721694585 8.1650000000000045 0.44765129557079969 23.567817726455406 25.845000000000002 2.2519121476192194 23.629730093082944 0.36866384143642622 23.5122833411579 1010.3124628521415 24.143058908120402 26.635000000000002 24.005500090421346
decision_type=2 2 2 2 2 2 2 2 2 2 2 2 2 2 2 2 2 2 2 2 2 2 2 2 2 2 2 2 2 2 2 2 2 2 2 2 2 2 2 2
left_child=2 3 17 7 8 6 10 9 18 23 21 25 15 -8 34 -6 37 26 20 -20 -4 -3 -11 -2 -7 39 29 -26 30 -1 -13 -29 -28 -16 -10 -30 -27 -9 -31 -5
right_child=1 5 4 11 12 24 13 16 14 22 -12 28 -14 -15 33 -17 -18 -19 19 -21 -22 -23 -24 -25 27 36 32 31 35 38 -32 -33 -34 -35 -36 -37 -38 -39 -40 -41
leaf_value=-1.3950787183988931 -0.16186628180078408 -0.096198843611151663 0.05848298545816405 -0.29261089858883593 -0.25273481691902394 0.1068804154918889 0.125818676748185 -0.34305563302499781 -0.32703513357051978 0.53629164764541237 -0.21639098925521608 -0.14955576837483517 -0.58086079915278166 0.92377454952661509 0.70605285868337597 -0.7066192184570036 0.60989981842141849 -0.42827865250409647 -0.10262078811161351 0.10750142724073872 -0.50044996927311292 0.60218791632386692 0.091918118836126966 0.20900248016146122 0.57732367828996445 -0.59625317952096246 -0.39954255300564501 1.0339970829750711 0.1028936419314504 -0.12529567851840101 0.19016257152461341 0.46747410455686167 -0.53880019185067318 -0.16171160907629836 -0.25088278785840723 -0.17615776586989659 -0.2254899105994142 -0.43212088536428611 -0.90524678691402716 0.02479521277650177
leaf_weight=2159.3444212377071 193.01841667294502 91.835211515426636 86.54937618970871 54.166235417127609 210.75401452183723 46.724515169858932 89.127596706151962 78.5800561606884 667.75104427337646 1959.8331505060196 93.669406950473785 44.069381505250931 719.71536383032799 251.02838388085365 38.320332676172256 161.26679942011833 84.588223993778229 127.33868899941444 978.55597537755966 302.13502109050751 169.46343317627907 72.696353822946548 213.45294171571732 357.73457878828049 104.85222113132477 238.44330662488937 203.6631897687912 2759.5035708844662 99.123261660337448 36.534167379140854 76.898457199335098 148.87179803848267 286.31230518221855 178.43017706274986 204.91574922204018 59.299486309289932 143.06208425760269 78.35877850651741 65.41472053527832 55.356723457574844
leaf_count=2651 487 51 155 95 125 167 133 124 1194 4151 39 132 255 219 98 108 155 106 2441 322 152 184 234 1224 58 157 288 6723 244 128 129 556 572 537 560 44 108 56 171 96
internal_value=-0.000204155 0.0239057 -0.0272933 0.0103159 -0.0177139 0.0376477 0.014179 0.0161142 -0.0109346 0.0183852 -0.00607792 -0.0114274 -0.0335565 0.0307176 -0.0200268 -0.0182193 -0.00766541 -0.0394862 -0.00418532 -0.000992759 -0.0183118 0.00951017 0.0220791 0.00299771 0.0420791 -0.0207894 -0.0406297 0.0425823 0.00356105 -0.0428668 0.016186 0.043351 -0.0292416 -0.000323737 -0.0244153 -0.00355721 -0.0258483 -0.021385 -0.0170501 0
internal_weight=13990.8 7394.29 6596.46 3735.99 3717.86 3658.31 598.357 2965.57 2626.12 2724.04 258.201 770.419 1091.74 340.156 1089.42 372.021 241.527 2878.61 1536.7 1280.69 256.013 164.532 2173.29 550.753 3059.95 491.028 2751.27 3013.23 279.391 2261.29 120.968 2908.38 489.975 216.751 872.667 158.423 381.505 156.939 101.949 109.523
internal_count=25429 15566 9863 7436 5947 8130 626 6431 5459 6096 274 1005 488 352 2389 233 335 3916 3070 2763 307 235 4385 1711 7504 456 3810 7337 549 2950 261 7279 860 635 1754 288 265 180 299 191
is_linear=0
shrinkage=0.0971646


Tree=10
num_leaves=36
num_cat=0
split_feature=18 18 18 14 43 14 32 10 37 19 13 34 49 47 36 47 49 31 21 4 3 32 37 19 35 19 34 37 42 4 43 14 47 18 18
split_gain=862.938 127.637 84.9301 54.0251 28.7131 25.9969 21.1193 16.6649 16.072 16.0048 11.7427 10.5653 9.90047 9.15425 8.60808 8.0685 16.6016 9.18826 7.38854 7.33063 6.99909 6.696 5.59423 5.02579 4.08351 3.36175 3.29577 3.27281 2.70101 2.54084 1.53285 1.5312 1.41736 0.786568 0.723834
threshold=77.040930563764519 57.807227503574154 92.15000000000002 28.515000000000004 13.737443864270668 28.655000000000005 2.2138781900154005 23.900249324159621 60.641666666666673 23.514568358199497 26.968890738178121 19.696250000000003 1007.3032324491741 17.22833333333347 8.8285993600025545 8.9366666666667633 928.05000000000007 3.0169239765082847 15.340389292045723 1008.4500000000002 1.1232334558743231 1.6188849042455133 74.859844546396374 24.453500288419317 5.335460022269344 18.208413624425052 29.20354166666667 78.08750000000002 0.57691567836296231 1006.8022803277477 19.175229122032551 33.605000000000011 607.07833333333349 71.041171904954936 80.15000000000002
decision_type=2 2 2 2 2 2 2 2 2 2 2 2 2 2 2 2 2 2 2 2 2 2 2 2 2 2 2 2 2 2 2 2 2 2 2
left_child=1 6 5 7 -4 8 9 13 11 19 25 -2 23 24 -12 16 -10 -17 -13 32 21 -14 34 28 -3 -9 -22 -6 -5 -24 -21 -8 -1 -15 -7
right_child=2 3 4 12 27 22 31 10 15 -11 14 18 20 33 -16 17 -18 -19 -20 30 26 -23 29 -25 -26 -27 -28 -29 -30 -31 -32 -33 -34 -35 -36
leaf_value=-0.67862521843371226 0.42763121818986477 0.96554199696545651 0.1400880045533065 -0.20876150485998424 0.68163736163558108 -0.0050524144045302043 -0.7881572284171946 -0.23375376639726289 0.2859366701240289 0.011722953557921099 0.10507164032607377 -0.2048920292767904 0.055177242180827722 -0.15833309463907477 -0.17736609058080416 -0.12595662024779594 0.75754364732645751 0.34976461737208175 0.20202625583953271 -0.42571880441348514 -0.42496763154324058 -0.21106817271554656 -0.5383184675318422 0.17390782458622614 0.21339747334292483 0.013826258952705662 -0.29713370450495002 1.001544087712851 -0.42063148926853322 -0.02544815304524245 0.054870540980908357 -1.679420702269431 -0.88535655921603551 0.17967474937815325 0.34862603181015706
leaf_weight=367.05821880698204 115.93753817677498 207.28402596712112 292.50601330399513 343.01921141147614 645.84521615505219 51.495520710945129 1117.1468487083912 552.74667367339134 370.03660923242569 203.64094999432564 630.50371876358986 136.18236243724823 114.42331948876381 128.23371413350105 260.42401325702667 153.86174330115318 1020.3955436646938 901.60961955785751 118.21986788511276 68.006751000881195 865.425078779459 518.81854942440987 158.9920160472393 97.134854078292847 107.8872846364975 121.33537176251411 146.86676645278931 2029.3958917856216 169.03746262192726 100.13624021410942 54.466680586338043 1085.8989557921886 577.66501182317734 98.875779300928116 60.24549788236618
leaf_count=853 83 249 92 646 1636 106 2331 1280 481 106 1329 186 131 388 808 318 1707 3053 389 183 575 368 166 93 191 437 64 4924 318 143 122 618 580 323 152
internal_value=0 -0.021405 0.0271986 -0.0101894 0.0391238 0.0159342 -0.0353444 0.000804363 0.0191606 -0.0244179 -0.0040706 0 -0.0206406 0.015601 0.002859 0.0220138 0.0272754 0.0146215 -0.0107761 -0.0291697 -0.0247187 -0.0151494 -0.00738189 -0.00886086 0.026244 -0.0138317 -0.0302219 0.0423266 -0.0130605 -0.0157842 -0.00264173 -0.0414121 -0.0321393 0 0.00828722
internal_weight=13990.8 7835.9 6154.86 4362.02 2967.75 3187.11 3473.88 2107.29 2816.24 1270.84 1565.01 370.34 2254.73 542.281 890.928 2445.9 1390.43 1055.47 254.402 1067.2 1645.53 633.242 370.869 609.192 315.171 674.082 1012.29 2675.24 512.057 259.128 122.473 2203.05 944.723 227.109 111.741
internal_count=25429 11993 13436 7200 6652 6784 4793 5005 6217 1844 3854 658 2195 1151 2137 5559 2188 3371 575 1738 1138 499 567 1057 440 1717 639 6560 964 309 305 2949 1433 711 258
is_linear=0
shrinkage=0.0971646


Tree=11
num_leaves=45
num_cat=0
split_feature=18 18 18 14 39 14 1 48 36 15 47 40 48 18 1 35 1 8 1 47 18 32 1 20 37 1 48 7 4 32 38 4 12 21 47 15 37 22 10 45 4 36 32 31
split_gain=795.765 138.82 82.5746 41.2219 35.8319 30.8879 22.4185 16.9539 16.029 11.863 11.2312 10.8024 9.97621 9.7366 9.21624 9.15856 8.71835 8.6369 7.71183 7.16951 6.91127 7.24647 6.09962 5.43019 5.14323 6.08432 5.12736 4.83117 4.79647 4.72968 4.72838 4.34215 3.93971 3.1519 2.68635 2.41306 2.36066 2.09687 1.65026 1.32718 1.15306 1.13613 0.730079 0.538377
threshold=71.601234830913413 89.550000000000011 51.850000000000001 28.655000000000005 72.918750000000017 31.925000000000004 0.46459913687673576 929.95000000000016 8.6877019776390938 27.185000000000006 5.6458333333334005 20.471383123674656 1005.4054949322053 92.850000000000009 0.098819223632317002 4.5947637868727638 0.85160721139017281 6.7650000000000015 -0.25501072541086661 29.836666666666765 43.050000000000004 1.8702909753549235 0.14746159171784554 12.654192704535244 71.529166666666683 -0.42109697129093543 927.25000000000011 8.1650000000000045 1009.0243344772399 1.0014140003001921 12.6517396093752 1004.8082354374412 25.543676359569307 13.23170885857674 4.813333333333448 31.243921350807756 37.537500000000009 15.138731641270716 27.94368635070645 14.142939798123168 1010.2304821178767 2.6088630967229576 2.1433812790017543 5.119041175513674
decision_type=2 2 2 2 2 2 2 2 2 2 2 2 2 2 2 2 2 2 2 2 2 2 2 2 2 2 2 2 2 2 2 2 2 2 2 2 2 2 2 2 2 2 2 2
left_child=2 3 20 6 7 8 10 15 16 42 26 19 14 22 -7 -3 17 -4 27 -8 -1 31 38 -13 36 -26 -2 -11 -23 -9 -14 43 -12 -15 -35 -20 -10 -31 -6 -24 -30 -18 -5 -22
right_child=1 4 5 9 13 12 11 29 24 18 32 23 30 33 -16 -17 41 -19 35 -21 21 28 39 -25 25 -27 -28 -29 40 37 -32 -33 -34 34 -36 -37 -38 -39 -40 -41 -42 -43 -44 -45
leaf_value=-2.264408059657768 0.18979462856134194 0.43390279286756156 -0.376300637480526 -0.16724497428208027 0.71384258867561978 -0.094630347880434992 0.22799567027851739 0.23661810848330003 -0.43684895799803231 0.19029007872163869 0.17469999652934184 -0.21104117114791346 -0.2012325955814864 0.23975279111283621 -0.47301451146550721 -0.14746198387736947 -0.051061019615908233 0.02942300914448007 -0.56983708621460849 -0.43316721927288793 -0.55918318789292221 -0.67526070521070514 -0.094905336760050155 0.00095481080968433179 -0.14180985914441024 -0.46028452263047281 0.85305811386224917 -0.05142048611790679 -0.0011400618582391518 0.83509895296759395 -0.55747421367574945 0.028045789564779416 0.39183163732921933 0.92366280798287215 0.70211856592479471 -0.06729130647626401 0.083401908801190111 0.3121792484299446 0.23535256237018159 0.29497795049702136 -0.47364380119745797 -0.3682362780532199 -0.37601175865833447 -0.24751336085091394
leaf_weight=1361.5337552130222 168.02089402079582 85.254633963108063 210.95130994915962 175.56001824140549 420.22459796071053 244.93123650550842 556.33692008256912 93.120919436216354 69.850660920143127 117.61802658438683 868.91503348946571 132.32196417450905 260.64897295832634 58.933202147483826 224.58908253908157 116.05737507343292 51.870587408542633 1075.3686186373234 88.927570015192032 121.85389414429665 133.24856498837471 671.03668174147606 48.271575421094894 91.695722341537476 466.6568957567215 530.26851385831833 597.55545693635941 109.83435687422752 37.340013116598129 122.4373970925808 552.17817917466164 97.573902815580368 428.86626115441322 1954.0948476493359 496.59312862157822 70.22782900929451 162.60772949457169 96.8790403008461 84.914663285017014 81.527677148580551 107.5731925368309 282.97237160801888 208.25113570690155 55.264510720968246
leaf_count=1835 136 138 231 228 1082 116 1078 102 201 210 2538 102 110 40 175 88 132 2117 101 377 252 690 16 235 892 1123 729 142 75 66 184 119 1236 4145 1764 175 472 151 284 254 270 810 149 59
internal_value=-0.000104596 0.0217477 -0.0246633 0.00841241 0.0352315 -0.0160739 0.013678 0.010219 -0.0101878 -0.0112791 0.0192647 0.000408282 -0.0287717 0.0391687 -0.0156383 -0.0102222 -0.00350313 0 0 0.00697782 -0.0388628 -0.0314721 0.0262543 -0.0174298 -0.0186265 -0.021764 0.0290798 0.0121636 -0.0365893 0.0247147 -0.0357495 -0.0151726 0.0130929 0.042231 0.0428552 -0.0154506 -0.00325258 0.0326646 0.031236 0.00338553 -0.0148527 -0.0173962 -0.0233219 -0.0236969
internal_weight=13990.8 7394.29 6596.46 3735.99 3658.31 4132.89 2965.57 513.749 2850.55 770.419 2063.36 902.209 1282.35 3144.56 469.52 201.312 1621.16 1286.32 386.608 678.191 2463.57 1102.04 634.939 224.018 1229.38 996.925 765.576 227.452 815.95 312.437 812.827 286.087 1297.78 2509.62 2450.69 159.155 232.458 219.316 505.139 129.799 144.913 334.843 383.811 188.513
internal_count=25429 15566 9863 7436 8130 6563 6431 545 5978 1005 4639 1792 585 7585 291 226 3290 2348 628 1455 3300 1465 1636 337 2688 2015 865 352 1035 319 294 430 3774 5949 5909 276 673 217 1366 270 345 942 377 311
is_linear=0
shrinkage=0.0971646


Tree=12
num_leaves=44
num_cat=0
split_feature=18 18 18 6 10 1 6 1 39 1 9 32 30 39 0 45 33 29 47 7 4 49 16 6 47 21 49 1 46 41 41 32 0 2 14 43 14 30 14 17 15 32 43
split_gain=696.77 138.285 89.2134 53.038 27.9822 21.9893 19.8566 19.4253 18.8077 17.8146 15.7949 13.2116 12.3879 12.9067 11.2652 10.3262 10.0236 9.23863 8.81025 7.33205 6.31266 5.30949 5.24229 5.04426 4.82561 7.70845 4.34584 4.30803 3.39264 2.83471 2.66517 2.21216 2.05124 1.82017 1.66605 1.14194 0.808623 0.638003 0.618814 0.471196 0.339463 0.0898645 0.0264725
threshold=78.65000000000002 51.850000000000001 92.550000000000011 -0.27841686570654922 23.780697844508108 -0.46936605301880607 -0.5 0.8217814666189438 72.497916666666683 0.14746159171784554 1.011206053839983 1.2328212899484419 22.997381320522045 65.368750000000006 0.49944537339916317 24.139986055214081 3.0835646219586113 5.4509872199347305 298.00654896017426 10.042968783572329 930.6500000000002 1010.1389885162522 28.305000000000003 -0.12477111427067845 4.1625000000001622 12.945169721694585 1013.1500000000002 0.44236413956135423 1.8824999743544619 14.530211644213907 23.075396807928101 1.3799933568435649 0.489828508614637 -0.42714268446624293 26.525000000000002 21.06617406501935 17.935000000000006 25.891932253219196 32.82500000000001 24.835000000000004 28.925000000000004 1.3151356076425833 23.741730359185556
decision_type=2 2 2 2 2 2 2 2 2 2 2 2 2 2 2 2 2 2 2 2 2 2 2 2 2 2 2 2 2 2 2 2 2 2 2 2 2 2 2 2 2 2 2
left_child=1 19 6 5 22 10 14 16 20 17 26 27 29 -14 30 -12 -6 28 -13 21 -4 31 36 -21 25 -10 -3 -7 -8 -11 41 -1 -9 42 39 -35 -5 -24 -25 -26 -19 -2 -16
right_child=2 3 8 4 7 11 9 32 24 12 15 18 13 -15 33 -17 -18 40 -20 23 -22 -23 37 38 34 -27 -28 -29 -30 -31 -32 -33 -34 35 -36 -37 -38 -39 -40 -41 -42 -43 -44
leaf_value=-0.33592962883545713 0.15648887036684947 0.037157259725061426 -0.029558421354419249 0.89355598396727709 0.1476567496520898 -0.0095226802423253078 0.57039149665396782 -0.38554921428708644 0.008214385580552654 -0.19876078650843151 -0.33034872669767534 -0.32050424692577989 -0.015418636145945148 0.50878409240178213 -0.17235302833902538 -0.079497966516747828 -0.03710089801575811 0.1455370309980285 -0.55730033095143894 -1.7760282915074062 0.57149582023078571 -0.13204710307757048 -0.075744929249926429 -0.41012090794762357 0.6416791234442355 0.84363177821740998 -0.23182249454591417 -0.45822133887144678 -0.089446156741830748 0.021796798127282802 -0.50722580229160252 -0.57894013926810195 -0.067000047104300464 0.068431051936056683 0.1820909641306086 0.44710429593135009 0.39102367570142332 0.4419695012777039 -0.74023931406393939 0.16557309182634969 -0.071479014301076338 -0.25377588261323264 0.052773750733328247
leaf_weight=68.135152518749237 30.275066763162613 816.50041314959526 134.78949621319771 172.18425717949867 508.14502677321434 283.8559901714325 1090.442543387413 409.28541362285614 44.209522843360901 151.93511798977852 458.40011709928513 437.47460067272186 360.60738754272461 683.74747252464294 41.455694764852524 253.16477543115616 764.81269624829292 57.628178864717484 956.37175419926643 1371.5916830301285 138.91555511951447 130.09121981263161 43.695111751556396 127.98221281170845 519.72710800170898 2050.187780469656 108.951261729002 145.88896599411964 36.971061289310455 82.219039112329483 139.24489617347717 595.96781447529793 135.21865600347519 68.816276967525482 28.519917041063309 76.793035238981247 85.686662197113037 65.530277609825134 93.848089724779129 28.289379954338074 42.374278992414474 29.18454971909523 31.989468723535538
leaf_count=140 114 1625 123 98 931 522 2993 1045 17 84 271 1099 502 1298 134 121 1254 165 974 1795 138 167 85 336 1753 4276 249 345 27 169 114 750 379 244 104 285 228 149 91 109 90 63 86
internal_value=0.000667339 -0.0178917 0.0261405 -0.00948973 0.00219101 -0.0169821 0.0138653 -0.00255053 0.038157 0.0171723 -0.00838188 -0.0244423 0.00860381 0.0133136 -0.00493829 -0.0192336 0.00374845 0.0257078 -0.0291623 -0.0375415 0.0114751 -0.0279269 0.0266493 -0.0420047 0.0407157 0.0434757 0 -0.00805114 0.0282226 -0.0105054 -0.0221737 -0.0316412 -0.0179957 0.00886261 0.0297798 0.0152642 0.0345083 0.00386563 -0.023258 0.0310046 0 0 0
internal_weight=13901.1 8032.78 5868.32 5645.17 2184.56 3460.61 2923.68 1817.46 2944.64 2505.93 1637.02 1823.59 1278.51 1044.35 417.759 711.565 1272.96 1227.42 1393.85 2387.62 273.705 794.194 367.096 1593.42 2670.93 2094.4 925.452 429.745 1127.41 234.154 198.705 664.103 544.504 219.054 576.536 145.609 257.871 109.225 221.83 548.016 100.002 59.4596 73.4452
internal_count=25542 12654 12888 9375 4169 5206 6368 3609 6520 5328 2266 2940 2053 1800 1040 392 2185 3275 2073 3279 261 1057 560 2222 6259 4293 1874 867 3020 253 291 890 1424 749 1966 529 326 234 427 1862 255 177 220
is_linear=0
shrinkage=0.0971646


Tree=13
num_leaves=49
num_cat=0
split_feature=10 32 1 1 14 6 6 47 29 22 32 8 19 29 3 15 6 32 31 49 38 27 49 46 1 30 1 6 3 31 31 49 6 19 47 16 39 6 47 10 9 46 47 2 48 19 29 13
split_gain=577.341 149.57 56.3627 44.2023 41.2133 32.139 27.8176 15.7698 15.6444 23.4443 13.318 12.5688 12.1527 10.2745 9.91553 9.66716 9.27028 7.97797 7.10478 7.00059 6.97649 5.8778 5.85678 5.66982 5.43441 5.05398 4.43537 4.4135 4.31354 4.29398 4.24661 4.23359 4.06434 3.85371 3.67913 2.82466 2.44441 2.90167 1.4924 1.4801 1.28373 1.17175 1.14153 1.49639 0.927182 0.748536 0.564508 0.468923
threshold=24.257907593369648 1.8454005885327252 0.12068463117705984 0.46459913687673576 31.445000000000004 -0.27841686570654922 -0.5 10.675000000000029 3.0297574612591496 13.210711380030375 2.77950505133385 10.500000000000004 21.65816922115059 5.1409853322665642 0.91323839304739363 21.495000000000001 -0.22865904965240982 0.74685339926941707 4.8694381675861527 927.85000000000002 5.5190509529866416 0.90700091790003345 1007.1271214549183 1.8824999743544619 0.91126478743521899 25.993408877283475 -0.034319876048209338 -0.27841686570654922 1.6107771375464095 4.6855238513459652 4.7215297131547871 1010.3124628521415 0.44765129557079969 20.848119051419129 4.1625000000001622 18.815000000000001 82.014583333333348 -0.27841686570654922 37.752500000000047 23.629730093082944 2.6080873872686721 0.42934481044986078 103.17500000000003 -0.5049610547215202 928.6500000000002 20.463383524914665 3.7576514693565293 26.968890738178121
decision_type=2 2 2 2 2 2 2 2 2 2 2 2 2 2 2 2 2 2 2 2 2 2 2 2 2 2 2 2 2 2 2 2 2 2 2 2 2 2 2 2 2 2 2 2 2 2 2 2
left_child=2 3 6 5 10 20 35 17 9 19 18 27 -6 26 -14 -13 31 47 32 39 30 -18 -22 34 28 -19 -7 -11 38 -15 -2 -9 -3 -20 -8 -1 37 -12 -10 -4 -21 -16 43 -37 -26 -38 -46 -5
right_child=1 4 8 7 12 13 23 16 24 11 36 15 14 29 41 -17 21 25 33 40 22 -23 -24 -25 44 -27 -28 -29 -30 -31 -32 -33 -34 -35 -36 42 45 -39 -40 -41 -42 -43 -44 -45 46 -47 -48 -49
leaf_value=-0.23517723443672395 -0.015317060355581119 -0.27537086499273439 0.10438426082117737 0.060863206742042798 -1.5220279486922705 0.39646058723531319 0.84910892317501296 -0.95513883081463924 0.6450529152971215 -0.27356470108880337 -0.58631206282343695 -0.2354430272982205 -0.14315496948869225 -0.24009368133343945 -0.51503588474998963 0.06228712541558571 -0.36590423437773512 -0.12939419823441686 -0.29115802254064999 0.48447480388310538 0.0041350354477042934 0.029915899858466353 -0.18633660810845371 0.052358616708673929 -0.25716719523771225 -0.022517131904807308 0.18795972178822271 0.44275051515716324 0.31897489417666708 0.063413025299854028 0.26167429602299286 -0.066947720755739668 -0.089614189727772992 0.032261580416313163 0.59876398523928354 -0.071168051744601446 -0.24275139197021203 -0.36631373344850654 0.20232313555739517 -0.097938422482563292 0.62976983673008857 -0.33212936917913699 -0.025833734527631349 0.32617878588917848 -0.01241655478550492 -0.04215656128524696 0.52561231732663816 0.29079530346759386
leaf_weight=60.46245738863945 202.56900519132614 639.73272854089737 110.78678417205811 80.92223185300827 1110.9211072027683 781.41836825013161 1897.4881186187267 407.97256410121918 546.97208547592163 41.240448713302612 560.08362850546837 306.97735059261322 239.83392906188965 62.234676331281662 266.71592137217522 224.70639449357986 303.82488051056862 101.2900952398777 223.57542476058006 174.25629702210426 408.85502326488495 115.07442331314087 672.5167752802372 48.274470210075378 31.923671066761017 324.30489137768745 488.11667469143867 110.3292555809021 72.288220316171646 264.69800281524658 96.453395277261734 58.438253372907639 175.5897950232029 427.4041146337986 660.06482166051865 27.395375192165375 84.559800684452057 184.33193510770798 37.056181639432907 85.870839804410934 204.06708633899689 610.76242172718048 56.083975404500961 110.44481986761093 25.868982374668121 70.440195560455322 47.374547630548477 58.532533288002014
leaf_count=181 465 1055 114 157 1056 2307 3776 731 1064 137 1298 352 96 51 70 456 599 54 723 162 1017 250 459 51 91 710 858 238 111 598 240 96 480 932 2016 95 258 537 127 105 79 229 210 407 96 133 158 57
internal_value=0.000638764 -0.0138927 0.0275814 -0.00104468 -0.0261727 0.005628 0.0364584 -0.0150173 0.0147637 0.00759378 -0.0168618 -0.00405184 -0.035831 0.0150712 -0.0274477 -0.0115985 -0.0231332 -0.00149525 -0.0106204 0.0221198 -0.00499393 -0.0109336 -0.0088075 0.0394721 0.0259765 -0.00878593 0.0190191 0.0193709 0.0293274 0 0.00733479 -0.0330409 -0.0167459 -0.00225422 0.040104 0.00382891 -0.0264949 -0.0292665 0.0321772 0.00445497 0.0300758 -0.0324013 0.0107336 0.0154145 0.000885431 -0.0101799 0.00982827 0.0174755
internal_weight=13901.1 9021.17 4879.93 4427.22 4593.95 2976.86 2860.21 1450.36 2019.72 1258.23 2365.72 683.253 2228.23 1596.47 1117.31 531.684 885.31 565.05 1466.3 574.981 1380.39 418.899 1081.37 2605.83 761.484 425.595 1269.54 151.57 656.316 326.933 299.022 466.411 815.323 650.98 2557.55 254.387 899.416 744.416 584.028 196.658 378.323 877.478 193.924 137.84 105.167 155 73.2435 139.455
internal_count=25542 15516 10026 8649 6867 5995 6736 2654 3290 1643 5416 1183 1451 3814 395 808 1676 978 3190 460 2181 849 1476 5843 1647 764 3165 375 1302 649 705 827 1535 1655 5792 893 2226 1835 1191 219 241 299 712 502 345 391 254 214
is_linear=0
shrinkage=0.0971646


Tree=14
num_leaves=39
num_cat=0
split_feature=18 18 18 10 32 43 14 44 2 37 37 47 13 1 47 49 37 17 3 39 49 1 37 19 37 5 18 10 39 4 0 19 32 47 14 43 49 1
split_gain=547.49 137.71 67.4056 45.7699 25.9226 22.9401 14.2202 13.8154 13.2884 12.0524 11.4421 10.3606 10.1385 10.0539 9.68875 8.98962 7.31159 7.14289 6.89296 6.43486 5.98021 5.09803 4.966 4.0258 3.50942 2.69929 3.10362 2.72718 2.50307 2.42534 2.19473 0.861031 0.813423 0.611243 0.577968 0.528893 0.28785 0.0663219
threshold=80.750000000000014 48.45000000000001 93.450000000000017 24.142401967844037 1.8454005885327252 13.737443864270668 27.285000000000004 1.6737104032554131 -0.5049610547215202 74.137500000000017 88.32916666666668 0.6666666666665152 21.044341903262012 -0.7851528467417368 6.4833333333332197 1007.500615458897 72.670833333333348 13.385000000000003 0.91323839304739363 65.368750000000006 1008.3007422594915 -0.25501072541086661 78.08750000000002 19.565582648007677 75.237500000000026 1.0000000180025095e-35 63.539963495410326 23.18854257687784 85.606250000000017 926.45000000000016 -0.96457698600569208 16.279929466803008 1.4825276821689652 4.1625000000001622 25.635000000000002 21.962882181769476 1008.9012369055591 0.77542559342608797
decision_type=2 2 2 2 2 2 2 2 2 2 2 2 2 2 2 2 2 2 2 2 2 2 2 2 2 2 2 2 2 2 2 2 2 2 2 2 2 2
left_child=1 16 6 11 13 -4 7 9 15 18 -10 19 -9 20 -11 -6 30 -15 -2 29 -5 28 34 -18 -23 27 -27 -13 36 -3 31 -1 -30 -24 37 -32 -8 -7
right_child=2 3 5 4 8 22 21 12 10 14 -12 25 -14 17 -16 -17 23 -19 -20 -21 -22 24 33 -25 -26 26 -28 -29 32 -31 35 -33 -34 -35 -36 -37 -38 -39
leaf_value=-1.1752020803930443 -0.048739816771050708 -0.022075500013617723 0.1090929901204598 0.23492482071237786 -0.27713964492282067 0.51476248996331087 0.30089612801134291 -0.14793990670987126 -0.21885604831822542 0.63241329661401346 0.025585889339014893 0.5419097777516626 0.37424653048328899 0.10159756006237126 0.23682540032846536 -0.31511450254025658 -0.60177259259267213 -0.11605864080476569 0.34762838113494782 0.67781611695429167 -0.0097251484258322803 -0.0063305461803082018 0.72773958445436993 -0.11651624076552104 -0.56067620191112333 -0.36722639189292716 0.055429069880613732 -0.065387513198586794 0.095764109916415124 0.57783972742381307 -1.6753510361987922 -0.15203272508526941 -0.15074025199442942 0.61796190915327498 0.18996589101862354 -0.51868423723949508 0.029404621443467702 0.40805354802002114
leaf_weight=65.636672705411911 286.74746692180634 68.991234421730042 240.80048337578773 180.49146765470505 489.04249596595764 454.26528263092041 98.665900975465775 122.44115227460861 1210.6684966385365 811.84187778830528 360.69461145997047 104.22131869196892 122.31624349951744 104.17848300933838 543.24998977780342 758.87682640552521 142.4780892431736 2172.3180759847164 527.22908443212509 150.40939790010452 355.39310392737389 59.656956017017365 1665.4295582473278 131.2308911383152 79.110668480396271 77.25421604514122 246.72805845737457 69.295270919799805 41.526612937450409 175.78721934556961 1344.2424174547195 66.815213859081268 46.880610287189484 268.77368521690369 36.042347490787506 150.45877054333687 31.454120934009552 39.460606843233109
leaf_count=143 655 132 84 453 979 1051 292 104 2403 1554 697 234 126 30 1858 289 383 3683 997 107 393 194 3563 175 69 233 808 188 131 214 1771 106 66 992 137 62 85 101
internal_value=0.000851293 -0.0146609 0.0247912 -0.00786477 -0.011145 0.0358003 0.0138647 0.0165724 -0.0177751 0.0190771 -0.011297 0.0123208 -0.00386477 -0.00433524 0.024875 -0.0255443 -0.0377139 -0.00724808 0.00884662 0.0241262 0.00721839 -0.00322904 0.0386274 -0.0193912 -0.0182779 0.00200214 -0.00217491 0.0121232 0.00451905 0.0116005 -0.0404928 -0.0199991 -0.00476392 0.0414698 0.0272735 -0.0419802 0.013997 0.0284394
internal_weight=13901.1 8425.21 5475.89 6524.35 5631.66 2704.77 2771.12 2413.83 2819.28 2169.07 1571.36 892.687 244.757 2812.38 1355.09 1247.92 1900.86 2276.5 813.977 395.188 535.885 357.295 2463.97 273.709 138.768 497.499 323.982 173.517 218.527 244.778 1627.15 132.452 88.4072 1934.2 529.768 1494.7 130.12 493.726
internal_count=25542 13483 12059 10843 8927 5928 6131 5294 4368 5064 3100 1916 230 4559 3412 1268 2640 3713 1652 453 846 837 5844 558 263 1463 1041 422 574 346 2082 249 197 4555 1289 1833 377 1152
is_linear=0
shrinkage=0.0971646


Tree=15
num_leaves=35
num_cat=0
split_feature=18 18 18 6 10 1 39 9 10 1 13 49 21 1 14 18 47 1 44 49 47 22 18 22 37 50 40 15 19 6 35 47 44 49
split_gain=472.365 120.08 64.5594 38.3279 23.9627 23.3014 18.7347 15.9531 15.1268 13.5998 12.6351 23.252 12.5933 11.1457 11.8476 11.0783 9.34677 8.19532 7.74659 6.74749 6.21056 5.21681 4.69204 4.43072 4.60214 4.15257 3.68925 2.46118 2.25381 2.27504 1.88259 1.23895 1.13632 0.837362
threshold=80.750000000000014 48.45000000000001 93.450000000000017 -0.27841686570654922 22.357003285339978 -0.04732095011389225 71.627083333333346 1.011206053839983 34.276509654438293 0.14746159171784554 20.428348497900728 1011.7056071948172 23.88237099556169 0.72654786141967487 32.82500000000001 30.850000000000005 68.989166666666662 -0.7851528467417368 0.97987898537945683 1006.1073195669223 10.675000000000029 22.424495219496453 96.350000000000009 11.985925665703517 76.537500000000023 0.84492238311408185 19.791779785878912 27.291786094221553 22.479988411968666 -0.019390332216831372 4.8320071142315797 4.1625000000001622 1.3136547793557922 1012.5261918151126
decision_type=2 2 2 2 2 2 2 2 2 2 2 2 2 2 2 2 2 2 2 2 2 2 2 2 2 2 2 2 2 2 2 2 2 2
left_child=1 15 8 5 30 7 22 17 9 16 11 -11 -9 14 -6 -1 32 -3 -12 -18 -7 28 -4 -8 33 -22 -15 -10 29 -17 -5 -26 -2 -25
right_child=2 3 6 4 13 20 23 12 27 10 18 -13 -14 26 -16 21 19 -19 -20 -21 25 -23 -24 24 31 -27 -28 -29 -30 -31 -32 -33 -34 -35
leaf_value=-2.1947401148192873 0.48080904752701403 0.056549031298607208 0.33721537465087276 0.80158305150550324 0.095183035675964742 0.052580154056135656 -0.10897889658447432 -0.24946453371432051 -0.35827734382805776 -0.27109021252218918 0.028171237931803983 0.44485556918153762 -0.026541523083749682 -0.080865290803756568 -0.43359691159791003 -0.47290471495126518 0.35006773702784272 -0.09894545007747016 0.49690696054290984 -0.089714056323980829 -0.21236812360584995 -0.40311024984162808 -0.035578793287383274 0.26910704564847476 0.64731273278620616 -0.49229987680373394 -0.36276797953869194 -0.025236890623176533 -0.18515972205415696 -0.54763889010365463 0.30370553876891226 0.54080615681096078 0.11667689955699867 0.59220925452083761
leaf_weight=668.26623272895813 785.9790763258934 637.83540794253349 89.49314472079277 157.3192056119442 1265.6574272811413 65.398681819438934 91.61881548166275 725.00454434752464 69.629523694515228 286.42681550979614 368.8021360039711 118.17875131964684 369.49603042006493 664.4922109246254 157.86554962396622 961.2396799325943 339.69178393483162 731.7862221300602 443.91576585173607 193.92970883846283 331.63580656051636 59.403096437454224 84.895825445652008 262.25665825605392 1726.2475832402706 1083.9452428221703 248.6729553937912 72.207314431667328 71.277081966400146 140.67596387863159 85.240991950035095 312.33438470959663 92.359808415174484 137.92555195093155
leaf_count=784 2125 1228 98 197 2412 96 41 493 49 314 991 205 202 1618 92 1471 1162 1663 436 612 792 12 80 747 3642 1446 459 129 60 313 145 1145 108 175
internal_value=0.000798066 -0.0136083 0.0230369 -0.0072569 0.00180802 -0.0132884 0.0338034 -0.0072298 0.0123492 0.0141108 0.00605771 -0.00726998 -0.0159603 -0.00104884 0.00411653 -0.0351383 0.0207247 0 0.0132183 0.00924455 -0.0230463 -0.0285858 0.00042173 0.0359323 0.0368009 -0.0244323 -0.00955397 -0.0169765 -0.0300048 -0.0312441 0.0307436 0.0391043 0.0271598 0.0238053
internal_weight=13901.1 8425.21 5475.89 6524.35 2579.25 3945.1 2704.77 2464.12 2771.12 2629.28 1217.32 404.606 1094.5 2336.69 1423.52 1900.86 1411.96 1369.62 812.718 533.621 1480.98 1232.6 174.389 2530.38 2438.76 1415.58 913.165 141.837 1173.19 1101.92 242.56 2038.58 878.339 400.182
internal_count=25542 13483 12059 10843 4923 5920 5928 3586 6131 5953 1946 519 695 4581 2504 2640 4007 2891 1427 1774 2334 1856 178 5750 5709 2238 2077 178 1844 1784 342 4787 2233 922
is_linear=0
shrinkage=0.0971646


Tree=16
num_leaves=38
num_cat=0
split_feature=18 18 18 6 10 1 43 1 7 18 47 44 42 1 49 14 37 1 12 37 14 9 8 22 6 49 43 40 13 1 49 1 6 47 13 37 10
split_gain=421.742 117.176 61.3787 33.1125 22.7963 18.708 17.4658 15.1576 14.816 12.7233 12.0364 11.8593 11.1363 9.6562 8.72308 8.31189 7.16977 6.42724 6.16831 5.99641 5.59612 5.02599 5.5133 4.43442 4.26297 3.77303 3.63165 3.4883 3.19605 2.68329 2.62192 1.78348 2.02392 1.09446 0.849771 0.251204 0.0383283
threshold=80.750000000000014 48.45000000000001 93.450000000000017 -0.27841686570654922 21.62438757882742 0.41787262833948019 13.737443864270668 0.49002412863433359 9.4550000000000036 34.050000000000004 6.4833333333332197 1.6737104032554131 1.0000000180025095e-35 0.72654786141967487 929.05000000000007 34.485000000000007 74.512500000000017 -0.04732095011389225 26.88002354564853 78.370833333333351 32.82500000000001 -3.5827504078133638 9.8500000000000014 22.424495219496453 -0.5 1013.9500000000002 15.691633675798654 20.219566278818949 16.193418340320392 0.83827194252655779 929.6500000000002 0.30081702196488996 -0.019390332216831372 4.1625000000001622 24.491700836394649 62.745833333333344 29.949071866468763
decision_type=2 2 2 2 2 2 2 2 2 2 2 2 2 2 2 2 2 2 2 2 2 2 2 2 2 2 2 2 2 2 2 2 2 2 2 2 2
left_child=1 9 7 5 -5 8 -4 10 12 35 11 16 -3 15 24 -6 -2 -16 30 25 -10 36 -23 31 -12 28 -20 -15 -8 -28 -9 -11 -33 -21 -35 -1 -7
right_child=2 3 6 4 13 21 19 18 20 23 14 -13 -14 27 17 -17 -18 -19 26 33 -22 22 -24 -25 -26 -27 29 -29 -30 -31 -32 32 -34 34 -36 -37 -38
leaf_value=-1.9323228838566575 0.28473740831589367 -0.5416875505838209 0.0721996591642943 0.80309650591819859 0.07127903585649846 -0.22172743378671084 0.10696878195752355 -0.041126795357711486 -0.1804157049740979 -0.14968063080106542 -0.10080935887203031 -0.083527355423847496 -0.049715216177198152 -0.0795069748314675 0.086599107507375095 -0.64492317178433922 0.55735510938062782 -0.23055469056969216 -0.30112308526749765 0.59413315231205688 -0.52574543134389551 -0.60329332540910863 -0.28622395433799114 -0.36394219669480876 0.40013246648265333 0.61918771597177302 0.42114801906979105 -0.32751976764599494 0.330980755794683 -0.019484485594997675 -0.27715867170693947 -0.38062319332837119 -0.5076077210285852 0.52690156473426009 0.1703273950513419 -1.214523380848193 0.061673039659501196
leaf_weight=720.21611765027046 333.3005722463131 102.82013654708862 240.80048337578773 192.0257593691349 1386.6517949104309 46.718082576990128 114.03432321548462 102.84496754407883 219.14530616998672 111.18907862901688 55.317656248807907 93.954702585935593 2597.205179810524 713.07626995444298 591.13546267151833 74.777352035045624 688.16413202881813 156.75556796789169 50.555711656808853 1652.2794226706028 142.3952562212944 348.82064366340637 454.12819540500641 59.403096437454224 324.56861180067062 161.49515390396118 150.89708682894707 212.71716451644897 277.73914197087288 119.42080774903297 104.20540499687195 809.48930749297142 126.26183432340622 235.44097045063972 22.982468217611313 74.302620410919189 33.869135648012161
leaf_count=800 435 23 84 253 2529 136 187 113 554 227 211 32 4044 1723 1730 31 1230 298 67 3541 34 268 785 12 995 184 511 387 977 402 107 1128 300 866 89 173 76
internal_value=0.000691897 -0.012919 0.0217071 -0.00664535 0.00177109 -0.0122531 0.0322011 0.0112867 -0.00843092 -0.0341834 0.0148028 0.0221438 -0.00573945 -0.00066263 0.0071252 0.00405786 0.025288 0.000424217 -0.00284863 0.0346769 -0.0271477 -0.0249429 -0.0272623 -0.0263194 0.0190963 0.0232842 0.00457884 -0.00856274 0.0158978 0.0100774 -0.0162918 -0.0277808 -0.0295152 0.0377111 0.0250173 -0.0444584 0
internal_weight=13901.1 8425.21 5475.89 6524.35 2579.25 3945.1 2704.77 2771.12 3061.57 1900.86 2243.2 1115.42 2700.03 2387.22 1127.78 1461.43 1021.46 747.891 527.924 2463.97 361.541 883.536 802.949 1106.34 379.886 553.269 320.874 925.793 391.773 270.318 207.05 1046.94 935.751 1910.7 258.423 794.519 80.5872
internal_count=25542 13483 12059 10843 4923 5920 5928 6131 4655 2640 4931 1697 4067 4670 3234 2560 1665 2028 1200 5844 588 1265 1053 1667 1206 1348 980 2110 1164 913 220 1655 1428 4496 955 973 212
is_linear=0
shrinkage=0.0971646


Tree=17
num_leaves=41
num_cat=0
split_feature=10 18 6 1 39 1 0 49 49 47 0 33 48 29 14 31 39 13 27 39 38 29 6 22 7 50 8 14 27 45 32 36 14 49 18 6 13 1 48 1
split_gain=370.559 138.185 48.2719 34.4706 27.9876 22.5963 16.8603 15.967 13.7254 13.439 12.8058 11.5248 11.4614 8.94607 12.4828 9.86501 9.84496 8.68059 7.93049 7.62947 6.91496 6.83439 6.5715 6.47627 5.11938 4.95407 4.9075 4.17459 3.45186 2.1027 1.62714 1.35315 0.992912 0.848569 2.39272 0.589831 0.483814 0.443169 0.333193 0.205308
threshold=23.034065076748806 47.250000000000007 -0.27841686570654922 0.12068463117705984 69.693750000000023 -0.034319876048209338 0.33453465490127215 1008.5006014712652 1008.9012369055591 4.813333333333448 0.49944537339916317 3.0835646219586113 1008.0055982046869 3.4152470498449756 13.385000000000003 2.5972881503027376 76.539583333333354 20.851035805666175 0.86669753815681305 64.160416666666691 7.9765731621763498 2.3052728144374419 -0.27841686570654922 8.6527330750484239 8.9509350036028508 1.2726703239422301 11.761192136051251 29.971236347740607 0.41798039214789184 14.67393830240337 2.4878856484959693 1.5434808993636624 31.925000000000004 1014.7500000000001 86.65000000000002 -0.019390332216831372 20.428348497900728 -0.30270175173618613 930.25000000000011 -0.11593352601052358
decision_type=2 2 2 2 2 2 2 2 2 2 2 2 2 2 2 2 2 2 2 2 2 2 2 2 2 2 2 2 2 2 2 2 2 2 2 2 2 2 2 2
left_child=3 8 5 9 18 10 7 -6 26 33 12 -10 -3 14 -5 -16 -17 -8 25 24 -12 31 28 -20 -7 -4 32 -21 -13 -15 39 37 -2 34 -1 -28 -33 -11 -36 -23
right_child=1 2 4 13 6 19 17 -9 11 21 20 22 -14 29 15 16 -18 -19 23 27 -22 30 -24 -25 -26 -27 35 -29 -30 -31 -32 36 -34 -35 38 -37 -38 -39 -40 -41
leaf_value=0.30150225239255768 -0.079510225803007151 -0.028011697378176447 -0.056227451535649099 0.4358127156586038 0.21635914310664567 -0.31855276506516939 -0.039353931058609501 -0.066760055932233997 0.15177400875569863 0.37679786724901693 0.23613720858403539 -0.13773364952277767 -0.14244153921839994 0.15672776018155429 0.47807100059611274 -0.11136490359088877 0.20666224896778007 0.35690691801558877 0.15429165950883836 -0.22378852212347194 -0.16820537891745488 0.51282847970006995 -0.0079586726944428001 -0.025092363933656853 0.048668337064580076 -0.43537733314698196 -1.5801530977445686 -0.4844835071232732 -0.4184317257537713 0.43818855801194961 0.096925664128730091 -0.10237814710927402 -0.35606322353585218 0.71130103957912016 0.5752704271280672 -0.77567664388103486 0.16370423024658295 0.15196350238499506 0.36150782433149831 0.28734931752274845
leaf_weight=62.294738739728928 54.733631163835526 1237.5165936648846 217.33756557106972 181.69803032279015 1110.3677155673504 167.23555564880371 48.919847249984741 602.99957337975502 75.454780131578445 72.556855082511902 310.94709473848343 96.718895703554153 952.33301368355751 44.15859591960907 153.51109021902084 456.32713451981544 163.96093341708183 365.21941870450974 89.727489233016968 527.93132176995277 120.05322703719139 362.58913883566856 73.510266929864883 1254.85467004776 93.27104127407074 208.09192606806755 1017.0066788196564 733.08886471390724 296.83527752757072 461.79418361186981 51.717184752225876 55.059659689664841 91.437984198331833 489.96140432357788 817.55722212791443 84.103837192058563 104.67880126833916 30.292081296443939 488.42048928141594 74.831166476011276
leaf_count=81 137 1807 384 56 3183 353 36 1530 88 271 969 166 869 46 154 661 356 889 36 1306 259 1186 120 2444 62 296 1347 497 268 1051 142 105 108 425 2106 204 315 72 968 189
internal_value=0.000781602 -0.00939662 -0.00389571 0.0254487 0.00378325 -0.0112212 0.0113491 0.0067435 -0.0338211 0.0322518 -0.00551858 -0.0191602 -0.00863381 0.0129666 0.00675901 0.000766669 -0.00413939 0.0291946 -0.00507383 -0.020734 0.0092764 0.0198696 -0.0251616 -0.00106038 -0.00352223 -0.0166661 -0.0397954 -0.0239352 -0.0301151 0.0237422 0.0268862 0.00503622 -0.0169792 0.0369915 0.0338055 -0.0423833 0 0.0135767 0.0348298 0.0290278
internal_weight=13901.1 9829.7 8039.89 4071.41 3897.52 4142.38 2127.51 1713.37 1789.8 2609.96 2620.85 542.519 2189.85 1461.45 955.497 773.799 620.288 414.139 1770.01 1521.53 431 751.725 467.064 1344.58 260.507 425.429 1247.28 1261.02 393.554 505.953 489.137 262.587 146.172 1858.23 1368.27 1101.11 159.738 102.849 1305.98 437.42
internal_count=25542 17358 14920 8184 8798 6122 5638 4713 2438 5860 3904 642 2676 2324 1227 1171 1017 925 3160 2218 1228 2280 554 2480 415 680 1796 1803 434 1097 1517 763 245 3580 3155 1551 420 343 3074 1375
is_linear=0
shrinkage=0.0971646


Tree=18
num_leaves=39
num_cat=0
split_feature=10 18 1 32 50 18 1 16 30 39 46 1 27 37 45 39 1 26 9 12 46 35 14 13 49 8 18 37 23 16 23 10 20 11 50 18 43 33
split_gain=336.095 115.077 43.2712 43.1364 21.883 16.7509 16.6114 14.2927 13.5476 15.445 13.245 12.4694 20.1973 10.0886 9.46527 8.58248 8.08689 6.93855 7.35706 5.48426 5.39496 5.29511 7.34675 6.62396 4.95938 4.83846 4.53527 4.38863 4.1595 3.37217 3.29717 3.07898 2.08438 1.99111 1.31242 0.964613 0.816134 0.437809
threshold=24.711800409630452 39.150000000000013 0.14746159171784554 1.4207961372743043 0.72413327934993277 87.450000000000017 0.44236413956135423 23.855000000000004 22.614398202251341 66.514583333333348 1.2186724831049809 -0.42109697129093543 1.0618310077784316 69.762500000000017 24.139986055214081 84.752083333333346 0.22543074652937647 11.531433387294726 5.2233646409586632 21.999182244335568 1.8824999743544619 2.7235968828588577 26.525000000000002 23.90042456351652 927.05000000000007 8.3350000000000009 74.907448778798752 78.929166666666688 15.272773318226742 17.655000000000005 14.695340654494862 17.629858516408245 16.923094150889707 34.29555675833651 1.4732596576235657 64.65000000000002 16.067536974174178 1.0822741903575837
decision_type=2 2 2 2 2 2 2 2 2 2 2 2 2 2 2 2 2 2 2 2 2 2 2 2 2 2 2 2 2 2 2 2 2 2 2 2 2 2
left_child=2 13 5 6 7 19 21 25 10 24 30 14 -13 33 -6 -9 -11 -8 -19 35 29 22 -3 -23 34 -5 -18 -12 -26 -7 -4 -31 -32 -2 -10 -1 -37 -21
right_child=1 3 8 4 11 20 17 15 9 16 27 12 -14 -15 -16 -17 26 18 -20 37 -22 23 -24 -25 28 -27 -28 -29 -30 31 32 -33 -34 -35 -36 36 -38 -39
leaf_value=-0.20223447472860101 -1.5280104049711754 0.21342765603442374 0.20894718086002984 0.050425857399464181 -0.13724119412567359 0.17098649821719755 0.070930219769244726 0.10136229095796884 -0.0035479942912520586 -0.14828952893335717 -0.32126337730138965 -0.31708270301637614 -0.056972362601155103 -0.16527783608503316 0.034496894224717398 -0.082230944528670621 0.057291222037757855 -0.12899505602368541 -0.26550969696332355 0.19787036101215813 -0.095724364686538499 -0.070996280694061747 -0.062327499951184993 0.21502877737180667 0.38869828757278108 -0.26436582733975245 0.42337399225344435 -0.080635084240402846 -0.02549125521289437 0.57040603376745469 -0.049139317656752349 0.40466639339229526 0.30943967477475787 -0.9115982233044112 -0.23594523409304105 -0.038336132177478555 0.17345081753241659 0.43021850129213918
leaf_weight=46.48748767375946 949.81690433621407 353.67778807878494 64.789938718080521 112.90765973925591 898.546396702528 106.0075660943985 155.56174206733704 430.70432418584824 179.08087807893753 82.639978557825089 123.06747132539749 2098.7799598276615 711.66151076555252 78.161252349615097 383.00836911797523 120.50778958201408 80.383365243673325 597.46230307221413 126.46815869212151 44.642061769962311 45.594300299882889 156.61260229349136 646.10960268974304 764.50738951563835 236.31636229157448 324.82005622982979 761.36653745174408 134.2827565073967 192.15291428565979 1081.7010740041733 97.753391802310944 1138.2074838876724 96.815125823020935 80.126597851514816 122.09775641560555 76.431215792894363 160.48506492376328 211.63554680347443
leaf_count=147 1145 1356 42 338 1455 139 57 613 422 150 97 2803 1369 169 296 130 211 1353 61 167 40 210 1145 1414 229 815 1318 79 514 1763 175 3592 211 94 241 199 574 437
internal_value=0.000421982 -0.0108368 0.0204162 -0.00664203 -0.011993 0.0282338 0.00291673 0.000566697 0.00971132 0.0140491 -0.00335412 -0.0151308 -0.0188399 -0.0401894 -0.00663948 0.0113535 0.0224452 -0.00788263 -0.0121431 0.0114211 0.0318608 0.00808764 0.00263313 0.0135184 0.00278114 -0.0120332 0.0253577 -0.0194802 0.00986056 0.0325093 0.0110603 0.0334321 0.00212277 -0.0427737 -0.00588533 0.000473185 0.00434242 0.0217363
internal_weight=14071.4 8989.44 5081.94 7881.34 5080.94 2911.19 2800.4 988.94 2170.75 1654.04 516.709 4092 2810.44 1108.1 1281.55 551.212 924.39 879.492 723.93 539.681 2371.51 1920.91 999.787 921.12 729.648 437.728 841.75 257.35 428.469 2325.92 259.358 2219.91 194.569 1029.94 301.179 283.404 236.916 256.278
internal_count=25570 14823 10747 13415 7819 7058 5596 1896 3689 3085 604 5923 4172 1408 1751 743 1679 1471 1414 1524 5534 4125 2501 1624 1406 1153 1529 176 743 5494 428 5355 386 1239 663 920 773 604
is_linear=0
shrinkage=0.0971646


Tree=19
num_leaves=42
num_cat=0
split_feature=10 33 6 1 6 6 1 37 1 23 29 22 19 37 31 31 12 7 31 6 24 22 19 34 30 39 49 49 1 33 37 1 41 10 12 21 16 10 39 17 47
split_gain=303.276 78.7533 38.0708 37.3329 33.3675 23.2798 16.5522 16.3875 11.7446 9.62698 12.2997 9.60979 11.3853 8.48955 7.76021 9.31416 7.53081 7.00943 8.91416 5.61724 7.35202 5.41197 6.80152 5.90632 4.93592 7.00204 4.56173 4.41535 3.83622 3.6144 2.77682 2.58467 2.50469 2.91429 2.3522 2.31596 1.4948 1.00288 0.641235 0.333157 0.1829
threshold=24.711800409630452 3.8938579687458592 -0.39555335016605758 0.14746159171784554 -0.30382685462602216 -0.5 -0.42109697129093543 66.312500000000014 0.70075845884162402 11.531433387294726 3.0041519165858541 10.764671502136329 22.479988411968666 74.859844546396374 2.5972881503027376 3.0805213559482296 27.002742145190012 5.2800000000000038 4.325806866054668 -0.97454454254772638 24.489849289805811 8.6527330750484239 17.05514167477752 19.991875000000004 22.614398202251341 65.368750000000006 1007.3032324491741 1012.7343122441708 -0.04732095011389225 2.7487977397726957 84.71250000000002 -0.20314193112455323 23.133952928680742 38.197406056935115 24.988611488540226 22.935103529033448 18.535000000000004 21.62438757882742 77.227083333333354 34.025000000000013 64.610833333333332
decision_type=2 2 2 2 2 2 2 2 2 2 2 2 2 2 2 2 2 2 2 2 2 2 2 2 2 2 2 2 2 2 2 2 2 2 2 2 2 2 2 2 2
left_child=3 4 7 5 6 36 19 -3 11 -5 14 -6 -13 34 29 -16 39 28 -19 26 -21 -4 23 -23 30 -26 -2 31 -8 -11 -12 -15 33 -10 38 -24 -1 40 -7 -9 -38
right_child=1 2 21 9 8 13 17 16 32 10 24 12 -14 27 15 -17 -18 18 -20 20 -22 22 35 -25 25 -27 -28 -29 -30 -31 -32 -33 -34 -35 -36 -37 37 -39 -40 -41 -42
leaf_value=-0.23020938522447998 0.048757943915470101 -1.3818560121698193 0.094118863893140878 0.27165021383935073 0.50912921913627285 -0.25204641824153889 0.062308827569995583 -0.38050103462040985 -0.10187744152217891 -0.056330812389358942 -0.056275418640293472 -0.090073633961789287 0.13230263880220525 0.41337709868253292 -0.32552835852385681 0.01110167971394172 0.0030415313391515225 -0.40659963309184094 -0.1388849686054788 0.031753268279273078 -0.13351416213031717 0.13386724425683208 0.027917000855613317 -0.38262701938194954 0.0831331688056485 0.46586454390801657 -0.12576185317402228 0.58676446233451596 -0.20513732795247142 0.22930640203884917 0.307728047939194 0.23714369780956049 0.14729570511921733 -0.42573373902182493 0.3737596851674127 -0.40051716762923489 0.25555678196840631 -0.019776055960170062 0.15754429497924372 -0.18052923932742779 0.0621195208341229
leaf_weight=65.465513288974762 90.525630980730057 913.22617265582085 46.407882571220398 165.22415673732758 253.90495213866234 39.410685271024704 167.76186561584473 472.39064231514931 432.61355856060982 102.99694857001305 130.33893212676048 471.13316434621811 1183.1508002579212 1214.9543924629688 160.83262151479721 636.23355823755264 56.285378366708755 663.74737539887428 1206.0453560054302 967.91679519414902 442.25032672286034 47.835160553455353 387.51976636052132 381.10553538799286 161.30712303519249 417.29661044478416 265.09264540672302 540.24109214544296 333.02205955982208 329.40626311302185 67.110262721776962 425.31659570336342 48.003554433584213 44.648229449987411 247.58369010686874 58.203450351953506 71.320185720920563 122.12478306889534 159.10028147697449 56.650104463100433 25.674582004547119
leaf_count=206 211 911 32 39 70 72 281 886 1161 144 164 1051 3242 3773 199 1166 23 734 1394 1842 272 70 747 875 432 1089 165 722 638 350 106 551 126 12 532 27 258 442 404 53 98
internal_value=0.000650947 -0.0100422 -0.0250551 0.0196447 -0.00443912 0.0269176 -0.0097804 -0.0347005 0.00446565 0.00967089 0.00750654 0.00811797 0.00506881 0.029775 0.00107633 -0.00422044 -0.0204068 -0.0151161 -0.0179204 -0.00236247 0.000101613 -0.00883888 -0.010898 -0.0196959 0.0171025 0.0217092 -0.0132426 0.0324854 -0.00375414 0.011782 0.00135126 0.0289358 -0.00796544 -0.0105526 0.0154479 -0.0014051 0 0.00436295 0.00450419 -0.0242356 0.0117033
internal_weight=14071.4 8989.44 2419.62 5081.94 6569.82 2911.19 4136.36 1498.55 2433.45 2170.75 2005.52 1908.19 1654.28 2626.61 1229.47 797.066 585.326 2370.58 1869.79 1765.79 1410.17 921.072 874.664 428.941 776.053 578.604 355.618 2180.51 500.784 432.403 197.449 1640.27 525.265 477.262 446.095 445.723 284.585 219.12 198.511 529.041 96.9948
internal_count=25570 14823 3624 10747 11199 7058 5537 1873 5662 3689 3650 4363 4293 6054 1859 1365 962 3047 2128 2490 2114 1751 1719 945 1791 1521 376 5046 919 494 270 4324 1299 1173 1008 774 1004 798 476 939 356
is_linear=0
shrinkage=0.0971646


Tree=20
num_leaves=36
num_cat=0
split_feature=10 18 18 32 38 45 10 26 25 1 50 9 9 13 36 6 27 22 27 49 49 37 6 27 6 48 4 14 4 48 1 2 25 16 47
split_gain=267.797 107.828 37.7981 29.9817 18.1918 14.5929 13.6228 15.0403 18.756 13.2509 12.5034 11.9387 10.9221 10.2712 9.42226 9.03479 8.25377 8.19896 6.39139 6.38097 5.82377 5.41228 5.32484 5.03656 3.54729 2.97763 2.8155 2.66882 2.63 1.75908 1.74591 2.03491 1.12465 0.730103 0.0206785
threshold=24.711800409630452 34.050000000000004 94.65000000000002 1.4207961372743043 14.06237992934539 13.585789816517179 18.64015492312771 13.56135007199034 20.621679756279793 -0.04732095011389225 1.0150000000000003 5.2233646409586632 3.8842792645422066 23.629730093082944 5.5842785224738902 -0.30382685462602216 1.4864394403314911 11.25530734445819 0.22866553712507384 927.6500000000002 1005.9500000000002 75.237500000000026 -0.50008149503200283 0.091111987455019888 -0.27841686570654922 1014.6500000000002 1004.8082354374412 14.175000000000002 1013.85 926.6229653008902 0.46459913687673576 0.98043284291745803 18.194710299765124 17.655000000000005 19.433333333333184
decision_type=2 2 2 2 2 2 2 2 2 2 2 2 2 2 2 2 2 2 2 2 2 2 2 2 2 2 2 2 2 2 2 2 2 2 2
left_child=2 26 6 9 10 -4 24 19 14 15 23 16 -12 -11 -9 20 -6 -15 -17 -8 -3 28 -10 -5 32 33 -2 -21 29 -7 31 -26 -1 -23 -34
right_child=1 3 5 4 11 21 7 8 22 13 12 -13 -14 17 -16 18 -18 -19 -20 27 -22 25 -24 -25 30 -27 -28 -29 -30 -31 -32 -33 34 -35 -36
leaf_value=-0.11941728798973812 -1.3748758026816932 0.21434562796149442 -0.063413974266929421 -0.080857964966501716 -0.3176865406141815 0.37674666470101842 0.071827002130250783 -0.21749339407050808 -0.036778760985232445 -0.15866637995374988 -0.15054730765524488 0.06159561269001089 0.026800389238626439 0.11722328187947172 0.02063097332202846 0.077867859210988322 0.12132750794578964 -0.087205721103125217 0.24749583355630547 0.49137951998850155 -0.096632347179259295 0.12140373207407791 0.33821024403715461 0.025682622197721387 0.48018609359539782 0.53458956009899017 -0.38007741526799188 0.18689744889358373 0.33943303594917612 -0.087857171679927418 0.28233875404138509 0.23889141485558016 0.20718508700154087 0.35152651208758345 0.13474604960695474
leaf_weight=42.384172707796097 789.76808720827103 210.2059790790081 155.37338095903397 182.79188483953476 1606.4641494750977 58.104439496994019 132.83366191387177 395.85135769844055 134.58725789189339 150.17851719260216 1786.9537988901138 91.666334837675095 292.58664593100548 410.99298685789108 621.12904459238052 326.01042342185974 107.68880325555801 917.44191312789917 439.30603638291359 210.80155646800995 364.89231017231941 42.741532653570175 564.43202444911003 1229.9565591812134 291.72339633107185 413.28785306215286 82.535977244377136 155.81576961278915 99.76041978597641 73.402253478765488 96.656666398048401 182.84151694178581 62.636440932750702 1317.3818732202053 30.193659156560898
leaf_count=73 924 637 66 396 2619 231 119 725 478 155 2690 31 145 193 1514 847 295 2167 1238 64 403 27 1895 1992 461 384 91 151 131 161 150 202 174 3629 112
internal_value=0.000971461 -0.0090743 0.0188202 -0.00551749 -0.00983952 0.0286941 0.0113529 0.0073045 0.00268521 0.00245599 -0.00555817 -0.0178604 -0.0103686 -0.00367773 -0.00542792 0.00953285 -0.0197962 -0.000598781 0.0164291 0.0222151 0 0.0309142 0.0150693 0.00122823 0.0233629 0.0329496 -0.0415519 0.0288752 0.0132628 0.000565947 0.0269652 0.0299466 0.00480191 0.029463 0.0119712
internal_weight=14071.4 8989.44 5081.94 8117.14 5298.11 2160.05 2921.89 2215.45 1716 2819.03 3492.29 1805.82 2079.54 1478.61 1016.98 1340.41 1714.15 1328.43 765.316 499.451 575.098 2004.68 699.019 1412.75 706.436 1773.41 872.304 366.617 231.267 131.507 571.222 474.565 135.214 1360.12 92.8301
internal_count=25570 14823 10747 13808 8168 4629 6118 4946 4612 5640 5223 2945 2835 2515 2239 3125 2914 2360 2085 334 1040 4563 2373 2388 1172 4040 1015 215 523 392 813 663 359 3656 286
is_linear=0
shrinkage=0.0971646


Tree=21
num_leaves=38
num_cat=0
split_feature=14 19 18 6 3 45 32 37 39 40 3 19 4 39 9 14 39 6 42 46 22 17 17 33 25 17 50 48 15 38 37 49 35 18 0 44 21
split_gain=241.918 103.375 51.9355 21.8135 21.4562 16.8201 14.4421 13.8777 8.61941 7.12211 7.63081 7.02381 6.16685 10.3383 5.6707 11.2554 7.43846 5.56606 7.31569 8.10237 4.04467 3.65445 3.54068 3.21985 6.71595 3.17432 2.98286 2.58405 2.43186 2.23954 2.16977 1.91203 1.77177 0.812091 1.00469 0.667692 0.418512
threshold=25.935000000000006 17.05514167477752 95.250000000000014 -0.5 1.4905370041889938 13.871441136980929 1.4207961372743043 74.512500000000017 67.952083333333348 20.955136674564304 1.2004268983444495 15.72261470646197 1015.6500000000002 78.677083333333357 2.6080873872686721 30.815000000000001 74.54791666666668 -0.30382685462602216 1.0321460462746244 0.50619845116245288 8.6527330750484239 32.805000000000007 31.205000000000002 3.4632468558702763 23.457666212641406 31.005000000000006 2.2150000000000003 1015.9500000000002 24.035000000000004 6.3314989303804294 74.512500000000017 928.05000000000007 4.2611975994876827 64.65000000000002 0.25881904510252057 0.47262174067608692 11.265229423478905
decision_type=2 2 2 2 2 2 2 2 2 2 2 2 2 2 2 2 2 2 2 2 2 2 2 2 2 2 2 2 2 2 2 2 2 2 2 2 2
left_child=2 21 3 11 17 -4 22 9 29 10 -5 27 13 32 15 -8 -16 18 19 -3 -10 -2 26 25 -25 -19 -6 36 -20 -9 -15 -11 -7 34 -13 -35 -1
right_child=1 4 5 7 6 12 14 8 20 31 -12 33 -14 30 16 -17 -18 23 28 -21 -22 -23 -24 24 -26 -27 -28 -29 -30 -31 -32 -33 -34 35 -36 -37 -38
leaf_value=-0.30370423753544556 -0.70321856855513187 -0.14414233081358113 -0.0088781099640013877 0.016500146721129209 -0.0051478757413095473 0.25178518283369766 -0.12833540956130826 -0.20047052826891548 0.62655664125674926 -0.11391842465436487 0.15846632904696295 0.065643859216474698 0.48752484137767715 0.15264627116185603 0.0069853154945887534 -0.33013719847155049 -0.26203604807571301 0.093828530867025958 -0.064516846099791081 0.0097160966528542104 0.23138156077130437 -1.2547312395361885 0.11329848847016942 0.034801624739274832 -0.10721982411880615 0.17013728414397791 -0.68571846758868649 0.053144706491469053 -0.26656645328047329 0.83045748685094178 0.34877184555365787 0.012535249726294455 -0.013428856639846918 -0.035538428412267821 -0.16320413402808018 0.083767397606388364 -0.42736212675138469
leaf_weight=30.127252668142319 464.00234642624855 658.53183674812317 199.02527445554733 884.32604795694351 209.68551295995712 93.746460378170013 458.15780743956566 78.514175295829773 97.341397523880005 223.52724221348763 1081.1752826869488 31.982400983572006 418.11413300037384 72.458322137594223 328.95943740010262 892.11425629258156 215.62699547410011 739.70637607574463 102.21203392744064 1591.7399089634418 1445.0427747368813 681.56253197789192 193.0275807082653 278.42013648152351 107.09756079316139 89.366661667823792 62.089260131120682 30.478593111038208 80.469275563955307 80.316777557134628 1198.6921281814575 86.161185085773468 126.82983466982841 178.21594214439392 116.12678593397141 251.82207870483398 194.58507639169693
leaf_count=86 1313 562 75 1960 427 267 890 56 18 361 1664 93 358 238 153 568 89 2276 188 2543 3359 607 118 567 105 100 68 93 39 122 3443 149 156 599 333 925 602
internal_value=0.000931912 -0.011563 0.0139108 0.00819884 -0.00636765 0.026706 -0.0136058 0.0112301 0.0179925 0.00596941 0.00822941 -0.00574365 0.0295032 0.0256805 -0.0173811 -0.020966 -0.0076469 -0.00156095 -0.00432247 -0.00257455 0.0202367 -0.0383477 0.000885677 0.00361719 -0.00295154 0.00718413 -0.00520869 -0.0190706 -0.0231654 -0.00113488 0.0291144 -0.00695071 0.00385761 0 -0.00591708 0.0023425 -0.0227926
internal_weight=14071.4 7152.77 6918.61 4809.74 6007.2 2108.87 2359.66 3976.4 1701.22 2275.19 1965.5 833.338 1909.84 1491.73 1894.86 1350.27 544.586 3647.54 2432.95 2250.27 1542.38 1145.56 464.802 1214.59 385.518 829.073 271.775 255.191 182.681 158.831 1271.15 309.688 220.576 578.147 148.109 430.038 224.712
internal_count=25570 10613 14957 10420 8693 4537 2313 7689 3555 4134 3624 2731 4462 4104 1700 1458 242 6380 3332 3105 3377 1920 613 3048 672 2376 495 781 227 178 3681 510 423 1950 426 1524 688
is_linear=0
shrinkage=0.0971646


Tree=22
num_leaves=33
num_cat=0
split_feature=10 18 32 1 22 47 1 49 1 50 4 9 16 16 10 11 34 29 34 37 46 1 8 4 4 25 16 48 31 35 35 47
split_gain=212.781 110.174 25.6342 24.9322 15.1153 12.5444 11.1265 12.3247 11.0726 9.91552 9.28106 8.76263 7.66225 7.48629 7.32288 7.05528 7.03349 8.28839 6.92789 5.88009 5.00809 4.84975 4.59798 4.23358 4.14622 2.7843 2.37602 2.07325 2.01025 0.648104 0.620137 0.489112
threshold=23.780697844508108 34.050000000000004 1.7916700775027399 0.14746159171784554 9.5739094293819011 4.813333333333448 -0.04732095011389225 1007.3032324491741 0.20088869483109786 1.093082008998348 1015.6500000000002 2.6080873872686721 21.945000000000004 23.855000000000004 37.095007650148197 19.037232762704658 18.15229166666667 3.0041519165858541 28.620625000000004 80.679166666666688 0.50619845116245288 0.46459913687673576 15.700000000000003 932.25000000000011 1004.8082354374412 21.494353111693666 18.815000000000001 930.25000000000011 5.0989197960499819 4.0029640625691263 3.2819396404328729 60.231666666666747
decision_type=2 2 2 2 2 2 2 2 2 2 2 2 2 2 2 2 2 2 2 2 2 2 2 2 2 2 2 2 2 2 2 2
left_child=3 24 4 5 -3 10 7 -6 -5 13 19 14 -8 21 -11 26 -10 22 -13 25 -15 -4 -18 30 -2 -1 -7 -21 -19 -25 -17 -28
right_child=1 2 9 8 6 15 12 -9 16 11 -12 18 -14 20 -16 23 17 28 -20 27 -22 -23 -24 29 -26 -27 31 -29 -30 -31 -32 -33
leaf_value=-0.0050835629248166987 -1.1252936152332302 0.15497747875519124 -0.062483602417475706 -0.22992304858600285 0.17811427116727216 -0.14636316598775168 -0.24031712918659137 -0.023381058963061099 0.27061832583121226 -0.15241083427701066 0.44987099021794319 -0.32645203928523858 -0.03558344829295676 -0.12212454324490646 -0.28078425379610283 0.37551210544706815 -0.061382417376085928 0.39088781007898177 0.012153868965240053 0.38489030319364137 0.030554067996391987 -0.52503358269023792 0.20740689270660928 -0.021461098482536922 -0.31106968413853753 0.27982023246657717 0.1494244555570608 0.1519376311173298 0.16349838034518857 0.2274452653673254 0.2214871403136747 -0.011814203443862577
leaf_weight=138.51734533905983 790.26808720827103 343.15465843677521 561.46311721205711 187.36468550562859 990.29775062203407 64.800863057374954 332.96375474333763 1114.1313056051731 182.82150933146477 1233.6633021533489 418.00422722101212 223.64894384145737 1638.1745800077915 307.19079223275185 591.35618683695793 323.48472782969475 480.74530985951424 380.95161750912666 453.99723422527313 756.5044678747654 799.51591584086418 203.00223338603973 200.10026425123215 80.061920791864395 82.535977244377136 97.775282561779022 117.1982262134552 459.926722407341 260.37510594725609 89.775201320648193 92.598059862852097 75.009308367967606
leaf_count=201 926 132 1556 163 2908 145 695 1780 100 2730 342 146 3183 207 252 1101 863 722 180 1955 1134 511 234 214 91 325 411 919 697 209 254 284
internal_value=0.000698778 -0.00733676 -0.00400783 0.0184159 0.00112624 0.0242777 -0.000426738 0.00436954 0.00873854 -0.00928931 0.0289291 -0.0133541 -0.00576237 -0.00361237 -0.0169146 0.0133844 0.0116624 0.0086902 -0.00310578 0.0244515 0.00115444 -0.0110468 0.000550281 0.0192464 -0.0402561 0.00760081 0 0.027348 0.0166266 0.00313252 0.0247359 0.0053957
internal_weight=14071.4 9665.36 8792.56 4406.01 4418.72 2713.66 4075.57 2104.43 1692.36 4373.84 1870.73 2502.67 1971.14 1871.17 1825.02 842.928 1504.99 1322.17 677.646 1452.72 1106.71 764.465 680.846 585.92 872.804 236.293 257.008 1216.43 641.327 169.837 416.083 192.208
internal_count=25570 16431 15414 9139 8698 6360 8566 4688 2779 6716 3742 3308 3878 3408 2982 2618 2616 2516 326 3400 1341 2067 1097 1778 1017 526 840 2874 1419 423 1355 695
is_linear=0
shrinkage=0.0971646


Tree=23
num_leaves=38
num_cat=0
split_feature=47 18 1 1 9 0 4 4 2 1 13 45 48 2 48 48 1 6 2 39 18 46 44 10 47 2 26 39 1 19 4 47 30 2 14 31 22
split_gain=186.182 92.8045 52.3863 22.1705 17.8485 14.4406 12.7637 12.2815 11.6973 14.1977 10.0744 9.7495 8.36161 8.26236 8.30138 8.04593 11.943 6.9013 6.6672 6.63013 5.89268 5.79414 5.6087 5.57925 4.3591 4.1099 3.90318 3.72303 3.51009 3.42455 2.50679 2.17189 1.80828 0.210419 0.119892 0.0911457 0.0247246
threshold=80.644999999999897 34.050000000000004 0.14746159171784554 0.41787262833948019 3.1304512874435635 -0.86484280769030641 1015.6500000000002 1013.6500000000002 0.97690230611205509 0.8217814666189438 17.383446993842924 22.665763264377578 1004.8444486187074 -0.58989821594007685 1008.0055982046869 929.6500000000002 -0.098819223632317363 -0.27841686570654922 -0.44437817810461328 52.206250000000011 47.250000000000007 1.8824999743544619 0.64629318086722964 38.197406056935115 0.6666666666665152 0.99962961997441069 25.526194613454845 74.902083333333351 0.14746159171784554 18.342713415487925 1004.8082354374412 5.6458333333334005 30.783040334360773 -0.56287810654187398 32.175000000000004 4.4374956516261426 17.497380067136088
decision_type=2 2 2 2 2 2 2 2 2 2 2 2 2 2 2 2 2 2 2 2 2 2 2 2 2 2 2 2 2 2 2 2 2 2 2 2 2
left_child=2 19 6 5 11 12 15 8 9 10 -4 18 28 14 -7 17 21 33 -5 -2 -6 -17 -15 -14 27 -19 -13 -9 -3 -11 34 -8 -18 -1 -21 -26 -37
right_child=1 3 7 4 20 13 31 24 -10 29 -12 26 23 22 -16 16 32 25 -20 30 -22 -23 -24 -25 35 -27 -28 -29 -30 -31 -32 -33 -34 -35 -36 36 -38
leaf_value=-0.13461109032260088 -1.0461404027560026 0.21859980358202416 -0.087595086147222181 -0.016725330305644114 -0.11003242294710702 -0.065471015700138746 0.4061594476288089 0.372487755470301 -0.34233852061862469 -0.29239203783320039 0.14887667171225394 -0.28515897144931274 0.030314870678585747 0.038099860189775861 -0.20540768496098888 0.18455554587433859 -0.13734501272301966 0.36359661291459922 -0.26715642469636774 -0.44784334316006041 0.048882855927639662 -0.28688962365254345 -0.040405208702775607 -0.080822986608165961 -0.14959852430858772 -0.04380172492833169 -0.4432914125184847 0.09419821572295814 -0.021373481098146047 0.019272396155803086 -0.12538147794850429 0.20036945410714088 0.14254274177091888 0.17093659163438613 -0.76627193003256999 0.24820433121711152 0.010000456959783566
leaf_weight=52.202373027801514 676.92607015371323 635.2238644361496 174.08963942527771 380.28771632909775 216.88633102178574 1209.3419122695923 426.49101340770721 196.29242104291916 225.26669308543205 371.01691833138466 1780.4797127842903 172.5775360763073 462.61587417125702 861.1944671869278 478.33111262321472 1177.9221286773682 138.60462209582329 898.44920080900192 980.6977019906044 64.56065559387207 320.58150684833527 44.533637195825577 857.22080433368683 87.561370462179184 32.552503138780594 31.472965925931931 341.84593436121941 71.331010907888412 126.14077943563461 190.76330688595772 54.611972689628601 80.413985341787338 57.074545651674271 66.174291104078293 72.053352564573288 30.206864446401596 27.381889015436172
leaf_count=199 674 1801 179 780 87 1574 353 245 106 1034 2469 239 1315 1731 298 3105 204 2607 2271 177 156 16 1516 41 105 37 139 91 298 694 65 235 210 239 87 96 97
internal_value=0.000419202 -0.00928654 0.0132716 -0.00555667 -0.0131513 -0.00157602 0.0225133 0.00425493 0.00186365 0.00391099 0.0079417 -0.0176431 0.00694244 -0.00498452 -0.00981003 0.0192196 0.0137379 0.0261689 -0.0127235 -0.039307 0.00174329 0.0174077 0 -0.00150141 0.0212288 0.0290094 -0.0296846 0.0274379 0.0135844 -0.00932491 -0.0186281 0.037495 -0.00695692 0.000174183 -0.0255392 0 0.00376853
internal_weight=14071.4 7998.66 6072.72 7130.51 2412.88 4717.63 2973.34 3099.38 2741.62 2516.35 1954.57 1875.41 1311.54 3406.09 1687.67 2466.43 1418.13 1048.3 1360.99 868.152 537.468 1222.46 1718.42 550.177 357.765 929.922 514.423 267.623 761.365 561.78 191.226 506.905 195.679 118.377 136.614 90.1413 57.5888
internal_count=25570 13249 12321 12246 3672 8574 7205 5116 4482 4376 2648 3429 3455 5119 1872 6617 3535 3082 3051 1003 243 3121 3247 1356 634 2644 378 336 2099 1728 329 588 414 438 264 298 193
is_linear=0
shrinkage=0.0971646


Tree=24
num_leaves=32
num_cat=0
split_feature=10 18 14 49 43 19 26 38 19 23 18 6 18 4 12 45 39 23 6 2 39 35 4 10 16 36 19 36 3 26 26
split_gain=158.566 95.7156 29.4763 24.6179 20.9491 17.8547 25.4361 15.2533 13.1076 9.8897 9.77832 9.37532 7.68682 7.54197 7.37531 6.93273 6.67918 6.67466 5.77599 5.61984 4.35454 3.17191 3.84882 2.86932 2.1809 0.859989 0.803382 0.62733 0.42756 0.195215 0.00479769
threshold=22.357003285339978 30.850000000000005 29.971236347740607 1015.6500000000002 18.064702708764283 20.616292221946868 11.531433387294726 14.887026586852954 11.974791686813949 24.885259028358014 65.733227899217525 -0.97454454254772638 67.813693007278331 1013.85 25.299691550786751 22.590383172818147 76.539583333333354 23.421760748982425 -0.27841686570654922 -0.62986971684323911 52.206250000000011 2.80603303192495 932.25000000000011 19.824846141463961 28.178709595464831 2.0799439060262954 13.865895133030262 11.26211939789531 1.0050000000000001 23.18041960193619 21.210656527017186
decision_type=2 2 2 2 2 2 2 2 2 2 2 2 2 2 2 2 2 2 2 2 2 2 2 2 2 2 2 2 2 2 2
left_child=3 20 5 4 8 6 -3 9 -1 24 -11 12 -7 16 -8 17 -10 -9 25 -13 -2 22 -20 -15 -4 29 -22 -23 -5 -6 -27
right_child=1 2 7 28 18 11 14 15 13 10 -12 19 -14 23 -16 -17 -18 -19 21 -21 26 27 -24 -25 -26 30 -28 -29 -30 -31 -32
leaf_value=0.15712261404330841 -0.99583260401439455 0.17493115575147558 -0.24545984138162252 0.30915722499155174 0.24083815512553378 0.066309911005788952 -0.15031449398559654 -0.51155837893297051 -0.081685721907820252 0.012104043800768325 -0.11581669972263965 0.0573144470789958 -0.24531115067129911 0.22466887132335256 -0.036141722681391687 -0.29747648707882218 0.070591886533607429 -0.049313325299351576 0.36074616709131957 0.18458589430456099 -0.71445123638042718 0.26358154981302456 0.095323078736568673 -0.0033291822328331911 -0.15864642945643584 0.11944242219994951 -0.1131988346298512 0.12063478218512032 0.36669512034599194 0.023219858316675876 -0.18941291443525848
leaf_weight=209.96600645780563 609.82418391108513 492.30091625452042 293.2245377600193 86.562006920576096 120.90962654352188 160.52298271656036 1347.0863987207413 277.27746891975403 502.26343336701393 1470.2978159487247 875.95843899250031 1194.5437160730362 157.51796209812164 200.37240082025528 1167.8525286316872 540.92360916733742 739.49379771947861 438.34657499194145 517.60366824269295 1235.0067613422871 49.541878074407578 594.15826636552811 75.917403489351273 58.293854564428329 63.431977510452271 27.6890729367733 41.847466230392456 29.846852540969849 423.5756299495697 24.801499873399734 35.715487420558929
leaf_count=75 622 147 436 164 446 212 3612 680 588 665 607 3742 177 253 2274 227 872 577 1857 4018 123 1918 262 135 133 93 72 103 349 97 129
internal_value=0.000234995 -0.00584006 -0.00328364 0.0176915 0.0142267 0.0010899 -0.00399263 -0.00974403 0.00660263 -0.00539731 -0.00288052 0.00680617 -0.008139 0.00307453 -0.0080614 -0.0187201 0 -0.0113136 0.0230356 0.00894563 -0.0404846 0.0257181 0.0320967 0.0180672 -0.0206052 0.00526283 -0.0125822 0.0188459 0.0379579 0.00970062 0
internal_weight=14062.7 10415.5 9714.29 3647.17 3137.03 5754.83 3007.24 3959.46 1710.39 2702.91 2346.26 2747.59 318.041 1500.42 2514.94 1256.55 1241.76 715.624 1426.64 2429.55 701.214 1217.53 593.521 258.666 356.657 209.116 91.3893 624.005 510.138 145.711 63.4046
internal_count=25665 18324 17507 7341 6828 14182 6033 3325 1923 1841 1272 8149 389 1848 5886 1484 1460 1257 4905 7760 817 4140 2119 388 569 765 195 2021 513 543 222
is_linear=0
shrinkage=0.0971646


Tree=25
num_leaves=39
num_cat=0
split_feature=14 19 18 21 38 6 40 49 31 36 35 49 39 34 10 15 25 7 37 18 44 42 19 1 26 31 19 21 16 34 18 26 14 40 33 6 5 3
split_gain=138.802 98.8492 40.4828 16.7143 12.8601 12.6636 13.6434 10.7989 9.64636 9.205 9.23601 9.13539 9.49118 8.64764 7.54705 7.46661 7.9007 6.59665 6.48902 6.14159 5.37474 5.26106 4.4675 3.70093 3.6983 6.25358 3.55476 2.75293 2.72972 2.35977 2.27376 2.06879 1.7563 1.6625 1.63807 1.61365 0.782133 0.329203
threshold=26.435000000000006 15.931658329326263 95.250000000000014 15.752401855164978 13.804444552019008 -0.27841686570654922 19.012152385442885 928.05000000000007 3.9332811032319794 4.9587800609054105 4.0502110226179928 1015.6500000000002 78.677083333333357 30.760625000000008 34.276509654438293 17.015000000000004 19.855038623486632 8.4050000000000029 77.154166666666683 64.65000000000002 0.57911740294776537 0.67759300633855502 19.916834208093714 -0.42109697129093543 13.56135007199034 3.0805213559482296 18.780872921142741 23.66858150619893 17.655000000000005 21.415416666666673 58.550000000000004 14.995611235216806 30.280139940107734 18.108939408761376 2.9209450000287021 -0.97454454254772638 -0.86780461756656735 0.80077225267582752
decision_type=2 2 2 2 2 2 2 2 2 2 2 2 2 2 2 2 2 2 2 2 2 2 2 2 2 2 2 2 2 2 2 2 2 2 2 2 2 2
left_child=2 28 5 31 8 19 15 22 14 23 17 12 29 20 35 -7 -17 -11 -9 26 -10 -12 -8 32 -21 -26 34 -16 36 -5 -25 -4 -6 -14 -1 -3 -2 -28
right_child=1 4 3 11 9 6 7 18 13 10 21 -13 33 -15 27 16 -18 -19 -20 24 -22 -23 -24 30 25 -27 37 -29 -30 -31 -32 -33 -34 -35 -36 -37 -38 -39
leaf_value=-0.45755632724205147 -0.27670867980309699 -0.40800001047291262 0.041380663955946938 -0.07374876000154594 0.13300011912087467 0.3195645459104679 -0.088706945564832967 0.013370127050741207 0.048021866075253938 -0.11381983700190096 0.028471016364229818 0.33106532931975502 0.26701352548771989 -0.15685045166589634 -0.098421365039741873 0.029617275025903739 0.21184094425282032 -0.24162791434071404 0.41102569863558552 0.24702653645498523 -0.019769309419266082 -0.21648194597543821 0.33418309779431815 0.056545586788411623 -0.33174303537218847 0.03015251719799995 0.158026097160962 -0.55905239507801896 -0.87033200695964075 0.1685700607491491 -0.32785537171562695 -0.047571713920584915 0.021484594847668105 0.11900150534910534 -0.05747402009426783 0.038999897422251066 -0.64503185543351826 -0.12302707678439297
leaf_weight=217.03096553683281 64.592980206012726 52.511134177446365 196.49042695760727 78.557173848152161 45.995408445596695 493.24790179729462 533.73746690154076 320.65317246317863 1678.4192052185535 261.91556951403618 241.1981326341629 375.9147076010704 1152.8902361690998 199.84052726626396 179.84692648053169 979.56990772485733 1317.083623021841 956.65967386960983 87.198369383811951 91.37595921754837 1222.2837727367878 232.53444615006447 67.038305073976517 160.761314868927 105.48626273870468 708.69775551557541 35.231286525726318 212.26875168085098 766.11759319901466 121.15510958433151 110.99014157056808 153.15868785977364 41.36302837729454 46.929708302021027 117.46422109007835 273.1372936964035 111.24897238612175 52.078104764223099
leaf_count=610 163 65 90 57 158 142 694 407 2274 504 393 289 3592 131 149 1718 4330 899 42 51 1797 442 268 207 230 2332 97 111 998 343 220 142 30 111 400 715 302 162
internal_value=0.000393985 -0.00953182 0.00977734 0.0211069 -0.00475087 0.00498753 0.0078723 -0.00143973 -0.00128712 -0.0109789 -0.0140127 0.0249356 0.0205835 0.00093923 -0.0114603 0.0113896 0.00873169 -0.0185211 0.0102121 -0.0029462 0.00242351 -0.00147697 -0.0100681 0.0021369 0.00114647 -0.000456837 -0.0126832 -0.0204918 -0.0387625 0 -0.00213464 0.000408682 0.0197768 0.0238437 -0.0173735 0 -0.0212765 0.000541008
internal_weight=14062.7 6811.68 7250.99 2125.1 5869.73 5125.89 3798.53 1008.63 3818.31 2051.42 1692.31 1775.45 1399.53 3100.54 717.764 2789.9 2296.65 1218.58 407.852 1327.36 2900.7 473.733 600.776 359.11 905.56 814.184 421.805 392.116 941.96 199.712 271.751 349.649 87.3584 1199.82 334.495 325.648 175.842 87.3094
internal_count=25665 9558 16107 4624 8095 11483 7601 1411 5242 2853 2238 4392 4103 4202 1040 6190 6048 1403 449 3882 4071 835 962 615 2613 2562 1269 260 1463 400 427 232 188 3703 1010 780 465 259
is_linear=0
shrinkage=0.0971646


Tree=26
num_leaves=37
num_cat=0
split_feature=47 18 1 6 18 48 2 2 38 4 8 10 12 34 24 14 3 24 30 41 6 10 4 41 49 49 49 37 42 2 3 41 31 37 49 21
split_gain=120.37 64.6167 47.09 24.6046 18.8036 12.9095 22.2617 11.4204 12.747 15.1913 9.34618 9.12537 8.89186 8.67684 8.62601 8.36288 8.56757 6.50318 6.2952 5.69255 5.08328 4.72193 4.54522 4.48123 4.22333 4.15125 4.03242 3.40594 2.81809 2.42501 1.95443 1.73565 1.32712 1.22861 0.433475 0.271743
threshold=333.35416666666674 30.850000000000005 0.12068463117705984 -0.50008149503200283 97.250000000000014 926.85000000000002 -0.58989821594007685 -0.9993703818063705 13.804444552019008 1003.7006333267776 6.7650000000000015 38.920567712169436 22.347778475667013 17.790416666666669 26.137538277049703 15.915000000000001 1.0050000000000001 25.265340310216761 24.571316585182817 17.768300225910206 -0.97454454254772638 17.629858516408245 925.6500000000002 12.440226740480844 1013.7276119342865 1014.5500000000001 1007.904731552792 80.404166666666683 0.75235736148469956 -0.78295110140207591 1.1150000000000004 12.725441455577062 4.5523203558035332 83.054166666666688 1009.1001973138279 22.552294080957136
decision_type=2 2 2 2 2 2 2 2 2 2 2 2 2 2 2 2 2 2 2 2 2 2 2 2 2 2 2 2 2 2 2 2 2 2 2 2
left_child=2 22 4 26 10 6 30 -3 9 27 19 -11 21 -6 17 16 -7 -10 -8 -1 -21 -12 -2 -14 28 -17 29 -9 -15 35 -5 -24 33 -28 -34 -4
right_child=1 7 3 5 13 15 18 8 14 11 12 -13 23 24 -16 25 -18 -19 -20 20 -22 -23 31 -25 -26 -27 32 -29 -30 -31 -32 -33 34 -35 -36 -37
leaf_value=-0.066771955238563135 -0.81960317950150086 -0.31107689173540237 -0.1110731979537697 0.37446890920407649 -0.056712510170782243 -0.0086507185851582118 -0.20565856283125619 0.21663186933833528 -0.12652368278288142 -0.067473359157888574 0.26537057556721105 0.030059191978758521 0.44012767244226014 0.26088488295357803 0.015257801411989302 0.016478971205167604 0.18159973717874961 -0.35092420068047847 -0.071862936839105093 -0.18456316436952291 0.087580715789206787 -0.0075192229845391142 -0.67584761276030381 0.18244937690638552 0.28918117983589869 0.32511843141689917 -0.29276616018459134 0.091910014273321725 0.0084955650803949703 -0.46806925974689639 -0.018271017165737424 0.015111030099076031 0.025569099738246663 0.00024803513795814281 -0.039145650710095674 -0.1302444711104202
leaf_weight=61.213988423347473 555.44927564263344 312.80518037080765 57.217840582132339 214.4630620777607 60.965409457683563 244.95477116107941 215.38697332143784 223.69391673803329 1737.4633505642414 1488.4189609289169 141.6617603302002 501.82950204610825 95.565975159406662 652.25568291544914 183.88266831636429 1237.0185638964176 738.91839069128036 397.64829948544502 590.3901834487915 89.455789059400558 606.81881627440453 528.1819925904274 43.082094043493271 1585.6249247193336 383.74639740586281 99.494383662939072 78.462722778320312 217.09700581431389 83.90503340959549 292.78423976898193 33.451533168554306 45.031155407428741 35.235516369342804 52.245717465877533 98.929401457309723 77.923745602369308
leaf_count=51 488 126 147 849 31 118 141 501 3659 1401 236 143 26 2005 75 3091 281 171 1103 111 2018 1513 114 4147 340 202 183 642 213 691 131 68 57 111 299 182
internal_value=0.000514264 -0.0103284 0.00797067 0.000370253 0.0150721 0.00390007 -0.00475853 -0.00652889 -0.00522119 -0.000124106 0.0108488 -0.00391657 0.0138861 0.0257733 -0.0103737 0.00801671 0.0149024 -0.0121986 -0.012914 0.000843234 0.00391868 0.00357539 -0.0393893 0.0177271 0.0277901 0.00260718 -0.0161501 0.0159486 0.0218123 -0.0222917 0.0198852 -0.0109507 -0.00449596 -0.0115845 0 -0.00661315
internal_weight=14062.7 5706.4 8356.27 4066.88 4289.4 3374.08 1053.69 5062.84 4750.03 2431.04 3108.52 1990.25 2351.03 1180.87 2318.99 2320.39 983.873 2135.11 805.777 757.489 696.275 669.844 643.563 1681.19 1119.91 1336.51 692.799 440.791 736.161 427.926 247.915 88.1132 264.873 130.708 134.165 135.142
internal_count=25665 7388 18277 7586 10691 5916 2224 6718 6592 2687 8102 1544 5922 2589 3905 3692 399 3830 1244 2180 2129 1749 670 4173 2558 3293 1670 1143 2218 1020 980 182 650 294 356 329
is_linear=0
shrinkage=0.0971646


Tree=27
num_leaves=22
num_cat=0
split_feature=18 10 49 1 17 45 13 27 2 19 2 19 4 3 19 37 6 37 14 17 1
split_gain=111.858 82.8812 24.0284 18.4559 15.958 15.4449 10.85 10.5738 8.64966 8.488 11.0933 8.40158 8.10827 6.92837 6.21521 5.41475 4.43645 4.59244 3.86889 6.10273 1.05571
threshold=30.850000000000005 22.357003285339978 1016.5500000000001 0.46459913687673576 14.175000000000002 17.27506335967583 24.022762728376339 0.62117251453127875 -0.9993703818063705 18.9229305589223 0.20062824021694661 20.216237689568349 1013.85 1.4750000000000003 15.124326145227156 80.104166666666686 -0.27841686570654922 84.145833333333357 34.024186059540789 32.465000000000011 0.59817537509284302
decision_type=2 2 2 2 2 2 2 2 2 2 2 2 2 2 2 2 2 2 2 2 2
left_child=14 2 5 4 -3 6 12 18 15 10 -9 -10 -2 -11 -1 -6 20 -18 19 -5 -7
right_child=1 3 -4 7 8 16 -8 9 11 13 -12 -13 -14 -15 -16 -17 17 -19 -20 -21 -22
leaf_value=-0.74458750334765633 -0.015424918029214946 0.26118445314248484 0.2707993146394479 -0.33748499757310785 -0.28085122460581025 0.14766278752140125 0.40486415810450993 -0.41364957783310707 -0.060105033601595401 0.043202941055558157 -0.021394637182471365 0.019858431501646793 0.16793439020692574 -0.065192021506247713 -0.13351859680850911 -0.013809302002475219 0.1662341424496534 0.26108300117305833 -0.29582193239357535 0.01352327491608553 -0.25652854245481999
leaf_weight=623.03867882490158 1222.7234784066677 373.26901078224182 388.30947032570839 699.8930692076683 179.66786429286003 227.56577324867249 149.11868599057198 401.53071838617325 1104.2187829911709 727.11909699440002 947.61344787478447 4261.2245430648327 302.84558701515198 405.161362439394 78.174849390983582 132.62320181727409 539.8359808921814 781.790233284235 258.08449617028236 223.88609510660172 34.979798048734665
leaf_count=715 1256 87 314 1562 154 797 136 1080 2631 1380 1395 8266 401 448 102 120 1782 2546 173 211 109
internal_value=0.000155588 0.00217455 0.0146744 -0.00247762 0.00075399 0.0117384 0.00486966 -0.00792822 -0.000456627 -0.00408093 -0.00933352 0.000384756 0.0020953 0.00180991 -0.0375546 -0.0161318 0.0187078 0.0211258 -0.0156149 -0.0117591 0.00482799
internal_weight=14062.7 13361.5 3647.17 9714.29 6051 3258.86 1674.69 3663.29 5677.73 2481.42 1349.14 5365.44 1525.57 1132.28 701.214 312.291 1584.17 1321.63 1181.86 923.779 262.546
internal_count=25665 24848 7341 17507 11258 7027 1793 6249 11171 4303 2475 10897 1657 1828 817 274 5234 4328 1946 1773 906
is_linear=0
shrinkage=0.0971646


Tree=28
num_leaves=26
num_cat=0
split_feature=18 10 49 1 47 21 48 6 2 41 34 12 26 9 48 10 8 40 1 19 1 8 13 40 3
split_gain=105.864 71.1113 25.5002 16.0179 15.8451 13.7927 12.4729 11.3217 10.3469 10.0074 10.1622 9.15692 11.8877 8.54715 7.886 6.95513 6.87861 6.65751 6.13208 6.08259 6.03157 4.13325 3.99699 2.33959 1.17218
threshold=30.850000000000005 22.701050591901865 1016.5500000000001 0.46459913687673576 356.58333333333343 19.069143617860814 1003.2172040122756 -0.55666255846072532 -0.58989821594007685 12.440226740480844 17.790416666666669 24.351611897458252 11.531433387294726 2.6080873872686721 1009.2161443111578 37.622770884326634 13.155000000000001 20.219566278818949 0.83827194252655779 15.124326145227156 -0.2760944163666606 14.055000000000001 21.824036908993982 16.485693181582654 0.91323839304739363
decision_type=2 2 2 2 2 2 2 2 2 2 2 2 2 2 2 2 2 2 2 2 2 2 2 2 2
left_child=19 2 5 4 11 9 20 13 -8 -2 -11 12 -3 14 -5 -15 -13 18 -9 -1 -6 -19 23 -7 -24
right_child=1 3 -4 7 6 22 8 17 -10 10 -12 16 -14 15 -16 -17 -18 21 -20 -21 -22 -23 24 -25 -26
leaf_value=-0.6722399435546802 0.16747533176192717 0.305354735822637 0.24448720287328141 -0.31459245604768143 0.19365337976719024 0.22729172420832658 -0.12361230686023261 0.052719640245716397 -0.0033827602321019178 -0.11434533233159409 0.061915762715978262 0.064623084887789409 -0.051728638295113427 -0.086567252777879647 -0.11516311463445608 0.021843718942335794 0.2962523999469609 0.027278241432780972 -0.088254113386920047 -0.12054531345007516 -0.040702194149317396 -0.097772337373389459 0.18307913532117076 0.10203795291599452 -0.017520904311504149
leaf_weight=623.03867882490158 216.15165665745735 100.4573774933815 395.00081411004066 673.93020597100258 383.29964897036552 901.37746265530586 1243.3740591704845 896.93722122907639 1100.8373945355415 175.09780517220497 1697.0943073034286 1720.9959851205349 850.70652690529823 143.7299861907959 286.70912602543831 220.45343109965324 209.71186324954033 103.97307169437408 943.33526220917702 78.174849390983582 307.33139899373055 350.45952555537224 168.27368327975273 151.41368728876114 120.80919545888901
leaf_count=715 101 21 324 821 1300 3011 637 1557 1426 135 2517 4263 2346 166 637 63 103 270 2058 102 865 560 657 549 461
internal_value=0.000229234 0.00219411 0.0133969 -0.00225767 0.000792544 0.01051 -0.00402177 -0.00735807 -0.00749121 0.00526796 0.00270664 0.00600923 -0.00140593 -0.0145871 -0.0194108 -0.000646411 0.00987952 -0.00298511 -0.000140841 -0.0364547 0.00712079 -0.0134938 0.0183209 0.021299 0.00590643
internal_weight=14062.7 13361.5 3825.22 9536.24 5916.71 3430.22 3034.84 3619.53 2344.21 2088.34 1872.19 2881.87 951.164 1324.82 960.639 364.183 1930.71 2294.71 1840.27 701.214 690.631 454.433 1341.87 1052.79 289.083
internal_count=25665 24848 7755 17093 10961 7431 4228 6132 2063 2753 2652 6733 2367 1687 1458 229 4366 4445 3615 817 2165 830 4678 3560 1118
is_linear=0
shrinkage=0.0971646


Tree=29
num_leaves=22
num_cat=0
split_feature=18 10 49 26 19 50 45 49 10 30 5 45 34 49 21 35 19 39 26 6 35
split_gain=97.6969 59.4361 23.3864 19.2077 15.1664 15.52 14.4277 13.5905 11.7282 10.0168 9.2014 8.83468 6.59788 6.4857 5.73172 3.29409 3.18963 2.69706 3.58702 2.06419 0.21548
threshold=34.050000000000004 21.62438757882742 1016.5500000000001 11.531433387294726 18.9229305589223 1.7130164675117776 17.27506335967583 929.95000000000016 26.715500496742298 23.621167019256301 -1.0003835812842181 13.048307178513364 17.790416666666669 927.6500000000002 23.831016679463577 5.0607945235710474 16.279929466803008 88.089583333333337 18.511240243302868 -0.27841686570654922 4.7889513825179888
decision_type=2 2 2 2 2 2 2 2 2 2 2 2 2 2 2 2 2 2 2 2 2
left_child=7 2 6 -3 8 10 9 15 13 12 -6 -11 -2 -5 -7 -1 -10 18 -8 -19 -9
right_child=1 3 -4 4 5 14 17 20 16 11 -12 -13 -14 -15 -16 -17 -18 19 -20 -21 -22
leaf_value=-0.38077634903934809 -0.10323501187803519 0.1777944959970098 0.22073169737665757 -0.11036354230896278 -0.28204268905316332 -0.044874041928024036 0.23134864881452014 -0.077061270654869354 -0.27355551112596116 0.36439468591873803 0.019929185164902333 0.010342203060913087 0.04432860672161109 0.017920196023477337 -0.25182080875707735 -0.62635500430638613 -0.18009136927654706 0.10338859051559662 0.11768511759489768 0.24342490156425195 0.091926081244823571
leaf_weight=97.310926884412766 201.70145002007484 528.02119997143745 378.64850100874901 721.17797672748566 158.58018231391907 1055.0917532145977 254.08247473835945 68.281191468238831 413.98082691431046 111.32528385519981 5201.3715927600861 130.83098229765892 1068.4286579191685 935.36482009291649 469.07166543602943 609.98409748077393 413.82199448347092 61.399332404136658 769.05651798844337 347.73800021409988 67.404796361923218
leaf_count=119 129 161 289 1368 35 1198 513 49 755 63 11155 208 1167 2066 309 720 1071 233 2734 1182 141
internal_value=0.00042635 0.00250423 0.0137517 -0.00123255 -0.00229093 0 0.0106006 -0.031548 -0.00879429 0.00361024 0.00251943 0.021594 0 -0.00373405 -0.00858221 -0.03696 -0.0183568 0.0176612 0.0139311 0.0257844 -7.04692e-05
internal_weight=14062.7 13219.7 3323.21 9896.48 9368.46 6884.12 2944.56 842.981 2484.35 1512.29 5359.95 242.156 1270.13 1656.54 1524.16 707.295 827.803 1432.28 1023.14 409.137 135.686
internal_count=25665 24636 6518 18118 17957 12697 6229 1029 5260 1567 11190 271 1296 3434 1507 839 1826 4662 3247 1415 190
is_linear=0
shrinkage=0.0971646


Tree=30
num_leaves=20
num_cat=0
split_feature=18 10 34 6 19 49 19 38 49 31 40 17 13 44 12 1 10 35 1
split_gain=98.6742 46.4983 19.7067 12.8218 13.6747 21.7906 12.2908 9.13018 8.70895 8.66595 7.51875 6.4104 5.36519 4.13891 3.38036 2.9301 1.98182 3.28625 1.23359
threshold=34.050000000000004 18.64015492312771 16.381875000000004 -0.50008149503200283 21.197866919264126 1004.5225127966556 15.72261470646197 13.215324837801722 1016.5500000000001 3.2960486188220171 19.012152385442885 13.385000000000003 25.472285922777932 0.56354246551019282 17.143794246752673 0.49002412863433359 35.503324281687945 5.2746493368040781 -0.098819223632317363
decision_type=2 2 2 2 2 2 2 2 2 2 2 2 2 2 2 2 2 2 2
left_child=6 8 12 7 10 -6 16 9 11 -4 -5 -2 -3 -9 -13 -16 17 -1 -10
right_child=1 2 3 4 5 -7 -8 13 18 -11 -12 14 -14 -15 15 -17 -18 -19 -20
leaf_value=-0.028187268689470895 -0.073744063595684209 0.042144725002280614 -0.2740434475468993 0.0091721986761212106 0.23760126353320102 0.0059614611652148786 0.035169855131205824 -0.043891302173268948 0.1992843864798656 0.00087583535488216504 -0.072863310729498337 -0.048973936611905161 0.31244453629121433 -0.16914672509206849 0.18249270864145312 0.029721819923237358 -0.53517956226407881 -0.51894830742573228 0.18956807301347603
leaf_weight=46.767532289028168 84.603935211896896 198.16504639387131 285.7404682636261 2450.8256429135799 966.89327383041382 2084.5363298952579 96.101064443588257 584.65587228536606 148.75484988093376 2619.9716233313084 1036.5758139789104 80.314180493354797 227.97745046019554 631.7786078453064 1374.1639079153538 133.24912366271019 405.59437927603722 275.11766892671585 147.62516659498215
leaf_count=105 45 129 574 4750 3712 4370 125 659 82 4130 1680 126 62 1169 2747 281 178 598 158
internal_value=0.000737641 0.00282824 0.000343747 -0.000438737 0.00219211 0.00696932 -0.0317772 -0.00471398 0.0165818 -0.0015799 -0.00186802 0.0133764 0.02078 -0.0118281 0.0148819 0.0159492 -0.0360761 -0.0258122 0.0329271
internal_weight=13879.4 13055.8 11087.1 10661 6538.83 3051.43 823.581 4122.15 1968.71 2905.71 3487.4 1672.33 426.142 1216.43 1587.73 1507.41 727.48 321.885 296.38
internal_count=25680 24674 21235 21044 14512 8082 1006 6532 3439 4704 6430 3199 191 1828 3154 3028 881 703 240
is_linear=0
shrinkage=0.0971646


Tree=31
num_leaves=23
num_cat=0
split_feature=18 10 34 6 19 11 19 48 22 7 4 13 16 1 40 39 20 39 22 5 1 50
split_gain=87.8482 42.4848 19.894 13.1775 12.6741 12.3858 12.0175 19.6841 9.51065 9.16229 7.83719 5.44092 4.95041 3.79542 3.48316 6.15657 5.19316 4.68389 4.47602 2.12436 0.776222 0.164745
threshold=27.150000000000002 18.64015492312771 16.381875000000004 -0.50008149503200283 16.279929466803008 29.681677411110265 21.197866919264126 1002.4500000000002 11.609847820690094 13.470000000000002 1015.0500000000001 25.472285922777932 27.485000000000003 0.14746159171784554 16.935470826091663 70.764583333333348 15.947817185246345 74.54791666666668 13.878304296403558 0.70907997807416312 -0.17048592158321638 1.2534354409950725
decision_type=2 2 2 2 2 2 2 2 2 2 2 2 2 2 2 2 2 2 2 2 2 2
left_child=9 10 11 4 13 -6 8 -8 -5 -1 14 -3 19 -4 17 -16 -17 -2 -19 21 -21 -12
right_child=1 2 3 6 5 -7 7 -9 -10 -11 12 -13 -14 -15 15 16 -18 18 -20 20 -22 -23
leaf_value=-0.18080957330849862 -0.21420260193398144 0.038049748927133448 -0.023514036654311125 0.034686019743913957 -0.0015209993250293924 -0.11035848692809523 0.22546360093190676 0.013850539412705073 -0.039058251414444606 -0.52321144148324594 0.030660419612421667 0.28208598250178457 0.09214269810166946 -0.486228256279301 0.15142737223191025 -0.2556869211814185 0.090091082994183988 0.35934931699875072 0.14600254718734956 0.17992099533801015 0.18086507721732736 0.12256645511179028
leaf_weight=96.426516562700272 50.103605568408966 198.16504639387131 87.117846935987473 738.37505593895912 3102.0440513193607 753.51704242825508 832.91150885820389 2221.9798267781734 2816.2124556303024 493.99290245771408 41.136902242898941 227.97745046019554 90.99912965297699 341.98107036948204 78.90059357881546 99.32632440328598 176.12871012091637 112.66071146726608 897.77823606133461 183.97399911284447 175.73133233189583 61.971619218587875
leaf_count=150 56 129 291 595 5357 322 3101 4983 5949 462 125 62 139 840 87 57 328 74 2192 125 156 100
internal_value=0.000842607 0.00250542 0.000174633 -0.000595492 -0.00482111 -0.00292078 0.00208022 0.00657526 -0.00166526 -0.0356878 0.0156706 0.0207234 0.0260826 -0.0207695 0.0112476 0.00146477 -0.00414719 0.0141017 0.0157285 0.0302246 0.0345951 0.0104086
internal_weight=13879.4 13289 11320.3 10894.1 4284.66 3855.56 6609.48 3054.89 3554.59 590.419 1968.71 426.142 553.813 429.099 1414.9 354.356 275.455 1060.54 1010.44 462.814 359.705 103.109
internal_count=25680 25068 21629 21438 6810 5679 14628 8084 6544 612 3439 191 645 1131 2794 472 385 2322 2266 506 281 225
is_linear=0
shrinkage=0.0971646


Tree=32
num_leaves=34
num_cat=0
split_feature=39 47 4 17 37 1 4 47 41 19 6 39 27 19 45 30 46 3 14 40 34 12 3 26 16 5 36 34 9 44 29 11 41
split_gain=65.8046 45.5335 19.4273 14.8825 13.5668 13.5193 13.042 11.5335 13.7733 10.6658 9.04138 10.8549 8.98991 7.90736 7.18059 7.17991 7.0932 6.63345 5.81778 5.16951 4.806 4.49611 5.71279 3.84534 3.60773 3.42441 2.9508 2.38161 2.09621 0.932305 0.427992 0.380737 0.292952
threshold=47.189583333333339 7.6333333333333426 1014.6500000000002 28.215000000000003 80.970833333333346 0.14746159171784554 1005.4088372431141 333.35416666666674 24.596282812588367 10.749625202392105 -0.019390332216831372 75.927083333333343 1.0834294815073846 16.11517825970979 13.585789816517179 23.621167019256301 1.3609656329098196 1.973623675966343 29.085000000000004 12.155531556472761 19.696250000000003 23.998971023281971 1.2742369464238432 15.777143518468101 13.385000000000003 -1.0003835812842181 13.216492211859427 24.778958333333339 -2.747867719964963 2.5618502270310617 4.6604146924417016 29.074246597376405 15.136377019244078
decision_type=2 2 2 2 2 2 2 2 2 2 2 2 2 2 2 2 2 2 2 2 2 2 2 2 2 2 2 2 2 2 2 2 2
left_child=3 2 4 27 15 6 10 18 -9 -6 11 -3 13 24 -11 16 -2 -15 -8 31 -17 -4 23 -23 -7 -12 -21 -1 -24 32 -5 -14 -29
right_child=1 5 21 30 9 12 7 8 -10 14 25 -13 19 17 -16 20 -18 -19 -20 26 -22 22 28 -25 -26 -27 -28 29 -30 -31 -32 -33 -34
leaf_value=0.0073236361303274924 0.023203968677073691 0.1726226505923322 0.16243904068566264 -0.4216797546290178 0.17527630890254212 0.15700624412860015 0.007819063816377288 -0.097617193994469845 0.042990991506047044 -0.17063814659741836 -0.57059313009931367 -0.0099588986541496484 0.14133676968778208 -0.014816811408372451 0.12915353051045875 0.10545667124043773 -0.090443509302896741 -0.19184621921644507 0.18410913268144868 -0.06285382481693641 0.013296674106693707 -0.088521094101989869 0.12505242569336847 0.15364316273774975 -0.31696924409090982 0.1898510527072739 0.033667589346993494 -0.35796704702990556 0.17096798534197211 -0.042189474592555246 -0.52448713483853993 0.012631068222277528 -0.10315623753272113
leaf_weight=141.90504670143127 244.60391175746918 242.8200256228447 161.49106159806252 262.59960830211639 187.45723539590836 47.716648191213608 829.47540232539177 1213.3834286630154 256.61417627334595 132.11966007947922 33.66609787940979 1285.4816889166832 73.851778090000153 1544.4359931349754 1489.9736382365227 349.98092073202133 249.95283329486847 543.54862031340599 197.85200315713882 530.21749088168144 1234.784844994545 79.554822951555252 82.927830368280411 151.66290462017059 635.99561500549316 699.59299302101135 220.07568109035492 110.79705768823624 214.06339058279991 45.728175818920135 275.18329927325249 76.752399116754532 33.145653814077377
leaf_count=151 357 243 92 456 35 100 2352 1315 116 43 7 3216 47 2842 4005 91 195 509 246 1148 2696 86 111 320 1510 2034 365 294 197 141 113 130 117
internal_value=0.000659447 0.00242111 0.0102321 -0.0251324 0.00739919 -0.00177207 0.00157459 -0.00314757 -0.00876069 0.0135828 0.00697474 0.00237575 -0.00622246 -0.00898896 0.0106278 0.00180109 -0.00805976 -0.00570256 0.00447215 0.00181844 0.00515656 0.0254882 0.0193535 0.00538621 -0.0183351 0.0159318 -0.000970161 -0.0071802 0.0286423 -0.0143605 -0.0353106 0.0182365 -0.0181741
internal_weight=13879.4 13010.1 4578.57 869.359 3888.87 8431.48 4758.89 2497.33 1470 1809.55 2261.56 1528.3 3672.59 2771.7 1622.09 2079.32 494.557 2087.98 1027.33 900.897 1584.77 689.7 528.209 231.218 683.712 733.259 750.293 331.576 296.991 189.671 537.783 150.604 143.943
internal_count=25680 24408 8228 1272 7422 16180 9529 4029 1431 4083 5500 3459 6651 4961 4048 3339 552 3351 2598 1690 2787 806 714 406 1610 2041 1513 703 308 552 569 177 411
is_linear=0
shrinkage=0.0971646


Tree=33
num_leaves=28
num_cat=0
split_feature=18 47 48 37 43 1 45 22 19 21 13 24 18 48 2 7 19 29 19 2 5 9 10 34 47 50 34
split_gain=75.7222 36.7682 20.8189 12.9374 16.1316 11.4772 9.88014 8.90888 17.7757 9.42586 8.08362 7.69022 9.78188 7.72264 9.54796 7.61245 7.50226 6.89218 6.39978 5.7529 5.55693 5.06333 3.73836 3.51485 3.12122 2.7678 0.863346
threshold=27.150000000000002 7.6333333333333426 1014.85 79.22083333333336 12.797862946633481 0.46459913687673576 13.585789816517179 23.000332068802013 22.170742752644621 22.679083852683373 20.851035805666175 25.963812841934672 73.309924805775481 1006.0018646850926 -0.60505606964884906 13.470000000000002 21.197866919264126 3.4428899795023296 18.9229305589223 0.88999460902669758 0.9121239210760721 -0.97865047333024779 35.503324281687945 30.563125000000003 298.00654896017426 1.3501071710947141 21.197916666666671
decision_type=2 2 2 2 2 2 2 2 2 2 2 2 2 2 2 2 2 2 2 2 2 2 2 2 2 2 2
left_child=15 2 3 10 -5 11 -6 8 18 -9 17 13 -13 16 -15 -1 -3 -2 -7 -12 21 26 -11 -10 -14 -23 -4
right_child=1 5 20 4 6 7 -8 9 23 22 19 12 24 14 -16 -17 -18 -19 -20 -21 -22 25 -24 -25 -26 -27 -28
leaf_value=-0.13873969330345812 -0.080250025749311671 -0.016888698746879968 -0.11500347572479767 0.19771619688620007 -0.12007711439692628 -0.27266944134333237 0.10718655140796647 0.089811131466528707 0.14119429674884873 -0.233239846729481 0.0080993927078657959 0.081152964734930777 0.2464312707045406 -0.096244322810927985 0.0083275538154720767 -0.42141221029192505 0.12248577550841322 0.075016466530203094 -0.0084867616666663755 0.18132073711605715 0.15326815363729909 0.075411196444201981 -0.2462141515599591 -0.035726199835864593 -0.12802174241453201 0.15158295973493988 0.094027736495923303
leaf_weight=96.426516562700272 419.20536476373672 1216.1078554391861 48.98017281293869 229.91093707084656 156.79247307777405 1048.6644313633442 1674.1462100446224 87.674991399049759 310.23491993546486 94.721201211214066 1122.8677640259266 230.78926005959511 80.170568138360977 1040.1400333344936 1626.9679962694645 493.99290245771408 1331.7293504178524 228.02451419830322 952.82632836699486 363.43739357590675 262.55959123373032 93.224518746137619 240.2432347536087 93.905973941087723 125.55915662646294 122.94996857643127 87.158309489488602
leaf_count=150 391 3310 52 48 49 2648 4412 152 417 214 2335 137 279 1047 3296 462 3220 537 1402 174 210 154 103 36 166 92 187
internal_value=0.000586209 0.00213237 0.0089303 0.00633658 0.0118388 -0.00167455 0.0084531 -0.00674047 -0.00421487 -0.0199822 0.000812888 0.00078745 0.0131458 -0.000172195 -0.0039018 -0.0333299 0.00356471 -0.00798149 -0.00810542 0.00493742 0.0258161 0.0154335 -0.0275892 0.0139225 -0.000324847 0.0245814 0
internal_weight=13879.4 13289 4809.26 4194.38 2060.85 8479.74 1830.94 2828.27 2405.63 422.639 2133.54 5651.46 436.519 5214.95 2667.11 590.419 2547.84 647.23 2001.49 1486.31 614.873 352.313 334.964 404.141 205.73 216.174 136.138
internal_count=25680 25068 8641 7946 4509 16427 4461 4972 4503 469 3437 11455 582 10873 4343 612 6530 928 4050 2509 695 485 317 453 445 246 239
is_linear=0
shrinkage=0.0971646


Tree=34
num_leaves=20
num_cat=0
split_feature=18 10 6 15 49 0 19 2 40 22 36 7 2 15 1 3 2 1 39
split_gain=67.5571 30.1002 14.526 14.9531 10.6701 9.82397 9.85724 10.5182 9.16023 11.2548 9.91326 7.0843 7.03216 4.05666 2.88984 2.67443 1.89699 1.5566 0.261622
threshold=27.150000000000002 18.64015492312771 -0.27841686570654922 13.385000000000003 1016.5500000000001 -0.82220589145490697 20.301938861404086 -0.60505606964884906 19.31508712196327 10.764671502136329 1.7144970045887342 13.470000000000002 0.56253165957478835 16.305000000000003 0.49002412863433359 1.2523590948986023 0.77756834408811348 -0.11593352601052358 44.991666666666674
decision_type=2 2 2 2 2 2 2 2 2 2 2 2 2 2 2 2 2 2 2
left_child=11 4 5 -4 13 -3 12 -8 9 -5 -10 -1 -7 -2 15 -15 -16 -6 -13
right_child=1 2 3 8 17 6 7 -9 10 -11 -12 18 -14 14 16 -17 -18 -19 -20
leaf_value=-0.12525910410231975 -0.041674815106224485 -0.33629697931951236 0.19245921046510645 0.22546878859461705 0.13176347197726715 -0.26639143766205764 -0.03639212297302552 0.030559246927150962 -0.076335276348375225 0.033078806113232308 0.002703839128250543 -0.4307256997033676 -0.016356178804148733 0.090115694813683853 0.18131523226842888 0.17224907968073475 -0.2998951736295114 0.13178711085878267 -0.16476660920077571
leaf_weight=96.426516562700272 161.46099403500557 110.0745005607605 98.405524253845215 352.29381901025772 147.08193972706795 699.13849711418152 2017.5257456600666 1840.1913850307465 262.07357367873192 4335.0048566162586 772.46950134634972 317.89850378036499 833.10395184159279 887.43322488665581 93.238144278526306 483.86132773756981 46.337456345558167 149.29807674884796 176.09439867734909
leaf_count=150 107 22 19 189 80 1618 2267 2567 186 11117 1527 216 2117 2083 236 725 48 160 246
internal_value=0.000623389 0.0020854 0.000117572 0.00353643 0.0131668 -0.00342274 -0.00273978 -7.82372e-06 0.00279924 0.00467433 -0.00527403 -0.0314081 -0.00932658 0.0097416 0.011376 0.012744 0 0.0307765 -0.0362149
internal_weight=13879.4 13289 11320.3 5820.25 1968.71 5500.03 5389.96 3857.72 5721.84 4687.3 1034.54 590.419 1532.24 1672.33 1510.87 1371.29 139.576 296.38 493.993
internal_count=25680 25068 21629 13038 3439 8591 8569 4834 13019 11306 1713 612 3735 3199 3092 2808 284 240 462
is_linear=0
shrinkage=0.0971646


Tree=35
num_leaves=27
num_cat=0
split_feature=18 10 6 2 2 23 24 19 2 1 4 7 12 1 34 46 34 2 2 22 23 44 22 39 3 39
split_gain=63.1183 28.2363 10.0104 9.11063 18.3874 13.8888 8.78688 10.5672 8.33196 7.69832 7.06715 6.61796 6.46772 4.80508 5.64275 4.1781 2.70384 5.61944 4.18686 3.41874 2.1641 2.4004 1.8515 1.54288 1.06261 0.261317
threshold=27.150000000000002 18.64015492312771 -0.50008149503200283 0.98662138620987927 0.97690230611205509 13.977561917069472 24.916332317151042 19.565582648007677 -0.5049610547215202 0.8217814666189438 1015.0500000000001 13.470000000000002 23.998971023281971 -0.17048592158321638 21.312708333333337 1.4396346115634726 19.19166666666667 0.96897393274411414 0.97308229207007257 13.878304296403558 15.272773318226742 0.89334890794603938 13.459736823829049 74.902083333333351 1.1150000000000004 46.060416666666676
decision_type=2 2 2 2 2 2 2 2 2 2 2 2 2 2 2 2 2 2 2 2 2 2 2 2 2 2
left_child=11 10 6 4 9 -5 7 15 -9 -4 16 -1 -6 20 -15 -3 17 -2 22 -19 -12 -22 -18 -7 -16 -13
right_child=1 2 3 5 12 23 -8 8 -10 -11 13 25 -14 14 24 -17 18 19 -20 -21 21 -23 -24 -25 -26 -27
leaf_value=-0.11308835119159576 -0.1159182779727959 -0.085985245315606681 0.032855208541988777 0.25448092000281758 -0.014122562064898802 -0.2503157590026952 -0.13912276687424194 -0.035870921755660465 0.029225243987218538 -0.070645917532321065 0.11896072465133678 -0.38909589942350231 -0.3229825994888505 -0.0051564208211553313 0.084705230693519443 -0.35389994189917057 0.47440801069116767 0.20027636167215515 -0.1027163432873113 -0.002737782839152447 0.021796107373041766 0.11896072465133678 0.12022563298910197 0.094346569378254669 0.14612853658770461 -0.14602605961664145
leaf_weight=96.426516562700272 132.10773766040802 587.45476967096329 5110.6679226160049 198.69197514653206 112.0232797563076 52.831037074327469 472.77865672111511 1561.9011257886887 1346.4625733792782 1221.3013047575951 142.67775967717171 355.95806103944778 149.69050288200378 116.15120482444763 61.922350704669952 338.56373849511147 70.676680952310562 133.42555046081543 104.61422339081764 146.67697894573212 55.23907396197319 67.051884829998016 827.3970097899437 167.91446882486343 110.7707085609436 138.0348414182663
leaf_count=150 113 1675 11042 61 113 103 174 2054 2121 2959 69 258 93 121 120 846 59 68 158 122 105 95 2274 388 135 204
internal_value=0.000341558 0.00175604 -7.55257e-05 0.00214991 0.00119301 0.0160671 -0.00379707 -0.00212139 0.000621577 0.00230237 0.0124883 -0.030624 -0.0237568 0.0222655 0.0110251 -0.0111698 0.00832131 0.00053815 0.0110855 0.00926992 0.0326653 0.0160085 0.0133691 0 0.0223862 -0.0352787
internal_weight=13879.4 13289 11320.3 7013.12 6593.68 419.437 4307.16 3834.38 2908.36 6331.97 1968.71 590.419 261.714 553.813 288.844 926.019 1414.9 412.21 1002.69 280.103 264.969 122.291 898.074 220.746 172.693 493.993
internal_count=25680 25068 21629 14759 14207 552 6870 6696 4175 14001 3439 612 206 645 376 2521 2794 303 2491 190 269 200 2333 491 255 462
is_linear=0
shrinkage=0.0971646


Tree=36
num_leaves=21
num_cat=0
split_feature=18 18 1 7 42 4 6 39 38 36 47 4 1 12 46 3 42 39 16 1
split_gain=49.9135 29.0763 16.3848 10.9398 10.5572 8.60681 7.90273 7.74554 7.12008 5.39226 3.55899 3.17873 2.50389 2.27388 2.01714 1.22515 1.08395 0.489169 0.349291 0.172938
threshold=27.150000000000002 98.050000000000011 0.9821165111257959 13.710000000000004 1.0000000180025095e-35 1016.5500000000001 -0.27841686570654922 79.189583333333346 17.937566340186326 8.4167788770874328 796.26916666666682 1008.8002965687587 0.99373737808068319 17.629858516408245 1.3988988074298783 1.1036821882168584 0.75235736148469956 47.189583333333339 27.602811009909924 -0.30270175173618613
decision_type=2 2 2 2 2 2 2 2 2 2 2 2 2 2 2 2 2 2 2 2
left_child=3 2 4 15 -2 7 8 14 -6 -8 11 18 -13 -9 -3 -1 -15 -5 -4 -7
right_child=1 5 10 17 6 19 9 13 -10 -11 -12 12 -14 16 -16 -17 -18 -19 -20 -21
leaf_value=0.050101746469777074 -0.16707052799539193 0.011337855570068538 -0.34950986029139303 -0.35159375921598246 -0.0046553991655422997 0.10740195136944163 0.028304984939990129 -0.048358407404056447 -0.2591153788267252 0.11194564848356968 0.049157475383865196 -0.40525252941941092 0.048855102851592329 0.12105471771923226 -0.11521905606529503 -0.20455253710975427 0.034577822551423366 -0.097616179793397762 -0.20581142705522731 0.10475785012506511
leaf_weight=70.757731586694717 180.79854869842529 104.0703107714653 285.63170465826988 338.49240809679031 4685.1472667455673 126.86300551891327 4794.1765467226505 43.089197903871536 387.10885408520699 1186.8156043887138 59.70612171292305 52.931170463562012 100.31601622700691 590.48276519775391 88.370115101337433 61.768753439188004 93.606641620397568 114.22476091980934 158.12156921625137 141.10752627253532
leaf_count=116 40 157 357 257 7634 81 9623 82 957 3061 36 144 280 1696 52 70 173 164 419 111
internal_value=9.81299e-05 0.00137427 -3.94984e-05 -0.0275555 0.000798207 0.0158524 0.00121856 0.0106112 -0.00154356 0.00363193 -0.0149551 -0.0173636 -0.0019046 0.0153478 -0.0050644 0 0.0167801 -0.0347383 -0.0216983 0.0319475
internal_weight=13663.6 13078.3 11890.8 585.244 11234 1187.59 11053.2 919.619 5072.26 5980.99 656.707 597 153.247 727.179 192.44 132.526 684.089 452.717 443.753 267.971
internal_count=25510 24903 22551 607 21315 2352 21275 2160 8591 12684 1236 1200 424 1951 209 186 1869 421 776 192
is_linear=0
shrinkage=0.0971646


Tree=37
num_leaves=29
num_cat=0
split_feature=39 4 5 1 6 14 44 17 27 15 49 49 2 40 22 4 45 40 28 16 20 1 16 31 1 34 13 2
split_gain=44.8626 25.3912 14.0339 13.0895 13.1689 10.1348 8.26849 8.87071 8.56577 8.23369 8.71988 6.65405 5.52274 6.89403 4.57302 4.53122 3.83381 3.52277 2.57046 2.48641 2.18788 1.72475 1.34022 1.33652 1.06088 1.01697 0.530327 0.421597
threshold=46.060416666666676 1014.85 0.9121239210760721 -0.87048219649539715 -0.47598177308211947 37.015000000000008 0.46501253676796245 32.145000000000003 1.3552179237780642 13.385000000000003 930.25000000000011 1006.1073195669223 -0.093739673979136531 12.633976934669684 14.526616308509912 1007.6053362077467 21.383124024664259 14.228621772031538 1.2789745082732311 24.705000000000002 14.926117643723609 0.46459913687673576 24.214033034340009 5.5281379323345092 -0.22611359161738934 24.778958333333339 24.834033290478391 -0.24778123985931325
decision_type=2 2 2 2 2 2 2 2 2 2 2 2 2 2 2 2 2 2 2 2 2 2 2 2 2 2 2 2
left_child=5 3 14 11 6 17 7 -5 -8 -6 -11 16 13 -13 -3 -14 27 -1 25 24 -20 -21 -4 -18 -16 -19 -27 -2
right_child=1 2 22 4 9 -7 8 -9 -10 10 -12 12 15 -15 19 -17 23 18 20 21 -22 -23 -24 -25 -26 26 -28 -29
leaf_value=0.067366673085014747 -0.17864721140140041 0.11427121895407998 0.096360028911963228 -0.071115909311668821 0.19492668429560939 -0.31572156725734218 -0.08021816766459644 0.032064478661889211 0.059376143276736043 0.060884230333505415 -0.016501169260931408 0.089389323480823499 -0.10400639200482646 -0.066687384799332311 0.08915257982951319 0.0067223035589432066 0.17451371040126953 -0.0088116768736985415 -0.39480950214884081 0.088452805284990305 -0.16466589091006764 -0.0042030590873446284 0.16823493744640888 0.10624579514118179 -0.062914281292221097 -0.023864013245632917 -0.3373859875255022 0.057248589469460605
leaf_weight=48.146652281284332 29.551225781440735 93.590035498142242 187.54366198182106 1054.9845257103443 94.481475353240967 263.24368980526924 2452.8590145111084 714.89476048946381 186.34827706217766 2612.313584625721 3112.0199902057648 453.83543193340302 179.54620563983917 72.361049473285675 101.25191834568977 340.30299431085587 377.4006307721138 57.031485795974731 167.80319926142693 217.46779844164848 60.75463804602623 75.341547042131424 136.90387767553329 71.078821659088135 223.06490114331245 47.146276593208313 70.715717077255249 161.60323283076286
leaf_count=100 106 124 100 2008 19 92 4218 343 241 5569 6034 768 132 40 312 819 1457 77 339 393 73 173 159 265 632 127 195 595
internal_value=3.41923e-05 0.0013758 0.0159519 6.97786e-05 -0.00120219 -0.0235775 -0.00523054 0 -0.00867347 0.00177803 0.00122269 0.00802859 0.0027365 0.00996348 0.00745709 -0.00377773 0.0159659 -0.013132 -0.0164514 0.00355309 -0.0237953 0.0102102 0.0330179 0.0210153 -0.00119204 -0.0042158 -0.0102501 0.00177936
internal_weight=13663.6 12948.7 1035.16 11913.6 10227.9 714.842 4409.09 1769.88 2639.21 5818.82 5724.33 1685.68 1046.05 526.196 710.716 519.849 639.634 451.598 403.451 617.126 228.558 292.809 324.448 448.479 324.317 174.893 117.862 191.154
internal_count=25510 24507 1893 22614 18432 1003 6810 2351 4459 11622 11603 4182 1759 808 1634 951 2423 911 811 1510 412 566 259 1722 944 399 322 701
is_linear=0
shrinkage=0.0971646


Tree=38
num_leaves=23
num_cat=0
split_feature=18 18 1 49 33 1 8 44 39 25 20 1 49 39 17 3 39 46 12 39 39 4
split_gain=44.885 22.8518 13.1423 8.16772 8.01395 7.74239 12.9191 7.85313 6.4062 5.673 4.61519 5.04614 4.28239 4.41648 3.36659 3.14385 2.82137 2.48908 1.94028 0.950471 0.771553 1.25957
threshold=27.150000000000002 98.050000000000011 0.9821165111257959 1016.85 5.5115205295067398 -0.87048219649539715 6.7650000000000015 0.20810382549163306 79.189583333333346 18.502598288007366 23.829399299583951 -0.99166813670569331 1007.7004731300275 70.247916666666683 32.145000000000003 2.1236391638307137 44.991666666666674 1.3988988074298783 17.629858516408245 88.089583333333337 55.339583333333337 1007.0032254248005
decision_type=2 2 2 2 2 2 2 2 2 2 2 2 2 2 2 2 2 2 2 2 2 2
left_child=4 2 5 8 16 10 9 -8 17 -7 14 -12 20 15 -2 -14 -1 -3 -10 -20 21 -4
right_child=1 3 12 -5 -6 6 7 -9 18 -11 11 -13 13 -15 -16 -17 -18 -19 19 -21 -22 -23
leaf_value=-0.18306824588528001 0.09498087526645578 0.051514232353491174 -0.30610157727799153 0.087603496539531978 -0.28097191233842145 -0.14480621556929554 0.063135239025463821 0.0041906630112042683 -0.049575474195091888 -0.10581231001007242 -0.07377185695414086 0.084561353009359311 0.038502076441511122 -0.39014296734273191 0.028505286167101788 -0.41560038460919863 0.057852414929260416 -0.084851730232883282 0.079832120154525163 0.12640258277478986 -0.42028693392170569 0.054016726254812582
leaf_weight=117.52358070015907 928.81350660324097 104.09490120410919 125.62413972616196 218.68894186615944 396.35140040516853 76.803155153989792 296.30326822400093 8415.0012692511082 43.089197903871536 898.65352347493172 241.34433856606483 294.35915589332581 229.18927648663521 72.47997522354126 82.768603473901749 70.616066932678223 71.36867293715477 95.996853232383728 486.00380155444145 239.71586662530899 119.97710219025612 38.820021718740463
leaf_count=100 2723 160 342 134 359 79 278 15315 82 1994 261 634 342 126 31 71 148 58 1102 816 239 116
internal_value=0.000142718 0.0013544 3.3328e-05 0.0141898 -0.0260779 0.000851544 -0.000125562 0.00101849 0.00965764 -0.0107504 0.00723237 0 -0.0132569 -0.00480502 0.0110847 0 -0.00650682 -0.00422029 0.0138248 0.0150852 -0.0226693 -0.0126518
internal_weight=13663.6 13078.3 11890.8 1187.59 585.244 11234 9686.76 8711.3 968.901 975.457 1547.29 535.703 656.707 372.285 1011.58 299.805 188.892 200.092 768.809 725.72 284.421 164.444
internal_count=25510 24903 22551 2352 607 21315 17666 15593 2218 2073 3649 895 1236 539 2754 413 248 218 2000 1918 697 458
is_linear=0
shrinkage=0.0971646


Tree=39
num_leaves=25
num_cat=0
split_feature=18 4 0 1 4 45 46 2 2 30 50 27 30 40 50 7 1 2 16 29 33 41 18 39
split_gain=38.026 22.6081 13.5964 11.4205 11.6687 13.9874 9.18489 8.12754 10.7224 15.6823 10.2816 7.92076 5.75223 7.63836 5.74191 2.13466 1.15478 1.39153 1.13972 1.21334 1.16172 0.762898 0.195978 0.102022
threshold=23.729257023471508 1014.6500000000002 0.49944537339916317 0.14746159171784554 929.95000000000016 9.9933656155947563 1.8824999743544619 0.97690230611205509 0.88999460902669758 23.439663482284868 1.2908366460944924 0.72768550140672394 25.594855535487248 15.031676391814875 1.4732596576235657 14.225000000000003 0.44236413956135423 0.98662138620987927 25.071015751484897 3.3862881480523694 3.1890008633690781 19.324394503760306 56.250000000000007 69.693750000000023
decision_type=2 2 2 2 2 2 2 2 2 2 2 2 2 2 2 2 2 2 2 2 2 2 2 2
left_child=15 3 18 4 12 -6 -7 8 10 -10 -5 -9 13 -2 16 -1 17 -4 20 -20 21 -3 -22 -18
right_child=1 2 14 7 5 6 -8 11 9 -11 -12 -13 -14 -15 -16 -17 23 -19 19 -21 22 -23 -24 -25
leaf_value=-0.16443779688189744 0.10307995925417295 -0.23184636373980763 0.10132170093615024 0.00055004462862392491 0.23725826875753878 -0.0016761963457793008 -0.2900138122295185 -0.0077220292281440627 -0.065728662935124083 0.20177591309971998 -0.083934752843408719 -0.30336696122503076 0.40540348994473746 -0.023540454120821706 0.088787195503765348 -0.25390715067022568 0.14567171018978198 0.057965248235524708 0.097286545678948677 -0.0026806036009309809 0.16929570468799154 0.050264601982988336 -0.061006836910722 -0.11348217878836402
leaf_weight=94.826388031244278 1329.9704628884792 92.446402609348297 221.61547940969467 2427.5618624687195 87.945528984069824 4075.0628598928452 61.105367809534073 129.05246698856354 331.352383852005 602.59885400533676 2330.2342996299267 146.38955917954445 139.17024660110474 490.04719635844231 292.95774525403976 319.72347411513329 57.034362643957138 129.44176858663559 56.020995885133743 84.345236510038376 36.87890487909317 32.954404890537262 57.200335800647736 37.650032073259354
leaf_count=109 4409 262 479 5408 27 6739 47 137 456 486 3280 97 537 1444 215 292 143 194 109 174 102 111 181 72
internal_value=0.000172343 0.00111299 0.014444 -6.04401e-05 0.00282923 0 -0.000875122 -0.00312616 -0.00224697 0.00708945 -0.00417265 -0.0195412 0.00902106 0.00721972 0.0219753 -0.0286607 0.0132133 0.0158769 0 0.0055635 -0.00533082 -0.0116041 0 0
internal_weight=13663.6 13249 1098.55 12150.5 6183.3 4224.11 4136.17 5967.19 5691.75 933.951 4757.8 275.442 1959.19 1820.02 738.699 414.55 445.742 351.057 359.846 140.366 219.48 125.401 94.0792 94.6844
internal_count=25510 25109 2042 23067 13203 6813 6786 9864 9630 942 8688 234 6390 5853 1103 401 888 673 939 283 656 373 283 215
is_linear=0
shrinkage=0.0971646


Tree=40
num_leaves=23
num_cat=0
split_feature=18 4 5 1 1 27 48 18 40 2 20 22 20 3 17 49 4 50 16 9 16 1
split_gain=32.1899 21.2059 14.0071 9.10522 7.36308 10.5602 7.19178 5.91967 5.43651 4.99934 4.87766 4.80725 4.29795 4.26609 3.02975 2.81011 2.00515 1.94088 1.79323 2.66658 1.22615 0.921625
threshold=23.729257023471508 1014.85 0.9121239210760721 0.98613602391290256 -0.87048219649539715 0.22866553712507384 1004.533528158246 54.550000000000004 9.4896091139780534 -0.58989821594007685 22.481601044397117 14.526616308509912 23.829399299583951 0.96095057385470317 34.025000000000013 925.22647599532058 1010.2304821178767 1.3736370688083646 26.633221047400596 -1.042232154079201 27.725000000000005 -0.22611359161738934
decision_type=2 2 2 2 2 2 2 2 2 2 2 2 2 2 2 2 2 2 2 2 2 2
left_child=13 3 11 4 9 10 20 14 -7 -2 -6 -3 -11 15 -8 -1 -9 -4 21 -20 -5 -13
right_child=1 2 17 6 5 8 7 16 -10 12 -12 18 -14 -15 -16 -17 -18 -19 19 -21 -22 -23
leaf_value=-0.011316164852327049 -0.14497457354005053 0.085566358003707085 0.069246652032580916 -0.44118600857871865 -0.026719596088502502 -0.079944059207342474 0.054809456644025374 -0.41520774418151474 0.014505319449738006 0.076992341224483257 -0.10519737482264736 0.07318142064703434 0.0090039684763690737 -0.23155423082536333 -0.063058180216739881 -0.32974437041618065 -0.049727582510500211 0.098611662097156619 -0.06555956224197336 0.074888300364278362 -0.20940781499401756 -0.030239147303819804
leaf_weight=89.125757694244385 36.082661628723145 93.984942346811295 114.25029939413071 117.01034557819366 1363.3698417246342 555.84057924151421 113.5599048435688 103.05761381983757 7240.4316655993462 1123.0261774659157 801.41435036063194 145.76361891627312 526.57075330615044 243.29363113641739 117.10715985298157 82.13047331571579 45.431256651878357 210.19724026322365 71.523731619119644 112.01306986808777 70.575800150632858 287.82574456930161
leaf_count=67 8 125 136 188 3981 1101 158 238 12098 3252 819 433 922 217 94 117 157 123 152 184 199 741
internal_value=0.00041114 0.00127873 0.0146114 0.00011003 0.000731111 -0.000233326 -0.011841 -0.00278985 0.00138952 0.00667317 -0.00626854 0.00616601 0.00767565 -0.0261048 0.0055758 -0.0102383 -0.0184552 0.0315921 0.00222689 0.010347 -0.0275642 -0.000280372
internal_weight=13663.6 13249 1035.56 12213.5 11646.7 9961.06 566.742 379.156 7796.27 1685.68 2164.78 711.111 1649.6 414.55 230.667 171.256 148.489 324.448 617.126 183.537 187.586 433.589
internal_count=25510 25109 1894 23215 22181 17999 1034 647 13199 4182 4800 1635 4174 401 252 184 395 259 1510 336 387 1174
is_linear=0
shrinkage=0.0971646


Tree=41
num_leaves=29
num_cat=0
split_feature=39 18 29 6 19 28 50 45 29 23 17 13 39 35 9 42 46 1 22 22 39 16 31 7 36 20 25 36
split_gain=30.7438 18.9288 9.49514 6.54383 8.19823 6.69339 8.19805 6.0374 7.11996 7.1544 5.84841 4.98911 4.77277 5.18789 3.65876 3.20338 2.257 3.82621 2.45443 1.71998 1.24951 1.21356 0.953883 2.80104 0.891499 0.826484 0.639154 0.355938
threshold=46.060416666666676 98.050000000000011 3.2627985261455801 -0.55666255846072532 13.200672797430531 6.0046436950949458 0.73032426131395412 9.5952451996923092 2.3052728144374419 12.472739066571283 35.855000000000011 19.24375934453677 79.189583333333346 3.8594117968134318 1.3934768868162222 0.72376561170576237 2.5085634876692811 0.8217814666189438 11.25530734445819 11.609847820690094 56.197916666666671 19.395000000000003 4.5327584462563033 14.515000000000004 1.9891790491155077 12.942074580399655 19.855038623486632 3.8516662584310879
decision_type=2 2 2 2 2 2 2 2 2 2 2 2 2 2 2 2 2 2 2 2 2 2 2 2 2 2 2 2
left_child=2 3 16 4 19 10 -7 -5 11 -10 -6 -9 14 15 26 21 17 -1 -18 20 -2 -14 23 -4 -15 -19 -3 -17
right_child=1 12 22 7 5 6 -8 8 9 -11 -12 -13 13 24 -16 27 18 25 -20 -21 -22 -23 -24 -25 -26 -27 -28 -29
leaf_value=0.16673213273397913 -0.23463242953200397 -0.14921467199329966 0.018729179836433549 0.16191937322878397 -0.0077732641164851872 0.011033466183898897 -0.083081898767059542 -0.073976406339709783 0.26602513857700061 0.02857621153123148 0.05064778696761197 -0.009875476445100612 -0.046802597937294112 0.060882998048844561 0.080557242658208503 -0.019802116900868846 -0.297303840163408 -0.2966121051612583 0.1004556391837764 -0.30799180195455822 0.05028363397761753 0.086362282736389115 -0.22993930870274434 -0.24290825395190341 0.057339956446977612 0.0088892181755968486 -0.03273543926805092 -0.039660813983949626
leaf_weight=58.798219472169876 65.276872128248215 66.896025031805038 57.917794615030289 278.56288194656372 3575.7599617540836 101.62067669630051 135.68720409274101 386.23044082522392 149.32406008243561 5235.5255831778049 245.44205164909363 1392.1726623177528 45.249596536159515 153.25114399194717 112.97544950246811 47.47711181640625 76.802978456020355 55.372544050216675 41.558061301708221 128.11378902196884 67.439214408397675 535.14882239699364 287.25645351409912 77.954905658960342 110.95272275805473 59.180701792240143 66.744181782007217 48.894508570432663
leaf_count=59 186 57 99 162 6239 88 113 414 37 12074 127 2254 31 107 61 81 144 143 112 277 184 1636 186 117 137 143 121 121
internal_value=0.000301172 0.00141665 -0.0192316 0.000197852 -0.0027686 -0.00157368 -0.0173585 0.00197737 0.00136292 0.00316701 -0.00046895 -0.00385628 0.0130975 0.0162509 0 0.0106187 -0.00392019 0.0010334 -0.0145376 -0.0195146 -0.00673958 0.0135017 -0.0286841 -0.0143687 0.0287997 -0.00662316 -0.00973094 -0.00233302
internal_weight=13663.6 12948.7 714.842 11761.2 4319.34 4058.51 237.308 7441.82 7163.25 5384.85 3821.2 1778.4 1187.59 940.974 246.616 676.77 291.713 173.351 118.361 260.83 132.716 580.398 423.129 135.873 264.204 114.553 133.64 96.3716
internal_count=25510 24507 1003 22155 7214 6567 201 14941 14779 12111 6366 2668 2352 2113 239 1869 601 345 256 647 370 1667 402 216 244 286 178 202
is_linear=0
shrinkage=0.0971646


Tree=42
num_leaves=25
num_cat=0
split_feature=39 49 47 40 22 19 50 24 10 29 15 47 29 49 43 21 45 30 19 22 23 0 47 2
split_gain=33.3126 17.0205 15.7846 11.0248 10.2641 11.4309 8.51248 6.22696 8.28287 6.22039 4.7592 3.94692 3.44576 2.85318 2.28378 3.25359 3.13195 1.53233 1.20274 0.793548 0.787082 0.648464 0.320605 0.000439567
threshold=44.991666666666674 1016.85 8.9366666666667633 19.31508712196327 10.764671502136329 10.200595370727944 2.6410940983564246 23.065710845880432 25.962733506944804 4.3387457296725778 13.385000000000003 7.6333333333333426 3.2925764060147649 928.85000000000002 13.946283768892323 7.2008541519241822 14.67393830240337 28.703545707729734 9.547485170444391 18.486304268431745 21.574149387348964 -0.70710678118654757 555.45000000000005 -0.82389248692129191
decision_type=2 2 2 2 2 2 2 2 2 2 2 2 2 2 2 2 2 2 2 2 2 2 2 2
left_child=9 3 12 4 11 -6 -7 8 10 14 -5 -2 -3 -10 15 -1 -16 23 -13 22 -21 -17 -4 -9
right_child=1 2 19 7 5 6 -8 17 13 -11 -12 18 -14 -15 16 21 -18 -19 -20 20 -22 -23 -24 -25
leaf_value=0.0018184522601701635 0.19944303916826756 0.059551923297496895 0.10731239386023787 0.12554220077410996 -0.1128044581772961 0.01558875592153371 -0.26371829211734776 0.1979493139891515 -0.20405542131452739 -0.19782533947872297 -0.018512889062331124 -0.10509930922979169 0.053959704750673521 -0.056027356364534139 0.16840661103868915 -0.17762229691349629 -0.13380691805232744 0.80512789154076592 0.20576267773391335 -0.31718356143483695 -0.002932059875573228 -0.26779190348315518 -0.051563961411030042 -0.23401705010926238
leaf_weight=57.541736125946045 356.31349429488182 173.81301546096802 73.228998988866806 70.195844084024429 146.39072033762932 10362.477843642235 206.21734645962715 29.904161304235458 397.52032697200775 257.9912460744381 797.05691531300545 61.391286104917526 181.84968230128288 180.42668297886848 45.763986438512802 42.753593415021896 53.396420538425446 48.753660470247269 74.87665456533432 34.416874587535858 38.719456672668457 140.05835643410683 56.738779723644257 23.71171247959137
leaf_count=88 132 73 213 57 98 20608 221 111 699 140 1324 88 153 341 97 132 96 145 152 105 116 281 146 87
internal_value=0.000363913 0.00140343 0.0179845 0.000639559 0.00173212 0.00105671 0.00147177 -0.00698572 -0.00882043 -0.02198 -0.00222505 0.0154678 0.0303385 -0.0179201 -0.0112057 -0.016289 0 0.0143792 0 -0.00170518 -0.0103084 -0.0226453 5.02241e-05 0
internal_weight=13911.5 13314 558.767 12755.2 11207.7 10715.1 10568.7 1547.57 1445.2 597.505 867.253 492.581 355.663 577.947 339.514 240.354 99.1604 102.37 136.268 203.104 73.1363 182.812 129.968 53.6159
internal_count=25703 24869 806 24063 21299 20927 20829 2764 2421 834 1381 372 226 1040 694 501 193 343 240 580 221 413 359 198
is_linear=0
shrinkage=0.0971646


Tree=43
num_leaves=26
num_cat=0
split_feature=39 4 5 14 49 45 40 18 24 49 9 40 17 3 3 42 8 25 42 40 0 31 15 13 29
split_gain=28.7858 16.0661 12.146 7.51734 6.81263 7.18243 8.34989 8.85683 7.11861 6.18879 3.65955 3.03757 2.92747 1.97327 1.84074 1.5466 2.51958 2.42794 1.28907 1.23459 2.0751 1.3384 1.09751 0.825426 0.177156
threshold=47.189583333333339 1016.5500000000001 0.9121239210760721 35.800000000000004 922.85000000000002 9.5952451996923092 15.126447707854512 54.550000000000004 23.014698291692309 1008.1040776165629 1.8643443039406569 13.900785542915669 35.084355954512603 0.94177963842054224 1.4905370041889938 0.45966842452374274 17.275000000000002 18.920384728033632 0.33362274536331488 17.442387562134563 0.49944537339916317 5.0989197960499819 20.545000000000005 24.932122436516362 5.3171301385278591
decision_type=2 2 2 2 2 2 2 2 2 2 2 2 2 2 2 2 2 2 2 2 2 2 2 2 2
left_child=3 4 10 11 8 14 7 -7 12 -8 19 -1 13 -2 -6 18 17 -17 23 20 -3 -21 -18 -13 -10
right_child=1 2 -4 -5 5 6 9 -9 24 -11 -12 15 -14 -15 -16 16 22 -19 -20 21 -22 -23 -24 -25 -26
leaf_value=0.7650257891574811 0.081949295954979698 -0.032898117575073618 0.066453077861566526 -0.16636753888098429 0.061394703117078467 0.03688338064097748 -0.039394329632457731 0.0035256891330911629 0.16997926057288038 0.0092271003648430674 0.062803796403751458 0.03018938601438232 0.079862491659138835 -0.12509860610735768 0.28714552445093205 0.16584327147817687 -0.22389516933425982 -0.33805132025919654 0.069732548284933471 0.05313451510846904 0.070102661589295692 -0.041200612434690281 -0.16865222234963168 -0.18595348776834406 0.13265664750767844
leaf_weight=40.714600652456284 221.22710040211678 73.57052618265152 217.22628128528595 341.94845804572105 136.58289384841919 1117.4728217422962 2728.2764603495598 6062.3885028362274 330.76016825437546 1353.7566758394241 61.112579733133316 39.313700735569 46.093736559152603 287.02143287658691 138.28406730294228 70.457538098096848 70.234523355960846 82.081529289484024 56.692056655883789 51.238434463739395 120.42690068483353 111.21708282828331 71.854516595602036 53.709708154201508 27.846498996019363
leaf_count=85 838 189 131 162 110 854 4410 12201 1313 2601 56 101 25 996 73 175 88 206 100 107 255 206 196 126 99
internal_value=0.000376211 0.00151894 0.0165908 -0.0171295 0.000712365 3.47747e-05 -0.000308803 0.00164456 0.00878086 -0.00384771 0.00556784 -0.00800352 0.00102511 -0.000347724 0.0154989 -0.0109021 -0.0150898 -0.00286173 0 0.000471953 0.00663744 -0.00429828 -0.0249452 -0.00916859 0.0194817
internal_weight=13911.5 13084.5 634.792 827.007 12449.7 11536.8 11261.9 7179.86 912.949 4082.03 417.566 485.058 554.342 508.249 274.867 444.344 294.628 152.539 149.715 356.453 193.997 162.456 142.089 93.0234 358.607
internal_count=25703 24464 944 1239 23520 20249 20066 13055 3271 7011 813 1077 1859 1834 183 992 665 381 327 757 444 313 284 227 1412
is_linear=0
shrinkage=0.0971646


Tree=44
num_leaves=21
num_cat=0
split_feature=39 49 47 38 5 48 22 29 19 29 27 48 13 28 22 10 22 18 28 18
split_gain=26.9998 14.4389 14.1639 8.30508 7.1812 6.58856 6.0255 5.63014 3.0855 2.54033 2.02201 2.00853 1.90035 1.18441 0.780939 0.444861 0.281908 0.147888 0.143589 0.177882
threshold=44.991666666666674 1016.85 8.9366666666667633 21.738009562520304 -1.0003835812842181 921.6500000000002 8.6527330750484239 3.2925764060147649 16.774157218662616 4.3387457296725778 0.072511915622276421 928.05000000000007 35.504880027243125 1.0400027547340243 18.486304268431745 29.633286907569829 16.296057745859741 56.250000000000007 0.69823904885048926 61.104068777976373
decision_type=2 2 2 2 2 2 2 2 2 2 2 2 2 2 2 2 2 2 2 2
left_child=9 3 7 4 -2 10 -7 -3 11 12 -6 -5 13 18 16 -16 -4 -18 19 -1
right_child=1 2 14 8 5 6 -8 -9 -10 -11 -12 -13 -14 -15 15 -17 17 -19 -20 -21
leaf_value=-0.18541333458616308 -0.23987506737003314 0.047663276620914914 -0.040041225380727873 -0.31171208711195053 0.00069995290215772992 0.13968399658396707 0.0043097025858545605 0.043018669614174242 0.066619044331202582 -0.17631284911519854 0.10751622198867035 -0.14771254856985697 0.0077079986963290706 -0.21523964555177397 -0.27930980366053215 -0.0029897396351842506 0.18926903410931897 0.013125812052378635 0.043448535315474011 0.012785905907796217
leaf_weight=36.215201914310455 279.85468482971191 173.81301546096802 44.919518738985062 150.63840040564537 113.82751974463463 224.61994957923889 11440.912216991186 181.84968230128288 56.946994751691818 257.9912460744381 446.00439313054085 42.432489573955536 50.295657277107239 176.10918653011322 44.346564739942551 28.789766520261765 48.678925603628159 36.369334369897842 43.788983911275864 33.105063319206238
leaf_count=107 62 73 112 279 420 229 21346 153 148 140 1469 110 34 373 136 85 127 120 103 77
internal_value=0.0004811 0.00141969 0.0166999 0.000713096 0.00109751 0.00148292 0.00094741 0.028419 -0.0166127 -0.0196252 0.0118189 -0.0224656 -0.0115819 -0.014786 -0.00186643 -0.0103084 0 0.00538009 -0.00206051 -0.00505573
internal_weight=13911.5 13314 558.767 12755.2 12505.2 12225.4 11665.5 355.663 250.018 597.505 559.832 193.071 339.514 289.218 203.104 73.1363 129.968 85.0483 113.109 69.3203
internal_count=25703 24869 806 24063 23526 23464 21575 226 537 834 1889 389 694 660 580 221 359 247 287 184
is_linear=0
shrinkage=0.0971646


Tree=45
num_leaves=27
num_cat=0
split_feature=39 4 5 45 16 49 37 7 44 24 45 19 43 34 13 19 50 17 24 10 17 0 13 30 19 29
split_gain=21.647 15.9453 11.6261 7.17542 8.99643 6.01028 7.19198 10.3682 7.14463 6.17134 6.03795 9.13757 6.56895 5.05666 4.56814 3.62864 3.49552 2.93323 1.81906 1.60266 1.35996 2.10834 1.09888 0.552519 0.445361 0.100454
threshold=47.189583333333339 1016.5500000000001 0.9121239210760721 14.821197829334286 24.895000000000003 922.85000000000002 86.82083333333334 5.5600000000000005 1.0719076731263752 23.014698291692309 9.5952451996923092 9.547485170444391 9.8444221330855424 18.622708333333339 27.097491190795186 14.514739960433589 0.79454544801083282 35.084355954512603 21.282988613366161 26.462374339291202 16.305000000000003 0.49944537339916317 37.054356575786763 27.050499944695268 10.749625202392105 5.200680227370019
decision_type=2 2 2 2 2 2 2 2 2 2 2 2 2 2 2 2 2 2 2 2 2 2 2 2 2 2
left_child=3 5 15 4 16 9 10 8 -8 17 12 -12 -7 -9 19 -3 -1 18 -2 23 -17 -22 -5 -6 -18 -11
right_child=1 2 -4 22 14 6 7 13 -10 25 11 -13 -14 -15 -16 20 24 -19 -20 -21 21 -23 -24 -25 -26 -27
leaf_value=-0.0095560667008820002 -0.19903926629008675 0.044514860242551246 0.058001515797302269 -0.23384488017188643 0.17557300171743542 -0.0020712458063033025 0.028332662166870148 0.14373939205775774 -0.15837252227342016 0.14951293680524963 -0.063237584513817516 -0.0085790074116493548 0.17932398501624008 0.038329938327304164 0.039226875010243203 -0.032314013565843402 -0.20585767063418844 0.072266678299489115 0.036250335670499172 -0.15762330284072723 -0.038846123948732415 0.075162425947742986 -0.20680411258843606 -0.093069943457444862 -0.097214961425952401 0.11969910446732319
leaf_weight=66.566748201847076 129.83873242139816 107.16731509566307 217.22628128528595 102.45746374130249 49.042215585708618 135.34142220020294 1371.5405816733837 148.21465277671814 137.97240626811981 325.30671399831772 247.26718285679817 8470.1405389606953 139.52553895115852 886.75909823179245 114.99071887135506 52.47682985663414 142.95615953207016 46.093736559152603 378.40980085730553 43.994355857372284 130.95046758651733 126.97091135382652 121.18124830722809 90.760318160057068 95.057403326034546 33.299953252077103
leaf_count=131 442 87 131 171 91 131 3484 76 139 1292 248 14472 52 1647 118 54 217 25 1392 70 330 342 37 277 127 120
internal_value=0.000500484 0.00149503 0.0165094 -0.014669 -0.00808857 0.0006914 5.25992e-05 0.00464504 -0.000220121 0.00827126 -0.00120057 -0.00169277 0.0127232 0.0121321 0.00267 0.00568698 -0.019953 0.000989563 -0.000386473 -0.00509446 0 0.00323599 -0.0301976 0 -0.0253969 0.0182457
internal_weight=13911.5 13084.5 634.792 827.007 603.368 12449.7 11536.8 2544.49 1509.51 912.949 8992.27 8717.41 274.867 1034.97 298.788 417.566 304.58 554.342 508.249 183.797 310.398 257.921 223.639 139.803 238.014 358.607
internal_count=25703 24464 944 1239 1031 23520 20249 5346 3623 3271 14903 14720 183 1723 556 813 475 1859 1834 438 726 672 208 368 344 1412
is_linear=0
shrinkage=0.0971646


Tree=46
num_leaves=23
num_cat=0
split_feature=18 4 49 3 40 26 34 15 2 2 29 30 4 17 46 40 2 1 20 42 1 0
split_gain=20.0926 15.8738 8.5879 6.25168 5.89919 8.85796 6.71445 5.85001 6.58345 5.71227 5.12776 4.51033 4.42711 3.49 2.46751 2.36243 0.972731 1.02993 0.818912 0.716825 0.669058 0.0427104
threshold=23.729257023471508 1016.5500000000001 1016.85 0.96095057385470317 19.31508712196327 11.531433387294726 19.472291666666671 16.305000000000003 -0.60505606964884906 -0.56287810654187398 3.2627985261455801 27.386926948291109 929.05000000000007 13.385000000000003 1.6549663586239995 17.766091654587431 0.96457844552971317 0.70075845884162402 15.947817185246345 1.3052771006187662 0.96460524310950191 0.49944537339916317
decision_type=2 2 2 2 2 2 2 2 2 2 2 2 2 2 2 2 2 2 2 2 2 2
left_child=3 4 16 20 5 -2 13 14 -9 11 -4 -8 -11 -6 -7 -12 17 21 -18 -5 -1 -3
right_child=1 2 10 19 6 7 9 8 -10 12 15 -13 -14 -15 -16 -17 18 -19 -20 -21 -22 -23
leaf_value=0.070728430929357849 0.15175171495625561 0.062112051284894679 0.051884828939982551 -0.0919918740868121 -0.0056329543967586354 -0.019194855968397564 -0.097988927801590506 -0.015562853168826553 0.020304685499499524 -0.13010859258069041 0.043196904351631933 0.41509997624767714 -0.0114352396649732 0.049315502330479953 -0.067110855930940017 -0.0011760738090191133 0.033797635708166927 -0.08184376242971067 -0.1469321793490172 -0.18314195629389962 -0.07735002455107208 0.091472121153772554
leaf_weight=76.416471064090729 346.0505818426609 39.075109511613846 194.2930146753788 150.75710541009903 136.74420619010925 390.03989899158478 108.60370081663132 3622.5134412944317 6771.0547050237656 734.33965063095093 98.865135371685028 101.91490417718887 339.74556827545166 177.84512832760811 132.80463626980782 97.430064350366592 42.348041504621506 42.719960719347 68.051844328641891 113.44240352511406 74.444588750600815 52.008634716272354
leaf_count=116 102 75 146 146 43 543 385 6883 13885 1190 118 313 695 169 130 115 78 136 142 84 75 134
internal_value=0.000555217 0.00123462 0.0162172 -0.0203662 0.000458364 0.00127315 -0.0050051 0.00074475 0.00128635 -0.00827481 0.0251429 0.00495985 -0.0112716 0.00695485 -0.009156 0.0105515 8.28335e-05 0.00705825 -0.00457125 -0.0294748 -0.00137716 0.0132584
internal_weight=13911.5 13496.4 634.792 415.061 12861.7 11262.5 1599.19 10916.4 10393.6 1284.6 390.588 210.519 1074.09 314.589 522.845 196.295 244.204 133.804 110.4 264.2 150.861 91.0837
internal_count=25703 25282 944 421 24338 21543 2795 21441 20768 2583 379 698 1885 212 673 233 565 345 220 230 191 209
is_linear=0
shrinkage=0.0971646


Tree=47
num_leaves=32
num_cat=0
split_feature=39 4 45 47 20 16 47 18 1 7 47 50 37 6 13 49 22 34 1 34 49 27 15 50 13 10 0 30 22 1 18
split_gain=16.0048 14.1564 8.6471 7.73249 7.43775 7.06402 5.77724 7.8995 12.5301 8.55394 9.54588 8.29617 6.6792 5.69523 5.67295 5.49677 4.78192 7.16488 4.65263 3.80968 3.75253 2.9931 2.91487 2.15046 1.93905 1.66806 0.666 0.499392 0.441851 0.520116 0.225712
threshold=47.189583333333339 1016.5500000000001 14.821197829334286 8.9366666666667633 16.13027776960887 24.895000000000003 246.93333333333345 54.550000000000004 0.72654786141967487 11.375000000000004 433.14833333333337 0.69290435736716571 56.70416666666668 -0.019390332216831372 27.097491190795186 933.35000000000002 8.6527330750484239 17.790416666666669 0.99052327954040398 21.312708333333337 1009.3024140663634 0.72768550140672394 15.915000000000001 1.3736370688083646 37.054356575786763 26.462374339291202 0.20563325073728203 27.050499944695268 17.938839482245331 -0.034319876048209338 78.050000000000011
decision_type=2 2 2 2 2 2 2 2 2 2 2 2 2 2 2 2 2 2 2 2 2 2 2 2 2 2 2 2 2 2 2
left_child=2 6 5 4 -3 18 13 9 11 10 -8 -9 -10 15 25 22 -15 -18 23 -6 -11 -17 -2 26 -4 27 -1 -7 30 -30 -5
right_child=1 3 24 28 19 14 7 8 12 20 -12 -13 -14 16 -16 21 17 -19 -20 -21 -22 -23 -24 -25 -26 -27 -28 -29 29 -31 -32
leaf_value=0.10949702498024994 -0.078059479770099582 0.055315645410331918 -0.19852513076065456 0.10045981327645244 -0.0010618010474746297 0.17115546980388013 -0.045991825131838068 0.028872694479778273 0.036305204869392843 -0.085955857835436522 0.045983461657189209 -0.029342205068007905 -0.37403989642191543 0.10861682295287294 0.037601204431729353 0.060065173940632842 -0.025987703890778736 0.040660282503962732 -0.16950386636581632 0.059885064165583847 0.029211298269501251 -0.024024054552578923 -0.044215058565132713 -0.22237744056305567 -0.16891515204630833 -0.12966594334334555 -0.10365662958954869 -0.07405120980560409 0.004494794983165561 -0.32512690375414782 -0.082915920387229919
leaf_weight=74.467405498027802 313.17204940319061 191.50464463233948 102.45746374130249 59.570393145084381 129.25801503658295 49.042215585708618 346.26766726374626 832.5364747941494 83.950919181108475 459.17151489853859 837.82172426581383 2565.9370125234127 280.11680939793587 123.00659665465355 114.99071887135506 591.8698253929615 425.70146834850311 4009.9763463437557 127.27293965220451 144.51577162742615 383.89692687988281 517.87656092643738 678.40846273303032 53.527381509542465 121.18124830722809 43.994355857372284 49.312584400177002 90.760318160057068 38.388981729745865 41.930673897266388 29.623325109481812
leaf_count=144 299 83 171 195 107 91 469 1697 196 834 646 3683 323 39 118 1397 176 9875 167 207 669 1148 2069 63 37 70 101 277 131 137 84
internal_value=0.000557172 0.00141616 -0.0124751 0.0155653 0.0220426 -0.00547573 0.000656867 -0.00154148 -0.0042245 0.00322706 0.00865952 -0.00223953 -0.0214213 0.00263182 0.00402026 -0.00139839 0.0045828 0.00393382 -0.0161269 0.00941353 -0.0039021 0.00303479 -0.00678312 -0.00300699 -0.0291535 -0.004759 0.00110889 0 0 -0.00679867 0.00186362
internal_weight=13911.5 13084.5 827.007 634.792 465.278 603.368 12449.7 5789.7 3762.54 2027.16 1184.09 3398.47 364.068 6660.01 298.788 2101.33 4558.68 4435.68 304.58 273.774 843.068 1109.75 991.581 177.307 223.639 183.797 123.78 139.803 169.513 80.3197 89.1937
internal_count=25703 24464 1239 944 397 1031 23520 8517 5899 2618 1115 5380 519 15003 556 4913 10090 10051 475 314 1503 2545 2368 308 208 438 245 368 547 268 279
is_linear=0
shrinkage=0.0971646


Tree=48
num_leaves=26
num_cat=0
split_feature=18 6 4 44 22 49 19 22 5 47 5 7 2 18 35 10 9 1 15 27 21 45 45 24 44
split_gain=19.1065 15.1112 12.3562 8.3246 8.19662 9.55801 8.9083 11.4288 8.24009 7.72545 6.87984 5.84439 5.19366 3.22648 6.83528 5.99885 5.34704 2.61807 2.58014 2.01286 1.38615 0.926792 0.874756 0.73781 0.139677
threshold=36.850000000000001 -0.97454454254772638 1016.5500000000001 1.265479033085134 9.5739094293819011 930.25000000000011 15.72261470646197 14.096703376725836 -1.0003835812842181 539.20833333333337 0.9121239210760721 13.710000000000004 -0.18349181941676576 70.509793015522021 3.0738234167777372 35.853389217158444 1.8643443039406569 0.44236413956135423 23.565000000000001 0.92612211058441507 16.471957114657759 14.67393830240337 13.048307178513364 18.787943955231693 0.74099976723097216
decision_type=2 2 2 2 2 2 2 2 2 2 2 2 2 2 2 2 2 2 2 2 2 2 2 2 2
left_child=3 9 4 12 5 -3 7 -6 -8 13 17 -5 20 14 16 -16 -2 18 -4 24 -1 22 -13 -19 -14
right_child=1 2 10 11 6 -7 8 -9 -10 -11 -12 21 19 -15 15 -17 -18 23 -20 -21 -22 -23 -24 -25 -26
leaf_value=0.029100610532956407 -0.086226538992336565 -0.0092878659372145431 0.050618699759642075 -0.031514285460626248 0.002907729727088458 0.14660022096204395 -0.24517985228784739 -0.10052484213744557 0.02596094818421843 0.01262507609090179 0.033669317507801201 -0.18729226086542172 0.23523748754074 -0.23392949046412551 -0.068723273954580388 -0.19662937040777728 0.076038851973560154 -0.15688062366130187 -0.092766616446039035 -0.1873811848094086 -0.017433706419056994 -0.20229225003581053 -0.016186481552621198 0.045464936661945503 -0.12023422149329542
leaf_weight=99.770308911800385 180.88506770133972 244.56367665529251 245.12439367175102 101.20418977737427 1801.6711792945862 214.78593453764915 213.99201917648315 985.90161973237991 8061.8077169656754 98.443472594022751 198.22330522537231 133.88677418231964 41.961033016443253 166.51762527227402 286.89183640480042 116.52341604232788 80.677344769239426 41.295494884252548 58.200281262397766 128.64674919843674 104.54383569955826 198.15158233046532 70.6482974588871 35.608647525310516 67.872962087392807
leaf_count=79 283 135 399 165 1806 82 48 1514 18975 22 137 258 75 176 426 27 45 90 156 158 100 109 77 100 185
internal_value=0 0.000988334 0.00193647 -0.0132866 0.00119864 0.013919 0.000628303 -0.0040654 0.00226175 -0.0108588 0.015818 -0.0219236 -0.00241915 -0.0141598 -0.00999464 -0.0179612 0.000743732 0.00659164 0.0112079 -0.0127947 0.00764294 -0.0271395 -0.0169836 -0.00601228 0
internal_weight=13977.8 13031.1 12101.2 946.686 11522.7 459.35 11063.4 2787.57 8275.8 929.939 578.452 503.891 442.795 831.495 664.978 403.415 261.562 380.229 303.325 238.481 204.314 402.687 204.535 76.9041 109.834
internal_count=25627 24421 23442 1206 22560 217 22343 3320 19023 979 882 609 597 957 781 453 328 745 555 418 179 444 335 190 260
is_linear=0
shrinkage=0.0971646


Tree=49
num_leaves=33
num_cat=0
split_feature=6 38 48 15 0 0 42 31 48 40 2 1 22 50 45 29 43 8 18 4 42 49 26 39 21 30 39 13 49 22 22 8
split_gain=17.506 17.7283 12.4543 10.1222 7.04062 6.84028 6.68829 5.90274 8.19926 16.4404 10.3947 5.77399 6.19315 5.67726 7.25876 7.16541 7.11095 4.39031 3.8196 2.72113 3.01128 2.55422 5.51107 2.48984 2.41378 3.39263 2.40158 1.27212 0.85781 0.661118 0.464845 0.462462
threshold=-0.30382685462602216 15.801926183025161 1016.5500000000001 13.385000000000003 -0.84265616450606584 0.49944537339916317 0.67759300633855502 4.2981496980602509 1008.0055982046869 14.36736785380557 -0.58989821594007685 0.12068463117705984 23.164297298822003 2.1204655664293259 9.5952451996923092 1.3794557542048465 17.915225270274778 7.5900000000000025 54.550000000000004 1007.0032254248005 0.55867937778557775 925.02171683892095 22.097127112592798 48.354166666666664 22.679083852683373 30.615609454983481 76.906250000000014 33.992549743851619 1015.1500000000002 17.342432359204661 18.934022142091592 8.4250000000000007
decision_type=2 2 2 2 2 2 2 2 2 2 2 2 2 2 2 2 2 2 2 2 2 2 2 2 2 2 2 2 2 2 2 2
left_child=1 4 3 -2 -1 29 18 11 9 -9 -10 17 -13 14 15 -5 -16 -6 24 20 -15 22 -8 -24 25 -3 -20 28 -23 -4 -21 -28
right_child=2 6 5 13 7 -7 21 8 10 -11 -12 12 -14 19 16 -17 -18 -19 26 30 -22 27 23 -25 -26 -27 31 -29 -30 -31 -32 -33
leaf_value=-0.40810345123337149 0.14362877930644838 0.026475958467667364 0.041047353491605834 0.23349931474990207 -0.060233171074154941 0.030058824908289556 0.015922947313308521 0.057604616577773639 -0.11650563173999756 -0.04700093422784505 0.0099996269235319082 -0.048184288775562564 -0.24705888441736229 -0.0040773639502563767 -0.012159845415856524 0.0092133897310639548 0.043849353506538888 0.086466352828845114 -0.49977434036174512 0.42514035904858533 -0.14694307198972265 -0.26952480790837768 -0.20471663093150283 -0.11549934905877791 0.032808310360657449 -0.29211176301599734 0.11018609051725206 -0.19392319603481303 -0.017156976989476228 -0.10431512356219196 -0.37005797971482673 -0.13905919598117225
leaf_weight=98.811867237091064 115.14619994163513 236.29891937971115 66.855590671300888 152.39101347327232 599.49698674678802 244.14181336760521 88.892483919858932 1275.5612420141697 402.64592063426971 427.69193023443222 1227.2107921540737 594.01467263698578 166.14580473303795 81.847122371196747 2964.3609966337681 142.77254250645638 3534.9067322313786 241.66448763012886 57.675120621919632 41.774769097566605 169.76244819164276 174.41477200388908 76.253355264663696 71.287934869527817 110.43936848640442 72.897771090269089 42.345339208841324 256.90014716982841 39.365866929292679 57.846053212881088 49.849109709262848 96.129590004682541
leaf_count=20 22 573 101 70 1055 159 85 1713 231 1016 2025 1040 110 121 3974 136 10861 385 48 97 160 471 18 158 42 32 125 162 95 136 108 278
internal_value=6.47536e-05 -0.0036684 0.00323423 0.0022778 -0.000943271 0.0207233 -0.0136892 -0.000333472 0.00190268 0.00668793 -0.00283981 -0.00524882 -0.011373 0.00174665 0.00241511 0.0173958 0.00166141 0 -0.00527728 -0.0101593 -0.0155322 -0.0203605 -0.00883047 -0.0210147 0 -0.00442869 -0.0163586 -0.0251587 -0.0147423 0 0.000109918 -0.00522672
internal_weight=13977.8 6356.14 7621.65 7252.81 5033.24 368.843 1322.9 4934.43 3333.11 1703.25 1629.86 1601.32 760.16 7137.66 6794.43 295.164 6499.27 841.161 615.786 343.233 251.61 707.115 236.434 147.541 419.636 309.197 196.15 470.681 213.781 124.702 91.6239 138.475
internal_count=25627 9682 15945 15549 7595 396 2087 7575 4985 2729 2256 2590 1150 15527 15041 206 14835 1440 1098 486 281 989 261 176 647 605 451 728 566 237 205 403
is_linear=0
shrinkage=0.0971646


Tree=50
num_leaves=23
num_cat=0
split_feature=6 19 15 48 45 23 40 4 9 24 6 34 47 16 19 12 12 8 22 0 1 22
split_gain=12.5567 13.5117 9.9097 10.0261 6.87748 5.28487 5.59722 6.87415 5.20936 5.48095 6.25409 6.00081 5.47001 5.06644 4.95854 4.50311 4.41532 2.91745 4.08111 2.70449 0.226453 0.0939966
threshold=-0.36545817500289812 12.622978378444969 13.385000000000003 1016.5500000000001 14.67393830240337 26.224224139283443 15.225518184234309 930.6500000000002 5.2233646409586632 25.359416493624213 -0.97454454254772638 28.245625000000008 539.20833333333337 23.465000000000003 14.078969004519573 25.794943501784083 24.80155433896994 16.445000000000004 11.985925665703517 0.70281240686024138 0.74409704927257569 17.342432359204661
decision_type=2 2 2 2 2 2 2 2 2 2 2 2 2 2 2 2 2 2 2 2 2 2
left_child=1 4 -2 5 13 6 7 -4 9 10 12 -12 -3 17 -5 -7 -8 18 -1 21 -19 -16
right_child=2 8 3 14 -6 15 16 -9 -10 -11 11 -13 -14 -15 19 -17 -18 20 -20 -21 -22 -23
leaf_value=0.0030527329108885871 0.21743360002619666 -0.073232202286082043 0.080354719577687583 0.031938139427563038 -0.17408071419138035 -0.0050613709946239231 -0.036424481493010349 0.018939465543358593 0.068459313185045501 -0.20255646986858877 -0.0122439353659734 0.027762534499897074 0.012494085205499213 0.010531867595713635 0.0074305271531927945 -0.13485706321932475 0.0093885597011083202 -0.029975144937745859 -0.26051726660268504 0.021999762369783227 -0.3119766981660288 -0.050814838232570894
leaf_weight=182.63079586625099 117.68311750888824 849.34233975410461 1198.1294287145138 109.24992352724075 152.13837710022926 127.07744401693344 1023.2062438726425 2048.914924710989 161.3776567876339 448.36936196684837 2752.2424667179585 1308.9160417914391 126.85296699404716 113.12023997306824 65.537510514259338 231.95118397474289 2530.5919345915318 40.446480005979538 76.478069454431534 124.29676485061646 122.0231508910656 67.222340792417526
leaf_count=344 24 979 3522 38 92 103 1900 5426 51 149 6279 1176 30 70 107 141 4439 78 148 103 282 146
internal_value=0.000451811 -0.00271081 0.0031283 0.00262224 -0.0155951 0.00175016 0.00240837 0.0053273 -0.00106076 -0.00164126 -0.000631945 0.000955132 -0.00765299 -0.00918866 0.0183598 -0.00945586 -0.000140861 -0.0144221 -0.00564166 0.00852795 -0.0254898 0
internal_weight=13977.8 6333.94 7643.86 7526.18 686.837 7159.87 6800.84 3247.04 5647.1 5485.72 5037.35 4061.16 976.195 534.699 366.307 359.029 3553.8 421.578 259.109 257.057 162.47 132.76
internal_count=25627 9678 15949 15925 1014 15531 15287 8948 8664 8613 8464 7455 1009 922 394 244 6339 852 492 356 360 253
is_linear=0
shrinkage=0.0971646


Tree=51
num_leaves=24
num_cat=0
split_feature=4 39 45 5 2 15 12 1 48 42 46 26 29 4 26 31 34 45 25 27 9 15 50
split_gain=12.1753 9.31283 12.7463 7.06314 6.23903 5.80205 5.85198 8.72742 8.11022 8.36537 5.24289 6.40525 5.00392 4.96194 3.83028 3.52706 3.0755 2.37162 2.29299 2.30285 2.20827 1.11861 0.16448
threshold=1014.85 46.060416666666676 14.67393830240337 0.9121239210760721 0.96897393274411414 13.385000000000003 24.80155433896994 0.071975062632924844 1005.4054949322053 0.088964642051880524 1.4634420535844348 20.639561814091639 5.9475846440210196 929.95000000000016 11.531433387294726 4.7215297131547871 18.622708333333339 15.317732703259525 20.090339461323577 0.78518791639902008 -3.5827504078133638 25.695000000000004 1.3150000000000002
decision_type=2 2 2 2 2 2 2 2 2 2 2 2 2 2 2 2 2 2 2 2 2 2 2
left_child=1 2 10 17 -5 -3 7 13 12 -10 -1 14 -8 -7 -12 -4 -9 -2 19 22 -20 -22 -19
right_child=3 5 15 4 -6 6 8 16 9 -11 11 -13 -14 -15 -16 -17 -18 18 20 -21 21 -23 -24
leaf_value=-0.24220924935073115 0.20664640252171665 0.057464237581288172 -0.026819345368465908 0.077190671548218875 0.01629579138544766 0.047156299666891534 0.024618028875252218 0.0044679721981915202 -0.16086084535603892 0.0011629216380118635 0.019824165573320396 0.052819207093435683 0.10612997914219598 -0.029585846453379829 -0.095263103132263355 -0.18257232086789235 -0.12796727646096367 -0.01756449730274174 -0.12589472354209572 -0.035450316173457654 0.03967644185826176 -0.035975858215481347 0.027222278566422186
leaf_weight=65.680383086204529 99.927530527114868 202.8791306912899 109.07015731930733 177.77105289697647 126.94346490502357 1192.9036174714565 3399.818745136261 224.11891978979111 246.30427625775337 3777.4717631936073 65.879521369934082 107.40558913350105 146.54032444953918 1535.8759696185589 260.49194118380547 132.70023104548454 1509.6713764667511 132.36132368445396 62.292015939950943 76.921259731054306 220.19753438234329 40.530378490686417 64.042257606983185
leaf_count=87 159 168 134 173 92 3895 6357 192 166 6273 20 87 76 2326 625 73 3289 407 150 125 454 135 164
internal_value=0.000596428 -0.000168756 -0.0107451 0.0109122 0.0235644 0.000439566 0.000127024 -0.00262421 0.00180562 -0.00109299 -0.000939903 0.00209947 0.00521281 0.000658676 -0.00361009 -0.0289976 -0.00802901 0.00468744 0.00152948 -0.00403705 0.00754238 0.0120261 0
internal_weight=13977.8 12976.8 741.228 1000.99 304.715 12235.6 12032.7 4462.57 7570.14 4023.78 499.457 433.777 3546.36 2728.78 326.371 241.77 1733.79 696.272 596.345 273.325 323.02 260.728 196.404
internal_count=25627 23768 1026 1859 265 22742 22574 9702 12872 6439 819 732 6433 6221 645 207 3481 1594 1435 696 739 589 571
is_linear=0
shrinkage=0.0971646


Tree=52
num_leaves=31
num_cat=0
split_feature=48 38 5 5 50 14 31 19 26 17 24 9 18 22 3 36 18 26 10 27 14 17 0 18 16 19 28 27 32 19
split_gain=11.3313 9.27382 10.0698 7.90554 8.19773 6.87226 5.70596 5.36865 5.38848 5.3094 6.98988 5.98195 5.21571 5.19324 4.69506 4.26519 3.40986 2.59585 2.91378 2.57822 1.77911 1.01456 0.903429 1.14742 1.34641 0.681379 0.646601 0.750068 0.0230632 0.0197953
threshold=1013.85 16.128797413206701 -1.0003835812842181 0.9121239210760721 1.3736370688083646 25.745000000000001 6.8454919639534557 13.443881977260491 21.844001012086878 14.175000000000002 16.029110187328577 3.6108972423827717 55.410284923000013 23.277607512181486 0.94177963842054224 6.1046566587895024 74.450000000000017 17.588924722199927 18.053308867476471 1.1304646488375558 31.2179200036529 16.305000000000003 0.49944537339916317 55.410284923000013 24.035000000000004 17.334206671682661 1.2522788674416756 0.78518791639902008 1.0911194520694736 22.674140153216154
decision_type=2 2 2 2 2 2 2 2 2 2 2 2 2 2 2 2 2 2 2 2 2 2 2 2 2 2 2 2 2 2
left_child=1 6 -3 17 28 15 9 8 -7 11 14 -1 -9 -12 -11 16 -4 18 21 -17 29 -2 23 25 -25 -19 -24 -28 -5 -8
right_child=3 2 5 4 -6 7 20 12 -10 10 13 -13 -14 -15 -16 19 -18 22 -20 -21 -22 -23 26 24 -26 -27 27 -29 -30 -31
leaf_value=-0.030484526137636778 -0.019673462346759808 -0.29714988695223726 0.01385516089460667 0.016217084384741242 0.064545195464350419 -0.089894039093380229 0.16372504695551682 0.012223609728775685 -0.16485535829575715 -0.14391435860358903 0.018253129751044053 0.055507619685728177 -0.27600997032584634 -0.016663701399376341 -0.01398063106139579 -0.03475783484076047 -0.054924292409320438 -0.040599498534545357 0.14741421523697931 0.20409885502318745 0.046543710312911782 0.021775638064055514 -0.021691183063838621 -0.15467846253681475 0.019704002104563093 0.2659488641770979 0.21278558712862419 0.0047899339315364258 -0.0085682604966742949 0.061363036529267688
leaf_weight=280.049913585186 111.14976516366005 74.213737964630127 157.12458717823029 69.598894685506821 201.80651265382767 358.13562199473381 34.696835726499557 606.24138107895851 124.89788663387299 386.56542447209358 5341.2374549806118 536.35795420408249 338.28713741898537 3085.9971133768559 557.911352455616 110.76276779174805 310.86569508910179 51.774616301059723 133.41565638780594 296.19332134723663 52.412713229656219 107.78992426395416 67.46530556678772 188.66056331992149 114.01687228679657 46.845278888940811 79.651944309473038 56.997684448957443 69.116048008203506 27.558799564838409
leaf_count=136 102 17 297 109 138 674 119 952 59 676 12669 136 860 4580 495 292 469 135 225 514 19 128 222 551 340 127 296 153 68 69
internal_value=0.000414957 -0.000439067 -0.00592761 0.00906534 0.0220148 -0.00455457 0.00078702 -0.00875988 -0.017344 0.000498268 -0.000112701 0.00800722 -0.00387852 0.000730372 -0.00806403 0.00182725 -0.00386351 0.00396275 0.0105557 0.00939281 0.0221483 0.00138949 0 -0.00258045 -0.00619929 0.00418194 0.00530874 0.00924717 0.000485796 0.00233209
internal_weight=13977.8 12679.5 2376.72 1298.29 340.521 2302.51 10302.8 1427.56 483.034 10188.1 9371.71 816.408 944.529 8427.23 944.477 874.946 467.99 957.768 352.355 406.956 114.668 218.94 605.412 401.297 302.677 98.6199 204.115 136.65 138.715 62.2556
internal_count=25627 23033 4134 2594 315 4117 18899 2545 733 18692 18420 272 1812 17249 1171 1572 766 2279 455 806 207 230 1824 1153 891 262 671 449 177 188
is_linear=0
shrinkage=0.0971646


Tree=53
num_leaves=41
num_cat=0
split_feature=6 38 37 31 18 47 50 18 43 50 6 35 40 3 17 3 38 16 26 10 48 45 40 31 30 40 33 3 43 44 47 44 42 45 1 1 27 30 8 38
split_gain=9.04478 8.24347 7.3485 6.60829 6.35617 7.5251 9.81672 6.65017 6.54495 6.07325 5.83111 5.81841 5.18549 5.14719 5.08597 4.57908 6.12458 4.53289 4.50233 9.74172 3.94964 2.56366 3.31704 2.50704 2.57105 2.51954 2.26123 2.22665 2.49276 2.451 2.41378 1.26177 1.17643 0.931529 0.794754 0.559438 0.51384 0.509459 0.303313 0.0507274
threshold=-0.50008149503200283 14.602717419982786 51.420833333333341 3.2532752064789952 55.410284923000013 372.1283333333335 1.9130774505229218 73.950000000000017 22.647597747762273 0.40319013394726161 -0.97454454254772638 3.2039749992773232 20.471383123674656 1.3605483668104323 29.475000000000005 1.7713567870326516 20.536167070735548 25.231135787410036 26.216029304024026 38.197406056935115 1006.4090892295194 10.447851149007205 20.471383123674656 5.2944293646361587 30.944507234881453 13.492645267594021 1.9919124330579374 0.88443805128769737 14.986749826576551 2.5618502270310617 628.20833333333337 2.1301996399019614 0.31919034451813783 14.326506402201121 0.5772862706790628 0.64969241259417376 1.0166201503151886 25.23467080809554 6.6800000000000024 4.3642441644172907
decision_type=2 2 2 2 2 2 2 2 2 2 2 2 2 2 2 2 2 2 2 2 2 2 2 2 2 2 2 2 2 2 2 2 2 2 2 2 2 2 2 2
left_child=1 3 21 26 8 7 11 12 23 14 20 -7 -6 -9 38 16 18 -12 19 -3 -11 22 31 25 -25 -4 39 33 29 -29 -30 -2 -8 -23 -17 -18 -35 -28 -5 -1
right_child=2 15 4 9 5 6 32 13 -10 10 17 -13 -14 -15 -16 34 35 -19 -20 -21 -22 27 -24 24 -26 -27 37 28 30 -31 -32 -33 -34 36 -36 -37 -38 -39 -40 -41
leaf_value=-0.11160355347238905 0.26269933097151404 -0.03295333835650803 0.16329403648905846 -0.13213934133761021 0.23981094424540633 0.042959834846035071 -0.11434534415406168 0.0039433766592074622 0.10938792121880808 0.020022235932998986 -0.028697574280643592 -0.09001160156177164 -0.10113810019612528 0.022799910666929272 0.090160230880325529 -0.09668965224101142 -0.16255744689957002 0.043864689042771104 -0.22877271492001899 0.027976324363295089 -0.090312106175260157 0.25192528751131699 -0.10103940199159243 0.1393430767130821 -0.24508261421699998 0.024892604612808251 0.12728807500953204 -0.19796644100952482 -0.12515257530684312 -0.027506508009960216 0.30113218598134084 0.011576974194643935 -0.46532774406221977 -0.3224272041853255 -0.19133130056245112 -0.15897828456129295 0.12250512446528466 -0.19857459507497136 0.047974042632901351 -0.28261235885888247
leaf_weight=46.611990988254547 59.100929319858551 631.56230419874191 96.954077452421188 46.465095221996307 553.57981139421463 685.42565327882767 96.094635009765625 3931.400918841362 148.85490030050278 163.99887675046921 1113.5548069477081 455.34596157073975 93.122614771127701 1590.6622231304646 187.80306306481361 135.74434798955917 54.555470794439316 1136.4247326254845 78.469450801610947 87.793082386255264 580.48572710156441 44.082709312438965 79.143988877534866 62.30735120177269 53.369534105062485 237.57055068016052 52.325049310922623 254.52893900871277 186.55306920409203 76.32928341627121 39.450571864843369 53.652097702026367 133.72305873036385 40.536794871091843 138.15506812930107 177.05379697680473 47.460456758737564 88.765579760074615 98.880475282669067 139.89971524477005
leaf_count=141 88 1258 101 97 1054 1292 81 9523 62 309 2442 885 113 2142 125 106 147 1293 19 31 417 102 144 177 26 454 171 567 519 214 37 108 127 73 100 250 138 169 299 226
internal_value=0.000367381 -0.00292811 0.00222682 -0.00043687 0.00317425 0.00233661 -0.00401979 0.00381931 0.0129432 0.000743092 -0.000510059 0 0.0132864 0.00262674 0.0131803 -0.00957107 -0.00597474 0.00180436 -0.00132877 0.000548323 -0.00805474 -0.00602502 0.00223134 0.00581628 -0.00400809 0.0104833 -0.013611 -0.00894118 -0.011677 -0.0172489 -0.00153737 0.0144693 -0.0222127 0 -0.0213352 -0.019938 -0.00290196 -0.00082641 0 -0.0208641
internal_weight=13977.8 4958.55 9019.25 3655.22 8138.41 7539.35 1370.59 6168.77 599.056 3327.61 2994.46 1140.77 646.702 5522.06 333.149 1303.33 1029.43 2249.98 797.825 719.355 744.485 880.839 191.897 450.202 115.677 334.525 327.602 688.942 556.862 330.858 226.004 112.753 229.818 132.08 273.899 231.609 87.9973 141.091 145.346 186.512
internal_count=25627 7600 18027 5689 16037 15217 2385 12832 820 4982 4461 2177 1167 11665 521 1911 1705 3735 1308 1289 726 1990 340 758 203 555 707 1650 1337 781 556 196 208 313 206 397 211 340 396 367
is_linear=0
shrinkage=0.0971646


Tree=54
num_leaves=34
num_cat=0
split_feature=41 4 23 40 0 22 23 5 17 43 16 26 3 17 30 8 1 3 2 31 1 23 16 18 22 24 28 1 45 23 29 3 25
split_gain=8.98727 8.67505 8.29601 7.06683 6.90767 5.50858 8.01747 7.00168 6.87213 5.41484 4.88518 4.78121 4.72181 5.02916 4.85005 3.66778 2.65635 3.76025 2.549 2.00767 2.49052 1.28715 1.15918 1.6333 1.0638 1.32618 1.0032 0.539394 0.35535 0.241293 0.203348 0.112522 0.0946214
threshold=24.596282812588367 1013.85 26.740892222701156 19.614160211310057 0.49944537339916317 24.457786643241025 26.740892222701156 -1.0088374672093419 31.205000000000002 23.530311358474599 23.765000000000004 26.028245446356525 0.91323839304739363 14.175000000000002 19.983714189022724 7.9323140419348697 0.53436760985011655 1.6704927179738946 -0.56287810654187398 5.9446326625425074 0.46459913687673576 25.42449885675207 25.151842438807559 92.15000000000002 18.35221911288787 22.394324239088146 0.86821279738715174 0.59817537509284302 24.139986055214081 20.323547348299044 3.5353252988037407 1.3441359010203804 19.340167059451581
decision_type=2 2 2 2 2 2 2 2 2 2 2 2 2 2 2 2 2 2 2 2 2 2 2 2 2 2 2 2 2 2 2 2 2
left_child=1 3 11 5 22 7 9 -1 -9 -7 19 15 26 -14 -15 21 17 -12 -18 20 -5 -2 24 30 29 -26 32 -28 -17 -3 -24 -25 -6
right_child=2 4 -4 10 12 6 -8 8 -10 -11 16 -13 13 14 -16 28 18 -19 -20 -21 -22 -23 23 31 25 -27 27 -29 -30 -31 -32 -33 -34
leaf_value=-0.14942808558310119 0.070765351028892559 -0.062257609235800954 0.05228547379230962 -0.0039351324769777256 -0.038227040911395289 -0.095564688905569864 -0.16434852052009202 0.0021863728525761753 0.020932378353006497 0.046515780275737759 -0.0048771988842695076 -0.16160136941209327 -0.0033454698046084686 -0.0032413085740948529 0.084279039425734295 0.039423980194605364 0.33171544066299347 0.042038106726620054 -0.055193988293656772 0.088278791711638396 -0.16517938678054017 0.15707309778795309 0.33502552600302682 -0.12029685608622699 -0.18773723730881603 0.11547726632301407 0.11485319603919567 -0.070968587657542548 -0.084151076800298055 0.16708455141532327 0.035172026011562628 0.010598308177709832 -0.024663974702933109
leaf_weight=227.38684630393982 39.928195387125015 110.52668669819832 211.85351267457008 139.5300056040287 35.66830837726593 220.71271190047264 135.7094050347805 7151.0108134448528 2660.1186454296112 398.12072363495827 141.68042975664139 119.78675875067711 98.749336451292038 76.716868370771408 482.90881934762001 42.030677825212479 69.007036924362183 69.246559083461761 445.50876188278198 48.752029687166214 426.57360529899597 77.307267010211945 51.265619099140167 42.183611571788788 102.37098261713982 28.598990797996521 96.297873139381409 30.369202017784119 43.075284093618393 47.133962988853455 32.604262173175812 42.582003057003021 34.744796186685562
leaf_count=50 145 308 85 210 78 186 39 17209 1927 523 238 78 73 28 684 82 226 33 751 131 837 113 136 116 303 100 309 85 106 140 84 67 115
internal_value=0.00124204 0.000716061 0.0136139 -6.17122e-05 0.00821303 0.000729674 -0.00717156 0.00136803 0.00179964 -0.00168688 -0.00673961 0.00224768 0.0133859 0.0173199 0.020905 0.0123487 -0.000691566 0.00768213 -0.00497363 -0.0131467 -0.0148643 0.0234183 -0.000561443 0.00459999 -0.00505667 -0.0114292 0 0.00531527 0 0 0.0147883 -0.000779486 -0.00889426
internal_weight=13980.1 13446.1 533.982 12133.4 1312.72 10793.1 754.543 10038.5 9811.13 618.833 1340.3 322.128 855.455 658.375 559.626 202.341 725.443 210.927 514.516 614.856 566.104 117.235 457.266 168.635 288.631 130.97 197.08 126.667 85.106 157.661 83.8699 84.7656 70.4131
internal_count=25595 24986 609 22360 2626 19934 748 19186 19136 709 2426 524 1372 785 712 446 1248 271 977 1178 1047 258 1254 403 851 403 587 394 188 448 220 183 193
is_linear=0
shrinkage=0.0971646


Tree=55
num_leaves=31
num_cat=0
split_feature=38 13 36 22 3 24 8 16 1 26 39 42 13 49 30 27 1 4 3 40 9 48 24 49 49 44 22 45 39 39
split_gain=8.58951 9.23134 8.80238 8.63179 14.1785 12.3668 7.65293 9.10487 7.18966 7.11984 7.11899 6.47322 6.08917 5.23965 3.77535 3.69315 3.52948 3.51036 3.42382 3.12842 2.98551 2.44731 1.80442 1.80195 1.79523 1.6255 1.12733 0.889351 0.854595 0.826702
threshold=16.128797413206701 37.054356575786763 13.216492211859427 21.661321629270365 1.4306643931217105 23.607051590919642 8.0950000000000042 27.262118080375302 0.83827194252655779 26.216029304024026 79.377083333333346 0.78304100677166766 27.241468544624748 1017.7500000000001 23.523678021833003 1.0618310077784316 0.46459913687673576 929.95000000000016 1.412807854211845 19.614160211310057 0.94166357714700066 1018.6500000000002 18.198574162800458 925.40716280392087 1009.1001973138279 0.6384093172155737 15.534335878385258 20.568905434327039 72.497916666666683 69.131250000000023
decision_type=2 2 2 2 2 2 2 2 2 2 2 2 2 2 2 2 2 2 2 2 2 2 2 2 2 2 2 2 2 2
left_child=1 8 6 5 25 11 -3 10 9 13 -8 14 22 17 16 18 -2 -1 20 -16 -10 -15 -13 -14 26 -5 -17 -20 -27 -26
right_child=3 2 -4 4 -6 -7 7 -9 15 -11 -12 12 23 21 19 24 -18 -19 27 -21 -22 -23 -24 -25 29 28 -28 -29 -30 -31
leaf_value=0.038310598833913176 -0.0065330386005579329 -0.13832196729916363 -0.021591717516979886 -0.099100574831136171 -0.36130747918283934 0.24873033524417476 0.095724028242023487 -0.0083960075091659894 -0.15344784328573952 -0.27619278617454091 0.0045670719800244416 0.039696829220993768 -0.041995468609910623 0.036982735382155754 0.053602445120214892 0.00086207823295136128 -0.2725607496977917 0.0031862306504214463 -0.31961500013267302 -0.0033827303020323289 -0.32328185009083737 0.0004126554350407474 -0.1333040016899866 -0.12603710094483664 0.1481156289107961 0.45907140193059898 -0.13429026328442448 0.007253556272683208 0.0068525496697474011 -0.19551970885894945
leaf_weight=2838.0407980680466 293.79502984881401 264.25008043646812 275.88046318292618 75.470923960208893 162.86428454518318 156.94328415393829 865.21017953753471 352.35031858086586 116.18343365192413 195.53208777308464 320.76381367444992 225.62371161580086 245.63895159959793 121.26106894016266 462.76597353816032 274.03861498832703 89.903905481100082 5001.2031041383743 61.304434984922409 233.00002545118332 112.50898176431656 92.453952103853226 111.49243327975273 340.86409369111061 119.57181832194328 32.969489187002182 344.94512689113617 61.642234563827515 101.86178037524223 29.7261942923069
leaf_count=7424 660 168 83 92 98 210 359 122 330 130 131 357 255 117 878 624 156 9682 138 423 134 87 300 572 343 90 1071 100 363 98
internal_value=0.00115798 0.00231453 0.00819594 -0.00389647 -0.0175805 -0.00131401 0.0107656 0.0134476 0.000961951 0.00199368 0.0175136 -0.00357162 -0.00958681 0.00248689 0.00119321 -0.00624197 -0.0059914 0.00201243 -0.0146511 0.00577479 -0.021635 0.0176523 0 -0.0155558 -0.0017978 0 -0.00453405 0 0.00553103 0.00661034
internal_weight=13980.1 11446.9 2078.45 2533.19 373.166 2160.03 1802.57 1538.32 9368.41 8248.49 1185.97 2003.08 923.619 8052.96 1079.46 1119.92 383.699 7839.24 351.639 695.766 228.692 213.715 337.116 586.503 768.282 210.302 618.984 122.947 134.831 149.298
internal_count=25595 21141 863 4454 643 3811 780 612 20278 17440 490 3601 1484 17310 2117 2838 816 17106 702 1301 464 204 657 827 2136 545 1695 238 453 441
is_linear=0
shrinkage=0.0971646


Tree=56
num_leaves=22
num_cat=0
split_feature=39 6 24 6 10 37 39 35 27 14 23 16 38 15 30 4 29 13 28 44 33
split_gain=7.97541 6.2805 5.22897 5.17348 4.63101 4.55986 8.21899 8.36465 5.60003 5.70172 4.5109 3.42679 3.26156 3.10607 4.33533 1.89526 1.61921 2.44041 3.56217 1.21388 0.318314
threshold=46.060416666666676 -1.0175463537064497 20.424181052275308 -0.99950589832346959 37.095007650148197 84.145833333333357 79.810007406095181 4.0943624970342691 1.0618310077784316 33.186514886838438 21.574149387348964 21.605000000000004 17.267446162225699 25.591969025016279 32.374060118326817 1008.2349810780099 4.3005078291950234 29.951976857748374 1.2522788674416756 1.1247149326633874 4.9544219528326892
decision_type=2 2 2 2 2 2 2 2 2 2 2 2 2 2 2 2 2 2 2 2 2
left_child=2 -2 4 13 16 8 7 -7 10 -10 -5 -8 20 14 15 -3 17 18 -1 -19 -4
right_child=1 3 12 5 -6 6 11 -9 9 -11 -12 -13 -14 -15 -16 -17 -18 19 -20 -21 -22
leaf_value=-0.0009998962672229932 0.025022800256326021 -0.00013674795195617223 -0.13385393700726247 -0.050628362334233214 0.010939845793732144 0.16886171836650912 -0.0091901214827015028 0.0062163606277705237 0.012598636185721251 0.068182328140167212 0.0030232136717019981 0.014916657300933427 -0.12037789090445414 -0.20909614803252308 0.043145574190727842 -0.14030324509367012 -0.13712247599563196 0.055452122087879467 -0.18150877781708372 -0.021233904671914303 -0.010510584489992657
leaf_weight=141.88815787434578 344.64428114891052 243.77179571986198 61.04267805814743 1420.8580101430416 75.653623431921005 472.25993123650551 617.73910793662071 300.5384387075901 3204.3841991126537 271.00026598572731 3558.6749355792999 2374.3934667408466 116.85916098952293 110.52036434412003 56.561717122793198 266.23156368732452 64.43339878320694 81.374209940433502 77.109052181243896 68.804795295000076 51.31743860244751
leaf_count=350 73 589 144 3241 22 899 1155 430 6438 144 5526 5635 52 40 28 357 43 99 154 124 52
internal_value=0.00117213 0.0017477 -0.00853797 0.00136346 -0.00205984 0.00184961 0.00467658 0.0136999 0.000539102 0.00356751 -0.00148975 0.0021922 -0.0208802 -0.00675243 -0.00290546 -0.00641767 -0.00669125 -0.00275546 -0.00997262 0.00497221 -0.00410218
internal_weight=13980.1 13241.6 738.483 12896.9 509.263 12219.8 3764.93 772.798 8454.92 3475.38 4979.53 2992.13 229.219 677.085 566.565 510.003 433.61 369.176 218.997 150.179 112.36
internal_count=25595 24555 1040 24482 792 23468 8119 1329 15349 6582 8767 6790 248 1014 974 946 770 727 504 223 196
is_linear=0
shrinkage=0.0971646


Tree=57
num_leaves=23
num_cat=0
split_feature=41 10 6 47 18 35 48 27 49 19 22 48 0 49 47 39 46 31 25 46 44 14
split_gain=8.17014 8.65065 6.80103 6.13709 10.8678 11.7895 7.54102 5.43082 4.82852 5.62579 9.05743 6.98602 4.82959 4.49291 4.89968 4.17321 3.99998 3.28938 3.16968 1.92691 0.769864 0.611698
threshold=24.48002406854944 38.920567712169436 -1.4005795416588087 546.35333333333335 57.807227503574154 5.0607945235710474 1005.4054949322053 1.0402094006005174 1011.1116423140755 20.704645084008629 14.096703376725836 1007.6155773151835 -0.45031992490112288 1008.9012369055591 268.10468416906724 75.264583333333348 0.69442938651754338 4.7384436425492291 18.640621288285683 0.40097943052356011 0.40488594040377096 27.525000000000002
decision_type=2 2 2 2 2 2 2 2 2 2 2 2 2 2 2 2 2 2 2 2 2 2
left_child=2 13 -1 8 5 7 17 -5 9 10 -4 -11 19 14 20 -14 -8 -6 -7 -10 -2 -22
right_child=1 -3 3 4 6 18 16 -9 12 11 -12 -13 15 -15 -16 -17 -18 -19 -20 -21 21 -23
leaf_value=0.028310637879046981 -0.078630231432896797 0.066423670591335193 0.0070539595636546545 0.009386993945025254 -0.17698885114316942 -0.049517843881447331 -0.19540531591696145 0.045862274546701283 0.1037122224722889 0.050351663977872919 -0.057452168148031967 -0.015379769587250699 0.12683199823034039 0.043538076378760324 -0.21526470775505188 0.010203101322156715 -0.11589257090682537 0.024174181194955076 -0.058054641884507228 -0.061346013898678935 0.038229008007571334 0.27128961567311549
leaf_weight=158.92649626731873 53.698837518692017 254.74222028255463 2193.1431027054787 1001.1610672473907 194.81163361668587 321.79502296447754 322.98817911744118 199.83051219582558 40.61195707321167 2465.943598896265 2307.3487261235714 1437.9338735342026 598.05499225854874 173.68226686120033 135.96466055512428 1041.3282698392868 146.05758136510849 244.11147791147232 225.47325527667999 368.94809207320213 57.753649055957794 35.751119881868362
leaf_count=34 152 76 2290 1009 302 626 175 104 53 7150 5516 2639 964 136 130 2098 225 448 131 1025 214 98
internal_value=0.00101772 0.0111637 0.000439029 0.000161693 -0.00396815 0.000278603 -0.0125875 0.00589811 0.00125275 0.000168338 -0.00211797 0.00291288 0.00548609 0.00207874 -0.00434232 0.00792232 -0.0212539 -0.00227923 -0.0112429 -0.00321797 0.00582126 0.0113162
internal_weight=13980.1 711.593 13268.5 13109.5 2656.23 1748.26 907.969 1200.99 10453.3 8404.37 4500.49 3903.88 2048.94 456.851 283.168 1639.38 469.046 438.923 547.268 409.56 147.204 93.5048
internal_count=25595 806 24789 24755 3020 1870 1150 1113 21735 17595 7806 9789 4140 730 594 3062 400 750 757 1078 464 312
is_linear=0
shrinkage=0.0971646


Tree=58
num_leaves=28
num_cat=0
split_feature=31 16 28 6 24 13 42 50 18 39 26 45 48 11 43 29 14 38 42 9 38 49 15 39 18 44 2
split_gain=6.70951 5.61097 7.41901 6.61219 5.86377 5.86107 6.24234 5.41778 5.65099 10.6804 7.97738 5.57834 4.5382 4.48092 4.3687 4.10006 10.8896 3.95141 5.06969 3.59664 3.31978 3.19425 3.08648 2.94511 2.46406 0.678326 0.222141
threshold=6.8454919639534557 25.231135787410036 2.450606505022848 -0.50008149503200283 25.359416493624213 35.857839953778331 0.71205640366038869 0.73032426131395412 63.050000000000004 72.077083333333348 26.216029304024026 23.443054825483518 1009.2161443111578 23.317041272165635 23.009833994991585 5.7545361476494419 33.186514886838438 13.557146163617743 0.32872363442947566 -0.5747869436116132 12.068910409870657 1017.7500000000001 13.385000000000003 82.197916666666686 70.509793015522021 1.0068684460236683 0.58621793134364741
decision_type=2 2 2 2 2 2 2 2 2 2 2 2 2 2 2 2 2 2 2 2 2 2 2 2 2 2 2
left_child=1 3 15 4 5 13 -7 11 9 -9 -10 14 -2 -1 -4 16 20 21 23 -20 -3 22 -5 -19 -13 26 -14
right_child=12 2 7 17 -6 6 -8 8 10 -11 -12 24 25 -15 -16 -17 -18 18 19 -21 -22 -23 -24 -25 -26 -27 -28
leaf_value=-0.02169769751505796 0.11037843398992565 -0.0068994238619886541 0.058554843753489544 0.059507340267629091 -0.1562034272301869 0.078200365208320008 -0.029991859298936715 0.0086823021678915716 0.036491203248062397 0.077768751170598893 -0.14581757365554307 0.11702879777367181 -0.089481115257830937 -0.10560507024677422 -0.14780610294543667 0.07330554466661994 -0.20847365964801393 0.057379061032537405 0.0070648176737881929 -0.059633689061516622 0.0220023571536682 0.032540932422874536 0.0062982364128946235 -0.10282518446032454 0.042359924114506779 0.04796374673878738 0.079875494424566928
leaf_weight=1242.9714408814907 85.586275398731232 2054.556081622839 189.98508003354073 115.27164101600647 123.73200166225433 296.66225445270538 259.18344724178314 953.67325288057327 764.64079964160919 297.87222275137901 174.70710164308548 121.81139650940895 31.994456887245178 784.36518678069115 43.049726516008377 160.600526034832 294.86878234148026 317.61970320343971 583.32161000370979 750.67737329006195 1235.5000075101852 122.1828773021698 2722.5264073610306 81.767944842576981 82.169953525066376 56.512061476707458 32.25097981095314
leaf_count=3721 75 5727 453 25 35 225 121 734 1838 160 77 53 78 1430 60 82 148 448 1517 896 2329 61 4720 172 159 138 113
internal_value=0.00110348 0.000808465 0.00293789 -0.000968293 -0.00482141 -0.0036223 0.00477668 0.00689487 0.0046398 0.00893659 -0.000642437 0.0171216 0.0184635 -0.00613894 0.00447121 4.44828e-05 -0.000526953 0.0011648 -0.00237455 -0.00542939 0.00095999 0.0033818 0.00253415 0.00673284 0.0292376 0.0021462 0
internal_weight=13980.1 13773.7 6373.43 7400.28 2706.91 2583.18 555.846 2627.91 2190.89 1251.55 939.348 437.016 206.344 2027.34 233.035 3745.53 3584.92 4693.37 1733.39 1334 3290.06 2959.98 2837.8 399.388 203.981 120.757 64.2454
internal_count=25595 25191 11820 13371 5532 5497 346 3534 2809 894 1915 725 404 5151 513 8286 8204 7839 3033 2413 8056 4806 4745 620 212 329 191
is_linear=0
shrinkage=0.0971646


Tree=59
num_leaves=34
num_cat=0
split_feature=40 34 35 46 45 31 29 40 40 22 19 44 28 19 50 33 23 44 3 31 27 33 22 2 41 18 22 26 23 9 46 32 27
split_gain=6.8903 7.39201 7.3337 8.72441 8.30811 6.65344 8.181 5.93449 5.49056 5.43273 9.00562 7.1258 5.76983 5.42585 5.21154 4.70871 4.35744 4.30194 4.15738 3.79964 3.73217 5.14122 3.53919 12.2866 4.52498 3.33618 3.27436 3.14182 2.92967 2.89127 2.42115 1.25144 0.295575
threshold=15.317277054000295 30.043750000000006 2.7036327378669118 0.45202995456599021 13.585789816517179 6.8454919639534557 6.4580059671684031 12.554919570847671 13.900785542915669 14.096703376725836 15.72261470646197 1.428825714182876 3.626635781099345 14.302172186355337 1.850828455608126 2.4180654514665392 24.096095097208508 0.67975968161897338 1.3441359010203804 4.8884456377747894 0.12656278697736159 2.3708577112029872 24.694262238614282 -0.766658819300159 21.349584373777429 49.804605206617737 17.938839482245331 25.639513834662306 26.042620240242147 1.8643443039406569 1.7276190612491804 2.4125895480581065 2.0949575543179288
decision_type=2 2 2 2 2 2 2 2 2 2 2 2 2 2 2 2 2 2 2 2 2 2 2 2 2 2 2 2 2 2 2 2 2
left_child=2 9 3 20 8 6 7 -6 -4 12 11 29 13 18 22 27 26 -8 -2 -15 -1 28 24 -24 -5 -18 -12 -16 -22 -11 31 -3 -13
right_child=1 30 4 14 5 -7 17 -9 -10 10 16 32 -14 19 15 -17 25 -19 -20 -21 21 -23 23 -25 -26 -27 -28 -29 -30 -31 -32 -33 -34
leaf_value=0.029238804226614984 -0.016165059721096543 -0.14936628510625136 0.24623766930304322 -0.015553229052888527 0.059735891755636476 0.099653555695516635 -0.1442969970905863 0.013550657608395945 -0.15977413378853611 -0.00248401363248683 0.025193956251991747 -0.11144925905737735 0.08806233231562971 0.22351176240199661 -0.18124170848610904 -0.35379075293551254 0.074227813445519555 -0.0038811203387150903 0.010449156721356802 -0.056213384393953743 -0.12233030809041796 -0.091710104818587559 -0.33933396607269567 0.16605264619153576 0.051666476606843904 0.017474199409857026 -0.068257727460432807 0.10507535363839232 0.14985032856476893 -0.052007814606516205 -0.0080582286199092062 -0.11056990087194447 -0.12185591908103033
leaf_weight=127.70423966646194 1080.6708525419235 107.23953574895859 88.191843092441559 576.2155926823616 1275.0541214942932 118.9600196480751 224.66861861944199 2886.8483675122261 140.68815273046494 471.29320746660233 654.96633458137512 287.82936635613441 114.13683706521988 182.38276571035385 71.756326287984848 119.11519759893417 92.865771740674973 224.69647705554962 922.93124723434448 66.761857926845551 501.78922867774963 213.11722069978714 107.45514652132988 79.440465360879898 1419.682491093874 120.71488320827484 1150.0372778177261 71.974198251962662 55.766031354665756 119.81731835007668 138.75971651077271 100.23541569709778 66.294466316699982
leaf_count=150 1364 127 121 1596 2100 155 108 4802 190 747 1605 347 125 331 140 80 99 248 757 71 1249 164 90 146 3850 282 3986 48 30 124 174 61 128
internal_value=0.00104722 -0.00151232 0.00284849 -0.000553766 0.00522765 0.00616506 0.00545435 0.00685036 -0.0121343 -0.000531633 -0.00336888 -0.0111872 0.00284087 0.00154211 0.00231818 -0.0100877 9.2281e-05 -0.00649146 0 0.014981 -0.00882715 -0.0115469 0.00401911 -0.00779341 0.00534876 0.0133002 -0.00125403 0 -0.00556304 -0.00372889 -0.0152548 -0.0222034 -0.0223059
internal_weight=13980.1 5676.94 8303.12 3344.02 4959.11 4730.23 4611.27 4161.9 228.88 5330.7 2963.82 945.234 2366.88 2252.75 2445.64 262.846 2018.58 449.365 2003.6 249.145 898.377 770.672 2182.79 186.896 1995.9 213.581 1805 143.731 557.555 591.111 346.235 207.475 354.124
internal_count=25595 10328 15267 7543 7724 7413 7258 6902 311 9966 7318 1346 2648 2523 5950 268 5972 356 2121 402 1593 1443 5682 236 5446 381 5591 188 1279 871 362 188 475
is_linear=0
shrinkage=0.0971646


Tree=60
num_leaves=17
num_cat=0
split_feature=19 22 32 5 1 39 42 18 30 4 25 2 12 43 8 13
split_gain=6.75688 7.21042 7.22105 5.43327 7.34136 12.679 8.39156 6.25727 6.22711 4.81139 4.66876 3.58788 2.81436 2.14785 1.53608 0.0433349
threshold=24.868813215897305 24.563294236895221 1.8183307361182288 -1.0088374672093419 0.14746159171784554 80.18958333333336 0.10199572533627389 99.050000000000011 22.441960145741991 929.95000000000016 24.899902719619259 -0.766658819300159 24.118268072608895 23.946902918379731 7.21 13.913164171775072
decision_type=2 2 2 2 2 2 2 2 2 2 2 2 2 2 2 2
left_child=1 3 11 -1 5 6 -5 8 -6 -7 12 14 -2 -13 -3 -9
right_child=10 2 -4 4 7 9 -8 15 -10 -11 -12 13 -14 -15 -16 -17
leaf_value=-0.13492753168030944 0.012012379421529626 -0.28492132885676275 -0.13723376606569379 -0.18376734488229121 -0.12853070856823198 0.034235429576332577 0.070075304766728991 0.0056766672617611169 -0.0022797381184796023 -0.0076845632363990342 -0.0057170104131225308 -0.0032690479862073529 0.14234683097851519 0.22652739073404141 0.02223231581426293 0.085372852220380838
leaf_weight=259.56845641136169 122.28340283036232 69.887071937322617 322.96770519018173 87.009260088205338 432.79333230853081 1652.8066289126873 1893.9576985836029 67.074406951665878 6078.964669406414 2330.6798964142799 94.065935701131821 70.796245872974396 213.09664204716682 80.782040923833847 73.362565189599991 69.563666522502899
leaf_count=59 75 107 178 94 696 5519 3152 52 9951 4792 134 109 195 138 98 130
internal_value=0.000896339 0.000480081 -0.00968456 0.00100321 0.00132159 0.00380899 0.0101686 -0.000846482 -0.00134368 0.000534072 0.0128914 0 0.0184611 0.0115893 -0.00946821 0.0193118
internal_weight=13919.7 13490.2 617.796 12872.4 12612.8 5964.45 1980.97 6648.4 6511.76 3983.49 429.446 294.828 335.38 151.578 143.25 136.638
internal_count=25479 25075 630 24445 24386 13557 3246 10829 10647 10311 404 452 270 247 205 182
is_linear=0
shrinkage=0.0971646


Tree=61
num_leaves=28
num_cat=0
split_feature=19 3 46 18 38 31 29 19 22 26 3 23 16 25 45 47 29 0 39 19 2 34 3 18 6 44 23
split_gain=5.01837 7.11279 4.70099 6.31865 7.93005 5.81336 5.39708 5.32646 7.03427 6.41396 6.06478 5.93044 5.41545 5.35293 7.30542 7.08429 4.57042 4.09432 3.57515 5.63978 3.27792 4.60579 3.69471 3.20757 1.95315 1.66439 0.789073
threshold=9.547485170444391 1.0119966565127723 0.47400574921699795 55.410284923000013 14.602717419982786 4.612625996214474 4.2247040999045291 22.101053067347269 22.748305574081943 18.511240243302868 0.80077225267582752 16.028935602794899 27.365000000000006 24.899902719619259 24.139986055214081 298.00654896017426 1.4531291246384181 -0.25045188088465486 39.893750000000004 17.781419302803076 -0.86299686170602363 28.403958333333339 0.57500000000000007 80.15000000000002 -0.019390332216831372 1.055731645061329 17.407214691330399
decision_type=2 2 2 2 2 2 2 2 2 2 2 2 2 2 2 2 2 2 2 2 2 2 2 2 2 2 2
left_child=1 23 3 -2 5 6 -5 9 20 10 11 -4 -12 14 -10 -15 -3 -7 -11 -20 21 -9 -22 25 -18 -1 -27
right_child=2 16 7 4 -6 17 -8 8 13 18 12 -13 -14 15 -16 -17 24 -19 19 -21 22 -23 -24 -25 -26 26 -28
leaf_value=0.015836805710808515 0.021799861530630089 0.054367510137907582 -0.072187518783489918 -0.024783023839126565 -0.2526593071806299 0.07023182610264217 -0.12182066528363546 0.10256007161192911 0.0071768783078984032 0.010748532308569857 0.033044219739846857 0.074023176374757596 -0.010079167806167098 0.034189504899289229 0.084033784182046711 -0.12533846842406951 -0.15002408354933236 -0.015051630065002904 -0.05863084558544622 -0.001899464609722799 0.0093135085924834025 -0.20123834535762966 0.11356820413532438 -0.23812440409723865 -0.0017683062977920691 -0.20691383189385115 -0.040765522835351301
leaf_weight=44.675156235694885 283.40257003903389 181.01984891295433 411.67172911763191 636.9706816971302 149.38487374782562 234.53715020418167 308.2682566344738 141.27678024768829 1417.0374230146408 145.81016260385513 2300.5731091797352 278.93532562255859 689.16508442163467 383.42467713356018 442.68062698841095 200.07824370265007 104.58930447697639 260.81170496344566 1220.1473403871059 3049.1943742632866 120.07441812753677 108.7498467862606 521.33834755420685 70.61790931224823 112.64976480603218 61.388663947582245 41.186251163482666
leaf_count=87 114 81 458 1503 96 346 196 503 2367 130 2327 773 1191 1320 341 68 150 423 2448 8458 326 157 1330 14 50 124 98
internal_value=0.000640392 -0.00782969 0.00106642 -0.00336238 -0.00591361 -0.0033363 -0.00796874 0.0018303 0.00510904 0.000425648 0.00346288 -0.00439572 0.00542333 0.00219316 0.00486447 -0.00557445 0 0.00464189 -0.00201014 -0.00260748 0.0125895 0.00116396 0.0163548 -0.0218146 -0.00951613 -0.00923386 -0.0164371
internal_weight=13919.7 616.127 13303.5 1873.38 1589.97 1440.59 945.239 11430.2 3334.66 8095.5 3680.35 690.607 2989.74 2443.22 1859.72 583.503 398.259 495.349 4415.15 4269.34 891.439 250.027 641.413 217.868 217.239 147.25 102.575
internal_count=25479 604 24875 2678 2564 2468 1699 22197 6412 15785 4749 1231 3518 4096 2708 1388 281 769 11036 10906 2316 660 1656 323 200 309 222
is_linear=0
shrinkage=0.0971646


Tree=62
num_leaves=42
num_cat=0
split_feature=40 22 45 36 40 42 36 49 39 26 39 30 9 36 13 30 41 23 18 40 43 26 3 40 31 20 31 29 30 20 18 48 18 48 45 34 23 40 47 23 30
split_gain=4.6318 8.11795 6.15196 6.07589 6.82675 9.39419 5.50345 4.9395 6.04397 7.3726 7.02425 7.03221 5.99687 5.89305 5.22015 4.74332 4.4046 9.33292 5.51053 4.33393 4.10915 5.2386 8.50824 3.93392 5.16301 3.81317 3.43468 4.44839 3.3835 5.49599 3.06863 2.28283 4.21347 2.13903 1.92137 1.58448 1.53207 1.22617 0.992787 0.977414 0.563423
threshold=15.225518184234309 23.164297298822003 24.187295610370938 9.8772128321801169 11.736081410871874 0.53316000417900578 5.7840009117473565 1011.5342923144698 42.133333333333333 20.742462180750735 46.060416666666676 23.621167019256301 -4.7241940699293758 0.9479803092231639 36.231538390822294 22.324922816742149 23.655390258169049 26.224224139283443 73.309924805775481 19.012152385442885 23.350907907869281 17.234870017398482 0.92093812010041221 16.597452383042558 5.4322622613441514 14.53957144757017 2.9461941840511483 4.3805513761134405 29.072126601197617 24.211320718618996 87.450000000000017 1014.85 93.15000000000002 1009.2161443111578 18.055975737265577 26.767109858342199 24.31862197415462 16.146636412418673 55.925000000000118 19.204982968686611 28.315973903915289
decision_type=2 2 2 2 2 2 2 2 2 2 2 2 2 2 2 2 2 2 2 2 2 2 2 2 2 2 2 2 2 2 2 2 2 2 2 2 2 2 2 2 2
left_child=1 2 20 6 33 -6 26 8 9 35 14 12 -12 -13 39 19 17 -8 -18 23 21 22 -1 34 -25 -23 38 -28 40 -30 36 32 -32 -5 -9 -2 37 -17 -3 -10 -22
right_child=7 3 -4 4 5 -7 16 15 10 -11 11 13 -14 -15 -16 30 18 -19 -20 -21 28 25 -24 24 -26 -27 27 -29 29 -31 31 -33 -34 -35 -36 -37 -38 -39 -40 -41 -42
leaf_value=-0.0085925243760408554 0.021340443180150503 -0.043402275878416517 -0.081335816914412967 -0.23453523557521708 0.027556346917533749 -0.039844883714861619 0.019911151447844191 0.089591224706292563 -0.073463519870773208 0.093826259353985336 0.067493188335921425 -0.052366584819609194 -0.065370944970053649 0.0063336758263294567 -0.10066154840490445 -0.23836616481290318 0.074533106807868579 -0.41059429530565428 -0.0063492757903272599 0.060235523433018093 0.04363452850054271 -0.19863879491627662 0.14393172661973219 -0.018246240342043744 -0.0013727426725058513 0.014907490174432259 0.041375464926782707 -0.080787120736130424 0.14469094043878347 -0.016704314812015824 0.42510241128311826 0.099649422367856635 -0.038605237056277011 -0.10402078796795168 -0.024905179568790813 -0.14515992246804263 0.36458022769848147 0.094162295953844566 -0.50065602588769298 0.11730043121578093 -0.085611375208899748
leaf_weight=268.43650332093239 45.001406341791153 42.792466223239899 54.761513292789459 203.17790105938911 236.31926628947258 187.53130719065666 315.82868137955666 105.19474959373474 193.79311406612396 87.137725174427032 147.08298698067665 248.77059668302536 839.7077619433403 2726.352758705616 115.74227592349052 66.574607044458389 500.58874425292015 84.141425848007202 343.82102462649345 108.34333744645119 78.032981723546982 131.85984161496162 441.70581316947937 194.58461228013039 201.94699659943581 3488.380842000246 702.61833524703979 472.34453931450844 202.65263599157333 72.619066089391708 71.228247553110123 107.68672576546669 75.913053095340729 135.18707752227783 58.197870701551437 53.947291165590286 41.576706677675247 299.12601798772812 80.695984601974487 58.708962321281433 29.5458704829216
leaf_count=372 90 162 31 123 104 152 575 183 400 51 310 394 1113 5508 35 181 316 28 617 143 261 308 440 223 342 8273 2008 551 262 71 94 118 114 101 126 137 48 799 124 126 65
internal_value=0.000358587 0.00189178 0.00448123 -0.00171553 -0.00933427 -6.0112e-05 0.000408877 -0.00168539 -0.00326651 0.0132241 -0.00408234 -0.00275336 -0.00986221 -0.000244628 -0.0170934 0.00335729 0.00516896 -0.00240302 0.00925496 -0.00189925 0.00494097 0.00394622 0.0117124 -0.00590798 -0.0114764 0.00229659 -0.00382648 -0.00177891 0.0149683 0.0206266 0.00928899 0.0179768 0.00591031 -0.0195987 0.00500433 -0.00110879 0.00272126 0 -0.0194303 -0.00689139 0
internal_weight=13919.7 8073.04 4768 3305.05 762.216 423.851 2542.83 5846.62 4516.24 186.086 4330.16 3961.91 986.791 2975.12 368.244 1330.37 1244.38 399.97 844.41 668.268 4713.23 4330.38 710.142 559.924 396.532 3620.24 1298.45 1174.96 382.851 275.272 662.105 254.828 147.141 338.365 163.393 98.9487 407.277 365.701 123.488 252.502 107.579
internal_count=25479 14944 10083 4861 480 256 4381 10535 8164 278 7886 7325 1423 5902 561 2371 1536 603 933 1017 10052 9393 812 874 565 8581 2845 2559 659 333 1354 326 208 224 309 227 1028 980 286 526 326
is_linear=0
shrinkage=0.0971646


Tree=63
num_leaves=24
num_cat=0
split_feature=19 10 0 4 23 13 16 47 36 27 3 28 2 14 40 27 12 11 28 3 41 40 40
split_gain=7.78875 4.71466 4.43272 3.48054 5.16417 3.61793 15.3942 4.86226 10.0514 3.13641 5.59416 3.24673 4.21564 2.95492 2.91084 2.87082 1.837 1.6318 1.37896 0.967034 0.91299 0.821565 0.0723043
threshold=24.868813215897305 16.861654766290322 -0.25045188088465486 921.1500000000002 21.84039024025509 39.897073167965765 26.840275784688654 555.45000000000005 8.4167788770874328 1.5598282869290168 1.5509777750859588 1.5550614157184228 0.95989713290459411 17.015000000000004 15.225518184234309 0.091111987455019888 23.881799380792756 30.852805097453231 4.0584542830761068 1.5325238585493219 16.871733847400815 18.241229521495523 12.701588254362646
decision_type=2 2 2 2 2 2 2 2 2 2 2 2 2 2 2 2 2 2 2 2 2 2 2
left_child=1 9 16 4 17 7 -7 14 -9 10 11 12 -1 -13 -5 22 -2 21 -17 -18 -11 -3 -6
right_child=2 3 -4 5 15 6 -8 8 -10 20 -12 13 -14 -15 -16 18 19 -19 -20 -21 -22 -23 -24
leaf_value=0.034288544251331626 0.0072259228557567416 0.013990877881176632 -0.0045306557621715652 0.0085598428329542158 0.25119259359434581 0.070934260122361051 -0.08240769565633857 0.0074201692801217096 -0.1058006418408011 -0.030628360580628754 0.088913284280723023 0.071207731765846952 -0.012580645924589904 0.032419607718785007 -0.007747993998862163 0.04185315029513912 0.1645528171185848 -0.11915407280042925 -0.01183882707064686 -0.0038992080092551179 0.0063561138607792335 -0.087674425232582273 -0.13172373129126166
leaf_weight=372.38756188750267 92.233080238103867 74.439318150281906 130.78759521245956 4877.3845318555832 28.189033329486847 364.89696359634399 315.25721472501755 1132.5416060388088 807.513801664114 84.58039253950119 199.15616354346275 147.09902629256248 296.08269312977791 136.99842235445976 3965.5652218461037 351.78139558434486 132.57228150963783 73.17750495672226 45.151069909334183 73.853023618459702 79.701574444770813 44.286733061075211 94.023415803909302
leaf_count=799 62 219 95 11445 109 115 77 1522 982 77 160 106 243 304 7453 781 175 94 46 72 155 65 323
internal_value=0.000711563 0.000267722 0.0135685 -0.000296784 0.00622322 -0.000739955 0.00601505 -0.00120716 -0.00561692 0.00580222 0.00775481 0.00407041 0 0.0127244 -0.000189879 0.0115415 0.0200662 -0.0059307 0.0155461 0.0256852 -0.00522918 0 0
internal_weight=13919.7 13490.2 429.446 12174.2 711.048 11463.2 680.154 10783 1940.06 1316.01 1151.72 952.568 668.47 284.097 8842.95 519.145 298.658 191.904 396.932 206.425 164.282 118.726 122.212
internal_count=25479 25075 404 23231 1637 21594 192 21402 2504 1844 1612 1452 1042 410 18898 1259 309 378 827 247 232 284 432
is_linear=0
shrinkage=0.0971646


Tree=64
num_leaves=11
num_cat=0
split_feature=19 5 6 27 40 39 22 21 18 3
split_gain=6.14934 3.59363 4.92437 5.93046 5.13454 7.23398 5.68747 3.32968 3.1759 0.41615
threshold=24.868813215897305 -1.0088374672093419 -1.5594354727669562 -1.0000000180025095e-35 15.225518184234309 82.392780508532752 23.164297298822003 23.5122833411579 73.309924805775481 1.0624612176657262
decision_type=2 2 2 2 2 2 2 2 2 2
left_child=1 -1 -3 -4 6 -6 -5 -2 -9 -10
right_child=7 2 3 4 5 -7 -8 8 9 -11
leaf_value=-0.10593348544645655 -0.0090875292219125929 0.015724849685755309 -0.34100557710304852 0.019593248365876215 -0.0013377292865842324 -0.016562281742155058 -0.011878323473632321 0.10071563046288209 0.1697497704330348 -0.0040904363290208906
leaf_weight=290.56601023674011 117.81551340222359 87.210614442825317 141.740229845047 4613.2210417687893 5310.5707037448883 477.17258539795876 2569.7324592769146 181.85949635505676 53.28275203704834 76.488218784332275
leaf_count=66 96 18 29 10037 9248 1270 4407 90 93 125
internal_value=0.000344671 0 0.000215455 2.71925e-05 0.000277856 -0.00183678 0.00204119 0.0117505 0.0170202 0.00152418
internal_weight=13919.7 13490.2 13199.6 13112.4 12970.7 5787.74 7182.95 429.446 311.63 129.771
internal_count=25479 25075 25009 24991 24962 10518 14444 404 308 218
is_linear=0
shrinkage=0.0971646


Tree=65
num_leaves=41
num_cat=0
split_feature=40 22 1 45 39 19 18 25 25 10 5 19 49 26 30 3 2 39 2 46 49 2 1 22 3 23 19 3 8 10 46 19 20 3 30 8 43 8 46 1
split_gain=4.28977 6.34067 7.39488 11.0968 6.2887 6.02013 5.78036 11.3364 8.36882 7.24151 5.0452 4.73422 5.79242 4.43538 4.36564 4.31775 8.37571 7.04281 5.85475 8.43551 4.03506 3.93788 3.76493 3.4413 3.71791 6.01571 4.89754 3.46584 3.97472 2.80589 2.56456 2.3916 2.64368 2.14172 0.97904 1.5328 0.472078 0.059447 0.184527 0.0100764
threshold=15.126447707854512 23.164297298822003 0.41787262833948019 23.605308805769944 82.392780508532752 15.31900018896461 66.762785716300428 24.615609738516518 23.457666212641406 37.095007650148197 -0.85236752659930126 22.291822156175961 1008.7026986939719 25.88142082658629 19.855308508665292 1.3605483668104323 0.91234096280339505 75.927083333333343 0.93225468035816128 1.1933187852011826 1008.1040776165629 -0.96288731545773421 0.89001933454452098 21.525867764112437 0.95006263772028388 16.028935602794899 14.078969004519573 1.312340330845452 10.500000000000004 37.095007650148197 0.5654276080713404 23.832788618565463 23.510738374267984 1.2742369464238432 24.31561718604571 12.874654417382951 18.206516179720275 8.5650000000000031 1.0345196684641151 0.24789700308270748
decision_type=2 2 2 2 2 2 2 2 2 2 2 2 2 2 2 2 2 2 2 2 2 2 2 2 2 2 2 2 2 2 2 2 2 2 2 2 2 2 2 2
left_child=1 11 6 30 14 -6 7 8 -3 21 -11 23 31 29 -2 18 20 -18 22 -20 -17 -8 -16 24 26 -26 -1 33 -29 -14 -4 32 -13 -25 35 36 -7 39 -39 -36
right_child=4 2 3 -5 5 34 9 -9 -10 10 -12 12 13 -15 15 16 17 -19 19 -21 -22 -23 -24 27 25 -27 -28 28 -30 -31 -32 -33 -34 -35 37 -37 -38 38 -40 -41
leaf_value=-0.10921800872982877 0.063353012842063114 -0.018369972295264152 -0.091656582871301309 -0.22956982297841849 -0.017443526690395048 -0.0009753663019029463 -0.10786257097402416 -0.031312931159344422 0.10967291216831823 -0.0063007571746067385 -0.11233480033984522 0.105595004777715 0.0090578291206665149 -0.3047226711755312 0.011755678954009099 -0.046346884656351332 0.093768499825907223 -0.0012077493324307771 0.0074474589411791768 -0.065509043081368803 0.056083222614301292 0.02914106767045891 -0.049741828167233389 -0.015544192306108135 0.14634199079601493 0.015497721419372661 0.015954684393157424 -0.24989874883219595 -0.037015979301115824 0.022662222820393658 0.08984863902989404 0.013731158699152524 0.017710596160649794 0.22366883708679214 -0.059816355454530359 0.01221573551171338 -0.14536662207213852 0.12713962370475534 -0.0068727027560512265 0.096882751561834013
leaf_weight=170.88867649435997 135.26094976067543 183.67815744876862 117.60539463162422 190.43256145715714 124.47775971889496 37.382840603590012 288.0519927740097 335.27965268492699 482.44781100749969 212.05256730318069 248.73167458176613 454.44131526350975 301.00685268640518 104.13440322875977 1755.1974731683731 934.72998282313347 431.19897970557213 185.31796842813492 290.66183575987816 578.92415568232536 427.96285071969032 1170.0004334747791 740.2006402015686 425.94440564513206 292.98325017094612 1342.0719580948353 947.34901514649391 156.64614978432655 68.823515146970749 114.16375061869621 64.527645826339722 91.599564224481583 138.81006193161011 36.096631914377213 60.410531640052795 53.847552627325058 146.03503629565239 26.502257108688354 26.520711332559586 27.260658174753189
leaf_count=231 144 98 166 150 93 81 595 139 257 138 95 1044 765 28 3939 1324 230 233 505 641 789 3119 1601 1423 188 2708 2568 285 58 49 91 169 337 34 234 118 506 103 97 106
internal_value=0.000269185 0.00177585 -0.00138917 -0.014238 -0.00165869 -0.0120781 0.000117039 0.00622744 0.0137752 -0.00285457 -0.0134543 0.00411079 0.00945451 0.000808055 -0.000619356 -0.00113458 0.00233998 0.0117985 -0.00330521 -0.0101988 -0.00164335 0.000223922 -0.00072279 0.00211016 0.00372469 0.0066884 -0.000234466 -0.00372567 -0.0136036 0.00607901 0.000754258 0.0153584 0.0176064 0.00023366 -0.0045191 -0.0084173 -0.0129978 0 0.00316505 0
internal_weight=13919.7 7937.77 3292.81 372.566 5981.89 502.437 2920.24 1001.41 666.126 1918.84 460.784 4644.96 1204.16 519.305 5479.45 5344.19 1979.21 616.517 3364.98 869.586 1362.69 1458.05 2495.4 3440.8 2753.29 1635.06 1118.24 687.511 225.47 415.171 182.133 684.851 593.251 462.041 377.96 237.265 183.418 140.694 53.023 87.6712
internal_count=25479 14735 4848 407 10744 1338 4441 494 355 3947 233 9887 2392 842 9406 9262 2576 463 6686 1146 2113 3714 5540 7495 5695 2896 2799 1800 343 814 257 1550 1381 1457 1245 705 587 540 200 340
is_linear=0
shrinkage=0.0971646


Tree=66
num_leaves=26
num_cat=0
split_feature=15 2 31 1 46 39 34 6 10 36 21 19 26 18 48 42 17 44 47 29 6 21 39 35 2
split_gain=4.27106 7.98292 8.25408 13.3756 10.4111 6.5429 6.21696 4.91946 4.55499 5.17844 4.71197 4.70951 9.98333 14.2057 5.90105 4.23056 3.85226 4.38076 3.82981 3.64618 2.87004 1.19447 1.08196 0.365211 0.0472414
threshold=13.385000000000003 0.97308229207007257 4.6667686807150828 0.1721660691770612 1.8226295199267075 82.392780508532752 21.415416666666673 -0.27841686570654922 22.357003285339978 7.6670507050335424 17.786532279657276 22.544220332693076 26.216029304024026 67.813693007278331 1008.0055982046869 0.97960836264090589 35.855000000000011 1.1247149326633874 132.43583333333331 0.77011453061377633 -0.5 17.927049296933745 74.54791666666668 4.9344309192199622 0.36570897681179731
decision_type=2 2 2 2 2 2 2 2 2 2 2 2 2 2 2 2 2 2 2 2 2 2 2 2 2
left_child=7 8 3 4 5 -3 18 -1 9 15 22 16 13 -13 -14 19 20 -18 -4 -2 -10 23 -11 -8 -12
right_child=1 2 6 -5 -6 -7 21 -9 11 10 24 12 14 -15 -16 -17 17 -19 -20 -21 -22 -23 -24 -25 -26
leaf_value=-0.031777358272470128 0.18193116675801185 0.080521389498438289 -0.092111150115528381 -0.19810106781601786 -0.056647192731177645 -0.055079454509368249 -0.011313757729529965 0.089680895607621616 -0.061225968915760889 0.32632776455554041 0.061130613232776049 0.064904257404005739 -0.0017428667831351139 0.0085923642655315272 -0.078994811917208155 -0.0098864428268849117 0.012666998634477305 -0.0073388519180711499 -0.078688229565389886 0.012929009368618082 -0.0043993925424028347 -0.016290113326007161 0.12229119771797266 0.098938269989664235 -0.058238621520143925
leaf_weight=104.24267941713333 70.839276313781738 610.13895460963249 224.685272783041 188.38444551825523 89.234337598085403 165.81257992982864 39.656933426856995 124.68158304691315 2037.9493233263493 183.27395418286324 63.348793685436249 877.75534477829933 836.76331180334091 2045.057268768549 452.65787792205811 164.81555196642876 345.86650639772415 380.3020291030407 60.164532899856567 1940.533803075552 2599.5636099874973 100.9664241373539 104.97150948643684 42.033946424722672 80.397415339946747
leaf_count=174 89 735 231 145 57 189 113 27 4821 232 249 800 410 5276 157 143 164 171 191 5026 5361 173 236 79 261
internal_value=5.0107e-05 -0.00014036 -0.00679536 -0.00156111 0.00313582 0.00721661 -0.017599 0.0131471 0.000656912 0.00426506 0.0141283 -0.000282312 0.00209672 0.00530761 -0.00484682 0.00209453 -0.00223027 0.00408109 -0.0266368 0.00349301 -0.00331251 -0.00100353 0.0212336 0.00460106 0
internal_weight=13934.1 13705.2 1521.08 1053.57 865.186 775.952 467.507 228.924 12184.1 2608.18 431.992 9575.92 4212.23 2922.81 1289.42 2176.19 5363.68 726.169 284.85 2011.37 4637.51 182.657 288.245 81.6909 143.746
internal_count=25510 25309 1913 1126 981 924 787 201 23396 6236 978 17160 6643 6076 567 5258 10517 335 422 5115 10182 365 468 192 510
is_linear=0
shrinkage=0.0971646


Tree=67
num_leaves=27
num_cat=0
split_feature=15 5 2 1 45 46 27 50 18 38 18 44 9 1 36 34 2 35 7 2 45 46 42 2 46 16
split_gain=4.29561 4.49254 4.12086 9.26547 7.13906 5.62817 4.84216 4.83389 6.60847 7.53073 7.08831 6.18943 7.47239 5.90114 4.6253 3.95404 3.68346 3.84321 3.83926 3.55479 3.44861 3.03313 3.01541 2.06025 1.24048 0.845878
threshold=13.385000000000003 0.9121239210760721 0.97308229207007257 0.1721660691770612 15.864748822901584 1.7745392202814414 0.90700091790003345 1.7528977196985442 65.733227899217525 13.804444552019008 43.050000000000004 1.265479033085134 2.7508387839120041 -0.034319876048209338 15.575793177608267 21.415416666666673 0.96457844552971317 5.4057482068913947 8.4950000000000028 0.99548449742306455 10.447851149007205 1.8824999743544619 0.95363250830659518 -0.7553174537463252 2.5085634876692811 25.67065887486395
decision_type=2 2 2 2 2 2 2 2 2 2 2 2 2 2 2 2 2 2 2 2 2 2 2 2 2 2
left_child=1 -1 7 4 5 19 -5 14 9 13 -11 12 -10 -9 16 22 17 -2 -18 -4 -13 23 -6 -16 -23 -17
right_child=2 -3 3 6 15 -7 -8 8 11 10 -12 20 -14 -15 21 25 18 -19 -20 -21 -22 24 -24 -25 -26 -27
leaf_value=-0.015139450714148796 0.010719565257268799 0.092055542170380297 0.054610222271292239 -0.085619457786357586 -0.1610180170419109 -0.052225264450575765 -0.27881762933193199 0.18653293866541754 -0.057933627342306844 0.0097719418728869356 -0.13001234760137526 -0.14417348013372849 -0.15436614618826816 0.032843936714137593 0.022181898184271111 -0.045680859121484625 -0.052197712341031891 -0.01983412855727084 0.28607671238172189 -0.01981587577784882 0.057008114011943105 0.047805320808295762 0.0062214912703259977 -0.13475545198720237 -0.095022253980023105 0.052292473620862839
leaf_weight=106.42971950769424 8278.1927649080753 122.49454295635223 439.87056455016136 95.82245922088623 248.48226764798164 114.09276902675629 125.48768204450607 123.11412832140923 482.38727399706841 205.03444933891296 466.60481896996498 99.077825874090195 178.9610803425312 395.6739190518856 51.873171150684357 100.01752975583076 72.936774641275406 1148.3680495619774 123.24999803304672 249.97784176468849 195.1178523004055 98.773099780082703 64.040100455284119 191.55795791745186 73.172411948442459 83.286212861537933
leaf_count=175 18088 26 393 117 423 60 85 85 793 167 431 62 82 524 165 253 131 1858 112 363 184 166 102 394 154 117
internal_value=6.53189e-06 0.0131471 -0.000184663 -0.00496861 -0.00146458 0.00380255 -0.0233505 0.000378632 -0.00375338 0.00075209 -0.00563475 -0.00979633 -0.0150421 0.00982339 0.00130534 -0.0108318 0.00177649 0.00144949 0.0150875 0.00753632 0.000593073 -0.00852393 -0.0174298 -0.0154775 0 0
internal_weight=13934.1 228.924 13705.2 1521.08 1299.77 803.941 221.31 12184.1 2145.97 1190.43 671.639 955.544 661.348 518.788 10038.1 495.826 9622.75 9426.56 196.187 689.848 294.196 415.377 312.522 243.431 171.946 183.304
internal_count=25510 201 25309 1913 1711 816 202 23396 2328 1207 598 1121 875 609 21068 895 20189 19946 243 756 246 879 525 559 320 370
is_linear=0
shrinkage=0.0971646


Tree=68
num_leaves=21
num_cat=0
split_feature=26 44 43 35 30 21 7 13 4 2 3 6 6 18 46 25 0 4 23 26
split_gain=4.90685 6.76599 3.26917 5.00471 5.46463 3.94882 5.4784 5.23638 4.7783 3.80545 3.80322 3.75694 5.7763 4.46856 3.67191 3.09872 2.33132 2.4298 1.06612 0.604373
threshold=11.531433387294726 1.2026676889469032 13.282596527390144 3.8594117968134318 25.153417938243386 15.950050747818517 14.515000000000004 35.504880027243125 926.05000000000007 0.99548449742306455 1.8827929795039908 -0.97454454254772638 -1.1767131455502817 53.703368323276386 1.6549663586239995 17.23094572113623 -0.5 1010.8312609804271 22.222049113607273 14.695340654494862
decision_type=2 2 2 2 2 2 2 2 2 2 2 2 2 2 2 2 2 2 2 2
left_child=1 -1 3 -2 10 7 11 8 14 -10 15 12 -7 -13 -4 -5 19 -18 -8 -6
right_child=2 -3 5 4 16 6 18 -9 9 -11 -12 13 -14 -15 -16 -17 17 -19 -20 -21
leaf_value=-0.01073977339418033 -0.092606836340249951 0.13117976010021634 -0.25732115690657842 0.056225327395177778 0.13336501034031323 0.017604659916368778 -0.069282078820730633 0.016285096120752518 0.04518503882540232 -0.038270492547913613 0.043491046039151854 0.023223650686028198 -0.064801190880354978 0.000291712302518881 0.038638234152601647 -0.11303227292002198 -0.076447421767425125 0.052213540974200653 -0.02020967478843513 -0.050581749746951107
leaf_weight=333.82326027750969 194.01544606685638 308.26928454637527 101.55088740587234 236.08477926254272 44.793557941913605 213.85114645957947 120.56640335917473 174.08979946374893 1012.4037303626537 196.61856374144554 65.38466614484787 1368.3835877478123 735.93172943592072 7733.4634283781052 122.83585405349731 85.037531018257141 512.57745116949081 80.094930738210678 103.92950734496117 190.39172101020813
leaf_count=110 126 98 192 446 87 45 99 71 1685 353 30 1571 885 17708 331 59 858 117 107 532
internal_value=0.000614173 0.00890483 0.00017966 -0.00419752 -0.00147717 0.00073525 0 0.00520945 0.00290694 0.0055519 0.00754317 0.000371347 -0.00536408 0.00101828 -0.00935282 0.00164676 -0.0062142 -0.00952688 -0.0148746 0.000357034
internal_weight=13934.1 642.093 13292 1408.38 1214.36 11883.6 10276.1 1607.5 1433.41 1209.02 386.507 10051.6 949.783 9101.85 224.387 321.122 827.858 592.672 224.496 235.185
internal_count=25510 208 25302 2255 2129 23047 20415 2632 2561 2038 535 20209 930 19279 523 505 1594 975 206 619
is_linear=0
shrinkage=0.0971646


Tree=69
num_leaves=20
num_cat=0
split_feature=3 19 39 43 47 42 3 22 19 27 40 49 31 28 3 12 3 23 31
split_gain=3.59009 2.99545 5.27821 5.13949 5.82857 4.98862 4.97736 4.01266 6.8063 5.89081 3.9847 5.1633 3.6088 3.42494 4.25957 2.47713 2.16983 0.789833 0.526489
threshold=2.8512825362647294 24.453500288419317 80.005866176492219 24.303388519909721 172.5749999999999 0.14829312973708633 1.7350000000000001 23.835739279396567 22.998730547381189 0.12656278697736159 9.1357649283864131 1010.5025421670172 4.7575622829639519 4.6653971650235331 1.973623675966343 26.507037743219257 0.79255405551209823 25.883645045974895 4.7740409822988497
decision_type=2 2 2 2 2 2 2 2 2 2 2 2 2 2 2 2 2 2 2
left_child=1 3 6 5 18 13 12 8 -7 -9 16 15 -3 14 -1 -12 -4 -18 -5
right_child=-2 2 10 4 -6 7 -8 9 -10 -11 11 -13 -14 -15 -16 -17 17 -19 -20
leaf_value=0.04096974034043166 -0.28893674946435288 0.11745745175646755 -0.085572888219181728 0.11273626189646772 -0.21073129841280011 -0.00067194713262964045 -0.0065891081010650606 0.038879814616571334 0.050370322857259307 -0.067288657460729526 -0.19439802100057674 -0.007485655245298305 0.087229697768718348 -0.1357604989587618 0.23842750269023399 -0.0058891889598704384 0.021071724645005431 0.15496971591442221 -0.072781982311351842
leaf_weight=678.0972031056881 174.49019941687584 76.588201761245728 56.373225033283234 66.279680371284485 202.72956511378288 9456.8074797093868 90.375930219888687 199.20123535394669 1086.989493906498 881.51339277625084 177.06424158811569 208.42506104707718 166.31551924347878 77.698857992887497 82.35427787899971 96.314833790063858 49.361889004707336 58.702779918909073 48.414198696613312
leaf_count=1483 171 150 76 249 120 18245 56 333 2402 1174 163 96 130 30 59 185 128 72 188
internal_value=0.000522256 0.000728635 0.00592291 0.000295842 -0.0117879 0.000640614 0.0158322 8.0547e-05 0.000695099 -0.00550675 0.000105618 -0.00368185 0.0231057 0.00787297 0.0101412 -0.0129616 0.0136186 0.0215417 0.00258152
internal_weight=13934.1 13759.6 979.522 12780.1 317.423 12462.7 333.28 11624.5 10543.8 1080.71 646.242 481.804 242.904 838.15 760.451 273.379 164.438 108.065 114.694
internal_count=25510 25339 1056 24283 557 23726 336 22154 20647 1507 720 444 280 1572 1542 348 276 200 437
is_linear=0
shrinkage=0.0971646


Tree=70
num_leaves=31
num_cat=0
split_feature=1 8 14 16 6 50 17 47 19 35 5 47 41 41 29 44 29 9 36 50 15 35 2 16 4 6 24 10 9 16
split_gain=3.73824 6.74279 4.47313 5.35457 3.19137 7.99895 4.32253 8.74949 4.94622 7.7385 5.05012 4.88888 4.64362 6.13696 4.24959 4.1067 3.12619 3.01567 3.51633 2.90859 2.63389 2.43757 1.76023 1.71769 1.53117 1.51264 1.3899 0.87125 0.466228 0.290114
threshold=0.89001933454452098 9.9650000000000034 34.024186059540789 24.120719916729403 -0.97454454254772638 0.40319013394726161 33.595000000000006 659.61833333333357 21.969090285717993 2.9615103830286951 0.70907997807416312 524.18916666666689 24.381455515080486 23.256001936341033 5.3809237889544574 0.20810382549163306 4.9658096942892493 1.6607190440882376 4.4703094542363839 1.3333707771617493 23.565000000000001 3.153454090964074 0.20062824021694661 28.445000000000004 1008.2349810780099 -0.58917189287876104 16.675166362618913 35.853389217158444 1.0852285646776301 26.043080592703546
decision_type=2 2 2 2 2 2 2 2 2 2 2 2 2 2 2 2 2 2 2 2 2 2 2 2 2 2 2 2 2 2
left_child=4 25 17 19 5 -1 7 8 10 -10 -6 -8 13 -9 -13 -7 -5 22 29 27 28 -22 24 -20 -3 -2 -24 -4 -17 -19
right_child=1 2 3 16 6 15 11 12 9 -11 -12 14 -14 -15 -16 20 -18 18 23 -21 21 -23 26 -25 -26 -27 -28 -29 -30 -31
leaf_value=0.035102072309500444 -0.18511915579785587 -0.16175446831712026 -0.058542284473263331 0.015860508257475692 -0.013975417230846877 0.0087798237461347538 -0.058100441117403652 -0.030911118510208044 0.012517802867904692 0.097934568950163114 0.0067995405224264352 0.037032540184842998 0.0021102194741025753 -0.15273497217000717 0.00090295359826133409 -0.082578603552064672 0.0054048977532443962 0.2167923699075715 -0.21934371221483451 -0.022019819233361035 -0.023557541116832864 -0.11754738739519255 -0.18616419950297047 -0.072127615465482603 0.083710350757297769 -0.14923304577255275 0.098338558791928113 -0.11469984956987633 0.026801934727926378 -0.030503647466018455
leaf_weight=115.70539847016335 88.641834050416946 317.67249748110771 85.052750885486603 190.3174007833004 3614.7909690737724 94.30154749751091 181.47978201508522 250.21445047855377 2580.1180807948112 895.45002135634422 2684.637481123209 258.06113868951797 112.43862023949623 207.89369443058968 248.54094636440277 153.8811277449131 324.39820274710655 52.879264771938324 157.37881177663803 101.29652073979378 239.17073720693588 224.66832721233368 52.44313770532608 69.268377721309662 109.87181094288826 61.191747903823853 263.54733529686928 85.20070019364357 57.49141001701355 56.093140214681625
leaf_count=115 80 929 153 102 8805 50 122 543 6048 2155 3072 136 38 73 114 460 137 55 175 119 163 62 133 185 310 151 731 40 118 136
internal_value=0.000497015 -0.00331566 -0.00146001 0.00378806 0.00117813 -0.00429415 0.00165689 0.00111245 0.00183351 0.00477899 0.000139191 0.00918484 -0.0104422 -0.0150255 0.0142317 -0.00827493 0.00992987 -0.00567796 -0.0134858 -0.00628052 -0.0112151 -0.015362 -0.00154195 -0.0203156 -0.00596491 -0.0231437 0.00310446 -0.0145976 -3.66362e-05 0
internal_weight=13934.1 2015.25 1865.42 786.266 11918.8 885.219 11033.6 10345.5 9775 3475.57 6299.43 688.082 570.547 458.108 506.602 769.513 514.716 1079.15 335.62 271.55 675.212 463.839 743.535 226.647 427.544 149.834 315.99 170.253 211.373 108.972
internal_count=25510 3436 3205 551 22074 968 21106 20734 20080 8203 11877 372 654 616 250 853 239 2654 551 312 803 225 2103 360 1239 231 864 193 578 191
is_linear=0
shrinkage=0.0971646


Tree=71
num_leaves=25
num_cat=0
split_feature=3 13 6 15 36 6 36 35 25 24 21 31 24 45 50 4 23 13 0 46 33 31 40 43
split_gain=3.92675 5.19365 6.19724 5.39814 5.0963 4.91308 7.71272 6.25202 5.29314 4.71898 5.49219 8.94167 4.40498 4.36066 5.61086 6.00683 4.81937 3.97928 3.97366 3.55862 2.9819 2.89297 0.618249 0.355933
threshold=2.652640940580294 35.857839953778331 -0.36545817500289812 13.385000000000003 7.925707117975743 -0.86320597962977363 8.1673843175623251 3.4609857373901902 24.68302405953186 24.424275752558895 23.66858150619893 4.8884456377747894 25.82096912283092 24.139986055214081 0.85067487854112922 1011.6500000000002 25.758837843069518 13.400262109397845 0.49944537339916317 0.52486180846622166 3.6879138185715905 4.7575622829639519 11.885010254325158 24.105702140771012
decision_type=2 2 2 2 2 2 2 2 2 2 2 2 2 2 2 2 2 2 2 2 2 2 2 2
left_child=1 2 13 -4 17 9 8 -8 12 10 11 -3 -7 14 16 -16 -1 -5 -6 -2 -21 23 -12 -15
right_child=19 5 3 4 18 6 7 -9 -10 -11 22 -13 -14 21 15 -17 -18 -19 -20 20 -22 -23 -24 -25
leaf_value=-0.013651085887182567 -0.42935321503639001 0.03107989951137536 0.07539553441599664 0.0062391565214768036 0.039879160293137643 0.0082987480122542236 -0.15884698515191017 -0.00060814124833226478 -0.065194845677542981 -0.024646020653199777 0.027314133988195943 -0.0048753687057267884 0.094145469673481808 0.14531147483036089 -0.098585193322157205 0.017247191924197547 0.13946186464071422 -0.0017644717746286814 0.16242554292010855 0.092774526685842212 -0.27763920960704425 -0.019251494772624209 0.030449084348568006 0.029188074100318689
leaf_weight=1289.7160367667675 96.197939246892929 355.49176436662674 124.68158304691315 208.08798453211784 1332.7934930026531 688.23277497291565 243.17308670282364 230.05424776673317 165.04782006144524 227.76402428746223 156.32360184192657 556.29748007655144 209.33968934416771 55.011656761169434 1553.9538707137108 418.27569362521172 91.492744386196136 5317.9130631685257 130.26615282893181 97.809866219758987 73.494152039289474 75.363555788993835 177.26503831148148 60.049946069717407
leaf_count=3714 50 228 27 193 3705 399 88 104 79 93 108 233 115 92 3266 907 59 11403 148 116 90 119 82 92
internal_value=0.000770714 0.00102849 0 0.00167513 0.00124796 0.00459129 0.000444673 -0.00952411 0.00529896 0.00861562 0.011046 0.00642695 0.0084983 -0.00329626 -0.00420261 -0.00753559 0.000254276 -2.67284e-05 0.00634378 -0.0106864 0 0.0102761 0.0222335 0.0201082
internal_weight=13934.1 13666.6 10657.6 7113.74 6989.06 3008.99 1535.85 473.227 1062.62 1473.14 1245.38 911.789 897.572 3543.86 3353.44 1972.23 1381.21 5526 1463.06 267.502 171.304 190.425 333.589 115.062
internal_count=25510 25254 23725 15476 15449 1529 785 192 593 744 651 461 514 8249 7946 4173 3773 11596 3853 256 206 303 190 184
is_linear=0
shrinkage=0.0971646


Tree=72
num_leaves=33
num_cat=0
split_feature=17 9 33 25 46 44 18 19 22 34 1 18 1 1 6 0 43 18 50 39 29 36 50 28 10 32 38 18 32 1 44 46
split_gain=7.23957 8.62407 9.55495 9.00325 6.49829 5.5858 5.47221 5.09194 5.93975 7.97256 5.45371 6.38267 10.0659 5.70551 4.89423 5.52956 4.27901 7.48771 3.83873 3.66329 2.91382 2.67622 2.64696 3.90673 1.61999 1.50097 1.46483 1.14156 0.912898 1.30684 1.08871 0.365261
threshold=32.465000000000011 2.924208840508062 3.7359019336086878 24.287687142553548 0.68475973925617895 0.41234389652687592 44.402074773623433 24.453500288419317 23.835739279396567 26.767109858342199 0.83827194252655779 91.350000000000009 0.41787262833948019 0.14746159171784554 0.44765129557079969 0.36866384143642622 23.894984103004195 74.907448778798752 0.99018939517605831 71.627083333333346 4.6188609702699823 7.540037564951251 0.51258865163958856 2.4853429479985056 33.724990601659563 1.4207961372743043 10.326338049547603 36.850000000000001 1.3376235135226904 -0.46936605301880607 0.63088983819628242 0.62883559745810025
decision_type=2 2 2 2 2 2 2 2 2 2 2 2 2 2 2 2 2 2 2 2 2 2 2 2 2 2 2 2 2 2 2 2
left_child=7 2 3 6 -4 -3 27 8 10 21 11 13 -13 -1 15 -11 18 -18 -9 20 -12 25 -6 -24 -23 -10 -21 -2 29 -19 -30 -16
right_child=1 5 4 -5 22 -7 -8 16 9 14 19 12 -14 -15 31 -17 17 28 -20 26 -22 24 23 -25 -26 -27 -28 -29 30 -31 -32 -33
leaf_value=0.056707327882073978 0.088725383602461128 0.0013588394628989977 -0.10689458109591428 -0.020415106025575332 -0.059059787881266847 0.046203518667628257 0.070911686433383123 0.095753500195491184 0.071217922273188558 -0.18270936996377815 -0.097182301804681376 -0.011489986764221796 0.054712879193813561 0.0003819362681451583 -0.012370135924711031 0.0052386426740045769 0.083672299978761036 0.13300120859387329 -0.16714670663676892 -0.10227034005768494 0.082704696078804443 0.029060450943702562 -0.039661996468419718 0.0091686560873677353 0.092313847350517994 -0.34463096152742601 -0.36545753492079042 -0.090520516525341502 0.00054974080482669255 -0.11165201815852424 -0.098161279377143237 0.088748371301672166
leaf_weight=2391.6108328104019 66.2841637134552 312.14023655653 141.23358878493309 316.42517146468163 100.47183004021645 481.35416066646576 302.30844014883041 110.05849581956863 149.71447536349297 603.99254661798477 872.02052906155586 2673.109723418951 359.8478824198246 2828.0115381777287 112.48218488693237 120.68013083934784 251.89839881658554 66.896152228116989 118.97399136424065 53.171572536230087 170.98835560679436 60.736897975206375 264.29717439413071 483.23359835147858 74.124598801136017 41.428310185670853 73.093962669372559 104.72988268733025 76.419424712657928 40.073901891708374 71.821503639221191 35.108469724655151
leaf_count=6354 113 85 64 136 76 154 209 122 487 421 2557 5832 599 4987 385 322 182 177 112 163 379 139 313 387 64 72 135 112 137 109 74 92
internal_value=0.000811806 0.0054694 0.0014342 0.0095658 -0.00463681 0.0139409 0.0181168 -0.000206855 -0.000785842 -0.00722098 0 0.000915129 -0.00255278 0.00301224 -0.0122024 -0.0155617 0.00753794 0.0126417 -0.00194075 -0.00616635 -0.00374194 0.00480003 -0.00086243 0.000611128 0.0154181 -0.000616116 -0.0223398 0.00137959 0 0.00750492 -0.00400387 0.00143977
internal_weight=13928.7 2572.48 1778.98 789.748 989.236 793.494 473.322 11356.3 10620.1 1198.27 9421.85 8252.58 3032.96 5219.62 872.263 724.673 736.142 507.109 229.032 1169.27 1043.01 326.004 848.003 747.531 134.861 191.143 126.266 171.014 255.211 106.97 148.241 147.591
internal_count=25550 1649 1410 570 840 239 434 23901 22988 1982 21006 17772 6431 11341 1220 743 913 679 234 3234 2936 762 776 700 203 559 298 225 497 286 211 477
is_linear=0
shrinkage=0.0971646


Tree=73
num_leaves=33
num_cat=0
split_feature=17 40 40 1 3 40 31 26 48 18 11 29 18 36 50 1 6 49 42 18 37 4 19 4 17 41 26 21 4 21 45 45
split_gain=7.35646 18.2495 9.13278 7.2604 8.38656 7.30087 6.02186 5.38955 5.84356 8.62386 13.9636 7.85872 7.69612 5.00963 4.4726 4.46825 8.16039 4.34613 4.2437 4.16324 7.17994 5.86739 4.15677 3.9242 7.85729 4.54364 8.92199 5.31291 3.55399 4.56649 3.07348 2.42424
threshold=32.465000000000011 12.554919570847671 13.40152151466315 0.97109105924028427 1.3217174199281188 17.995103500475629 4.5912507413059034 13.977561917069472 926.6229653008902 91.750000000000014 22.531413740609217 1.4531291246384181 74.450000000000017 7.0732359402660165 1.4550000000000003 -0.2760944163666606 -0.47598177308211947 925.40716280392087 0.88873605877246964 76.450000000000017 64.58750000000002 1013.85 13.200672797430531 1004.8082354374412 30.60225603367369 24.73687561815052 26.216029304024026 24.068434437715258 1004.8082354374412 23.66858150619893 22.820998469334249 19.12038531387832
decision_type=2 2 2 2 2 2 2 2 2 2 2 2 2 2 2 2 2 2 2 2 2 2 2 2 2 2 2 2 2 2 2 2
left_child=7 6 -3 4 5 -4 -2 8 12 10 -10 -11 -1 -6 -12 23 28 -5 -19 20 -18 -21 -13 24 31 26 -25 -27 29 -17 -30 -9
right_child=1 2 3 17 13 -7 -8 15 9 11 14 22 -14 -15 -16 16 19 18 -20 21 -22 -23 -24 25 -26 27 -28 -29 30 -31 -32 -33
leaf_value=0.019105741512885407 0.023685427798165508 -0.043291092117463216 0.047459256970311253 0.003682373976102929 -0.077259132102183797 -0.021440801978896709 0.094216638021196314 0.088994963135951594 0.25861726632145277 0.13332191052407644 -0.0047838828299931954 -0.073775438873829841 -0.1424229298410126 0.008277895861992542 0.13853537236037589 -0.13863123495879534 -0.003413222020478078 -0.028409518936684447 -0.092399825651628117 -0.037598509146510355 0.26413165760652557 0.0062542234504086225 -0.0054175312525806324 -0.0036875775135938298 0.13172485830743294 0.06095328128858761 -0.17910693794941146 -0.0061056790749356741 -0.064368586377986592 -0.41990932458304514 0.010291590638795223 0.0046073135596866295
leaf_weight=179.18152797222137 268.20810031890869 349.62934160232544 425.2435759305954 120.76633104681969 178.28593581914902 157.12483590841293 371.1626835167408 343.36484742164612 314.30710056424141 187.43359452486038 330.17360097169876 146.9762749671936 227.26604494452477 429.2008760869503 252.82558125257492 762.40566119551659 997.74480324983597 142.48838683962822 130.36817973852158 1697.2265801727772 303.03304129838943 450.4461507499218 156.22184497117996 1858.9836898446083 115.76397585868835 121.34335803985596 245.45748120546341 109.57841739058495 711.48807510733604 130.33736822009087 309.13138821721077 1405.5734714269638
leaf_count=138 126 155 290 79 113 272 133 881 155 56 214 55 98 232 179 2104 2690 143 106 3948 688 619 125 4477 129 129 160 140 1566 95 405 4850
internal_value=0.000571501 0.00527366 0.000332339 0.0036888 0.00764707 0.0159507 0.0194778 -0.0004572 0.00436757 0.00749639 0.0132204 -0.00212437 -0.0052511 0 0.00343265 -0.00140832 -0.00328408 -0.00716775 -0.0144196 -0.000328956 0.00386172 -0.00306739 -0.0124689 0.00088538 0.00427117 -0.00163757 -0.00321921 0.0108083 -0.00837855 -0.0130723 -0.00382972 0.00235735
internal_weight=13928.7 2572.48 1933.11 1583.48 1189.86 582.368 639.371 11356.3 1794.39 1387.94 897.306 490.632 406.448 607.487 582.999 9561.88 5361.81 393.623 272.857 3448.45 1300.78 2147.67 303.198 4200.07 1864.7 2335.36 2104.44 230.922 1913.36 892.743 1020.62 1748.94
internal_count=25550 1649 1390 1235 907 562 259 23901 1020 784 548 236 236 345 393 22881 12115 328 249 7945 3378 4567 180 10766 5860 4906 4637 269 4170 2199 1971 5731
is_linear=0
shrinkage=0.0971646


Tree=74
num_leaves=26
num_cat=0
split_feature=30 9 1 43 9 17 16 11 3 44 5 18 49 16 17 3 36 18 13 40 10 49 40 40 28
split_gain=5.26002 25.9702 7.56458 7.20707 5.35321 12.3552 6.33402 5.03772 4.63444 4.07023 3.48927 4.99903 7.07719 4.93529 4.44144 6.78963 3.40834 3.11001 3.98301 3.03547 3.0282 2.69764 0.525506 0.012292 0.00979266
threshold=33.169495185854252 0.61937873998700443 0.90149333598846393 24.303388519909721 3.6108972423827717 13.385000000000003 25.231135787410036 23.880852778506991 2.2701211501957572 0.48748882195009297 0.9121239210760721 92.850000000000009 931.55000000000007 24.214033034340009 13.385000000000003 1.3605483668104323 5.4722329371535272 73.950000000000017 34.919972406340456 12.78136202802901 33.987781234372761 1008.5006014712652 13.736684923233319 15.941334646808167 0.84477457977006398
decision_type=2 2 2 2 2 2 2 2 2 2 2 2 2 2 2 2 2 2 2 2 2 2 2 2 2
left_child=4 9 3 19 8 -6 17 -8 10 -2 11 13 -13 -1 -12 -16 -10 18 -7 -3 23 -9 -21 -18 -19
right_child=1 2 -4 -5 5 6 7 21 16 -11 14 12 -14 -15 15 -17 20 24 -20 22 -22 -23 -24 -25 -26
leaf_value=-0.0083083545381102113 -0.18128018371511528 0.09058249789500733 0.011415060790278573 -0.0053375981036143331 0.066222849511639412 0.033228278335694424 0.034904136975305255 -0.016603239496923182 0.036567694403002775 -0.085894916489255499 -0.068915523943399476 0.0048056103634864598 -0.041330550372867952 0.014974899918522112 0.0061965563719652257 0.066079805966283892 -0.19337028409337373 -0.13349850047194226 -0.13914373467645563 0.012949203918816411 -0.2762210827724858 -0.22206787512602305 0.044806568440388155 0.18125946725678646 -0.046765106054120716
leaf_weight=3515.0809710323811 126.26354497671127 183.16529878973961 281.32072278857231 120.84343889355659 385.16085189580917 151.33128502964973 126.10915306210518 257.3668224811554 90.23932757973671 119.06477147340775 152.12202182412148 955.92611610889435 654.80141490697861 4173.7778115570545 974.74555999040604 464.09039795398712 60.049135625362396 143.92452570796013 130.05776473879814 139.05163696408272 232.93976554274559 108.76082453131676 146.34124302864075 36.848247826099396 199.35947206616402
leaf_count=8799 80 99 158 166 89 178 66 215 138 107 65 2930 1370 7351 2325 458 148 84 41 67 171 107 121 100 117
internal_value=0.000279579 0.00668244 0.0148332 0.0210963 -0.000246279 -0.00571139 -0.011051 -0.00179039 0.000443101 -0.0203575 0.000866448 9.9444e-05 -0.00476605 0.00117565 0.00507344 0.00692213 -0.00945184 -0.017625 -0.00754636 0.0265216 -0.0143597 -0.00829934 0.0169746 0 -0.0245171
internal_weight=13928.7 1116.05 870.722 589.402 12812.7 1502.07 1116.91 492.237 11310.6 245.328 10890.5 9299.59 1610.73 7688.86 1590.96 1438.84 420.076 624.673 281.389 468.558 329.837 366.128 285.393 96.8974 343.284
internal_count=25550 798 611 453 24752 897 808 388 23855 187 23298 20450 4300 16150 2848 2783 557 420 219 287 419 322 188 248 201
is_linear=0
shrinkage=0.0971646


Tree=75
num_leaves=32
num_cat=0
split_feature=13 39 40 44 14 41 33 47 25 18 1 27 1 2 1 40 27 48 10 49 30 42 2 10 2 31 16 13 40 50 24
split_gain=5.94207 7.21007 11.9595 6.82276 9.30616 6.65445 11.1077 5.08666 8.06755 5.10293 7.26931 7.02579 6.37068 8.51178 4.78069 7.07254 4.15743 3.95493 3.79978 3.78235 3.7517 3.65749 3.64029 3.44572 3.12678 3.02196 3.01578 4.64932 9.27652 3.24186 2.29455
threshold=37.054356575786763 75.927083333333343 12.554919570847671 0.41234389652687592 35.073010890924671 24.48002406854944 3.0167283602118657 461.4791666666668 23.763593317228885 91.350000000000009 0.14746159171784554 0.33489704646329743 0.22543074652937647 0.8977101403255705 0.41787262833948019 17.207659123567506 0.67301073749629758 927.85000000000002 17.847752086212637 1010.1389885162522 31.865787042139608 0.50073564871860587 -0.47347488754860562 19.62589852721791 0.91234096280339505 4.9843660410795545 24.795000000000005 34.919972406340456 15.411348573082776 1.3333707771617493 22.27694147625866
decision_type=2 2 2 2 2 2 2 2 2 2 2 2 2 2 2 2 2 2 2 2 2 2 2 2 2 2 2 2 2 2 2
left_child=7 2 -2 -4 -5 6 20 9 26 10 11 22 16 -14 15 18 -12 25 -11 -10 -3 -13 -1 -19 -17 -16 27 30 -29 -28 -9
right_child=1 5 3 4 -6 -7 -8 8 19 14 12 21 13 -15 17 24 -18 23 -20 -21 -22 -23 -24 -25 -26 -27 29 28 -30 -31 -32
leaf_value=-0.040840357028415042 0.069729577139800089 0.010080135853117794 -0.022286724496493555 0.042878958057454647 -0.029987960528135241 0.016408706572067444 -0.08612776573244893 -0.041194038338193399 -0.21848489076729141 0.0056318517966077383 -0.0076850776539140941 0.077565151858313738 -0.009186889384366204 0.19410629045543357 0.16195511560051462 -0.0025351360564465387 -0.24663591778444402 0.06098892949126497 -0.022797622895734213 -0.0064224741183086815 -0.035879182466011059 0.20897577511119531 0.041670276605627513 -0.045034220350136961 -0.061841053734175873 0.021685550560286166 0.060190028122701945 -0.14682888676706451 0.01281204489098209 -0.042754305137473213 0.081871438057292897
leaf_weight=501.4015805721283 432.31360855698586 204.91402101516724 367.61316135525703 362.59579294919968 409.94304236769676 240.33914655447006 203.05097076296806 773.60011458396912 253.75899744033813 949.64736849069595 114.93811246752739 715.68852135539055 2698.7085945904255 593.71564915776253 80.649642169475555 179.11510846018791 155.40483564138412 158.45709082484245 1260.6038309335709 144.18540161848068 153.69114536046982 412.81472739577293 844.85104995965958 132.01466220617294 408.66488996148109 55.299032986164093 120.06488218903542 250.90437862277031 194.90883013606071 117.98911282420158 436.89482286572456
leaf_count=1158 163 156 136 166 154 108 70 2246 173 1655 194 1869 6008 588 167 454 242 195 3911 69 57 940 2314 228 297 215 84 172 172 128 1061
internal_value=0.000418197 0.00485797 0.00873529 0.00305744 0.00849294 -0.00221835 -0.00842943 -0.000458299 -0.00457263 0.000515075 0.00221956 0.00627501 -0.000480664 0.000577968 -0.0025433 -0.00410037 -0.0147994 0.00663716 -0.00135773 -0.017219 0.000761596 0.011967 0.00117136 0 -0.013632 0.0201211 -0.00166807 -0.00332568 -0.0117767 0.00799256 0
internal_weight=13928.7 2374.46 1572.47 1140.15 772.539 801.995 561.656 11554.3 2292.31 9261.97 6037.52 2474.76 3562.77 3292.42 3224.45 2798.03 270.343 426.42 2210.25 397.944 358.605 1128.5 1346.25 290.472 587.78 135.949 1894.36 1656.31 445.813 238.054 1210.49
internal_count=25550 1010 619 456 320 391 283 24540 4105 20435 13313 6281 7032 6596 7122 6317 436 805 5566 242 213 2809 3472 423 751 382 3863 3651 344 212 3307
is_linear=0
shrinkage=0.0971646


Tree=76
num_leaves=25
num_cat=0
split_feature=19 17 40 10 2 38 2 21 26 25 49 27 21 3 6 11 18 11 19 49 16 18 29 8
split_gain=7.41082 7.06894 12.1295 9.98406 6.11699 7.39234 6.05173 5.99787 5.75626 12.1583 5.31953 5.18307 3.96979 3.39921 3.38863 7.03288 6.38908 6.92099 5.43122 4.58653 2.28879 1.31037 1.11347 0.805582
threshold=24.453500288419317 32.805000000000007 12.554919570847671 37.622770884326634 -0.73249407161357893 10.997961240777764 -0.42714268446624293 23.618307946699762 26.028245446356525 23.408777467978144 925.6500000000002 0.36149258981285953 23.456579301561618 1.3822558738610715 -0.27841686570654922 30.682664782998575 90.65000000000002 19.037232762704658 23.2248567405077 1019.2500000000001 24.895000000000003 74.907448778798752 3.3862881480523694 8.1600000000000037
decision_type=2 2 2 2 2 2 2 2 2 2 2 2 2 2 2 2 2 2 2 2 2 2 2 2
left_child=1 3 6 14 11 12 -3 -5 9 10 -4 -2 -6 22 15 18 17 -16 -1 -18 -17 -14 -13 -23
right_child=4 2 8 7 5 -7 -8 -9 -10 -11 -12 13 21 -15 16 20 19 -19 -20 -21 -22 23 -24 -25
leaf_value=-0.031540989064517792 -0.078328707974329323 0.064631463741969875 0.0085259070477719627 -0.056549304708009507 -0.064748233706524425 0.077607047126005024 0.026355757383697311 -0.14250664815660088 -0.048750996433817917 0.079274876919309359 -0.027981283444083176 0.032410921295824451 0.098226941039056812 -0.0051610439086939479 0.34916863229766243 -0.21230588184050392 -0.0041293806046604478 0.021766558835217498 0.023397372663885436 -0.0068926091465759225 -0.29044154094547869 0.1682460069377166 0.013396909305457377 -0.072637347566509358
leaf_weight=2487.9803112149239 178.7137014567852 227.44657135009766 471.95451900362968 278.89408084750175 95.959789127111435 242.33120116591454 260.10551187396049 223.15901207923889 474.29295212030411 218.98625099658966 591.42855715751648 56.184439480304718 100.59291404485703 90.120673507452011 126.24901708960533 113.49373686313629 3094.7605178952217 3562.1635801196098 696.80796244740486 61.673758268356323 117.90557035803795 61.789518147706985 56.545884311199188 39.202095448970795
leaf_count=6716 144 98 359 139 94 149 89 92 140 125 606 139 75 104 103 112 6879 7929 1098 20 68 162 50 60
internal_value=0.000477582 -8.73948e-05 0.0048333 -0.00115411 0.00888896 0.0155218 0.0183885 -0.0145198 0.000803668 0.00440339 0 0 0.00349042 0.0100054 -0.000454518 -0.00297821 0.000743463 0.00353552 -0.00163408 -0.00238435 -0.0193992 0.0122187 0.021339 0
internal_weight=13928.7 13007.3 2244.21 10763.1 921.44 539.876 487.552 502.053 1756.66 1282.37 1063.38 381.565 297.544 202.851 10261 3416.19 6844.85 3688.41 3184.79 3156.43 231.399 201.585 112.73 100.992
internal_count=25550 24573 1417 23156 977 540 187 231 1230 1090 965 437 391 293 22925 7994 14931 8032 7814 6899 180 297 189 222
is_linear=0
shrinkage=0.0971646


Tree=77
num_leaves=26
num_cat=0
split_feature=13 1 3 10 1 40 17 26 1 1 31 26 18 46 18 1 47 48 1 10 17 31 2 35 29
split_gain=8.21065 5.80122 4.86935 9.01662 9.17725 5.78978 7.81739 4.96681 4.26981 4.7784 4.3551 3.7712 3.85452 5.98095 5.15054 4.75641 4.42541 7.53324 5.26327 2.4578 2.06251 1.02772 0.983035 0.442647 0.370322
threshold=37.054356575786763 -0.97873101657557326 1.3217174199281188 36.615661799306324 0.80900950266415306 12.554919570847671 32.805000000000007 25.639513834662306 0.9821165111257959 0.99373737808068319 4.8282719365671953 26.216029304024026 90.65000000000002 1.3430383776742474 95.850000000000009 0.021515898191483886 0.12166666666678037 926.85000000000002 -0.87048219649539715 35.199380066381146 31.205000000000002 4.8884456377747894 -0.12447465306484827 4.5054282675764119 3.8526188070796663
decision_type=2 2 2 2 2 2 2 2 2 2 2 2 2 2 2 2 2 2 2 2 2 2 2 2 2
left_child=8 -2 3 21 -5 6 -4 -7 11 22 19 12 16 14 -14 -15 17 -1 -18 24 -12 -3 23 -10 -11
right_child=1 2 5 4 -6 7 -8 -9 9 10 20 -13 13 15 -16 -17 18 -19 -20 -21 -22 -23 -24 -25 -26
leaf_value=-0.024167019948171321 -0.009381619540598676 -0.12766956002595178 -0.047289198266006284 0.062709898177293444 -0.0029142005606099413 0.0076484982064245616 0.062469488054041754 -0.037853483115973759 -0.24636482481108946 -0.073316562895605286 0.0322278134914546 -0.12227583610857905 -0.032952160675918114 -0.0023220236426141419 0.0073578088652716499 -0.036812516476635401 0.058507295554222509 0.11330478761680676 -0.0052463312070497869 -0.10325068125553172 0.10412985017731674 -0.015294601252556958 -0.43742142094316827 0.010800183620724125 0.086729176709402847
leaf_weight=500.64309629797935 240.26869183778763 145.23978763818741 212.85514071583748 289.85452672839165 265.18357127904892 286.45490318536758 281.57035914063454 494.50677499175072 45.44855809211731 151.90693628787994 47.400170594453812 164.35788014531136 1077.39116320014 468.02380949258804 1447.0021055042744 436.48394709825516 755.92433080077171 1190.4567492306232 4907.6615742444992 85.45330411195755 46.917218238115311 158.52713340520859 127.90296342968941 42.858130902051926 58.449299782514572
leaf_count=646 102 98 121 113 75 162 99 162 88 419 139 122 2918 551 3724 373 1881 1490 11567 52 48 78 328 93 101
internal_value=0.000695417 0.00590574 0.00762013 0.0134455 0.0207781 0.00334137 0.0116413 -0.00139344 -0.000339661 -0.0082628 -0.000641657 6.23271e-05 0.000325615 -0.00231304 0 -0.00908038 0.00161425 0.00598327 0.000231911 -0.00745698 0.015919 0 -0.0198705 -0.00464046 0
internal_weight=13928.7 2374.46 2134.19 858.805 555.038 1275.39 494.425 780.962 11554.3 606.337 390.127 10947.9 10783.6 3428.9 2524.39 904.508 7354.69 1691.1 5663.59 295.81 94.3174 303.767 216.21 88.3067 210.356
internal_count=25550 1010 908 364 188 544 220 324 24540 1268 759 23272 23150 7566 6642 924 15584 2136 13448 572 187 176 509 181 520
is_linear=0
shrinkage=0.0971646


Tree=78
num_leaves=25
num_cat=0
split_feature=40 2 49 6 1 41 2 3 49 35 22 32 34 34 38 10 18 10 34 36 5 22 2 13
split_gain=7.81763 5.20465 5.32714 4.39707 4.42091 5.40474 6.76426 6.06439 5.28907 5.28511 4.38262 5.58681 5.39397 3.69474 3.56155 3.29703 5.69564 3.66884 2.81031 1.46755 2.17308 1.26819 0.597913 0.306571
threshold=19.614160211310057 -0.56287810654187398 1011.5342923144698 -1.1767131455502817 -0.99865756837029884 24.381455515080486 -0.89388548498445497 0.98094906290536488 1007.904731552792 2.1498830425023319 10.764671502136329 0.76570882149664243 17.790416666666669 26.988125000000004 11.112310604388643 25.224854479512349 82.250000000000014 20.628207720247719 19.991875000000004 1.7144970045887342 0.70907997807416312 15.331933857710327 -0.98561654718406888 27.946429577996536
decision_type=2 2 2 2 2 2 2 2 2 2 2 2 2 2 2 2 2 2 2 2 2 2 2 2
left_child=3 13 15 -1 8 10 9 -8 14 -7 11 -6 -12 22 23 16 18 -18 -3 -17 -21 -4 -2 -5
right_child=1 2 21 4 5 6 7 -9 -10 -11 12 -13 -14 -15 -16 19 17 -19 -20 20 -22 -23 -24 -25
leaf_value=0.015877087210668155 0.20476392871411697 0.16337454187362327 0.1179764680187772 0.048476303455930327 -0.075423851709150405 0.091668069435773505 0.0045422060924146055 0.081813654234953265 -0.072058756111197039 -0.11050128224748024 -0.039224966655884728 0.10481128976474836 0.0014901234448339612 0.41403240569092931 -0.076100540718196164 -0.11261195501903436 -0.12762566117737703 -0.029642551842064494 -0.033597946055517594 -0.14598143517294143 -0.025003904589096366 -0.00089851014679733887 -0.20529279102813461 0.25501823913893379
leaf_weight=288.7677800655365 27.939843326807022 83.202218562364578 103.48247608542442 47.025952011346817 108.79956823587418 71.940163403749466 197.57077893614769 295.01457867026329 213.57191160321236 149.25796759128571 325.92867028713226 556.38366815447807 10243.311030387878 97.635668039321899 38.586159408092499 130.88267278671265 103.20234003663063 137.1053092777729 237.51979884505272 345.11211162805557 57.429996281862259 64.474508136510849 57.728132456541061 35.352783709764481
leaf_count=63 103 87 159 181 59 115 253 403 162 183 251 523 20658 294 66 82 97 143 492 766 26 171 197 66
internal_value=0.000305398 -0.0064106 -0.0087959 0.00111302 0.000795703 0.00113738 0.0093583 0.0158404 -0.0100446 -0.00319198 0.00057472 0.00821195 5.15046e-05 0.00760342 0.00332943 -0.0114067 -0.00503077 -0.0165073 0.00232336 -0.0172513 -0.0121478 0.00562194 -0.00315075 0.0172405
internal_weight=14017.2 1445.72 1262.41 12571.5 12282.7 11948.2 713.783 492.585 334.537 221.198 11234.4 665.183 10569.2 183.304 120.965 1094.45 561.03 240.308 320.722 533.425 402.542 167.957 85.668 82.3787
internal_count=25600 2617 2023 22983 22920 22445 954 656 475 298 21491 582 20909 594 313 1693 819 240 579 874 792 330 300 247
is_linear=0
shrinkage=0.0971646


Tree=79
num_leaves=35
num_cat=0
split_feature=40 30 30 30 35 49 15 1 41 18 35 34 44 23 11 36 1 14 24 26 38 32 3 9 46 41 0 16 36 1 3 1 3 46
split_gain=5.35527 4.45033 3.66717 4.67312 4.98936 3.6331 7.174 5.1971 6.96782 10.1706 6.92103 5.61316 4.81364 7.02747 3.72327 3.61977 6.63235 3.93455 3.28388 3.09693 3.04701 2.84367 3.2668 2.06133 1.92414 3.38533 1.74917 1.74661 1.42483 1.14428 0.897722 0.511768 0.387856 0.193991
threshold=19.614160211310057 29.175131054430569 24.483984347982563 22.70194526707375 4.8835084424978916 925.40716280392087 22.640994827528306 -0.99166813670569331 24.143727283999315 65.733227899217525 3.153454090964074 27.259375000000006 1.0000000180025095e-35 26.224224139283443 32.5672834308536 2.1683326928008824 0.8217814666189438 14.175000000000002 14.995177773820114 18.365191609587001 17.721023082232847 3.7345077747136846 0.88443805128769737 -2.352915020468211 1.6917788852033597 21.095553741091582 -0.43520773369029264 21.605000000000004 9.8772128321801169 0.89001933454452098 1.5509777750859588 -0.92682529145923087 1.3441359010203804 1.6917788852033597
decision_type=2 2 2 2 2 2 2 2 2 2 2 2 2 2 2 2 2 2 2 2 2 2 2 2 2 2 2 2 2 2 2 2 2 2
left_child=5 2 3 4 23 6 24 10 12 -10 11 28 -9 -14 -11 17 20 -4 -5 -18 -17 22 27 -2 25 30 -24 -8 -7 -3 -1 -27 -19 -20
right_child=1 29 15 18 -6 7 21 8 9 14 -12 -13 13 -15 -16 16 19 32 33 -21 -22 -23 26 -25 -26 31 -28 -29 -30 -31 -32 -33 -34 -35
leaf_value=-0.19336024084563355 -0.11319387365938682 0.87979337060306995 -0.092742148743071337 0.13274696461254559 0.037145802314918326 -0.065057194652102593 -0.066755470304377049 0.026729337343133347 0.060439559363309164 0.019150667235079674 -0.068706260804641525 0.057366117424288765 0.00077424862505752349 -0.061975827426759236 -0.010018697033426017 0.07219912068289841 -0.049882239856662736 0.022471966925861408 -0.077238641418311493 -0.30820190592773017 -0.039180206592846413 0.013827585710248003 0.048525665178962549 -0.26179399651077212 0.071627959115943676 0.10116361552809834 -0.018055011684862059 0.084974723654473436 0.015324649457510603 0.0085770197479716117 -0.067880641901512342 -0.049130957400290658 -0.054719043479591688 0.11540905885873357
leaf_weight=184.35811349749565 59.706452190876007 40.761837303638458 129.29176068305969 119.93792578577995 109.99022459983826 245.95592403411865 53.934476375579834 155.83424019813538 348.94840949773788 359.81455358862877 175.63907736539841 99.797907948493958 8076.5630732476711 704.49234506487846 375.5906979739666 175.72746926546097 120.00999802350998 57.682881891727448 107.19017094373703 143.46569067239761 175.53752920031548 200.03497493267059 350.17126083374023 72.371049851179123 87.134841799736023 52.654253363609314 326.15847432613373 526.57028549909592 65.385654628276825 41.715693175792694 31.738105058670044 150.73434323072433 51.182857155799866 41.143534719944
leaf_count=564 76 114 32 89 164 557 200 32 153 562 130 75 14561 251 748 382 295 149 279 333 369 170 953 109 121 204 997 1989 59 97 94 563 51 78
internal_value=0.000290885 -0.00525837 -0.00681264 0 -0.0100067 0.000964085 0.00481104 0.000210658 0.000771274 0.00812008 -0.00859539 -0.000565909 -7.50832e-05 -0.000425628 0.000997497 -0.0107022 -0.00572612 -0.0215457 0.00849555 -0.0174885 0.00196545 0.00837807 0.00613182 -0.0229597 -0.0045981 -0.00781508 0.000828835 0.0115428 -0.00797456 0.0147761 -0.0162372 0 -0.00307269 0
internal_weight=14017.2 1445.72 1363.24 510.339 242.068 12571.5 1963.49 10608 10021.2 1084.35 586.779 411.139 8936.89 8781.06 735.405 852.898 614.741 238.157 268.272 263.476 351.265 1456.87 1256.83 132.078 506.62 419.485 676.33 580.505 311.342 82.4775 216.096 203.389 108.866 148.334
internal_count=25600 2617 2406 795 349 22983 5855 17128 16307 1463 821 691 14844 14812 1310 1611 1379 232 446 628 751 4309 4139 185 1546 1425 1950 2189 616 211 658 767 200 357
is_linear=0
shrinkage=0.0971646


Tree=80
num_leaves=25
num_cat=0
split_feature=6 1 18 4 26 27 22 16 14 1 35 41 1 45 1 8 35 18 27 48 46 41 17 41
split_gain=5.51543 3.67943 5.47661 6.88186 13.5303 8.04916 7.28319 7.24026 6.6488 6.09305 4.75684 13.3551 5.46539 9.04023 7.1481 4.18159 5.90843 4.2448 4.62622 3.8064 3.22099 2.98004 2.50826 0.00415993
threshold=-1.1767131455502817 0.83827194252655779 74.907448778798752 1005.4088372431141 26.216029304024026 0.15006590023948257 24.145443915565128 25.772592149850475 32.475000000000001 0.14746159171784554 5.4957273719146089 11.719789538120994 0.32533907195844747 12.471784851734872 0.1721660691770612 11.761192136051251 3.8594117968134318 57.050000000000004 1.4183892023988578 1008.4020514818616 1.8226295199267075 19.833107807503776 14.895000000000001 22.239108674018741
decision_type=2 2 2 2 2 2 2 2 2 2 2 2 2 2 2 2 2 2 2 2 2 2 2 2
left_child=-1 2 3 5 7 8 -6 -5 -2 -7 12 -12 14 -14 -4 17 -17 -3 -19 20 -18 -21 -13 -20
right_child=1 15 10 4 6 9 -8 -9 -10 -11 11 22 13 -15 -16 16 19 18 23 21 -22 -23 -24 -25
leaf_value=0.013045711060651331 0.025662587919275986 -0.032964523513757504 -0.0014124329203558934 -1.476346915179624e-05 -0.081708426452080457 0.08378735400282529 -0.004363430586820807 0.066821461670229371 -0.14262248955283299 0.022292317419548208 -0.11542376504838429 -0.04502877004527981 0.23949608459910943 0.0038687309472049962 -0.063487409047315882 0.2327784876769694 -0.042965606150686848 -0.29906160074847155 -0.16308643167783921 -0.0013535006270789694 0.00070492915615152907 0.11394654859801771 0.14439756661261174 0.020401874206553657
leaf_weight=288.7677800655365 575.55754044651985 234.27742937207222 4298.3465874195099 1196.8864534199238 300.16308689117432 749.60399007797241 389.2950139939785 545.87722900509834 118.51550123095512 1158.8926719427109 119.82127606868744 97.748186498880386 296.1835840344429 882.25510761141777 584.86819225549698 73.657981008291245 768.36698159575462 177.49682766199112 41.64075031876564 241.85925352573395 636.23088264465332 117.69065719842911 92.179824680089951 31.043298959732056
leaf_count=63 1792 165 10579 2207 83 1004 155 730 56 1772 43 69 109 1937 678 95 1188 290 148 615 1339 272 128 83
internal_value=0.000370246 5.80289e-05 0.0008064 0.00322157 -0.000329747 0.00670078 -0.011981 0.00404787 -0.00174256 0.00999259 -0.00103578 -0.0127651 -0.000360031 0.00548089 -0.00185943 -0.00343049 -0.00104783 -0.0115316 -0.0203539 -0.00241298 -0.00486747 0.00595943 0.00124516 0
internal_weight=14017.2 13728.5 11406.2 5034.79 2432.22 2602.57 689.458 1742.76 694.073 1908.5 6371.4 309.749 6061.65 1178.44 4883.21 2322.26 1837.81 484.458 250.181 1764.15 1404.6 359.55 189.928 72.684
internal_count=25600 25537 21342 7799 3175 4624 238 2937 1848 2776 13543 240 13303 2046 11257 4195 3509 686 521 3414 2527 887 197 231
is_linear=0
shrinkage=0.0971646


Tree=81
num_leaves=22
num_cat=0
split_feature=6 40 24 1 1 2 39 9 2 21 40 26 36 15 48 31 9 6 34 39 11
split_gain=4.79484 4.21256 3.75488 3.36821 5.21803 9.06693 4.92472 3.85611 3.7562 3.5253 3.14086 3.10015 3.05993 3.11654 2.99761 2.99494 2.72109 1.86446 1.81265 1.51423 1.36859
threshold=-1.1767131455502817 19.474336279609652 23.657474283442479 0.96460524310950191 0.99373737808068319 0.20062824021694661 61.856250000000003 3.1304512874435635 -0.080834334404279909 9.5557879502614611 12.392229623723077 13.56135007199034 1.5434808993636624 16.305000000000003 928.85000000000002 4.7384436425492291 6.1417196175507707 -0.39555335016605758 19.472291666666671 64.764583333333348 25.092605095270926
decision_type=2 2 2 2 2 2 2 2 2 2 2 2 2 2 2 2 2 2 2 2 2
left_child=-1 3 12 6 5 10 7 15 -6 -8 -5 -11 13 -3 16 -2 -14 -10 -16 -7 -9
right_child=1 2 -4 4 8 19 9 20 17 11 -12 -13 14 -15 18 -17 -18 -19 -20 -21 -22
leaf_value=0.011778129538320341 0.042479902847948732 -0.057486385327993925 0.43498456830225551 -0.021512972636871117 0.02752703126577577 0.41431718293409203 -0.043240144218521445 0.0048886138164875304 -0.069964213294217051 0.012197441298107937 -0.1597099951546225 0.00047035038460861483 -0.066579307702130441 -0.0040006478485844835 0.13097804645598771 -0.010153019350805929 0.0091816892566058128 0.13976189365290073 -0.006880930470336573 -0.0061858021248714212 0.15483334197615686
leaf_weight=288.7677800655365 707.16164284944534 154.0148304104805 48.979227691888809 122.1680266559124 138.69601833820343 52.329203873872757 183.72212904691696 129.1118558049202 161.52607816457748 655.38757279515266 305.35502982139587 9151.5160897374153 730.08846256136894 131.41898813843727 91.953292399644852 272.49974817037582 64.78167450428009 126.85048496723175 332.74704366922379 32.56836473941803 135.58254352211952
leaf_count=63 1376 60 152 121 117 147 82 100 219 282 521 18912 1589 170 121 304 15 356 717 88 88
internal_value=0.000196615 -3.43713e-05 -0.00482184 0.000542709 -0.00495968 -0.0116918 0.00104201 0.00681431 0.00215081 0.00027852 -0.0179087 0.000571894 -0.00591769 -0.0153772 -0.00332238 0.00342442 -0.00699268 -0.00298746 0.00255008 0.0143021 0.0175874
internal_weight=14017.2 13728.5 1553.98 12174.5 939.493 512.421 11235 1244.36 427.073 9990.63 427.523 9806.9 1505 285.434 1219.57 979.661 794.87 288.377 424.7 84.8976 264.694
internal_count=25600 25537 2824 22713 1569 877 21144 1868 692 19276 642 19194 2672 230 2442 1680 1604 575 838 235 188
is_linear=0
shrinkage=0.0971646


Tree=82
num_leaves=28
num_cat=0
split_feature=15 49 19 26 48 33 5 29 18 19 46 21 48 36 6 31 44 28 50 16 40 23 44 27 39 28 44
split_gain=3.75448 6.65104 5.97786 4.07307 6.52437 6.78291 3.80313 5.86856 5.66866 3.56222 3.98797 4.03599 3.58098 3.20944 6.09678 5.13838 2.90732 2.71507 2.51526 2.14563 1.98655 1.46424 1.45476 1.42341 1.2717 0.483624 0.325117
threshold=15.915000000000001 933.35000000000002 10.200595370727944 13.56135007199034 926.6229653008902 3.1890008633690781 0.98296291314453421 1.4531291246384181 74.450000000000017 11.974791686813949 1.7745392202814414 12.65453324104708 919.94344637185952 12.465766437987314 -0.86320597962977363 5.1407486750021372 1.265479033085134 3.0338434075516374 1.6108353757434022 26.235000000000003 19.474336279609652 21.780725711439157 1.2429373830303845 0.76584722451991516 81.677083333333357 1.1961640042841744 1.0396815386708205
decision_type=2 2 2 2 2 2 2 2 2 2 2 2 2 2 2 2 2 2 2 2 2 2 2 2 2 2 2
left_child=1 6 -3 4 19 -6 7 20 26 10 11 -5 21 14 -14 -15 -7 23 22 -2 -1 -11 25 -12 -23 -4 -9
right_child=3 2 18 9 5 16 -8 8 -10 12 17 -13 13 15 -16 -17 -18 -19 -20 -21 -22 24 -24 -25 -26 -27 -28
leaf_value=0.012518141842254221 -0.096340333102297185 0.16070978903500241 -0.049269446820959142 -0.0036119264315114872 0.18171883284339463 -0.027143391341704546 0.021257280883338996 0.076544257153725079 -0.082821520581608049 -0.064125835155763519 0.0074636702705840937 -0.090649511689922121 0.015008960504257849 0.0028269490991068651 -0.0015469528090142131 -0.040772700812790295 0.11110842537562737 0.011277684225419497 -0.015202444398427047 0.011754955483668618 -0.057347535895673957 0.053392949886879516 0.054336046456486667 -0.055824073457928051 0.016265286018149343 0.049497284143414026 -0.15895258864373302
leaf_weight=179.17352539300919 157.86975651979446 83.605885744094849 44.334089368581772 83.232690691947937 218.19194909930229 166.80441090464592 111.25148111581802 59.56879135966301 228.74335569143295 30.517241239547729 111.83444154262543 110.00371214747429 2053.6281023025513 827.00758677721024 7782.8086462914944 549.10447561740875 244.28395560383797 102.78689867258072 57.250898540019989 146.08556261658669 103.30510592460632 129.09283310174942 97.663793593645096 165.55642986297607 70.603808581829071 56.622104585170746 46.29455503821373
leaf_count=158 69 32 56 147 142 121 28 197 75 107 263 86 2997 1407 17002 1011 160 91 38 109 84 266 167 298 271 142 76
internal_value=1.82303e-05 -0.0054785 0.00488368 0.000505605 0.00667901 0.0124851 -0.010892 -0.0140195 -0.0228457 0 -0.00742761 -0.0188029 0.000399891 0.000113522 0.000765657 -0.00423002 0.00382257 -0.00043007 -0.00100939 -0.0039556 -0.00193941 0.0123366 0.00240615 -0.00645381 0.0155982 -0.00270522 0
internal_weight=14017.2 1067.81 339.477 12949.4 933.236 629.28 728.337 617.085 334.607 12016.2 573.414 193.236 11442.8 11212.5 9836.44 1376.11 411.088 380.178 255.871 303.955 282.479 230.214 198.62 277.391 199.697 100.956 105.863
internal_count=25600 1053 435 24547 601 423 618 590 348 23946 885 233 23061 22417 19999 2418 281 652 403 178 242 644 365 561 537 198 273
is_linear=0
shrinkage=0.0971646


Tree=83
num_leaves=26
num_cat=0
split_feature=15 49 35 40 18 6 1 44 14 18 44 8 3 45 45 6 31 47 14 27 48 40 25 13 8
split_gain=4.53487 4.20886 6.12444 4.783 6.18975 4.31462 3.84427 5.16119 4.40991 4.46254 5.22734 3.54682 3.53064 3.49537 3.4553 3.48531 3.3664 4.00223 3.3273 2.08464 1.41918 1.39935 0.352152 0.092209 0.0225239
threshold=16.305000000000003 933.35000000000002 4.2611975994876827 16.935470826091663 74.907448778798752 -0.27841686570654922 0.83827194252655779 1.0000000180025095e-35 34.485000000000007 51.850000000000001 0.32561108957791757 10.324666042431 1.6704927179738946 22.665763264377578 22.450261353089228 -1.0050840664240488 6.8454919639534557 372.1283333333335 31.2179200036529 0.24946866170643697 931.55000000000007 20.471383123674656 16.484146191522957 27.386340843486789 14.545000000000003
decision_type=2 2 2 2 2 2 2 2 2 2 2 2 2 2 2 2 2 2 2 2 2 2 2 2 2
left_child=1 3 -3 19 21 22 8 -8 9 10 -2 -12 -10 14 15 -9 17 -11 -18 20 -1 -5 23 -4 -24
right_child=6 2 5 4 -6 -7 7 13 12 16 11 -13 -14 -15 -16 -17 18 -19 -20 -21 -22 -23 24 -25 -26
leaf_value=0.011655391613192331 0.039973373976794117 0.025839204377933567 0.10448800695168256 0.076528296860784079 -0.034846968789159993 -0.014338021010233364 0.042560047412260618 0.0088298940889870899 -0.0035398431290264466 0.0080325611438456634 0.084151525430257099 -0.00025133663741992788 -0.024961835926126462 -0.12316901084365553 -0.03622315838639182 -0.017711850112167037 0.0058870712386534761 -0.0062078233970432588 0.003697123460147173 0.057415424130623414 -0.10155534944911987 -0.16300682811139833 0.021326009171186218 -0.15248859066684325 0.19894167744788871
leaf_weight=75.519684255123138 63.210391581058502 142.98352032899857 36.772084176540375 107.54581928253174 392.31771326065063 91.454150766134262 49.769126415252686 52.007312297821045 213.57484981417656 6459.932489335537 173.25415912270546 358.78359586000443 254.05315911769867 204.88054209947586 64.027379095554352 2027.0514573156834 118.59903505444527 2621.7711292207241 83.264062017202377 153.47616943717003 67.113676249980927 80.831862300634384 39.128895074129105 35.565856993198395 50.337967455387115
leaf_count=109 44 99 102 169 106 34 10 13 99 14750 224 875 93 131 44 3985 338 3696 37 144 81 130 81 81 125
internal_value=-0.00031999 -0.00585445 0.00155892 -0.0096836 -0.0147887 -0.0063017 0.000200631 -0.00326001 0.00104456 0.00151834 0.00973166 0.00553026 -0.00800328 -0.00408819 -0.00267686 -0.00354515 0.000942789 0.000615365 0.0133655 0 -0.00798528 0 0.000900449 0 0.0061155
internal_weight=14017.2 1273.05 396.242 876.805 580.695 253.259 12744.2 2397.74 10346.4 9878.81 595.248 532.038 467.628 2347.97 2143.09 2079.06 9283.57 9081.7 201.863 296.11 142.633 188.378 161.805 72.3379 89.4669
internal_count=25600 1261 522 739 405 423 24339 4183 20156 19964 1143 1099 192 4173 4042 3998 18821 18446 375 334 190 299 389 183 206
is_linear=0
shrinkage=0.0971646


Tree=84
num_leaves=20
num_cat=0
split_feature=15 32 11 31 29 34 40 34 49 46 22 49 11 22 14 29 19 3 29
split_gain=6.02359 5.29979 7.2136 3.97251 5.87625 4.01717 7.41788 5.80772 7.29221 5.50391 4.38841 3.73068 3.15199 3.12351 2.61607 2.31215 7.27982 0.442304 0.189795
threshold=16.305000000000003 0.8223229245415079 21.041218366711625 6.8454919639534557 7.362542485710498 30.300000000000001 12.78136202802901 28.403958333333339 1011.1116423140755 0.68475973925617895 13.459736823829049 927.25000000000011 33.750445491743136 9.5739094293819011 31.2179200036529 1.3794557542048465 11.604923266709713 0.76500000000000012 5.9475846440210196
decision_type=2 2 2 2 2 2 2 2 2 2 2 2 2 2 2 2 2 2 2
left_child=1 2 -1 4 5 7 12 10 -9 -8 -2 -3 -7 -13 17 -15 -17 -5 -19
right_child=3 11 -4 14 -6 6 9 8 -10 -11 -12 13 -14 15 -16 16 -18 18 -20
leaf_value=-0.0045331253524235832 0.037594116403406166 -0.19223299495800372 -0.07511898064892028 -0.013675089028125836 -0.048968937507314396 0.051234277797614171 -0.093477638240004365 0.010366429766237251 0.19793740594769316 -0.014888233124952388 -0.003920208672684021 0.14299491930784258 -0.016717093991629395 0.092809723208496744 0.0029574051524172474 -0.094906983452636026 0.011463436735593996 0.073806279105800829 0.036719197517646733
leaf_weight=263.40315499901772 1389.6595143079758 112.06156864762306 230.41473200917244 36.451081842184067 165.96926754713058 157.16163146495819 206.7485619187355 2115.1993770599365 107.99448052048683 510.19907701015472 7692.1132814884186 131.97172313928604 159.12129428982735 107.25694361329079 79.611929178237915 118.41030782461166 257.85873004794121 58.032661825418472 30.934254676103592
leaf_count=173 1828 165 84 103 131 89 95 2709 80 526 18448 119 100 100 37 62 512 171 88
internal_value=-0.00016478 -0.00669551 -0.014502 0.000430699 0.000174498 0.000454613 -0.00527045 0.00101686 0.00546617 -0.0109509 -2.67913e-05 -0.000775048 0.00625136 0.00159643 0.0137763 -0.00125033 -0.00559512 0.00108418 0.0067899
internal_weight=13930.6 1221.38 493.818 12709.2 12504.2 12338.2 1033.23 11305 2223.19 716.948 9081.77 727.559 316.283 615.498 205.03 483.526 376.269 125.418 88.9669
internal_count=25620 1215 257 24405 24006 23875 810 23065 2789 621 20276 958 189 793 399 674 574 362 259
is_linear=0
shrinkage=0.0971646


Tree=85
num_leaves=35
num_cat=0
split_feature=2 2 36 22 3 14 18 1 4 31 30 21 14 43 2 9 2 31 42 33 45 19 40 35 45 1 15 7 18 30 29 16 24 42
split_gain=4.40008 7.13644 9.83975 14.3585 6.57665 6.44492 5.38061 7.61498 4.97532 5.07719 4.71373 5.34853 4.2837 3.75735 3.71127 9.60725 6.44253 6.24196 5.40375 4.68368 4.23599 4.14656 3.14439 3.13209 2.43664 2.10568 1.03784 0.567797 0.51395 0.454452 0.798524 0.385926 0.219406 0.191116
threshold=0.93225468035816128 0.8977101403255705 0.9479803092231639 14.526616308509912 1.0950000000000004 17.655000000000005 98.850000000000009 0.071975062632924844 932.25000000000011 3.0805213559482296 21.619819663820937 15.752401855164978 17.015000000000004 11.757287007274329 -0.98561654718406888 1.6607190440882376 -0.96288731545773421 4.2981496980602509 1.0000000180025095e-35 3.4234315143321488 24.230928275983764 22.544220332693076 10.356726966251538 3.5199388320117961 12.471784851734872 -0.39753913293122006 22.755000000000006 10.042968783572329 73.309924805775481 19.855308508665292 1.7149102451285556 26.335000000000004 17.875513934017366 0.44066199751410756
decision_type=2 2 2 2 2 2 2 2 2 2 2 2 2 2 2 2 2 2 2 2 2 2 2 2 2 2 2 2 2 2 2 2 2 2
left_child=1 14 -3 24 5 10 7 12 13 -10 11 -2 -6 -9 15 17 20 22 -18 -20 21 -16 -1 -19 -4 -5 29 -14 -28 -7 -31 -17 -27 -30
right_child=4 2 3 25 6 26 -8 8 9 -11 -12 -13 27 -15 16 31 18 23 19 -21 -22 -23 -24 -25 -26 32 28 -29 33 30 -32 -33 -34 -35
leaf_value=0.051514444496382789 0.020896261188998171 -0.067903794912243243 0.37011659812053838 0.14363685085156239 0.11882569508300686 -0.025128281888155378 -0.010814686618342857 -0.017437472830235039 0.37232046662115209 -0.021492695766171063 -0.1147873599667362 -0.041231423696974516 -0.048413075362723067 -0.29100304626342632 -0.13132846872247686 0.15677492668627696 -0.10278195659379211 0.020949913889839248 0.0096681184082879658 -0.005998802455528085 -0.10309562136398161 0.052615905484792051 -0.18687089323031417 0.12124032675146983 0.046870850724202467 -0.21688650572282731 0.051997858084375473 0.17055628672449266 -0.053068020425826673 -0.061749950349717656 0.082376528068399721 0.14370558079880486 -0.074636660435295391 -0.15334658237795371
leaf_weight=120.74818447232246 135.77337020635605 88.523895859718323 150.89255997538567 50.904670625925064 280.47359681129456 57.693187654018402 239.723034709692 131.33070430159569 76.242804735898972 157.57771366834641 314.45676040649414 212.63039022684097 123.23790922760963 133.66628992557526 166.77319669723511 108.63724905252457 163.49884939193726 239.01875182986259 6055.731692969799 3558.9235982298851 129.66258212924004 168.34550574421883 211.61564758419991 78.300829827785492 118.02697241306305 43.635789275169373 48.984232634305954 64.954532861709595 32.219117641448975 45.629396229982376 195.46024662256241 99.200357049703598 52.667174249887466 75.412778168916702
leaf_count=164 121 58 100 165 157 150 167 57 49 244 196 171 308 145 470 66 35 594 14419 4975 101 315 367 201 142 71 161 187 95 131 549 137 156 196
internal_value=-6.64661e-05 0.000675519 0.0119512 0.018668 -0.00394867 -0.00933922 0.000702861 0.00426506 -0.0034203 0.00565722 -0.0154354 -0.00587298 0.0133193 -0.0129959 0.000121377 0.00627808 -0.00035409 0 0.000135725 0.000479351 -0.0115059 -0.00408649 -0.00883422 0.0101125 0.0320954 -0.00317155 0 0 -0.00673003 0.00291738 0.00530095 0.0243117 -0.0134396 -0.0104501
internal_weight=13930.6 11605.1 504.651 416.127 2325.47 1118.26 1207.21 967.484 498.818 233.821 662.861 348.404 468.666 264.997 11100.5 857.521 10242.9 649.683 9778.15 9614.66 464.781 335.119 332.364 317.32 268.92 147.208 455.399 188.192 156.616 298.783 241.09 207.838 96.303 107.632
internal_count=25620 22536 692 634 3084 1770 1314 1147 495 293 488 292 652 202 21844 1529 20315 1326 19429 19394 886 785 531 795 242 392 1282 495 452 830 680 203 227 291
is_linear=0
shrinkage=0.0971646


Tree=86
num_leaves=30
num_cat=0
split_feature=44 8 40 10 13 0 47 18 44 25 17 45 4 15 43 22 11 2 25 29 1 27 7 25 10 33 23 16 1
split_gain=4.87789 9.68799 9.8857 7.31076 6.93401 5.17319 4.0701 7.38919 5.60125 9.54226 3.47649 3.35314 9.59985 11.4618 8.20034 6.1004 4.07223 2.96531 2.66711 5.65849 4.44488 2.36986 2.36927 2.41615 1.77801 1.45458 0.546841 0.272101 0.185198
threshold=0.27814222808817185 7.830000000000001 12.78136202802901 39.929571670193802 36.231538390822294 0.20563325073728203 684.40166666666676 59.806823943951549 0.39783939770728488 23.817083149107081 35.855000000000011 9.5952451996923092 931.05000000000007 15.915000000000001 12.797862946633481 13.459736823829049 21.421128354839052 -0.10223319119162254 24.615609738516518 4.3805513761134405 -0.034319876048209338 0.22866553712507384 5.8343597543003138 23.213855832110266 30.989664560871464 4.5286719566895401 25.225126264195804 26.235000000000003 0.53436760985011655
decision_type=2 2 2 2 2 2 2 2 2 2 2 2 2 2 2 2 2 2 2 2 2 2 2 2 2 2 2 2 2
left_child=1 5 4 22 26 18 10 8 -8 17 11 12 13 -2 16 -16 -13 -10 19 20 -1 -7 28 -24 27 -12 -3 -23 -4
right_child=6 2 3 -5 -6 21 7 -9 9 -11 25 14 -14 -15 15 -17 -18 -19 -20 -21 -22 24 23 -25 -26 -27 -28 -29 -30
leaf_value=0.19097545275818351 -0.13868656352640074 -0.13797156362517446 0.13420799049023494 -0.049565176827663468 0.076461926250322915 -0.12030690694225402 -0.092820288037552393 -0.06636195668099916 -0.022815973169376599 0.026326553731556415 0.10132370516245066 0.017833332961047155 0.20285910441628058 0.055509602722656537 0.056820944278018398 -0.002092251927804132 -0.042657753878391609 0.012599736065190369 -0.24560887908914725 -0.18082125515922443 -0.22995430220764781 0.15684838048607322 0.0023166497216981739 0.060495695563410584 0.14144165476801782 0.0079451720228299848 0.021605503623338376 -0.024887740323051213 -0.16750592854114141
leaf_weight=91.120265632867813 106.47102382779121 54.120348155498505 36.695374965667725 88.231850475072861 242.86171525716782 49.489970594644547 103.20666596293449 272.03782936930656 409.4113774895668 94.852927446365356 158.10148537158966 93.46729439496994 110.53325885534286 215.84515410661697 856.435338139534 8784.8820551633835 982.54499226808548 329.58676877617836 77.750005275011063 92.319630563259125 61.506348639726639 42.6946180164814 86.07500547170639 109.45956549048424 53.929480165243149 161.44588449597359 63.322091966867447 60.187825620174408 41.987421452999115
leaf_count=162 74 159 115 19 106 94 42 135 258 29 94 72 45 235 866 20074 1378 535 88 100 81 133 127 89 78 82 37 229 84
internal_value=1.89188e-05 0.00582677 0.0132507 0.000649945 0.0246417 -0.0035317 -0.00052207 -0.00587819 -0.00127085 0.000916165 6.74514e-06 -0.000243574 0.00804295 0 -0.000620215 0.00023574 -0.00866458 -0.00231935 -0.0117055 -0.00441712 0.00487435 0.00719939 0.009595 0.0155311 0.0140222 0.00998531 0.00117612 0.00152767 0
internal_weight=13930.6 1251.75 722.753 362.449 360.304 528.998 12678.8 1209.1 937.058 833.851 11469.7 11150.2 432.849 322.316 10717.3 9641.32 1076.01 738.998 322.696 244.946 152.627 206.302 274.217 195.535 156.812 319.547 117.442 102.882 78.6828
internal_count=25620 1701 736 434 302 965 23919 999 864 822 22920 22744 354 309 22390 20940 1450 793 431 343 243 534 415 216 440 176 196 362 199
is_linear=0
shrinkage=0.0971646


Tree=87
num_leaves=26
num_cat=0
split_feature=19 39 43 40 47 19 31 26 50 13 36 6 8 33 47 1 50 23 20 50 15 16 35 4 50
split_gain=4.66929 10.3353 4.71417 7.32665 7.98085 3.52408 5.19122 5.83466 4.70866 7.31104 6.62489 3.79087 3.85954 6.13916 5.46694 3.2547 3.12144 2.88948 2.40125 3.79285 3.39461 1.75473 1.34935 0.442131 0.118702
threshold=24.453500288419317 80.18958333333336 24.303388519909721 10.031565209029255 290.47499999999997 18.9229305589223 4.8694381675861527 22.588317745975569 1.3918767143192572 35.857839953778331 0.9479803092231639 -1.6564183146790932 7.830000000000001 3.4234315143321488 555.45000000000005 -0.22611359161738934 0.65421789673843167 23.074588401689425 23.940651511289307 1.0043747410753421 28.495000000000001 27.365000000000006 2.0606349048810784 1008.0337808629671 1.3736370688083646
decision_type=2 2 2 2 2 2 2 2 2 2 2 2 2 2 2 2 2 2 2 2 2 2 2 2 2
left_child=2 21 5 22 23 6 8 15 9 -1 -10 -7 14 -14 -13 -8 -3 -9 -18 -20 -21 -2 -4 -5 -23
right_child=1 16 3 4 -6 11 7 17 10 -11 -12 12 13 -15 -16 -17 18 -19 19 20 -22 24 -24 -25 -26
leaf_value=-0.014059198492411801 0.069570125150741555 0.051929833280984786 0.15415322456027655 0.080300023808492341 -0.18581036740665821 0.013601028816771551 0.0010573722441216521 -0.14090984913821991 -0.25748110986008643 0.045947912517991699 0.021773824691780422 -0.0044019132654940585 0.022127637309644829 -0.0070095097433137505 -0.18305641958373281 -0.017482904276291081 -0.0088220904495541919 -0.008154238805051766 -0.036694870484062225 0.087209722047505406 -0.0035920624877172872 0.14942610485833094 -0.016281519307266332 -0.15123027910259548 -0.020828649554671588
leaf_weight=2818.7448490262032 231.34019136428833 140.52867805957794 50.277558147907257 51.03186622262001 150.76324903964996 43.769126415252686 396.19799438118935 107.44372221827507 116.99475112557411 121.98692339658737 1472.0406148135662 2022.9048234224319 2865.3398754298687 1500.9178545773029 130.78812575340271 966.78410184383392 201.75486794114113 80.391188740730286 95.066196024417877 91.515156954526901 79.454079657793045 47.267586052417755 64.674752622842789 43.464784413576126 39.130655765533447
leaf_count=4561 137 166 128 162 63 9 710 146 73 81 1694 5918 6859 1906 211 1754 173 106 97 82 156 118 126 106 78
internal_value=-0.000124789 0.00649033 -0.000630051 -0.0115752 -0.0214149 -0.000281829 -0.00199394 -0.00685196 -0.000233159 -0.00262318 0.00391846 0.00123946 0.000973462 0.00267894 -0.00228516 -0.00422602 -0.000268489 -0.0233041 -0.00475191 0 0.0099269 0.0206422 0.00581142 0 0.00236458
internal_weight=13930.6 926.057 13004.5 360.212 245.26 12644.3 6080.58 1550.82 4529.77 2940.73 1589.04 6563.72 6519.95 4366.26 2153.69 1362.98 608.319 187.835 467.79 266.035 170.969 317.738 114.952 94.4967 86.3982
internal_count=25620 1007 24613 585 331 24028 9125 2716 6409 4642 1767 14903 14894 8765 6129 2464 674 252 508 335 238 333 254 268 196
is_linear=0
shrinkage=0.0971646


Tree=88
num_leaves=27
num_cat=0
split_feature=34 31 1 38 16 34 47 13 49 49 40 1 25 1 49 8 1 1 2 28 3 38 49 26 40 16
split_gain=4.62335 7.89939 9.21416 5.68642 6.16067 5.15539 5.9072 7.79109 5.1301 5.05006 4.17885 10.8938 12.7383 4.96968 5.58216 4.82145 4.8128 3.13956 3.56543 5.23441 4.56022 2.79847 1.87733 1.59604 0.661897 0.56114
threshold=30.300000000000001 4.1456564002776028 0.70075845884162402 15.179225981883766 28.055000000000003 28.403958333333339 671.4383333333335 35.504880027243125 1011.1116423140755 1008.3007422594915 12.554919570847671 0.20088869483109786 25.065209187844598 -0.22611359161738934 1008.1040776165629 8.2950000000000017 0.071975062632924844 0.9821165111257959 0.94968266440323645 4.1618995813383393 1.5325238585493219 15.478037958370466 1007.1271214549183 16.030284116692062 20.01172731356273 24.605000000000004
decision_type=2 2 2 2 2 2 2 2 2 2 2 2 2 2 2 2 2 2 2 2 2 2 2 2 2 2
left_child=5 -2 -3 4 -4 6 17 21 10 -6 11 12 -7 14 -12 -13 -15 18 19 -1 -20 -8 23 -19 -23 -24
right_child=1 2 3 -5 9 8 7 -9 -10 -11 13 15 -14 16 -16 -17 -18 22 20 -21 -22 24 25 -25 -26 -27
leaf_value=0.011032383064047647 0.05067973262484695 -0.06591988807575043 -0.04262787837917785 0.027127609487283016 -0.12648505125782644 0.18612995377764951 0.093857134177478999 -0.092886222957383621 0.19053242396695794 0.038010604178425819 0.030818162756782973 -0.23170417684574837 -0.0011596366504222344 0.092285049471981864 -0.041687860306123807 0.017977575801955997 0.004092438314451512 0.0018571598889257619 -0.016413430907890658 -0.0084168551099223846 0.053510879818105796 -0.00096052953530264933 -0.19527485168622977 -0.23805683185230475 -0.14892759921642465 0.11460051305779759
leaf_weight=6661.590073466301 122.52125376462936 232.12453383207321 281.32339468598366 195.94244033098221 146.21006116271019 253.1587992310524 39.545846968889236 261.58163601160049 117.17940798401833 55.108880907297134 127.47078302502632 87.811950415372849 141.85732060670853 91.896715313196182 193.82600656151772 127.63147577643394 1117.9384576380253 37.238307267427444 1708.8026034533978 1074.2374300658703 362.142663449049 173.41034051775932 40.646213740110397 128.66811254620552 85.638612747192383 65.070251941680908
leaf_count=16203 139 103 120 112 294 196 42 95 84 42 204 107 231 113 75 168 1626 96 2260 1676 386 425 95 329 207 192
internal_value=-0.000467228 -0.00671253 -0.0101201 -0.00362009 -0.00971831 1.46071e-06 -0.00086071 -0.010567 0.00424662 0.00138026 0.00291796 0.00969932 0.0195214 0 -0.0104771 -0.00637666 0.00305514 -0.000275897 0 0.000969827 -0.00356662 0 -0.0105226 -0.0168807 -0.00356418 0
internal_weight=13930.6 1033.23 910.709 678.585 482.642 12897.3 10638.6 560.176 2258.77 201.319 2141.59 610.46 395.016 1531.13 321.297 215.443 1209.84 10078.4 9806.77 7735.83 2070.95 298.595 271.623 165.906 259.049 105.716
internal_count=25620 810 671 568 456 24810 22006 769 2804 336 2720 702 427 2018 279 275 1739 21237 20525 17879 2646 674 712 425 632 287
is_linear=0
shrinkage=0.0971646


Tree=89
num_leaves=24
num_cat=0
split_feature=31 14 28 2 48 19 35 17 19 22 19 48 24 31 46 45 25 0 4 48 2 27 38
split_gain=4.56204 6.19201 3.19225 9.15464 7.57257 4.41627 3.4019 4.29468 7.97182 6.93789 6.88325 6.84392 3.22076 3.00942 4.30121 2.81077 2.32495 2.21712 1.72316 1.60146 0.348913 0.281633 0.265789
threshold=6.8454919639534557 31.2179200036529 4.8185053247649412 -0.42714268446624293 1008.0055982046869 23.112377492578201 5.4957273719146089 35.855000000000011 19.916834208093714 13.459736823829049 14.078969004519573 926.05000000000007 21.642800950236115 1.9407340701424056 1.1053636833650153 14.821197829334286 21.960096497976853 0.49944537339916317 1002.402903968184 924.63010746765815 0.61864848712698517 0.62117251453127875 18.723625893915724
decision_type=2 2 2 2 2 2 2 2 2 2 2 2 2 2 2 2 2 2 2 2 2 2 2
left_child=2 20 6 4 18 12 7 9 -9 11 -11 -1 16 17 -15 -16 -5 22 19 -4 21 -2 -8
right_child=1 -3 3 5 -6 -7 13 8 -10 10 -12 -13 -14 14 15 -17 -18 -19 -20 -21 -22 -23 -24
leaf_value=-0.074325162643976622 -0.014414663308610761 0.0052221782045159771 0.023816629651921346 -0.016180082061247821 -0.049863836398383876 0.056816747551635328 0.029182171292692696 -0.0051335001077164027 0.0662617231036048 -0.018643400504434551 0.00061317442008561101 0.051469782846561229 -0.026239957568793548 -0.1732506152745627 0.015676483360991277 -0.016141711629149624 0.087860439286391756 -0.053885122543768933 0.011576209400467691 -0.24100052866798652 0.089740858307286966 0.060045663118251297 -0.029616067297447472
leaf_weight=159.7513335943222 40.609144598245621 79.611929178237915 68.772174775600433 207.63490122556686 298.36638846993446 232.59858772158623 46.618753492832184 251.15941807627678 202.46617424488068 714.3327471613884 8633.0028501749039 1172.9811106324196 135.5784395635128 83.284963309764862 841.59999030828476 258.92649576067924 53.219696998596191 176.82077798247337 73.912657231092453 42.327774554491043 53.564221322536469 33.075031638145447 70.358011394739151
leaf_count=141 99 37 169 453 80 160 91 142 79 709 19662 954 84 139 1513 394 75 118 41 81 170 99 130
internal_value=-1.20239e-05 0.0141711 -0.00025995 -0.00525393 -0.0153749 0.00188439 0.000147872 0.000762123 0.0100236 0.000326099 -0.000567697 0.00690155 -0.00353387 -0.00418441 -0.00156924 0 0.00136797 -0.0131616 0 -0.00748074 0 -0.00354634 0
internal_weight=13930.6 206.86 13723.7 1112.41 483.379 629.032 12611.3 11133.7 453.626 10680.1 9347.34 1332.73 396.433 1477.61 1183.81 1100.53 260.855 293.798 185.013 111.1 127.248 73.6842 116.977
internal_count=25620 405 25215 1143 371 772 24072 21687 221 21466 20371 1095 612 2385 2046 1907 528 339 291 250 368 198 221
is_linear=0
shrinkage=0.0971646


Tree=90
num_leaves=17
num_cat=0
split_feature=34 10 8 19 21 2 38 7 18 26 31 5 26 46 31 7
split_gain=6.29144 8.92228 6.68486 5.10536 4.70791 6.99475 6.3445 5.51794 5.27203 4.575 5.586 4.0582 4.39325 7.52442 3.38229 1.84822
threshold=17.790416666666669 21.62438757882742 11.645000000000001 24.453500288419317 23.719512653333943 -0.65778589144866462 10.229750877944698 4.2549999999999999 74.907448778798752 26.444536322492173 4.8884456377747894 -1.0314814034131552 25.756898875788952 0.5544924503955746 4.8694381675861527 7.5099999999999998
decision_type=2 2 2 2 2 2 2 2 2 2 2 2 2 2 2 2
left_child=1 -1 -3 9 5 -5 -7 -6 -9 11 -11 -2 14 -14 -13 -10
right_child=3 2 -4 4 7 6 -8 8 15 10 -12 12 13 -15 -16 -17
leaf_value=-0.095755750632114667 -0.19092415006377544 0.11092925106209017 -0.016099378870951253 -0.057071792623032101 -0.088322061761993462 -0.025351636787487294 0.060722287935706949 0.075070731113250702 0.1547225309423188 -0.10753242367116628 0.0063726147016752973 0.0064241741741209975 -0.0040185292684567211 0.0682015375066716 -0.0045312502922973596 -0.0062308197668542523
leaf_weight=275.21471571922302 169.07304239273071 155.20440688729286 278.00270622968674 168.69266477227211 80.319170832633972 110.61940404772758 161.12065720558167 232.4326888024807 88.849986642599106 322.05454811453819 354.86711841821671 6390.9827759861946 448.93681585788727 397.95227470993996 4081.6198200881481 61.17687252163887
leaf_count=146 37 115 138 169 150 136 123 148 243 107 142 12902 272 311 10287 37
internal_value=0.00040107 -0.00843981 0 0.000914787 0.00797357 0 0.010338 0.0148027 0.0199026 0.000353809 -0.00732726 0.000845319 0.00110512 0.00786073 0.000515985 0.00231935
internal_weight=13777.1 708.422 433.207 13068.7 903.211 440.433 271.74 462.779 382.46 12165.5 676.922 11488.6 11319.5 846.889 10472.6 150.027
internal_count=25463 399 253 25064 1006 428 259 578 428 24058 249 23809 23772 583 23189 280
is_linear=0
shrinkage=0.0971646


Tree=91
num_leaves=21
num_cat=0
split_feature=34 10 7 28 15 18 1 48 4 10 38 3 26 48 6 8 31 18 43 18
split_gain=4.18341 10.7307 8.05066 3.87263 5.68145 4.07508 4.99856 6.65719 4.92367 4.65846 4.85265 7.73127 4.45766 3.59729 3.31944 2.47834 2.44118 2.07707 1.67123 0.192458
threshold=17.790416666666669 21.62438757882742 6.9750000000000005 6.0046436950949458 23.764734630615521 92.15000000000002 0.41787262833948019 1019.2500000000001 931.05000000000007 21.238491846802408 17.721023082232847 2.0833112208203075 26.444536322492173 928.45000000000016 -0.27841686570654922 12.151531867843898 5.0234980244853613 81.250000000000014 15.691633675798654 77.550000000000011
decision_type=2 2 2 2 2 2 2 2 2 2 2 2 2 2 2 2 2 2 2 2
left_child=1 -1 -3 5 -5 9 7 8 -7 14 12 -12 -11 16 19 -4 -8 -16 -15 -2
right_child=3 2 15 4 -6 6 13 -9 -10 10 11 -13 -14 18 17 -17 -18 -19 -20 -21
leaf_value=-0.086451679769750031 0.10724790371061491 -0.024218580270246537 0.084324941762647543 0.013167195374496853 -0.056730967767581679 -0.0022917490093635412 0.13197914512264458 -0.0076225211097485949 -0.013808681498391626 0.0092766445031515089 -0.0060707613388795807 -0.23330033430614203 -0.0049203807844093042 -0.050020225270145421 0.37099743085288484 -0.034398991669724953 0.021230804435287656 0.10771952494743919 0.067288623219900381 -0.06769588451392286
leaf_weight=275.21471571922302 80.97184020280838 169.43035709857941 122.95774680376053 136.58355236053467 112.7683752477169 1147.0100994706154 75.480390936136246 55.031032592058182 1199.1241044104099 7136.1911410391331 1061.9547297954559 120.20516517758369 856.35445109009743 68.695251286029816 135.20522063970566 140.81900921463966 57.585938513278961 522.88072177767754 138.12352994084358 164.5322959125042
leaf_count=146 247 64 114 168 33 3561 157 21 2395 13630 2237 148 360 70 211 75 201 913 266 446
internal_value=0.000212937 -0.0069943 0.00165944 0.000637787 -0.0111585 0.00090308 -0.00234967 -0.00403329 -0.00498622 0.00183051 0.00111979 -0.00457447 0.00201679 0.00823115 0.00854859 0.0130688 0.0205018 0.01215 0 0
internal_weight=13777.1 708.422 433.207 13068.7 249.352 12819.3 2741.05 2401.17 2346.13 10078.3 9174.71 1182.16 7992.55 339.885 903.59 263.777 133.066 658.086 206.819 245.504
internal_count=25463 399 253 25064 201 24863 6671 5977 5956 18192 16375 2385 13990 694 1817 189 358 1124 336 693
is_linear=0
shrinkage=0.0971646


Tree=92
num_leaves=28
num_cat=0
split_feature=48 18 36 9 10 8 18 14 21 48 21 12 47 18 17 19 36 45 2 40 35 48 41 18 1 29 1
split_gain=4.51068 4.8265 7.44084 7.51789 6.37168 4.98737 6.1763 13.2961 7.1894 4.51339 7.10003 6.21312 5.11127 6.77121 4.7292 5.48912 4.43359 4.67629 4.66137 4.30005 3.70096 3.59486 2.52047 2.18011 2.06432 1.52662 0.159012
threshold=1019.2500000000001 74.450000000000017 4.1130078122892959 1.1529689568264774 26.587890172353593 8.5650000000000031 51.850000000000001 31.670224014945671 23.719512653333943 930.6500000000002 10.767659162731105 25.085475353005041 333.35416666666674 92.15000000000002 14.175000000000002 21.848866141582757 10.213332767998633 23.443054825483518 -0.30013083027253423 17.0207521967241 4.5504545777743397 1008.0055982046869 23.901862348776415 95.250000000000014 0.8217814666189438 1.1241324539783069 0.77542559342608797
decision_type=2 2 2 2 2 2 2 2 2 2 2 2 2 2 2 2 2 2 2 2 2 2 2 2 2 2 2
left_child=1 2 3 22 25 16 8 -8 -7 10 -3 19 13 -13 -12 -16 17 -4 -18 21 -21 -11 24 -2 -1 -5 -6
right_child=23 9 5 4 26 6 7 -9 -10 11 14 12 -14 -15 15 -17 18 -19 -20 20 -22 -23 -24 -25 -26 -27 -28
leaf_value=0.10343479419569862 0.078177458987788453 -0.045459963191645844 0.00087889058241488272 -0.027830877266723862 0.064767967072207194 0.0029978519970353468 0.0017172121345443421 -0.044517156575119898 0.06539833188587614 -0.058728085709102457 0.040956788383931582 0.054143806626395584 -0.087849348844097092 -0.02040053936875607 -0.0082944954750719408 0.064322381069884263 -0.079608418966680791 0.067527662040161376 0.079613343035973269 -0.044146897438876218 -0.01809313468683595 0.0030969718641928549 -0.068204956417086182 -0.014552605125264101 -0.046547915737611745 0.082230930036796754 0.10603882849526897
leaf_weight=300.16299897432327 61.211128145456314 219.23770663142204 316.39147993922234 72.959062337875366 201.63480046391487 2053.6376568078995 1493.3423636257648 848.65954101085663 139.75837564468384 573.45755490660667 303.26940214633942 1250.8143659830093 162.01574221253395 995.21074241399765 1635.7904759645462 613.71458554267883 311.0640467107296 563.6246483027935 133.9924476146698 276.67949765920639 163.43679383397102 437.95181646943092 97.530845612287521 58.864648342132568 211.67494767904282 150.27694192528725 130.75505232810974
leaf_count=773 159 127 732 116 139 2736 3704 412 49 656 109 3307 153 2324 4069 2426 452 470 324 152 220 953 77 21 532 177 94
internal_value=0.000178726 0 0.0017861 0.00888217 0.0170738 0.00029887 -0.00115644 -0.00468696 0.00242025 -0.00186776 0.00100099 -0.00403782 -0.000811076 0.000214587 0.0025921 0.000845187 0.0055927 0.00965894 -0.00150593 -0.00908478 -0.0174973 -0.00496244 0.000669011 0.018697 0.00405683 0.00213424 0.0257261
internal_weight=13777.1 13657 7025.47 1164.99 555.626 5860.47 4535.4 2342 2193.4 6631.58 2772.01 3859.57 2408.04 2246.03 2552.77 2249.51 1325.07 880.016 445.056 1451.53 440.116 1011.41 609.369 120.076 511.838 223.236 332.39
internal_count=25463 25283 10787 1908 526 8879 6901 4116 2785 14496 6731 7765 5784 5631 6604 6495 1978 1202 776 1981 372 1609 1382 180 1305 293 233
is_linear=0
shrinkage=0.0971646


Tree=93
num_leaves=21
num_cat=0
split_feature=19 18 48 32 12 3 34 10 7 38 26 19 18 35 25 18 9 18 23 1
split_gain=6.83582 4.76383 4.66161 4.50838 5.00438 4.347 3.31918 10.051 5.18458 3.49539 3.33044 5.91562 5.01694 5.00411 7.93868 5.05745 3.10693 2.18011 1.842 0.0409042
threshold=24.453500288419317 67.350000000000009 1019.2500000000001 1.4207961372743043 26.381926282691413 1.0715523994459846 17.790416666666669 21.62438757882742 6.9750000000000005 14.06237992934539 14.695340654494862 11.974791686813949 51.850000000000001 5.4957273719146089 18.040173347245176 75.450000000000017 1.8643443039406569 95.250000000000014 25.758837843069518 -0.66101488256563334
decision_type=2 2 2 2 2 2 2 2 2 2 2 2 2 2 2 2 2 2 2 2
left_child=2 -2 6 18 -5 -6 7 -1 -9 -10 13 16 -13 14 -8 -15 -12 -4 19 -3
right_child=1 3 17 4 5 -7 10 8 9 -11 11 12 -14 15 -16 -17 -18 -19 -20 -21
leaf_value=-0.06271551081139444 0.023259725435413291 0.17721665436561387 0.070581376105450386 -0.024525887421570591 0.032492257149878308 -0.052760092396704893 0.057028106872955203 -0.035883542328154806 0.032759221697785765 -0.0030706814889790513 -0.013922820073687727 0.016998251779685874 -0.0041187267015274113 0.014270608773740189 -0.0026489710624104262 -0.032490514017503094 -0.11760960271406717 -0.013138606817866034 0.15280228345302144 -0.04373304932171266
leaf_weight=275.21471571922302 346.70627391338348 38.851283967494965 61.211128145456314 220.62352067232132 68.007890492677689 78.405520349740982 522.67460516095161 169.43035709857941 129.59425756335258 134.18249845504761 396.3184095621109 2016.748093098402 7977.7985427677631 345.84350541234016 400.60099363327026 275.78731369972229 109.63915574550629 58.864648342132568 103.06004846096039 47.556906968355179
leaf_count=146 166 143 159 151 95 127 281 64 56 133 768 2392 19416 404 294 160 163 21 176 148
internal_value=0.000468571 0.00863013 -7.27687e-05 0.00213396 -0.00323395 0.00894234 -0.000287295 -0.00674309 0.00160375 0.010897 5.85536e-05 -0.000525485 0 0.00429719 0.00891412 -0.00188678 -0.0107439 0.018697 0.0146381 0
internal_weight=13777.1 903.211 12873.9 556.505 367.037 146.413 12753.8 708.422 433.207 263.777 12045.4 10500.5 9994.55 1544.91 923.276 621.631 505.958 120.076 189.468 86.4082
internal_count=25463 1006 24457 840 373 222 24277 399 253 189 23878 22739 21808 1139 575 564 931 180 467 291
is_linear=0
shrinkage=0.0971646


Tree=94
num_leaves=22
num_cat=0
split_feature=19 48 40 9 37 4 48 45 28 20 18 17 19 2 22 40 26 18 29 47 8
split_gain=5.1647 4.59299 4.31969 7.97874 6.09154 4.03319 3.83423 3.47301 3.35781 5.60766 3.14067 5.89833 4.5055 3.65078 3.56112 2.55289 2.37325 2.27582 2.14781 0.507899 0.504515
threshold=24.453500288419317 1019.2500000000001 10.571384327155773 1.8643443039406569 80.970833333333346 1007.6053362077467 1006.8117183248263 23.930273119624211 5.6109838728935371 22.360271644917873 73.309924805775481 16.675000000000004 12.331026286163942 -0.9993703818063705 11.25530734445819 10.031565209029255 24.965426241831768 95.250000000000014 3.3224311852411756 425.21666666666675 9.1550000000000029
decision_type=2 2 2 2 2 2 2 2 2 2 2 2 2 2 2 2 2 2 2 2 2
left_child=1 8 3 7 6 -6 20 -2 10 16 11 -1 -13 15 -15 -12 19 -3 -9 -10 -4
right_child=2 17 4 -5 5 -7 -8 18 9 -11 13 12 -14 14 -16 -17 -18 -19 -20 -21 -22
leaf_value=0.058372321116567483 -0.20241582739668246 0.06372336370918881 0.0905296291872415 -0.042826887685579899 0.0017679170914893551 0.086135110077999885 -0.02717535838705281 0.013066231387837232 0.0097047132809097852 -0.058623640809303094 -0.31985078828615848 -0.019532873805963229 0.0076945414975719325 -0.018348611890350724 -0.0017087377554919484 -0.0043095178750992462 0.032249037066121596 -0.011861999114838534 0.067986248004019326 -0.13873275855064013 0.0033222979422682783
leaf_weight=226.48655012249947 62.692289918661118 61.211128145456314 70.820173740386963 121.65373873710632 138.0834533572197 151.14420175552368 106.99349108338356 59.529224008321762 56.446570962667465 149.79122763872147 49.149453371763229 647.92105707526207 5091.7027467489243 645.17430537939072 5751.8439472913742 37.002381592988968 46.624476402997971 58.864648342132568 130.10794246196747 51.689731329679489 62.186929762363434
leaf_count=146 110 159 149 74 86 109 130 128 167 49 46 1242 8368 206 13784 137 40 21 147 92 73
internal_value=0.000344545 -0.000121957 0.0074431 0 0.0130749 0.0225421 0 0.00926721 -0.000335042 -0.0103739 -5.27442e-05 0.00151974 0.000830158 -0.00156565 -0.00122201 -0.0213947 5.38603e-05 0.0184996 0.0165009 -0.00497129 0.0123336
internal_weight=13777.1 12873.9 903.211 373.983 529.228 289.228 240.001 252.329 12753.8 304.552 12449.3 5966.11 5739.62 6483.17 6397.02 86.1518 154.761 120.076 189.637 108.136 133.007
internal_count=25463 24457 1006 459 547 195 352 385 24277 348 23929 9756 9610 14173 13990 183 299 180 275 259 222
is_linear=0
shrinkage=0.0971646


Tree=95
num_leaves=14
num_cat=0
split_feature=48 31 0 34 49 34 22 0 50 14 18 36 29
split_gain=4.31764 3.12238 3.02004 3.13396 6.75747 6.3914 4.65193 4.48642 4.47175 2.82548 2.37051 0.162379 0.199191
threshold=1019.2500000000001 6.8454919639534557 -1.4265370532234807 30.300000000000001 1008.5006014712652 29.333333333333339 24.145443915565128 -1.0034293416100994 1.0150000000000003 31.2179200036529 95.250000000000014 9.8772128321801169 4.4197206406904881
decision_type=2 2 2 2 2 2 2 2 2 2 2 2 2
left_child=1 2 -1 5 8 7 -7 -4 -5 11 -2 12 -3
right_child=10 9 3 4 -6 6 -8 -9 -10 -11 -12 -13 -14
leaf_value=0.04722291095106617 0.057531707462700081 -0.034212534941419688 -0.54376997211215683 -0.0014467662229420944 0.017764319086333098 0.0078939314501527136 0.096793151151681939 -0.0015015992349130514 -0.029642941628337669 0.0011252502732240358 -0.01070943251068943 -0.17666521513279709 0.071915450947596438
leaf_weight=53.496738195419312 61.211128145456314 33.205357819795609 53.144543647766113 236.45445901155472 271.38650611042976 805.45814222097397 150.87457704544067 11399.886305749416 480.61681443452835 78.816408038139343 58.864648342132568 29.592494070529938 64.111546397209167
leaf_count=12 159 116 10 267 130 860 122 23094 378 41 21 90 163
internal_value=0.00018372 0 -0.000162508 -0.000288443 -0.00555402 9.78435e-05 0.0077443 -0.00050525 -0.0107203 0.0118121 0.0183023 0 0.00380027
internal_weight=13777.1 13657 13451.3 13397.8 988.458 12409.4 956.333 11453 717.071 205.726 120.076 126.909 97.3169
internal_count=25463 25283 24873 24861 775 24086 982 23104 645 410 180 369 279
is_linear=0
shrinkage=0.0971646


Tree=96
num_leaves=19
num_cat=0
split_feature=13 38 50 3 9 48 11 36 27 5 40 2 16 40 45 36 50 16
split_gain=7.10412 10.6869 8.45601 5.69475 6.07006 5.62115 5.10375 5.8622 5.45621 5.43118 3.84012 4.94507 3.62307 3.60431 3.37728 2.27228 1.34536 0.0962945
threshold=39.897073167965765 13.000696367872024 1.7528977196985442 1.6950000000000001 2.6080873872686721 1018.6500000000002 35.215458042528674 1.373074323405274 0.072511915622276421 -0.39514152024252364 17.109159075608847 0.93225468035816128 26.74007559191644 10.571384327155773 14.517265972087424 10.213332767998633 1.3150000000000002 30.055000000000003
decision_type=2 2 2 2 2 2 2 2 2 2 2 2 2 2 2 2 2 2
left_child=2 -2 3 5 13 10 7 -4 -9 -10 14 -12 -8 -5 -1 -15 -7 -14
right_child=1 -3 6 4 -6 16 12 8 9 -11 11 -13 17 15 -16 -17 -18 -19
leaf_value=0.03441547806923289 -0.0035524877916544677 0.056187780829252201 -0.020217793958816691 0.13291378935781181 0.044773274775963968 0.051941661125719921 -0.25750192602944483 -0.21137130475574326 -0.019009039318837802 0.011349435464113438 -0.00028395037095166011 -0.032865728512790043 0.35861865251064351 0.026534099694970694 0.0027698697078315472 -0.059744069717998567 0.028093805645072949 -0.087195711578840998
leaf_weight=836.53379490971565 270.57140469551086 339.99880149960518 173.55195730924606 98.802311331033707 218.50477603077888 54.49866858124733 184.34504973888397 113.51992243528366 828.12607508897781 713.63576290011406 2298.4833464920521 732.37777733802795 33.900243282318115 305.05007067322731 6542.8141026496887 174.57346060872078 63.100044727325439 35.713285773992538
leaf_count=950 87 103 117 131 110 150 166 150 914 884 4882 771 85 455 15185 264 42 107
internal_value=0.000958124 0.0112127 0.000456909 0.00153282 0.00949317 0.000887186 -0.00518234 -0.00309122 -0.00102051 0.000239249 0.000603187 -0.00224484 -0.0183683 0.00335475 0.00183118 0 0.0218484 0
internal_weight=14018.1 610.57 13407.5 11324.7 796.931 10527.8 2082.79 1828.83 1655.28 1541.76 10410.2 3030.86 253.959 578.426 7379.35 479.624 117.599 69.6135
internal_count=25553 190 25363 22940 960 21980 2423 2065 1948 1798 21788 5653 358 850 16135 719 192 192
is_linear=0
shrinkage=0.0971646


Tree=97
num_leaves=23
num_cat=0
split_feature=13 38 50 10 18 39 36 42 27 29 36 37 22 44 30 18 18 44 26 25 8 32
split_gain=6.23004 7.28897 5.46733 4.70793 9.06472 7.70234 7.26639 4.55948 5.3877 4.52429 6.08452 4.2354 4.08718 3.62537 3.87051 3.53559 3.99704 6.94291 3.79254 2.98901 1.07935 0.256456
threshold=39.897073167965765 13.000696367872024 1.7528977196985442 36.615661799306324 67.350000000000009 82.948827700457983 11.62941671348605 0.14829312973708633 1.3552179237780642 4.7498057116572268 1.1942221831990467 57.604166666666671 20.306655738129788 1.0719076731263752 26.779294257023622 99.950000000000017 92.15000000000002 1.2885418100989627 13.56135007199034 20.196140924116317 13.945 0.83904906431340665
decision_type=2 2 2 2 2 2 2 2 2 2 2 2 2 2 2 2 2 2 2 2 2 2
left_child=2 -2 3 15 6 -6 11 -4 9 10 -9 -5 -11 20 -15 16 18 -18 -1 -17 -10 -21
right_child=1 -3 7 4 5 -7 -8 8 13 12 -12 -13 -14 14 -16 19 17 -19 -20 21 -22 -23
leaf_value=0.028196119994458296 -0.0032073116749928325 0.050728316609260915 0.016069781200285387 0.0029631711849136288 -0.071258313718076879 0.018984098385122845 -0.0013650826430392324 -0.084444911399043213 -0.0063268938448327412 -0.029754478586329763 -0.0024174010076566583 0.044211627844394863 -0.18226612897192104 -0.0029709366949111989 0.026371454356405762 0.048514047186569306 -0.024628876656099391 0.0087451351673211788 0.003285270044378483 0.042061086050333409 -0.10190702505904399 -0.028274655316885541
leaf_weight=887.99457520246506 270.57140469551086 339.99880149960518 181.26591631770134 235.15535238385201 266.48693037033081 178.38457348942757 363.80280467867851 101.50925070047379 71.500347077846527 162.430076867342 712.24139568209648 485.78597730398178 422.89418470859528 236.17746287584305 133.46665713191032 235.38181605935097 2117.2628064155579 319.54662936925888 6071.9225229024887 84.418498069047928 61.307005167007446 78.595867097377777
leaf_count=464 87 103 117 101 144 95 124 63 194 247 976 245 307 196 215 150 5579 441 15252 198 108 147
internal_value=0.00111055 0.0107302 0.000638353 0.00150723 0.0065484 -0.00443567 0.0114453 -0.00387675 -0.00543154 -0.00860253 -0.00321085 0.0170758 -0.0153183 0.00255246 0.0081451 0.000674676 0.000246396 -0.00308229 0.00147395 0.00963572 -0.00970734 0
internal_weight=14018.1 610.57 13407.5 11324.7 1529.62 444.872 1084.74 2082.79 1901.53 1399.07 813.751 720.941 585.324 502.451 369.644 9795.12 9396.73 2436.81 6959.92 398.396 132.807 163.014
internal_count=25553 190 25363 22940 709 239 470 2423 2306 1593 1039 346 554 713 411 22231 21736 6020 15716 495 302 345
is_linear=0
shrinkage=0.0971646


Tree=98
num_leaves=13
num_cat=0
split_feature=5 48 30 16 25 31 13 49 27 13 27 40
split_gain=4.1947 3.77481 3.36028 11.5208 8.00496 7.74514 4.23322 6.80534 4.84452 4.45381 3.20062 2.32236
threshold=-1.4940403044975488 1019.2500000000001 33.169495185854252 27.262118080375302 24.980663547642148 4.7740409822988497 38.178166544938215 1009.5053967674102 -1.0000000180025095e-35 35.857839953778331 0.65615824164606185 12.633976934669684
decision_type=2 2 2 2 2 2 2 2 2 2 2 2
left_child=-1 2 6 5 -5 -4 8 10 -2 -10 -8 -6
right_child=1 -3 3 4 11 -7 7 -9 9 -11 -12 -13
leaf_value=0.022604944399796056 -0.17415248728979799 0.023890384520720717 0.0015944323557671707 -0.031859293879934664 0.05965377754057271 0.05046171010575546 0.0072222308580142487 -0.02145972021991608 0.00059700466718827006 0.016469730524738567 -0.012061115100901725 -0.01422346656337016
leaf_weight=64.113300800323486 150.28352117538452 119.3007335960865 277.90901726484299 191.03394389152527 106.1437471807003 309.17268186807632 322.29519283771515 370.38862493634224 10433.162876158953 1293.1602593660355 213.2892559170723 167.84770107269287
leaf_count=14 32 174 116 114 161 129 154 131 23325 868 72 263
internal_value=0.000851892 0.000703702 0.000521535 0.00579662 -0.00493577 0.0150028 5.27171e-05 -0.00630002 0.00057471 0.000833518 0 0.00447082
internal_weight=14018.1 13954 13834.7 1052.11 465.025 587.082 12782.6 905.973 11876.6 11726.3 535.584 273.991
internal_count=25553 25539 25365 783 538 245 24582 357 24225 24193 226 424
is_linear=0
shrinkage=0.0971646


Tree=99
num_leaves=13
num_cat=0
split_feature=13 44 10 36 48 34 2 14 46 43 44 40
split_gain=5.106 8.52395 3.77449 3.4975 3.57087 3.99767 5.24872 4.28118 1.92482 1.03616 0.374754 0.10354
threshold=39.897073167965765 0.48748882195009297 39.929571670193802 17.387993668256584 1019.2500000000001 28.403958333333339 -0.9975933521984367 32.82500000000001 2.031304492644511 13.946283768892323 0.881979834414785 20.718904365948774
decision_type=2 2 2 2 2 2 2 2 2 2 2 2
left_child=2 -2 3 4 5 7 -7 -1 9 -5 -11 -10
right_child=1 -3 -4 8 -6 6 -8 -9 11 10 -12 -13
leaf_value=0.0018395091181203746 -0.0027667592202714722 0.040304909845451327 -0.0078561479643360892 -0.013636658088564528 0.022036807103925159 0.10521241148154979 0.003634936713584635 -0.078274026514846939 0.04465590927306104 -0.15750456567557897 -0.14123713328232929 -0.11979903032155366
leaf_weight=9826.7522227168083 293.34052413702011 317.22968205809593 372.55754444003105 47.048185110092163 117.38993516564369 189.85232409834862 2259.2205598056316 364.42257717251778 59.600666522979736 43.743926197290421 79.139579921960831 47.803128719329834
leaf_count=20713 92 98 122 128 169 159 3140 440 132 123 132 105
internal_value=0.0010628 0.00978008 0.000631893 0.000938048 0.00120349 0.00100881 0.00453665 0.00011807 -0.00963228 -0.0159839 -0.0207045 0
internal_weight=14018.1 610.57 13407.5 13035 12757.6 12640.2 2449.07 10191.2 277.335 169.932 122.884 107.404
internal_count=25553 190 25363 25241 24621 24452 3299 21153 620 383 255 237
is_linear=0
shrinkage=0.0971646


Tree=100
num_leaves=17
num_cat=0
split_feature=31 48 30 12 35 35 38 42 26 29 41 44 22 44 49 2
split_gain=3.57559 3.62449 3.8387 9.89162 5.14139 12.5268 9.01821 4.67585 6.90411 6.84183 4.86409 4.38301 2.95333 2.15071 1.74678 0.672258
threshold=6.8454919639534557 1019.2500000000001 33.169495185854252 27.425868044155269 3.2039749992773232 2.7844680169973208 14.453691727217276 0.14829312973708633 26.444536322492173 4.3005078291950234 24.08192404752845 0.18918632374710079 23.568342317640461 0.51040862853928992 1010.927045555793 0.58621793134364741
decision_type=2 2 2 2 2 2 2 2 2 2 2 2 2 2 2 2
left_child=1 2 7 -4 5 -5 -6 9 11 13 -10 -9 -11 -1 -2 -16
right_child=14 -3 3 4 6 -7 -8 8 10 12 -12 -13 -14 -15 15 -17
leaf_value=0.028025902661675511 0.041275055227744037 0.01941210747572053 0.076685999978421848 -0.027941153427982587 -0.029895141613213237 0.047698837841999027 0.053419431500907534 -0.10287682413122037 -0.045447178045670403 0.020522502944630788 -0.0054250902931549131 0.0006606842897499361 0.073947684053094404 -0.084128453233419886 -0.0036190291789951535 0.11434355340818685
leaf_weight=316.82781204581261 76.189601182937622 118.27000698447227 140.73719537258148 167.01100754737854 374.07028868794441 269.5320326089859 128.18744260072708 178.2638258934021 260.29729586839676 204.3600312769413 215.96639344096184 11133.007472902536 122.1340463757515 186.98326921463013 70.965944647789001 55.29718941450119
leaf_count=809 135 171 67 92 316 244 70 180 105 312 105 22251 55 369 108 164
internal_value=0.000947013 0.000724981 0.000544606 0.00610064 0.00196886 0.00995071 -0.00414196 3.40996e-05 -0.000428998 0.0070985 -0.0118542 1.73646e-05 0.0179853 0 0.0137897 0.00250832
internal_weight=14018.1 13815.6 13697.4 1079.54 938.801 436.543 502.258 12617.8 11787.5 830.305 476.264 11311.3 326.494 503.811 202.453 126.263
internal_count=25553 25146 24975 789 722 336 386 24186 22641 1545 210 22431 367 1178 407 272
is_linear=0
shrinkage=0.0971646


Tree=101
num_leaves=28
num_cat=0
split_feature=10 18 49 34 16 50 48 48 5 16 24 1 20 47 18 30 38 8 30 18 28 16 29 34 37 9 36
split_gain=4.37237 7.66951 13.6675 9.77872 6.65921 8.78227 4.93141 3.90155 3.32049 7.09152 5.10643 2.80622 3.11487 7.73625 3.34802 2.66663 2.58628 2.52354 2.42808 1.76799 1.74039 2.59143 2.22923 2.56079 1.68971 0.565031 0.0674799
threshold=36.615661799306324 65.733227899217525 1010.5025421670172 30.300000000000001 24.214033034340009 1.5944366082323551 1005.4054949322053 1004.533528158246 0.98296291314453421 20.725000000000005 11.531433387294726 0.8217814666189438 24.211320718618996 333.35416666666674 91.750000000000014 28.829820063314699 14.453691727217276 14.835000000000001 30.463631302818808 80.15000000000002 0.9670457904089631 25.315000000000001 0.92131035454478138 21.540208333333339 76.537500000000023 -1.403277305862719 6.0009026998268498
decision_type=2 2 2 2 2 2 2 2 2 2 2 2 2 2 2 2 2 2 2 2 2 2 2 2 2 2 2
left_child=8 3 7 4 -2 24 -7 -3 10 -10 19 12 14 -14 -12 17 -5 -13 -17 26 22 -22 -11 -24 -6 -23 -1
right_child=1 2 -4 16 5 6 -8 -9 9 20 11 15 13 -15 -16 18 -18 -19 -20 -21 21 25 23 -25 -26 -27 -28
leaf_value=0.0076396232285634528 -0.0036634025747234586 -0.034981465282477267 0.026801753752472679 -0.02167096862284508 0.025218821794591551 0.057513330826216576 -0.009171630390435153 -0.073005787805242736 0.063471937244419227 -0.031938463999142595 0.012718589353601378 -0.17265411932650487 0.018419196308842031 -0.09288083688770371 -0.0029099613461822118 0.0449227466520584 -0.0044923566194742474 -0.0062706993325385707 -0.012833409067260989 -0.10719961102610902 -0.088799055525685108 0.074276960946803541 0.046733432338585727 0.015340136619424558 0.019658583286062261 -0.040673079214817658 -0.23242653573899616
leaf_weight=52.351305484771729 286.27002918720245 172.76495721936226 191.5963026881218 326.89684510231018 294.35338690876961 218.43631613254547 344.88354071974754 368.48418220877647 183.8847893178463 63.516694933176041 5540.2564964592457 411.86248084902763 337.94784539937973 222.35482975840569 2473.2426461279392 471.15071684122086 340.01520130038261 443.68266713619232 359.26848691701889 95.272597193717957 100.91272231936455 60.300501048564911 112.92991226911545 161.31385183334351 258.19493246078491 68.876844167709351 57.079774081707001
leaf_count=35 136 138 93 111 117 116 126 141 61 38 12215 1073 1117 227 5574 1063 122 1152 644 20 88 162 71 446 108 211 148
internal_value=0.000988584 0.00442365 -0.00372516 0.00751708 0.0121569 0.0155497 0.00593176 -0.0120858 9.14852e-05 0.00634446 -0.000318631 0 0.000699598 -0.00616139 0.00123468 -0.00363328 -0.00161153 -0.00743588 0 -0.015402 0.000170033 -0.0054655 0.00527574 0.0098269 0.0245019 0.000787617 -0.00209735
internal_weight=14018.1 2801.9 732.845 2069.05 1402.14 1115.87 563.32 541.249 11216.2 751.735 10464.5 10259.8 8573.8 560.303 8013.5 1685.96 666.912 855.545 830.419 204.704 567.851 230.09 337.76 274.244 552.548 129.177 109.431
internal_count=25553 1208 372 836 603 467 242 279 24345 1077 23268 23065 19133 1344 17789 3932 233 2225 1707 203 1016 461 555 517 225 373 183
is_linear=0
shrinkage=0.0971646


Tree=102
num_leaves=42
num_cat=0
split_feature=46 45 35 31 17 44 19 39 35 47 24 22 18 49 33 18 3 22 22 6 4 31 6 4 31 34 50 4 0 14 28 41 13 46 40 44 4 9 45 27 40
split_gain=2.90632 6.43699 6.50664 6.90416 10.9223 6.78426 6.27616 5.67231 5.66104 4.81487 3.87342 5.50907 3.9634 4.18166 3.42993 4.20909 3.19475 3.00985 3.00374 2.65208 4.58341 4.84639 4.37024 5.29261 6.60721 4.5426 4.48946 3.72987 3.39921 2.24337 2.14547 1.99211 1.76375 1.39765 1.07502 1.25788 0.573129 0.482936 0.480851 0.419029 0.00666076
threshold=0.57656031651033901 21.104470910658858 3.2039749992773232 4.4096434064925552 31.005000000000006 0.57124031764349825 21.969090285717993 78.952083333333348 2.574832762604196 341.20083333333343 24.840063533409175 22.872293928692958 68.441718485159512 1010.5025421670172 3.7923425138568345 92.550000000000011 0.60018078921489659 24.694262238614282 24.013608506051082 -0.27841686570654922 920.55000000000007 5.0429421419914418 0.78328899007305186 928.05000000000007 4.6494903346067291 17.790416666666669 0.97174006043864181 1006.013925526553 0.57423990924428969 28.365000000000006 1.5286431552873463 21.939253818964275 37.054356575786763 0.47400574921699795 12.866013467115566 0.46501253676796245 927.45000000000016 0.81284971614099188 20.568905434327039 1.1811753691000586 11.361467902177628
decision_type=2 2 2 2 2 2 2 2 2 2 2 2 2 2 2 2 2 2 2 2 2 2 2 2 2 2 2 2 2 2 2 2 2 2 2 2 2 2 2 2 2
left_child=1 16 3 8 5 -5 19 -6 18 33 14 29 -13 -14 15 17 -1 -8 -3 20 21 39 23 26 -25 -24 -21 28 -22 -12 -27 -29 34 -4 40 -36 -17 -35 -23 -2 -18
right_child=6 2 9 4 7 -7 10 -9 -10 -11 11 12 13 -15 -16 36 32 -19 -20 22 27 38 25 24 -26 30 -28 31 -30 -31 -32 -33 -34 37 35 -37 -38 -39 -40 -41 -42
leaf_value=-0.1992430352304303 0.063312280818887332 0.00017732895234555336 0.02408430929516181 0.015392031336726272 0.09019390517383466 -0.11490055676802233 0.063336778003708266 0.018151644702727305 -0.1055832245506096 -0.048580658701278256 -0.02246856713312852 -0.039109118160876977 -0.032980355376335813 0.10913208408685644 -0.032189755229917891 0.01534581178727204 0.089907891008862664 -0.0097716065667954113 -0.14795228593849855 0.029598289754601048 -0.0096162360934245687 -0.0128807812717319 -0.10130693021144069 0.042169909942055883 -0.0020677530368231234 -0.034976433492004362 -0.010649355165221945 0.014701522836843273 -0.13173911867166313 0.046787915286668688 0.024835556542872922 -0.046141006024296265 0.021687347803219403 -0.016473188983280752 0.27566415105512021 0.03460209497101905 -0.059810713968572154 0.02624824874766336 0.031202159934592247 0.0016743297434459914 -0.080702483207861733
leaf_weight=46.336495071649551 90.372958779335022 643.89607128500938 67.303454548120499 511.88533043861389 164.15753862261772 141.12550401687622 1095.2909018993378 174.13883584737778 150.36020040512085 466.53126558661461 50.305832087993622 262.11579331755638 295.1405665576458 72.256703674793243 92.66878467798233 294.48938927054405 35.703238070011139 191.30648896098137 398.02112326025963 454.06093946099281 1228.1300039887428 48.920403331518173 197.98364901542664 1521.4702900052071 1056.1982445120811 510.18042719364166 905.2239371240139 890.82710576057434 522.10505929589272 104.64298170804977 733.89627930521965 55.63719829916954 48.457570105791092 40.193787217140198 74.9881452023983 54.945983082056046 116.31761267781258 37.977317988872528 46.072509378194809 86.126550734043121 32.521525204181671
leaf_count=82 154 1351 96 1170 103 182 2260 97 155 166 182 119 712 109 121 1176 109 142 672 1431 2711 28 78 1536 1879 925 1440 1825 1361 94 1907 57 19 92 163 125 463 93 148 27 79
internal_value=-0.000122643 -0.00277757 -0.00432509 -0.00161149 0.0041111 -0.00267747 0.000589636 0.0183737 -0.00672488 -0.013258 0.00480132 -0.00039191 -0.00496179 0.000485736 0.00731198 0.00844348 0.0104422 0.0111722 -0.00366016 -0.000659529 -0.00301322 0.00844307 0.000560927 0.00230579 0.00494649 -0.00390229 -0.00238848 -0.00433277 -0.00699852 0.0152139 -0.00133363 0.00015391 0.0154957 0 0.00813711 0.0132868 0 -0.00620696 -0.0059861 0.0185565 0
internal_weight=14010.3 3088.54 2795.59 2183.58 991.307 653.011 10921.7 338.296 1192.28 612.006 2574.54 784.462 629.513 367.397 1790.07 1697.4 292.953 1286.6 1041.92 8347.21 2968.19 271.492 5379.01 3936.95 2577.67 1442.06 1359.28 2696.7 1750.24 154.949 1244.08 946.464 246.616 145.475 198.159 129.934 410.807 78.1711 94.9929 176.5 68.2248
internal_count=25639 4754 4177 3730 1552 1352 20885 200 2178 447 5378 1216 940 821 4162 4041 577 2402 2023 15507 6311 357 9196 6286 3415 2910 2871 5954 4072 276 2832 1882 495 281 476 288 1639 185 176 181 188
is_linear=0
shrinkage=0.0971646


Tree=103
num_leaves=33
num_cat=0
split_feature=2 2 29 41 36 40 44 35 36 8 50 43 36 6 6 3 15 16 0 11 44 13 6 2 4 50 46 7 29 3 40 40
split_gain=3.26823 8.63515 9.28902 8.17184 3.06416 3.06219 4.28662 5.45174 6.30331 6.87266 4.61825 13.8119 8.90566 6.90492 4.23183 3.83166 3.54336 3.38717 2.95087 2.75968 2.06305 2.04929 1.76079 1.74568 1.808 1.66055 1.3127 1.59543 0.833869 0.46574 0.416855 0.12371
threshold=0.98043284291745803 0.98927755889796032 2.546853368618506 15.70467900803221 5.8981494259212459 21.244438103610484 1.265479033085134 5.4957273719146089 1.032795558986721 9.5250000000000004 1.5944366082323551 14.801213925636709 4.749561370294777 -1.4864649586587741 -1.3128540104167461 1.6509245375857409 15.915000000000001 24.795000000000005 0.70281240686024138 20.427949729018437 0.96625478744321047 16.537412164188869 0.67143866068920144 -0.56287810654187398 929.05000000000007 1.1501987748869942 1.3792243744379451 8.3300000000000018 1.3794557542048465 1.3605483668104323 16.046663723858813 15.941334646808167
decision_type=2 2 2 2 2 2 2 2 2 2 2 2 2 2 2 2 2 2 2 2 2 2 2 2 2 2 2 2 2 2 2 2
left_child=5 3 25 19 29 6 10 8 -8 -10 13 -12 -13 -1 -15 17 -7 -9 23 -2 -20 -5 -17 -18 -25 28 27 -6 -3 31 -30 -4
right_child=1 2 4 21 26 16 7 15 9 -11 11 12 -14 14 -16 22 18 -19 20 -21 -22 -23 -24 24 -26 -27 -28 -29 30 -31 -32 -33
leaf_value=8.7647207535780495e-05 -0.023987531703430046 -0.029297048841659741 -0.063760955202278036 0.069003689030530266 -0.037570406188100987 -0.056786042817823464 -0.0041150422274095931 -0.013402993296973956 -0.017044535161337259 0.051584652938751564 -0.22412323377562396 0.061224669769201497 -0.019943704511280577 -0.21041276582239951 0.0028131808043670792 0.10343415766407638 0.11923970132341039 0.0075208581994364431 -0.057416789252518821 -0.27579453987815855 0.045491247761877664 -0.11271506454058537 -0.015121082372484596 -0.11864400252382408 0.0019561375350411209 0.056214745216950163 -0.087093660288889263 0.039231311146741631 0.020387167335805256 -0.0024920998977077946 0.10353885245141471 -0.1198913246567799
leaf_weight=74.449917316436768 217.18928143382072 68.130773842334747 83.658707737922668 56.467184126377106 54.55779555439949 92.05681648850441 212.66242191195488 302.32112881541252 193.75072556734085 1125.8570033609867 176.49013787508011 456.276481539011 1623.8906570971012 49.769126415252686 7419.0272541642189 101.89448204636574 52.080508381128311 261.53175321221352 76.595218688249588 129.71692645549774 79.976572662591934 67.810896903276443 70.868921518325806 210.4937599003315 96.625558465719223 205.84700235724449 69.716473489999771 128.31976234912872 58.055452734231949 65.945861041545868 57.162525415420532 71.086908102035522
leaf_count=15 137 60 142 46 122 108 127 466 479 1641 157 666 1816 10 16710 147 158 392 174 112 95 143 148 434 217 125 160 293 111 67 70 91
internal_value=-0.000214337 -0.00479993 0.000517397 -0.0153747 -0.00807785 0.000235464 0.000607412 0.00442037 0.00777973 0.010411 -0.000232919 -0.00412019 -0.0016682 0.000874632 0.000516913 -0.00199385 -0.00641782 -0.00634185 -0.00229101 -0.0231806 0.00745342 0.00309455 0.00963487 -0.00774328 -0.0110096 0.0120396 0 0.00359712 0.0023071 -0.0163785 0.00850569 -0.0202
internal_weight=14010.3 1333.67 862.481 471.184 473.286 12676.6 12068.8 2268.89 1532.27 1319.61 9799.9 2256.66 2080.17 7543.25 7468.8 736.616 607.828 563.853 515.772 346.906 156.572 124.278 172.763 359.2 307.119 389.196 252.594 182.878 183.349 220.691 115.218 154.746
internal_count=25639 1679 1241 438 875 23960 22774 3400 2247 2120 19374 2639 2482 16735 16720 1153 1186 858 1078 249 269 189 295 809 651 366 575 415 241 300 181 233
is_linear=0
shrinkage=0.0971646


Tree=104
num_leaves=15
num_cat=0
split_feature=14 1 32 40 29 40 13 32 41 21 13 27 27 30
split_gain=3.37121 4.20284 3.38108 4.33465 8.30942 5.66716 4.0953 3.59534 7.54611 4.22921 9.40777 2.99431 2.50943 1.69991
threshold=37.015000000000008 0.99995369919546417 3.102290551242767 14.228621772031538 5.0246820417398306 13.187663728150776 36.604374338992542 2.4125895480581065 23.957132718539302 24.276792692872267 38.178166544938215 0.37553084714970814 -1.0000000180025095e-35 30.339605158708732
decision_type=2 2 2 2 2 2 2 2 2 2 2 2 2 2
left_child=1 2 7 4 5 -4 13 9 11 12 -11 -9 -1 -5
right_child=-2 -3 3 6 -6 -7 -8 8 -10 10 -12 -13 -14 -15
leaf_value=0.015960492263283346 -0.0050932115519961288 0.011381489321614761 0.029307803882701305 -0.0077740681915965055 -0.047849234700228012 -0.052484573170279318 0.032678581324966934 -0.034511439060975674 0.013228475630570429 -0.00017509223013115974 -0.14605870675271143 0.032239550293310354 0.00042691613284615183 -0.11996234257861227
leaf_weight=111.32774710655212 423.18643352389336 157.22401785850525 137.08927297592163 814.39670342206955 239.39555040001869 137.99810418486595 133.98206707835197 496.32216510176659 243.16138371825218 460.43407526612282 190.01206240057945 870.59646582603455 9553.1529664695263 42.004981637001038
leaf_count=23 165 83 121 2015 130 147 68 1092 93 1261 74 1406 18909 52
internal_value=1.56437e-05 0.000312831 9.41753e-05 -0.00420286 -0.0114259 0 0 0.000673135 0.00493895 0 -0.00755929 0.00177005 0.000517388 -0.00290733
internal_weight=14010.3 13587.1 13429.9 1504.87 514.483 275.087 990.384 11925 1610.08 10314.9 650.446 1366.92 9664.48 856.402
internal_count=25639 25474 25391 2533 398 268 2135 22858 2591 20267 1335 2498 18932 2067
is_linear=0
shrinkage=0.0971646


Tree=105
num_leaves=24
num_cat=0
split_feature=47 36 1 1 6 2 21 23 28 3 3 30 47 36 2 34 21 21 4 15 42 2 34
split_gain=3.9482 7.01756 5.82669 5.38188 5.5298 5.34302 5.06511 4.87121 4.60535 4.72295 4.60296 8.49247 4.48864 3.1952 3.11074 3.08809 2.68093 2.49713 2.48564 1.62243 1.44788 1.43471 0.643793
threshold=684.40166666666676 8.1673843175623251 -0.61866567420209784 0.99995369919546417 -0.99950589832346959 -0.39754281428255622 23.775929133642887 22.222049113607273 2.7082165547991575 2.35246110552252 0.60018078921489659 29.072126601197617 768.29583333333358 13.216492211859427 0.97308229207007257 26.425416666666667 21.135705712075744 23.114394907122854 1005.6082057273537 31.243921350807756 0.71205640366038869 0.021658783909818218 25.624375000000004
decision_type=2 2 2 2 2 2 2 2 2 2 2 2 2 2 2 2 2 2 2 2 2 2 2
left_child=3 2 -2 4 6 19 15 20 9 14 11 -10 16 -12 -6 22 21 -17 -11 -4 -7 -3 -1
right_child=1 12 5 -5 8 7 -8 -9 10 18 13 -13 -14 -15 -16 17 -18 -19 -20 -21 -22 -23 -24
leaf_value=-0.052745174821189005 0.014126178436467568 -0.0078689233783708849 -0.029391255984242387 0.0068725009467322205 0.0035361161520460231 0.022263925146375381 0.0019606596456125361 0.070691259275383334 0.022412992173865949 -0.24008426202483613 0.010812160401442068 0.010067860117114382 -0.0043914606384897938 -0.0096330714741581034 -0.012908365058291326 -0.020673234160083796 -0.24767235507963697 -0.10978063277987768 0.00071727602428386906 -0.062596422891818826 -0.037286293385037791 -0.0052542010839481991 0.13638112957747256
leaf_weight=202.11699861288071 133.4616231918335 122.23651167750359 178.60204666852951 135.52660822868347 6904.9962964057922 67.18619230389595 209.5251727104187 169.3641881942749 266.46748918294907 138.33616143465042 2200.301704376936 189.67763957381248 110.86421519517899 631.37085762619972 1297.6317062079906 237.69117537140846 142.02341732382774 200.2360152900219 73.217759281396866 180.54560780525208 82.616102427244186 85.710317611694336 50.578190267086029
leaf_count=602 62 54 106 72 15703 131 119 115 806 88 3992 161 98 1159 1401 183 53 79 166 80 127 183 99
internal_value=0.000136757 -0.00497766 0 0.000682282 0.000438138 -0.0031904 -0.00682646 0.00503291 0.00103502 -0.000121272 0.00412127 0.0133705 -0.014525 0.00246822 0.000199676 -0.0110411 -0.0199324 -0.0160524 -0.0143831 -0.0116578 -0.00566323 -0.00946838 -0.000600848
internal_weight=14010.3 1272.61 811.776 12737.7 12602.1 678.314 900.148 319.166 11702 8414.18 3287.82 456.145 460.834 2831.67 8202.63 690.622 349.97 437.927 211.554 359.148 149.802 207.947 252.695
internal_count=25639 1009 621 24630 24558 559 1082 373 23476 17358 6118 967 388 5151 17104 963 290 262 254 186 258 237 701
is_linear=0
shrinkage=0.0971646


Tree=106
num_leaves=24
num_cat=0
split_feature=17 40 28 16 40 38 32 14 17 6 43 24 26 27 3 23 41 32 12 43 36 44 32
split_gain=3.67868 8.53022 4.63215 5.60947 5.70641 7.12628 4.12953 2.6127 4.63586 2.15874 4.48063 5.40958 5.06669 4.22024 3.45571 3.33496 2.67066 5.90233 4.90599 3.53347 3.11274 2.60119 1.48661
threshold=32.805000000000007 12.554919570847671 1.6125674354453818 27.602811009909924 13.492645267594021 17.721023082232847 2.4125895480581065 33.605000000000011 31.425000000000004 -0.36545817500289812 22.719468852671678 25.473178560216887 24.460433337127299 0.88690195020900708 0.92093812010041221 23.074588401689425 10.881631061651587 0.74685339926941707 25.42247332241352 12.797862946633481 7.925707117975743 1.5393919296764731 1.3151356076425833
decision_type=2 2 2 2 2 2 2 2 2 2 2 2 2 2 2 2 2 2 2 2 2 2 2
left_child=7 6 22 4 -4 -6 -2 9 -9 10 12 13 15 -12 -14 -1 17 -11 -19 21 -21 -18 -3
right_child=1 2 3 -5 5 -7 -8 8 -10 16 11 -13 14 -15 -16 -17 19 18 -20 20 -22 -23 -24
leaf_value=-0.038574849337998242 -0.011805141025497944 -0.038573217451406648 -0.030359356503513152 -0.042472834791840323 0.020259803876811172 -0.0018351622061720709 0.017692092833070695 -0.31289260909287608 -0.0053521114967519387 -0.035102638411460961 0.017451920012095119 -0.057271940185561469 -0.019144611076213899 -0.048287774057671297 -0.13768582459072423 0.091626873270497206 -0.051042053925453836 0.021787214523380956 0.0012643593284470229 0.00066763251266692327 0.047145125507453048 -0.0016674465737364875 -0.094762306934351351
leaf_weight=1781.0767460763454 301.2247853577137 95.335195869207382 278.22802096605301 224.57414191961288 753.13368922472 374.67989790439606 250.87068790197372 106.2772222161293 151.81547084450722 155.30219733715057 1449.7860478162766 185.06302893161774 69.179232954978943 104.71806326508522 153.94369715452194 327.12713894248009 273.08434468507767 272.02498134970665 208.33212041854858 4842.7545855343342 1253.0819339752197 304.34623512625694 94.324531197547913
leaf_count=5043 126 105 117 82 500 346 78 98 120 64 1698 57 145 163 178 1076 233 164 207 11053 3444 459 83
internal_value=0.00081796 0.00430633 0.000838771 0.00273588 0.00522488 0.00846497 0.0149038 6.92741e-05 -0.00948965 0.000326005 -0.00141604 0.00215319 -0.00426146 0.00423778 -0.0184083 -0.00253803 0.00135483 0.00743238 0.0130785 0.000708913 0.00145538 -0.00640295 -0.0130453
internal_weight=14010.3 2372.37 1820.28 1630.62 1406.04 1127.81 552.095 11637.9 258.093 11379.8 4070.89 1739.57 2331.33 1554.5 223.123 2108.2 7308.93 635.659 480.357 6673.27 6095.84 577.431 189.66
internal_count=25639 1437 1233 1045 963 846 204 24202 218 23984 8360 1918 6442 1861 323 6119 15624 435 371 15189 14497 692 188
is_linear=0
shrinkage=0.0971646


Tree=107
num_leaves=22
num_cat=0
split_feature=6 6 4 6 36 34 4 12 29 6 18 40 46 36 44 24 27 15 47 18 27
split_gain=3.54959 4.05167 4.60056 4.2406 5.07225 4.41946 3.97509 5.85021 3.93151 3.41588 4.75542 4.08472 2.84493 4.78834 3.11912 2.35642 2.25313 1.65866 1.00127 0.985174 0.363135
threshold=-1.1767131455502817 -0.99950589832346959 1007.0032254248005 -0.86760684711149649 13.216492211859427 26.056458333333335 1018.6500000000002 24.80155433896994 4.1897128779980486 -0.30382685462602216 91.750000000000014 7.661972607758627 0.76821070723142582 10.037936374133976 0.70488922135979071 23.55422176917493 1.1053305588391706 24.311760334084244 500.25250000000023 72.231640017304287 0.88690195020900708
decision_type=2 2 2 2 2 2 2 2 2 2 2 2 2 2 2 2 2 2 2 2 2
left_child=-1 2 15 4 5 19 9 -8 -7 11 -11 -5 13 -4 -14 18 17 -6 20 -3 -2
right_child=1 3 12 6 16 8 7 -9 -10 10 -12 -13 14 -15 -16 -17 -18 -19 -20 -21 -22
leaf_value=0.012408737339653505 -0.020122319201737862 0.073113001087499546 -0.038864104414455029 -0.28219396034020328 -0.005725719549022173 0.071823067348744996 -0.0054568905429670141 0.028629785592944774 0.0047173431442010276 0.010235905570117297 -0.0057952496688630992 -0.0030946857166907473 0.018756847505126423 -0.097707921435984002 -0.12725615548526781 0.15917546002645999 0.019287560355767411 -0.015134535964848527 -0.047002389946558962 -0.04517632850942175 0.081102940890153144
leaf_weight=291.03179907798767 162.78662493824959 126.20054930448532 113.37080252170563 135.48073640465736 300.04658511281013 324.82054644823074 122.93310365080833 98.03002667427063 230.5629717707634 4777.512443959713 2783.7823874056339 3807.7662036716938 69.707545518875122 168.37360548973083 77.542158454656601 54.138511419296265 104.85775819420815 77.90552431344986 50.672200411558151 97.001438587903976 35.760473638772964
leaf_count=63 481 434 117 270 775 443 137 73 115 9501 6380 6009 66 102 152 56 87 34 29 271 44
internal_value=0.000780358 0.000521201 -0.00642225 0.000946999 0.00631311 0.0111996 0.000331876 0.0131616 0.0158206 4.50066e-05 0.00129003 -0.00223339 -0.0130036 -0.0187313 0 0.00152811 -0.000709039 -0.00500666 -0.000969906 0 0.000244935
internal_weight=14010.3 13719.3 732.352 12986.9 1261.4 778.586 11725.5 220.963 555.384 11504.5 7561.29 3943.25 428.994 281.744 147.25 303.358 482.81 377.952 249.219 223.202 198.547
internal_count=25639 25576 1047 24529 2159 1263 22370 210 558 22160 15881 6279 437 219 218 610 896 809 554 705 525
is_linear=0
shrinkage=0.0971646


Tree=108
num_leaves=21
num_cat=0
split_feature=26 3 48 23 8 23 50 45 29 1 45 32 23 43 32 50 30 22 13 34
split_gain=11.4459 14.8179 4.86568 4.11605 4.89189 3.15879 5.10663 4.46525 3.87366 3.58806 4.66846 4.9055 3.64236 3.62691 3.49627 2.7316 4.17441 2.06197 1.69222 0.145369
threshold=26.744723422701593 1.293388673726392 922.03489377705239 21.500681690444832 15.700000000000003 12.472739066571283 1.3333707771617493 11.258333093564682 1.5201376386396264 -0.7851528467417368 23.833903603856928 1.8967924680012038 26.740892222701156 23.222875645210411 3.102290551242767 1.5136187680742574 25.772617855767397 12.337850540771893 24.834033290478391 25.078958333333336
decision_type=2 2 2 2 2 2 2 2 2 2 2 2 2 2 2 2 2 2 2 2
left_child=2 -2 3 17 15 6 7 -4 -8 12 13 -12 14 -11 -7 16 -5 -1 19 -19
right_child=1 -3 5 4 -6 9 8 -9 -10 10 11 -13 -14 -15 -16 -17 -18 18 -20 -21
leaf_value=0.060135360274922382 0.042647567451401011 -0.004106965966084378 -0.034081408938672168 0.016330252232376049 0.01563650743395021 0.011586703615863428 0.034488446869459136 0.019798599583625783 -0.00043700640121867925 -0.0056029777256905496 -0.013764623091115258 -0.033284509720479381 0.0037716208904391337 0.019468827183828863 -0.067479953911742691 -0.0053361260026255483 0.13141019637985402 -0.066768011345287662 -0.17331714044536745 0.13483263551506766
leaf_weight=60.292105495929718 261.87400671839714 292.10895669460297 259.26722392439842 319.21985459327698 77.856799870729446 1766.3300080895424 411.5987745821476 245.07175290584564 252.55937168002129 7382.0922456979752 773.25747779011726 361.26402497291565 187.90102422237396 773.50452136993408 69.495268434286118 98.794925451278687 236.27164945006371 49.060406893491745 87.894292682409286 38.071127116680145
leaf_count=71 97 89 95 1213 40 4880 146 89 87 14551 1303 205 70 1216 95 157 635 192 188 137
internal_value=0.000801313 0.0144621 0.000203815 0.00684924 0.0105808 -0.000278591 0.00446991 -0.00222177 0.0101781 -0.000807782 -0.00164469 -0.007521 0.00282033 -0.00077247 0.00123535 0.00692473 0.00987585 -0.00295712 -0.00958095 0
internal_weight=14003.8 553.983 13449.8 967.461 732.143 12482.3 1168.5 504.339 664.158 11313.8 9290.12 1134.52 2023.73 8155.6 1835.83 654.286 555.492 235.318 175.026 87.1315
internal_count=25556 186 25370 2633 2045 22737 417 184 233 22320 17275 1508 5045 15767 4975 2005 1848 588 517 329
is_linear=0
shrinkage=0.0971646


Tree=109
num_leaves=25
num_cat=0
split_feature=26 3 22 8 46 46 9 43 33 21 40 2 49 1 8 23 29 9 35 1 39 26 49 35
split_gain=7.14102 9.78372 4.00308 8.5093 11.8924 5.56018 7.47254 6.45693 4.32966 4.80647 4.24356 6.08128 10.2471 7.13277 4.70539 4.16572 6.82665 4.00193 3.80611 3.37547 3.37471 3.61316 3.33156 0.758176
threshold=26.744723422701593 1.293388673726392 13.210711380030375 11.303980072136349 1.4849928129225871 1.7745392202814414 5.2233646409586632 12.170701582714754 5.0893673827346788 13.89063860222995 15.225518184234309 -0.65778589144866462 1005.9500000000002 -0.15176079491315325 7.9323140419348697 25.31545537798349 4.3387457296725778 3.3675067985182356 3.5881090727783831 0.83827194252655779 81.496057786013068 16.030284116692062 1010.5025421670172 4.5947637868727638
decision_type=2 2 2 2 2 2 2 2 2 2 2 2 2 2 2 2 2 2 2 2 2 2 2 2
left_child=2 -2 3 18 8 6 -6 -7 9 -5 11 12 14 -14 -4 19 -17 20 -1 -13 22 -22 -12 -19
right_child=1 -3 10 4 5 7 -8 -9 -10 -11 17 15 13 -15 -16 16 -18 23 -20 -21 21 -23 -24 -25
leaf_value=0.015015532569256527 0.038503732882134802 -0.0037079141898144806 0.0031819550048428529 -0.031412237830617674 0.0094428603366699445 -0.011092818118185159 0.070983557337489359 0.0503511249640579 0.0035996759352045328 -0.18211415777159773 -0.020176275480313373 0.018611922884025744 -0.04741327101428882 -0.0013148477265444486 0.1503588962893119 -0.010463209614476632 0.017180546268956848 -0.013319148407860682 0.15019959556403933 -0.027326455774670532 -0.042970041346506699 -0.011053862761019415 0.01429929422299483 -0.084320769651346356
leaf_weight=135.5283796787262 261.87400671839714 292.10895669460297 550.18584191799164 276.71625876426697 384.46016830205917 606.7498391866684 167.549246519804 456.08629322052002 98.881372064352036 168.15310934185982 1977.2774519622326 2919.5686793625355 840.89052605628967 832.65183049440384 265.91636234521866 281.31851035356522 936.76511693000793 89.351022809743881 163.33267763257027 620.4430665075779 140.77897596359253 520.34672671556473 930.03834229707718 86.813056796789169
leaf_count=90 97 89 1755 275 299 855 42 502 144 119 4640 8202 827 948 791 276 561 93 108 1161 96 1589 1914 83
internal_value=0.000829081 0.0116349 0.00034978 0.00390958 0.00155411 0.00590968 0.0138908 0.00133667 -0.0105621 -0.0149145 -0.00040809 0.000919099 -0.00288323 -0.00734592 0.00574059 0.00299884 0.00795748 -0.00308943 0.0193242 0.00116688 -0.00223811 -0.00854769 -0.000649336 -0.0176258
internal_weight=14003.8 553.983 13449.8 2457.46 2158.6 1614.85 552.009 1062.84 543.751 444.869 10992.3 7247.74 2489.64 1673.54 816.102 4758.1 1218.08 3744.61 298.861 3540.01 3568.44 661.126 2907.32 176.164
internal_count=25556 186 25370 2434 2236 1698 341 1357 538 394 22936 14521 4321 1775 2546 10200 837 8415 198 9363 8239 1685 6554 176
is_linear=0
shrinkage=0.0971646


Tree=110
num_leaves=17
num_cat=0
split_feature=31 4 23 18 3 17 40 3 14 47 1 30 9 1 44 24
split_gain=4.35128 5.15034 4.30928 5.8272 6.1957 4.20254 4.66229 5.22845 7.95507 7.59597 3.28465 3.13845 2.57412 2.39367 0.303273 0.100842
threshold=6.8454919639534557 1007.6053362077467 12.472739066571283 85.750000000000014 1.3441359010203804 35.855000000000011 14.922431077795048 1.6321264066807883 34.024186059540789 333.35416666666674 0.97109105924028427 32.813067325229177 3.3675067985182356 0.85160721139017281 1.0396815386708205 22.746020610136707
decision_type=2 2 2 2 2 2 2 2 2 2 2 2 2 2 2 2
left_child=2 -2 3 4 -1 6 7 8 -4 -9 13 12 -8 -7 15 -3
right_child=1 14 5 -5 -6 10 11 9 -10 -11 -12 -13 -14 -15 -16 -17
leaf_value=-0.016625663681008054 0.028150435254054071 0.051897951787722489 0.0035758312726213823 0.015906431882376566 0.002654449678125493 -0.0095999686477859659 -0.007664580463404163 0.079268717598562716 0.014467320406117637 -0.024292873486065385 -0.0045866345591207905 -0.083849371258849878 -0.096674983308124254 0.03045172924651211 0.052721633914288107 -0.011652155986079479
leaf_weight=336.37334421277046 81.751761764287949 36.442335903644562 5335.3487660288811 483.48285531997681 348.64092355966568 200.44978758692741 4246.9649210572243 424.34934803843498 286.48291966319084 1214.1743169724941 280.94882073998451 144.19420650601387 228.13250234723091 263.65341773629189 54.512969553470612 37.882621645927429
leaf_count=151 54 112 12313 128 138 84 9826 944 109 763 133 178 252 131 136 104
internal_value=0.000897739 0.0147553 0.00065207 0.00629595 0 9.4526e-05 -0.00031587 0.00117851 0.00263004 -0.0035375 0.00718365 -0.00275621 -0.00218555 0.0122079 0 -0.00112106
internal_weight=14003.8 210.59 13793.2 1168.5 685.014 12624.7 11879.6 7260.36 5621.83 1638.52 745.052 4619.29 4475.1 464.103 128.838 74.325
internal_count=25556 406 25150 417 289 24733 24385 14129 12422 1707 348 10256 10078 215 352 216
is_linear=0
shrinkage=0.0971646


Tree=111
num_leaves=21
num_cat=0
split_feature=17 20 10 17 46 46 6 3 50 31 14 22 31 18 1 1 29 43 29 15
split_gain=4.8663 7.20688 5.76595 5.13739 4.93778 4.94995 4.06907 3.91123 6.71242 3.89007 3.81905 3.75772 5.08739 3.90126 3.84156 8.01096 6.79103 3.32675 3.13673 0.625844
threshold=31.005000000000006 23.881398456046956 37.095007650148197 30.60225603367369 0.35133415172895022 0.54393946794992387 -1.1226035809116242 1.6321264066807883 0.74213527783831001 4.9843660410795545 30.815000000000001 14.526616308509912 3.0169239765082847 97.050000000000011 0.14746159171784554 0.20088869483109786 2.9725363841074102 13.520851115085025 4.7498057116572268 24.895000000000003
decision_type=2 2 2 2 2 2 2 2 2 2 2 2 2 2 2 2 2 2 2 2
left_child=3 4 -3 6 -2 9 -1 8 -7 -6 19 14 13 -13 16 -16 -8 -14 -9 -5
right_child=1 2 -4 10 5 7 11 18 -10 -11 -12 12 17 -15 15 -17 -18 -19 -20 -21
leaf_value=0.013694764593215777 0.014422186111696244 -0.0068692746512539126 0.019969976792090165 -0.063678935339277612 -0.049156200652587752 -0.0051543908330185803 0.059673878719765136 0.012905719939017065 0.020377926516294768 -0.0098618256222993035 -0.10949287394290286 -0.11747401291138922 -0.12044718701007168 0.049390143041772028 -0.17480736835881733 0.012011011727821643 -0.003565982031593268 0.0007892087576602734 -0.039090255922495279 0.16381040127842644
leaf_weight=72.875486612319946 257.249451816082 213.46724918484688 475.65504035353661 70.06264129281044 295.31284213066101 415.56814348697662 434.89485839009285 281.85869267582893 1045.2438023090363 199.94760486483574 159.84397646784782 387.09005126357079 135.71782857179642 55.642029911279678 109.68122583627701 2058.964208573103 202.2448915541172 6612.2185066044331 469.0126117169857 51.234675019979477
leaf_count=16 87 151 160 135 155 445 360 278 1090 77 143 921 237 127 84 2349 179 18162 307 93
internal_value=0.0011096 0.00415714 0.0131951 0 0.00190094 0.000507119 0.000396464 0.00262194 0.00564664 -0.00803946 -0.01285 0.000183185 -0.000948105 -0.0110243 0.0032323 0.00105532 0.00993581 -0.000219187 -0.00269556 0
internal_weight=14003.8 3653.32 689.122 10350.5 2964.19 2706.94 10069.3 2211.68 1460.81 495.26 281.141 9996.45 7190.67 442.732 2805.79 2168.65 637.14 6747.94 750.871 121.297
internal_count=25556 2750 311 22806 2439 2352 22435 2120 1535 232 371 22419 19447 1048 2972 2433 539 18399 585 228
is_linear=0
shrinkage=0.0971646


Tree=112
num_leaves=36
num_cat=0
split_feature=30 9 49 31 50 31 49 12 41 40 9 39 3 19 48 23 36 24 48 19 39 27 21 22 49 2 26 6 27 19 22 31 13 24 13
split_gain=3.77521 15.1393 4.56239 4.30593 4.73795 5.48539 5.0933 3.69037 3.36168 3.35267 8.42247 12.6222 9.25901 7.62478 6.42541 5.79875 5.08208 4.91966 4.72908 4.77591 4.21512 5.05425 3.4693 3.36442 5.27441 3.25527 3.20969 2.89085 2.85612 2.82219 2.8418 2.46603 2.41878 1.83947 0.701361
threshold=32.374060118326817 0.61937873998700443 1008.3007422594915 4.0087413770711242 1.6510014284354215 5.1407486750021372 1006.5033595732835 30.431361834321383 23.311366809236699 12.155531556472761 1.011206053839983 82.768750000000011 0.92093812010041221 23.055882215742638 1005.8047236426189 25.758837843069518 9.3999290753385569 25.82096912283092 931.55000000000007 22.291822156175961 82.581250000000011 0.50389765772497241 23.114394907122854 22.10489543839719 1007.7004731300275 -0.8813392622322912 26.216029304024026 -0.70936627327345181 0.4590921570704854 21.524598150340783 14.921462737474583 4.5327584462563033 31.754044366308595 24.350375071549276 20.851035805666175
decision_type=2 2 2 2 2 2 2 2 2 2 2 2 2 2 2 2 2 2 2 2 2 2 2 2 2 2 2 2 2 2 2 2 2 2 2
left_child=9 2 25 -3 6 -6 8 -8 -5 10 15 12 33 23 -14 18 22 20 31 -20 21 -15 -13 29 32 -2 -22 -17 -26 30 -11 -1 -25 -12 -31
right_child=1 3 -4 4 5 -7 7 -9 -10 13 11 16 14 17 -16 27 -18 -19 19 -21 26 -23 -24 24 28 -27 -28 -29 -30 34 -32 -33 -34 -35 -36
leaf_value=0.059430576031412101 -0.0067517989176254737 0.11142786209818106 0.00083453205954117562 -0.16044237278845649 -0.033752168228193442 0.047962872953353594 0.019783157640048909 0.0068671716360740823 0.11976508808567203 0.0055135539663361431 0.0791855500221504 0.061729694555309321 -0.1201599746442779 0.061122007805705182 -0.14756257714432466 0.027700043633072248 0.0087670128752260611 -0.028805555580638739 -0.1367852481038726 -0.0053299771366061271 0.026300780868305292 -0.0033947185983299313 -0.026882515681674015 -0.034463150356399734 -0.20963541867558083 -0.17824302888735136 -0.081198096976138973 0.032056355694244185 -0.093824417054510223 0.0073047382608893586 -0.0057679245397619597 -0.020072061812985025 0.12809733906582599 -0.14052152420208786 0.17009972395873557
leaf_weight=449.91192936897278 80.025104314088821 134.65561085939407 110.06840020418167 75.680264532566071 211.53584244847298 179.50017675757408 364.3318318426609 300.14168527722359 76.124518543481827 3643.8265455067158 70.723970890045166 91.605782777070999 106.35667261481285 220.71036249399185 284.42280086874962 113.92467334866524 154.92509964108467 140.16651487350464 217.69028553366661 1223.2961388528347 143.49019384384155 159.62655839323997 181.42771175503731 309.69330516457558 141.05039516091347 174.24369359016418 43.174189180135727 194.28898844122887 69.928779780864716 138.31948083639145 3553.6498830020428 193.52710714936256 74.031904220581055 57.989522874355316 319.71989369392395
leaf_count=1563 116 148 87 111 110 101 142 249 179 3983 127 173 94 204 234 83 82 169 521 3081 432 369 242 1205 218 169 17 165 205 550 8590 717 122 68 930
internal_value=0.000868634 0.00516033 -0.0118089 0.0101007 0.00771955 -3.72468e-05 0.0119428 0.0156979 -0.0017226 0.000237343 -0.00234491 -0.0101099 -0.0203106 0.00124832 -0.0277371 0.000560593 0.00133764 0.0109313 -0.00109753 -0.00435676 0.0151061 0.0210461 -0.00551221 0.00036296 -0.0065698 -0.0191235 0.000611557 0.013048 -0.0187956 0.000959605 0.000424635 0.00552774 0 0 0.00838282
internal_weight=14003.8 1706.31 364.337 1341.97 1207.31 391.036 816.278 664.474 151.805 12297.5 3340.09 947.452 519.493 8957.39 390.779 2392.64 427.959 707.168 2084.43 1440.99 567.001 380.337 273.033 8250.22 594.704 254.269 186.664 308.214 210.979 7655.52 7197.48 643.439 383.725 128.713 458.039
internal_count=25556 1412 372 1040 892 211 681 391 290 24144 7150 1020 523 16994 328 6130 497 1191 5882 3602 1022 573 415 15803 1750 285 449 248 423 14053 12573 2280 1327 195 1480
is_linear=0
shrinkage=0.0971646


Tree=113
num_leaves=19
num_cat=0
split_feature=26 3 26 9 34 9 50 2 2 26 22 31 34 19 18 43 6 10
split_gain=5.6305 3.16468 3.10482 4.30904 5.53931 3.22321 5.78312 5.52101 4.49633 6.42884 4.15876 4.47933 3.69008 3.16633 3.01452 3.64395 3.09104 2.26199
threshold=26.744723422701593 1.293388673726392 26.216029304024026 1.9680467805662618 28.556875000000005 1.6607190440882376 1.9130774505229218 -0.99049576193482802 -0.78295110140207591 25.313232084998187 21.074798289636281 4.5523203558035332 28.245625000000008 19.689857247154553 92.15000000000002 13.520851115085025 -0.50008149503200283 35.199380066381146
decision_type=2 2 2 2 2 2 2 2 2 2 2 2 2 2 2 2 2 2
left_child=2 -2 5 4 17 6 14 -7 12 -10 13 -12 -9 -8 16 -16 -1 -4
right_child=1 -3 3 -5 -6 7 10 8 9 -11 11 -13 -14 -15 15 -17 -18 -19
leaf_value=-0.0018588419675754683 0.035664854639822281 0.00031867107821743733 0.0031741136298472743 -0.032663243305690391 -0.047571149373061943 0.083497495820810078 -0.027880423543713454 -0.1606012312810573 0.003254941432938697 0.0061775350942814772 -0.17181304343963208 -0.0026185231810807504 -0.009510099958729196 0.18175137767227298 -0.12256625304259147 -0.0037552171132551717 0.039672509724717871 0.068444210192256161
leaf_weight=2532.6575949788094 261.87400671839714 292.10895669460297 141.12420853972435 401.82723715901375 166.5676241517067 159.54006737470627 292.82609960436821 74.140012204647064 2620.0935674309731 523.97133609652519 283.30499067902565 147.99846002459526 124.15957745909691 75.269791126251221 57.634680241346359 2442.8916267454624 3258.5662256777287 147.22975572943687
leaf_count=5636 97 89 116 144 69 153 611 76 2778 280 281 188 188 153 25 6225 8363 84
internal_value=0.000972358 0.0105883 0.000542293 -0.00502952 0.000589565 0.00095635 0 0.00345964 0.00246176 0.00346458 -0.00788535 -0.0143277 -0.0111326 0 0.000753215 -0.00198009 0.00200746 0.00956792
internal_weight=14003.8 553.983 13449.8 856.749 454.922 12593.1 9091.15 3501.9 3342.36 3144.06 799.399 431.303 198.3 368.096 8291.75 2500.53 5791.22 288.354
internal_count=25556 186 25370 413 269 24957 21482 3475 3322 3058 1233 469 264 764 20249 6250 13999 200
is_linear=0
shrinkage=0.0971646


Tree=114
num_leaves=24
num_cat=0
split_feature=10 20 10 45 18 8 11 48 17 31 23 18 45 35 40 23 1 49 46 39 2 10 2
split_gain=3.98997 4.54927 10.66 6.31817 4.35071 4.41713 4.26594 4.8003 5.04743 3.34836 5.3732 4.04629 3.14265 3.25965 2.95323 8.44386 4.28503 2.94444 2.67521 2.13404 2.02924 1.72178 0.467457
threshold=14.879071274057454 23.881398456046956 36.232523115102651 23.743227376889696 95.850000000000009 14.300000000000001 26.527181520181742 1006.2157417856919 31.205000000000002 4.9241443214711511 14.377937509602265 99.850000000000009 24.187295610370938 5.1146067021026509 13.900785542915669 23.373313495868949 -0.44542488905322997 1008.9012369055591 1.0588847849151548 84.256250000000023 0.87377473702374975 24.590020757710416 0.67761478904668893
decision_type=2 2 2 2 2 2 2 2 2 2 2 2 2 2 2 2 2 2 2 2 2 2 2
left_child=4 9 6 -4 18 20 21 19 -9 11 -11 12 13 -2 16 -16 -12 -5 -1 -8 22 -3 -6
right_child=1 2 3 17 5 -7 7 8 -10 10 14 -13 -14 -15 15 -17 -18 -19 -20 -21 -22 -23 -24
leaf_value=-0.043894178196973124 0.0070911550880887568 -0.015621329560158317 -0.028170453627436278 0.015808832667579088 0.069686332179985655 -0.010134792176354929 0.090451679404265684 -0.038169390983029169 -0.12112479172804513 -0.018795095098860959 -0.001031245999569065 0.044186904020745266 -0.14561270991283295 -0.003859445503152573 -0.018371278746916318 0.032760166243085642 -0.026284418638960028 0.057757397285236343 0.064967424583011399 -0.067552600169238253 0.013047835727330733 0.21629209575579689 -0.0095205286714500487
leaf_weight=93.427395522594452 5418.8996390402317 34.939099907875061 190.32368984818459 256.01982125639915 56.130959033966064 82.782621383666992 165.0805182158947 392.82358381152153 115.14163386821747 59.566522210836411 983.80116885900497 214.0532637834549 159.94409641623497 1808.3372183740139 1637.7685367166996 735.57270583510399 571.68381950259209 321.11554127931595 126.88023644685745 110.29155197739601 267.10846489667892 80.882158309221268 64.797795474529266
leaf_count=92 9931 138 72 163 115 84 450 1174 46 23 2285 165 129 2804 4606 1316 781 139 174 301 215 157 106
internal_value=0.00119099 0.000779224 0.00552469 0.0139642 0.00843668 0.0137967 -0.0012282 -0.00424828 -0.0101266 5.87487e-05 -0.00218108 0.00129051 0.000844459 0.00119879 -0.00161502 0.000378023 -0.00492467 0.0190208 -0.00113875 0.00505453 0.0183315 0.0151974 0.00315073
internal_weight=13947.4 13256.2 1666.62 767.459 691.127 470.82 899.159 783.337 507.965 11589.6 3988.39 7601.23 7387.18 7227.24 3928.83 2373.34 1555.48 577.135 220.308 275.372 388.037 115.821 120.929
internal_count=25466 24680 2640 374 786 520 2266 1971 1220 22040 9011 13029 12864 12735 8988 5922 3066 302 266 751 436 295 221
is_linear=0
shrinkage=0.0971646


Tree=115
num_leaves=20
num_cat=0
split_feature=6 19 28 43 49 0 20 12 31 44 10 13 35 13 30 17 8 8 41
split_gain=3.75427 3.97934 5.89755 5.64881 5.59963 3.12396 6.15917 4.38139 4.01229 3.10434 2.40123 2.5153 5.71873 3.71489 2.0318 2.97309 0.838319 0.874162 0.666574
threshold=-1.1767131455502817 24.453500288419317 5.6109838728935371 23.161230362989361 1011.5342923144698 -0.1034493748381228 23.940651511289307 26.153744522162185 4.906682135024842 0.51040862853928992 14.879071274057454 35.857839953778331 3.2039749992773232 35.203869245268216 21.217775188294642 18.255000000000006 9.4400000000000013 11.885000000000002 16.871733847400815
decision_type=2 2 2 2 2 2 2 2 2 2 2 2 2 2 2 2 2 2 2
left_child=-1 2 10 16 5 6 7 -3 -8 -7 14 13 -13 -12 15 -2 -4 -18 -16
right_child=1 4 3 -5 -6 9 8 -9 -10 -11 11 12 -14 -15 18 -17 17 -19 -20
leaf_value=0.0088869086323640645 0.024899387154391588 -0.13070176388741309 0.011309879630837487 -0.030023309863299045 0.04474684530084818 -0.0068137261760373236 0.14470349306526398 0.014909123227006493 -0.001162167929043535 0.019351838578999039 0.00081757516662506874 0.020972831853623766 -0.0015794752442431002 -0.048469052859493211 -0.05518365168289547 -0.012161421043106779 -0.14068511181330509 0.0069397824788688615 0.011780047762574191
leaf_weight=261.49575996398926 415.05021774768829 130.44776543974876 51.98946014046669 111.00195807218552 123.89093661308289 96.428803592920303 126.37299004197121 113.02920496463776 137.37507864832878 142.03932216763496 9093.7202871143818 960.9704070687294 1442.802486628294 350.2533745765686 71.415670812129974 129.54464679956436 53.933820247650146 60.4929139316082 75.116937398910522
leaf_count=59 387 123 99 33 81 157 231 116 178 105 21649 580 718 337 51 213 88 126 135
internal_value=0.00117674 0.000921268 0.000453291 -0.0133993 0.00730415 0.00341144 -0.000110281 -0.0119716 0.00925113 0.0125777 0.000796935 0.000432632 0.00324993 -0.000240086 0.00639839 0.00929156 0 -0.00631248 -0.00147108
internal_weight=13947.4 13685.9 12816.3 277.418 869.584 745.693 507.225 243.477 263.748 238.468 12538.9 11847.7 2403.77 9443.97 691.127 544.595 166.416 114.427 146.533
internal_count=25466 25407 24416 346 991 910 648 239 409 262 24070 23284 1298 21986 786 600 313 214 186
is_linear=0
shrinkage=0.0971646


Tree=116
num_leaves=18
num_cat=0
split_feature=28 6 3 13 4 4 38 32 1 5 39 6 47 19 11 15 50
split_gain=3.74169 5.8829 3.21273 3.05182 6.4278 6.78285 6.46117 6.29416 5.52529 5.30486 4.35945 2.80475 5.29993 5.39971 3.12282 4.42979 2.07149
threshold=6.0046436950949458 -1.4005795416588087 0.81500000000000006 35.857839953778331 1005.4088372431141 1007.6053362077467 14.887026586852954 1.7664097272239767 0.87795195455888941 -0.50442349877831938 76.24375000000002 -0.27841686570654922 6.4833333333332197 16.279929466803008 14.879071274057454 17.015000000000004 1.2312114052036978
decision_type=2 2 2 2 2 2 2 2 2 2 2 2 2 2 2 2 2
left_child=1 -1 -2 11 6 9 8 -8 -5 -6 -7 12 16 -14 -13 -16 -3
right_child=2 3 -4 4 5 10 7 -9 -10 -11 -12 14 13 -15 15 -17 -18
leaf_value=0.011188871234008068 0.0041668067268899357 0.010681418844606584 -0.010224392415153173 0.031298645635408046 -0.076648624666744034 -0.0015745042890334166 -0.063026329697494957 0.0087460829474665016 -0.0080188563475594287 -8.5549205772898765e-05 0.037982572853929822 -0.0024621541402440514 -0.061178161723977255 -0.0026339313574282098 0.0095806853135159131 0.0020361778630681683 0.048941028508030289
leaf_weight=152.38616847991943 106.26522552967072 156.50953006744385 141.15450286865234 538.51249104738235 390.68255227804184 295.15497952699661 189.2335367500782 514.97271704673767 185.7739129960537 519.77569177746773 303.62371888756752 213.91143807768822 847.36334127187729 2344.3751263618469 1067.0207568705082 5841.9488623738289 138.70748975872993
leaf_count=34 92 324 105 374 187 183 93 233 73 230 196 145 1978 5711 325 15042 141
internal_value=0.000905857 0.00114894 -0.0107024 0.000900113 0.00367439 -0.000485537 0.00835936 0.00105195 0.0148437 -0.00602072 0.00720977 9.09193e-05 -0.00212164 -0.0033768 0.00123439 0.00164736 0.00991497
internal_weight=13947.4 13700 247.42 13547.6 2937.73 1509.24 1428.49 704.206 724.286 910.458 598.779 10609.8 3486.96 3191.74 7122.88 6908.97 295.217
internal_count=25466 25269 197 25235 1569 796 773 326 447 417 379 23666 8154 7689 15512 15367 465
is_linear=0
shrinkage=0.0971646


Tree=117
num_leaves=32
num_cat=0
split_feature=28 32 6 38 8 38 20 6 10 47 6 28 3 34 44 42 15 15 36 37 34 20 20 21 6 9 29 47 44 16 12
split_gain=3.19643 4.3559 3.92648 3.91925 5.38065 4.06363 10.1472 4.05825 3.92364 3.37195 3.31234 5.0047 2.83217 2.51295 6.21951 5.79323 3.60397 2.774 2.27043 1.99073 1.70814 0.976637 1.42587 0.689716 0.718258 0.25421 0.57508 0.243121 0.149836 0.140954 0.13199
threshold=1.5550614157184228 0.62033995761426397 -0.50008149503200283 5.1740133371777812 9.7250000000000032 12.197782957320669 24.211320718618996 -0.62613018303599832 39.929571670193802 659.61833333333357 -0.93819771387325901 4.8185053247649412 0.4337104919222935 18.15229166666667 1.2885418100989627 0.40481574233671025 15.915000000000001 17.015000000000004 3.0355943595156458 82.470833333333346 28.620625000000004 23.111576329874442 20.705754858851964 23.056633770337342 -0.97454454254772638 -0.17618121345537749 1.4531291246384181 60.231666666666747 0.52518152485830649 17.655000000000005 23.174827129511488
decision_type=2 2 2 2 2 2 2 2 2 2 2 2 2 2 2 2 2 2 2 2 2 2 2 2 2 2 2 2 2 2 2
left_child=2 -2 19 4 23 10 7 -7 -8 13 11 -5 -12 14 15 -4 -15 -18 -11 21 -20 22 29 27 -25 26 -21 -3 -27 -1 -28
right_child=1 3 9 5 -6 6 8 -9 -10 18 12 -13 -14 16 -16 -17 17 -19 20 25 -22 -23 -24 24 -26 28 30 -29 -30 -31 -32
leaf_value=-0.078802736895907721 -0.06951016318863959 0.089283959375317579 0.014100435023731865 0.024338293840138827 0.064473602168495278 -0.0021367467160064999 0.0040186000909279186 0.022218033509123911 0.027173446441231441 -0.040756020738883098 0.021069083244898573 -0.0015116037053299204 -0.0079653325590599271 -0.0047216450193188842 0.040533062099088281 -0.029965291955361843 0.019354984600418231 -0.00180793238893953 -0.11617325056012412 0.054604488680083441 -0.12866946342431923 -0.21402304143619222 0.015049779961096726 -0.23830576799101788 0.171416358743154 0.046543083698106814 -0.016212986976698953 -0.13835433743324518 -0.053893056815967968 -0.22495195996814116 -0.097305664364106509
leaf_weight=78.28069931268692 77.455203324556351 29.904416680335999 222.67645511031151 768.15178257226944 95.776456564664841 1887.2412734627724 188.38434994220734 2014.875470906496 146.45524695515633 105.57010594010353 163.77960768342018 579.78438624739647 2289.6284191608429 282.9739972949028 214.07117339968681 259.19451630115509 343.10950762033463 3386.9897665381432 62.391174256801605 54.713992923498154 86.101161777973175 41.969590306282043 40.216054528951645 32.479130893945694 113.44057658314705 47.498882263898849 32.603900194168091 76.249046742916107 36.040257424116135 115.30179136991501 74.06364768743515
leaf_count=245 57 100 100 1164 112 2494 177 4031 39 164 406 553 5301 101 93 129 157 8013 157 180 52 20 81 40 361 126 114 274 103 328 194
internal_value=0.000771593 0.00197267 -0.00100443 0.00223366 0.0124892 0.0017323 0.00381271 0.0022883 0.0201364 -7.29447e-05 -0.000475518 0.00324923 -0.00269714 0.000431493 0.00585248 0 -0.000406022 0.000288775 -0.0109785 -0.00901694 -0.0186013 -0.0148248 -0.009324 0.00298554 0.00768062 -0.000655991 -0.00388334 0 0.000565938 -0.0131605 -0.00849175
internal_weight=13947.4 8463.61 5483.77 8386.15 347.85 8038.3 4236.96 3902.12 334.84 4963.08 3801.34 1347.94 2453.41 4709.02 695.942 481.871 4013.07 3730.1 254.062 520.689 148.492 275.768 233.799 252.073 145.92 244.921 161.382 106.153 83.5391 193.582 106.668
internal_count=25466 15109 10357 15052 887 14165 6741 6525 216 8966 7424 1717 5707 8593 322 229 8271 8170 373 1391 209 674 654 775 401 717 488 374 229 573 308
is_linear=0
shrinkage=0.0971646


Tree=118
num_leaves=22
num_cat=0
split_feature=41 49 28 16 28 5 13 27 19 14 16 42 14 24 39 12 40 35 5 26 42
split_gain=3.2365 8.82613 2.54593 3.62694 2.41428 5.25189 4.6837 3.50735 3.81794 3.18591 2.94339 2.89493 2.86163 4.7388 2.04264 4.41882 3.30933 1.61798 1.35682 1.05781 0.00986333
threshold=24.48002406854944 1008.9012369055591 6.0046436950949458 24.895000000000003 1.5053409611825519 -0.86780461756656735 38.863542949614846 0.059373626472059231 9.547485170444391 33.605000000000011 26.135000000000002 0.52524839200392892 32.175000000000004 26.137538277049703 80.18958333333336 30.104905611870532 8.7448193716556286 3.029936264328716 -1.0000000180025095e-35 25.756898875788952 0.30797261501599654
decision_type=2 2 2 2 2 2 2 2 2 2 2 2 2 2 2 2 2 2 2 2 2
left_child=2 14 4 -4 9 6 10 17 -9 12 -6 -11 13 -1 15 -2 -16 -7 -17 20 -18
right_child=1 -3 3 -5 5 7 -8 8 -10 11 -12 -13 -14 -15 16 18 19 -19 -20 -21 -22
leaf_value=-0.0015156281286561552 0.22146320588291901 0.02743710751951934 -0.0058419889544616592 -0.035975339398215365 0.078784990302506824 -0.070098166399388206 0.01100356364851807 -0.017340145835962068 0.005581539385578922 -0.0096517394788010191 -0.0067050834497288112 -0.12840391242118668 0.017535651785994491 -0.14181174765449922 0.024920830574698242 -0.052160205549867042 0.0074142707230552213 -0.0088675822818586637 0.066654511003076955 -0.063447697444368872 -0.17450181032440198
leaf_weight=4832.2215953469276 54.54377806186676 301.38267534971237 92.293400079011917 93.132310181856155 569.13551780581474 333.47040754556656 110.03214633464813 187.45179936289787 6446.7168188095093 89.907475203275681 55.992558300495148 124.58291032910347 111.50951489806175 54.199380815029144 61.121674507856369 43.944674879312515 38.207187861204147 167.90291333198547 41.122857093811035 96.291725188493729 42.208720684051514
leaf_count=9377 39 170 154 26 1344 870 36 232 11755 86 36 126 158 33 135 58 68 445 136 51 131
internal_value=0.000591399 0.00714187 0.00022258 -0.0109116 0.000415461 0.00151326 0.00936047 0.000641401 0.00128933 -0.0011603 0.00518699 -0.0127721 -0.000569265 -0.00100635 -0.00175988 0.00587684 -0.00803214 -0.00704259 -0.00396279 -0.0155994 -0.000818951
internal_weight=13947.4 678.823 13268.5 185.426 13083.1 7870.7 735.16 7135.54 6634.17 5212.42 625.128 214.49 4997.93 4886.42 377.441 139.611 237.829 501.373 85.0675 176.708 80.4159
internal_count=25466 788 24678 180 24498 14718 1416 13302 11987 9780 1380 212 9568 9410 618 233 385 1315 194 250 199
is_linear=0
shrinkage=0.0971646


Tree=119
num_leaves=23
num_cat=0
split_feature=31 48 42 29 37 27 27 50 50 50 9 4 18 3 14 4 18 19 19 26 2 19
split_gain=2.96491 4.95144 2.52651 3.2236 3.10108 2.65959 2.63717 3.18134 2.84873 2.20347 6.91229 4.59582 5.28557 4.32563 5.3907 4.55347 5.67426 3.25904 2.2146 1.49002 0.407 0.467818
threshold=6.8454919639534557 1009.4124723485698 0.14829312973708633 4.9658096942892493 75.595833333333346 0.10491614846138814 0.53377626535053746 1.532729796988513 1.1407232201453861 1.0250000000000001 6.1417196175507707 926.05000000000007 51.850000000000001 1.260838829028639 29.675000000000004 931.55000000000007 93.750000000000014 10.200595370727944 20.848119051419129 24.887449115039583 0.58621793134364741 20.616292221946868
decision_type=2 2 2 2 2 2 2 2 2 2 2 2 2 2 2 2 2 2 2 2 2 2
left_child=2 -2 3 5 -5 -1 7 -7 -8 13 11 18 -13 15 19 17 -17 -4 -11 -15 -3 -22
right_child=1 20 9 4 -6 6 8 -9 -10 10 -12 12 -14 14 -16 16 -18 -19 -20 -21 21 -23
leaf_value=-0.21532041546253367 0.044007783491413981 -0.048786259480272667 -0.048712207640341822 0.0016383708579973584 0.054912263562232166 0.040973859407920317 0.04453623963182287 0.033820052068448951 -0.012158094822329071 -0.033752424076680158 0.024693279821301668 0.011992446298243099 -0.002895544179536217 0.0090925324535690282 0.071052017734834508 -0.00040068134601382144 -0.066108414569417212 0.022804695968843436 0.022610281421380281 -0.19774642097238129 -0.012785322962126715 0.32441275575856537
leaf_weight=69.347907066345215 91.929263979196548 44.264340370893478 151.70399481058121 116.834158629179 130.84122917056084 148.29539117217064 220.50857058167458 90.617229491472244 206.50293031334877 961.26627069711685 392.57354518771172 998.85663178563118 4915.2712306678295 114.76809865236282 192.17811620235443 2167.9413588643074 318.5276560485363 2321.1157418787479 186.16224789619446 42.436457961797714 36.139296054840088 29.290374487638474
leaf_count=57 86 125 324 67 146 343 645 83 309 1838 117 1086 7457 292 144 3885 744 6763 692 59 107 97
internal_value=0.000775955 0.0124892 0.000570415 0.00532515 0.0150672 0.00141759 0.00384572 0.0119922 0 0.000169627 -0.000870118 -0.00162273 -0.00045207 0.00170958 0.0122115 0.000876786 -0.00194533 0.00388577 -0.00726874 0 0 0.00308684
internal_weight=13947.4 201.623 13745.7 982.947 247.675 735.272 665.924 238.913 427.012 12762.8 7454.13 7061.56 5914.13 5308.67 349.383 4959.29 2486.47 2472.82 1147.43 157.205 109.694 65.4297
internal_count=25466 415 25051 1650 213 1437 1380 426 954 23401 11190 11073 8543 12211 495 11716 4629 7087 2530 351 329 204
is_linear=0
shrinkage=0.0971646


Tree=120
num_leaves=34
num_cat=0
split_feature=38 7 17 13 9 35 35 34 47 41 40 32 26 19 9 8 31 2 18 27 16 25 17 1 31 6 2 18 27 9 29 23 31
split_gain=4.24149 6.76382 9.3623 7.21115 5.59788 4.77688 9.36554 7.10831 6.57062 5.82187 5.3637 5.29077 5.69311 4.67474 6.5357 4.28464 4.0258 5.62055 3.90885 3.39205 5.26651 3.30829 3.27908 2.88918 3.29232 2.61522 2.14823 1.87103 1.834 1.01671 1.00644 0.836524 0.65215
threshold=8.212038465339079 7.2300000000000031 13.385000000000003 38.178166544938215 3.8842792645422066 3.5537595781875138 3.2039749992773232 29.20354166666667 684.40166666666676 23.546826113265222 12.78136202802901 3.5987564976605761 25.88142082658629 24.868813215897305 3.6108972423827717 9.4400000000000013 5.119041175513674 -0.14648175534857119 79.65000000000002 0.94873199581487144 27.365000000000006 24.980663547642148 31.005000000000006 0.9821165111257959 4.6667686807150828 -0.97454454254772638 -0.9975933521984367 43.050000000000004 0.28145110598261208 1.3934768868162222 2.850740638062581 21.780725711439157 5.8502891360659524
decision_type=2 2 2 2 2 2 2 2 2 2 2 2 2 2 2 2 2 2 2 2 2 2 2 2 2 2 2 2 2 2 2 2 2
left_child=1 3 -3 22 18 6 7 13 10 -9 15 12 19 14 -2 -8 23 -18 29 27 -21 -12 25 24 -13 28 -27 -7 -1 -4 -24 -25 -19
right_child=5 2 4 -5 -6 11 8 9 -10 -11 21 16 -14 -15 -16 -17 17 32 -20 20 -22 -23 30 31 -26 26 -28 -29 -30 -31 -32 -33 -34
leaf_value=-0.045012540091124861 0.003406094086864429 0.04476006934627616 -0.10204697631343621 -0.045230217292980684 -0.028832577001604118 0.046894238073093973 -0.053436630127765117 0.068274771040722965 -0.060505629104711474 -0.0057670903631463297 -0.028176777586884749 -0.002802558110251934 0.035879629285534537 0.018020628350942078 -0.079677084596864636 0.10099030713322668 -0.078094041470577039 -0.0095233766436152306 -0.04478098671407512 0.017512151991833046 0.0087274262795550405 0.0022079119153331152 0.068772868522397848 -0.043306530167884542 0.028143402212642159 -0.23931495049275406 0.0044234275736137968 -0.0091140501784274554 -0.14622249701512743 0.19896005387220542 0.17370142808194036 -0.00071093990063125204 0.0016983745771995545
leaf_weight=87.666404217481613 2921.8110536336899 86.497201144695282 72.882831871509552 207.02003401517868 135.11888039112091 341.43773624300957 58.697199881076813 197.25869387388229 221.38166046142578 176.8619666993618 711.38113248348236 351.77199667692184 294.54870897531509 177.21070984005928 136.26078903675079 131.10807004570961 125.79362353682518 92.531166911125183 119.53907823562622 1472.8306784331799 1202.1245484352112 71.035383433103561 64.541850239038467 80.002968400716782 169.94479250907898 69.087796688079834 2556.9858913421631 1106.4074320197105 78.637810945510864 54.303761541843414 63.63319119811058 72.911726862192154 62.578920662403107
leaf_count=161 6542 24 194 90 60 612 73 127 77 141 1331 820 90 158 68 215 93 140 137 1271 2852 121 125 124 166 192 6551 2524 88 100 62 58 135
internal_value=0.000603552 -0.00221376 -0.0131009 -0.000436137 -0.020078 0.00164141 -0.000507948 0.00186494 -0.00802675 0.0145153 -0.00401548 0.00364138 0.00509299 0.000258198 -0.000502909 0.00956309 -0.002619 -0.0124565 -0.00878958 0.00401954 0.00607044 -0.00787678 0.000673452 0.000884428 0.00489339 0 0.000721928 0 -0.0117362 1.87648e-05 0.0156878 -0.00988726 0
internal_weight=13771.8 3595.91 468.342 3127.57 381.845 10175.9 4803.01 3609.4 1193.6 374.121 972.222 5372.88 4417.35 3235.28 3058.07 189.805 955.535 280.904 246.726 4122.8 2674.96 782.417 2920.55 674.631 521.717 2792.38 2626.07 1447.85 166.304 127.187 128.175 152.915 155.11
internal_count=25522 7784 515 7269 491 17738 8853 7036 1817 268 1740 8885 7349 6768 6610 288 1536 368 431 7259 4123 1452 7179 1168 986 6992 6743 3136 249 294 187 182 275
is_linear=0
shrinkage=0.0971646


Tree=121
num_leaves=27
num_cat=0
split_feature=2 22 13 41 4 1 47 42 1 31 22 18 25 39 1 19 1 22 10 0 6 13 12 10 23 13
split_gain=4.61278 7.41364 7.40113 6.18025 6.95859 8.17338 4.3092 4.12647 3.54754 3.22082 5.57004 4.82302 5.66538 5.78601 4.65939 4.53568 6.71241 3.53231 2.77921 2.72437 4.42465 5.56652 3.92805 3.87104 1.66919 0.331904
threshold=-0.766658819300159 24.013608506051082 39.897073167965765 24.73687561815052 1004.8082354374412 -0.15176079491315325 268.10468416906724 0.14015972932814336 -0.25501072541086661 4.5327584462563033 10.764671502136329 99.750000000000014 20.090339461323577 70.247916666666683 0.49002412863433359 22.479988411968666 -0.99166813670569331 18.35221911288787 33.4678354387759 0.00068945632615116951 -0.64842082933913747 35.504880027243125 29.781289104025888 36.232523115102651 24.458079204363056 34.608825630385873
decision_type=2 2 2 2 2 2 2 2 2 2 2 2 2 2 2 2 2 2 2 2 2 2 2 2 2 2
left_child=1 7 9 4 8 6 -6 18 -3 11 -11 12 14 -14 -2 17 -17 -12 -1 20 22 -22 -9 24 -21 -7
right_child=2 3 -4 -5 5 25 -8 19 -10 10 15 -13 13 -15 -16 16 -18 -19 -20 23 21 -23 -24 -25 -26 -27
leaf_value=0.0049930006403438509 0.003216219484232848 0.094861944462981157 0.011174029020979456 0.017515745454087437 -0.051080818944109187 -0.059869821696617351 -0.080573434562273741 0.010098102950406153 -0.12298919916300219 -0.0038469632988982296 0.0010837993794037418 0.040410974338894748 0.12972615959834291 0.021080927861139 -0.008755401190818678 -0.023001694495069603 0.034766033004551715 -0.028712382329150552 0.057168087892272332 -0.067616515159055368 0.034980311570723954 -0.10323024940624609 0.0045655280636790231 -0.052441714626624801 0.091637739514200053 0.010718850060516582
leaf_weight=101.98563426733017 2023.5900716781616 98.500714868307114 360.60059925913811 90.970863521099091 103.35082060098648 47.37593886256218 295.09864187240601 457.66151669621468 100.94457799196243 62.253973066806793 1897.9066803455353 174.14444503188133 369.20687705278397 1106.8562844693661 1410.0411404669285 371.82158648967743 1015.2329278290272 1960.5810458362103 132.51133331656456 513.95736277103424 508.10962447524071 248.18157812952995 96.535753220319748 77.211955398321152 101.77180472016335 45.401938647031784
leaf_count=363 2250 138 109 122 239 147 118 573 140 35 3191 140 622 2668 2491 446 2235 5446 70 1859 1698 119 33 24 214 32
internal_value=0.00084705 -0.00244746 0.00181236 -0.0105897 -0.0140075 -0.0202068 -0.0263476 0.000216353 0 0.00129032 -0.000311747 0.00304605 0.00237651 0.0074098 8.40196e-05 -0.000741651 0.00389972 -0.00252238 0.0124757 -0.00102241 0.00132196 -0.0031091 0.0081189 -0.00605585 -0.00264344 0.00170953
internal_weight=13771.8 3019.57 10752.2 781.643 690.673 491.227 398.449 2237.93 199.445 10391.6 5307.8 5083.84 4909.69 1476.06 3433.63 5245.54 1387.05 3858.49 234.497 2003.43 1310.49 756.291 554.197 692.941 615.729 92.7779
internal_count=25522 5889 19633 936 814 536 357 4953 278 19524 11353 8171 8031 3290 4741 11318 2681 8637 433 4520 2423 1817 606 2097 2073 179
is_linear=0
shrinkage=0.0971646


Tree=122
num_leaves=23
num_cat=0
split_feature=24 18 11 46 34 16 41 9 8 32 8 34 31 33 24 30 48 7 48 46 47 30
split_gain=3.36507 11.2729 5.5565 5.40455 5.42978 4.77539 4.50387 4.06012 7.49443 6.71591 4.68104 9.134 4.32631 3.90475 1.49302 2.17694 2.50046 1.30704 1.99552 0.677701 0.439467 0.285565
threshold=25.82096912283092 59.806823943951549 34.627702617736361 0.61898258230907077 28.478750000000002 24.605000000000004 24.73687561815052 3.6108972423827717 9.9650000000000034 0.94766553378478346 6.6150000000000011 27.533750000000001 4.906682135024842 2.9837809041617347 25.571332808597635 30.783040334360773 1005.1119887873327 7.7950000000000008 1005.6500000000002 2.031304492644511 698.39583333333348 30.236794024491566
decision_type=2 2 2 2 2 2 2 2 2 2 2 2 2 2 2 2 2 2 2 2 2 2
left_child=2 -2 6 4 21 -3 7 10 -9 -10 11 -1 -12 17 15 19 -17 18 -7 -5 -6 -4
right_child=1 5 3 14 20 13 -8 8 9 -11 12 -13 -14 -15 -16 16 -18 -19 -20 -21 -22 -23
leaf_value=-0.0049621814227565836 0.050337091729138701 -0.023963454497214917 -0.12809563121384576 0.099701834262513264 -0.096823035805867749 0.2257481695350704 0.0081344076695392571 -0.048714743926749224 -0.0053005770915103235 0.0052923408988948539 0.016098271571721914 -0.17110339848172851 -0.00061679739473551943 0.085644719934961117 0.094035295891476425 -0.16974445285071782 -0.0062641416410258773 -0.084526006475972124 -0.033671894790271308 -0.17987695752245139 -0.2350849869379108 0.11046040410351465
leaf_weight=1115.1049774289131 197.38356792926788 170.44791910052299 61.118955373764038 138.81004044413567 100.72725555300713 69.798689633607864 225.34356299042702 261.15698513388634 518.8480444252491 831.03011864423752 5266.415233194828 127.92868795990944 3949.374820202589 84.528341591358185 74.228525370359421 115.82358941435814 89.41320064663887 64.414523988962173 126.26901748776436 31.082166910171509 107.85889303684235 44.698574423789978
leaf_count=3157 93 173 156 398 155 181 139 169 248 448 9622 127 9271 75 101 156 166 77 402 82 30 96
internal_value=0.00077394 0.00729521 0.000383701 -0.0075826 -0.0173103 0 0.000914987 0.00062208 -0.00384631 -0.000586787 0.00135207 -0.00412299 0.00213794 0.00625534 0 -0.00319631 -0.0104472 0 0.00423755 0.00312412 -0.0263017 0
internal_weight=13771.8 712.842 13059 763.761 314.404 515.458 12295.2 12069.9 1611.04 1349.88 10458.8 1243.03 9215.79 345.011 449.358 375.129 205.237 260.482 196.068 169.892 208.586 105.818
internal_count=25522 1001 24521 1340 437 908 23181 23042 865 696 22177 3284 18893 735 903 802 322 660 583 480 185 252
is_linear=0
shrinkage=0.0971646


Tree=123
num_leaves=17
num_cat=0
split_feature=6 50 47 24 18 42 9 11 39 17 42 42 10 11 32 4
split_gain=2.5736 3.08831 4.14675 2.50149 7.15789 9.29121 4.94859 8.33648 7.66145 3.96729 4.96756 4.77405 2.49446 1.08576 0.772368 0.673712
threshold=-1.0175463537064497 0.21500000000000002 671.4383333333335 25.82096912283092 71.041171904954936 0.45966842452374274 3.6108972423827717 21.421128354839052 55.339583333333337 32.805000000000007 1.534941965616003 1.0000000180025095e-35 37.622770884326634 21.421128354839052 2.0452033310012792 1005.8110952939138
decision_type=2 2 2 2 2 2 2 2 2 2 2 2 2 2 2 2
left_child=-1 2 13 6 5 -5 9 -8 -9 11 -11 -3 15 -2 -15 -6
right_child=1 3 -4 4 12 -7 7 8 -10 10 -12 -13 -14 14 -16 -17
leaf_value=0.0036955605184120703 0.12943414855903465 -0.27635376024720382 -0.16878907069800403 0.019485646526135207 0.17314542760761686 -0.0054130369287702634 0.007400967664717214 0.060355292885043953 -0.024695926015981695 0.015466583604159857 -0.013865265152201194 0.0023241375783511174 -0.035618630605016965 -0.002920389769082109 -0.026750513146340884 -0.0094676646853242164
leaf_weight=361.84428310394287 51.229854226112366 45.689428329467773 55.200756937265396 204.43107444047928 84.914409399032593 140.51781618595123 195.47449496388435 201.92966905236244 1351.278610765934 1307.7760637700558 150.54620581865311 9243.3009845614433 86.835086345672607 68.970519989728928 54.742960184812546 167.12347280979156
leaf_count=79 117 10 24 123 223 97 112 137 693 1025 158 21910 42 211 62 499
internal_value=0.000784923 0.000531812 -0.0104327 0.000757977 0.00651076 0.0164913 0.000407535 -0.00432882 -0.00689893 0.00121887 0.0059491 0.000428642 -0.00245606 -0.00038254 -0.00732874 0.000955032
internal_weight=13771.8 13410 230.144 13179.8 683.822 344.949 12496 1748.68 1553.21 10747.3 1458.32 9288.99 338.873 174.943 123.713 252.038
internal_count=25522 25443 414 25029 984 220 24045 942 830 23103 1183 21920 764 390 273 722
is_linear=0
shrinkage=0.0971646


Tree=124
num_leaves=37
num_cat=0
split_feature=17 31 16 42 9 2 49 19 39 32 3 26 19 26 6 28 3 9 32 42 26 8 36 44 27 41 45 22 30 50 18 6 8 39 6 2
split_gain=3.35423 5.69695 4.80663 5.97074 6.97403 4.0079 5.98836 5.06634 6.98992 5.94673 5.02537 4.79616 4.68458 4.10086 4.04095 4.82034 3.98861 11.1875 3.76572 3.82801 3.65473 3.31863 3.08015 2.91659 2.82204 2.38925 8.04683 1.78765 1.70942 2.60056 1.6346 1.22765 0.847613 0.808962 0.789521 0.516702
threshold=32.805000000000007 5.4080331677678322 27.485000000000003 0.36479440923433742 2.0938502355748079 -0.766658819300159 1005.9500000000002 22.358403588631578 83.114583333333343 2.2917755125538819 1.7713567870326516 18.202291266033448 17.646197840355708 25.526194613454845 -0.86760684711149649 3.9505553112096687 0.89131130605161524 6.1417196175507707 1.9225365182388876 1.3667149880154488 24.597017951322801 11.303980072136349 10.037936374133976 0.35182835541603569 0.20033859433624726 23.603119703640655 20.378548148098059 18.486304268431745 25.993408877283475 0.85067487854112922 49.804605206617737 -0.50008149503200283 8.5650000000000031 83.756250000000023 0.25881904510252057 -0.93533330245768853
decision_type=2 2 2 2 2 2 2 2 2 2 2 2 2 2 2 2 2 2 2 2 2 2 2 2 2 2 2 2 2 2 2 2 2 2 2 2
left_child=5 2 3 4 -2 6 28 11 10 13 24 16 27 -10 22 23 17 -7 30 -20 -14 -18 -8 -16 -9 26 -3 -13 32 33 -5 -31 34 -30 -1 -34
right_child=1 25 -4 18 -6 7 14 8 9 -11 -12 12 20 -15 15 -17 21 -19 19 -21 -22 -23 -24 -25 -26 -27 -28 -29 29 31 -32 -33 35 -35 -36 -37
leaf_value=-0.1666015574545969 0.031172862010821607 0.0010847541376744741 -0.020186644565781221 -0.024142388112813756 -0.014017331307384173 0.0010059125612126678 0.0014229677283382391 0.097369458818189897 -0.00144420216459342 -0.043020851716385838 -0.0088083570048815511 -0.071788369365048274 0.0038704149351683277 0.077269004036383565 -0.0029644485147788157 -0.1548728039240396 0.039488566864092169 -0.19924217379660328 0.006668381881193724 -0.0057401723161047613 -0.17049377413023784 0.0015213543329577548 -0.031483516523371023 -0.094762864892726881 0.045499836440762054 0.00096087198259642932 0.12204938954848923 -0.33212921233364645 0.25583108726098025 0.021460423575268242 -0.014268105165031908 -0.025910454108553846 -0.039397396479783832 -0.034194681914816616 -0.0013830090976160992 0.13903583912541531
leaf_weight=216.62437611818314 309.03897958993912 119.98057791590691 277.33577874302864 157.04771086573601 178.01778641343117 873.16320240497589 134.08073356747627 200.43814942240715 760.35598212480545 181.53043949604034 136.58646482229233 653.77001929283142 2034.8478091359138 241.1651206612587 298.42031192779541 81.917285025119781 672.0436035990715 84.645829260349274 556.19066721200943 228.92512628436089 105.75997385382652 2447.156954318285 141.10181772708893 449.10585364699364 592.54393914341927 199.72163063287735 143.26430547237396 149.76460525393486 144.42965447902679 161.42197838425636 125.78093972802162 343.36114948987961 143.19938561320305 23.860153138637543 144.15512433648109 61.052271783351898
leaf_count=776 201 94 108 168 58 1456 108 227 2467 137 121 1872 6838 291 424 30 709 34 436 176 147 2599 74 737 1266 49 93 381 526 341 41 1136 521 80 573 227
internal_value=0.000889397 0.00428624 0.00157845 0.0038819 0.0127646 0.000171909 -0.00336593 0.00112685 0.00529872 0 0.0115956 -6.94157e-05 -0.00311403 0.00327503 -0.00860118 -0.0120107 0.00202528 -0.0032167 0 0.00326993 -0.000521824 0.00377315 0.000160309 -0.00870436 0.0146759 0.0140081 0.0205072 -0.00946288 0.000970582 0.00451187 -0.00974163 0.000122176 -0.00249814 0.0149545 -0.00559203 0.000909552
internal_weight=13771.8 2295.3 1832.34 1555 487.057 11476.5 2342.73 9133.77 2112.62 1183.05 929.569 7021.15 2944.14 1001.52 1104.63 829.443 4077.01 957.809 1067.94 785.116 2140.61 3119.2 275.183 747.526 792.982 462.967 263.245 803.535 1238.1 673.073 282.829 504.783 565.031 168.29 360.78 204.252
internal_count=25522 1424 1188 1080 259 24098 5553 18545 4509 2895 1614 14036 9238 2758 1373 1191 4798 1490 821 612 6985 3308 182 1161 1493 236 187 2253 4180 2083 209 1477 2097 606 1349 748
is_linear=0
shrinkage=0.0971646


Tree=125
num_leaves=29
num_cat=0
split_feature=5 6 6 6 50 6 27 10 10 6 46 2 48 34 27 19 15 31 47 50 41 21 26 20 13 10 33 2
split_gain=2.94866 6.19384 7.34275 3.06147 4.36549 6.35047 3.90996 3.02687 3.15914 2.8484 6.73211 4.44434 7.9066 5.70285 4.4165 4.36097 3.55285 2.79516 2.63861 2.63255 3.38164 2.17165 2.12771 2.03453 1.95 1.22297 0.493984 0.171005
threshold=-0.96161295013357739 -0.60623862798855965 -0.27841686570654922 -0.97454454254772638 1.1501987748869942 -1.1226035809116242 0.23912889050325506 38.197406056935115 37.622770884326634 -0.86760684711149649 0.74219734869587028 -0.766658819300159 1003.7250789855399 26.988125000000004 0.19111302287350576 24.868813215897305 22.755000000000006 4.612625996214474 372.1283333333335 0.60500000000000009 23.431800081639505 23.88237099556169 25.419065898434194 21.459177392374365 32.539799207549713 31.937647759804772 2.3951721473845398 0.56253165957478835
decision_type=2 2 2 2 2 2 2 2 2 2 2 2 2 2 2 2 2 2 2 2 2 2 2 2 2 2 2 2
left_child=1 -1 -3 4 5 -2 -6 8 23 10 16 12 13 -11 -14 17 27 -13 24 20 -7 -18 -20 -4 -12 -21 -8 -5
right_child=3 2 7 9 6 19 26 -9 -10 11 18 15 14 -15 -16 -17 21 -19 22 25 -22 -23 -24 -25 -26 -27 -28 -29
leaf_value=0.028826034593208955 0.0094545201810621159 -0.41790991244676767 0.0016975516352498094 -0.17351492201152646 0.0027021786840198798 -0.018758904444289605 -0.040732580086561346 0.015454637130723597 -0.13919811399775697 -0.0085862962624242666 0.0077744201421346042 0.0058961233598504104 -0.15701135441162636 0.10300940256347942 -0.023393705178575589 0.0057036657841412416 0.054021813206699687 -0.0032453720333570054 -0.0046373024470039289 -0.11553344684462881 -0.060115355198099817 0.0013181590422759722 -0.020929093802212376 0.09786684798598265 0.092442021266675362 -0.0024391699617805893 -0.058766986751042541 0.012401488135766995
leaf_weight=140.43574166297913 126.87671232223511 40.803846120834351 682.1376473903656 46.579142272472382 104.17412084341049 98.102623224258423 148.16639459133148 210.39943048357964 48.651884615421295 559.55916261672974 221.29854992032051 4416.8120378255844 135.62770131230354 198.39003995060921 1064.9596975743771 153.97021415829659 301.40426763892174 3580.9306392371655 298.1803038418293 127.65182027220726 64.540504693984985 143.80140286684036 78.995711624622345 363.4042139351368 98.81930074095726 148.97941046953201 139.99116966128349 28.161999017000198
leaf_count=31 26 9 2063 136 166 232 136 141 42 2054 723 6568 67 374 1892 144 290 7980 547 322 31 176 29 886 165 104 98 90
internal_value=0.000938607 0.0050488 0.00263763 0.000405693 -0.00479075 0 -0.0126519 0.00423596 0.0017181 0.000884209 0.00534153 0.00030394 -0.00379272 0.00357587 -0.0087965 0.00134157 0.0137104 0.00096981 -0.000321466 -0.00484331 -0.0145834 0.0171446 -0.00635472 0.00322511 0.00545946 0 -0.0185506 -0.00112871
internal_weight=13771.8 1485.83 1345.4 12286 958.483 566.151 392.332 1304.59 1094.19 11327.5 1217.24 10110.2 1958.54 757.949 1200.59 8151.71 519.947 7997.74 697.294 439.274 162.643 445.206 377.176 1045.54 320.118 276.631 288.158 74.7411
internal_count=25522 3172 3141 22350 1115 715 400 3132 2991 21235 2156 19079 4387 2428 1959 14692 692 14548 1464 689 263 466 576 2949 888 426 234 226
is_linear=0
shrinkage=0.0971646


Tree=126
num_leaves=31
num_cat=0
split_feature=19 40 41 37 41 28 2 40 49 50 21 13 25 15 3 19 33 38 27 48 2 21 24 13 15 28 20 14 37 6
split_gain=5.13331 5.70372 7.65373 5.02037 4.59095 4.47277 13.4435 4.65545 6.21449 6.27144 5.1309 4.30254 3.33 3.16032 3.09197 5.1249 4.56599 3.82111 3.46002 3.00381 2.53732 2.48997 2.3661 1.73516 1.96433 1.68556 1.41976 3.00448 0.960334 0.157754
threshold=24.453500288419317 10.571384327155773 24.293560332091719 80.679166666666688 23.957132718539302 4.8185053247649412 -0.24778123985931325 19.168931970009869 1011.5342923144698 0.99018939517605831 13.680619665997858 35.203869245268216 23.655521188994602 28.091718901552262 0.65500000000000014 12.622978378444969 6.1220360606679094 16.128797413206701 1.0618310077784316 928.05000000000007 -0.7553174537463252 14.10850390734044 16.889775617767697 38.863542949614846 23.565000000000001 2.3873365892789655 24.552575805245322 31.2179200036529 71.895833333333357 -0.88658651883322193
decision_type=2 2 2 2 2 2 2 2 2 2 2 2 2 2 2 2 2 2 2 2 2 2 2 2 2 2 2 2 2 2
left_child=5 2 -2 4 -3 7 11 14 9 22 -11 20 23 -4 15 18 17 -16 -1 -17 -7 -18 -9 24 -8 28 27 -6 -10 -5
right_child=1 3 13 29 26 6 12 8 25 10 -12 -13 -14 -15 16 19 21 -19 -20 -21 -22 -23 -24 -25 -26 -27 -28 -29 -30 -31
leaf_value=-0.0090295147591001271 -0.10534294845244976 0.088489907708801482 0.00044369709804559888 -0.00011329175476969848 0.055551333999544455 0.10077727878710351 -0.0028417073713910257 -0.091040031242063058 0.042455070625959705 -0.0099113037444849925 -0.075095402374450032 -0.045973408634429822 0.034852181548262195 0.19469827484089564 0.0052175547856218255 0.031482625145390325 0.0099840794843348776 -0.011302138247372039 -0.18271222562607498 -0.020030927962889338 -0.13393541201433856 0.015604699060598991 0.10302811185284275 -0.013100793073645865 0.06300914883411507 -0.034143297424007214 0.019602705994331265 -0.058184715557752134 0.097206830317381546 0.03410251139114269
leaf_weight=80.678648442029953 165.02288070321083 71.503720730543137 164.71751669049263 136.92163777351379 63.295107543468475 62.314611375331879 292.95476242899895 147.54351848363876 54.102844715118408 699.62603536248207 397.86634737253189 265.46249189972878 73.691945433616638 78.598375141620636 7110.3630267083645 525.77244281768799 80.450617343187332 1168.1505645513535 80.200107932090759 1005.0367794930935 72.976871997117996 153.26864787936211 312.40601029992104 58.888850927352905 51.581085443496704 71.471441328525543 61.609019815921783 58.841806799173355 112.15069127082825 140.16074705123901
leaf_count=189 167 64 132 74 155 145 651 323 134 771 680 93 47 175 13596 1882 165 1935 58 2372 135 91 934 13 30 167 107 30 127 111
internal_value=-1.70815e-05 0.00686746 -0.000822974 0.0135353 0.00175606 -0.000554618 -0.0072405 -2.82248e-05 -0.0046204 -0.00701405 -0.0110593 -0.0204424 0.00301805 0.00897403 0.000738985 -0.00296746 0.00152649 0.00108988 -0.0194509 -0.000922242 -0.00249955 0.0149788 0.00172566 0 0.00215205 0.00918059 -0.00456016 -0.0115955 0.0146251 0.0227276
internal_weight=13817.6 940.671 408.339 532.332 255.25 12877 877.871 11999.1 1795.17 1557.44 1097.49 400.754 477.117 243.316 10203.9 1691.69 8512.23 8278.51 160.879 1530.81 135.291 233.719 459.95 403.425 344.536 237.725 183.746 122.137 166.254 277.082
internal_count=25553 1015 474 541 356 24538 1114 23424 3136 2708 1451 373 741 307 20288 4501 15787 15531 247 4254 280 256 1257 694 681 428 292 185 261 185
is_linear=0
shrinkage=0.0971646


Tree=127
num_leaves=29
num_cat=0
split_feature=17 47 33 37 23 22 46 13 40 49 0 3 25 32 26 19 31 49 6 7 23 18 23 46 19 22 15 38
split_gain=5.15193 5.51043 6.13419 5.74881 6.06385 8.60964 4.27577 3.56511 2.86405 4.90029 3.39047 5.72986 6.85491 3.87796 3.3121 3.1895 5.14921 4.2844 4.068 3.61237 3.52346 3.36806 2.8339 3.41838 2.51585 2.74846 1.99987 0.0225103
threshold=32.465000000000011 410.0750000000001 2.2987680329507958 77.495833333333351 26.224224139283443 22.424495219496453 0.57656031651033901 38.863542949614846 19.31508712196327 1011.5342923144698 0.91597561503675351 1.2004268983444495 18.040173347245176 0.90995420891344292 12.472739066571283 16.11517825970979 2.6835407882581563 1004.5225127966556 -0.70936627327345181 8.0005463750250581 14.377937509602265 91.350000000000009 12.472739066571283 1.7745392202814414 9.547485170444391 12.923848064605798 19.115000000000006 16.663605764827114
decision_type=2 2 2 2 2 2 2 2 2 2 2 2 2 2 2 2 2 2 2 2 2 2 2 2 2 2 2 2
left_child=8 2 -2 4 5 6 -3 -4 10 14 15 24 -13 -14 -10 16 19 21 -19 -1 -18 -17 -16 -24 -12 -26 -11 -28
right_child=1 3 7 -5 -6 -7 -8 -9 9 26 11 12 13 -15 22 17 20 18 -20 -21 -22 -23 23 -25 25 -27 27 -29
leaf_value=-0.092162424714149344 0.00089204092506031435 0.024206160712159735 -0.011161144134707686 0.0077040861645381398 -0.007800000932686563 0.048128274507221298 0.0036563311939696811 -0.16226495565026033 -0.032637958167357685 0.10645068200537082 -0.071018316044560006 0.11750289726191844 -0.020023089788466921 0.0089219212158128947 0.0060065964287078786 0.083771331656977283 -0.030965720023998177 0.0073713913035775734 -0.017310595884854636 0.057450783057107165 -0.030831697994657941 -0.0049597228410237244 -0.081805127343450926 0.007923634187567927 0.15748812158948469 -0.0070536995630907703 0.068999972109145921 -0.058377234639043651
leaf_weight=157.74534469842911 244.55407735705376 146.35963970422745 120.95139464735985 304.65541303157806 362.41014805436134 130.70881634950638 1037.8764767050743 103.5946249961853 397.43918484449387 110.26166018843651 76.323220789432526 193.40786111354828 162.02130532264709 251.90517821907997 113.47512727975845 1368.6178496778011 304.60445263981819 1344.6925694048405 2799.9894456863403 538.36584660410881 773.79916408658028 927.67863175272942 422.38828149437904 417.54832845926285 107.40152826905251 797.56257897615433 40.477340847253799 60.813664555549622
leaf_count=237 153 68 174 136 102 48 892 26 170 158 20 65 348 198 52 4632 179 1957 6087 718 1424 3197 1091 1038 89 2070 95 129
internal_value=0.000399899 0.0044534 -0.00446141 0.00678189 0.00420432 0.00742188 0.00434858 -0.0164313 -0.000437622 -0.00430665 0.00013657 0.00427602 0.0116753 0.0033456 -0.00664361 -0.000613216 -0.0042757 0.00033111 -0.00146064 0.00173897 -0.00854685 0.0037484 -0.00293888 -0.00523717 0 0.00112241 0.00851098 0
internal_weight=13817.6 2451.11 469.1 1982.01 1677.36 1314.94 1184.24 224.546 11366.5 1562.4 9804.11 1588.62 607.334 413.926 1350.85 8215.49 1774.51 6440.98 4144.68 696.111 1078.4 2296.3 953.412 839.937 981.287 904.964 211.553 101.291
internal_count=25553 1599 353 1246 1110 1008 960 200 23954 2733 21221 2790 611 546 2351 18431 2558 15873 8044 955 1603 7829 2181 2129 2179 2159 382 224
is_linear=0
shrinkage=0.0971646


Tree=128
num_leaves=24
num_cat=0
split_feature=45 49 2 36 43 42 38 6 21 22 49 2 34 40 14 43 45 33 48 18 14 10 2
split_gain=5.0292 7.54339 7.99112 7.182 6.00155 4.84868 3.96117 3.43021 3.21896 3.35298 5.43785 4.38158 3.40047 8.66006 4.43207 7.51282 3.49885 2.91832 2.25213 3.18634 4.63554 1.46506 0.465228
threshold=24.139986055214081 1009.3024140663634 -0.98561654718406888 6.7284222998094254 24.105702140771012 0.30247486592507927 8.9933456029392946 -0.27841686570654922 9.5557879502614611 24.563294236895221 1008.9012369055591 -0.86299686170602363 30.760625000000008 12.78136202802901 32.175000000000004 23.161230362989361 9.5952451996923092 1.468811878012287 925.45000000000016 80.750000000000014 16.305000000000003 37.622770884326634 0.72064045540576316
decision_type=2 2 2 2 2 2 2 2 2 2 2 2 2 2 2 2 2 2 2 2 2 2 2
left_child=8 2 -2 -3 5 -4 17 -8 18 12 11 -11 14 -14 16 -16 -10 -6 -1 20 -20 -15 -22
right_child=1 3 4 -5 6 -7 7 -9 9 10 -12 -13 13 21 15 -17 -18 -19 19 -21 22 -23 -24
leaf_value=0.019743990081067368 0.11775428465687905 -0.017934961964952173 0.14944513795458486 0.02928251770117184 -0.12622703097482116 -0.0019167094876904199 -0.058864256021956607 -0.029641563907951779 0.054895303219195363 -0.1086579563103519 -0.024294525820238683 0.053611138064980864 0.021414278588968948 -0.052290448152455662 0.0037662721165243628 0.017862990205197635 -0.00029856845369379074 0.0033250160633474979 -0.03196994263958184 0.0026176503897077648 -0.11096692057011882 -0.04196851865624885 0.10792057036756858
leaf_weight=97.855654954910278 102.13072392344475 120.66458284854889 107.61188858747482 257.49946075677872 105.62854099273682 104.31447279453278 123.19157013297081 100.96403989195824 156.39362409710884 66.457132995128632 257.88844662904739 93.969535678625107 119.26965409517288 128.10960409045219 1450.5603402256966 415.92119976878166 9168.5559388101101 132.41195821762085 173.41289734840393 158.52073255181313 98.233928114175797 226.34113645553589 51.722091794013977
leaf_count=161 147 157 131 106 199 108 49 208 124 79 148 137 85 218 1319 143 21188 299 72 57 222 84 112
internal_value=0.000566671 0.00669755 0.000619216 0.0179517 -0.00268779 0.00982157 -0.0093673 -0.0185561 0 0.000346383 -0.00809219 0.00386142 0.00068757 -0.00723739 0.001063 0.00538851 0.000149997 0 -0.00704707 -0.0100563 -0.0155699 -0.0154139 0
internal_weight=13817.6 1154.42 776.253 378.164 674.122 211.926 462.196 224.156 12663.2 12083.5 418.315 160.427 11665.2 473.72 11191.4 1866.48 9324.95 238.04 579.745 481.89 323.369 354.451 149.956
internal_count=25553 1404 1141 263 994 239 755 257 24149 23525 364 216 23161 387 22774 1462 21312 498 624 463 406 302 334
is_linear=0
shrinkage=0.0971646


Tree=129
num_leaves=35
num_cat=0
split_feature=34 31 35 35 33 18 1 33 29 19 31 16 37 22 30 28 25 49 36 30 35 13 40 34 39 30 29 44 7 1 13 27 18 33
split_gain=4.08204 10.3714 8.77327 13.4345 10.1408 6.08721 5.19351 4.65534 8.14029 4.51421 6.07908 4.35734 4.10199 6.12656 4.3096 4.79241 4.12218 3.88962 3.23097 4.29973 6.45411 4.79366 4.05266 6.64049 3.64887 2.94108 2.80359 2.66619 2.37953 1.99337 1.36936 1.05744 0.720302 0.292794
threshold=28.33229166666667 5.4792672742051129 3.2039749992773232 2.7844680169973208 5.0893673827346788 63.050000000000004 0.51236666743397874 2.5619301287982386 3.3224311852411756 24.073491339387903 5.741201464201807 28.445000000000004 88.32916666666668 13.666539810089434 31.244308377665558 2.3547692514736758 18.502598288007366 1008.3007422594915 5.8981494259212459 30.339605158708732 3.153454090964074 34.919972406340456 17.0207521967241 20.649791666666673 72.497916666666683 19.315319142496772 5.2577878742853512 0.8086137242288981 5.4249999999999998 0.49002412863433359 15.354120300595246 0.56852922591324095 79.15000000000002 2.1347776820825275
decision_type=2 2 2 2 2 2 2 2 2 2 2 2 2 2 2 2 2 2 2 2 2 2 2 2 2 2 2 2 2 2 2 2 2 2
left_child=12 2 3 7 6 31 17 8 -2 10 -3 -8 14 -14 18 32 28 -4 22 21 -21 -20 23 -1 -24 30 -6 -27 -15 -7 -18 -5 -16 -30
right_child=1 9 4 5 26 29 11 -9 -10 -11 -12 -13 13 16 15 -17 25 -19 19 20 -22 -23 24 -25 -26 27 -28 -29 33 -31 -32 -33 -34 -35
leaf_value=0.040345050253529836 -0.081366705151572391 0.088574033503371868 -0.11983278585136871 0.068859022535347023 -0.009210301897950619 0.082301562922459187 -0.011578502760432759 -0.027972211634389354 0.039848752684532564 0.018749046398593993 -0.015106159412365927 0.042582542989102121 0.011481519109448083 -0.076847123238163104 0.063471531499123587 -0.034173375368370562 0.073462476903440571 -0.0044275737507262578 0.00696716739620725 0.081624668799193223 -0.011737339745287937 -0.031325846626837017 -0.00899675824025962 -0.019451319742130001 -0.044355719130226234 0.011445046150283975 0.010365358152563483 -0.011113740647166042 0.095138737961674991 -0.22665594503792172 0.053182608616451077 0.0082769446292243892 -0.10828431988048069 -0.072371401505947591
leaf_weight=511.69722178578377 150.93817201256752 180.69092565774918 238.86668899655342 187.2735815346241 184.05769741535187 165.06604450941086 706.21659427881241 171.14424639940262 120.9158980846405 122.91939082741737 154.857864767313 336.55230036377907 253.98742362856865 140.98507845401764 64.597972929477692 195.03999450802803 83.093798339366913 106.47118836641312 3157.3101855814457 188.22365093231201 107.01957389712334 391.6486259996891 1213.3351718187332 1679.9612312018871 434.65466895699501 1386.3827052116394 274.07625564932823 476.16677340865135 50.170509904623032 53.221439212560654 65.910936415195465 144.54115903377533 44.788030087947845 74.84615558385849
leaf_count=514 301 157 299 105 153 373 608 89 92 85 144 992 167 175 73 146 127 66 7886 208 47 325 1486 4252 663 4108 152 1005 58 100 172 97 160 168
internal_value=0.000358016 0.00335767 0.00100027 0.00845987 -0.00278873 0.0186892 -0.00710058 -0.00332605 0.0033296 0.0169311 0.00912083 -0.00315084 -0.000542469 0.00280193 -0.00165639 -0.0130754 0.000995661 -0.017672 -0.00114353 0.000759157 0.0119789 -6.34234e-05 -0.00315864 -0.000215355 -0.00680692 0.00267172 0.00931156 0.00135598 -0.00998097 0.00362688 0.0159594 0.0272021 0 0
internal_weight=13817.6 3297.81 2839.34 993.101 1846.24 550.102 1388.11 442.998 271.854 458.468 335.549 1042.77 10519.8 2531.54 7988.28 304.426 2277.56 345.338 7683.85 3844.2 295.243 3548.96 3839.65 2191.66 1647.99 2011.55 458.134 1862.55 266.002 218.287 149.005 331.815 109.386 125.017
internal_count=25553 3813 3427 1157 2270 675 1965 482 393 386 301 1600 21740 5980 15760 379 5813 365 15381 8466 255 8211 6915 4766 2149 5412 305 5113 401 473 299 202 233 226
is_linear=0
shrinkage=0.0971646


Tree=130
num_leaves=27
num_cat=0
split_feature=2 8 46 2 19 47 45 22 26 18 39 10 6 45 2 44 24 49 26 10 46 35 13 21 8 49
split_gain=3.95781 6.70152 8.31758 4.01552 3.91966 6.47519 3.85837 5.84076 3.81367 3.65713 4.49681 4.92681 4.4301 4.06874 4.57188 3.40962 3.18756 2.8977 4.34246 2.88105 1.995 1.82373 1.44072 0.796916 0.458248 0.445605
threshold=-0.98561654718406888 7.2860774432895488 1.1174808189501089 -0.96288731545773421 24.868813215897305 555.45000000000005 23.984456788106201 23.568342317640461 25.88142082658629 30.850000000000005 60.231250000000003 24.590020757710416 -0.97454454254772638 13.048307178513364 -0.5049610547215202 0.26618796708057174 25.473178560216887 1009.7135616048714 24.460433337127299 37.095007650148197 1.7276190612491804 2.2835331880508787 35.857839953778331 23.224610478865607 9.8500000000000014 924.25000000000011
decision_type=2 2 2 2 2 2 2 2 2 2 2 2 2 2 2 2 2 2 2 2 2 2 2 2 2 2
left_child=1 6 17 15 9 8 7 23 -6 13 11 -11 -12 20 -15 -2 21 18 25 24 -5 -17 -23 -1 -4 -3
right_child=3 2 19 4 5 -7 -8 -9 -10 10 12 -13 -14 14 -16 16 -18 -19 -20 -21 -22 22 -24 -25 -26 -27
leaf_value=-0.053462725413760938 0.15443182850251835 0.15969239100077567 -0.072480237781107987 -0.12122146939996607 0.1199903926882816 0.0036888342739182013 0.040420648137125974 -0.19342885003542137 -0.014137057760766901 0.036771038643383824 -0.0041110566110894213 -0.020898612272957882 0.0023206067616621641 -0.012342728616768339 0.01192073973009331 0.044203760304458897 -0.057778199495818368 -0.0033101455827331495 0.14035669261188891 -0.17102613933243332 0.0040291392626781415 -0.20167149823985578 0.002307720817155101 0.089621102784553971 0.19110211622208445 -0.063505382169800423
leaf_weight=49.787454515695572 49.814957678318024 56.219164818525314 47.189222782850266 41.908642947673798 94.987544894218445 126.83279284834862 90.265948295593262 110.0400253534317 135.72080081701279 402.15803274512291 689.35255947709084 1308.9218843281269 9106.2277427017689 136.06630626320839 345.43066012859344 36.791193127632141 108.46495890617371 66.589329540729523 225.3142192363739 40.176678538322449 154.41399821639061 192.490553855896 54.447733849287033 39.05143740773201 51.564287275075912 57.401025205850601
leaf_count=162 42 212 177 63 177 43 160 129 102 769 862 2123 18313 80 280 60 114 22 199 11 361 618 36 82 164 192
internal_value=0.000393042 0.00687136 0.0133925 0 0.000297357 0.0102817 -0.00395856 -0.0124979 0 0 -0.000407397 -0.00501602 0.00035537 0.00692153 0.0119308 -0.00909379 -0.0126789 0.0206152 0.0242436 -0.0046732 -0.00321779 -0.00519612 -0.00921292 0.00189845 0.000523412 0.00392669
internal_weight=13817.6 833.599 544.454 12984 12542 357.541 289.145 198.879 230.708 12184.5 11506.7 1711.08 9795.58 677.82 481.497 442.009 392.194 405.524 338.934 138.93 196.323 283.729 246.938 88.8389 98.7535 113.62
internal_count=25553 1510 977 24043 23173 322 533 373 279 22851 22067 2892 19175 784 360 870 828 625 603 352 424 714 654 244 341 404
is_linear=0
shrinkage=0.0971646


Tree=131
num_leaves=29
num_cat=0
split_feature=17 12 29 16 14 38 27 24 44 14 1 25 19 42 50 28 21 44 34 15 29 18 22 14 18 19 29 2
split_gain=6.00391 6.33082 4.48108 4.75145 5.79597 6.86272 5.43106 4.09624 3.28852 9.03058 5.96646 5.61605 3.851 4.2172 5.26839 4.78908 3.27932 4.68813 5.59301 3.23124 3.1914 2.40606 1.67153 1.2698 0.683025 0.579263 0.354233 0.206
threshold=32.465000000000011 30.431361834321383 3.7245720753315541 26.840275784688654 34.024186059540789 15.179225981883766 0.40382108302442682 24.024461005608703 0.76950026970302099 15.915000000000001 -0.95992380042979841 23.166838038330241 25.118767796966406 0.12269391807871101 1.850828455608126 1.5286431552873463 8.6207324282256277 1.265479033085134 19.696250000000003 19.665000000000003 4.5385052811026183 88.750000000000014 21.136212897297472 31.670224014945671 72.231640017304287 23.621867801306106 1.5841962642410155 0.073290916015887303
decision_type=2 2 2 2 2 2 2 2 2 2 2 2 2 2 2 2 2 2 2 2 2 2 2 2 2 2 2 2
left_child=8 2 7 4 6 -6 -4 22 9 21 11 25 13 15 -15 -11 19 20 -19 -12 -18 -1 23 -2 -13 27 -21 -10
right_child=1 -3 3 -5 5 -7 -8 -9 10 12 16 24 -14 14 -16 -17 17 18 -20 26 -22 -23 -24 -25 -26 -27 -28 -29
leaf_value=0.12241472519328561 -0.10168704495477314 -0.0061360148602093711 0.038625326969425659 0.017988570292498389 -0.014593982448059343 0.0064709608911372408 -0.0009581450138221912 -0.10969268697378605 0.040428853246841485 -0.024509062586084492 -0.026551882346990435 -0.05083750501883029 0.003320585513212944 0.00016456198975199176 -0.055848718445754987 0.068989536205552315 -0.020680462609337494 0.0076820595116650061 0.00050998802912290858 0.012365195225286346 0.0085743340190526166 0.0096412752925819183 0.015553615325733718 0.018891294194942721 -0.059121474483692371 0.1464888579596664 -0.062477404774627619 -0.10580178132541326
leaf_weight=171.1734639108181 59.155368626117706 367.71598076820374 296.27237057685852 212.33505490422249 254.15601193904877 715.60471099615097 280.94869923591614 86.518250674009323 31.931905508041382 169.34625288844109 168.5713837146759 100.18852809071541 134.17092129588127 4215.8041964173317 518.95739555358887 223.747184664011 2331.3256292641163 553.09215477108955 1545.4555802345276 56.303292572498322 676.67929619550705 157.01773703098297 63.871400147676468 114.53274297714233 100.45082411170006 36.097550809383392 136.6170160472393 39.588251829147339
leaf_count=106 115 111 215 74 121 466 220 39 121 499 70 33 131 11322 728 320 4546 425 3213 50 1607 91 39 199 227 67 276 122
internal_value=0.000593678 0.00496294 0.0071346 0.00912403 0.00682873 0.00171793 0.0146263 -0.00234531 -0.000312051 0.00132239 -0.00196754 -0.0151695 0.000260178 -8.69937e-05 -0.000974171 0.00944796 -0.00113738 -0.000414035 0.00300914 -0.0100972 -0.00294458 0.016908 0.00276747 0 -0.0247403 0 0 -0.00181661
internal_weight=13817.6 2451.11 2083.39 1759.32 1546.98 969.761 577.221 324.078 11366.5 5590.22 5776.3 308.257 5262.03 5127.86 4734.76 393.093 5468.04 5106.55 2098.55 361.492 3008 328.191 237.56 173.688 200.639 107.618 192.92 71.5202
internal_count=25553 1599 1488 1096 1022 587 435 392 23954 13197 10757 570 13000 12869 12050 819 10187 9791 3638 396 6153 197 353 314 260 310 326 243
is_linear=0
shrinkage=0.0971646


Tree=132
num_leaves=23
num_cat=0
split_feature=31 19 31 13 22 34 13 3 44 28 28 48 8 6 19 10 2 0 9 15 39 12
split_gain=3.51857 6.41136 2.89135 7.32723 6.75946 6.10093 5.48298 3.92694 3.87884 4.64533 4.24809 4.12781 3.67664 3.25584 3.22292 2.93048 2.17264 1.4385 1.54867 0.57011 0.446187 0.362716
threshold=6.4529255831632275 23.514568358199497 4.9241443214711511 39.897073167965765 11.25530734445819 30.760625000000008 15.354120300595246 0.7350000000000001 0.18918632374710079 1.9132881205843366 0.74823942612936001 1007.4393957800499 6.7650000000000015 -0.64842082933913747 13.200672797430531 14.879071274057454 0.96457844552971317 0.49944537339916317 1.011206053839983 19.115000000000006 78.677083333333357 26.64150662246691
decision_type=2 2 2 2 2 2 2 2 2 2 2 2 2 2 2 2 2 2 2 2 2 2
left_child=2 17 6 4 -4 7 14 -6 11 10 -10 13 -11 -8 -1 -16 -17 18 20 -19 -2 -22
right_child=1 -3 3 -5 5 -7 8 -9 9 12 -12 -13 -14 -15 15 16 -18 19 -20 -21 21 -23
leaf_value=0.013898856290197803 -0.038886128144113706 0.00049578862916792343 0.052955121816451275 0.015018952315076205 0.014621443900762086 -0.034040978367159386 0.091810047163700059 -0.0078554738214611577 0.01221637316488379 -0.012889814803590284 -0.011688388938916269 -0.041593164311145701 0.012129675211750917 -0.024965313705807252 0.058466414080573806 0.04955432086310442 -0.045020736332654035 -0.0062549086728760309 0.15812335382620643 0.048683837310360918 -0.14276887536919297 -0.067621939018675553
leaf_weight=134.08953994512558 34.719185918569565 172.97869375348091 54.011071532964706 340.57285913825035 1109.0822319686413 154.30151775479317 88.663614720106125 2959.0486879050732 1575.548628538847 640.59039860963821 2832.0834365487099 146.48832136392593 2775.017672598362 97.301261723041534 109.46871760487556 104.98228338360786 108.93336218595505 35.977904826402664 55.885487496852875 82.270039588212967 67.583384454250336 31.9526686668396
leaf_count=41 113 127 34 107 2906 140 88 6292 2582 1426 5566 144 4552 102 119 149 80 86 167 227 187 104
internal_value=0.000660378 0.00883022 0.000328942 -0.00158945 -0.00276574 -0.00330342 0.00140701 -0.0024572 0.000768172 0.00125465 -0.000748971 -0.0093162 0.00396342 0 0.0117899 0.0047385 -4.87507e-05 0 -0.00482381 0.00865682 -0.0115335 -0.0148035
internal_weight=13711.6 481.367 13230.2 4617.02 4276.44 4222.43 8613.17 4068.13 8155.69 7823.24 4407.63 332.453 3415.61 185.965 457.474 323.384 213.916 308.389 190.141 118.248 134.255 99.5361
internal_count=25339 1011 24328 9479 9372 9338 14849 9198 14460 14126 8148 334 5978 190 389 348 229 884 571 313 404 291
is_linear=0
shrinkage=0.0971646


Tree=133
num_leaves=26
num_cat=0
split_feature=31 17 18 20 8 20 4 47 3 50 49 19 3 23 8 29 40 39 36 50 2 4 28 29 42
split_gain=4.68785 5.64074 3.23264 4.72379 3.51537 3.27535 2.95356 4.74728 7.68668 8.30816 5.60924 9.14515 5.04632 3.44153 6.8227 4.57518 1.57238 1.85496 1.47624 1.12363 0.665918 0.839863 0.571318 0.454778 0.254572
threshold=6.5495174288544069 30.793442280553617 99.750000000000014 14.926117643723609 13.945 19.458298593214483 922.01826415002336 659.61833333333357 0.49500000000000005 0.94007163525184423 926.85000000000002 14.708229563628519 0.89131130605161524 21.358206235570496 16.035000000000007 4.9110251770539461 16.722815650577115 42.133333333333333 10.55083723782484 1.2602500741036691 0.13252687149502121 1016.5500000000001 1.4032595205238219 4.1536087367512939 0.39304915814481739
decision_type=2 2 2 2 2 2 2 2 2 2 2 2 2 2 2 2 2 2 2 2 2 2 2 2 2
left_child=2 18 6 -4 5 19 13 10 -9 -10 11 -8 -12 16 15 -15 17 -1 20 -5 -2 23 -18 -22 -7
right_child=1 -3 3 4 -6 24 7 8 9 -11 12 -13 -14 14 -16 -17 22 -19 -20 -21 21 -23 -24 -25 -26
leaf_value=-0.074748444304353373 -0.017244927325756561 0.0018800296822181436 0.010370894191755789 0.037749614848585022 -0.017402711738793687 0.01648316683025712 -0.070284720749108173 0.032980810919417902 -0.072078911900428644 -0.0091951192163112847 -0.0086092290226331813 0.0077328824249500369 0.0057680653295121218 0.048285036643816323 0.014151241880058913 -0.011005351617116532 -0.060688131862146312 -0.0094829385774375229 -0.097040089657565665 0.00047091487977569832 0.013108021525531118 -0.011881412952363939 0.01456132786925639 0.10064662585213303 -0.094758317628165528
leaf_weight=46.803322553634644 30.191865801811218 137.41426339745522 126.58265593647957 113.00115248560905 73.025321245193481 38.876309603452682 705.68535414338112 101.41498550772667 240.7566439807415 813.10078978538513 2733.8621096014977 1258.3006134033203 5903.0013600289822 414.68768498301506 94.337385714054108 361.4494574368 45.323160827159882 52.925105422735214 50.340829312801361 102.38702034950256 33.432211577892303 30.480036705732346 46.761038511991501 97.392577230930328 60.01771467924118
leaf_count=51 84 88 41 122 55 129 1054 104 246 655 5794 4425 9057 1319 35 789 122 188 141 97 126 77 84 292 164
internal_value=0.000822748 0.0114831 0.000484984 0.00803583 0.00144725 0.00690237 0.000147176 -0.000262291 -0.006189 -0.00893261 0.000344923 -0.00428411 0.00144806 0.00506722 0.00787391 0.00417685 -0.0054045 -0.0141383 0.000609557 0.0141636 0.00607129 0.00904969 0 0.0126411 -0.00467576
internal_weight=13711.6 379.252 13332.3 513.89 387.308 314.282 12818.4 11756.1 1155.27 1053.86 10600.8 1963.99 8636.86 1062.29 870.475 776.137 191.813 99.7284 241.838 215.388 191.497 161.305 92.0842 130.825 98.894
internal_count=25339 808 24531 608 567 512 23923 21335 1005 901 20330 5479 14851 2588 2143 2108 445 239 720 219 579 495 206 418 293
is_linear=0
shrinkage=0.0971646


Tree=134
num_leaves=17
num_cat=0
split_feature=19 28 3 0 49 10 43 2 8 22 28 16 35 2 50 34
split_gain=4.037 3.98026 3.32249 5.94438 4.59795 4.82517 2.86294 4.25136 2.77727 3.07405 2.68728 1.68432 1.6068 1.20573 0.857661 0.103566
threshold=24.868813215897305 3.5562555178307451 0.21500000000000002 -1.0761183782509407 1007.1271214549183 36.615661799306324 24.389545147696637 -0.766658819300159 18.735000000000003 14.526616308509912 3.1261815442544107 27.945000000000004 2.9028039864104103 -0.31027330981670553 1.1805294303603926 26.115833333333338
decision_type=2 2 2 2 2 2 2 2 2 2 2 2 2 2 2 2
left_child=2 12 4 -4 13 15 8 11 9 -5 -9 -8 14 -1 -2 -6
right_child=1 -3 3 6 5 -7 7 10 -10 -11 -12 -13 -14 -15 -16 -17
leaf_value=-0.079460451839832594 0.002451896329592937 0.0064374511458426403 -0.16100870664909733 0.0044458770543467484 -0.031978109955526884 0.019130309095045865 -0.16428548397307371 0.016048591706456197 -0.025004660823451569 -8.2198466715253129e-05 -0.013927975169228944 -0.017663467399882171 -0.0090968990301683334 0.0070952726611566526 0.051788406822111277 0.039202324192087988
leaf_weight=50.733653664588928 71.991694331169128 191.22886809706688 112.80496716499329 3164.0606109499931 33.204927414655685 71.655391544103622 105.77463179826736 112.37188944220543 108.29067066311836 9317.5316661596298 45.613749086856842 53.13303080201149 101.70612242817879 78.830211073160172 60.412467747926712 32.206417858600616
leaf_count=62 117 92 22 3439 97 19 91 272 153 20301 54 187 83 156 110 84
internal_value=0.000773967 0.0101058 0.000440894 0.000186369 0.0111462 0.0234322 0.00041538 -0.00856708 0.000677349 0.000845746 0.000259469 -0.0198202 0 0 0.00834394 0
internal_weight=13711.6 425.339 13286.2 13019.6 266.631 137.067 12906.8 316.893 12589.9 12481.6 157.986 158.908 234.11 129.564 132.404 65.4113
internal_count=25339 402 24937 24519 418 200 24497 604 23893 23740 326 278 310 218 227 181
is_linear=0
shrinkage=0.0971646


Tree=135
num_leaves=25
num_cat=0
split_feature=31 45 18 43 50 18 45 33 15 50 21 24 3 23 23 20 12 41 24 36 39 40 34 36
split_gain=2.61075 4.23373 2.26241 4.38998 2.42901 2.30428 3.90751 3.73555 3.65586 4.4319 3.20139 10.4392 9.5041 8.43173 4.93463 8.68468 3.60822 2.50436 1.61105 0.373997 0.571144 0.665091 0.0220088 0.00274184
threshold=6.5495174288544069 22.399331082573383 99.950000000000017 14.801213925636709 1.3333707771617493 93.15000000000002 14.967617741406713 2.4648362615259658 18.535000000000004 1.1648800163119304 23.940295738515218 24.424275752558895 1.7111817045488085 25.758837843069518 26.042620240242147 24.068553348589582 25.794943501784083 15.136377019244078 19.484374518526998 10.714087296091028 80.952083333333348 17.672523297510864 24.105208333333341 1.6317679573635548
decision_type=2 2 2 2 2 2 2 2 2 2 2 2 2 2 2 2 2 2 2 2 2 2 2 2
left_child=2 19 5 -4 18 10 7 -7 9 -8 14 13 -13 -12 16 -16 -1 -10 -5 20 21 -2 -22 -20
right_child=1 -3 3 4 -6 6 8 -9 17 -11 11 12 -14 -15 15 -17 -18 -19 23 -21 22 -23 -24 -25
leaf_value=-0.0017046715507108541 0.11557406835974485 0.0010894300006492857 0.018501110101468862 0.027412711553621731 -0.0036578452119907299 0.03979226020764004 -0.071931870301190567 -0.04225849642132172 0.00073292437780398485 -0.002435830472730726 0.048099902484483537 0.01709578749305854 -0.012868379098756561 0.016540217109130586 -0.022871499345766828 0.031793868790665113 0.0096654615533737741 -0.015619989231092136 -0.098624988006891887 -0.049487664908199683 -0.01486617078438888 -0.010718973227563095 0.058371033690136194 0.049543883846456929
leaf_weight=4693.978817731142 53.620080918073654 148.33688974380493 105.79062008857727 128.71939587593079 139.41362798213959 162.58040082454681 128.95694324374199 174.88390609622002 47.240462392568588 126.14560109376907 221.8352937400341 520.13278234004974 228.10223439335823 229.11962360143661 808.98516625165939 287.01889890432358 3785.3061067163944 1480.4828128814697 32.103345483541489 65.069894373416901 41.3818479180336 39.39124208688736 31.451828986406326 31.503146559000015
leaf_count=9853 165 142 28 130 146 90 103 119 29 76 508 902 115 111 310 160 6802 4854 96 170 98 122 111 99
internal_value=0.000889347 0.0088946 0.000627677 0.00752607 0.000608096 0.000358825 -0.00251224 0.00654032 -0.00447284 -0.0154929 0.000963954 0.00571312 -0.000799045 0.0173921 0.00032302 -0.0057392 0.00115867 -0.00232712 0.00873884 0 0.00301425 0.00849342 0 0
internal_weight=13711.6 379.252 13332.3 437.53 331.74 12894.8 2120.29 337.464 1782.83 255.103 10774.5 1199.19 748.235 450.955 9575.29 1096 8479.28 1527.72 192.326 230.915 165.845 93.0113 72.8337 63.6065
internal_count=25339 808 24531 499 471 24032 5271 209 5062 179 18761 1636 1017 619 17125 470 16655 4883 325 666 496 287 209 195
is_linear=0
shrinkage=0.0971646


Tree=136
num_leaves=33
num_cat=0
split_feature=6 16 31 17 47 3 0 4 16 9 48 0 3 40 38 8 46 34 9 22 18 1 27 38 18 2 32 34 20 18 38 28
split_gain=3.39408 5.69888 4.30808 7.30853 4.91618 6.30303 5.75276 4.59967 4.25947 5.29089 4.23584 10.6119 3.57175 3.28559 2.9233 2.64122 4.67133 3.17451 2.9075 2.57895 2.02896 1.58247 1.00984 0.835892 0.706829 0.680179 0.854441 0.626398 0.243841 0.188501 0.42829 0.146195
threshold=0.78328899007305186 21.945000000000004 6.4529255831632275 30.793442280553617 1.1983333333332957 1.9143679896855039 0.57423990924428969 1009.0243344772399 18.255000000000006 3.3675067985182356 1005.8047236426189 -0.2589134382064528 1.1850000000000003 17.766091654587431 7.0297392969922088 14.055000000000001 1.6917788852033597 19.472291666666671 -0.63467164398529075 15.742696347064612 92.550000000000011 0.72654786141967487 4.1141597863106876 7.7207856013155682 60.535554999502047 -0.035799243486829127 2.2917755125538819 23.787708333333335 14.730662014947937 89.550000000000011 17.048165945286609 5.1456576630566895
decision_type=2 2 2 2 2 2 2 2 2 2 2 2 2 2 2 2 2 2 2 2 2 2 2 2 2 2 2 2 2 2 2 2
left_child=2 12 4 25 5 8 10 14 -1 -10 13 -12 -2 -6 -8 16 18 -18 20 -20 -3 29 24 -9 -23 -4 27 -27 -24 30 -17 -28
right_child=1 15 3 -5 6 -7 7 23 9 -11 11 -13 -14 -15 -16 21 17 -19 19 -21 -22 22 28 -25 -26 26 31 -29 -30 -31 -32 -33
leaf_value=0.022523728152484084 -0.10538165699057303 0.14291988662092089 -0.081557486751808239 0.00299981414157241 0.013484470339765157 0.011618055981335463 -0.040736651448494074 0.11508987141331402 0.0077422958257328785 -0.012238913050640931 -0.023583884446439458 0.0034165510075105121 -0.0054177370651238167 -0.0041041670929799446 -0.13927850549463874 0.17558549665547407 0.14840570500334968 0.052323208436219307 -0.098278353016722983 -0.0083216533556773591 -0.0038798284326563358 -0.091934855059682394 -0.25694326098230746 -0.082677476308202213 -0.22040366085885349 0.0013139820035117935 -0.1211631248256102 0.1262273057848535 0.21490138302443934 -0.098768845023606167 -0.044745767624998954 0.015308013068665286
leaf_weight=185.14379435777664 131.11550259590149 314.07924297451973 34.501615434885025 172.15016052126884 2812.4560343325138 219.58240187168121 590.78108081221581 192.80972927808762 2264.9803362488747 541.94645085930824 1481.2144130766392 1831.0419409275055 99.349668383598328 791.52657386660576 246.95084938406944 72.261980652809143 53.502462685108185 61.56636244058609 126.81193807721138 404.40122064948082 453.7144800722599 44.556385695934296 34.956938415765762 93.802105903625488 102.04321801662445 62.297779589891434 34.239757776260376 79.737670093774796 30.958341032266617 49.453690528869629 64.020487487316132 33.596356183290482
leaf_count=46 130 979 83 109 5341 144 1757 615 4449 313 2233 1826 99 1850 530 151 23 162 113 1261 1507 120 99 287 229 133 111 259 104 97 89 90
internal_value=0.00107277 -0.0024939 0.00173421 0.0115385 0.00133039 0.00454258 0 -0.00638925 0.00319576 0.0020713 0.00109462 -0.00132112 -0.0168418 0.00343237 -0.0101505 -0.000409423 0.00130931 0.0198512 -4.74004e-05 -0.00586521 0.00343129 -0.0075398 -0.0132349 0.00312222 -0.0177784 0 0.00276402 0.00803859 0 0 0.000883398 -0.0021283
internal_weight=13711.6 2042.79 11668.8 416.523 11252.2 3211.65 8040.58 1124.34 2992.07 2806.93 6916.24 3312.26 230.465 3603.98 837.732 1812.33 1414.08 115.069 1299.01 531.213 767.794 398.251 212.515 286.612 146.6 244.373 209.872 142.035 65.9153 185.736 136.282 67.8361
internal_count=25339 5163 20176 785 19391 4952 14439 3189 4808 4762 11250 4059 229 7191 2287 4934 4045 185 3860 1374 2486 889 552 902 349 676 593 392 203 337 240 201
is_linear=0
shrinkage=0.0971646


Tree=137
num_leaves=14
num_cat=0
split_feature=13 16 44 3 46 29 0 27 30 21 35 48 42
split_gain=3.9326 5.49084 2.96088 4.81313 3.62843 8.20977 5.0476 2.83863 3.9579 2.6181 1.68677 1.72138 1.05766
threshold=39.897073167965765 26.840275784688654 0.16174535676323634 1.5325238585493219 0.35133415172895022 4.3005078291950234 -1.222402081551369 0.059373626472059231 30.944507234881453 23.940295738515218 2.1808097431345863 1007.6155773151835 0.22494930623162576
decision_type=2 2 2 2 2 2 2 2 2 2 2 2 2
left_child=2 -2 3 -1 5 10 -6 8 -8 -9 12 -12 -4
right_child=1 -3 4 -5 6 -7 7 9 -10 -11 11 -13 -14
leaf_value=8.0002513591546689e-05 0.0042630262598152002 -0.0056565004495584418 -0.0022581601793058362 -0.040549644467420494 -0.3455556901903396 0.025261676331998544 -0.018458638505219341 0.0010510811120588279 -0.22609311312646732 0.020795506197025197 0.077391670497279769 -0.070600716282539069 -0.22549912048023207
leaf_weight=146.3005758523941 350.00585615634918 303.22870433330536 70.679368495941162 153.35118800401688 61.453997850418091 208.26749110221863 894.12761962413788 10339.103721857071 38.441364526748657 947.13703781366348 58.202593386173248 66.17735168337822 75.074099540710449
leaf_count=158 117 75 198 67 12 112 2709 19423 9 2070 90 141 158
internal_value=0.001334 0.0087531 0.000928267 -0.0084003 0.00118272 0.00954377 0.000820008 0.000996491 -0.00402866 0.00145048 -0.000154507 0.00630211 -0.00854907
internal_weight=13711.6 653.235 13058.3 299.652 12758.7 478.401 12280.3 12218.8 932.569 11286.2 270.133 124.38 145.753
internal_count=25339 192 25147 225 24922 699 24223 24211 2718 21493 587 231 356
is_linear=0
shrinkage=0.0971646


Tree=138
num_leaves=23
num_cat=0
split_feature=5 10 34 17 45 40 8 45 14 18 21 2 44 41 30 14 16 6 36 38 46 18
split_gain=4.94036 5.40982 4.0483 5.52144 7.77788 6.37387 3.30005 4.8743 4.52162 4.39412 3.29216 2.82038 6.98012 4.49885 2.33321 3.65807 2.77497 1.4744 1.73495 1.07975 1.45042 0.706627
threshold=-0.9071951158646151 38.197406056935115 31.185416666666672 35.084355954512603 21.104470910658858 15.941334646808167 16.615000000000006 13.585789816517179 15.915000000000001 91.350000000000009 16.130776557992291 0.96897393274411414 1.1247149326633874 10.312465414106756 30.783040334360773 29.085000000000004 25.231135787410036 0.048189044606939797 2.7772888354831258 14.06237992934539 0.48572039384382165 75.450000000000017
decision_type=2 2 2 2 2 2 2 2 2 2 2 2 2 2 2 2 2 2 2 2 2 2
left_child=1 14 3 6 5 -5 11 8 -8 -9 -7 13 -13 -2 15 19 -16 18 -17 20 -1 -21
right_child=2 -3 -4 4 -6 10 7 9 -10 -11 -12 12 -14 -15 16 17 -18 -19 -20 21 -22 -23
leaf_value=-0.1252041364347429 0.018437287961335758 0.012057640460287429 -0.033037613393806044 -0.019452432674756846 0.028260005236838175 0.052836210432903749 0.008863517588097029 0.39870835919083458 -0.084985799315869331 -0.078580177356951927 -0.0017562544798127835 0.0031701162698269223 -0.029610395257507312 -0.00059446181545187845 -0.10122439571846473 0.012524861879817427 0.0023107607848630034 -0.043877159108812437 0.18675451441768945 0.00053438261947171039 0.065011479374616959 -0.18000655121519768
leaf_weight=53.103598892688751 220.86259958148003 343.79810452461243 246.14880806207657 275.20098373293877 248.98014396429062 137.68894377350807 203.34459936618805 201.26886183023453 367.02061656117439 61.306889325380325 187.0392969250679 960.41534832119942 630.5457498729229 8725.6857826411724 147.44714376330376 64.924134314060211 141.60001239180565 54.984324544668198 226.45207065343857 156.69186249375343 271.14165499806404 111.51942047476768
leaf_count=138 213 178 174 145 100 87 112 326 846 58 124 1268 567 18416 150 176 152 141 487 510 931 374
internal_value=0.000700767 0.00583061 1.85178e-05 0.000302573 0.00786252 0.00107857 -0.000226252 0.00559291 0 0.0164844 0.0108661 -0.000728178 -0.00449565 -9.24223e-06 0.00238582 0.00496029 -0.0044798 0.0128523 0.0155987 0 0.00405047 -0.00421785
internal_weight=14037.2 1571.66 12465.5 12219.4 848.909 599.929 11370.5 832.941 570.365 262.576 324.728 10537.5 1590.96 8946.55 1227.86 938.817 289.047 346.361 291.376 592.457 324.245 268.211
internal_count=25673 3237 22436 22262 456 356 21806 1342 958 384 211 20464 1835 18629 3059 2757 302 804 663 1953 1069 884
is_linear=0
shrinkage=0.0971646


Tree=139
num_leaves=26
num_cat=0
split_feature=18 3 21 20 35 48 7 21 21 31 3 8 8 35 21 45 37 44 7 9 27 19 34 20 12
split_gain=3.82453 5.43999 7.22364 4.75628 5.19659 5.46641 6.85502 5.40477 5.35737 4.84049 3.32789 3.23778 3.07276 3.08433 9.87982 5.11622 3.03338 2.98581 2.98133 3.57964 2.90481 2.65488 1.76988 1.47382 2.65272
threshold=56.250000000000007 2.4350000000000005 23.831016679463577 23.829399299583951 3.2039749992773232 1009.0040728394991 9.9036100307231205 21.135705712075744 22.813132240648507 5.2063297035156966 1.2327306329702694 16.615000000000006 15.095000000000002 4.741002490988504 15.541503805188968 14.142939798123168 55.891666666666673 1.0068684460236683 7.7200000000000006 3.3675067985182356 1.3847301091199677 22.101053067347269 21.312708333333337 8.6207324282256277 28.40049353993059
decision_type=2 2 2 2 2 2 2 2 2 2 2 2 2 2 2 2 2 2 2 2 2 2 2 2 2
left_child=3 11 21 4 10 6 8 17 -6 -8 -1 12 13 15 -15 -2 23 -7 -14 -20 -18 -3 -22 -13 -25
right_child=1 2 -4 -5 5 7 9 -9 -10 -11 -12 16 18 14 -16 -17 20 -19 19 -21 22 -23 -24 24 -26
leaf_value=-0.0089927500135645339 -0.02183778549467608 -0.45746466583173606 -0.23853482753317154 0.0027576363538255638 -0.013742581208592407 -0.041626211330974626 0.0051459940800997568 0.081370682591160551 -0.11215127950323391 -0.014941732748976757 0.0070799601774999442 0.17935934704514292 0.048191408581093324 0.043647229116259435 -0.0069432266000387221 0.0013046568282115024 -0.020688318355216385 0.13923301442708241 -0.01950656572723266 -0.080026458719729493 0.078513270764905635 0.088360698921818193 0.042296246779013467 -0.14159306499648808 0.006184918769272808
leaf_weight=101.22006484866142 906.92178010940552 50.46107542514801 121.0347343981266 204.10200151801109 401.59760582447052 188.86419343948364 1247.039570838213 98.096160382032394 173.14110627770424 389.96806344389915 205.7890776693821 66.37396103143692 63.160288065671921 419.93237081170082 316.77499213814735 7687.5356873571873 106.91175556182861 173.43435016274452 445.26942333579063 142.01821705698967 117.24525529146194 58.042474389076233 156.22767436504364 68.606158345937729 127.40290892124176
leaf_count=156 517 126 45 86 819 429 1767 73 84 358 164 71 105 513 554 17700 137 426 818 69 58 57 176 110 255
internal_value=0.000882436 0 -0.0146875 0.00384233 0.00268076 0.0011238 -0.000706092 0.0107832 -0.00995094 0.00229176 0.0147135 0.000335206 -5.38551e-05 0.000353866 0.00638671 -0.000115677 0.00700997 0.00382567 -0.00653073 -0.00910872 0.0125486 0 0.01782 0 -0.00526374
internal_weight=14037.2 10853.9 229.538 3183.25 2979.15 2672.14 2211.75 460.395 574.739 1637.01 307.009 10624.4 9981.61 9331.16 736.707 8594.46 642.768 362.299 650.448 587.288 380.385 108.504 273.473 262.383 196.009
internal_count=25673 21311 228 4362 4276 3956 3028 928 903 2125 320 21083 20276 19284 1067 18217 807 855 992 887 371 183 234 436 365
is_linear=0
shrinkage=0.0971646


Tree=140
num_leaves=31
num_cat=0
split_feature=18 20 43 21 46 30 1 23 2 30 1 40 9 27 42 49 14 31 31 1 16 1 1 40 32 40 26 42 1 32
split_gain=3.86415 4.76418 6.28234 5.94629 5.15201 6.55622 3.09421 3.49234 3.27952 7.42775 6.51395 6.28146 5.29183 7.57949 4.19418 3.7109 3.45115 3.33557 2.66247 4.56131 3.28479 1.51753 1.35013 1.201 1.25303 1.10163 0.922625 0.831557 0.32253 0.130603
threshold=56.250000000000007 23.829399299583951 23.841915087896883 23.66858150619893 0.32765725037731064 34.024942093674163 0.92263100495486405 25.140092562647478 -0.62986971684323911 30.023523280594429 -0.71639006612811107 13.187663728150776 2.0938502355748079 0.33489704646329743 0.14829312973708633 1011.1116423140755 28.943234293226517 4.3505244162539336 4.9436259313568103 1.0000000180025095e-35 21.945000000000004 0.9821165111257959 0.99373737808068319 16.377299595080835 1.6412662771361741 15.031676391814875 19.35639871627485 0.32432531981480478 0.99865756837029906 1.5049613711942509
decision_type=2 2 2 2 2 2 2 2 2 2 2 2 2 2 2 2 2 2 2 2 2 2 2 2 2 2 2 2 2 2
left_child=1 2 3 4 -1 -6 8 21 10 18 11 29 16 -14 17 -16 -11 -12 20 -20 -10 23 27 24 -8 -13 -25 -23 -24 -2
right_child=6 -3 -4 -5 5 -7 7 -9 9 12 14 25 13 -15 15 -17 -18 -19 19 -21 -22 22 28 26 -26 -27 -28 -29 -30 -31
leaf_value=0.010538912567503658 -0.056426137423454779 0.0024896916729132204 -0.066353602709026197 0.031553421052437976 0.0039025162307443615 -0.057287843175955963 0.18155961532309325 -0.21760995369321454 -0.0017382962726608818 0.021502096371661113 0.0005828971062802489 0.053140577572590296 -0.02598877058179282 0.029950985666949582 -0.0072364705576458705 0.025040139493311051 0.078190134625863134 0.13157522263461913 -2.6041104723763475e-05 -0.10474190445445869 0.0084348295979921155 -0.078971045367739204 0.15612795639127913 0.046081934099824008 -0.037181756934090406 -0.076595741881918977 -0.30939629719162309 -0.37849446341302279 -0.17774941158873656 -0.12763211690046131
leaf_weight=124.15079808235168 80.699311196804047 204.10200151801109 66.540565758943558 71.952739328145981 2540.8175351321697 175.68855458498001 75.571157962083817 60.56520888209343 1721.335187792778 181.71336290240288 154.23259603977203 32.207835525274277 186.48455989360809 189.76990529894829 2266.5222824215889 48.767183810472488 205.99235114455223 139.02683857083321 1599.5335594117641 500.20826295018196 2806.960240393877 37.703875124454498 62.600823044776917 85.247662216424942 52.726912260055542 29.423975110054016 65.073970139026642 79.375808835029602 52.953902035951614 139.22198364138603
leaf_count=39 172 86 16 38 4125 58 229 27 2489 515 323 76 88 232 5376 32 142 341 4273 1056 4450 110 201 238 159 114 220 222 165 61
internal_value=0.000857034 0.00383226 0.00267 0.0034851 0.00260482 0.00153856 0 -0.00695358 0.000371356 0.00149193 -0.00234579 -0.0163761 0.0105671 0.0010837 -0.000650939 -0.00219361 0.0185991 0.00998684 0.000377241 -0.00239616 0.00175816 -0.00330145 -0.00919572 0.000150243 0.00823388 0.00570652 -0.0039919 -0.0164949 0 -0.0244725
internal_weight=14037.2 3183.25 2979.15 2912.61 2840.66 2716.51 10853.9 571.819 10282.1 7392 2890.1 281.553 763.96 376.254 2608.55 2315.29 387.706 293.259 6628.04 2099.74 4528.3 511.254 232.634 278.62 128.298 61.6318 150.322 117.08 115.555 219.921
internal_count=25673 4362 4276 4260 4222 4183 21311 1571 19740 13245 6495 423 977 320 6072 5408 657 664 12268 5329 6939 1544 698 846 388 190 458 332 366 233
is_linear=0
shrinkage=0.0971646


Tree=141
num_leaves=28
num_cat=0
split_feature=30 9 2 42 44 40 44 44 16 43 30 36 3 33 14 45 9 21 44 36 22 40 13 5 29 43 18
split_gain=4.58848 13.523 8.16601 6.76205 5.797 5.12778 4.43418 4.2888 6.04171 4.05389 4.40653 5.08913 6.34431 4.73071 3.50493 3.21941 2.96508 5.02919 4.48853 3.15681 2.86707 3.54307 3.27323 2.52018 1.8975 1.39205 0.540544
threshold=32.374060118326817 0.94166357714700066 -0.99049576193482802 0.446859256380019 0.43546155593701946 12.78136202802901 0.27814222808817185 0.52518152485830649 26.525000000000002 24.747580705158324 31.537760972727991 5.5842785224738902 1.3441359010203804 2.8351010751006398 32.175000000000004 23.380858244566006 3.6108972423827717 13.680619665997858 1.2885418100989627 2.6088630967229576 14.526616308509912 14.144818723609626 37.054356575786763 -0.54302575450528356 3.8526188070796663 23.638398513656433 60.535554999502047
decision_type=2 2 2 2 2 2 2 2 2 2 2 2 2 2 2 2 2 2 2 2 2 2 2 2 2 2 2
left_child=9 3 -3 23 5 6 -4 -6 -9 10 16 14 15 -14 25 -13 20 18 -18 -19 21 -1 -22 -2 26 -12 -25
right_child=1 2 4 -5 7 -7 -8 8 -10 -11 11 12 13 -15 -16 -17 17 19 -20 -21 22 -23 -24 24 -26 -27 -28
leaf_value=0.30460221464199499 -0.23740387434926385 0.051269981845457745 0.0072411326511062192 0.0051257104857388922 0.036069995525170671 -0.015988343387599472 -0.0094749917240946422 0.023586843448217668 -0.0051442300377292222 0.017689572001504814 -0.085379317212014971 -0.088304837274778183 -0.0097453559542376288 -0.046726704237707944 0.12848722777102237 0.0070087969392236861 -0.0090501694767563395 -0.019789070223200318 0.010720937133581519 -0.0093309666223441636 -0.0003141173763860645 0.0041283977966207527 0.015171960260291927 -0.16773637022504009 0.001167818868009089 0.019412853407027506 -0.037528628081842423
leaf_weight=150.39985266327858 135.6011016368866 152.60590291023254 147.36028423905373 145.17240712046623 174.74531298875809 263.60680869221687 138.26188385486603 145.95407691597939 236.93867099285126 86.227972686290741 90.025690466165543 87.789653748273849 122.92811504006386 270.50263956189156 114.31474241614342 110.40816935896873 371.71455830335617 243.54544550180435 283.1249902844429 386.34491857886314 7217.1531344056129 2226.1634207963943 456.0771307349205 68.74945729970932 86.388273119926453 63.181000232696533 61.885336458683014
leaf_count=237 78 117 75 137 146 140 113 73 290 148 206 121 162 130 75 88 156 120 105 361 18861 2979 301 46 66 197 145
internal_value=0.00100027 0.00565411 0.0111435 -0.00736604 0.00767858 0 0.00952387 0.0146404 0.00720944 0.000298331 0.000112087 -0.00654058 -0.0117331 -0.018907 0.003368 0.000456048 0.000655593 -0.00365145 0.00177076 -0.00994438 0.00124957 0.00421027 0.000275694 -0.0150586 -0.00571309 -0.00412623 -0.013644
internal_weight=14037.2 1757.27 1259.47 497.797 1106.87 549.229 285.622 557.638 382.893 12279.9 12193.7 859.15 591.629 393.431 267.521 198.198 11334.5 1284.73 654.84 629.89 10049.8 2376.56 7673.23 352.624 217.023 153.207 130.635
internal_count=25673 1426 954 472 837 328 188 509 363 24247 24099 979 501 292 478 209 23120 742 261 481 22378 3216 19162 335 257 403 191
is_linear=0
shrinkage=0.0971646


Tree=142
num_leaves=14
num_cat=0
split_feature=34 26 37 46 18 43 3 21 41 19 26 15 28
split_gain=4.35297 5.41698 7.27945 3.81346 3.43594 4.4847 3.8351 4.31284 3.81295 3.55283 2.90638 2.63047 1.09287
threshold=31.185416666666672 26.744723422701593 78.370833333333351 0.70342392435402556 56.250000000000007 23.161230362989361 2.4350000000000005 23.831016679463577 22.825272131203644 22.031870973666937 26.444536322492173 16.305000000000003 1.9958557095605916
decision_type=2 2 2 2 2 2 2 2 2 2 2 2 2
left_child=1 4 -3 -2 5 8 10 12 9 -1 11 -6 -8
right_child=3 2 -4 -5 6 -7 7 -9 -10 -11 -12 -13 -14
leaf_value=0.0031642223271293349 -0.0045114747001692825 0.030561735837761644 -0.0028892738161273007 -0.036574410023086257 -0.0035040562245612157 0.0071437668696483405 -0.39420852159516073 -0.20557931924210213 -0.034042818710902215 0.0082367946200923511 -0.010651921938878721 0.0030131512809161431 0.13860220810587276
leaf_weight=2253.7985221147537 128.0076385140419 243.52869248390198 330.69401142001152 179.98157384991646 1088.3481784164906 213.89277371764183 49.405598610639572 99.362179905176163 82.480551838874817 156.52062880992889 331.22201490402222 8829.5784941017628 50.350092321634293
leaf_count=3903 59 79 121 150 712 114 78 40 37 108 160 20012 100
internal_value=0.000612071 0.000898088 0.0101474 -0.010651 0.000459693 0.00355595 -0.000302372 -0.0135596 0.00218947 0.0030526 0 0.000259232 0
internal_weight=14037.2 13729.2 574.223 307.989 13155 2706.69 10448.3 199.118 2492.8 2410.32 10249.1 9917.93 99.7557
internal_count=25673 25464 200 209 25264 4162 21102 218 4048 4011 20884 20724 178
is_linear=0
shrinkage=0.0971646


Tree=143
num_leaves=25
num_cat=0
split_feature=18 3 44 5 46 44 41 32 40 0 22 11 10 46 10 32 36 0 46 49 44 6 32 25
split_gain=3.81422 5.05135 5.0961 4.91313 6.69148 5.06935 7.13719 5.99665 6.34022 3.72368 3.42113 3.05694 5.2838 2.78343 2.94248 1.93388 5.8138 4.80612 3.54083 3.49827 3.02413 1.64507 1.63375 0.0240295
threshold=56.250000000000007 2.4350000000000005 0.3902079715509072 0.32980998372865761 0.32765725037731064 0.42032588231841544 21.470495584016337 1.952848347046434 13.900785542915669 -0.04182797607579259 21.074798289636281 36.293204849562819 38.920567712169436 0.44112244189576233 37.622770884326634 1.6915638719099639 5.2562026540934346 0.49944537339916317 0.29712150532279513 1007.904731552792 1.9038579838015901 0.67143866068920144 1.8702909753549235 20.818697980590354
decision_type=2 2 2 2 2 2 2 2 2 2 2 2 2 2 2 2 2 2 2 2 2 2 2 2
left_child=3 11 -3 4 -1 7 10 -6 -9 -8 -7 15 13 -13 -15 18 21 -18 19 -2 -20 -17 23 -5
right_child=1 2 -4 22 5 6 9 8 -10 -11 -12 12 -14 14 -16 16 17 -19 20 -21 -22 -23 -24 -25
leaf_value=0.010796632963756795 -0.0022332045102146951 0.0095759118860151253 -0.26178448828868789 -0.083672367282178958 0.012137459844501496 0.0075782959552249422 0.019492937508199852 -0.064355684035952848 -0.0011715451299069133 0.0010003501848638804 -0.12253632535702699 0.16583322654570445 -0.0011372387318345763 0.024456231300051891 -0.19144503215960262 -0.081326381995758451 -0.0043088733267844983 0.036875329597106918 2.8440421723405873e-05 0.10149889351044752 -0.010310425064227396 -0.013315480956568601 -0.10035556305163297 0.20986520312084739
leaf_weight=136.77385485172272 60.508648484945297 95.429341107606888 134.10894310474396 44.640338659286499 155.84533220529556 1708.4403003752232 300.92742630839348 168.30953401327133 197.40693056583405 206.01880753040314 116.78410577774048 76.798153251409531 92.806061744689941 287.59586152434349 45.379503518342972 93.277306824922562 2669.0113819241524 641.12742754817009 6236.1896166503429 77.403931677341461 263.82705399394035 80.455525249242783 120.29259058833122 27.812973529100418
leaf_count=43 192 65 163 129 128 3091 181 62 198 113 79 152 32 721 29 85 4556 1277 13449 122 324 144 248 90
internal_value=0.000791629 -3.73336e-05 -0.0142359 0.00374945 0.00482057 0.00362509 0.00564527 -0.00457528 -0.0119026 0.015978 0.00252048 0.000233204 0.00761916 0.00167229 -0.00104929 -9.35343e-05 -0.00198361 -0.000929997 0.00083465 0.0161637 0.000436474 -0.0192868 -0.0105083 0
internal_weight=14037.2 10853.9 229.538 3183.25 2990.51 2853.73 2332.17 521.562 365.716 506.946 1825.22 10624.4 502.58 409.774 332.975 10121.8 3483.87 3310.14 6637.93 137.913 6500.02 173.733 192.746 72.4533
internal_count=25673 21311 228 4362 3895 3852 3464 388 260 294 3170 21083 934 902 750 20149 6062 5833 14087 314 13773 229 467 219
is_linear=0
shrinkage=0.0971646


Tree=144
num_leaves=32
num_cat=0
split_feature=17 4 13 45 15 32 13 50 22 27 27 37 27 0 50 12 1 5 16 13 39 46 39 13 20 33 34 3 44 10 38
split_gain=4.21262 3.83888 5.17789 3.87684 3.82862 9.05473 9.09425 4.00021 4.7296 3.88902 3.73455 3.38928 4.93758 4.45248 3.37869 3.28628 3.27558 3.61973 3.06928 2.46994 3.69946 2.22919 2.19715 2.15971 1.62086 1.45016 1.24423 0.965509 0.903955 0.902588 0.675605
threshold=30.60225603367369 1013.0500000000001 13.400262109397845 14.967617741406713 15.915000000000001 0.94766553378478346 24.491700836394649 0.85067487854112922 13.878304296403558 0.58525186913501159 1.4864394403314911 59.162500000000001 0.63941818880430568 -0.82220589145490697 1.4124816095125332 25.911292161735407 -0.99166813670569331 -0.25234637748379396 25.772592149850475 36.604374338992542 44.991666666666674 1.3430383776742474 80.005866176492219 18.440930405613951 16.784996785431719 3.3397685757946478 21.540208333333339 1.6107771375464095 0.99274799980769191 36.615661799306324 6.3314989303804294
decision_type=2 2 2 2 2 2 2 2 2 2 2 2 2 2 2 2 2 2 2 2 2 2 2 2 2 2 2 2 2 2 2
left_child=1 2 -1 14 5 9 -7 15 -9 -4 11 12 29 18 28 -6 -15 -18 -13 20 -14 22 23 -5 -12 27 -27 -23 -3 -2 -24
right_child=10 3 4 21 7 6 -8 8 -10 -11 24 13 19 16 -16 -17 17 -19 -20 -21 -22 25 30 -25 -26 26 -28 -29 -30 -31 -32
leaf_value=0.045882790837612507 -0.076608914570242687 -0.017347863168619481 -0.0037092639947053281 0.042138548109843812 -0.0029840221530352956 0.027344205416964012 -0.041550302819590802 0.0083459647398321079 -0.021261059197503623 -0.04840130540629841 0.0041473461446509784 0.033458138826808134 -0.0075553011157674949 -0.008768528234872024 0.23420769030722641 0.031223783134822963 0.0094014462393749911 -0.003797230895711733 0.0012203407036623138 -0.019803261132685955 0.034678941842939889 0.017302372514845843 0.036243926993572935 0.053077945114810947 0.017615273859730378 -0.05957600353600985 0.0053088669789075537 -0.011737209823218606 0.15140057343031055 -0.14903237951809239 -0.0046313229074105436
leaf_weight=112.11537566781044 68.437286168336868 61.646510690450668 227.12592986226082 225.27516573667526 1519.9254140555859 132.37455922365189 250.47597166895866 1191.8627974689007 3740.8246400952339 251.93761718273163 111.81959307193756 164.60070124268532 128.27231070399284 194.60642638802528 102.55719569325447 1058.9059225916862 1892.4698396325111 523.64385461807251 118.58998382091522 256.08002233505249 192.51142203807831 179.36430665850639 122.09472280740738 272.3658858537674 158.45812213420868 143.76299402117729 69.111501157283783 77.082864016294479 64.253002554178238 77.267415285110474 330.04278913140297
leaf_count=113 159 98 111 237 4083 83 417 1339 9670 76 93 159 177 66 69 3337 1336 489 71 115 294 342 384 830 113 204 139 89 95 28 783
internal_value=0.00104292 0 -0.00083419 0.00428708 -0.00116331 -0.00731586 0.00289605 -0.000397906 -0.00206777 -0.0163293 0.00376109 0.00278486 -0.00281104 0.00433085 0.0162427 0.00262955 0.0028653 0.00396728 0.0161789 0.000550231 0.00684218 0.00203208 0.00491157 0.00934574 0.0150879 -0.00288589 -0.00901165 0.000599678 0.00159593 -0.0187309 0
internal_weight=14019.9 10133.1 8485.55 1647.56 8373.43 861.914 382.851 7511.52 4932.69 479.064 3886.76 3616.48 722.568 2893.91 228.457 2578.83 2610.72 2416.11 283.191 576.864 320.784 1419.1 949.779 497.641 270.278 469.322 212.874 256.447 125.9 145.705 452.138
internal_count=25599 22499 19229 3270 19116 687 500 18429 11009 187 3100 2894 773 2121 262 7420 1891 1825 230 586 471 3008 2234 1067 206 774 343 431 193 187 1167
is_linear=0
shrinkage=0.0971646


Tree=145
num_leaves=31
num_cat=0
split_feature=49 43 50 42 2 9 39 6 21 40 11 6 28 23 28 13 50 46 0 13 26 44 35 1 50 29 9 30 5 30
split_gain=4.5174 5.71881 5.92052 10.2688 7.32228 7.06239 5.74567 4.36286 4.24393 3.53437 3.1328 3.04872 2.77327 5.96843 5.51934 4.93161 4.21076 5.54756 3.90956 5.96782 3.30201 2.82567 3.9987 4.03969 3.11163 5.98076 5.73697 2.61104 1.73717 0.499907
threshold=1010.3124628521415 23.997863624642957 1.4124816095125332 0.90938621072265047 -0.62986971684323911 -1.8612839236407088 58.184058543005719 0.25881904510252057 23.56292883184906 17.315503125139692 23.465428976010582 -0.70710678118654757 2.6334610542462418 13.56135007199034 4.8185053247649412 13.400262109397845 0.49014372448830673 0.42934481044986078 0.25721663087044072 35.857839953778331 26.028245446356525 0.26618796708057174 2.2191945102659796 0.6254047815183511 0.97174006043864181 1.5201376386396264 0.74932386979731735 30.339605158708732 -0.78092010197563344 23.439663482284868
decision_type=2 2 2 2 2 2 2 2 2 2 2 2 2 2 2 2 2 2 2 2 2 2 2 2 2 2 2 2 2 2
left_child=12 2 4 5 -2 29 -7 9 10 -5 -6 -10 15 -14 18 -1 -16 -18 19 -15 -20 22 27 -24 26 -26 -23 -17 -3 -4
right_child=1 28 3 7 8 6 -8 -9 11 -11 -12 -13 13 14 16 21 17 -19 20 -21 -22 24 23 -25 25 -27 -28 -29 -30 -31
leaf_value=0.051430982703125239 -0.099919269148614126 0.0080658951788287608 -0.044411695451025489 -0.17316361904279268 0.0089670990395801699 -0.01636516374256243 0.066356601000352539 0.0036259008201405636 0.11981299349047581 0.0013243301267371222 -0.02187134683786545 0.019008839893013208 0.0051814975161176913 0.0062968674711589394 0.011147117527436429 0.023504507206933343 -0.020714077011784324 -0.0027973071000472467 0.0043371467816443222 0.0058596558601011119 -0.063045519920666676 0.020982433995339882 0.090845344483503052 -0.11773526192460054 0.0048437568731520882 -0.02778538660521605 -0.028644019876992301 -0.094676254997403064 0.030659037315739521 0.031012518233507265
leaf_weight=93.76867002248764 101.41194808483124 129.0901894569397 76.849246501922607 119.66620030999184 931.10262036323547 108.34889358282089 631.17438820004463 91.253374308347702 59.578362226486206 79.037883222103119 865.01419815421104 72.092395573854446 65.684856384992599 966.38510310649872 145.37493231892586 107.19287520647049 151.01758736371994 499.20426663756371 687.4159332215786 815.00303635001183 125.20465785264969 1911.1721960604191 264.17564812302589 85.752865552902222 889.98768901824951 2894.3621917963028 774.71454778313637 50.099984377622604 129.86001861095428 98.865383803844452
leaf_count=97 76 87 171 144 1825 86 797 92 35 76 1890 258 15 2637 127 284 44 576 1510 387 65 5770 387 111 770 5614 1261 52 102 253
internal_value=0.0012398 0.00427223 0.00299217 0.00838173 -6.49013e-06 0.0135788 0.017805 -0.00653699 0.00113822 -0.0153653 0 0.0177788 0.000191992 0.00247965 0.0017696 -0.000866103 -0.00506444 -0.00874042 0.00403339 0.00661787 -0.00111246 -0.00122555 0.00553489 0.011721 -0.00182376 -0.00363464 0.000570217 -0.00552676 0.018414 -0.00182006
internal_weight=14019.9 3493.35 3234.39 1205.2 2029.2 915.238 739.523 289.957 1927.79 198.704 1796.12 131.671 10526.5 3455.29 3389.61 7071.23 795.597 650.222 2594.01 1781.39 812.621 6977.46 507.221 349.929 6470.24 3784.35 2685.89 157.293 258.95 175.715
internal_count=25599 5892 5703 1619 4084 1307 883 312 4008 220 3715 293 19707 5361 5346 14346 747 620 4599 3024 1575 14249 834 498 13415 6384 7031 336 189 424
is_linear=0
shrinkage=0.0971646


Tree=146
num_leaves=36
num_cat=0
split_feature=10 6 33 39 43 42 15 42 41 4 39 2 35 49 31 42 5 19 22 2 19 35 46 1 50 37 9 4 46 37 3 42 22 50 39
split_gain=3.40727 7.04304 6.61239 5.27538 6.76906 4.99926 4.58795 3.9369 5.4707 3.18776 3.15357 3.51456 2.80616 2.75563 2.48941 3.34134 6.48463 3.33633 5.52051 4.18974 2.48914 3.79698 3.3151 3.60696 2.27975 2.08259 2.05108 1.99223 1.71098 1.61641 1.57025 1.45954 1.39545 1.27192 0.92097
threshold=36.232523115102651 -0.64842082933913747 2.5377473754720898 81.139583333333348 23.40853504443368 0.19315543362089796 24.895000000000003 0.68830161790693489 22.75278989751293 1014.0500000000001 75.927083333333343 0.94415253529446119 4.9963644021429188 1009.1001973138279 4.906682135024842 1.2072712464655553 0.60079734880831859 16.279929466803008 14.096703376725836 -0.7553174537463252 18.780872921142741 2.940893012912674 2.1174156012761984 0.098819223632317002 1.4936306194066573 87.779166666666669 0.17481476453940739 927.25000000000011 1.2940364248616729 92.570833333333354 1.2523590948986023 0.38129005598592675 19.572697448980573 1.202343457549506 72.918750000000017
decision_type=2 2 2 2 2 2 2 2 2 2 2 2 2 2 2 2 2 2 2 2 2 2 2 2 2 2 2 2 2 2 2 2 2 2 2
left_child=9 2 -2 4 7 -4 -7 8 -3 14 11 24 25 -8 15 17 27 18 -1 -19 22 26 23 -16 34 33 -22 -17 -13 -27 -14 -6 -23 -12 -11
right_child=1 3 5 -5 31 6 13 -9 -10 10 12 28 30 -15 20 16 -18 19 -20 -21 21 32 -24 -25 -26 29 -28 -29 -30 -31 -32 -33 -34 -35 -36
leaf_value=0.0020167016340969326 0.016779271075491299 0.02327207410844067 -0.014665995900386237 -0.018580818119371054 0.066336026345278173 -0.0015269758854925197 0.0087820831942734857 -0.039818257497764215 -0.043640620761695115 0.03003611092388515 -0.056022197733834538 0.27089636550461632 0.024761309824245546 0.0012175641179190558 0.0085463794513310053 0.085670840002753365 0.011192694980867526 -0.0091488778589034654 -0.052420507046776088 0.027533262495680617 -0.022898005339302734 0.084965615755681928 0.099385329919305362 -0.12689583635185836 0.13325349745227921 0.017565157436597142 -0.13320598024934732 -0.021601821787811618 0.006334148192635173 0.0062286084479877624 -0.028396019216105184 0.0038945620134293642 0.0042469236653869969 0.0080116921436034667 -0.11925623931071121
leaf_weight=2139.8122166097164 316.07387319207191 256.09423685073853 274.36532983183861 309.15059998631477 172.55025905370712 396.82429006695747 492.04992166161537 194.63294246792793 150.75013834238052 155.15584209561348 154.91036087274551 103.1053030192852 55.213652223348618 332.76289367675781 164.19321152567863 296.0686893761158 93.738126933574677 1201.4576933681965 820.96070143580437 1941.2670625448227 585.32176348567009 206.69273787736893 87.001662611961365 343.94545090198517 90.903922826051712 184.44152399897575 184.48891320824623 256.53883624076843 71.389254480600357 172.20024263858795 70.355879783630371 187.79708787798882 1285.5077789723873 218.0337011218071 54.106042414903641
leaf_count=2114 139 179 91 159 95 156 191 125 72 360 394 121 111 125 425 719 32 3222 1270 5349 2030 644 175 785 160 355 444 567 87 385 90 93 3874 386 75
internal_value=0.00128353 0.00415196 0.00806791 -0.00110204 0.00207997 0.00496944 0.00778756 -0.003689 0.000804716 0.000435004 0.00489824 0.011318 0.000810508 0.0119181 -0.000139735 0.000830525 0.00746493 5.47486e-05 -0.00221184 0.00232584 -0.00257958 -0.000889552 -0.00825291 -0.0115834 0.00314056 0.00358709 -0.00654156 0.00253343 0.0226895 0.00898069 -0.01171 0.0128347 0.00174813 -0.000466145 -0.000639142
internal_weight=14019.9 3083.05 1812.08 1270.98 961.825 1496 1221.64 601.477 406.844 10936.8 1329.82 474.66 855.155 824.813 9606.99 6749.84 646.346 6103.5 2960.77 3142.72 2857.15 2262.01 595.14 508.139 300.166 729.586 769.811 552.608 174.495 356.642 125.57 360.347 1492.2 372.944 209.262
internal_count=25599 1425 702 723 564 563 472 376 251 24174 2524 803 1721 316 21650 13273 1318 11955 3384 8571 8377 6992 1385 1210 595 1520 2474 1286 208 740 201 188 4518 780 435
is_linear=0
shrinkage=0.0971646


Tree=147
num_leaves=24
num_cat=0
split_feature=17 29 37 38 2 28 3 36 13 31 13 23 44 43 18 5 6 48 46 18 12 44 21
split_gain=4.65342 5.99869 5.07132 5.50549 4.98646 3.77162 3.57822 3.00305 2.91958 3.31774 2.50904 2.494 4.76367 4.97104 6.8515 5.25405 3.27211 4.60297 2.44985 1.91043 3.7326 3.14675 1.47535
threshold=33.165000000000006 4.4998724373909935 71.895833333333357 16.128797413206701 -0.78295110140207591 3.4923701387620691 1.5325238585493219 7.0732359402660165 13.400262109397845 5.2063297035156966 37.592523138694006 25.758837843069518 1.055731645061329 23.841915087896883 70.04191286618169 -0.80685604436945912 -0.97454454254772638 1007.2066017247435 0.64786149113614611 91.750000000000014 25.794943501784083 1.9038579838015901 22.999584680046308
decision_type=2 2 2 2 2 2 2 2 2 2 2 2 2 2 2 2 2 2 2 2 2 2 2
left_child=8 2 3 10 -3 6 7 -6 9 -1 -2 16 13 14 -13 -15 17 22 -19 20 -18 -21 -10
right_child=1 4 -4 -5 5 -7 -8 -9 11 -11 -12 12 -14 15 -16 -17 19 18 -20 21 -22 -23 -24
leaf_value=0.013429325116353258 0.015166951288882478 0.0061368815966755773 0.0011459034416922865 -0.0037959792797853174 -0.0021249284663136373 -0.014538333195645644 -0.021216704399331855 0.018945259488309052 -0.058065591475868608 -0.0015866114156388444 0.012268351547350538 0.010121166005065562 -0.026507310190327853 0.0023317308002869246 -0.035489060033595976 0.034430072822824349 -0.0026423302661061901 -0.061061241959523255 -0.01116211159598667 -0.0054904845695708197 0.023210940776561922 0.015151125981154912 0.078304983886640644
leaf_weight=113.90079438686371 149.75611606240273 324.91581615805626 321.31895795464516 100.55593839287758 174.14169877767563 347.55335757136345 278.75509959459305 145.25468590855598 128.88152411580086 103.04755520820618 219.46169281005859 527.32249331474304 162.59017711877823 331.67534124851227 212.84586083889008 367.92138937115669 3736.9125285148621 188.3742461502552 145.19300997257233 2871.4551419019699 2966.6834630072117 48.318376392126083 53.02687880396843
leaf_count=80 181 136 155 161 128 146 159 88 424 118 81 252 51 275 151 281 8688 149 236 6689 6864 45 61
internal_value=0.00140794 0.00569449 0.0123864 0.0189084 0.00117366 -0.00202159 0.00208108 0.00955154 0.000631973 0.0117925 0.024367 0.000386456 0.00395499 0.00593462 0 0.0117949 -0.000136446 -0.0076812 -0.0146789 0.000225628 0.00116805 -0.00179108 0.00287276
internal_weight=14019.9 2061.71 791.093 469.774 1270.62 945.705 598.151 319.396 11958.1 216.948 369.218 11741.2 1602.36 1439.77 740.168 699.597 10138.8 515.476 333.567 9623.37 6703.6 2919.77 181.908
internal_count=25599 1235 578 423 657 521 375 216 24364 198 262 24166 1010 959 403 556 23156 870 385 22286 15552 6734 485
is_linear=0
shrinkage=0.0971646


Tree=148
num_leaves=29
num_cat=0
split_feature=13 41 23 26 9 29 37 28 20 42 47 9 3 41 40 44 17 23 28 50 11 40 22 45 8 49 44 42
split_gain=3.28494 4.90883 5.8006 8.69606 5.31892 5.28911 4.68032 3.73272 3.09517 2.36897 7.9035 3.05943 5.16678 4.85086 6.18197 3.42808 3.31279 8.40079 6.68999 2.4664 0.866949 0.919757 0.855537 0.877469 0.791442 0.731352 0.181203 0.172067
threshold=33.729456873015167 24.48002406854944 26.444536322492173 26.744723422701593 1.9680467805662618 6.1616611558609913 73.762500000000017 4.6653971650235331 22.811188426285003 1.2524190751490469 1.0000000180025095e-35 3.6108972423827717 1.0715523994459846 10.881631061651587 15.317277054000295 0.87022031782541032 13.385000000000003 13.977561917069472 0.55503541493232478 0.87305671439447707 27.87075415836507 19.474336279609652 14.526616308509912 9.9933656155947563 14.545000000000003 1007.1271214549183 1.9988641061573855 0.26525683335342909
decision_type=2 2 2 2 2 2 2 2 2 2 2 2 2 2 2 2 2 2 2 2 2 2 2 2 2 2 2 2
left_child=9 2 3 5 -3 7 -4 -2 -7 11 -11 16 15 -14 -15 27 -1 18 -18 -19 22 25 23 -12 -24 -22 -23 -13
right_child=1 4 6 -5 -6 8 -8 -9 -10 10 20 12 13 14 -16 -17 17 19 -20 -21 21 26 24 -25 -26 -27 -28 -29
leaf_value=-0.030729624540399347 0.0073222999523283759 0.049738210958848686 0.0042595253076702149 0.031647867795314179 0.0017453949768400979 -0.0027950287960808065 -0.0058861999290372707 -0.0038576432216110238 -0.080022826754263005 0.010233660425158027 -0.076413520196548429 -0.064512604049689726 0.0033641476672448167 0.1276168185292256 -0.049081524467875053 -0.071998648492366341 -0.0020878749495983296 0.012409766352887392 0.023933541442117054 -0.0085807640510178317 0.20857877931604279 -0.20671464745303084 -0.13970794387919613 0.055093735092345331 0.022709296656284145 -0.16615764579420303 0.045030157648436084 0.041747295735207191
leaf_weight=226.57725930213928 2162.257147103548 215.38560947775841 300.53699493408203 228.4933857023716 282.15771189332008 138.52975988388062 420.29812178015709 514.81549695134163 121.28764009475708 111.41184192895889 48.33980605006218 47.474849313497543 405.39349699020386 119.59690016508102 237.03644990921021 233.12948256731033 284.18707156181335 2650.8719269037247 475.75576815009117 4144.09912109375 162.05062359571457 46.620858371257782 116.57934474945068 131.5754109621048 45.145505100488663 27.78357058763504 61.822210103273392 60.648778349161148
leaf_count=115 1858 160 98 86 110 167 124 348 83 48 87 93 123 141 126 171 231 8235 279 11088 528 159 304 303 122 74 187 151
internal_value=0.00119192 0.00340099 0.00209996 0.00397073 0.012637 0.00237561 -0.00550792 0.0037811 -0.0103602 0.000141921 0.00539754 -0.000256172 -0.00506552 -3.0149e-05 -0.00879084 -0.0149717 0.00037258 0.000774606 0.0104567 -0.000249598 0.000502689 0.00479986 -0.00201996 0.000664861 -0.00755507 0.00900136 0 0
internal_weight=14019.9 4383.76 3886.22 3165.38 497.543 2936.89 720.835 2677.07 259.817 9636.1 751.329 8884.77 1103.28 762.027 356.633 341.253 7781.49 7554.91 759.943 6794.97 639.917 298.277 341.64 179.915 161.725 189.834 108.443 108.124
internal_count=25599 3034 2764 2542 270 2456 222 2206 250 22565 1812 20753 805 390 267 415 19948 19833 510 19323 1764 948 816 390 426 602 346 244
is_linear=0
shrinkage=0.0971646


Tree=149
num_leaves=23
num_cat=0
split_feature=50 25 17 12 47 37 30 40 25 49 23 22 14 42 44 17 38 13 9 22 19 46
split_gain=2.60956 3.79342 2.64163 4.69377 4.76588 6.66138 6.10241 4.30123 7.71467 3.15921 6.46663 5.00754 4.74032 4.74078 4.51481 4.49589 4.09452 4.01071 3.39217 3.22819 0.744331 0.675631
threshold=2.6410940983564246 24.340726513848796 32.805000000000007 30.104905611870532 617.30833333333328 78.929166666666688 31.687650106900609 13.571510480343873 22.458686865173284 1010.5025421670172 25.31545537798349 22.035418585600308 32.82500000000001 0.33362274536331488 0.79913960148041696 13.385000000000003 10.01418690626984 13.400262109397845 6.1417196175507707 24.286901774882676 22.998730547381189 0.65810447093576607
decision_type=2 2 2 2 2 2 2 2 2 2 2 2 2 2 2 2 2 2 2 2 2 2
left_child=2 21 9 4 5 6 -4 -6 -9 12 11 15 17 -14 19 -11 -13 -1 -19 -12 -15 -2
right_child=1 -3 3 -5 7 -7 -8 8 -10 10 14 16 13 20 -16 -17 -18 18 -20 -21 -22 -23
leaf_value=0.04085150614290798 0.082928065345064056 -0.15956421167202367 0.013011310877171202 -0.0026273883525908537 -0.017958296021805643 -0.0010624811071541262 0.02847792397472915 0.00034732205546334047 0.088350934920841701 -0.020800459040962786 0.044743443455203105 0.0027578344197195081 -0.0058138054528269747 -0.1051050911560564 -0.0030884009193557055 0.013499400179183094 -0.1393782960599648 -0.0015457460906740622 0.0031492403175044366 0.030675406561565144 -0.13776806028307823 -0.0612383995658786
leaf_weight=107.73201021552086 64.382037043571472 84.256731748580933 257.97534570097923 396.14420387148857 343.9187076985836 201.03031298518181 298.66961285471916 558.96986055374146 179.94045749306679 89.924691796302795 233.95086744427681 246.19183540344238 152.67036226391792 102.85542631149292 169.37885907292366 1912.3335582911968 184.81133505702019 7564.6666686534882 509.06018003821373 145.50161907076836 111.43781772255898 104.05964228510857
leaf_count=105 65 35 350 111 112 118 144 438 87 60 163 790 85 184 127 3798 385 17998 162 85 28 169
internal_value=0.00123362 -0.00825038 0.00144046 0.00453672 0.00669654 0.0127173 0.018224 0.00206718 0.00652983 0.000801827 0.00352802 0.00117846 -0.0001002 -0.0108952 0.0131085 0.00337664 -0.00800283 0.000335666 3.07365e-05 0.0189574 -0.020201 0
internal_weight=14019.9 252.698 13767.2 2236.65 1840.5 757.675 556.645 1082.83 738.91 11530.5 2982.09 2433.26 8548.42 366.964 548.831 2002.26 431.003 8181.46 8073.73 379.452 214.293 168.442
internal_count=25599 269 25330 1360 1249 612 494 637 525 23970 5408 5033 18562 297 375 3858 1175 18265 18160 248 212 234
is_linear=0
shrinkage=0.0971646


end of trees

feature_importances:
rh_lag24h=213
doy_sin=204
local_hour_cos=145
dewpoint_c_lag1h=129
doy_cos=128
pressure_hpa_lag6h=125
rh_roll24h_mean=119
rh_roll24h_std=119
solar_wm2_roll6h_mean=115
wind_ms=109
heat_index_c_lag1h=106
dewpoint_c_lag24h=98
pressure_hpa=91
temp_c_lag1h=91
heat_index_c_roll24h_std=91
heat_index_c_lag24h=87
wind_ms_lag1h=85
dewpoint_c_roll12h_std=84
pressure_hpa_lag1h=78
dewpoint_c_roll24h_mean=76
hi_residual_lag1h=75
temp_c_roll24h_mean=75
heat_index_c_roll12h_std=74
wbgt_stull_c_lag24h=73
dewpoint_c_roll24h_std=73
temp_c_lag12h=72
vpd_kpa_lag12h=72
rh_roll6h_std=71
rh_roll12h_std=65
heat_index_c_roll24h_mean=63
temp_c_roll24h_std=63
temp_range_24h=62
temp_c_lag24h=62
dewpoint_c_lag12h=61
rh_roll12h_mean=59
hour_cos=57
temp_c_lag6h=57
temp_c_roll6h_std=57
wbgt_stull_c_lag1h=56
dewpoint_c_roll6h_std=56
dewpoint_c_roll12h_mean=56
dewpoint_c_roll6h_mean=52
heat_index_c_roll6h_std=50
local_hour_sin=46
wbgt_stull_c_lag12h=42
wbgt_stull_c_lag6h=41
heat_index_c_lag12h=39
temp_c_roll12h_std=37
diurnal_amplitude_12h=35
dewpoint_c_lag6h=34
heat_index_c_lag6h=27

parameters:
[boosting: gbdt]
[objective: quantile]
[metric: quantile]
[tree_learner: serial]
[device_type: cpu]
[data_sample_strategy: bagging]
[data: ]
[valid: ]
[num_iterations: 150]
[learning_rate: 0.0971646]
[num_leaves: 222]
[num_threads: 2]
[seed: 123]
[deterministic: 0]
[force_col_wise: 0]
[force_row_wise: 0]
[histogram_pool_size: -1]
[max_depth: 6]
[min_data_in_leaf: 88]
[min_sum_hessian_in_leaf: 0.0100401]
[bagging_fraction: 0.751669]
[pos_bagging_fraction: 1]
[neg_bagging_fraction: 1]
[bagging_freq: 6]
[bagging_seed: 19053]
[bagging_by_query: 0]
[feature_fraction: 0.798887]
[feature_fraction_bynode: 1]
[feature_fraction_seed: 13104]
[extra_trees: 0]
[extra_seed: 3265]
[early_stopping_round: 0]
[early_stopping_min_delta: 0]
[first_metric_only: 0]
[max_delta_step: 0]
[lambda_l1: 4.39198]
[lambda_l2: 3.00231]
[linear_lambda: 0]
[min_gain_to_split: 0]
[drop_rate: 0.1]
[max_drop: 50]
[skip_drop: 0.5]
[xgboost_dart_mode: 0]
[uniform_drop: 0]
[drop_seed: 23075]
[top_rate: 0.2]
[other_rate: 0.1]
[min_data_per_group: 100]
[max_cat_threshold: 32]
[cat_l2: 10]
[cat_smooth: 10]
[max_cat_to_onehot: 4]
[top_k: 20]
[monotone_constraints: ]
[monotone_constraints_method: basic]
[monotone_penalty: 0]
[feature_contri: ]
[forcedsplits_filename: ]
[refit_decay_rate: 0.9]
[cegb_tradeoff: 1]
[cegb_penalty_split: 0]
[cegb_penalty_feature_lazy: ]
[cegb_penalty_feature_coupled: ]
[path_smooth: 0]
[interaction_constraints: ]
[verbosity: -1]
[saved_feature_importance_type: 0]
[use_quantized_grad: 0]
[num_grad_quant_bins: 4]
[quant_train_renew_leaf: 0]
[stochastic_rounding: 1]
[linear_tree: 0]
[max_bin: 127]
[max_bin_by_feature: ]
[min_data_in_bin: 3]
[bin_construct_sample_cnt: 200000]
[data_random_seed: 440]
[is_enable_sparse: 1]
[enable_bundle: 1]
[use_missing: 1]
[zero_as_missing: 0]
[feature_pre_filter: 1]
[pre_partition: 0]
[two_round: 0]
[header: 0]
[label_column: ]
[weight_column: ]
[group_column: ]
[ignore_column: ]
[categorical_feature: ]
[forcedbins_filename: ]
[precise_float_parser: 0]
[parser_config_file: ]
[objective_seed: 32363]
[num_class: 1]
[is_unbalance: 0]
[scale_pos_weight: 1]
[sigmoid: 1]
[boost_from_average: 1]
[reg_sqrt: 0]
[alpha: 0.5]
[fair_c: 1]
[poisson_max_delta_step: 0.7]
[tweedie_variance_power: 1.5]
[lambdarank_truncation_level: 30]
[lambdarank_norm: 1]
[label_gain: ]
[lambdarank_position_bias_regularization: 0]
[eval_at: ]
[multi_error_top_k: 1]
[auc_mu_weights: ]
[num_machines: 1]
[local_listen_port: 12400]
[time_out: 120]
[machine_list_filename: ]
[machines: ]
[gpu_platform_id: -1]
[gpu_device_id: -1]
[gpu_use_dp: 0]
[num_gpu: 1]

end of parameters

pandas_categorical:[]
