tree
version=v4
num_class=1
num_tree_per_iteration=1
label_index=0
max_feature_idx=50
objective=quantile
feature_names=hour_cos doy_sin doy_cos wind_ms pressure_hpa local_hour_sin local_hour_cos diurnal_amplitude_12h temp_range_24h hi_residual_lag1h heat_index_c_lag1h heat_index_c_lag6h heat_index_c_lag12h heat_index_c_lag24h temp_c_lag1h temp_c_lag6h temp_c_lag12h temp_c_lag24h rh_lag24h dewpoint_c_lag1h dewpoint_c_lag6h dewpoint_c_lag12h dewpoint_c_lag24h wbgt_stull_c_lag1h wbgt_stull_c_lag6h wbgt_stull_c_lag12h wbgt_stull_c_lag24h vpd_kpa_lag12h heat_index_c_roll6h_std heat_index_c_roll12h_std heat_index_c_roll24h_mean heat_index_c_roll24h_std temp_c_roll6h_std temp_c_roll12h_std temp_c_roll24h_mean temp_c_roll24h_std rh_roll6h_std rh_roll12h_mean rh_roll12h_std rh_roll24h_mean rh_roll24h_std dewpoint_c_roll6h_mean dewpoint_c_roll6h_std dewpoint_c_roll12h_mean dewpoint_c_roll12h_std dewpoint_c_roll24h_mean dewpoint_c_roll24h_std solar_wm2_roll6h_mean pressure_hpa_lag1h pressure_hpa_lag6h wind_ms_lag1h
feature_infos=[-2.2492550467547172:1.323053911320103] [-2.0607123352145722:2.2784505549434062] [-2.671747335500223:1.2077376194171088] [-0.99543606427004327:4.6799999999999997] [914.70000000000005:1023.1] [-2.3246053441329715:1.4047844850481963] [-2.4978157594452663:1.3975342693805695] [0.48000000000000043:20.010000000000002] [1.4400000000000013:20.010000000000002] [-13.973025970877725:15.390310082180081] [13.129079990800035:44.055541334126822] [13.129079990800035:44.055541334126822] [13.129079990800035:44.055541334126822] [13.129079990800035:44.055541334126822] [8.9000000000000004:41.089882949669871] [8.9000000000000004:40.060000000000002] [8.9000000000000004:40.060000000000002] [8.9000000000000004:40.255220807050257] [12.6:100] [1.7475690812803877:26.944708145482089] [1.7475690812803877:26.997501858304776] [1.7475690812803877:26.627434635372488] [1.7475690812803877:26.627434635372488] [7.7970677019028454:28.757279083834021] [7.7970677019028454:28.223470862451538] [7.7970677019028454:28.223470862451538] [7.7970677019028454:28.577256245113226] [-1.1908239767449322:6.0121390651958206] [-0.41980393150627504:8.0797927755812378] [0.13459854536930316:9.2910344081452152] [15.232001530353251:36.769920622421225] [0.65927517582698392:8.5179546432519775] [0.025819888895246734:7.1511101702230402] [0.13392670994253286:8.3302382737213847] [14.393749999999999:32.583929401490472] [0.46806028968807106:7.2352079484951837] [0:29.254019666819477] [23.233333333333334:100] [1.1433270639090262e-06:32.831704697339816] [36.079282039510971:98.125] [2.1160360809055532:32.082630803525632] [1.9426503621470441:26.830012538793302] [-1.0587492638205493:5.3833394890048778] [3.7153340180112671:25.855843409964447] [-0.75469179530258623:5.2415787104787217] [5.3759952860897657:25.485403582570068] [-0.87666029551509594:4.8181543514383076] [0:896.04333333333341] [914.70000000000005:1023.1] [914.70000000000005:1023.1] [-0.77351434141879882:5.0216785862935511]
tree_sizes=2340 2768 3181 3281 3004 3331 3668 3663 3530 4352 4074 3657 4076 4281 4056 4503 4196 4414 4611 4716 4688 3778 4703 4082 3452 3856 3438 3879 3880 3438 3557 3127 3236 3207 4724 2792 2813 3224 4925 2717 3131 2692 2472 2284 2180 2824 2375 2046 2898 2380 3226 2269 2460 2901 2829 2927 2922 2717 2372 2891 3122 3034 3018 4068 2703 3339 3797 2704 2600 3877 3434 2376 2299 2478 2470 2901 4148 2914 2729 2602 2991 3665 3546 3140 3770 2304 2092 2824 3157 1963 3011 2735 3545 2599 3450 2818 3992 2595 1973 4094 2069 3051 1312 2183 2836 3374 2928 3475 2951 2198 2477 4765 2835 4972 2272 3246 2719 1660 2182 3050 2502 2407 2394 1875 1659 2100 2685 2706 1859 3684 2377 2077 2414 3436 2506 2304 2518 2162 2507 2947 1860 1776 2419 2700 2371 2835 1849 1742 3261 3238

Tree=0
num_leaves=22
num_cat=0
split_feature=17 14 14 6 17 14 17 6 6 17 17 37 10 46 17 47 10 0 19 6 33
split_gain=2785.08 89.6943 64.9191 31.6948 8.90064 5.71029 5.10322 5.08983 4.38329 3.39226 2.7147 1.66037 1.62235 1.42313 1.09894 1.07649 0.735066 0.549086 0.449196 0.389842 0.0109784
threshold=25.635000000000002 27.175000000000004 26.325000000000003 -0.5 24.925000000000004 26.325000000000003 26.435000000000006 -0.5 -0.50008149503200283 27.525000000000002 26.955000000000002 95.425000000000026 26.462374339291202 0.57656031651033901 26.225000000000005 29.836666666666765 30.274922803869149 -0.2589134382064528 15.931658329326263 -0.27841686570654922 2.3951721473845398
decision_type=2 2 2 2 2 2 2 2 2 2 2 2 2 2 2 2 2 2 2 2 2
left_child=2 3 4 6 -1 10 12 -4 -6 15 19 -8 -2 -9 -7 -3 18 -16 -15 -5 -12
right_child=1 9 7 5 8 14 11 13 -10 -11 20 -13 -14 16 17 -17 -18 -19 -20 -21 -22
leaf_value=25.342319207851993 26.193481277449074 26.254694904790608 26.491776622841151 26.190566272213076 26.175991616686694 26.194452760534272 26.384895506769666 26.273156233964986 26.097288143255977 26.894014357238326 26.250808231142614 26.266354740407795 26.287730889491371 26.185707930153082 26.290645894727369 26.378094013212475 26.223602256913843 26.216800763356648 26.141012295161932 26.130324127956744 26.167246786305501
leaf_weight=6241.335865020752 68.387856990098953 32.784867316484451 57.872182250022888 25.692564010620117 82.614263415336609 41.653757780790329 491.20428776741028 42.582057625055313 231.63816827535629 5645.6810760498047 41.684813261032104 45.890214055776596 58.346195071935654 36.830727458000183 88.448857575654984 448.71457242965698 33.182043612003326 28.440892398357391 101.11749053001404 164.32126420736313 25.560866683721542
leaf_count=12466 251 116 122 94 296 153 1356 146 909 6274 142 166 189 118 283 1261 118 98 386 640 91
internal_value=26.2098 26.2518 26.1653 26.2254 26.1633 26.2052 26.2386 26.2103 26.1832 26.2564 26.1957 26.243 26.2163 26.2049 26.218 26.2442 26.1999 26.2231 26.1967 26.1898 26.21
internal_weight=14034 7206.81 6827.17 1079.63 6555.59 415.803 663.829 271.585 314.252 6127.18 257.26 537.095 126.734 213.712 158.544 481.499 171.13 116.89 137.948 190.014 67.2457
internal_count=25675 11114 14561 3463 13671 1501 1962 890 1205 7651 967 1522 440 768 534 1377 622 381 504 734 233
is_linear=0
shrinkage=1


Tree=1
num_leaves=25
num_cat=0
split_feature=17 17 17 10 10 6 17 6 28 47 6 10 39 8 10 8 47 11 10 1 47 39 36 47
split_gain=2631.02 87.8103 67.3409 17.6908 16.9336 10.9876 10.0858 6.04788 5.32318 4.68366 2.87089 2.57911 2.42185 2.04328 1.76593 1.2871 0.810411 0.667349 0.635271 0.553057 0.114195 0.0588102 0.0584058 0.0411011
threshold=25.635000000000002 27.395000000000003 23.955000000000002 27.093338612954856 28.534464675654476 -0.5 28.755000000000006 -0.50008149503200283 3.4317371707538262 29.836666666666765 0.67143866068920144 26.327573978268301 63.66458333333334 15.382952269013868 30.117855082870829 6.6150000000000011 417.29333333333335 33.226998869494629 25.846091089846944 -0.17048592158321638 25.574166666666574 82.581250000000011 4.288900402978375 32.215833333333315
decision_type=2 2 2 2 2 2 2 2 2 2 2 2 2 2 2 2 2 2 2 2 2 2 2 2
left_child=2 4 -1 7 5 11 10 15 14 22 -3 19 20 -9 17 -4 -14 -5 -17 -2 -7 -16 -6 -12
right_child=1 6 3 8 9 12 -8 13 -10 -11 23 -13 16 -15 21 18 -18 -19 -20 -21 -22 -23 -24 -25
leaf_value=-0.83778441259987879 -0.016856197449856981 0.1896561907563506 0.050300315345961646 -0.047347106639141996 -0.018917507801517446 -0.035982379922619372 0.63708444473620118 -0.11002145142466507 0.32338552100602613 0.13524405697200936 0.017800446648767093 0.085690079920862916 -0.068046696211384733 -0.027760738752058083 0.012281425397166717 -0.078313785421084955 -0.0039180636338540095 -0.0065379599691860893 0.0085195002640068018 0.075312716609268179 0.083746743096865028 0.069651827935907781 0.046182793188012217 0.075725613710795239
leaf_weight=5798.4953530728817 81.052110105752945 746.26858571171761 31.953627526760101 164.99792018532753 28.074405133724213 30.860069125890732 5301.7654109299183 505.04465228319168 44.611260116100311 443.90230715274811 27.577541679143906 150.23495417833328 168.73867982625961 25.818480461835861 28.292293131351471 106.93583407998085 22.367916941642761 66.368503600358963 25.803711622953415 60.062240242958069 33.888994157314301 28.851162105798721 38.39380270242691 73.625067710876465
leaf_count=10720 299 1838 116 633 109 109 5493 1999 74 1322 94 451 655 94 102 398 83 240 89 184 101 96 132 244
internal_value=-2.54124e-05 0.0408835 -0.0432706 -0.0195633 0.0143727 0.00162747 0.0453644 -0.0283606 0 0.027117 0.0333593 0.0151256 -0.0120918 -0.0337397 -0.00599548 -0.00818354 -0.0176855 -0.0104927 -0.0131246 0.00200492 0 0.00473296 0 0.0105243
internal_weight=14034 7206.81 6827.17 1028.68 1057.58 547.205 6149.24 695.556 333.121 510.371 847.471 291.349 255.856 530.863 288.51 164.693 191.107 231.366 132.74 141.114 64.7491 57.1435 66.4682 101.203
internal_count=25675 11114 14561 3841 3445 1882 7669 2696 1145 1563 2176 934 948 2093 1071 603 738 873 487 483 210 198 241 338
is_linear=0
shrinkage=0.0971646


Tree=2
num_leaves=29
num_cat=0
split_feature=17 14 14 6 17 6 14 6 14 6 14 37 2 17 10 17 25 1 27 34 35 12 17 16 1 14 32 15
split_gain=2455.78 101.415 96.2306 27.646 11.8268 10.7581 7.52943 7.38186 5.9184 4.4778 4.00422 3.90415 2.7399 2.51784 2.7345 1.858 1.06206 0.841275 0.808195 0.701051 0.377093 0.347423 0.283451 0.282861 0.269507 0.220064 0.012049 0.00218146
threshold=25.635000000000002 27.875000000000004 24.735000000000003 -0.5 22.855000000000004 -0.5 26.435000000000006 -0.50008149503200283 29.675000000000004 -0.27841686570654922 26.755000000000006 96.295833333333363 0.69635043120606444 26.525000000000002 26.587890172353593 26.955000000000002 25.33783188026494 0.99052327954040398 0.084953378313298702 29.20354166666667 4.5947637868727638 21.235443678607748 25.275000000000002 23.055000000000003 0.41787262833948019 27.635000000000002 1.2926516671689701 28.355000000000004
decision_type=2 2 2 2 2 2 2 2 2 2 2 2 2 2 2 2 2 2 2 2 2 2 2 2 2 2 2 2
left_child=2 3 4 11 -1 12 15 22 9 -3 17 13 -4 14 -2 20 18 19 -8 -7 -5 -11 -6 24 -12 -25 -18 -17
right_child=1 8 5 6 7 10 16 -9 -10 21 23 -13 -14 -15 -16 27 26 -19 -20 -21 -22 -23 -24 25 -26 -27 -28 -29
leaf_value=-0.83216978631920835 -0.015218371475874154 0.35162911280874853 0.17658498952065216 -0.064349970252949806 -0.069376137735846596 -0.058726023187221151 -0.0010010649108420451 -0.13064122362416627 0.61105864835486823 0.050418762180673989 -0.066643699619896829 -0.004220692494821288 -0.011914234563944248 0.13761484638112545 0.072541147318852819 0.043678893094588098 -0.035745243142179403 -0.010911286980680626 0.053083810568165732 -0.016874104164308013 -0.019677729680494745 0.12890461349435281 -0.0056041554435011243 -0.0014063116955689108 0.011303538476461584 0.089472134490802741 0.045490953851882093 -0.034774438160821805
leaf_weight=5158.3634348809719 66.340712398290634 781.60050079226494 83.494829565286636 177.44302162528038 178.66485369205475 442.80433201789856 29.980680823326111 678.34982144832611 4650.3358964323997 63.904915392398834 43.485168874263763 42.790823251008987 46.848074853420258 670.66728612780571 81.906239002943039 39.89578378200531 32.25733757019043 23.394524544477463 199.85682252049446 37.219306766986847 22.828303545713425 290.6682236790657 23.561181336641312 48.593857556581497 32.716323345899582 29.677089303731918 22.896978229284286 33.438560426235199
leaf_count=8230 242 1401 219 689 671 1739 107 2673 4239 220 170 157 166 1873 254 128 119 91 627 147 83 765 84 171 107 93 83 127
internal_value=3.24476e-05 0.0396153 -0.041688 0.0158403 -0.0458725 -0.00903728 -0.000260582 -0.033459 0.0453659 0.036841 -0.0144244 0.0267357 0.0146659 0.0282287 0.011188 -0.0124204 0.00993944 -0.0186059 0.0128553 -0.0194779 -0.0172109 0.0241655 -0.0133881 0 -0.0047621 0.00327993 0 0
internal_weight=14034 7206.81 6827.17 1420.3 6038.94 788.234 558.597 880.576 5786.51 1136.17 657.891 861.705 130.343 818.914 148.247 273.606 284.992 503.418 229.838 480.024 200.271 354.573 202.226 154.472 76.2015 78.2709 55.1543 73.3343
internal_count=25675 11114 14561 4489 11658 2903 1963 3428 6625 2386 2518 2526 385 2369 496 1027 936 1977 734 1886 772 985 755 541 277 264 202 255
is_linear=0
shrinkage=0.0971646


Tree=3
num_leaves=30
num_cat=0
split_feature=17 14 14 6 6 10 14 13 6 49 36 14 46 49 11 49 47 17 37 34 14 47 1 14 14 14 48 1 38
split_gain=2321.22 103.562 102.048 27.063 15.9029 10.5658 8.43463 6.98714 6.12058 5.16391 4.74231 3.51784 2.37789 1.84491 1.74856 1.48446 1.48134 1.42236 1.27432 1.17858 0.810608 0.744114 0.629477 0.585873 0.3976 0.224553 0.176473 0.106841 0.081588
threshold=25.635000000000002 23.665000000000003 28.365000000000006 -0.5 -0.50008149503200283 26.210236759997244 26.525000000000002 32.139576170809008 -0.5 933.35000000000002 5.7840009117473565 21.365000000000006 0.79452043405192729 929.05000000000007 33.750445491743136 1003.7500000000001 80.644999999999897 26.955000000000002 94.254166666666677 28.478750000000002 27.395000000000003 98.252500000000154 0.8217814666189438 23.255000000000006 25.935000000000006 26.635000000000002 1016.85 -0.11593352601052358 10.438729967334742
decision_type=2 2 2 2 2 2 2 2 2 2 2 2 2 2 2 2 2 2 2 2 2 2 2 2 2 2 2 2 2
left_child=1 8 3 9 12 22 17 21 11 10 24 -1 -3 -12 20 27 -17 19 26 -5 -7 -4 -6 -13 -2 -16 -11 -8 -19
right_child=2 4 7 6 5 14 15 -9 -10 18 13 23 -14 -15 25 16 -18 28 -20 -21 -22 -23 -24 -25 -26 -27 -28 -29 -30
leaf_value=-0.28686548287644359 -0.068459647082428091 0.15942717659678624 0.068559665380360998 -0.062955586754647214 -0.08002199519613698 -0.038458681983796893 -0.030518397266679712 0.55049162130505958 -0.74742574653634597 0.17696456907248931 0.093489501289264476 -0.073374672289670956 -0.003364756020160739 0.012052063803545973 -0.016104886126684037 0.0083599489847574621 0.087119195908727909 0.035647859300869639 0.042173043268313448 -0.0075717845583070358 -0.0041514619238291264 0.20741731180959361 -0.043130719347236793 0.00052191762783502518 0.032553409570851531 0.047431191012669398 0.057594912570951326 0.029714570104761556 -0.042126160478807725
leaf_weight=216.6765048801899 47.786209464073181 82.859122157096863 35.308348447084427 152.01652666926384 531.33026278018951 316.25635915994644 39.951900690793991 4696.7188458740711 5180.7833884656429 502.64460191130638 307.10687375068665 117.59474048018456 86.177038818597794 51.256941437721252 46.705180615186691 67.443822413682938 187.21492564678192 46.46113583445549 36.378676623106003 59.296768456697464 68.62853991985321 775.98473379015923 97.365788459777832 26.702269554138184 45.531073361635208 56.093602895736694 49.243260473012924 71.700706899166107 34.766733855009079
leaf_count=660 178 212 106 582 2096 1236 151 3661 8497 1152 993 450 321 174 180 243 556 155 128 227 237 2136 383 100 167 189 138 239 128
internal_value=4.96904e-05 -0.0405108 0.0385336 0.0172617 -0.01512 -0.019465 0.00115416 0.045004 -0.0463119 0.0270246 0.0169626 -0.0298944 0.0109347 0.0220438 -0.00743385 0.0115038 0.0156229 -0.0103466 0.0339033 -0.0145012 -0.0106033 0.0341524 -0.0280424 -0.0127831 0 0.000363594 0.0353048 0 0
internal_weight=14034 6827.17 7206.81 1698.8 1285.42 1116.38 658.853 5508.01 5541.76 1039.95 451.681 360.974 169.036 358.364 487.684 366.311 254.659 292.541 588.267 211.313 384.885 811.293 628.696 144.297 93.3173 102.799 551.888 111.653 81.2279
internal_count=25675 14561 11114 5211 4854 4321 2281 5903 9707 2930 1512 1210 533 1167 1842 1189 799 1092 1418 809 1473 2242 2479 550 345 369 1290 390 283
is_linear=0
shrinkage=0.0971646


Tree=4
num_leaves=27
num_cat=0
split_feature=17 17 17 10 10 47 28 18 10 10 47 1 34 10 15 17 11 1 25 47 12 11 41 44 50 30
split_gain=2124.23 122.888 101.238 22.7768 22.0449 10.6346 5.06639 4.02339 3.6756 2.33633 2.14352 2.11786 1.77263 1.59497 1.56691 1.50531 1.49789 1.41829 1.37842 0.979866 0.790042 0.524559 0.522827 0.350231 0.0951925 0.0637123
threshold=25.745000000000001 22.055000000000003 29.18053124398568 26.210236759997244 32.539799207549713 19.433333333333184 3.626635781099345 57.050000000000004 26.965567929007097 33.4678354387759 4.1625000000001622 0.80900950266415306 27.533750000000001 30.117855082870829 29.355000000000004 20.545000000000005 22.345086690074218 0.8217814666189438 22.576059978479638 8.9366666666667633 31.534888502185762 31.035471662877637 18.485978618776841 0.74099976723097216 1.0043747410753421 31.865787042139608
decision_type=2 2 2 2 2 2 2 2 2 2 2 2 2 2 2 2 2 2 2 2 2 2 2 2 2 2
left_child=1 15 4 10 5 14 13 22 -9 -4 12 16 21 17 19 -1 -12 -5 -6 -2 -20 -3 -7 -15 -13 -16
right_child=2 3 9 6 18 7 -8 8 -10 -11 11 24 -14 23 25 -17 -18 -19 20 -21 -22 -23 -24 -25 -26 -27
leaf_value=-0.78945659530747403 -0.053260743870725338 -0.086635410142488045 0.28346334572569309 -0.03269401221263455 0.10579540686854837 0.090154522011974991 0.15082557442036171 0.0053646805287943366 0.05281678093035911 0.51860154162543914 -0.046540831196149456 0.028343633935092167 -0.039024584588539545 0.063857915573677079 -0.018509705989935635 -0.1617731639831522 -0.072246688659058728 0.008665458198282041 0.33227743276414723 0.0038285124501065402 0.088593224224515543 -0.048958399924543865 0.039617534533209542 -0.011266558832669823 -0.070437301051919962 0.040258551487669332
leaf_weight=4082.4582342803478 92.030418545007706 493.96831512451172 939.51799246668816 372.19278240203857 66.957492142915726 328.06118720769882 64.424653291702271 223.48366811871529 794.94924518465996 4059.1618245542049 289.26971343159676 32.98941633105278 146.0285108089447 45.457598090171814 25.028597861528397 680.35224062204361 494.51740249991417 98.964212328195572 445.82967436313629 29.561900913715363 63.545601159334183 22.707218557596207 35.053620606660843 24.286046475172043 38.247112631797791 44.940203785896301
leaf_count=4402 361 1926 2340 1447 208 831 138 772 2593 2578 1099 120 579 150 86 2316 1919 351 560 115 194 89 107 89 147 158
internal_value=0.000435915 -0.0380403 0.0375606 -0.0182308 0.0195346 0.0131037 -0.0015183 0.0161733 0.0121512 0.0452101 -0.0245995 -0.0195981 -0.0302939 -0.00527142 -0.00674948 -0.046764 -0.0210778 -0.00772537 0.0361926 -0.0137793 0.038605 -0.03391 0.0260963 0.00507478 0 0
internal_weight=14034 6885.86 7148.12 2123.05 2149.44 1573.11 605.325 1381.55 1018.43 4998.68 1517.73 855.024 662.704 540.901 191.561 4762.81 783.787 471.157 576.333 121.592 509.375 516.676 363.115 69.7436 71.2365 69.9688
internal_count=25675 14772 10903 8054 5985 5023 2175 4303 3365 4918 5879 3285 2594 2037 720 6718 3018 1798 962 476 754 2015 938 239 267 244
is_linear=0
shrinkage=0.0971646


Tree=5
num_leaves=30
num_cat=0
split_feature=10 23 10 10 18 23 10 15 11 18 1 0 33 37 18 9 18 0 10 27 18 18 1 1 34 16 19 23 35
split_gain=1775.78 156.727 88.7918 82.0243 68.9838 38.5192 28.0118 15.3869 12.0144 8.1771 6.90262 4.66199 3.51858 3.30496 3.07845 2.61915 2.60497 2.58404 3.14905 2.1415 1.9568 1.72588 1.69217 1.16248 1.07249 1.02926 0.55772 0.358929 0.130804
threshold=28.852854378003986 18.197949849101274 32.539799207549713 26.210236759997244 51.850000000000001 14.995177773820114 20.23939811642142 26.063065305130021 28.1548771189678 78.65000000000002 0.46459913687673576 -0.70710678118654757 2.9531861966189354 93.887500000000017 44.402074773623433 0.94166357714700066 66.250000000000014 -0.70710678118654757 35.853389217158444 0.0080706310876149361 80.15000000000002 57.807227503574154 -0.098819223632317363 -0.46936605301880607 28.33229166666667 27.835000000000004 16.279929466803008 16.482553589960954 3.153454090964074
decision_type=2 2 2 2 2 2 2 2 2 2 2 2 2 2 2 2 2 2 2 2 2 2 2 2 2 2 2 2 2
left_child=1 4 5 6 10 -2 -3 19 11 12 27 -7 -8 -11 -12 23 26 18 25 -5 -21 -6 -13 -10 -18 -4 -9 -1 -17
right_child=2 3 17 7 21 8 9 16 15 13 14 22 -14 -15 -16 28 24 -19 -20 20 -22 -23 -24 -25 -26 -27 -28 -29 -30
leaf_value=-0.10163843515361126 -0.92876308925908591 -0.1472512117958085 0.20838217379735752 -0.010238633600111497 -0.14919454861980638 -0.015519968045016125 0.0013815478233441683 0.075327999334754814 0.014928639269492165 -0.062921740024928924 0.1266494640497382 0.10672506781920681 -0.059428238833743229 -0.02129262193809418 -0.013356365072884025 -0.030061393326139024 -0.033042032512133494 0.46367500213897539 0.40051333575834785 0.083638529922658814 0.0094814908556896029 -0.72538075873238383 0.29028977299048858 0.061315484435694075 0.00042381638983751625 0.035199918353218625 0.00064335347228385324 -0.009309471224739161 0.022371580748174955
leaf_weight=28.042651772499084 89.734713494777679 920.22131597995758 341.88092055916786 37.920097559690475 80.1107397377491 35.708855807781219 312.99105042219162 72.191603004932404 152.91406267881393 998.90390884876251 106.3784644305706 356.67620027065277 164.33374869823456 94.829590350389481 36.566263496875763 58.238050431013107 305.81233531236649 3878.9765965044498 651.55715495347977 383.07870244979858 51.937608987092972 3829.7027663588524 361.40707728266716 329.07186052203178 111.43412420153618 39.001511663198471 77.973367869853973 25.116672396659851 101.27286773920059
leaf_count=97 22 3165 765 136 250 116 1068 206 509 3852 294 1028 623 367 121 220 1186 2650 514 1097 193 3945 999 1008 421 132 257 98 336
internal_value=0.000380336 -0.0312138 0.0381684 -0.0159956 -0.0441784 0.0168363 -0.0255915 0.00658165 0.0210345 -0.017163 0.0101587 0.0296598 -0.00528176 -0.0219305 0.0224478 0.0101463 -0.00358098 0.0445173 0.0371884 0.0196167 0.0215473 -0.0470185 0.0313736 0.0137038 -0.00798364 0.0263118 0.00578277 -0.0147215 0
internal_weight=14034 7637.55 6396.44 3531.63 4105.92 1485.02 2491.28 1040.35 1395.29 1571.06 196.104 753.792 477.325 1093.73 142.945 641.497 567.411 4911.42 1032.44 472.936 435.016 3909.81 718.083 481.986 417.246 380.882 150.165 53.1593 159.511
internal_count=25675 17376 8299 12571 4805 4238 9075 3496 4216 5910 610 2143 1691 4219 415 2073 2070 4061 1411 1426 1290 4195 2027 1517 1607 897 463 195 556
is_linear=0
shrinkage=0.0971646


Tree=6
num_leaves=33
num_cat=0
split_feature=17 14 17 6 6 14 45 17 17 14 45 5 14 10 1 6 1 34 2 32 50 6 41 1 43 8 2 18 12 46 11 2
split_gain=1863.56 177.093 82.6712 19.5878 10.876 10.4629 8.91337 6.69193 6.35077 6.2066 4.35765 3.67503 2.99728 2.68793 1.74815 1.72838 1.66985 1.65988 1.65587 1.61812 1.55838 1.55198 1.50376 1.09464 1.0348 0.949704 0.896738 0.87815 0.756009 0.489146 0.149086 0.117871
threshold=26.125000000000004 22.055000000000003 29.334296931945598 -0.27841686570654922 0.67143866068920144 25.845000000000002 22.901320989031383 31.205000000000002 21.835000000000004 26.525000000000002 19.12038531387832 0.25881904510252091 26.525000000000002 35.199380066381146 -0.034319876048209338 0.23989033689152681 0.89001933454452098 27.533750000000001 0.56253165957478835 1.3151356076425833 0.89039549903575288 -0.019390332216831372 21.22710896091149 0.94130860066615818 22.856746516122659 15.382952269013868 -0.19474861100201926 63.539963495410326 14.415806789298868 0.97502907310448605 37.862643656973511 -0.035799243486829127
decision_type=2 2 2 2 2 2 2 2 2 2 2 2 2 2 2 2 2 2 2 2 2 2 2 2 2 2 2 2 2 2 2 2
left_child=1 8 4 9 6 17 10 13 -1 18 28 -8 -6 15 30 -4 24 23 22 -12 -20 27 -3 -5 -7 -19 -13 -10 -2 -18 -14 -16
right_child=2 3 7 5 12 16 11 -9 21 -11 19 26 14 -15 31 -17 29 25 20 -21 -22 -23 -24 -25 -26 -27 -28 -29 -30 -31 -32 -33
leaf_value=-0.61020368727456076 0.027720523181741095 0.036946979685641361 0.17427419283426507 -0.059947557642682427 -0.045245094028510763 -0.039855207527004249 0.25296914023119171 0.46862086526343333 -0.017738113786798286 0.20571410069890589 0.0071631095818550381 0.076790773266508586 -0.039117287851721493 0.28028925063945603 0.061321382977083894 0.071275008872076939 0.076808056703191185 -0.033666266713486714 -0.003559664421854917 0.044608511307837176 -0.092308619513947338 -0.16348744760090772 -0.0067872796687885135 -0.032599617429186718 0.00038263643252272299 0.033360628646425437 0.00075892839217249703 -0.074419789760587399 0.077832956338512241 0.0035976715827089221 0.016144956240704975 0.0081201890138051912
leaf_weight=4319.5852166116238 39.072267413139343 79.165652811527252 636.74213448166847 1166.2450945973396 79.851999461650848 210.34847661852837 543.92076221108437 3542.3530044555664 51.809433847665787 90.531488955020905 215.39667341113091 126.43217194080353 39.777845114469528 660.86090812087059 133.86320808529854 81.598974913358688 35.749291628599167 195.17396184802055 126.32908117771149 354.93754309415817 61.244944989681244 152.84462094306946 145.07124575972557 48.62194350361824 140.50398880243301 24.007661014795303 36.962021023035049 135.15369027853012 376.10865098237991 41.962063789367676 34.450421452522278 33.763854593038559
leaf_count=5360 96 284 1509 4538 302 788 813 2633 182 190 780 391 145 442 437 225 108 775 472 1192 232 481 557 185 526 96 129 504 967 140 110 101
internal_value=0.000656646 -0.0345813 0.036404 -0.0126539 0.0193935 -0.0172834 0.0225291 0.0432641 -0.0456041 0.00366792 0.0155815 0.0315019 0.00152388 0.0357349 0.00803904 0.0290618 -0.0027552 -0.0213133 -0.000460956 0.00874652 -0.00797957 -0.0286329 0.00397273 -0.02308 -0.00633369 -0.00942075 0.0135741 -0.0173129 0.02382 0.00774849 0 0.0137647
internal_weight=13960.4 7024.35 6936.09 2364.95 2014.54 1862.61 1692.83 4921.56 4659.39 502.342 985.515 707.315 321.707 1379.2 241.855 718.341 428.564 1434.05 411.811 570.334 187.574 339.808 224.237 1214.87 350.852 219.182 163.394 186.963 415.181 77.7114 74.2283 167.627
internal_count=25690 15418 10272 8891 5463 7156 4368 4809 6527 1735 3035 1333 1095 2176 793 1734 1562 5594 1545 1972 704 1167 841 4723 1314 871 520 686 1063 248 255 538
is_linear=0
shrinkage=0.0971646


Tree=7
num_leaves=33
num_cat=0
split_feature=17 14 13 14 14 6 14 6 6 6 6 34 14 31 6 39 14 32 3 44 47 0 47 30 35 14 34 47 14 34 14 12
split_gain=1716.68 189.17 82.6004 22.6464 12.1709 10.67 7.88931 9.23806 7.21869 4.96236 4.83714 2.57322 2.34787 2.01554 1.97952 1.81135 1.7265 1.39023 1.26853 1.15607 0.999285 0.960317 1.02482 0.846539 0.842894 0.753669 0.64587 0.498506 0.438479 0.378563 0.367551 0.767428
threshold=26.225000000000005 20.915000000000003 32.976660367215388 25.845000000000002 28.943234293226517 -0.27841686570654922 30.815000000000001 0.23989033689152681 -0.50008149503200283 -0.50008149503200283 -0.50008149503200283 27.533750000000001 26.525000000000002 5.4792672742051129 -0.27841686570654922 76.906250000000014 24.235000000000003 1.0190722874472813 1.3217174199281188 0.67106116133815796 394.7999999999999 -0.84265616450606584 126.59999999999981 29.072126601197617 4.5947637868727638 27.395000000000003 20.551875000000003 5.6458333333334005 26.755000000000006 24.826041666666672 31.925000000000004 20.628207720247719
decision_type=2 2 2 2 2 2 2 2 2 2 2 2 2 2 2 2 2 2 2 2 2 2 2 2 2 2 2 2 2 2 2 2
left_child=1 10 4 5 9 19 7 21 28 15 -1 13 24 -7 -6 -2 -17 -14 25 27 -9 -4 -23 -13 -11 -10 -21 -3 -5 -20 31 -16
right_child=2 3 6 8 14 11 -8 20 18 12 -12 23 17 -15 30 16 -18 -19 29 26 -22 22 -24 -25 -26 -27 -28 -29 -30 -31 -32 -33
leaf_value=-0.13706116650471104 0.098074902773523515 -0.037594814019641043 0.15411337061357119 0.035519545038130255 0.22654837974787409 -0.064521747935875548 0.41971390457127256 -0.025199657516360729 -0.029667927926892834 -0.032194239165226894 -0.58783604522408384 0.0074901072690553364 -0.00098825298574003605 -0.042859754659782132 0.011780460654866088 -0.0075050178427876965 0.048691553007310422 0.050226783016241561 -0.038337459073152662 -0.0062602485340675258 0.13690675915170372 0.094450318450421095 0.25033231214114243 -0.030446834469785935 0.089031963172343895 0.0090118520242396683 -0.059100960702853665 0.0086816712200253037 0.29168774178686357 0.034988108511499943 0.22220431332801227 0.067874387392076491
leaf_weight=182.38939052820206 262.74199029803276 49.560790598392487 84.143773138523102 49.468896269798279 480.80320057272911 1238.2273925244808 3476.9919929802418 60.36054852604866 258.98585379123688 147.26064142584801 3966.7085059583187 43.031424790620804 97.496975392103195 378.82729554176331 58.853086590766907 57.42708232998848 448.26941505074501 279.46669751405716 26.861739188432693 51.04928132891655 45.477007538080215 101.27446717023849 938.55133193731308 191.46224826574326 29.101431429386139 108.69981741905212 112.58290806412697 265.73472115397453 71.141724348068237 88.445297807455063 94.595625996589661 214.4477424621582
leaf_count=545 726 195 152 156 1274 4705 2041 177 988 547 4168 170 348 1434 196 194 1375 862 97 182 85 257 981 761 83 376 422 1001 121 296 236 539
internal_value=0.00078637 -0.032749 0.0353871 -0.0136394 0.0193041 -0.0180038 0.0426959 0.0342308 0.00251345 0.0128278 -0.0461402 -0.021405 0.00468589 -0.0230001 0.0288084 0.0180962 0.0127406 0.00931352 -0.00203605 -0.00391789 0.00213035 0.0368611 0.0381966 -0.00845699 -0.00281653 -0.00543679 -0.010483 0 0.0237914 0.00506384 0.0198785 0.0141245
internal_weight=13960.4 7083.18 6877.26 2934.08 2170.46 2330.48 4706.8 1229.81 603.603 1321.76 4149.1 1851.55 553.326 1617.05 848.7 768.438 505.696 376.964 482.993 478.928 105.838 1123.97 1039.83 234.494 176.362 367.686 163.632 315.296 120.611 115.307 367.896 273.301
internal_count=25690 15617 10073 10904 6380 8870 3693 1652 2034 4135 4713 7070 1840 6139 2245 2295 1569 1210 1757 1800 262 1390 1238 931 630 1364 604 1196 277 393 971 735
is_linear=0
shrinkage=0.0971646


Tree=8
num_leaves=32
num_cat=0
split_feature=17 14 17 10 10 6 6 14 49 10 30 0 6 2 14 0 32 2 1 6 31 1 15 36 47 49 2 12 1 0 30
split_gain=1595.6 193.05 83.764 21.1594 15.7071 9.82489 9.30441 6.6773 6.02609 5.21341 4.3965 3.99539 3.91004 2.89932 2.79344 2.73839 2.56203 2.25755 2.20131 1.868 1.78199 1.77309 1.17838 1.06605 0.977993 0.961896 0.931342 0.547466 0.338039 0.273271 0.226134
threshold=26.225000000000005 20.365000000000006 30.091928245818522 25.719280342619772 34.605656109698394 -0.27841686570654922 -0.27841686570654922 32.175000000000004 1005.7093500998152 34.276509654438293 24.653203001805071 0.49944537339916317 -0.5 0.33345642693991789 26.525000000000002 -0.84265616450606584 1.5955040953066966 0.77756834408811348 0.99628894895067466 -0.50008149503200283 5.3822058859598494 0.72654786141967487 29.655000000000005 9.8772128321801169 5.6458333333334005 1013.9500000000002 0.6546350838569589 25.42247332241352 0.46459913687673576 -0.8665622617887615 32.043477484237719
decision_type=2 2 2 2 2 2 2 2 2 2 2 2 2 2 2 2 2 2 2 2 2 2 2 2 2 2 2 2 2 2 2
left_child=1 12 4 6 5 10 17 8 30 19 16 -12 28 -14 27 29 -2 24 20 26 -8 -21 -16 -19 -3 -10 -5 -7 -1 -6 -4
right_child=2 3 7 9 15 14 18 -9 25 -11 11 -13 13 -15 22 -17 -18 23 -20 21 -22 -23 -24 -25 -26 -27 -28 -29 -30 -31 -32
leaf_value=-0.15870844752913965 -0.0068674367466586986 -0.039098479647520674 0.15079270126222433 0.06006867507600884 0.16582914745815677 0.0077754701159054185 -0.063896222766998551 0.42918916200620133 0.24408982649150029 0.41150063940050202 0.20769203328483354 0.056845971462106883 -0.10204149905338965 -0.55598200359907191 0.0084177976185412142 0.235951659109471 0.046348742359707991 -0.088021506188359272 0.0035516630832095387 -0.025042685105063092 -0.038884534887857862 0.012440549531843976 0.040989779568453601 -0.014086215717812973 0.018127619722922973 0.10850760692057886 -0.0055839508729560493 -0.038955205063656906 -0.039196012755268766 0.073807062332719192 0.035833519699140053
leaf_weight=123.80819383263588 99.826873928308487 49.608187347650528 234.96129915118217 80.643043249845505 112.81047776341438 59.93594765663147 1224.4945138990879 2709.7864045500755 1233.5461114645004 39.252743899822235 384.26301023364067 359.03870433568954 98.562255799770355 3695.139734596014 153.07177194952965 375.35407716035843 372.28652483224869 88.106644093990326 30.321526974439621 594.55355793237686 461.71024656295776 200.10087257623672 440.17447140812874 70.43462473154068 219.6652255654335 110.39672243595123 73.197745352983475 89.022039592266083 33.578171163797379 94.063714027404785 48.724859863519669
leaf_count=337 366 193 704 256 146 207 4543 1712 1012 32 703 1125 267 3371 488 261 1122 321 116 2286 1730 706 1309 266 838 268 241 335 114 219 96
internal_value=0.000766671 -0.0315633 0.0341259 -0.0133356 0.0197597 0.015154 -0.0187648 0.0424205 0.035964 -0.00109747 0.0206667 0.0258696 -0.0458837 -0.0466785 0.00550702 0.0343591 0.0114653 -0.00459253 -0.0220346 -0.00298979 -0.0225065 -0.0051811 0.0087639 -0.013718 0 0.0390855 0.00549093 -0.00457261 -0.0235503 0.0200977 0.0194329
internal_weight=13960.4 7083.18 6877.26 3132.09 2539.85 1957.62 2144.34 4337.42 1627.63 987.748 1215.42 743.302 3951.09 3793.7 742.204 582.228 472.113 427.815 1716.53 948.495 1686.2 794.654 593.246 158.541 269.273 1343.94 153.841 148.958 157.386 206.874 283.686
internal_count=25690 15617 10073 11528 6281 5655 8007 3792 2080 3521 3316 1828 4089 3638 2339 626 1488 1618 6389 3489 6273 2992 1797 587 1031 1280 497 542 451 365 800
is_linear=0
shrinkage=0.0971646


Tree=9
num_leaves=40
num_cat=0
split_feature=14 14 14 15 13 12 14 14 0 15 47 48 0 14 39 15 5 0 1 48 15 4 4 32 1 39 9 34 8 40 4 46 18 13 15 4 4 9 27
split_gain=1459.14 193.658 99.679 20.2318 15.1623 14.0556 7.50219 7.10208 6.35011 5.73037 5.41227 6.74618 5.29978 4.04133 3.63373 3.47136 3.13705 2.86673 2.76002 2.32534 2.20011 2.1697 2.12761 2.09008 1.65931 1.23574 1.204 1.07916 0.860008 0.767329 0.76247 0.66976 0.547679 0.4084 0.348784 0.301368 0.150736 0.134426 0.0896049
threshold=26.035000000000004 19.915000000000003 30.455000000000002 27.402682285234004 27.675044714302068 21.044341903262012 32.175000000000004 22.955000000000002 -0.70710678118654757 23.565000000000001 394.7999999999999 1002.4500000000002 0.49944537339916317 18.535000000000004 48.354166666666664 26.063065305130021 -0.86780461756656735 -0.8665622617887615 -0.098819223632317363 929.6500000000002 17.015000000000004 1012.85 1004.1302124115813 1.5955040953066966 0.44236413956135423 44.991666666666674 0.94166357714700066 28.33229166666667 10.071357811334599 18.35349130587414 927.25000000000011 0.66718361097411483 64.65000000000002 30.277277832592375 25.883854077793039 921.1500000000002 1007.0032254248005 -1.1552663840033401 0.33489704646329743
decision_type=2 2 2 2 2 2 2 2 2 2 2 2 2 2 2 2 2 2 2 2 2 2 2 2 2 2 2 2 2 2 2 2 2 2 2 2 2 2 2
left_child=1 13 3 5 7 16 8 14 17 24 26 37 19 -1 -3 18 34 22 31 -7 -16 -14 -4 -18 -9 -11 27 -5 -28 -20 35 -6 -15 38 -2 -10 -19 -12 -17
right_child=2 4 6 10 15 12 -8 9 30 25 11 -13 21 32 20 33 23 36 29 -21 -22 -23 -24 -25 -26 -27 28 -29 -30 -31 -32 -33 -34 -35 -36 -37 -38 -39 -40
leaf_value=-0.53888134938039112 -0.098757105122276007 0.0056172469406027305 0.0281473312212677 0.0029520384974084145 0.056529811588513799 0.056461028906337862 0.37926436700368604 -0.010989809071488693 0.050480270955305377 0.030409426975003939 0.013002636641423492 0.14329067058825978 0.085473220491113749 -0.06666278407741863 -0.015114967065517793 -0.016535500660949033 -0.0031438708707891947 0.045635834289163145 0.074167134378439123 0.22753154220158767 -0.060735963273080028 -0.022871592515359203 0.1567728292080165 0.055252478678802799 0.094443756601566398 -0.034254433595275212 -0.033935663265446704 0.041519557828310641 0.014475927121264828 0.043965015397808616 0.21515421549667399 -0.027221360606889209 -0.15799739088372 0.0098936426509156801 0.010932388276799649 0.19234070855155208 -0.024525906908631271 -0.068038128915543172 -0.047736717990333556
leaf_weight=3357.3484017848969 25.929288476705551 66.502354651689529 58.543056130409241 302.64052280783653 59.648007571697235 76.208618223667145 2860.8651665747166 206.36751353740692 30.230950862169266 30.279792696237564 99.208422094583511 271.21736457943916 297.95987057685852 47.607201993465424 88.338525652885437 25.346423894166946 89.866801351308823 66.852960050106049 111.18525758385658 761.90650516748428 1184.7129489779472 30.928114622831345 128.68400380015373 406.29300791025162 53.552795588970184 1130.8657050132751 118.54037886857986 153.18985000252724 123.99823188781738 33.035202771425247 918.83078497648239 103.09169280529022 402.43024688959122 24.495115995407104 23.922031909227371 60.195119202136993 33.802433133125305 31.235879153013229 64.583748161792755
leaf_count=2666 100 204 137 1002 181 243 1864 770 98 115 338 520 869 130 315 94 324 149 295 854 4174 109 152 1215 160 4435 429 461 425 96 700 364 890 84 83 180 106 109 250
internal_value=0.000797447 -0.0305363 0.0322744 0.0178541 -0.0126406 0.0245559 0.0419078 -0.0152917 0.034085 -0.00987607 0.00699248 0.0160412 0.0307761 -0.0453588 -0.020684 0.00370696 0.0103883 0.017978 0.009771 0.0354858 -0.0218405 0.0172759 0.0252289 0.0131019 0.00177328 -0.0128482 0.00113332 0.00451114 -0.00345457 0.0194422 0.0381908 0 -0.0325082 -0.00876036 -0.00775532 0.017006 3.36825e-05 0 -0.011767
internal_weight=13960.4 6989.39 6971.05 2813.04 3182.01 1713.01 4158 2760.62 1297.14 1421.07 1100.03 401.662 1167 3807.39 1339.55 421.385 546.011 287.882 306.96 838.115 1273.05 328.888 187.227 496.16 259.92 1161.15 698.369 455.83 242.539 144.22 1009.26 162.74 450.037 114.425 49.8513 90.4261 100.655 130.444 89.9302
internal_count=25690 15223 10467 7081 11537 3797 3386 10173 1522 5480 3284 967 2075 3686 4693 1364 1722 544 936 1097 4489 978 289 1539 930 4550 2317 1463 854 391 978 545 1020 428 183 278 255 447 344
is_linear=0
shrinkage=0.0971646


Tree=10
num_leaves=37
num_cat=0
split_feature=17 14 17 10 10 14 17 2 47 15 11 5 47 48 47 10 17 49 47 1 17 14 11 1 12 2 2 2 45 47 5 3 18 1 14 1
split_gain=1373.29 196.477 90.6076 18.9778 17.2935 9.45356 7.13674 6.53768 5.93554 5.24041 4.97426 4.81891 4.78171 4.25893 4.50339 4.23171 4.04765 3.71699 3.59941 2.75969 2.70342 2.39322 1.59645 1.54654 1.48353 1.38881 1.31887 1.3618 1.25756 1.25265 0.523163 0.379418 0.364194 0.324306 0.130078 0.0432692
threshold=26.225000000000005 19.665000000000003 30.420736411144194 33.724990601659563 26.096427410197467 32.82500000000001 19.115000000000006 0.43665123195606398 290.47499999999997 17.015000000000004 31.035471662877637 -0.9071951158646151 2.8999999999999813 926.05000000000007 34.866666666666752 34.276509654438293 22.855000000000004 1006.9108024115902 8.9366666666667633 -0.20314193112455323 20.545000000000005 22.855000000000004 34.29555675833651 -0.2760944163666606 22.170414444337901 0.92589048012183106 -0.86299686170602363 -0.96288731545773421 23.498481545069826 47.916666666666714 -0.25881904510252113 0.82316131585803232 63.539963495410326 0.8217814666189438 17.935000000000006 0.098819223632317002
decision_type=2 2 2 2 2 2 2 2 2 2 2 2 2 2 2 2 2 2 2 2 2 2 2 2 2 2 2 2 2 2 2 2 2 2 2 2
left_child=1 6 3 10 7 17 34 12 30 31 13 28 20 19 -15 25 -14 26 -8 -2 -3 -11 33 -24 -19 29 27 -4 -10 -6 -5 -9 -20 -12 -1 -27
right_child=2 4 5 8 15 -7 18 9 11 21 22 -13 16 14 -16 -17 -18 24 32 -21 -22 -23 23 -25 -26 35 -28 -29 -30 -31 -32 -33 -34 -35 -36 -37
leaf_value=-0.50789873970372867 -0.0069573698751419898 0.00052999575667917072 0.10216960394755006 -0.015407887864849434 -0.016513705198070334 0.38169033995146645 -0.2329229728826257 0.014625251038065964 0.027129860546393214 -0.11049674372192869 -0.022186528238082728 0.1858087793149755 0.018673483459585843 -0.0017259371808402901 0.074517225461798828 0.35061196025883246 -0.024601965362860748 0.091529974651166801 -0.014530990509735787 0.071212407535865233 -0.039134267252306357 -0.060659049741212903 -0.0050136327986832398 0.042116189519786892 0.19922345182891288 -0.077399084089108394 0.2213114162334581 0.0059467662711965687 0.14154005725838409 0.0114481561415556 0.072707226013324577 -0.076114620723809492 -0.097503888487395121 0.015720673227889975 -0.15713450468790763 -0.02726972112302066
leaf_weight=2971.8119481503963 224.89177453517914 81.387203752994537 110.41423758864403 44.199268460273743 301.18418833613396 2334.8317727446556 205.62380367517471 76.249643445014954 65.662506639957428 588.44185844063759 157.52033367753029 529.17095354199409 183.970139503479 90.748385339975357 861.92789095640182 39.252743899822235 422.31646186113358 113.02645170688629 45.452534884214401 189.94446444511414 799.44546002149582 288.09034797549248 107.79005062580109 208.43658310174942 1179.0564388036728 43.913909494876862 302.23174980282784 63.969116002321243 166.20143365859985 467.72455325722694 64.794260799884796 45.987072348594666 120.60167825222015 62.445337921380997 376.93497958779335 24.78876069188118
leaf_count=1970 807 272 182 130 1167 1387 346 283 175 1737 554 398 722 324 2171 32 1647 257 138 609 3133 1089 355 636 820 161 582 164 215 1645 124 164 313 183 710 88
internal_value=0.000822717 -0.0291683 0.031773 0.0179036 -0.0119569 0.041024 -0.0445883 -0.0160915 0.030119 -0.0226427 0.0120585 0.0332813 -0.0113685 0.0152602 0.0190533 0 -0.00374385 0.0344482 -0.0280907 0.00545375 -0.0161033 -0.025302 0.00306198 0.00779079 0.0379136 -0.0017273 0.0239854 0.01192 0.0175262 0 0.00392781 -1.5894e-05 -0.0127785 -0.00183568 -0.0462652 -0.0147592
internal_weight=13960.4 7083.18 6877.26 2773.73 3362.75 4103.53 3720.42 2485.89 870.028 998.769 1903.7 761.035 1487.12 1367.51 952.676 876.864 606.287 1768.7 371.678 414.836 880.833 876.532 536.192 316.227 1292.08 837.611 476.615 174.383 231.864 768.909 108.994 122.237 166.054 219.966 3348.75 68.7027
internal_count=25690 15617 10073 6681 12140 3392 3477 9047 1042 3273 5639 788 5774 3911 2495 3093 2369 2005 797 1416 3405 2826 1728 991 1077 3061 928 346 390 2812 254 447 451 737 2680 249
is_linear=0
shrinkage=0.0971646


Tree=11
num_leaves=33
num_cat=0
split_feature=17 17 17 10 10 49 1 2 2 47 28 3 2 5 15 47 19 18 2 1 47 17 27 39 2 46 23 2 4 37 28 25
split_gain=1279.93 206.448 80.3196 29.2019 18.2106 7.78136 7.10905 6.72867 5.86203 4.82754 4.65914 4.5675 4.51257 4.36458 3.92218 3.87272 3.65172 3.26999 2.13473 2.06423 1.81738 1.63775 1.50617 1.44035 1.38874 1.29654 1.28075 1.04449 0.913194 0.826507 0.614401 0.29728
threshold=26.525000000000002 19.395000000000003 31.905000000000005 34.916499860308157 26.096427410197467 1007.1271214549183 -0.2760944163666606 0.58621793134364741 0.4573123909448687 2.2649999999999433 3.2707216882816801 0.7350000000000001 0.6546350838569589 0.2381304330806697 27.402682285234004 333.35416666666674 22.544220332693076 72.850000000000009 0.021658783909818218 0.51236666743397874 260.61666666666662 17.305000000000003 0.041655368789188602 84.439583333333346 -0.39754281428255622 0.97502907310448605 20.835106890147284 0.33345642693991789 1005.6082057273537 78.370833333333351 2.0234344218754825 21.113075059064013
decision_type=2 2 2 2 2 2 2 2 2 2 2 2 2 2 2 2 2 2 2 2 2 2 2 2 2 2 2 2 2 2 2 2
left_child=1 7 3 5 8 6 24 27 9 28 19 17 13 -7 -8 20 -11 -10 -12 23 -5 -9 -13 -6 -2 -21 -14 -1 -3 -4 -17 -20
right_child=2 4 29 15 10 12 14 21 11 16 18 22 26 -15 -16 30 -18 -19 31 25 -22 -23 -24 -25 -26 -27 -28 -29 -30 -31 -32 -33
leaf_value=-0.046056445297741486 0.017483882211916994 -0.039649189311708764 0.35820653126564533 -0.0072605135296341132 -0.02594874165068841 0.16132559461699275 0.089716719108301077 -0.46923712024947573 0.0093674357365286405 0.0046732173058776517 0.18605059267965601 -0.058468740015254497 0.044730277027246891 0.035412260273651158 0.024884623423803001 0.099089847256243951 -0.030882076053831274 -0.064223219747779309 0.023121943716910249 0.036692258048963006 0.087077331276970926 -0.20025118381704035 -0.10746277273895086 -0.00088654787479254473 -0.042971534349630677 -0.012296209767182124 0.010798873711601556 -0.12333104196684949 -0.024322494562335963 0.19155142753178331 0.17308537443057509 -0.027519949522360886
leaf_weight=52.926695853471756 289.50580057501793 584.7109768986702 2368.8047054111958 55.376174837350845 375.52438071370125 585.21281945705414 450.25159028172493 2717.7350471019745 130.12142384052277 433.45584270358086 80.940199643373489 83.48245507478714 118.04468017816544 155.571678429842 372.68298816680908 316.93178197741508 237.77154886722565 198.61512961983681 55.553507953882217 114.35891246795654 76.286404490470886 674.21360975503922 678.01411360502243 223.75132718682289 154.24570882320404 154.22052556276321 175.35669535398483 163.25738960504532 286.90607368946075 722.84934538602829 843.53833588957787 30.222428530454636
leaf_count=130 950 2219 1664 115 1433 1084 1297 1736 459 1667 155 304 291 475 1155 334 942 675 158 397 92 1078 1991 829 546 534 501 325 1124 416 509 105
internal_value=0.000815378 -0.027348 0.0315316 0.0213851 -0.0109448 0.0144577 0.00872472 -0.0438806 -0.0152323 -0.0107546 0 -0.0211316 0.0210225 0.0254112 0.0140797 0.033329 -0.00367322 -0.00924232 0.0147073 -0.00289051 0.0116291 -0.0451065 -0.0256496 -0.00631731 -0.000278665 0.00316962 0.00835711 -0.0223449 -0.0156887 0.0431533 0.0353878 0
internal_weight=13960.4 7275.78 6684.66 3593 3667.65 2300.87 1266.69 3608.13 2633.08 1542.84 1034.57 1090.23 1034.19 740.784 822.935 1292.13 671.227 328.737 166.716 867.855 131.663 3391.95 761.497 599.276 443.752 268.579 293.401 216.184 871.617 3091.65 1160.47 85.7759
internal_count=25690 16261 9429 7349 12992 6299 3948 3269 9381 5952 3611 3429 2351 1559 2452 1050 2609 1134 418 3193 207 2814 2295 2262 1496 931 792 455 3343 2080 843 263
is_linear=0
shrinkage=0.0971646


Tree=12
num_leaves=37
num_cat=0
split_feature=17 14 14 6 14 14 6 17 6 35 14 6 4 30 4 17 39 6 10 46 47 48 6 31 35 14 16 40 16 44 40 17 9 4 30 40
split_gain=1205.16 207.511 80.0668 18.6714 14.0998 12.4566 11.0804 10.4839 8.53352 8.70471 6.42186 5.86657 4.97626 4.30062 4.94201 3.82311 3.4655 2.82165 2.7579 2.70255 2.37484 2.46704 2.37405 2.15907 2.19148 1.93553 1.02577 0.885483 0.844425 0.835176 0.664169 0.628491 0.440731 0.197629 0.105764 0.0929957
threshold=26.525000000000002 19.395000000000003 30.631560074425835 -0.97454454254772638 17.015000000000004 22.755000000000006 -0.27841686570654922 32.465000000000011 -0.27841686570654922 2.3380107940202 27.175000000000004 -0.019390332216831372 1005.6082057273537 28.572906258427061 1003.7006333267776 23.955000000000002 81.843750000000014 -0.27841686570654922 32.743303679053462 0.68475973925617895 356.58333333333343 1003.2172040122756 -0.27841686570654922 5.3362134275289108 5.9087839831972877 25.275000000000002 23.565000000000001 18.732509468700918 26.525000000000002 0.4801164679773206 18.35349130587414 27.965000000000003 -1.5289213441739198 1009.2099524778454 24.483984347982563 14.727575375736155
decision_type=2 2 2 2 2 2 2 2 2 2 2 2 2 2 2 2 2 2 2 2 2 2 2 2 2 2 2 2 2 2 2 2 2 2 2 2
left_child=1 4 3 12 -1 11 -6 13 9 18 15 29 34 26 17 22 -11 -15 -5 28 31 -22 -7 24 -13 -17 33 -25 -12 35 -31 -10 -21 -4 -2 -3
right_child=2 5 7 8 6 10 -8 -9 20 16 19 23 -14 14 -16 25 -18 -19 -20 32 21 -23 -24 27 -26 -27 -28 -29 -30 30 -32 -33 -34 -35 -36 -37
leaf_value=-0.42947370019286002 0.020973344575303528 -0.010205644691510767 0.11369526349734298 0.06744969182367952 -0.011827389890788706 0.056393660502436445 -0.14438361317637149 0.31368521728224386 0.0090082735990062411 0.060953007942204256 0.1718493273525776 -0.068795465402677933 0.20629539011612982 0.19746380961525387 0.15912881126872713 -0.040823188242104541 0.0088461331741479573 0.035620720307574266 0.13887068830669205 0.042834478857752198 -0.012027468148208193 0.090167925490150125 -0.0087129354417859982 -0.036383061878760413 -0.040270012982962622 -0.015216308080821941 0.047463124096210542 0.0021346607320454547 0.011276417813688133 -0.029685671281342585 0.015022575044784591 -0.033106702545567183 -0.016574765171627117 0.047252596759778151 0.076439291473878054 0.032926960631589522
leaf_weight=2753.4669300913811 38.332850724458694 43.224370270967484 183.62747636437416 162.40564036369324 103.77615973353386 86.420378923416138 808.02126508951187 2429.1600769758224 237.79042813181877 675.01811957359314 78.473946034908295 689.0917866230011 411.38365057110786 132.12047547101974 1111.4339090585709 584.62773215770721 330.8904834985733 97.661996394395828 295.64657583832741 74.156368046998978 90.023824483156204 250.46385791897774 655.98659664392471 226.91579395532608 69.840065628290176 559.0924668610096 45.889591306447983 52.38371416926384 36.597274661064148 241.43466430902481 41.619757801294327 128.91032871603966 111.43580436706543 65.267241805791855 56.103939473628998 46.523323804140091
leaf_count=1648 133 161 471 454 302 330 1342 1437 811 1736 172 2205 427 75 712 2273 1014 199 232 247 284 532 2566 791 198 2070 74 183 131 871 147 409 378 162 155 173
internal_value=0.00107701 -0.0263476 0.0306826 0.0173182 -0.0426448 -0.00960479 -0.0305129 0.0393591 0.0130487 0.0173604 -0.0047265 -0.0168372 0.0346205 0.0321549 0.0349308 -0.00695128 0.0115222 0.0176835 0.0290975 0.00775548 0.00348624 0.00945827 -0.000866531 -0.0207363 -0.0239947 -0.0105162 0.0178669 -0.0102094 0.0192557 -0.00476401 -0.00757498 -0.000936365 0 0.0203918 0.00786962 0
internal_weight=14005.2 7263.09 6742.13 2676.97 3665.26 3597.82 911.797 4065.16 2171.15 1463.96 2186.79 1411.03 505.82 1636 1341.22 1886.13 1005.91 229.782 458.052 300.663 707.188 340.488 742.407 1038.23 758.932 1143.72 294.784 279.3 115.071 372.802 283.054 366.701 185.592 248.895 94.4368 89.7477
internal_count=25505 16188 9317 6187 3292 12896 1644 3130 5472 3436 8167 4729 715 1693 986 7239 2750 274 686 928 2036 816 2896 3377 2403 4343 707 974 303 1352 1018 1220 625 633 288 334
is_linear=0
shrinkage=0.0971646


Tree=13
num_leaves=39
num_cat=0
split_feature=17 14 14 6 14 17 14 10 0 6 47 6 0 30 14 2 6 30 17 0 2 49 1 2 1 6 31 10 17 1 49 0 2 11 3 40 44 30
split_gain=1104.6 201.411 84.1544 17.3605 13.4893 12.7463 11.3211 7.05476 6.96911 6.75671 6.68189 6.31844 6.30229 5.15707 5.14525 4.57534 3.90677 3.15438 2.94391 2.92414 2.75005 2.66329 2.46312 1.97065 2.11825 1.93902 1.68983 1.65721 1.57577 0.995966 0.961645 0.948215 0.616837 0.549851 0.452618 0.43516 0.350092 0.326587
threshold=26.435000000000006 18.815000000000001 30.455000000000002 -0.97454454254772638 22.755000000000006 32.805000000000007 17.015000000000004 33.724990601659563 -0.86484280769030641 -0.27841686570654922 283.49250000000001 -0.019390332216831372 -0.8665622617887615 25.518031175402008 27.525000000000002 0.43665123195606398 -0.27841686570654922 28.572906258427061 23.955000000000002 -0.70710678118654757 0.93834263341299773 1005.9500000000002 -0.46936605301880607 0.33345642693991789 0.22543074652937647 -0.27841686570654922 5.5281379323345092 25.846091089846944 18.255000000000006 0.44236413956135423 1011.7056071948172 -0.8665622617887615 -0.89388548498445497 29.537905250650521 0.79255405551209823 16.046663723858813 1.265479033085134 27.917326451535629
decision_type=2 2 2 2 2 2 2 2 2 2 2 2 2 2 2 2 2 2 2 2 2 2 2 2 2 2 2 2 2 2 2 2 2 2 2 2 2 2
left_child=1 6 3 13 11 8 28 16 12 34 -9 29 21 -2 18 26 20 37 25 -12 -5 -4 -7 24 -16 -6 -13 -20 -1 32 -14 -18 -3 -17 -8 -31 -25 -10
right_child=2 4 5 7 14 22 9 10 17 -11 19 15 30 -15 23 33 31 -19 27 -21 -22 -23 -24 36 -26 -27 -28 -29 -30 35 -32 -33 -34 -35 -36 -37 -38 -39
leaf_value=-0.3896873893065253 0.033430296167449108 0.019475898779771704 0.037432445379775088 0.048705741532553248 0.052067399710891978 0.10747201864320824 0.057522853386762246 0.0011873640546653983 0.11561772567615863 -0.1365581104956142 0.0973151342916065 -0.032686473133739818 0.04479793411002183 0.19446806951564799 0.0084024897841371571 -0.092232906776473222 0.025285493925794284 0.14978028331045409 -0.04155637166175305 0.11490234054978439 -0.014462148474368783 0.12040379078993055 0.32498692828111092 0.017090304994070393 0.14575529212232413 -0.0079696593160582651 -0.00033594397459512081 -0.013707742310115466 -0.28623167293591045 -0.043414603125811586 -0.046554396830778326 -0.010323277201343102 -0.026022528487531393 -0.042396338085310827 -0.089359364092052321 0.043873910617124597 -0.069796835924507597 0.066162834097162143
leaf_weight=2587.9382176697254 99.926890581846237 29.5 91.463570088148117 975.52887919545174 86.770392149686813 226.63996598124504 37.065951585769653 109.25672063231468 204.36680015921593 652.01387140154839 123.88426646590233 425.99734175205231 157.33079561591148 381.47673392295837 74.810272812843323 625.25356265902519 271.44146227836609 1090.8823809325695 483.04999279975891 273.97912853956223 93.33430215716362 275.85417139530182 2040.0287958085537 37.783533334732056 74.714831292629242 660.23659664392471 97.533982038497925 685.76789310574532 165.52871242165565 41.140396595001221 39.013950973749161 292.34084582328796 275.36983895301819 35.061800211668015 39.479802340269089 62.253555417060852 28.726428002119064 52.472232103347778
leaf_count=1428 315 118 184 2801 331 70 117 225 503 1024 221 1575 331 393 252 1611 795 548 1883 193 251 234 1239 122 164 2583 370 2544 220 138 113 1003 988 113 92 221 106 86
internal_value=0.000933166 -0.0255364 0.029048 0.0151016 -0.00966731 0.0376783 -0.0423628 0.0110149 0.030886 -0.0295453 0.0214763 -0.0165263 0.0197546 0.0322042 -0.00432895 -0.0202457 0.00747115 0.0351714 -0.00607012 0.027282 0.0109352 0.0274379 0.0431695 0.00903523 0.0154664 -0.000660411 -0.0117662 -0.00915281 -0.0455636 -0.00463456 0.00304338 0.000127583 -0.0076938 -0.0262416 0 0.000337672 0 0.0207474
internal_weight=14005.2 7206 6799.22 2621.17 3723.97 4178.05 3482.03 2139.77 1911.38 728.56 507.12 1592.11 563.662 481.404 2131.86 1183.85 1632.65 1347.72 1915.82 397.863 1068.86 367.318 2266.67 216.035 149.525 747.007 523.531 1168.82 2753.47 408.264 196.345 563.782 304.87 660.315 76.5458 103.394 66.51 256.839
internal_count=25505 16000 9505 6197 13119 3308 2881 5489 1999 1233 639 5134 862 708 7985 3669 4850 1137 7341 414 3052 418 1309 644 416 2914 1945 4427 1648 1465 444 1798 1106 1724 209 359 228 589
is_linear=0
shrinkage=0.0971646


Tree=14
num_leaves=37
num_cat=0
split_feature=17 14 14 6 17 14 10 6 47 30 6 14 25 2 0 7 6 4 2 6 39 49 2 1 29 2 0 1 46 44 11 27 47 39 11 6
split_gain=1006.94 204.105 80.2721 26.0443 15.0638 12.1643 10.6023 8.77419 6.80383 6.5316 5.45255 5.34972 5.304 5.23381 4.50882 5.24607 4.2264 3.28609 2.80406 2.64922 2.2288 2.14539 1.83503 1.68533 1.31369 1.07777 1.00705 0.732038 0.556599 0.415332 0.409863 0.279257 0.259867 0.238539 0.191952 0.0186769
threshold=26.635000000000002 18.815000000000001 31.925000000000004 -0.97454454254772638 16.675000000000004 22.755000000000006 33.724990601659563 -0.27841686570654922 283.49250000000001 26.577966196269688 -0.27841686570654922 27.525000000000002 23.166838038330241 0.43665123195606398 -0.70220467130817088 9.4550000000000036 -0.27841686570654922 1012.4500000000002 0.88999460902669758 -0.27841686570654922 86.597916666666691 933.35000000000002 0.27789038606840538 0.77542559342608797 2.7309079423456271 0.58621793134364741 -0.8665622617887615 -0.2760944163666606 1.593977351666404 1.1637359902669226 29.537905250650521 0.51948227212459497 14.650833333333223 82.392780508532752 16.861654766290322 -0.5
decision_type=2 2 2 2 2 2 2 2 2 2 2 2 2 2 2 2 2 2 2 2 2 2 2 2 2 2 2 2 2 2 2 2 2 2 2 2
left_child=1 4 3 9 -1 10 16 18 31 34 28 19 -10 20 15 27 17 -5 32 25 -12 -21 24 -9 -13 -7 -18 -4 33 -24 -15 -8 -6 -3 -2 -20
right_child=2 5 14 6 7 11 8 23 12 -11 13 22 -14 30 -16 -17 26 -19 35 21 -22 -23 29 -25 -26 -27 -28 -29 -30 -31 -32 -33 -34 -35 -36 -37
leaf_value=-0.3547384758389755 0.018675667275827621 0.018102212297982426 0.062832878407138484 0.054037416300608473 -0.0071231587267604193 0.019829401837951299 -0.012946602755633122 -0.20832966452634147 0.016378542300710106 0.20147913234230974 -0.012244287875571502 -0.0099575969295589394 0.099492169850662546 -0.083161983205895004 0.24665168778925251 0.1936373292552748 0.024227498290337067 -0.0019339335395467264 -0.0371121601856641 -0.031998181069079541 -0.035783046486854861 -0.010609786995136256 0.0308044821106939 -0.060730547509939274 0.091248304662275778 -0.011497320424897232 -0.0075048005321022328 0.10199528312683467 -0.11288073021587457 -0.065399020513146652 -0.038276914121250387 0.027484622963945333 0.062784390137451643 -0.015368701286182444 0.063606640044337387 -0.25358879466261414
leaf_weight=2400.8490487337112 38.97127091884613 127.51149052381516 131.67137169837952 970.22231751680374 42.785766273736954 274.96593827009201 57.07200762629509 766.44183859229088 159.33113425970078 551.87034270167351 375.67414978146553 36.078285872936249 905.93014079332352 662.89229449629784 2007.2556552886963 779.95794227719307 290.57099148631096 154.35076093673706 67.10219144821167 656.38021355867386 228.46140757203102 863.43659961223602 44.860575288534164 111.92932143807411 139.27750736474991 202.66407024860382 280.94682669639587 161.52830785512924 40.703915774822235 33.726428002119064 35.061800211668015 93.733464241027832 39.204861372709274 125.46621769666672 92.618881851434708 53.71352756023407
leaf_count=1351 120 451 77 2773 86 987 106 902 298 395 1372 125 688 1716 1098 720 841 444 167 2583 884 3324 145 195 359 727 934 134 133 126 113 198 123 477 276 57
internal_value=0.000851203 -0.0239781 0.0281722 0.0180676 -0.0410437 -0.00840144 0.0137935 -0.0301236 0.0209588 0.0355176 -0.0149706 -0.00354219 0.0236942 -0.0177085 0.0397993 0.0326122 0.00837689 0.011868 -0.00873532 -0.00536955 -0.00975039 -0.00736856 0.00906528 -0.0345312 0.0146806 0.000109707 0.000738639 0.0181014 -0.00133721 0 -0.0239168 0 0.000700771 0 0.0108659 -0.0184473
internal_weight=14005.2 7329.19 6676.03 3595.62 3482.03 3847.16 2912.16 1081.18 1216.07 683.46 1595.77 2251.39 1065.26 1302.09 3080.41 1073.16 1696.09 1124.57 202.806 1997.45 604.136 1519.82 253.943 878.371 175.356 477.63 571.518 293.2 293.682 78.587 697.954 150.805 81.9906 252.978 131.59 120.816
internal_count=25505 16403 9102 7073 2881 13522 6282 1530 1290 791 5146 8376 986 4085 2029 931 4992 3217 433 7621 2256 5907 755 1097 484 1714 1775 211 1061 271 1829 304 209 928 396 224
is_linear=0
shrinkage=0.0971646


Tree=15
num_leaves=41
num_cat=0
split_feature=14 14 14 6 12 6 47 14 2 32 2 47 6 19 6 49 2 0 47 31 48 2 3 1 1 1 20 43 6 47 47 28 14 18 46 39 45 42 45 12
split_gain=889.4 167.726 105.543 38.148 19.6768 16.2313 12.1793 9.25731 8.96935 7.81808 5.0565 4.79785 4.72513 4.69583 4.41633 4.19837 5.91819 3.69466 3.61302 3.27847 4.16386 3.08852 3.42361 2.81987 2.70084 2.61884 2.40504 2.00862 1.89832 1.86104 1.52769 1.42562 1.38141 1.29036 1.1855 1.18535 1.07276 0.850055 0.741224 0.0332935
threshold=25.455000000000002 17.655000000000005 31.925000000000004 -0.27841686570654922 23.174827129511488 -0.019390332216831372 239.86666666666673 15.915000000000001 0.43665123195606398 1.8967924680012038 -0.58989821594007685 546.35333333333335 -0.27841686570654922 23.779707243714647 -0.97454454254772638 1005.4500000000002 -0.015694285117295544 -0.8665622617887615 73.442500000000109 5.4080331677678322 927.85000000000002 0.53435276464917691 0.7350000000000001 0.27609441636666071 -0.2760944163666606 -0.44542488905322997 22.997188019657546 22.05982354407195 -0.97454454254772638 6.4833333333332197 8.9366666666667633 1.6682229147986567 33.605000000000011 66.250000000000014 1.593977351666404 87.68125000000002 21.203690445997832 0.78304100677166766 21.566624868354868 31.534888502185762
decision_type=2 2 2 2 2 2 2 2 2 2 2 2 2 2 2 2 2 2 2 2 2 2 2 2 2 2 2 2 2 2 2 2 2 2 2 2 2 2 2 2
left_child=1 7 3 4 23 21 14 -1 19 10 13 -8 29 -4 -6 24 18 -18 -17 20 -7 25 33 26 35 36 -2 31 -24 -9 -27 -10 -11 -23 -25 -5 -3 -26 -21 -29
right_child=2 5 9 15 6 8 11 12 27 32 -12 -13 -14 -15 -16 16 17 -19 -20 38 -22 22 28 34 37 30 -28 39 -30 -31 -32 -33 -34 -35 -36 -37 -38 -39 -40 -41
leaf_value=-0.34164668934717274 0.006743643590093812 0.034380210245185887 0.15351112691083449 -0.040252875471444786 0.16928933530639256 -0.034864168077669851 0.14777871915827936 -0.24263555522095584 -0.10743282906702306 0.1273384827687937 0.16313727127446739 0.029808753258283475 -0.14776721286220224 0.0093133947017332228 0.026544352896911098 -0.0019442950500048761 0.022718042118665818 -0.049972457214348724 0.067697634172108875 0.016276444983470625 -0.0077422492156113271 0.028688920918177475 0.0067839175093774426 0.086807520378383032 0.016292986879412892 0.0026611345352942398 0.073621120212701507 0.0048776064264145023 -0.074473662640563154 0.032356274554745143 0.071478047972491299 -0.056855539675586354 0.31316803283509226 -0.019110431381856776 0.0083699204326826565 0.015642607282670896 -0.016666399979614718 -0.018046946012817679 -0.017258208211331359 -0.023295600454419595
leaf_weight=2179.7259607315063 588.6326539516449 53.390417248010635 319.70183899998665 170.75213831663132 117.3051635324955 655.92994293570518 1112.8521473407745 43.341508358716965 541.61032608151436 727.17011058330536 466.09508362412453 181.94002285599709 754.04958647489548 159.72890037298203 394.63529852032661 136.02031302452087 171.08001181483269 180.50246250629425 409.09587833285332 167.18977877497673 341.24536702036858 95.791598707437515 52.418975204229355 180.72963640093803 243.75536289811134 115.1016586124897 114.60129794478416 37.536226332187653 216.8785924911499 54.896658778190613 191.08347368240356 606.50128248333931 1409.0610440671444 127.44227889180183 31.592966318130493 28.556611239910126 241.11817932128906 208.98076951503754 138.53848427534103 38.638857275247574
leaf_count=1032 1832 200 255 621 130 2473 837 42 1154 543 417 209 844 79 1094 520 542 620 777 640 1320 333 160 510 789 433 161 147 710 150 588 1648 738 456 83 111 917 692 547 151
internal_value=0.000972133 -0.0247326 0.0242871 0.0142226 0.0211581 -0.0104418 0.0271552 -0.0416289 -0.0147206 0.0380698 0.0289083 0.0324151 -0.0310766 0.019635 0.0129118 0.00173934 0.00623148 -0.00261461 0.0126986 -0.00851094 -0.0112038 -0.000148131 -0.0061922 0.0088089 -0.00378707 0.00410689 0.00495581 -0.0209443 -0.0136962 -0.00512794 0.0105593 -0.0220038 0.0418791 0.00103563 0.0193418 -0.0131329 -0.00120583 0 0 0
internal_weight=14005.2 6652.43 7352.79 4271.03 2722.29 3620.42 1806.73 3032.01 2527.19 3081.76 945.526 1294.79 852.288 479.431 511.94 1548.74 896.699 351.582 545.116 1302.9 997.175 1093.23 492.531 915.557 652.045 600.694 703.234 1224.29 269.298 98.2382 306.185 1148.11 2136.23 223.234 212.323 199.309 294.509 452.736 305.728 76.1751
internal_count=25505 13945 11560 9528 4856 11877 2270 2068 8080 2032 751 1046 1036 334 1224 4672 2459 1162 1297 4980 3793 3797 1659 2586 2213 2138 1993 3100 870 192 1021 2802 1281 789 593 732 1117 1481 1187 298
is_linear=0
shrinkage=0.0971646


Tree=16
num_leaves=38
num_cat=0
split_feature=17 14 14 6 2 10 14 48 6 47 30 47 49 8 6 26 19 3 22 6 11 2 6 12 27 27 47 25 32 45 47 26 17 17 32 13 2
split_gain=827.749 191.492 73.7394 24.1016 14.9491 13.2246 10.6358 9.97671 8.4067 7.00069 6.15229 5.61507 6.31512 4.88729 4.12589 3.74736 3.64619 3.52279 3.43342 3.16484 2.88425 2.65368 2.29594 2.12513 1.96069 1.89717 1.79722 1.77802 1.68054 1.65047 1.5244 1.3012 1.11861 1.07244 0.994131 0.964055 0.12644
threshold=26.635000000000002 17.655000000000005 32.82500000000001 -0.97454454254772638 0.43665123195606398 33.987781234372761 15.915000000000001 1003.7250789855399 -0.27841686570654922 283.49250000000001 26.409470369128915 8.9366666666667633 925.02171683892095 7.8800000000000017 -0.27841686570654922 25.526194613454845 22.674140153216154 0.89131130605161524 17.064195260295246 -0.27841686570654922 26.781721679238732 -0.035799243486829127 -0.25532376396607759 31.722024723989545 0.48925280692556911 0.16580218160230484 6.4833333333332197 23.655521188994602 1.4636222189531869 24.042869262721826 6.4833333333332197 19.75572196147801 16.305000000000003 20.545000000000005 2.77950505133385 25.344442699847914 0.82392300575755406
decision_type=2 2 2 2 2 2 2 2 2 2 2 2 2 2 2 2 2 2 2 2 2 2 2 2 2 2 2 2 2 2 2 2 2 2 2 2 2
left_child=1 6 3 10 11 18 26 15 17 -9 36 13 16 33 30 -7 -13 31 28 29 27 -20 24 -14 -21 -22 -1 -10 -5 -4 -8 -6 -28 -3 -19 -15 -2
right_child=2 4 19 5 8 7 14 9 20 -11 -12 12 23 35 -16 -17 -18 34 21 22 25 -23 -24 -25 -26 -27 32 -29 -30 -31 -32 -33 -34 -35 -36 -37 -38
leaf_value=-0.31719554991354876 0.063658760926785421 0.01338685244465408 0.2639878151646135 -0.0037352824227928163 0.026084043853319399 0.046178653787548603 -0.21905996435980493 0.01797182238269911 -0.083025228302659862 0.088215019591790567 0.17076899091491671 0.0049822441277734848 0.043948664413258474 5.9589532904759662e-05 -0.13340946817816596 -0.065383258174035966 -0.041873993836379672 -0.084746924127320766 0.035305687817667936 -0.0098130689234034937 0.0045890571833137215 -0.0007775601856072216 0.1350725423627506 -0.0057942897500123892 0.12593263636559632 -0.042747341984313944 -0.20739952126946737 -0.007970583175933698 0.058366436841053471 0.097353531174351124 0.029212389521082065 -0.013419074973812912 -0.09294487074311758 -0.029418109385324992 -0.0096005578411536598 -0.028046590541593808 0.0074262417984667616
leaf_weight=1959.7563665509224 96.598927646875381 23.095242649316788 1722.1683246195316 45.866345047950745 197.52101871371269 89.837596774101257 43.341508358716965 151.80343839526176 901.09676775336266 1355.1473172903061 631.85199317336082 365.6987062394619 379.76640519499779 634.59768590331078 754.04958647489548 72.825955450534821 177.8485996723175 112.02041891217232 1007.5814011096954 53.314426273107529 99.587848544120789 467.27438735961914 305.38298043608665 92.588871717453003 77.126743763685226 396.62908339500427 113.26642873883247 56.336166799068451 315.07829329371452 253.07861304283142 54.896658778190613 128.4770342707634 106.70316544175148 497.78494170308113 57.059755891561508 177.06518799066544 31.094672471284866
leaf_count=814 302 83 987 126 694 153 42 272 2011 992 449 1374 1251 2347 844 106 707 367 2924 104 375 1383 181 352 120 1292 72 208 847 75 150 454 146 1971 185 664 81
internal_value=0.00103915 -0.0214696 0.0258125 0.0179293 -0.00814197 0.0142947 -0.0401911 0.0207246 -0.0144794 0.0231982 0.0340213 -0.00268997 0.00244306 -0.0069195 -0.029187 0 -0.00413489 -0.00249126 0.00819058 0.0395408 -0.0182557 0.00564748 0.0280371 0.0108885 0.0111393 -0.0103406 -0.0442522 -0.0218685 0.0172771 0.0418169 -0.00458778 0.00234213 -0.0283903 -0.0143606 -0.0141685 -0.00158503 0.00940308
internal_weight=14005.2 7329.19 6676.03 4264.96 4297.17 3505.41 3032.01 1669.61 1948.73 1506.95 759.546 2348.45 1015.9 1332.54 852.288 162.664 543.547 495.078 1835.8 2411.07 1453.65 1474.86 435.824 472.355 130.441 496.217 2179.73 957.433 360.945 1975.25 98.2382 325.998 219.97 520.88 169.08 811.663 127.694
internal_count=25505 16403 9102 7635 14335 6803 2068 1523 5586 1264 832 8749 3684 5065 1036 259 2081 1700 5280 1467 3886 4307 405 1603 224 1667 1032 2219 973 1062 192 1148 218 2054 552 3011 383
is_linear=0
shrinkage=0.0971646


Tree=17
num_leaves=40
num_cat=0
split_feature=17 14 14 6 2 14 35 48 14 10 6 1 6 23 14 0 48 22 8 38 6 33 43 3 30 17 22 2 2 49 1 46 6 25 49 38 14 26 1
split_gain=758.421 181.938 74.7501 24.2273 13.1263 12.4244 11.406 8.85324 8.52978 7.96659 7.20632 5.40801 5.39366 4.52005 4.51801 4.3761 4.02674 3.47301 3.47159 3.05336 2.90634 2.83142 2.77113 2.39628 2.32744 2.21216 2.18127 2.38328 1.99613 1.61471 1.24353 1.20505 1.18394 1.04522 1.65766 0.616102 0.695741 0.553823 0.271707
threshold=26.635000000000002 17.655000000000005 31.925000000000004 -0.97454454254772638 0.073290916015887303 15.385000000000003 2.3121377083165306 1007.2066017247435 33.605000000000011 33.4678354387759 -0.27841686570654922 -0.2760944163666606 -0.27841686570654922 19.615002138079564 27.175000000000004 -0.45031992490112288 1005.8047236426189 23.055579340715848 9.0807601499587669 12.313048935522856 -0.019390332216831372 5.6791814103497202 23.79219294372438 0.79255405551209823 28.447445278427889 23.955000000000002 17.653329990782463 0.88999460902669758 0.6546350838569589 1005.7093500998152 0.70075845884162402 0.71226385291355154 -0.27841686570654922 24.899902719619259 924.85000000000002 8.212038465339079 30.280139940107734 24.460433337127299 -0.42109697129093543
decision_type=2 2 2 2 2 2 2 2 2 2 2 2 2 2 2 2 2 2 2 2 2 2 2 2 2 2 2 2 2 2 2 2 2 2 2 2 2 2 2
left_child=1 5 3 7 14 32 9 35 15 29 26 16 23 21 18 19 -8 -13 20 -4 -3 -12 -10 -7 -9 -20 27 -6 -14 -5 -15 -28 -1 34 -16 -2 -37 -21 -30
right_child=2 4 8 6 10 12 11 24 22 -11 13 17 28 30 33 -17 -18 -19 25 37 -22 -23 -24 -25 -26 -27 31 -29 38 -31 -32 -33 -34 -35 -36 36 -38 -39 -40
leaf_value=-0.18602018220878794 -0.030645153704433478 0.0087169750134162161 0.0037040404246332487 -0.0033174388073507954 0.058746201677834946 0.055544492565383463 -0.016438503494772955 0.075801002465982592 0.25020783939578228 0.10625250367559018 -0.075013781061010087 0.028073079374781752 -0.037807904516249075 -0.027158192487396125 0.0087522044873176007 0.0973037228851686 0.017712753391783291 0.072094115380404833 0.018762936044349626 0.060179465500909336 -0.018245264479344294 0.0233259960737515 0.086116427454512062 -0.15395420754315881 0.16027972452892708 -0.013778267064394056 0.0069107914077692631 -0.012097223316812119 -0.071641557812252399 0.072705502057016841 8.5104773480970832e-05 -0.034599342290645402 -0.29512010342161099 -0.0054053882562119628 0.14237895652063789 0.013031823720013904 0.11538842796254739 0.10769451245389039 -0.15108967806648055
leaf_weight=234.20328399538994 36.237771272659302 274.13732680678368 115.07206046581268 136.09094771742821 117.63598397374153 49.603677898645401 332.3499059677124 104.80044943094254 1641.0628528296947 470.37063559889793 1058.0579768419266 949.62015843391418 104.94749835133553 668.51934993267059 68.727051973342896 585.56577304005623 580.2462395131588 265.37084499001503 286.65307646989822 102.47738981246948 827.53364437818527 44.658467441797256 217.66837069392204 79.094384700059891 441.12845331430435 210.00982257723808 90.012397736310959 170.54656240344048 94.36673042178154 178.10891133546829 131.21550196409225 218.26189777255058 1686.4640245735645 39.741671860218048 91.463003218173981 65.552240043878555 35.741581410169601 418.56683027744293 783.33411440253258
leaf_count=203 69 1048 109 453 410 120 856 233 1029 354 2363 2695 159 2484 237 371 1059 448 1120 248 3272 128 61 113 217 794 318 570 133 417 469 771 628 147 204 220 52 211 712
internal_value=0.000948691 -0.0205955 0.0246632 0.0149228 -0.00760282 -0.0388433 0.0108135 0.0316864 0.0358688 0.0210793 -0.0121717 0.00680327 -0.0292832 -0.0151323 -0.00100715 0.0281724 0.000637021 0.0110715 -0.00295337 0.0206387 -0.00613043 -0.019507 0.0406445 -0.00592868 0.0374142 0.00323424 -0.00198822 0.00306043 -0.0318816 0.00712227 -0.00851834 -0.00806278 -0.0440989 0.0122623 0.0157305 0.0056001 0.00990089 0.0239536 -0.0338137
internal_weight=14005.2 7329.19 6676.03 3595.62 4297.17 3032.01 2912.16 683.46 3080.41 784.57 2498.91 2127.59 1111.35 1902.45 1798.27 1221.68 912.596 1214.99 1598.33 636.116 1101.67 1102.72 1858.73 128.698 545.929 496.663 596.457 288.183 982.648 314.2 799.735 308.274 1920.67 199.932 160.19 137.532 101.294 521.044 877.701
internal_count=25505 16403 9102 7073 14335 2068 6282 791 2029 1224 7513 5058 1237 5444 6822 939 1915 3143 6234 568 4320 2491 1090 233 450 1914 2069 980 1004 870 2953 1089 831 588 441 341 272 459 845
is_linear=0
shrinkage=0.0971646


Tree=18
num_leaves=42
num_cat=0
split_feature=14 14 17 6 39 10 4 6 47 34 2 1 40 47 2 47 6 48 17 28 11 49 35 49 2 1 28 44 14 47 17 4 6 3 24 17 17 3 48 40 35
split_gain=661.73 151.592 100.941 25.8425 16.1528 14.3883 13.7499 13.1589 10.4092 13.3669 8.55991 6.74204 5.96671 5.11926 5.80147 4.82182 5.05133 6.30003 3.9536 3.92428 3.54191 3.50067 3.24994 4.49713 3.07897 2.6591 2.27387 1.94157 1.8515 1.62958 1.48917 1.4508 1.35607 1.33059 1.18378 1.16571 1.12375 0.952763 0.896504 0.59616 0.48839
threshold=25.455000000000002 16.675000000000004 31.905000000000005 -0.27841686570654922 68.547916666666694 33.724990601659563 1005.8110952939138 -0.019390332216831372 0.12166666666678037 18.961458333333336 0.3090169943749474 0.49002412863433359 10.6778985808368 290.47499999999997 -0.58989821594007685 410.0750000000001 -0.25532376396607759 1002.4500000000002 24.925000000000004 2.8272799480996853 24.23206575688441 1011.1116423140755 3.4609857373901902 1007.904731552792 0.90515966073569365 -0.46936605301880607 2.7082165547991575 2.8837373247299323 15.915000000000001 8.9366666666667633 34.025000000000013 1005.6082057273537 -0.97454454254772638 0.88443805128769737 25.571332808597635 29.782687423347458 23.955000000000002 0.68270052769999567 1013.85 7.3087617409713319 3.052883733918319
decision_type=2 2 2 2 2 2 2 2 2 2 2 2 2 2 2 2 2 2 2 2 2 2 2 2 2 2 2 2 2 2 2 2 2 2 2 2 2 2 2 2 2
left_child=1 8 3 5 30 11 22 24 28 -10 18 12 -2 35 -15 26 21 -18 20 27 -9 -17 23 -6 25 36 31 -12 -1 -27 -4 -5 -26 -11 -28 -7 -3 -34 -21 -20 -8
right_child=2 7 4 15 6 13 40 10 9 33 19 -13 -14 14 -16 16 17 -19 39 38 -22 -23 -24 -25 32 29 34 -29 -30 -31 -32 -33 37 -35 -36 -37 -38 -39 -40 -41 -42
leaf_value=-0.25867170955232782 0.087047812984440073 0.006779227334915679 0.10160510108149236 -0.031738645003471025 0.016766852548677113 0.094386938055748895 0.067802390159169668 -0.023991289505420711 -0.22505978352598857 0.058664959384453 -0.067523012071398172 0.085900603929303238 0.0025342518029487508 0.12330058464249215 0.041383481204129165 0.027276984429878182 -0.028834956849198456 0.069081911631635212 -0.015796434898873241 -0.0039047011940188648 0.0018170155421349179 -0.066898135806616466 -0.0038037281601633701 0.12492397633021246 0.012887582271536021 -0.002598906573611556 0.056761815698872571 -0.011696623480787682 -0.14334411572784755 0.046030275524960036 0.27694797563951906 -0.0038713865169909766 -0.0065546805247190011 -0.039213877932209332 -0.0080119515178308249 -0.016090001130358109 -0.02654480613787074 -0.075105535823785305 -0.053646134639182309 -0.06761340418382053 0.11256785181910531
leaf_weight=1855.7580518722534 322.33755227923393 223.52032172679901 443.46262180805206 294.52314439415932 191.43300187587738 65.535891145467758 271.15417325496674 340.42313587665558 230.95893573760986 58.421644747257233 1365.8762145638466 333.68436822295189 688.30061075091362 590.39164012670517 425.27760130167007 180.09666162729263 109.66615560650826 394.59498092532158 26.605007529258728 191.92589300870895 671.35308092832565 82.104785114526749 141.76517522335052 263.79974982142448 47.689304530620575 160.39026415348053 95.563168376684189 52.50959974527359 321.63139745593071 310.01019099354744 1370.5022379159927 522.04219868779182 100.08925992250443 49.621473431587219 74.159260183572769 61.218838334083557 239.18904268741608 131.59146031737328 104.86517742276192 132.42465072870255 438.10819289088249
leaf_count=764 647 803 553 1005 173 96 128 1300 162 129 3078 916 2170 284 342 447 354 624 103 589 2599 254 137 92 137 540 255 122 299 992 803 1801 363 68 247 108 905 362 242 521 162
internal_value=0.00115584 -0.0211091 0.0212258 0.0113007 0.0345507 0.0176871 0.025307 -0.00943454 -0.0399203 -0.0210947 -0.0130091 0.0102998 0.00573477 0.0259576 0.0283497 0.00198218 0.0078762 0.0136621 -0.00601115 -0.0175187 -0.00323476 -0.00167076 0.0131537 0.017132 -0.000564124 0.00174042 -0.0021768 -0.0197836 -0.0426225 0.00714437 0.0409195 -0.00463254 -0.00970936 0.00366929 0.00704267 0.00328868 -0.00284767 -0.0129607 -0.00518144 -0.0206541 0.0348388
internal_weight=13974.6 6614.85 7359.72 4239.5 3120.23 2486.75 1306.26 4098.46 2516.39 339.002 2885.98 1344.32 1010.64 1142.42 1015.67 1752.75 766.463 504.261 1170.81 1715.18 1011.78 262.201 596.998 455.233 1212.48 933.11 986.288 1418.39 2177.39 470.4 1813.96 816.565 279.37 108.043 169.722 126.755 462.709 231.681 296.791 159.03 709.262
internal_count=25676 14078 11598 9550 2048 4563 692 12656 1422 359 8554 3733 2817 830 626 4987 1679 978 4523 4031 3899 701 402 265 4102 3240 3308 3200 1063 1532 1356 2806 862 197 502 204 1708 725 831 624 290
is_linear=0
shrinkage=0.0971646


Tree=19
num_leaves=43
num_cat=0
split_feature=14 14 17 10 39 14 48 47 34 37 1 24 9 17 1 35 1 35 46 32 28 47 49 45 17 47 14 2 35 0 46 38 1 48 17 11 3 48 47 9 46 45
split_gain=595.26 166.659 77.6878 15.7428 14.9577 14.4031 11.6324 10.2547 11.7782 7.26075 9.43659 6.28101 5.90828 4.2602 3.8664 3.79277 5.26281 3.76698 3.50503 3.35934 3.14939 2.84637 2.82518 3.2791 2.60033 2.49769 2.40321 2.14685 2.01736 2.00666 1.87342 1.80742 1.75872 1.42254 1.36463 1.32843 1.14212 1.11996 1.04656 0.993612 0.880111 0.609588
threshold=26.525000000000002 16.675000000000004 32.145000000000003 33.724990601659563 68.547916666666694 21.835000000000004 1007.6155773151835 0.12166666666678037 18.961458333333336 68.812500000000014 -0.46936605301880607 24.489849289805811 0.74932386979731735 27.285000000000004 -0.32830505332547355 2.0187032625196313 -0.2760944163666606 6.1253691695852357 0.60771862507803942 0.90995420891344292 3.2212054081456611 333.35416666666674 929.95000000000016 21.614347276216453 23.955000000000002 0.12166666666678037 15.385000000000003 0.85651926849515192 4.6385344660419081 0.019723843907838361 1.2770638300615766 13.215324837801722 -0.2760944163666606 1004.8444486187074 34.025000000000013 37.27017215981973 0.88443805128769737 1005.4054949322053 29.836666666666765 2.4796291999735938 0.67625656594038863 9.9933656155947563
decision_type=2 2 2 2 2 2 2 2 2 2 2 2 2 2 2 2 2 2 2 2 2 2 2 2 2 2 2 2 2 2 2 2 2 2 2 2 2 2 2 2 2 2
left_child=1 7 3 15 34 14 11 26 -9 18 12 31 -11 24 22 19 20 25 33 -2 -17 -12 23 -3 30 -16 -1 -18 -24 40 -7 -6 -26 -5 39 -20 -10 -13 -31 -4 -15 -19
right_child=2 5 4 9 6 13 -8 8 36 10 21 37 -14 29 17 16 27 41 35 -21 -22 -23 28 -25 32 -27 -28 -29 -30 38 -32 -33 -34 -35 -36 -37 -38 -39 -40 -41 -42 -43
leaf_value=-0.24131543137606323 -0.025341984904743785 0.0049875649414670188 0.091186876827725583 -0.048938212573736171 -0.0089938372968298153 0.0032923229296831671 0.10801403442156614 -0.20319193579494993 0.05296480105821607 0.0073214843857785615 0.060941563496186436 0.061631341255489344 0.055486141154721634 0.03987433842795042 -0.08629449779468823 -0.021907410448569004 0.033221962382542602 0.034063406409833866 0.014867782126395673 0.09891419081098686 0.013882479030275317 0.12401635236745671 -0.069379488738153472 -0.042168523399055767 -0.026485167994242827 -0.037021345051881385 -0.14405696679900734 -0.007565826583365869 0.010422932820356593 -0.011556308442431801 -0.025610051492276114 0.046646778129052428 -0.0084785130932276392 0.014185193922651768 0.25003843158050698 0.085641513167454719 -0.035403676490928473 0.099463805441538142 0.06460104395899427 0.086874523588192212 -0.062866424547798588 -0.03633320115096219
leaf_weight=1623.525418817997 46.013729512691498 373.37906348705292 242.64270669221878 56.451682358980179 110.57127639651299 873.38426914811134 416.29312184453011 230.95893573760986 58.421644747257233 300.31757745146751 128.74379974603653 246.40120384097099 579.32466670870781 40.045107990503311 635.87392550706863 350.3196268081665 970.67501351237297 56.57112929224968 64.564625233411789 185.81503084301949 288.56870579719543 567.13416197896004 180.75099197030067 77.183869570493698 652.16835874319077 577.39784556627274 553.86403051018715 134.62687239050865 39.227950245141983 34.977896481752396 302.58505463600159 86.653763860464096 573.31840631365776 62.236110180616379 1370.2522379159927 93.26484876871109 49.621473431587219 238.52371269464493 201.69859385490417 160.23785108327866 51.033448040485382 88.956377536058426
leaf_count=612 138 1151 412 77 81 3433 162 162 129 337 169 107 433 118 1131 1199 2901 128 164 331 761 350 444 298 2526 1397 451 380 100 123 1091 129 2099 106 802 117 68 82 539 73 167 198
internal_value=0.00109529 -0.0181133 0.0220158 0.0127591 0.0341811 -0.00729857 0.0241283 -0.0383619 -0.0197534 0.0193091 0.0219115 0.0151262 0.0142101 -0.00249059 -0.0135415 0.00638448 0.00448643 -0.016745 0.00287881 0.0186075 -0.00200074 0.0309332 -0.00637057 -0.000894082 -0.0040272 -0.0185252 -0.0410321 0.00861645 -0.0155107 0.00741223 -0.000366451 0 -0.00718317 -0.00749576 0.0401172 0.0133282 0.00328287 0.0210432 0.0124265 0.0298858 -0.00106267 0
internal_weight=13974.6 7274.94 6699.63 3828.06 2871.58 4758.55 1098.44 2516.39 339.002 1852.04 1575.52 682.15 879.642 2729.21 2029.34 1976.02 1744.19 1358.8 276.517 231.829 638.888 695.878 670.542 450.563 2401.46 1213.27 2177.39 1105.3 219.979 327.755 1175.97 197.225 1225.49 118.688 1773.13 157.829 108.043 484.925 236.676 402.881 91.0786 145.528
internal_count=25676 16365 9311 7463 1848 14943 561 1422 359 1753 1289 399 770 10096 4847 5710 5241 2854 464 469 1960 519 1993 1449 9149 2528 1063 3281 544 947 4524 210 4625 183 1287 281 197 189 662 485 285 326
is_linear=0
shrinkage=0.0971646


Tree=20
num_leaves=43
num_cat=0
split_feature=14 14 17 10 39 2 48 6 14 6 1 1 16 24 4 6 1 49 17 36 31 46 36 18 6 49 49 43 9 48 50 2 46 1 17 48 9 28 2 6 3 40
split_gain=540.057 133.259 97.6785 20.8171 12.9782 12.6293 11.2538 8.95324 7.7982 7.21259 6.90385 6.65618 8.38473 6.53381 5.26361 5.05148 4.08288 4.41659 3.43687 3.24241 3.22141 3.05751 2.79512 2.7266 2.68616 2.59529 2.28538 2.25269 2.08109 1.73164 1.53186 1.78462 1.6226 1.49614 1.35338 1.07308 0.996639 0.875442 0.729257 0.659604 0.507224 0.249513
threshold=25.455000000000002 16.305000000000003 32.145000000000003 33.724990601659563 68.547916666666694 0.6546350838569589 1007.6155773151835 0.23989033689152681 14.895000000000001 -0.50008149503200283 -0.46936605301880607 -0.34964421742355262 19.915000000000003 24.489849289805811 1005.1004869061809 1.0000000180025095e-35 0.51236666743397874 1006.1073195669223 33.595000000000006 11.444045029764043 4.8694381675861527 1.6233791371294943 4.4703094542363839 63.539963495410326 1.0000000180025095e-35 1014.5500000000001 1005.7093500998152 17.289075870956768 2.4796291999735938 927.25000000000011 0.97174006043864181 -0.035799243486829127 0.57656031651033901 -0.5123666674339783 23.955000000000002 1005.4054949322053 1.3934768868162222 1.9958557095605916 -0.44437817810461328 -0.27841686570654922 1.7910951682073464 16.823390752521593
decision_type=2 2 2 2 2 2 2 2 2 2 2 2 2 2 2 2 2 2 2 2 2 2 2 2 2 2 2 2 2 2 2 2 2 2 2 2 2 2 2 2 2 2
left_child=1 8 3 9 18 15 13 10 -1 16 14 25 21 19 -5 27 17 -2 28 -6 29 -13 -9 -12 39 33 -24 41 -4 -17 32 -32 -11 -7 -22 -15 -14 -20 -29 -10 -18 -3
right_child=2 5 4 7 6 11 -8 22 24 30 23 12 36 35 -16 20 40 -19 37 -21 34 -23 26 -25 -26 -27 -28 38 -30 -31 31 -33 -34 -35 -36 -37 -38 -39 -40 -41 -42 -43
leaf_value=-0.22690188766120151 -0.0023626943699764555 0.022263605681163055 0.070640023228792398 -0.01071264870107006 -0.017832318752070253 -0.017144057459553424 0.097764563977784311 -0.025262494746295647 -0.049743719236024171 0.018865468151729094 0.05391004473490088 -0.00077652662285169897 -0.066560872822464978 0.055642955570051507 0.047571867777547031 -0.03807123496179568 0.085778611181912129 0.04337178934966536 0.12065800573439081 0.022691055605953591 0.001210770341102749 -0.1046523106251097 -0.023070761058365356 0.11069654630946484 -0.13619319159540086 -0.12820985322543221 0.048486241095542282 0.014869981274208037 0.064272887516212282 -0.013070741865143762 0.021503590147222158 -0.011470988549683826 -0.022367877310599752 0.022119745906302779 -0.034894324485194687 0.089243186546490633 -0.13823346781647558 0.21946726566491245 -0.010576921398012563 -0.080190411041181103 0.036551985935474568 0.064783666200949067
leaf_weight=1544.7262091636658 470.56823441386223 31.11239555478096 167.81655541062355 144.83799216151237 83.981723248958588 289.0114521086216 428.56609970331192 64.94754433631897 89.490575700998306 133.60985288023949 266.88328173756599 314.1861392557621 671.30115583539009 246.40120384097099 688.61609235405922 505.35304880142212 258.61933749914169 416.95054048299789 202.90808537602425 113.8237162232399 604.30507436394691 99.225454121828079 69.155016273260117 504.4972468316555 601.41061007976532 68.893145501613617 113.10029873251915 272.15595719218254 127.09838974475861 403.9372273683548 518.34913274645805 320.30227792263031 467.86050808429718 143.74350786209106 110.01241546869278 238.96792179346085 333.07229664921761 1276.7790719270706 366.04285752773285 84.181408196687698 35.081886142492294 82.693176627159119
leaf_count=598 1544 92 310 161 108 842 165 96 127 428 322 955 1324 107 533 1724 710 871 176 103 2239 233 169 337 416 151 135 986 57 1403 1683 1026 1638 472 431 83 461 748 1315 68 88 241
internal_value=0.00115665 -0.0189542 0.0192904 0.01015 0.0332837 -0.00867826 0.0238824 0.0181033 -0.0377602 0.00435387 0.0207531 -0.014613 -0.0181089 0.0149457 0.0134998 -0.00369133 0.00997545 0.0059519 0.0388831 0 -0.0068111 -0.00503687 0 0.0279562 -0.0278283 -0.00383806 0.00700965 0.00247945 0.0245896 -0.0107184 0 0.00240272 -0.00398586 0 -0.00121829 0.0209799 -0.0230349 0.0413885 0 -0.0122143 0.0205124 0.0148933
internal_weight=13974.6 6614.85 7359.72 4473.38 2886.34 4295.05 1111.74 1852.04 2319.81 2621.34 1604.83 1919.43 1417.79 683.175 833.454 2375.61 1181.22 887.519 1774.6 197.805 1623.61 413.412 247.203 771.381 775.083 501.648 182.255 752.004 294.915 909.29 1440.12 838.651 601.47 432.755 714.317 485.369 1004.37 1479.69 638.199 173.672 293.701 113.806
internal_count=25676 14078 11598 9741 1857 12869 566 1753 1209 7988 1353 4438 2973 401 694 8431 3213 2415 1291 211 5797 1188 400 659 611 1465 304 2634 367 3127 4775 2709 2066 1314 2670 190 1785 924 2301 195 798 333
is_linear=0
shrinkage=0.0971646


Tree=21
num_leaves=34
num_cat=0
split_feature=14 14 14 6 14 6 47 1 6 14 48 6 6 1 0 6 31 1 1 13 47 15 4 4 4 3 2 15 32 3 12 12 28
split_gain=474.606 132.643 89.0012 27.7626 14.8513 10.4394 9.39704 8.25393 9.28301 5.92608 5.7103 4.86997 4.69588 4.87229 4.48154 4.16653 4.21563 4.11041 4.25976 3.42012 3.31475 2.92727 2.59378 2.56574 1.88836 1.50232 1.38127 1.2751 1.15899 1.01457 0.400498 0.366775 0.256785
threshold=25.935000000000006 15.915000000000001 33.186514886838438 -0.97454454254772638 19.395000000000003 -0.27841686570654922 1.0000000180025095e-35 0.39489619604532805 -0.86320597962977363 14.175000000000002 1006.2157417856919 -0.27841686570654922 -0.27841686570654922 0.72654786141967487 -1.0034293416100994 -0.50008149503200283 4.8282719365671953 -0.30270175173618613 0.89001933454452098 35.504880027243125 617.30833333333328 23.764734630615521 1010.6500000000002 1014.2500000000001 929.95000000000016 0.88443805128769737 -0.73249407161357893 17.015000000000004 0.89239749527726264 0.78500000000000014 23.75292075496559 24.118268072608895 1.4535542853425454
decision_type=2 2 2 2 2 2 2 2 2 2 2 2 2 2 2 2 2 2 2 2 2 2 2 2 2 2 2 2 2 2 2 2 2
left_child=1 6 3 10 11 7 27 8 -5 -8 30 28 13 -4 -7 21 26 24 -19 31 -16 25 -9 -18 -13 -6 -17 -1 29 -3 -2 -14 -30
right_child=2 4 12 5 15 14 9 22 -10 -11 -12 17 19 -15 20 16 23 18 -20 -21 -22 -23 -24 -25 -26 -27 -28 -29 32 -31 -32 -33 -34
leaf_value=-0.21758005496510424 0.0094380486897851276 0.064912472410460595 0.092891362259214391 0.0029046004839526976 0.011412227208770019 0.08667817819600232 -0.19583478067373397 0.097477784408465176 0.060713893868315202 -0.014143402878096675 0.10779397732372835 0.0066899278817943632 -0.021722562986196021 0.23215028057743087 -0.0026124554571801835 -0.0069139507198149996 0.0007970093764940279 -0.089531797958479722 -0.00092220398141632984 0.062975803247031156 0.028505294023015867 0.099396178737327381 0.015915769852764914 -0.0716846377024426 -0.058804847280925894 -0.025961367465671535 -0.029851143091359795 -0.13848993089788189 -0.11840780153154615 -0.020078341614411684 0.074738896528841373 0.074360689452699566 -0.0034235690233831088
leaf_weight=1114.8781762421131 78.740396708250046 51.835701733827591 738.07030808925629 933.72510173916817 328.10509777069092 45.984938859939575 165.20860257744789 573.02209007740021 972.89438927173615 130.30612283945084 589.15916267037392 135.04936182498932 48.340988367795944 1045.5162177681923 1331.5711387097836 311.41413310170174 1079.2616173028946 945.17739415168762 84.444428473711014 280.63643574714661 210.7665943801403 103.69466096162796 94.497680723667145 154.27736222743988 131.47938150167465 273.18978554010391 1064.4906472563744 712.29108586907387 46.42384347319603 43.917493969202042 62.588755220174789 55.817550331354141 37.799471765756607
leaf_count=349 253 157 286 1784 1147 9 102 1066 1191 168 358 284 122 652 3870 1231 4111 1180 164 114 390 269 262 475 221 932 3642 393 85 102 99 104 104
internal_value=0.00112654 -0.0169343 0.0188687 0.0114651 -0.00785217 0.00824278 -0.0371905 0.0120923 0.00844043 -0.0180033 0.0291358 -0.0160506 0.0353395 0.0378869 0.00172476 -0.00406105 -0.00589688 -0.0181301 -0.0210836 0.0222295 0.000521987 0.00212751 0.0218022 -0.00135347 -0.00502938 0 -0.00964888 -0.0400259 0 0.00614031 0.00719973 0.00217791 -0.00909712
internal_weight=13974.6 6913.24 7061.33 4892.95 4790.56 4162.46 2122.68 2574.14 1906.62 295.515 730.488 1476.13 2168.38 1783.59 1588.32 3314.43 2609.44 1296.15 1029.62 384.795 1542.34 704.99 667.52 1233.54 266.529 601.295 1375.9 1827.17 179.977 95.7532 141.329 104.159 84.2233
internal_count=25676 15116 10560 9282 14104 8572 1012 4303 2975 270 710 2297 1278 938 4269 11807 9459 1849 1344 340 4260 2348 1328 4586 505 2079 4873 742 448 259 352 226 189
is_linear=0
shrinkage=0.0971646


Tree=22
num_leaves=43
num_cat=0
split_feature=17 23 17 27 23 10 47 6 47 15 40 43 48 35 35 1 10 1 37 44 31 48 46 1 40 47 46 49 10 27 47 17 15 10 4 35 46 3 31 46 39 22
split_gain=418.892 127.186 65.7858 15.1637 15.1299 12.4176 11.0569 10.9376 10.8151 8.68281 8.40554 7.18283 10.0291 5.4441 5.33918 7.91624 4.50775 4.23601 4.59742 3.43814 3.32214 3.86562 3.25289 3.85984 3.16601 3.73064 3.1147 2.63867 2.58392 2.30821 2.0119 1.85892 1.75097 1.71855 1.50961 1.50577 1.40796 1.16333 1.07616 1.07453 0.690825 0.168737
threshold=26.955000000000002 14.995177773820114 32.805000000000007 0.67301073749629758 12.472739066571283 36.615661799306324 0.12166666666678037 -0.97454454254772638 0.12166666666678037 23.853267320462901 12.78136202802901 24.231482382040124 1005.4054949322053 5.5697438774243624 2.3121377083165306 0.1721660691770612 32.974065642857902 0.51236666743397874 74.859844546396374 1.3994628779019125 4.906682135024842 1013.85 1.6917788852033597 0.46459913687673576 17.570792113700382 684.40166666666676 0.53457106724311232 927.45000000000016 37.622770884326634 1.2637290365007106 232.90833333333327 24.925000000000004 29.205000000000002 30.989664560871464 929.6500000000002 5.1146067021026509 0.73193684056841446 0.84500000000000008 4.0087413770711242 1.7745392202814414 44.991666666666674 23.225138898517631
decision_type=2 2 2 2 2 2 2 2 2 2 2 2 2 2 2 2 2 2 2 2 2 2 2 2 2 2 2 2 2 2 2 2 2 2 2 2 2 2 2 2 2 2
left_child=1 4 5 10 -1 7 9 27 13 20 -4 12 26 -6 16 -16 -9 18 35 29 34 -22 37 -24 41 -26 -7 -2 -14 -19 -29 36 -33 -20 -3 -8 -11 -10 -5 -15 -21 -12
right_child=2 6 3 38 8 11 17 14 22 31 24 -13 28 39 15 -17 -18 19 33 40 21 -23 23 -25 25 -27 -28 30 -30 -31 -32 32 -34 -35 -36 -37 -38 -39 -40 -41 -42 -43
leaf_value=-0.19119388683712737 0.010601945440892629 -0.037168630676528862 0.017043448348117961 0.08933925227390134 -0.13712439024253301 -0.0051872385719608618 -0.032865122196999275 0.0063970748674029342 0.052968449351303785 0.015321319443175999 0.098176272315562113 0.0083133079118424928 0.037609754483273465 -0.11240219839950538 -0.01661404446872106 0.028843967344406463 0.0734682560244211 0.063595400442709213 -0.0035805246458599791 0.058117674065465953 -0.0057151844200676212 -0.062777924827751672 -0.16306568938714655 0.0040798897488539092 -0.043662260995120723 0.15913767549352523 0.083237789728314596 0.034439716851795719 0.086156920191548414 0.0068425897853577706 0.069100448901065009 -0.038067403577683068 0.012594246323143543 0.090537535057920407 -0.12609286717696799 0.0056340039556625286 -0.011515588589769903 -0.032346471887925041 0.18523038548109558 -0.019318264197852909 -0.02681154021159967 0.082266030898144396
leaf_weight=1140.79943972826 64.704365581274033 370.07996508479118 303.26453837752342 138.91353470087051 871.75378146767616 163.19139856100082 676.902607858181 230.19488832354546 55.48799729347229 236.0584519803524 419.46438747644424 230.16780829429626 194.41001135110855 88.797966361045837 803.28393733501434 1001.4118964076042 365.10315054655075 262.27278682589531 1406.3793238997459 27.874222606420517 356.40704834461212 215.12451353669167 67.11763396859169 69.977715104818344 74.011125981807709 61.205347180366516 139.66925719380379 91.203920662403107 442.72571313381195 168.08445888757706 296.96852990984917 162.07168310880661 53.562473922967911 89.507839381694794 299.52836272120476 82.942096292972565 425.49159649014473 65.448817521333694 1239.5051108002663 118.92274984717369 185.93989929556847 218.64376389980316
leaf_count=413 215 940 114 201 498 94 2121 668 124 923 216 122 138 70 2122 2623 351 813 5032 91 1003 293 67 160 141 86 113 155 153 551 285 642 183 216 394 250 1477 102 664 169 618 65
internal_value=0.00110141 -0.0145016 0.0192217 0.0318476 -0.0325324 0.0113929 -0.00549775 0.00767592 -0.024598 -0.0108615 0.0221436 0.0200484 0.0238847 -0.0289569 0.00481783 0.00189617 0.0129079 -0.00142545 -0.00352474 0.00524862 -0.0161654 -0.00922993 -0.00460424 -0.0155372 0.0277097 0.00887866 0.00730216 0.0217547 0.0310293 0.0105061 0.0248039 -0.00284255 -0.0106207 -0.000101337 -0.0213829 -0.00967798 0 0.00442242 0.0390532 -0.0111697 -0.00336424 0.0309741
internal_weight=13974.6 7496.53 6478.04 2455.01 2478.31 4023.03 5018.23 2852.87 1337.51 2118.32 1076.59 1170.16 939.996 1079.47 2399.99 1804.7 595.298 2899.9 2255.73 644.171 1241.14 571.532 258.032 137.095 773.325 135.216 302.861 452.877 637.136 430.357 388.172 877.184 215.634 1495.89 669.608 759.845 661.55 120.937 1378.42 207.721 213.814 638.108
internal_count=25676 17150 8526 1487 1603 7039 15547 6419 1190 5855 622 620 498 737 5764 4745 1019 9692 7619 2073 2630 1296 453 227 508 227 207 655 291 1364 440 3225 825 5248 1334 2371 2400 226 865 239 709 281
is_linear=0
shrinkage=0.0971646


Tree=23
num_leaves=37
num_cat=0
split_feature=14 14 14 6 2 14 47 6 2 2 1 17 17 48 46 40 2 14 8 6 35 34 31 45 17 1 43 1 6 6 39 35 44 18 45 14
split_gain=364.798 108.19 82.3276 24.8377 13.6204 10.7188 8.48186 8.03227 7.35484 9.0171 6.50945 6.28887 6.1675 5.38356 4.83613 4.69138 4.39302 3.58129 3.32569 3.31029 3.20575 3.04743 2.42083 2.76258 2.3081 2.29158 2.06878 2.05898 1.58664 1.92114 1.23369 1.00315 0.565469 0.450583 0.442282 0.0996489
threshold=25.455000000000002 15.385000000000003 33.605000000000011 -0.97454454254772638 0.6546350838569589 28.79259324768978 0.12166666666678037 -0.27841686570654922 -0.9993703818063705 -0.98561654718406888 -0.32830505332547355 15.385000000000003 35.855000000000011 1006.2157417856919 1.56347699339038 11.968950621181918 0.99548449742306455 14.175000000000002 15.382952269013868 -0.019390332216831372 1.4909181588487439 18.15229166666667 4.2710688214807471 9.9933656155947563 23.955000000000002 -0.88203985695844955 17.289075870956768 -0.082919707484762351 -0.27841686570654922 -0.25532376396607759 83.597916666666677 3.052883733918319 0.47262174067608692 67.813693007278331 16.185782005058126 28.365000000000006
decision_type=2 2 2 2 2 2 2 2 2 2 2 2 2 2 2 2 2 2 2 2 2 2 2 2 2 2 2 2 2 2 2 2 2 2 2 2
left_child=1 7 3 13 19 20 10 11 -7 -10 30 -1 15 27 21 -4 -12 -9 -16 26 -5 -8 23 -21 -24 -22 34 35 -17 -30 -6 33 -28 -15 -3 -2
right_child=2 4 12 5 6 8 14 17 9 -11 16 -13 -14 31 18 28 -18 -19 -20 22 25 -23 24 -25 -26 -27 32 -29 29 -31 -32 -33 -34 -35 -36 -37
leaf_value=-0.1714309580667302 0.0098173337079749835 0.054591577621922835 0.0045788114118248827 0.095021115457129296 0.018511388301419709 0.13161906747552704 0.038777023969750669 -0.18272849733628679 -0.049288866155978307 0.032086197983263967 -0.10712226989819716 0.0080130102765162987 0.28608497673728861 0.031093394944718411 -0.086059708654147804 0.095605012329336228 -0.016841237685579047 -0.10930086729440047 -0.00092363072861086353 0.026186202605508541 -0.025756313319333212 -0.016082644680201097 0.0012584861248568281 -0.033354423312332147 -0.032176849457696888 0.0038851241048971788 0.015209020008998545 0.078079697696022146 0.015095378331028923 0.046519761224521394 -0.036763004440136998 0.10628114934791633 -0.0078125301383723984 0.079766503161780022 0.032158845730336123 -0.0275813870327117
leaf_weight=114.39588838815689 37.375252723693848 89.733819544315338 139.95399022102356 88.087887287139893 81.512108445167542 167.24691328406334 90.652178734540939 1034.5804914236069 172.1287690103054 2548.1598801314831 789.3808511197567 104.99102368950844 719.1482230424881 147.47986608743668 211.13782343268394 793.63486596941948 155.8035591840744 602.85192206501961 78.505717575550079 59.063402533531189 300.42392301559448 750.76227754354477 879.41354203224182 525.00174576044083 207.26907056570053 1398.9478400945663 282.52425700426102 90.969858944416046 86.133556127548218 136.18493291735649 192.82780557870865 322.26209801435471 331.14135509729385 175.38986906409264 33.305267661809921 36.194283932447433
leaf_count=54 127 249 47 202 221 92 255 306 290 3635 841 141 327 104 426 484 206 307 211 137 1030 2224 3242 1724 817 4480 1001 199 136 97 412 169 1206 118 98 61
internal_value=0.000989455 -0.0155333 0.0158982 0.00976934 -0.00764597 0.00691303 -0.0129437 -0.0354699 0.0105837 0.00912102 -0.0187488 -0.0143388 0.0335541 0.0256499 -0.00627529 0.0278105 -0.0226782 -0.0380095 -0.0172549 -0.00228663 0.000737071 -0.00194244 -0.00477468 -0.00996678 -0.00157266 0 0.00277551 0.00625015 0.0302812 0.0175333 -0.0035731 0.0298875 0 0.0215376 0.0141481 -0.0011206
internal_weight=13974.6 6614.85 7359.72 5484.67 4758.03 4675 2350.58 1856.82 2887.54 2720.29 1219.52 219.387 1875.06 809.671 1131.06 1155.91 945.184 1637.43 289.644 2407.45 1787.46 841.414 1670.75 584.065 1086.68 1699.37 736.705 164.539 1015.95 222.318 274.34 645.132 613.666 322.87 123.039 73.5695
internal_count=25676 14078 11598 10507 13270 9729 4796 808 4017 3925 1680 195 1091 778 3116 764 1047 613 637 8474 5712 2479 5920 1861 4059 5510 2554 387 717 233 633 391 2207 222 347 188
is_linear=0
shrinkage=0.0971646


Tree=24
num_leaves=31
num_cat=0
split_feature=2 14 14 6 6 6 36 44 0 42 6 48 42 23 33 7 40 37 4 9 27 31 14 20 14 39 32 40 50 25
split_gain=348.865 99.3327 67.8453 36.444 12.6515 12.0554 8.68894 8.01602 6.70994 6.46116 5.96654 5.78205 4.53631 3.78512 4.04467 5.8107 3.22774 3.02179 2.60734 2.6018 2.33628 2.33528 2.33297 2.30633 2.29871 1.83968 1.61968 1.09625 0.901245 0.466597
threshold=0.63874942205152718 34.024186059540789 15.385000000000003 -0.27841686570654922 -0.97454454254772638 -0.27841686570654922 9.7164207827061109 1.0000000180025095e-35 -1.0034293416100994 1.0000000180025095e-35 -0.27841686570654922 1006.2157417856919 1.0000000180025095e-35 16.482553589960954 4.6283513594677244 7.7200000000000006 12.06035058193817 91.612500000000026 1015.0500000000001 2.7508387839120041 0.90700091790003345 5.0616611104397373 35.073010890924671 23.163151478494456 14.175000000000002 54.381250000000009 2.0452033310012792 17.315503125139692 1.4124816095125332 18.354717946166534
decision_type=2 2 2 2 2 2 2 2 2 2 2 2 2 2 2 2 2 2 2 2 2 2 2 2 2 2 2 2 2 2
left_child=1 3 10 4 11 25 13 -6 -5 -9 19 23 -10 14 15 -4 -13 -14 21 -2 26 -15 -7 -1 -12 -3 -8 -28 -22 -20
right_child=2 5 6 8 7 22 20 9 12 -11 24 16 17 18 -16 -17 -18 -19 29 -21 28 -23 -24 -25 -26 -27 27 -29 -30 -31
leaf_value=0.055561923013986839 -0.019794211070491719 0.29399048465452932 -0.032504360958939785 0.074634906132227771 0.084727038835528443 0.00030166908931937971 -0.042349739405799863 0.13888987480208681 0.057932023067464901 0.027475480055647979 -0.17769258003108016 0.061752059079227352 -0.0019338418720621676 -0.0368788735156034 -0.0031482119257329345 -0.14644404983340079 0.10761651970619894 -0.020640723841119549 -0.017896520777030238 -0.24720049674833597 -0.09118017922037458 -0.0039197755121381439 0.067777416690372669 -0.013857956988485505 -0.117601636634501 0.076154601619536799 -0.0059748993807786817 0.015820388874272392 -0.019278872704357058 -0.10727225544410167
leaf_weight=123.22953808307648 119.20854383707047 603.99008721113205 298.29368588328362 51.984938859939575 94.730943441390991 114.50832366943359 86.329011261463165 64.464978456497192 44.671404123306274 2975.3172719478607 1056.1909407675266 317.13805228471756 3199.7958630621433 544.20573106408119 95.505546718835831 571.65965315699577 309.68224734067917 305.72193369269371 40.115294843912125 143.99888372421265 82.785722643136978 375.28571584820747 140.64687371253967 37.921734839677811 599.239442050457 720.62294986844063 360.24759900569916 228.50106602907181 64.412117600440979 210.61544308066368
leaf_count=356 131 376 443 10 19 99 225 12 9 5517 307 196 9896 1515 146 486 186 1138 135 77 133 1192 132 28 290 305 999 634 124 440
internal_value=-0.000154526 0.011047 -0.0211488 0.00632012 0.0128019 0.0332377 -0.0116831 0.00978623 -0.000624464 0.00871272 -0.035479 0.024176 -0.00126107 -0.0149945 -0.0200445 -0.0221242 0.0285636 -0.00177919 -0.0104238 -0.0181109 -0.00254193 -0.00722887 0.0111965 0.00429964 -0.0379453 0.037127 0 0.00173849 -0.0135037 -0.0202346
internal_weight=13981 9104.43 4876.59 7524.66 3922.48 1579.77 2957.96 3134.51 3602.17 3039.78 1918.64 787.972 3550.19 2135.68 965.459 869.953 626.82 3505.52 1170.22 263.207 822.276 919.491 255.155 161.151 1655.43 1324.61 675.078 588.749 147.198 250.731
internal_count=25556 18279 7277 17367 6314 912 6472 5548 11053 5529 805 766 11043 4357 1075 929 382 11034 3282 208 2115 2707 231 384 597 681 1858 1633 257 575
is_linear=0
shrinkage=0.0971646


Tree=25
num_leaves=35
num_cat=0
split_feature=2 17 23 6 11 1 49 6 0 45 2 5 48 2 1 35 10 2 39 1 46 28 17 33 35 39 1 46 30 25 8 13 2 23
split_gain=301.06 80.9147 64.8381 29.7397 16.8331 12.5106 12.5699 11.1019 9.22683 7.04615 6.82532 6.80906 7.17762 6.28612 5.72461 5.70821 4.00278 3.08702 3.04705 3.02077 5.47816 3.3447 2.60787 2.6 2.48326 2.45024 1.87107 2.73057 1.87466 1.68476 1.67266 0.887634 0.466295 0.289458
threshold=0.63874942205152718 34.48169223055438 13.56135007199034 -0.27841686570654922 34.013043876353301 0.20088869483109786 1006.5033595732835 -0.27841686570654922 0.49944537339916317 23.65902954180314 0.82392300575755406 -0.97500813798124975 1002.4500000000002 -0.53253866550971873 -0.49158637706198599 5.1146067021026509 34.605656109698394 0.99370977118463066 63.66458333333334 0.91126478743521899 0.65810447093576607 2.4853429479985056 18.255000000000006 1.5903303906186557 5.1601252912852091 77.893750000000011 0.51236666743397874 1.56347699339038 24.31561718604571 16.029110187328577 8.490000000000002 32.746536224327116 0.80898702767051955 12.472739066571283
decision_type=2 2 2 2 2 2 2 2 2 2 2 2 2 2 2 2 2 2 2 2 2 2 2 2 2 2 2 2 2 2 2 2 2 2
left_child=1 3 10 5 18 6 25 26 17 23 -2 12 31 -8 30 -16 -14 24 -3 21 -21 -13 -19 -7 -9 -1 27 29 -28 -4 -10 -5 -30 -12
right_child=2 4 7 11 -6 9 13 8 14 -11 33 19 16 -15 15 -17 -18 22 -20 20 -22 -23 -24 -25 -26 -27 28 -29 32 -31 -32 -33 -34 -35
leaf_value=-0.039664932094484698 -0.069554938889585943 0.18543333450021018 0.026176835391678265 1.9322751669519497e-05 0.068822417692054716 0.016368313547346362 0.057106899017011319 -0.051971276236932741 -0.074251382301111488 0.1271561387477331 -0.17549066405257646 -0.008605482531465489 0.017946805035384615 0.012330209669625248 -0.12346282783501464 -0.021833672574285395 0.044154232247631597 0.024861107604037532 0.060216427016443891 0.073089384510292135 -0.0014797433467500217 0.009881499784368409 -0.040796919266633209 0.056199180078040818 -0.0035793389356599901 0.00098648651292209473 0.078467653794465894 -0.059404907643287042 -0.017431748884616502 -0.012007160940262503 0.0188052512564746 -0.085862735208438248 0.026247794119770042 -0.12257420098292438
leaf_weight=107.69230183959007 220.70250874757767 884.9613750576973 143.53020456433296 109.57989141345024 224.13485756516457 139.00886198878288 1009.9104748368263 858.9137559235096 64.609372198581696 204.66146197915077 1001.2419742941856 2090.9917714595795 84.418450206518173 842.4737257361412 779.12286821007729 132.80200183391571 199.2413378059864 87.306704610586166 225.85179382562637 123.60879236459732 502.48058769106865 629.30930843949318 83.589594751596451 986.15039932727814 206.21638563275337 712.14183369278908 45.311056911945343 85.613453298807144 83.395347952842712 510.35098120570183 83.366076022386551 27.809915363788605 41.870291411876678 448.65181994438171
leaf_count=286 159 494 461 381 114 442 579 1947 121 84 308 6728 226 957 691 153 103 143 121 264 1474 1984 244 1776 520 2204 120 234 258 1422 183 62 80 233
internal_value=-0.000264791 0.0101387 -0.0197694 0.00626713 0.0322878 0.0120966 0.00797946 -0.0114658 -0.015092 0.0200131 -0.0354006 0 0.0116682 0.0124362 -0.0220236 -0.0249475 0.0207308 -0.00876463 0.0372641 -0.00139853 0.00441041 -0.00289557 0.00128783 0.0162337 -0.0107761 -0.00158039 -0.00183075 -0.00430612 0.00633094 -0.00141566 -0.00104006 -0.00404643 0 -0.0380864
internal_weight=13981 9104.43 4876.59 7769.48 1334.95 4002.04 2672.22 3206 2295.93 1329.82 1670.6 3767.44 421.05 1852.38 1059.9 911.925 283.66 1236.03 1110.81 3346.39 626.089 2720.3 170.896 1125.16 1065.13 819.834 910.071 739.495 170.577 653.881 147.975 137.39 125.266 1449.89
internal_count=25556 18279 7277 17550 729 6328 4026 6577 4002 2302 700 11222 772 1536 1148 844 329 2854 615 10450 1738 8712 387 2218 2467 2490 2575 2117 458 1883 304 443 338 541
is_linear=0
shrinkage=0.0971646


Tree=26
num_leaves=31
num_cat=0
split_feature=14 14 14 14 28 47 44 47 33 6 1 9 6 5 48 5 44 1 1 4 26 24 16 48 48 38 23 45 28 50
split_gain=251.703 96.3804 41.0688 32.3817 13.757 8.05161 7.9583 6.76524 7.09941 5.5426 4.98787 4.39356 4.02017 3.62067 3.61465 3.50324 2.95884 2.28967 2.78825 2.25673 1.8054 1.90915 1.27243 1.22272 1.06455 0.55445 0.539757 0.360249 0.113203 0.0734369
threshold=19.395000000000003 35.073010890924671 14.895000000000001 28.79259324768978 1.9669155086304706 1.0000000180025095e-35 0.16174535676323634 0.12166666666678037 4.7260928642111777 -0.97454454254772638 0.41787262833948019 5.2233646409586632 -0.42313684928188278 -0.97500813798124975 1016.85 0.2381304330806697 0.45088830995414292 -0.30270175173618613 0.74409704927257569 1008.2349810780099 14.995611235216806 18.506985053780131 19.665000000000003 930.6500000000002 929.95000000000016 4.788962984868955 11.531433387294726 20.277110396566886 4.0584542830761068 0.79454544801083282
decision_type=2 2 2 2 2 2 2 2 2 2 2 2 2 2 2 2 2 2 2 2 2 2 2 2 2 2 2 2 2 2
left_child=2 3 5 9 11 26 -6 8 17 19 -8 13 27 -5 16 20 -11 24 -19 28 -9 -22 -16 -17 -4 -25 -1 -3 -2 -21
right_child=1 12 7 4 6 -7 10 15 -10 14 -12 -13 -14 -15 22 23 -18 18 -20 29 21 -23 -24 25 -26 -27 -28 -29 -30 -31
leaf_value=-0.20423531182976357 -0.010582974375997438 0.25532186051148448 0.0009329920647412627 0.023962950668691502 0.061853984554709925 -0.09871532893047448 0.021363608788785012 -0.00030282503917667688 0.011133418758589605 0.0064967853673220579 0.064429000917482243 -0.029672127580144012 0.057975298543549124 -0.0029088429383103409 -0.013588344416199865 0.054138467154567479 -0.0072592291795272063 -0.096732672305394979 -0.013688221749589497 0.077020369744254191 -0.10722243862301739 -0.0088473987385078237 -0.089523346223899403 -0.062604443562953041 -0.054812853458380384 0.036609385995212892 -0.11786639420719622 0.10437375114308844 0.030555175353733699 0.024295843908752199
leaf_weight=607.43932580947876 62.873491257429123 575.22673863172531 119.50292885303497 265.92689952254295 242.37216702103615 237.84463983774185 1861.5982841253281 114.39018020033836 128.57845041155815 1185.0437170267105 1092.6754105091095 61.98406133055687 161.15336680412292 768.07964092493057 35.379274964332581 86.470755249261856 3343.4841135144234 1041.1515635848045 127.82740512490273 109.10548338294029 120.83371213078499 70.703727930784225 95.276997774839401 45.541857868432999 132.18973571062088 75.530760079622269 789.6474966108799 272.08891353011131 71.2719486951828 79.828489691019058
leaf_count=139 179 315 241 327 72 168 1737 164 173 4058 1374 48 137 1376 101 227 11626 877 215 156 142 138 290 92 192 206 317 92 210 167
internal_value=-0.000359156 0.00742792 -0.0221192 0.00426824 0.0104592 -0.0337732 0.0136863 -0.0126399 -0.0158892 -0.00098325 0.0120362 0.000646848 0.0359667 0.00255489 -0.0019176 -0.00197447 -0.00134958 -0.0179264 -0.0199866 0.0110761 -0.00916804 -0.0148692 -0.0179397 0.00658183 -0.00655969 0 -0.0368176 0.0391476 0 0.0178724
internal_weight=13981 10283.4 3697.65 9274.9 4292.64 1634.93 3196.65 2062.72 1549.25 4982.26 2954.27 1095.99 1008.47 1034.01 4659.18 513.471 4528.53 1420.67 1168.98 323.079 305.928 191.537 130.656 207.543 251.693 121.073 1397.09 847.316 134.145 188.934
internal_count=25556 22265 3291 21721 4934 624 3183 2667 1698 16787 3111 1751 544 1703 16075 969 15684 1525 1092 712 444 280 391 525 433 298 456 407 389 323
is_linear=0
shrinkage=0.0971646


Tree=27
num_leaves=35
num_cat=0
split_feature=2 17 23 47 48 27 42 47 7 34 2 23 31 35 1 35 1 0 12 5 4 27 26 31 1 46 8 35 4 10 7 39 50 3
split_gain=230.562 70.5016 57.6638 23.9079 15.9782 14.5685 10.919 10.1494 8.86776 10.044 8.56468 7.68501 9.21976 5.82899 5.65591 5.58874 4.4126 3.92771 3.90658 2.70436 2.64333 2.59475 2.50197 2.13058 2.10553 1.72242 1.50286 1.37319 1.32071 1.30423 2.20248 2.14563 1.01071 0.0636197
threshold=0.63874942205152718 35.084355954512603 13.56135007199034 239.86666666666673 1006.0018646850926 0.63941818880430568 0.070287765057910553 0.12166666666678037 8.3300000000000018 28.245625000000008 -0.53253866550971873 11.531433387294726 1.9407340701424056 5.2149623676404895 -0.30270175173618613 3.029936264328716 -0.098819223632317363 0.49944537339916317 27.285505758227263 0.60079734880831859 1017.7500000000001 0.33489704646329743 14.995611235216806 4.1134828434294066 0.41787262833948019 1.3430383776742474 16.615000000000006 4.3134244018682759 1007.8023305993503 31.576577565346501 5.1350000000000007 91.214583333333337 0.92088072788233266 0.68270052769999567
decision_type=2 2 2 2 2 2 2 2 2 2 2 2 2 2 2 2 2 2 2 2 2 2 2 2 2 2 2 2 2 2 2 2 2 2
left_child=1 3 11 16 8 -3 -6 13 9 -5 -8 -2 -13 14 20 -10 29 -16 28 21 -4 24 -23 -20 -9 -14 -15 -7 -18 31 -31 -1 33 -21
right_child=2 5 7 4 6 27 10 19 15 -11 -12 12 25 26 17 -17 18 -19 23 32 -22 22 -24 -25 -26 -27 -28 -29 -30 30 -32 -33 -34 -35
leaf_value=-0.0025574546777465479 -0.17889947123875838 0.056062089607914867 -0.0050210991350836858 0.006545250649656764 0.081178229958489265 0.066785915614937935 0.055287990207291027 -0.011326018075821662 0.064358420734816651 -0.029188553154042271 0.017299328342329483 -0.0073231990402293674 -0.063744139994435692 0.043996884057089791 -0.029342501637670684 0.015070323615143303 0.046277931225401123 -0.10906958621593917 -0.01567933809561451 0.04176703902775665 -0.21718511298589815 0.0093425689562707612 -0.037181206879111729 0.0091754461859083463 0.043967204127727713 -0.12465163792433599 -0.056294650886171138 0.21704153232731246 -0.0050518621934316421 -0.059755646035623555 0.0047750039653268947 -0.036908397515881729 0.066065088827587284 -0.055065077711485479
leaf_weight=1385.042483240366 724.82529598474503 166.04216864705086 300.21490490436554 789.58999574184418 183.66731011867523 230.41949793696404 1005.2932332158089 679.99449515342712 243.1170702278614 240.02146753668785 1092.0651799142361 182.82897040247917 217.12398031353951 69.009027272462845 246.43153122067451 1050.0534755587578 325.10611212253571 774.69473296403885 414.17665860056877 46.798621416091919 45.741676211357117 91.010665774345398 649.65656968951225 922.24274373054504 123.83312979340553 545.81805628538132 64.455771893262863 646.11403679847717 64.893704771995544 100.40149530768394 61.227716952562332 184.95279017090797 79.212976932525635 34.943991303443909
leaf_count=5045 188 92 675 2022 39 91 530 2132 220 235 1356 154 130 100 286 1809 898 619 1200 147 24 167 1719 3109 364 228 86 358 211 254 131 679 180 78
internal_value=-0.00036538 0.00873482 -0.0174375 0.0055898 0.0101773 0.0325601 0.0160194 -0.00960426 0.00424342 -0.00214868 0.0136756 -0.0321709 -0.0249953 -0.0155347 -0.0174613 0.00965517 -0.000397881 -0.0212517 0.00293601 -0.00411845 -0.00496394 -0.00552673 -0.00975935 0.000104525 -0.00107597 -0.0297631 0.00102261 0.0376132 0.0114779 -0.00396709 -0.0129869 -0.0027442 0.00664606 0
internal_weight=13981 9104.43 4876.59 8061.85 4603.81 1042.58 2281.03 3206 2322.78 1029.61 2097.36 1670.6 945.771 1500.55 1367.08 1293.17 3458.04 1021.13 1726.42 1705.45 345.957 1544.49 740.667 1336.42 803.828 762.942 133.465 876.534 390 1731.62 161.629 1570 160.956 81.7426
internal_count=25556 18279 7277 17738 6211 541 1925 6577 4286 2257 1886 700 512 1790 1604 2029 11527 905 5418 4787 699 4382 1886 4309 2496 358 186 449 1109 6109 385 5724 405 225
is_linear=0
shrinkage=0.0971646


Tree=28
num_leaves=35
num_cat=0
split_feature=2 14 14 47 48 42 49 47 47 13 1 14 38 48 31 39 8 7 43 16 13 46 35 46 1 30 22 46 1 1 38 40 16 36
split_gain=203.002 76.0742 54.829 19.5984 17.0434 10.0349 9.22246 7.34029 7.10961 6.66363 7.02201 5.53635 4.69562 4.9953 5.32681 4.14001 3.88123 4.56873 3.57946 3.50953 3.41824 2.61149 3.26776 2.40894 2.16534 2.40652 2.23722 1.63024 1.51889 1.0214 0.905903 0.500358 0.490622 0.127187
threshold=0.63874942205152718 35.073010890924671 14.895000000000001 219.56000000000012 1005.4054949322053 0.070287765057910553 1008.7026986939719 1.0000000180025095e-35 0.12166666666678037 39.897073167965765 0.46459913687673576 32.82500000000001 11.529262834726742 929.95000000000016 4.9436259313568103 48.354166666666664 14.401371766595242 7.7200000000000006 11.323846119052433 22.455000000000002 38.863542949614846 1.8226295199267075 5.0607945235710474 0.52486180846622166 0.51236666743397874 23.901485947376752 16.92586464674234 1.4185178011072332 -0.30270175173618613 0.6254047815183511 12.771723912644985 18.732509468700918 25.151842438807559 7.3048385778145901
decision_type=2 2 2 2 2 2 2 2 2 2 2 2 2 2 2 2 2 2 2 2 2 2 2 2 2 2 2 2 2 2 2 2 2 2
left_child=1 3 7 15 9 -6 -3 18 12 10 -5 -7 13 28 -15 30 17 -14 -2 -20 23 24 -23 -17 26 -26 -10 -18 -4 -24 31 -1 -21 -32
right_child=2 6 8 4 5 11 -8 -9 21 -11 -12 -13 16 14 -16 20 27 -19 19 32 -22 22 29 -25 25 -27 -28 -29 -30 -31 33 -33 -34 -35
leaf_value=0.053060321317071932 -0.16776462518969693 0.19277404204088691 0.010398310710383666 -0.0013381007267986467 0.079102605123282654 0.043743971219483209 0.049329051533180478 -0.072422398409636948 0.0022204977615312305 -0.064198019910470278 0.032405350969546963 0.007991458987414983 0.014906613913853098 -0.1642947731499986 -0.05526241302944216 0.0074778152572950087 0.040791288348232854 -0.081876040846697057 -0.12843517724917961 -0.051969053329948563 0.059347746070536431 -0.10701558008821148 0.011242392712453196 -0.00813721496412231 0.078431162978197896 -0.0023143328295532834 -0.023054709185189638 -0.012486330909086543 -0.025917945819537536 -0.035092544239544755 0.015356783236859331 0.014975699790468136 -0.097636743490847014 -0.019393800538617216
leaf_weight=106.72546055912971 396.10489475727081 714.58449697494507 102.93391087651253 1167.304036706686 218.65937295556068 1820.8342597186565 287.88452199101448 236.07079374790192 533.88337114453316 139.70111757516861 716.43862628936768 688.97892701625824 102.08623510599136 330.90391573309898 188.94425970315933 656.17088767886162 73.84328281879425 347.54360273480415 537.15921449661255 225.59954604506493 37.064926326274872 85.370181530714035 71.626406580209732 2367.5371859371662 64.171360850334167 157.77688416838646 755.26398664712906 157.06107839941978 213.34409481287003 77.011898756027222 86.968102693557739 61.675173342227936 219.89547860622406 33.900044828653336
leaf_count=315 81 395 219 2775 48 1941 148 165 1359 52 1391 318 173 261 333 2178 113 357 166 104 17 166 190 8240 184 413 2341 179 181 198 215 142 94 104
internal_value=-0.00014302 0.00839441 -0.0161649 0.00520155 0.00921604 0.0142537 0.0336821 -0.0308982 -0.00871834 0.00220152 0.00391582 0.0122203 -0.0137087 -0.0188968 -0.0251395 -0.000368743 -0.006655 -0.0120667 -0.0338182 -0.0290473 -0.00154464 -0.00412106 -0.0139975 -0.0020475 -0.00228502 0.00578312 -0.00401455 0.00207814 -0.0071596 -0.00188954 0.0105014 0.0154254 -0.0199645 0
internal_weight=13981 9104.43 4876.59 8101.96 4751.92 2728.47 1002.47 1614.83 3261.76 2023.44 1883.74 2509.81 1516.66 836.126 519.848 3350.04 680.534 449.63 1378.76 982.654 3060.77 1745.1 234.008 3023.71 1511.1 221.948 1289.15 230.904 316.278 148.638 289.269 168.401 445.495 120.868
internal_count=25556 18279 7277 17736 6525 2307 543 610 6667 4218 4166 2259 1816 994 594 11211 822 530 445 364 10435 4851 554 10418 4297 597 3700 292 400 388 776 457 198 319
is_linear=0
shrinkage=0.0971646


Tree=29
num_leaves=31
num_cat=0
split_feature=2 14 14 6 42 47 1 17 6 8 44 49 31 9 3 39 5 1 48 2 17 5 32 46 8 27 3 18 48 17
split_gain=174.093 66.473 51.155 22.4112 13.0812 10.9413 10.0424 9.63275 8.25274 6.66613 6.28752 6.49421 4.67146 3.97241 4.63565 3.95395 3.89343 3.7594 3.75897 5.0343 4.7622 3.43182 2.88203 4.09271 2.3642 1.2849 1.13923 0.613373 0.272683 0.0105764
threshold=0.63874942205152718 35.073010890924671 14.175000000000002 -0.27841686570654922 0.070287765057910553 0.12166666666678037 0.39489619604532805 35.084355954512603 -0.97454454254772638 7.7549999999999999 1.3136547793557922 1017.4500000000002 2.2532588923487049 3.1304512874435635 1.260838829028639 62.460416666666681 -1.4410447089953573 0.047320950113892181 1005.4054949322053 -0.035799243486829127 22.855000000000004 0.60079734880831859 3.0345414254288232 1.7276190612491804 13.435 0.32080886791662705 0.7350000000000001 83.750000000000014 931.55000000000007 20.725000000000005
decision_type=2 2 2 2 2 2 2 2 2 2 2 2 2 2 2 2 2 2 2 2 2 2 2 2 2 2 2 2 2 2
left_child=1 3 13 4 -1 10 9 15 -8 -6 11 17 -12 14 -2 -3 -5 -4 20 -20 -18 22 23 -7 -9 28 -24 -15 -23 -27
right_child=2 7 5 16 6 21 8 24 -10 -11 12 -13 -14 27 -16 -17 18 -19 19 -21 -22 25 26 -25 -26 29 -28 -29 -30 -31
leaf_value=0.081479080806369231 -0.040888926341848236 -0.0055752095172742462 -0.0042150242845167456 0.049700935001955403 0.027176789202077195 -0.014832045872899586 0.092367501929575532 0.082012892493064898 0.037133228101383968 3.8906392130187448e-05 -0.016854437502278361 -0.1997634942685457 -0.13119725145168559 -0.12204473845821673 -0.12977229107362978 0.083556013619319913 0.0026234202601499524 -0.053670131982518902 0.01788725575053652 -0.013331603037705003 -0.014021169428155133 0.035171533771001379 0.016920220786738379 -0.076128660885065286 0.21742055477579483 0.079577526791309916 -0.0060492496467159798 -0.15549197534390019 -0.097775873881612282 0.037534959441612267
leaf_weight=209.94650828838348 211.17417454719543 115.54690507054329 558.07379099726677 30.877829790115356 1200.9251480698586 983.70524019002914 277.64215046167374 201.5393308699131 1104.3577328026295 1592.4041185975075 162.32712811231613 137.98399040102959 378.82634234428406 339.51557141542435 306.65702390670776 123.84533852338791 913.83206501603127 618.50628590583801 849.94960996508598 575.27734681963921 1346.7456118166447 52.251392066478729 135.8824662566185 164.4047244489193 561.53744450211525 54.084132879972458 311.07651469111443 377.11140927672386 38.895952820777893 46.118257254362106
leaf_count=93 117 135 952 7 2138 2885 272 77 1901 2180 117 82 216 102 107 58 2979 594 2454 1812 3900 127 405 365 273 124 794 83 68 139
internal_value=-0.000173365 0.00773047 -0.0150127 0.00474211 0.00945148 -0.00904119 0.0081111 0.0313717 0.0150171 0.00452928 -0.0143339 -0.0100825 -0.0237646 -0.0322214 -0.0231028 0.0114301 -0.000702842 -0.00721819 -0.00111539 0.00261792 -0.00365801 -0.00328984 -0.00493785 -0.00756283 0.0370014 0.00811605 0.000862045 -0.0380935 0 0.015543
internal_weight=13981 9104.43 4876.59 8101.96 4385.28 3642.14 4175.33 1002.47 1382 2793.33 1855.72 1314.56 541.153 1234.46 517.831 239.392 3716.68 1176.58 3685.8 1425.23 2260.58 1786.42 1595.07 1148.11 763.077 191.35 446.959 716.627 91.1473 100.202
internal_count=25556 18279 7277 17736 6584 6868 6491 543 2173 4318 1961 1628 333 409 224 193 11152 1546 11145 4266 6879 4907 4449 3250 350 458 1199 185 195 263
is_linear=0
shrinkage=0.0971646


Tree=30
num_leaves=32
num_cat=0
split_feature=14 14 14 49 8 42 2 42 15 1 3 47 31 0 18 17 49 42 24 2 46 0 8 24 17 16 27 17 3 1 3
split_gain=141.228 57.5061 38.905 12.4186 9.73867 8.73834 8.51434 10 8.43105 8.97356 7.56225 7.32543 6.53531 6.66823 6.05208 5.19719 4.87678 4.70207 3.44121 3.21574 3.16261 3.05567 2.98425 2.97007 3.84909 2.06084 1.75278 1.61048 1.65972 0.533923 0.50615
threshold=24.335000000000004 35.800000000000004 14.175000000000002 1005.7093500998152 14.965000000000002 0.088964642051880524 -0.60505606964884906 0.33867664349289556 24.895000000000003 0.51236666743397874 0.21500000000000002 0.12166666666678037 4.8884456377747894 0.49944537339916317 34.050000000000004 29.334296931945598 1017.4500000000002 0.90938621072265047 23.260841348804426 -0.9975933521984367 2.2044412169641734 -0.0012804666800178852 14.835000000000001 16.029110187328577 22.855000000000004 22.355000000000004 0.065549639899236969 20.545000000000005 0.68270052769999567 0.51236666743397874 1.1513479575584926
decision_type=2 2 2 2 2 2 2 2 2 2 2 2 2 2 2 2 2 2 2 2 2 2 2 2 2 2 2 2 2 2 2
left_child=2 3 4 8 30 -5 7 -7 9 26 -8 12 13 25 -3 19 22 -15 -17 -10 -11 23 -14 -13 -25 -4 -2 28 -23 -29 -1
right_child=1 14 11 5 -6 6 10 -9 15 20 -12 21 16 17 -16 18 -18 -19 -20 -21 -22 27 -24 24 -26 -27 -28 29 -30 -31 -32
leaf_value=-0.084094135769795089 0.020028783942333851 0.2003638443041387 -0.16992052685658954 0.072875534084645519 -0.042732374068743015 0.012196035247122695 0.034518811727432451 0.053698117761941812 0.09877353924738104 0.083503959939838057 0.0056171363859650568 -0.063957618810611488 -0.008291590582464637 -0.044627533257111898 0.076567601169559019 -0.019056676595716235 -0.15399939222292994 -0.17704383964680842 -0.063458602790484001 -0.0070453103283744569 0.01179049602603561 0.082104703140699495 0.035471051318451109 0.00095185032679800117 -0.035170071095648861 -0.0019296897473726016 -0.014147852500985211 -0.0072976802834520318 0.011622448543816832 0.014833756777712407 -0.1099365635935004
leaf_weight=298.14153906702995 230.12774458527565 515.15327262878418 55.533003211021423 305.45014861226082 325.76067966222763 965.43337199091911 117.36471500992775 1031.9675987958908 73.625127673149109 267.35616689920425 2523.6575623750687 108.64382144808769 774.66319608688354 1201.9307865798473 213.98482427000999 178.49770104885101 107.32889035344124 152.89394682645798 171.61478251218796 919.91288986802101 124.82939398288727 63.589879751205444 108.38978981971741 736.14528846740723 239.87391662597656 457.88647943735123 303.33161908388138 467.87955406308174 132.69490221142769 187.73987528681755 537.83306384086609
leaf_count=113 788 243 32 144 153 1265 135 813 177 542 4541 179 2140 1744 115 485 75 76 357 3208 307 167 218 1963 930 834 963 1692 274 609 139
internal_value=0.000629782 0.00913955 -0.0106435 0.0064305 -0.0266985 0.0091643 0.00797006 0.0128584 0.000282611 0.00757792 0.00410122 -0.00665061 -0.00980985 -0.0132597 0.0352203 -0.00443195 -0.00285208 -0.0169037 -0.0146098 -0.000383953 0.0186901 -0.00175916 0 -0.00529755 -0.00304925 -0.00277508 0 0.00224961 0.00989971 0 -0.032521
internal_weight=13899.2 7942.31 5956.93 7213.17 1161.74 4943.87 4638.42 1997.4 2269.3 925.645 2641.02 4795.19 2858.63 1868.24 729.138 1343.65 990.382 1354.82 350.112 993.538 392.186 1936.57 883.053 1084.66 976.019 513.419 533.459 851.904 196.285 655.619 835.975
internal_count=25421 14083 11338 13725 405 6898 6754 2078 6827 2600 4676 10933 5119 2686 358 4227 2433 1820 842 3385 849 5814 2358 3072 2893 866 1751 2742 441 2301 252
is_linear=0
shrinkage=0.0971646


Tree=31
num_leaves=28
num_cat=0
split_feature=2 14 19 6 23 0 1 1 22 1 13 49 6 19 31 18 31 38 34 28 1 1 30 20 1 31 7
split_gain=124.358 62.7048 34.9541 23.3105 10.4788 8.76727 8.46312 9.77429 7.80906 9.81091 6.69992 6.22397 5.59967 5.40739 4.8748 3.8441 6.95378 3.69384 4.65833 3.80193 2.00488 5.91991 1.75285 1.06383 0.789423 0.747229 0.329911
threshold=0.85651926849515192 35.800000000000004 11.252774385037222 -0.27841686570654922 16.482553589960954 -0.82220589145490697 -0.46936605301880607 -0.99865756837029884 15.742696347064612 0.047320950113892181 23.18854257687784 1008.3007422594915 -0.99950589832346959 8.6207324282256277 3.2532752064789952 82.750000000000014 2.0978323612231713 11.422890362258174 21.312708333333337 1.3045911551769713 -0.34964421742355262 -0.20314193112455323 19.695993943480676 19.202043916479166 -0.46936605301880607 4.8884456377747894 10.450000000000003
decision_type=2 2 2 2 2 2 2 2 2 2 2 2 2 2 2 2 2 2 2 2 2 2 2 2 2 2 2
left_child=1 3 15 5 8 -1 7 -7 9 14 -11 -3 -8 -5 -4 16 -2 19 -19 -15 22 26 -6 -23 -24 -10 -22
right_child=2 11 4 13 20 6 12 -9 25 10 -12 -13 -14 17 -16 -17 -18 18 -20 -21 21 23 24 -25 -26 -27 -28
leaf_value=0.062826079132367388 -0.036660128104378853 0.18189340851670274 0.055592009993938707 -0.056085631848355938 0.072819845962775104 0.0525587799961586 0.056229322742350436 -0.00029853013982365415 -0.14607957454064296 -0.082981141301222153 0.012648188565575253 0.077367811576720263 0.022133254166852665 -0.013984546042558728 -0.011898427767927593 -0.16959584527232241 -0.17265093250057059 0.02177612502000937 0.0021172920351458326 0.00056512797100091445 -0.065476195668366113 -0.0061669945832523972 -0.058510002235875783 0.048978483247142421 0.017590065014534664 -0.062903877461326266 -0.019968511222501633
leaf_weight=109.11070895195007 122.88043534755707 529.96904698014259 94.487373203039169 131.56975451111794 59.083066701889038 230.55852541327477 564.79116410017014 1707.7477965652943 228.76280415058136 753.48113498091698 133.01715460419655 199.16904991865158 2346.4569319784641 1064.1569598019123 357.79877111315727 390.46778684854507 163.09903553128242 185.77597296237946 2059.4772349596024 1302.4281321465969 168.0726592540741 582.0771920979023 44.825981646776199 61.001290112733841 118.90883073210716 153.8157245516777 36.245012909173965
leaf_count=22 121 253 118 85 178 195 538 3182 151 437 177 105 3780 2911 300 85 94 332 5372 4137 414 1563 125 137 380 137 92
internal_value=0.000387927 0.00571751 -0.0155107 0.00359779 -0.0104685 0.00826504 0.00752695 0.00226447 -0.0152092 -0.0111254 -0.0170541 0.0332097 0.0108783 -0.00119349 0 -0.0355523 -0.0229518 -0.000537654 0.00217135 -0.00328736 -0.00242467 -0.00484512 0.00483278 0 0 -0.0281952 -0.0191278
internal_weight=13899.2 10431.2 3468.02 9702.07 2791.58 4958.67 4849.55 1938.31 1721.36 1338.78 886.498 729.138 2911.25 4743.41 452.286 676.447 285.979 4611.84 2245.25 2366.59 1070.21 847.396 222.818 643.078 163.735 382.579 204.318
internal_count=25421 20912 4509 20554 4209 7717 7695 3377 1320 1032 614 358 4318 12837 418 300 215 12752 5704 7048 2889 2206 683 1700 505 288 506
is_linear=0
shrinkage=0.0971646


Tree=32
num_leaves=29
num_cat=0
split_feature=2 14 23 6 41 18 6 2 1 19 6 31 19 33 8 44 1 4 45 40 9 39 23 3 45 40 46 24
split_gain=104.852 55.1086 29.61 17.4752 8.54494 8.29174 7.98949 7.76862 8.03171 6.78781 6.75448 6.15655 5.01355 4.98278 4.81824 4.1672 3.63712 4.27328 3.68757 3.61427 3.22726 3.12833 3.99518 3.02095 2.76255 2.13357 1.61192 0.482355
threshold=0.85651926849515192 35.800000000000004 13.56135007199034 -0.27841686570654922 10.881631061651587 34.050000000000004 -0.49798113581193387 0.98927755889796032 -0.34964421742355262 24.868813215897305 -1.0175463537064497 2.2532588923487049 8.6207324282256277 4.4413255166995294 14.695000000000004 1.428825714182876 1.0000000180025095e-35 1017.7500000000001 14.967617741406713 16.377299595080835 3.6108972423827717 80.756250000000023 17.738474709919227 1.412807854211845 20.0485028240447 15.655772590683727 1.5349552494016165 16.029110187328577
decision_type=2 2 2 2 2 2 2 2 2 2 2 2 2 2 2 2 2 2 2 2 2 2 2 2 2 2 2 2
left_child=1 3 4 6 -2 -3 9 8 23 10 -1 -6 -5 15 19 -14 21 18 -18 -10 -15 22 -9 24 -4 -16 -13 -23
right_child=2 5 7 12 11 -7 -8 16 14 -11 -12 26 13 20 25 -17 17 -19 -20 -21 -22 27 -24 -25 -26 -27 -28 -29
leaf_value=0.022936773358610052 -0.14562782581283995 0.16544875173551674 0.044074580833884616 -0.050636092894999297 -0.01977434685532814 0.051179569824508123 0.062542193300885354 0.093224816548911446 -0.039805591241318168 -0.0044739981511794603 0.018086489431082292 -0.042871026752414033 -0.0011914349433460581 0.0064835135003095731 -0.14226093759340502 -0.023902698781908777 -0.046220920630557445 -0.19409261514160123 0.022022350462340631 -0.092678547601646108 0.026973060088703434 -0.0064373790488971953 -0.0055677809148132595 -0.046647603682372502 -0.018937966686213129 0.0094788320755391803 -0.13529318047301242 0.023757051760201351
leaf_weight=278.72530484199524 382.78083348274231 515.15327262878418 130.78075817227364 131.56975451111794 227.92214176058769 213.98482427000999 104.19188141822815 76.190001100301743 568.69981577992439 279.78976848721504 4295.9581722617149 319.35722804069519 3528.5319000482559 510.09649729728699 49.039164006710052 487.4105099439621 113.60010609030724 96.040599763393402 190.41277471184731 489.36943134665489 85.799392580986023 49.55053573846817 40.30292597413063 75.476616114377975 79.199310600757599 207.44955378770828 285.13791075348854 86.71454656124115
leaf_count=59 126 243 365 85 105 115 23 148 1058 159 7476 138 10423 1138 77 1150 156 109 351 627 41 69 126 112 269 412 84 177
internal_value=0.000211417 0.00510796 -0.0143853 0.00311818 -0.026734 0.0308802 0.00716067 -0.00750836 -0.0111716 0.00646793 0.00741516 -0.0200049 -0.0010197 -0.000385386 -0.0144289 -0.00170482 0.000829521 -0.00419487 0.000162357 -0.0173577 0.00775814 0.0104063 0.0218847 0.00234324 0.0095091 -0.000641532 -0.0252988 0
internal_weight=13899.2 10431.2 3468.02 9702.07 1215.2 729.138 4958.67 2252.83 1600.01 4854.47 4574.68 832.417 4743.41 4611.84 1314.56 4015.94 652.811 400.053 304.013 1058.07 595.896 252.758 116.493 285.457 209.98 256.489 604.495 136.265
internal_count=25421 20912 4509 20554 453 358 7717 4056 2920 7694 7535 327 12837 12752 2174 11573 1136 616 507 1685 1179 520 274 746 634 489 222 246
is_linear=0
shrinkage=0.0971646


Tree=33
num_leaves=29
num_cat=0
split_feature=2 14 14 6 1 47 31 49 45 46 0 48 2 35 14 8 1 40 8 33 40 44 8 8 17 37 24 9
split_gain=87.5316 49.7796 23.0065 14.8791 9.96428 9.70057 11.1987 10.007 9.50093 8.59158 7.7267 12.9227 10.534 7.41826 6.44543 6.24247 5.74735 4.81838 3.48051 3.44642 4.86534 2.43142 2.81457 2.35014 2.34191 2.05358 1.63717 0.027116
threshold=0.63874942205152718 37.015000000000008 13.385000000000003 -0.27841686570654922 0.39489619604532805 0.6666666666665152 5.7739625748702368 1016.5500000000001 23.605308805769944 1.6917788852033597 -0.2766466257618343 1003.2172040122756 -0.47347488754860562 3.6218393015912835 15.915000000000001 12.365 0.1721660691770612 12.554919570847671 13.435 3.9570133489148263 11.968950621181918 0.96625478744321047 5.5199999999999987 17.495000000000001 22.855000000000004 62.012500000000003 16.267522312036643 -0.51307303961124251
decision_type=2 2 2 2 2 2 2 2 2 2 2 2 2 2 2 2 2 2 2 2 2 2 2 2 2 2 2 2
left_child=1 3 15 4 10 6 7 16 17 14 11 -1 -12 -11 -7 -2 -4 -6 27 21 -21 22 -5 -22 -23 -16 -15 -8
right_child=2 -3 5 19 8 9 18 -9 -10 13 12 -13 -14 26 25 -17 -18 -19 -20 20 23 24 -24 -25 -26 -27 -28 -29
leaf_value=-0.024147405938084069 -0.19658781515166038 0.15019988423161293 -0.0087756803434835239 -0.023188829151674976 -0.0023995422155525677 0.080165964156824851 0.012227585095299988 -0.17564590822686765 0.074967588600105606 -0.068379779758153028 0.011640376831908352 0.047815592745667726 -0.016163128978154685 -0.024371009250016635 -0.042860120750194609 -0.025552977082271715 -0.049568634051157384 0.038365667933885642 0.049573010528172465 0.017626515826531849 -0.0017172159820350035 0.00075284921376530471 0.0025671690375219137 0.031424812740583265 -0.025066457668306064 0.0043597902856833516 0.0075115363306078771 -0.025091762463741018
leaf_weight=208.37797912955284 307.91913801431656 470.33045452833176 781.79825195670128 286.81830808520317 250.02395465970039 96.27190563082695 40.172607690095901 224.13924798369408 212.11042794585228 116.49868530035019 1159.4067914187908 953.76749327778816 650.92328038811684 150.2499432861805 212.45152124762535 345.40196651220322 1155.6846405267715 1372.0599593818188 72.735584646463394 58.333948701620102 505.89341777563095 297.02055662870407 2081.390176564455 110.94346326589584 470.81979441642761 1136.0706225335598 124.97788324952126 46.643527328968048
leaf_count=520 72 185 945 1051 245 141 83 108 83 99 1870 472 1481 336 504 119 786 2148 120 23 1144 924 6273 242 1557 3459 306 125
internal_value=0.000349008 0.00598833 -0.0102124 0.00424569 0.00784158 -0.00739581 -0.0116043 -0.0135343 0.0135753 -0.00183444 0.00414995 0.0103242 0 -0.01464 0.00136593 -0.0273707 -0.0109208 0.0106163 0.0116845 -0.00018013 0.00597003 -0.00164461 0 0.00259944 -0.00638697 -7.93854e-05 -0.00401105 0
internal_weight=13899.2 9088.22 4811.02 8617.89 4806.67 4157.69 2321.17 2161.62 1834.19 1836.52 2972.48 1162.15 1810.33 391.727 1444.79 653.321 1937.48 1622.08 159.552 3811.22 675.171 3136.05 2368.21 616.837 767.84 1348.52 275.228 86.8161
internal_count=25421 18218 7203 18033 6819 7012 2167 1839 2476 4845 4343 992 3351 741 4104 191 1731 2393 328 11214 1409 9805 7324 1386 2481 3963 642 208
is_linear=0
shrinkage=0.0971646


Tree=34
num_leaves=43
num_cat=0
split_feature=2 33 14 4 18 2 13 35 19 8 45 1 17 38 40 35 1 39 39 32 2 21 15 40 40 42 3 49 46 31 31 22 14 12 46 24 46 46 46 26 40 45
split_gain=72.4549 39.4934 22.7378 9.7478 9.66702 9.66368 9.18227 9.15162 8.98526 12.4209 8.63589 13.4787 8.19281 8.06229 8.05784 7.65168 8.90053 7.35416 6.87567 6.76472 6.13075 5.62732 5.57537 5.42272 4.69378 4.39353 4.23657 4.05628 3.51471 3.09362 2.88178 2.64584 2.14505 1.76164 1.4984 1.4485 1.31815 0.952418 1.59431 0.5874 0.473095 0.0855369
threshold=0.13252687149502121 3.8938579687458592 13.385000000000003 1007.0032254248005 71.601234830913413 -0.47347488754860562 34.919972406340456 4.3134244018682759 14.078969004519573 14.300000000000001 24.187295610370938 -0.012910176522261644 14.895000000000001 10.672433336688917 16.485693181582654 2.1498830425023319 0.1721660691770612 48.354166666666664 73.322916666666686 1.1307291158073036 -0.96288731545773421 23.56292883184906 30.635000000000002 12.701588254362646 13.649757124734139 0.45966842452374274 0.76500000000000012 927.25000000000011 0.5544924503955746 6.3464939956223843 2.9461941840511483 23.674226056484645 21.065000000000001 28.547209203675617 0.71226385291355154 17.875513934017366 2.4144526585669523 1.6549663586239995 0.67625656594038863 18.931008971161944 13.40152151466315 19.748138021000383
decision_type=2 2 2 2 2 2 2 2 2 2 2 2 2 2 2 2 2 2 2 2 2 2 2 2 2 2 2 2 2 2 2 2 2 2 2 2 2 2 2 2 2 2
left_child=1 3 7 15 26 10 36 -2 12 14 11 -5 13 -6 -10 19 18 -8 -17 30 -12 28 24 -18 -19 -23 34 -14 -7 33 -1 -21 -11 -28 40 -36 37 38 -3 -38 -4 -31
right_child=2 6 4 5 8 21 17 -9 9 32 20 -13 27 -15 -16 16 23 22 -20 31 -22 25 -24 -25 -26 -27 29 -29 -30 41 -32 -33 -34 -35 35 -37 39 -39 -40 -41 -42 -43
leaf_value=0.060242469767559793 -0.17965205077203689 0.1538568475658687 0.015922317848107399 0.061351873541983862 -0.047756264701128037 0.055162243794156261 0.14630505986578385 -0.017813656058498824 -0.0092863135071069997 0.045611742101501637 0.038414200560575019 0.018874030377066055 -0.027032879248062691 0.0064588070559664515 -0.071069648728554952 -0.030646968600151255 -0.0051984670234321061 0.062023060428532166 -0.0071279473241016968 0.023118144070786856 -0.024443635433251933 -0.0016096950587302257 0.0088291852300099918 0.020114189922613303 0.028043997951795335 -0.050479013399782599 0.0014601285886182164 -0.070708472568708255 0.0020310207948185505 -0.024550914931253005 -0.016717569275436887 0.086655697868981765 -0.0079679081473079463 -0.020559611084019061 0.018650058271058659 -0.0072365699503155077 0.025644174260719899 0.064770155103629476 -0.008175157264015253 -0.053850568381038327 0.082644874230448501 -0.10707723969236359
leaf_weight=108.64944273233414 359.29727292060852 37.428306430578232 56.496873915195465 517.39327678084373 316.99780815839767 156.40316542983055 407.39686486124992 303.98390638828278 1761.5094264149666 242.67931917309761 76.167482912540436 405.6253996193409 206.04860016703606 306.05109536647797 520.74471521377563 172.58494704961777 317.97369021177292 226.91018170118332 1673.1371308863163 108.34453085064888 180.02666720747948 237.18222996592522 226.39100015163422 974.36978879570961 177.33830368518829 78.333256483078003 1096.6376701891422 566.63854932785034 322.26039093732834 37.862328737974167 279.93431794643402 216.65754467248917 60.151710003614426 215.79473358392715 287.03054657578468 195.77032443881035 43.798747390508652 106.10027065873146 153.65167090296745 41.784672111272812 72.760154515504837 46.937216609716415
leaf_count=270 86 36 87 561 133 263 162 111 4619 446 96 858 190 167 816 236 355 66 4022 271 299 601 122 2276 136 148 2655 351 676 101 936 177 217 403 856 494 110 254 434 121 99 104
internal_value=0.000273011 0.0070235 -0.00701431 0.00338867 -0.00502727 0.00894839 0.0215874 -0.0242154 -0.00780347 -0.00416633 0.0145269 0.0189066 -0.0142114 -0.004961 -0.00674949 0.000424688 -0.00152607 0.0264982 -0.00595278 0.00956931 0 0.000106532 0.0183806 0.00446585 0.0254355 -0.00935057 0.000264344 -0.0210722 0.00724567 -0.00246523 0 0.0198687 0.0137812 -0.000937715 0.00717098 0.00347045 0.00706061 0.0102724 0.00308556 0 0.0173741 -0.0204056
internal_weight=13899.2 7245.84 6653.39 5825.04 5990.11 1973.39 1420.8 663.281 3980.82 2585.09 1179.21 923.019 1395.74 623.049 2282.25 3851.65 3138.07 1038.04 1845.72 713.586 256.194 794.179 630.639 1292.34 404.248 315.515 2009.29 772.687 478.664 1397.23 388.584 325.002 302.831 1312.43 612.058 482.801 382.764 297.18 191.08 85.5834 129.257 84.7995
internal_count=25421 13486 11935 12045 11738 3502 1441 197 6939 6098 1814 1419 841 300 5435 8543 6889 486 4258 1654 395 1688 324 2631 202 749 4799 541 939 3263 1206 448 663 3058 1536 1350 955 724 470 231 186 205
is_linear=0
shrinkage=0.0971646


Tree=35
num_leaves=25
num_cat=0
split_feature=47 17 25 21 5 2 49 28 40 4 31 3 42 30 23 44 12 33 6 9 10 35 21 46
split_gain=64.5482 36.0174 20.2369 10.3945 10.1625 9.21588 19.5857 9.80197 8.87599 8.04632 9.55972 9.40796 10.1638 9.72003 7.73491 12.0994 6.43614 6.55879 4.99228 4.88812 3.2782 2.01067 1.74933 0.755743
threshold=7.6333333333333426 35.084355954512603 15.272773318226742 17.059943425606196 -1.0088374672093419 -0.53253866550971873 1007.7004731300275 1.8328591630443223 7.661972607758627 1017.7500000000001 4.8694381675861527 1.7350000000000001 0.90938621072265047 24.749413293179114 25.641389418276994 0.62198977932929933 29.319683160710369 3.8938579687458592 -0.27841686570654922 -0.22617366707335404 36.615661799306324 4.7889513825179888 16.471957114657759 1.6233791371294943
decision_type=2 2 2 2 2 2 2 2 2 2 2 2 2 2 2 2 2 2 2 2 2 2 2 2
left_child=2 4 -1 20 -2 6 8 -8 -6 10 11 12 -4 -13 18 -16 17 -5 -7 -11 -3 22 -12 -23
right_child=1 3 9 16 5 14 7 -9 -10 19 21 13 -14 -15 15 -17 -18 -19 -20 -21 -22 23 -24 -25
leaf_value=-0.10542789214851521 0.064823525887802505 0.075562753091960824 -0.01471476050856462 -0.014430913827772054 0.093702873384810245 0.012178053670952607 -0.010474414962711481 0.042773474859407822 -0.0027788868708708771 -0.043164131975983525 -0.07439262367560566 0.014184549010878067 -0.11151254924907691 -0.010794802871998039 -0.026082942491543928 0.0018107520325843067 0.063660724645839162 0.057628489369989655 -0.0066602540367787736 -0.16564830144003179 0.14279218717700429 0.022507099201816847 0.0022884088880517745 0.0010355796134167592
leaf_weight=373.40897518396378 225.38535666465759 196.34515684843063 2195.1389355659485 149.24442687630653 165.12161937355995 2116.381689697504 239.31785020232201 1100.2785042822361 1733.3723047077656 130.04545730352402 62.737020820379257 122.02006202936172 328.86028650403023 243.9646053314209 351.43605309724808 379.90104252099991 164.32057493925095 244.57432949542999 1777.9569719433784 130.90433731675148 289.43914476037025 148.4163244664669 970.63252285122871 60.031979292631149
leaf_count=88 49 151 4112 93 281 5453 256 561 4409 121 62 79 184 265 250 249 45 161 4904 60 95 262 3065 166
internal_value=0.000694763 0.00550595 -0.00843277 0.0225344 0.0032481 0.00259915 0.0065749 0.015559 0 -0.00645112 -0.00526182 -0.00834823 -0.0105184 0.00542554 -9.42381e-05 -0.00932631 0.0121417 0.0040262 0.00153585 -0.0233914 0.0334542 0.00158094 0 0.0102219
internal_weight=13899.2 9133.08 4766.16 1043.92 8089.15 7863.77 3238.09 1339.6 1898.49 4392.75 4131.8 2889.98 2524 365.985 4625.68 731.337 558.139 393.819 3894.34 260.95 485.784 1241.82 1033.37 208.448
internal_count=25421 16957 8464 545 16412 16363 5507 817 4690 8376 8195 4640 4296 344 10856 499 299 254 10357 181 246 3555 3127 428
is_linear=0
shrinkage=0.0971646


Tree=36
num_leaves=25
num_cat=0
split_feature=2 14 14 6 10 44 38 10 2 16 39 46 24 34 3 49 46 35 1 2 8 22 37 18
split_gain=62.4463 42.8526 22.763 17.2598 9.15324 7.97507 7.59545 10.6662 7.72106 6.97132 5.6484 5.28669 6.50228 6.10108 4.76243 5.855 3.57242 4.03877 3.17154 4.67199 2.02354 1.87498 1.86223 0.0861823
threshold=0.85651926849515192 37.015000000000008 14.895000000000001 -0.99950589832346959 38.920567712169436 1.0000000180025095e-35 15.331754278832205 37.622770884326634 -0.015694285117295544 22.355000000000004 71.197916666666686 1.6549663586239995 17.410402852383921 18.15229166666667 1.2214468845688728 931.55000000000007 0.5654276080713404 3.029936264328716 -0.34964421742355262 0.98043284291745803 9.2924511218479413 19.808712136306603 82.770833333333357 91.350000000000009
decision_type=2 2 2 2 2 2 2 2 2 2 2 2 2 2 2 2 2 2 2 2 2 2 2 2
left_child=1 3 9 4 16 -5 8 -8 -7 14 -11 13 -13 20 15 -2 22 -18 21 -20 -4 -15 -1 -14
right_child=2 -3 11 5 -6 6 7 -9 -10 10 -12 12 23 18 -16 -17 17 -19 19 -21 -22 -23 -24 -25
leaf_value=0.074748225072830576 -0.0075146406060839967 0.11391044447785716 -0.0038655753333427631 0.056405789461747721 -0.018990060822584687 0.0031504023943268377 0.0056426212679835351 0.042917824871338911 -0.01270713477892209 -0.077443218163585098 -0.0051554413339462849 -0.10181701043101304 0.025833831942246342 0.043078079881173154 -0.085028412969733277 -0.13778456231379202 -0.002544852835644376 0.040407042358030582 -0.042092363364098696 -0.00052929561950994491 0.050294063027697095 -0.021409389121553362 0.027600688242712633 -0.063084844572310131
leaf_weight=149.06636184453964 222.49731287360191 426.91003486514091 54.283828139305115 144.12465310096741 113.72849631309509 4456.3079949617386 1502.1704960167408 388.4951263666153 2643.8614112138748 226.12279143929482 281.13857898116112 187.58305928111076 49.631450235843658 151.95260518789291 402.59253174066544 247.15194553136826 184.16980302333832 308.40069276094437 794.86061674356461 623.37595576047897 112.47593849897385 90.639561295509338 222.84548708796501 47.922287315130234
leaf_count=55 104 168 81 30 23 9566 3676 165 6503 68 129 220 115 396 100 89 299 386 1452 1147 248 316 163 63
internal_value=-5.22623e-05 0.00364845 -0.0113372 0.00232518 0.0146027 0.000959389 0.000543367 0.00603999 -0.000862156 -0.0211246 -0.0105119 -0.00472393 -0.0172311 -0.00251441 -0.0267517 -0.0179249 0.018182 0.0110389 -0.00449845 -0.00639008 0.0144617 0.00476574 0.02634 0
internal_weight=14032.3 10540.1 3492.23 10113.2 978.211 9134.96 8990.84 1890.67 7100.17 1379.5 507.261 2112.73 285.137 1827.59 872.242 469.649 864.482 492.57 1660.83 1418.24 166.76 242.592 371.912 97.5537
internal_count=25562 21034 4528 20866 926 19940 19910 3841 16069 490 197 4038 398 3640 293 193 903 685 3311 2599 329 712 218 178
is_linear=0
shrinkage=0.0971646


Tree=37
num_leaves=29
num_cat=0
split_feature=2 14 23 6 29 9 29 5 2 9 36 46 1 1 13 1 2 27 35 4 45 35 11 21 40 1 40 43
split_gain=50.47 35.2817 17.7545 14.7082 9.44465 8.30426 8.16745 7.77167 7.36646 6.91559 7.12517 3.95275 3.82573 3.53415 3.38759 2.9778 5.73049 3.68414 2.84739 3.769 2.21052 1.95185 1.84846 1.77446 1.68835 1.14881 0.892298 0.107667
threshold=0.85651926849515192 37.015000000000008 14.695340654494862 -0.99950589832346959 1.1241324539783069 4.2483625708360515 5.7545361476494419 -1.0088374672093419 0.98927755889796032 5.2233646409586632 8.1673843175623251 0.5654276080713404 0.37371625404731906 0.30081702196488996 35.504880027243125 -0.34964421742355262 0.98367285631203072 0.43292676207686198 3.3406729203630383 1016.85 20.0485028240447 5.1146067021026509 23.748787200696487 14.544213128482749 16.485693181582654 0.24789700308270748 11.885010254325158 21.652916727452954
decision_type=2 2 2 2 2 2 2 2 2 2 2 2 2 2 2 2 2 2 2 2 2 2 2 2 2 2 2 2
left_child=1 3 4 6 22 8 11 -5 12 10 -9 26 -6 -13 -11 20 17 25 23 -20 24 -19 -2 -18 -4 -17 -1 -22
right_child=2 -3 15 7 5 -7 -8 9 -10 14 -12 13 -14 -15 -16 16 18 21 19 -21 27 -23 -24 -25 -26 -27 -28 -29
leaf_value=0.040341823678505744 0.021611610934535831 0.10284237973616546 0.04719074294702421 0.049694275279112403 -0.068798483591947387 -0.12379138226313352 -0.035187111814942038 -0.0019666681246428429 -0.00019463658171812949 -0.01736159418111206 0.012096283081043916 0.0015277746390993565 -0.032605445277256943 0.047613434942165966 -0.013762670506366214 -0.032689152501505253 -0.072579587221759417 -0.061224937194328609 0.032189166873739225 -0.025905055791034411 -0.031474326405772392 0.0084153794912547996 -0.01776787950057963 0.002716537005950286 0.00096178281254382324 0.012794719732661079 0.044002415129707782 0.011303071182861188
leaf_weight=209.89663541316986 176.44233539700508 426.91003486514091 109.81250560283661 160.09708213806152 505.53742337226868 486.7520686686039 100.08968034386635 5569.1855970025063 221.83672937750816 216.48024639487267 2968.2145474851131 237.01471149921417 232.44931063055992 257.61520400643349 220.98220863938332 159.68698641657829 63.422854959964752 445.46342653036118 330.61786663532257 147.50603523850441 54.70405986905098 67.299655079841614 175.78732931613922 50.972192913293839 68.301744550466537 164.25608122348785 173.59460976719856 31.379857242107391
leaf_count=148 104 168 319 34 223 134 27 13978 154 112 5749 378 121 300 67 426 90 650 756 253 179 143 103 119 148 492 73 114
internal_value=-5.61501e-05 0.0032677 -0.0102043 0.00206288 -0.0169674 -0.0204675 0.013396 0.000798577 -0.0143044 0.000368043 0.00102619 0.0165911 -0.0189666 0.0092903 -0.0114268 -0.00275147 -0.0046769 -0.00993787 0.00204825 0.00593393 0.0060029 -0.015104 -0.00133996 -0.0102936 0.012782 -0.000391607 0.0247582 -0.00319136
internal_weight=14032.3 10540.1 3492.23 10113.2 1798.81 1446.58 978.211 9134.96 959.823 8974.86 8537.4 878.121 737.987 494.63 437.462 1693.42 1429.23 836.706 592.519 478.124 264.198 512.763 352.23 114.395 178.114 323.943 383.491 86.0839
internal_count=25562 21034 4528 20866 839 632 926 19940 498 19906 19727 899 344 678 179 3689 2929 1711 1218 1009 760 793 207 209 467 918 221 293
is_linear=0
shrinkage=0.0971646


Tree=38
num_leaves=45
num_cat=0
split_feature=47 1 6 12 46 46 39 49 39 29 48 21 30 38 2 7 21 22 9 43 23 8 3 48 18 36 35 35 13 9 42 40 17 10 46 2 2 43 24 49 44 31 17 29
split_gain=42.3374 22.8892 14.6457 14.0716 12.1122 10.7626 15.5132 9.47507 9.22571 8.51194 7.24088 7.07931 6.98089 7.43833 6.87935 6.5048 6.13223 9.36812 6.01942 7.29789 7.12444 5.9664 9.21122 5.78959 5.6303 5.5014 4.97923 4.93967 6.6473 3.9981 3.75686 3.94225 10.4922 3.68698 3.28023 2.93805 2.86156 2.88481 8.2742 2.8132 2.77893 2.2728 2.20416 0.972796
threshold=0.6666666666665152 0.46459913687673576 -0.27841686570654922 23.174827129511488 1.3267046774292277 1.8824999743544619 76.24375000000002 1008.9012369055591 79.614583333333357 5.3809237889544574 1008.0055982046869 13.23170885857674 30.128514654394138 15.331754278832205 0.69635043120606444 9.4550000000000036 24.005030361301802 23.515560713296814 0.86860577749784629 23.089867329818201 26.740892222701156 11.761192136051251 1.3822558738610715 1017.7500000000001 75.450000000000017 2.6917776034890131 4.2154825333367469 4.8835084424978916 22.357003285339978 -0.22617366707335404 0.84977946113989644 15.847952239101604 16.675000000000004 32.974065642857902 2.3036022952294397 0.88999460902669758 -0.78295110140207591 23.350907907869281 25.82096912283092 1011.1116423140755 1.2026676889469032 4.8282719365671953 24.925000000000004 6.2969860734255487
decision_type=2 2 2 2 2 2 2 2 2 2 2 2 2 2 2 2 2 2 2 2 2 2 2 2 2 2 2 2 2 2 2 2 2 2 2 2 2 2 2 2 2 2 2 2
left_child=3 8 7 30 23 6 25 12 10 15 21 14 34 -14 -7 -9 17 -12 24 43 -21 22 -2 27 29 -6 -8 42 -29 -10 31 32 -1 -26 -3 -23 41 38 -38 -11 -13 -4 -5 -20
right_child=1 2 36 4 5 11 26 9 18 39 16 40 13 -15 -16 -17 -18 -19 19 20 -22 35 -24 -25 33 -27 -28 28 -30 -31 -32 -33 -34 -35 -36 -37 37 -39 -40 -41 -42 -43 -44 -45
leaf_value=0.027337769654479736 -0.038721765213366073 0.050296294988127523 0.077698677704430633 0.0025848649684650929 -0.037667372795643396 -0.003271362725462031 -0.02404108800014822 0.020526079475142681 -0.0038786889619736005 0.052015807366198895 -0.0005462419705350301 -0.00056124183478906858 0.037324197145620186 0.10643481412618196 0.0381255300065418 -0.029844645066918182 -0.03028535918556478 0.041637511548819887 -0.0047022985234650054 0.036834952427174855 -0.006166806320005035 0.069159372749377973 -0.0041427186521244283 -0.15641311386476639 0.0054205352845011785 -0.085428488750416295 0.02767803670593216 0.052855698431870282 -0.045230385949240504 -0.027937769823217422 -0.14539252730154062 -0.04848324659283023 -0.087736415508160304 0.088272610891310305 0.0018684718604372848 -0.00082643982310106516 0.00043293246206690608 0.076319746165866606 -0.026234036788740686 0.077259452084611227 -0.017335877407366924 -0.0025740218305574402 -0.023725025838206511 -0.052248605190318126
leaf_weight=128.17480182647705 644.13405680656433 550.93906477093697 78.880487829446793 1378.7774999439716 348.99420633912086 187.28032764792442 132.64422500133514 312.48207551240921 833.57846197485924 129.2000490128994 477.45443177223206 81.090061396360397 553.95186439156532 300.6226641535759 120.70428028702736 188.52953550219536 95.367241024971008 153.95844924449921 175.92691457271576 562.73435133695602 273.19957783818245 76.130718678236008 709.24224865436554 90.160366177558899 1416.4428016543388 665.42476603388786 155.29828768968582 127.8504963517189 70.703115612268448 288.84888589382172 157.00327664613724 240.06888180971146 139.13457995653152 166.47907084226608 208.2587568461895 150.25701978802681 918.76083207130432 55.868229568004608 70.923501461744308 142.84444472193718 143.77089223265648 61.494673162698746 210.01414197683334 58.704404562711716
leaf_count=99 1308 1144 120 3731 206 285 223 520 2191 58 1141 133 381 95 85 271 98 81 494 493 88 55 671 61 4813 530 174 181 85 413 45 83 203 198 460 284 2531 79 59 136 148 160 814 134
internal_value=3.00248e-05 0.00365365 0.00982293 -0.00786274 -0.00536737 -0.0109746 -0.0157304 0.0142142 0 0.00458969 -0.00481116 0 0.0185436 0.0249789 0.0101846 -0.00219035 0.00277311 0.00676519 0.00298363 0.00916058 0.0135437 -0.00856861 -0.0111106 0 0.000374262 -0.0214255 0.00288088 0.0013506 0.0157242 -0.00470574 -0.0210811 -0.0153046 -0.0049743 0.00424759 0.0106701 0.00471406 0.000612467 -0.000769448 -0.00239348 0.0185153 -0.0123186 0.0136823 -0.000203869 -0.00463336
internal_weight=14032.3 9655.21 3572.76 4377.09 3712.71 1835.21 1302.36 2386.83 6082.46 773.056 2306.54 532.846 1613.77 854.575 307.985 501.012 726.78 631.413 3775.91 1070.57 835.934 1579.76 1353.38 1877.51 2705.35 1014.42 287.943 1787.35 198.554 1122.43 664.382 507.378 267.309 1582.92 759.198 226.388 1185.93 1045.55 989.684 272.044 224.861 140.375 1588.79 234.631
internal_count=25562 18476 6014 7086 6656 1784 1133 3065 12462 985 3638 651 2080 476 370 791 1320 1222 8824 1209 581 2318 1979 4872 7615 736 397 4811 266 2604 430 385 302 5011 1604 339 2949 2669 2590 194 281 280 4545 628
is_linear=0
shrinkage=0.0971646


Tree=39
num_leaves=24
num_cat=0
split_feature=47 14 46 41 48 50 31 34 42 1 1 30 46 20 46 5 26 42 1 14 0 9 28
split_gain=35.5816 21.7077 15.2483 13.5448 11.3162 8.83632 10.645 9.05769 8.71267 5.96088 5.23585 8.09978 8.8555 7.86629 7.63097 6.36212 5.85762 3.85264 4.67356 3.54001 2.29057 1.9187 1.17047
threshold=7.6333333333333426 37.015000000000008 0.41688347533382991 10.312465414106756 1017.7500000000001 1.7528977196985442 4.906682135024842 22.700833333333339 0.8694544046917928 0.6254047815183511 0.46459913687673576 32.577057712730813 1.6917788852033597 23.455105438920778 0.76821070723142582 1.0000000180025095e-35 25.88142082658629 0.37561019238537369 1.0000000180025095e-35 15.915000000000001 -0.22848979632709804 2.7508387839120041 1.0664964777370161
decision_type=2 2 2 2 2 2 2 2 2 2 2 2 2 2 2 2 2 2 2 2 2 2 2
left_child=3 2 9 -1 5 6 8 -7 -5 17 11 12 -4 -13 16 -16 -12 18 -2 -8 -19 -11 -9
right_child=1 -3 10 4 -6 7 19 22 -10 21 14 13 -14 -15 15 -17 -18 20 -20 -21 -22 -23 -24
leaf_value=-0.073767788449348115 0.013212279981241033 0.087570222700081746 0.0028529558385006711 -0.012039522265507347 -0.12079578609246278 0.026879350135335451 0.020502045045840318 -0.060697847168925102 -0.069708226554860697 0.096864701554235752 0.021618033733180369 0.0068752594909227251 -0.040765475770942194 -0.030256252960658692 -0.0072035402805274039 0.033501847653696314 0.058820076402834258 0.00083184003872373508 -0.020945690245147756 0.0016449780117510726 0.0571662524151011 0.012272325269576966 0.026162994349565167
leaf_weight=442.57179471850395 448.55632293224335 426.91003486514091 4111.5656768381596 2259.5064263939857 239.07531121373177 200.73782634735107 127.2804924249649 92.512465685606003 402.29323434829712 175.10799467563629 580.87712180614471 179.39824283123016 208.29523649811745 348.54694256186485 1312.0948240756989 531.63307899236679 248.58338016271591 208.77228027582169 117.37377950549126 1049.9194130599499 129.90831023454666 141.33595421910286 49.452875912189484
leaf_count=126 560 168 9813 4187 152 154 106 132 250 149 936 151 328 242 2885 1261 68 173 131 3304 75 52 159
internal_value=0.000212228 0.0038047 0.00270071 -0.0064712 -0.00471791 -0.00341456 -0.00482922 0.0111025 -0.00826873 0.0127886 0.00100174 -0.000828477 0.000468402 -0.0121864 0.0044775 0.000740756 0.0122383 0.00800922 0.00217783 0.00258763 0.0163997 0.0249119 -0.00526681
internal_weight=14032.3 9168.96 8742.05 4863.35 4420.78 4181.7 3839 342.703 2661.8 1221.05 7520.99 4847.81 4319.86 527.945 2673.19 1843.73 829.461 904.611 565.93 1177.2 338.681 316.444 141.965
internal_count=25562 16992 16824 8570 8444 8292 7847 445 4437 1140 15684 10534 10141 393 5150 4146 1004 939 691 3410 248 201 291
is_linear=0
shrinkage=0.0971646


Tree=40
num_leaves=28
num_cat=0
split_feature=6 39 48 19 31 11 36 14 35 2 4 48 6 49 8 8 40 35 18 45 49 6 27 42 40 45 16
split_gain=30.2463 20.1176 14.209 12.3913 11.1115 9.45126 13.2975 11.695 11.3925 7.87885 9.17846 15.6695 7.63404 5.68952 5.34481 5.31963 9.47974 5.18935 10.6643 9.69538 5.18787 4.71316 4.28296 1.9234 1.73018 1.29905 0.953985
threshold=-0.27841686570654922 48.354166666666664 1018.6500000000002 8.6207324282256277 4.5327584462563033 28.917916036522438 8.1673843175623251 32.82500000000001 3.2819396404328729 0.92589048012183106 931.55000000000007 1011.6265273000655 -0.99950589832346959 1008.9012369055591 13.155000000000001 7.6700000000000008 11.807030498613743 5.0607945235710474 81.250000000000014 13.585789816517179 1005.9500000000002 -0.83518327397552106 0.27074228770292236 1.2524190751490469 13.492645267594021 13.338524050225205 21.365000000000006
decision_type=2 2 2 2 2 2 2 2 2 2 2 2 2 2 2 2 2 2 2 2 2 2 2 2 2 2 2
left_child=1 4 3 -2 23 7 15 12 -9 17 14 -12 20 -10 -11 22 -17 19 -19 -5 -3 -14 -7 25 -8 26 -1
right_child=2 5 -4 9 -6 6 24 8 13 10 11 -13 21 -15 -16 16 -18 18 -20 -21 -22 -23 -24 -25 -26 -27 -28
leaf_value=-0.021091174057133819 -0.070305013321675894 -0.0078081974541596624 -0.12706558463340928 -0.050546967161001266 0.097281606701012283 -0.016812194507454779 0.046778561857274033 -0.029882741639705473 0.011195404107853336 0.0023316124152252598 -0.1166608443180607 -0.0056036695852123156 -0.0032607922127515267 -0.022679948749749653 -0.063779651249423835 -0.035830605761599771 0.019231600053123195 0.0019258534184811828 0.03077207817560661 -0.0013049519229761939 0.033645272215870353 0.013419654334948468 0.055503762548952076 0.050713108302100358 0.049466510066235793 -0.038529791304703277 0.050419045933271039
leaf_weight=42.748630702495575 220.05285504460335 191.92845937609673 118.86001864075661 294.81400945782661 322.81899663805962 131.5868613421917 311.9773208796978 185.27021858096123 276.13277873396873 726.40612119436264 503.37185475230217 549.0845211148262 1534.6145077049732 174.23305886983871 97.218944013118744 186.71746096014977 608.04080480337143 908.99644777178764 211.71497696638107 3951.8868101537228 584.87748444080353 1309.2096450328827 185.48332691192627 91.501571357250214 222.19667142629623 49.449139833450317 41.115523874759674
leaf_count=104 102 523 62 156 150 125 121 65 189 803 301 838 3661 123 43 103 450 1797 271 11447 482 3161 86 131 114 77 77
internal_value=0.000269725 0.00518787 -0.00385799 -0.00325649 0.0230901 0.00344368 0.00971752 0.000912103 -0.0110671 -0.00249551 -0.00792756 -0.013928 0.00314035 -0.0016468 0 0.00318998 -0.00056039 -0.000514008 0.0052506 -0.00213835 0.0116933 0.000644287 0.0138409 0.00416946 0.0224157 -0.000499378 0.00320735
internal_weight=14032.3 6449.9 7582.41 7463.55 547.634 5902.27 1646 4256.27 635.636 7243.49 1876.08 1052.46 3620.63 450.366 823.625 1111.83 794.758 5367.41 1120.71 4246.7 776.806 2843.82 317.07 224.815 534.174 133.313 83.8642
internal_count=25562 9742 15820 15758 539 9203 999 8204 377 15656 1985 1139 7827 312 846 764 553 13671 2068 11603 1005 6822 211 389 235 258 181
is_linear=0
shrinkage=0.0971646


Tree=41
num_leaves=24
num_cat=0
split_feature=14 46 1 24 18 48 50 36 4 21 2 10 39 47 2 1 35 37 30 27 47 50 18
split_gain=28.4428 18.3764 10.8256 9.15898 9.36387 8.71103 9.48736 8.27261 7.79126 7.15363 7.08829 5.7885 5.65054 5.96386 4.44968 7.54899 5.49724 2.92525 2.69507 3.81495 1.90426 1.3381 0.234848
threshold=37.015000000000008 0.5654276080713404 0.49002412863433359 11.531433387294726 83.250000000000014 1018.6500000000002 1.5136187680742574 6.5148164466217118 1007.0032254248005 24.068434437715258 -0.20680065184540403 37.095007650148197 73.322916666666686 516.52499999999998 -0.78295110140207591 0.46459913687673576 4.9963644021429188 79.804166666666688 31.865787042139608 0.41798039214789184 387.4933333333334 1.1501987748869942 78.050000000000011
decision_type=2 2 2 2 2 2 2 2 2 2 2 2 2 2 2 2 2 2 2 2 2 2 2
left_child=1 2 8 4 21 14 22 11 12 10 -10 20 -1 -14 15 -5 -16 -11 19 -9 -4 -3 -7
right_child=-2 3 7 5 -6 6 -8 18 9 17 -12 -13 13 -15 16 -17 -18 -19 -20 -21 -22 -23 -24
leaf_value=-0.023328328324709775 0.069660723021265372 0.019727832368212801 0.0082131872667543168 -0.00035588313653918624 -0.16033592975021041 -0.024879547569179185 -0.1137040659367233 0.076062838396892679 0.037301778442293189 0.034455906475561238 0.0010922223165383939 -0.015546892773774171 -0.010917366780594497 0.016489432028613582 -0.0081375782600382612 0.042533457494131698 0.0038654001209220846 -0.010341498182936296 0.048112777444539089 -0.0025025250616202881 0.082043214144428389 -0.058491966506775489 0.02702928450255539
leaf_weight=171.6997387111187 426.91003486514091 61.656740188598633 122.70865380764008 1256.0433533787727 125.90233337879181 44.378050178289413 124.27856487035751 101.76095524430275 515.48862153291702 50.161877363920212 248.42840194702148 62.591610848903656 626.61175480484962 395.38982072472572 6398.915743291378 341.71686264872551 2174.3935880064964 222.93276098370552 283.84105753898621 117.86060771346092 58.600569128990173 64.54144886136055 35.495870560407639
leaf_count=141 168 116 405 3243 24 115 81 110 641 108 632 28 1403 218 12816 550 3810 473 95 177 68 60 80
internal_value=0.000432203 -0.0003143 0.00639071 -0.00223465 -0.0205818 -0.0017419 -0.0216018 0.0166072 0.00275908 0.00899603 0.0139281 7.86383e-05 -0.00231157 3.66543e-05 -0.00129508 0.00330309 -0.00220263 -0.00325613 0.0237239 0.0118561 0.0105427 0 0
internal_weight=14032.3 13605.4 2978.08 10627.3 252.101 10375.2 204.152 747.363 2230.71 1037.01 763.917 243.901 1193.7 1022 10171.1 1597.76 8573.31 273.095 503.463 219.622 181.309 126.198 79.8739
internal_count=25562 25394 4499 20895 200 20695 276 883 3616 1854 1273 501 1762 1621 20419 3793 16626 581 382 287 473 176 195
is_linear=0
shrinkage=0.0971646


Tree=42
num_leaves=22
num_cat=0
split_feature=14 2 24 32 9 10 35 48 50 18 47 41 49 14 46 2 25 2 10 8 2
split_gain=27.3876 12.8024 9.56271 8.76453 6.99326 14.7036 6.7735 6.42762 9.42047 6.31085 6.10468 5.82945 5.67307 5.53094 4.01145 9.26962 6.04482 3.7647 3.41534 3.08522 1.17442
threshold=37.015000000000008 -0.035799243486829127 11.531433387294726 2.372105252301266 2.6080873872686721 38.197406056935115 1.4909181588487439 1017.7500000000001 1.5136187680742574 83.250000000000014 516.52499999999998 24.73687561815052 1006.7020342535271 26.755000000000006 1.6233791371294943 0.88999460902669758 16.674689984254893 -0.91087058786170938 36.615661799306324 13.835000000000004 -0.7553174537463252
decision_type=2 2 2 2 2 2 2 2 2 2 2 2 2 2 2 2 2 2 2 2 2
left_child=1 3 9 6 5 18 13 14 19 -3 -6 12 -8 20 16 -16 -4 -13 -5 -9 -1
right_child=-2 2 7 4 10 -7 11 8 -10 -11 -12 17 -14 -15 15 -17 -18 -19 -20 -21 -22
leaf_value=0.052280380546255632 0.072785821022577829 -0.010077971859804276 0.016323091773827913 0.032355423099775134 0.024552105312291485 0.049448633821217627 -0.0056299407148966583 -0.06338721995509089 -0.096036314093317365 -0.14857993529763824 -0.019073991943139964 0.0034948141499564198 0.015083221651366241 0.10369629213895558 -0.00026753175470508315 -0.057676961150834476 -0.0036950233361134023 -0.039581723534715188 -0.003432798077096128 0.041575587542219808 -0.047304110904639943
leaf_weight=49.825723350048065 444.2395977973938 119.05574637651443 818.85639300942421 650.1224647462368 231.98669183254242 261.16157606244087 2079.2514090240002 101.90885639190674 162.51929318904877 114.47645103931427 265.5356716811657 65.933417707681656 2048.4159636497498 110.65678161382675 1124.5801717042923 581.18427196145058 4189.1100875735283 147.4779679775238 163.26991578936577 63.573849499225616 46.685983806848526
leaf_count=151 174 175 1660 1263 110 70 6908 193 139 22 82 90 2616 106 1980 413 8751 217 97 145 185
internal_value=0.000624355 -0.000133654 -0.00291859 0.00310693 0.0093822 0.0137819 0.000839393 -0.00220471 -0.0155635 -0.0223388 0 0 0.000829015 0.0178753 -0.00148187 -0.0055493 -8.79962e-06 -0.0155303 0.00662546 0 0
internal_weight=13839.8 13395.6 7275.27 6120.32 1572.08 1074.55 4548.25 7041.73 328.002 233.532 497.522 4341.08 4127.67 207.168 6713.73 1705.76 5007.97 213.411 813.392 165.483 96.5117
internal_count=25547 25373 13478 11895 1622 1430 10273 13281 477 197 192 9831 9524 442 12804 2393 10411 307 1360 338 336
is_linear=0
shrinkage=0.0971646


Tree=43
num_leaves=20
num_cat=0
split_feature=14 0 49 19 32 22 6 2 5 4 2 17 40 29 19 35 28 29 3
split_gain=23.2719 11.5157 10.3778 15.5487 10.7401 15.7614 8.51314 7.84311 7.72094 7.43662 11.9441 8.84295 6.82008 6.33035 6.22898 5.60323 5.02468 3.64177 1.05921
threshold=37.015000000000008 0.49944537339916317 931.55000000000007 10.200595370727944 1.1079628418503249 14.921462737474583 1.0000000180025095e-35 -0.9993703818063705 -1.0805993682476485 1006.2057533401686 -0.47347488754860562 15.385000000000003 11.968950621181918 2.8824632797473493 8.6207324282256277 3.6218393015912835 2.0751597372818718 2.1472913678882186 0.69042973729059076
decision_type=2 2 2 2 2 2 2 2 2 2 2 2 2 2 2 2 2 2 2
left_child=1 7 6 -4 5 -5 15 12 -9 11 -11 -10 -1 -6 -8 18 -16 -17 -3
right_child=-2 2 3 4 13 -7 14 8 9 10 -12 -13 -14 -15 16 17 -18 -19 -20
leaf_value=0.06439463018845086 0.065713614579632595 0.019545458286165794 -0.096462759744355794 0.045636196769683772 -0.070035602880633527 -0.011176028350740651 -0.080154183740464152 0.049111084825783295 0.026492431335599618 0.021077280340044545 0.0015803405549421731 -0.00333760895367576 0.001747247526015001 -0.018214756040752171 -0.0013234754425759099 0.037937549102414682 -0.12019426547520073 0.0063541644019366747 -0.010778383258533518
leaf_weight=198.82263940572739 444.2395977973938 201.63306149840355 218.5614452958107 221.98423048853874 482.4158490896225 896.90108445286751 86.118028402328491 159.26838445663452 271.62473571300507 1057.2957030534744 2217.9480478465557 4451.2717218995094 149.15069177746773 752.99226167798042 1157.7387230694294 320.07773089408875 67.647900819778442 160.5529845058918 323.58346363902092
leaf_count=116 174 662 62 205 692 2661 17 36 159 1199 4722 9505 117 1261 1991 580 74 393 921
internal_value=0.000808473 4.85638e-05 -0.00367445 -0.00793666 -0.00539528 0.00115947 0.00087792 0.00223983 0.00156939 0.00108714 0.00467197 -0.00130997 0.016593 -0.0116648 -0.00406565 0.00773966 -0.00188205 0.015308 0
internal_weight=13839.8 13395.6 4890.21 2572.85 2354.29 1118.89 2317.35 8505.38 8157.41 7998.14 3275.24 4722.9 347.973 1235.41 1311.5 1005.85 1225.39 480.631 525.217
internal_count=25547 25373 9519 4881 4819 2866 4638 15854 15621 15585 5921 9664 233 1953 2082 2556 2065 973 1583
is_linear=0
shrinkage=0.0971646


Tree=44
num_leaves=19
num_cat=0
split_feature=14 1 45 34 2 39 31 12 29 27 22 23 32 47 48 41 5 29
split_gain=17.0961 9.47316 19.7296 11.4707 11.0796 9.68096 9.29708 9.28386 11.4281 9.70811 8.90846 9.43137 7.95871 5.93738 5.75942 3.86898 2.76149 1.60022
threshold=37.015000000000008 0.51236666743397874 23.65902954180314 20.772916666666671 -0.84446911001357472 75.927083333333343 4.6855238513459652 29.627328462891128 1.3794557542048465 0.27074228770292236 13.459736823829049 14.695340654494862 3.356791364102913 659.61833333333357 931.05000000000007 10.312465414106756 -0.50442349877831938 1.5201376386396264
decision_type=2 2 2 2 2 2 2 2 2 2 2 2 2 2 2 2 2 2
left_child=1 5 3 17 -5 7 -6 8 15 -10 14 -12 16 -13 -7 -1 -9 -3
right_child=-2 2 -4 4 6 10 -8 12 9 -11 11 13 -14 -15 -16 -17 -18 -19
leaf_value=-0.047356410758778576 0.059328576369028899 0.0051796450100433308 0.058330729620739728 0.058390274754728341 -0.011960103425181874 -0.0035105752171361651 0.014640132334934606 0.035856223657589302 0.010597156700738771 -0.04348044851956983 -0.038366956395125794 4.5635084914798933e-05 0.018637187480069713 0.029272562135031443 0.059886908002860395 0.013223904818241218 -0.0027531867607192449 0.063178739889512545
leaf_weight=124.77390629053116 444.2395977973938 131.51797738671303 257.81233677268028 169.52584138512611 1803.548911511898 126.54986646771431 1576.724254488945 109.55321115255356 259.64946356415749 1558.1910749077797 346.68725878000259 5554.1810899376869 54.530726611614227 287.98455813527107 135.82001602649689 372.32834643125534 422.40134379267693 103.80850434303284
leaf_count=90 174 119 158 155 3683 103 3238 79 455 1370 171 14003 10 193 139 329 926 152
internal_value=0.000836727 0.000180577 0.004137 0.00223201 0.000721503 -0.00148486 -0.000379988 -0.00615582 -0.00898176 -0.0126009 0.000551666 -0.00012743 0.00426361 0.000730331 0.0179987 0.00339589 0 0.0229307
internal_weight=13839.8 13395.6 4042.94 3785.13 3549.8 9352.65 3380.27 2901.43 2314.94 1817.84 6451.22 6188.85 586.485 5842.17 262.37 497.102 531.955 235.326
internal_count=25547 25373 7505 7347 7076 17868 6921 3259 2244 1825 14609 14367 1015 14196 242 419 1005 271
is_linear=0
shrinkage=0.0971646


Tree=45
num_leaves=25
num_cat=0
split_feature=17 2 49 41 42 35 4 31 23 28 42 6 9 4 5 32 31 13 44 9 2 2 47 44
split_gain=14.5353 10.1607 14.2883 10.1098 10.7735 8.15342 7.71957 7.1857 6.80772 8.78323 11.496 8.13907 6.66112 5.88815 5.8391 5.7777 5.44582 5.38965 4.2205 2.68096 2.17271 1.71617 0.873265 0.833623
threshold=37.035000000000004 -0.53253866550971873 1007.1271214549183 24.48002406854944 0.38129005598592675 1.4909181588487439 1017.7500000000001 5.707652910483997 25.31545537798349 4.2867533889114471 0.68830161790693489 -0.97454454254772638 0.74932386979731735 1007.0032254248005 0.9121239210760721 3.4746512785040373 4.9436259313568103 32.539799207549713 0.67106116133815796 -0.22617366707335404 -0.94942470194531958 0.91234096280339505 89.169166666666641 0.93971053414428096
decision_type=2 2 2 2 2 2 2 2 2 2 2 2 2 2 2 2 2 2 2 2 2 2 2 2
left_child=1 2 5 4 12 22 8 19 11 10 -10 13 -4 -3 -13 17 -2 -7 -11 21 -6 -8 -1 -9
right_child=16 6 3 -5 20 15 7 23 9 18 -12 14 -14 -15 -16 -17 -18 -19 -20 -21 -22 -23 -24 -25
leaf_value=0.020314666063479425 0.030075906334077043 -0.0061700153066354289 0.030945400564534761 -0.020071709528189569 0.030209908101158124 -0.00021214164162834922 -0.10747774849006111 -0.010007799869592311 -0.0093057055641550743 -0.03048405496287851 0.048553464993512457 0.0014802456980472928 -0.0023943075402123939 0.051522068470784152 -0.015613495406209361 0.068288963389106297 0.0846565858292328 -0.024877679620051232 -0.0023160643205649449 -0.081891157237965501 0.045387911510738378 0.014020030772501762 0.13193110300098113 0.050880133542487757
leaf_weight=45.358661115169525 208.13975423574448 123.37344709038734 543.20882421731949 214.68893200159073 175.90590155124664 1401.8924134373665 72.868360340595245 40.339016795158386 569.68190518021584 216.72167831659317 122.89176100492477 5674.785536468029 494.40316331386566 214.38497292995453 1739.2818602919579 79.931170582771301 209.11199903488159 670.04376876354218 238.54908835887909 142.59716045856476 448.56451636552811 69.318357884883881 81.503044009208679 42.282992035150528
leaf_count=158 104 346 760 142 139 5148 91 84 491 113 73 13192 305 277 2100 107 74 1082 117 113 244 105 85 97
internal_value=0.000821832 0.00023244 0.00425026 0.0105378 0.0132013 -0.000748206 -0.00152397 -0.0153423 -0.000900592 -0.00787894 -0.000333621 8.03419e-05 0.00652003 0.0148096 -0.000538858 -0.0023523 0.0186294 -0.00353266 -0.0183486 -0.0229856 0.0235385 -0.00873082 0.0226001 0.00590087
internal_weight=13839.8 13422.6 4155.5 1876.77 1662.08 2278.73 9267.08 367.406 8899.67 1147.84 692.574 7751.83 1037.61 337.758 7414.07 2151.87 417.252 2071.94 455.271 284.784 624.47 142.187 126.862 82.622
internal_count=25547 25369 8170 1590 1448 6580 17199 490 16709 794 564 15915 1065 623 15292 6337 178 6230 230 309 383 196 243 181
is_linear=0
shrinkage=0.0971646


Tree=46
num_leaves=21
num_cat=0
split_feature=39 10 19 47 6 1 29 45 44 35 5 16 49 49 46 36 35 42 36 46
split_gain=13.466 9.50952 7.78822 7.72852 7.18049 11.5859 8.4775 5.9193 9.48666 8.88038 5.42874 4.97035 4.09909 3.11335 2.98748 3.18999 2.47839 2.86662 4.29156 0.410838
threshold=44.991666666666674 37.622770884326634 8.6207324282256277 8.9366666666667633 -0.99950589832346959 0.46459913687673576 5.5956240323832009 9.9933656155947563 1.428825714182876 3.9092437333406402 -1.0088374672093419 20.725000000000005 926.6500000000002 1007.500615458897 0.61898258230907077 13.471927597791252 5.2746493368040781 1.7571913378993644 4.0292472389216334 2.1174156012761984
decision_type=2 2 2 2 2 2 2 2 2 2 2 2 2 2 2 2 2 2 2 2
left_child=1 12 3 -2 5 6 13 11 10 -10 -9 -6 16 -4 -7 -16 -1 18 -18 -5
right_child=2 -3 4 19 7 14 -8 8 9 -11 -12 -13 -14 -15 15 -17 17 -19 -20 -21
leaf_value=-0.0062995137303780094 -0.12181147656118436 0.082007567373908991 -0.010424541701652464 0.0061585897356226877 -0.0028636760346838269 0.044466284993925374 -0.024279051975769673 0.04179353764174943 -0.052028199691527888 -0.0084444129977576318 0.00044926758432928807 0.023881732803061089 -0.023703629790099299 0.01986704200276191 0.02510567280582018 -0.0096103579003308428 -0.0036273032207624054 -0.011804982517206974 0.067471543267066988 -0.016419038287601048
leaf_weight=72.223190784454346 149.47705698013306 139.49927166104317 179.60960558056831 44.684904873371124 155.8686418235302 128.82262578606606 72.509080529212952 210.94642400741577 319.90168985724449 1230.7770612537861 9933.1530376076698 182.91113609075546 91.090314894914627 357.57011806964874 129.02737107872963 96.702830821275711 67.158706307411194 51.561362624168396 174.43697571754456 51.896879434585571
leaf_count=110 33 42 437 69 137 54 29 48 509 1926 20695 134 147 288 89 145 131 110 259 155
internal_value=0.000823024 0.0150809 0.000145936 -0.0168257 0.000503858 0.00856459 0 -0.000108565 -0.000511893 -0.00760084 0.000531632 0.0124481 0.00701342 0.00467288 0.0224577 0.0123088 0.0121277 0.016185 0.0206838 0.000595844
internal_weight=13839.8 595.97 13243.9 246.059 12997.8 964.242 609.689 12033.6 11694.8 1550.68 10144.1 338.78 456.471 537.18 354.553 225.73 365.38 293.157 241.596 96.5818
internal_count=25547 799 24748 257 24491 1042 754 23449 23178 2435 20743 271 757 725 288 234 610 500 390 224
is_linear=0
shrinkage=0.0971646


Tree=47
num_leaves=18
num_cat=0
split_feature=1 45 2 6 23 10 19 43 8 35 32 19 36 40 27 47 8
split_gain=11.6646 14.4454 11.2149 9.67941 11.3656 8.8676 8.46774 6.82198 6.287 21.0791 12.8619 10.1802 6.43732 5.4806 4.19208 1.67134 0.697617
threshold=0.51236666743397874 23.743227376889696 -0.84446911001357472 -0.97454454254772638 24.963341204603882 35.853389217158444 8.6207324282256277 9.8444221330855424 13.945 4.741002490988504 1.1079628418503249 10.200595370727944 3.1179587339578059 14.536942867956965 0.62117251453127875 439.53666666666686 14.835000000000001
decision_type=2 2 2 2 2 2 2 2 2 2 2 2 2 2 2 2 2
left_child=6 2 -2 13 5 -5 -1 -8 9 11 16 -9 -12 -4 -6 -15 -10
right_child=1 -3 3 4 14 -7 7 8 10 -11 12 -13 -14 15 -16 -17 -18
leaf_value=-0.12899174326838686 0.05359157598037273 0.050416521663385547 0.061271466359041953 0.0021183154938059058 -0.0023225955598915357 0.038847969998792004 0.030106812392668748 -0.11676779389166479 0.024075715246072549 -0.07766013466782784 -0.055325758507075419 -0.00087225407348029481 0.010210080108377383 -0.022324802086879834 -0.025689404555447666 0.042354235561388481 0.06243148917295787
leaf_weight=118.93348181247711 196.89337649941444 198.32054451107979 166.73874434828758 2734.6531457006931 239.88615003228188 448.1400671005249 77.105974733829498 175.59176158905029 103.33767959475517 215.03677371144295 141.37557804584503 7938.9979470670223 550.82310646772385 70.859651386737823 267.04013293981552 101.36358284950256 94.730587393045425
leaf_count=60 164 121 88 6470 152 279 71 46 89 153 60 16324 976 145 164 79 106
internal_value=0.000810754 0.00494197 0.00361291 0.00237961 0.000808046 0.00307121 -0.00108587 -0.000704795 -0.000994478 -0.00186481 0.00664977 -0.00100898 0 0.0180815 -0.012499 0.00292093 0.0282906
internal_weight=13839.8 4423.9 4225.57 4028.68 3689.72 3182.79 9415.93 9297 9219.89 8329.63 890.267 8114.59 692.199 338.962 506.926 172.223 198.068
internal_count=25547 7662 7541 7377 7065 6749 17885 17825 17754 16523 1231 16370 1036 312 316 224 195
is_linear=0
shrinkage=0.0971646


Tree=48
num_leaves=26
num_cat=0
split_feature=39 46 36 1 29 35 48 19 48 50 2 2 34 46 46 23 30 27 42 12 2 9 46 40 2
split_gain=13.6738 10.2248 7.61912 7.06122 9.57455 7.79755 7.90793 6.47962 6.31316 8.51943 6.47559 8.69578 10.1748 8.62801 6.79609 5.13974 3.54615 5.35372 3.47415 2.78315 2.59644 1.31864 1.15517 0.928994 0.182073
threshold=44.991666666666674 0.5654276080713404 3.7633318571003911 0.49002412863433359 6.9366767398333824 3.6923485195192054 1008.2025876081234 14.514739960433589 1018.6500000000002 1.4936306194066573 0.99164058729498161 0.93834263341299773 19.19166666666667 1.593977351666404 1.1672504696528716 21.717704338934421 32.19545695253143 0.33489704646329743 0.40481574233671025 23.4702721808512 -0.68258025745374251 -1.042232154079201 2.2044412169641734 16.264293320698886 0.98662138620987927
decision_type=2 2 2 2 2 2 2 2 2 2 2 2 2 2 2 2 2 2 2 2 2 2 2 2 2
left_child=2 3 22 4 5 6 -2 15 10 24 11 12 -3 -13 18 21 17 -5 -12 -16 -19 -4 -1 -9 -10
right_child=1 8 7 16 -6 -7 -8 23 9 -11 14 13 -14 -15 19 -17 -18 20 -20 -21 -22 -23 -24 -25 -26
leaf_value=-0.035168631624221687 -0.0032198293530163987 0.028393845800392156 -0.0018021413440297456 0.085319245430109839 0.053285659522542453 -0.015761587982536275 0.018021420703330328 -0.030252553964017933 -0.0042404793821185071 -0.11595029234041271 -0.032426626602266466 -0.014919112748220992 -0.001482257488180121 -0.081338562458797156 0.01383893985611714 0.067285735033903976 0.035582723139905299 -0.028664795314244346 0.0086604536672507271 0.029244651928851381 0.011102966869453706 0.031563126179073218 0.024516408916089857 0.0382629228514801 0.048513598046224772
leaf_weight=64.099369794130325 1239.6077247262001 332.88308030366898 54.615181028842926 132.16378128528595 79.074140876531601 92.850195437669754 777.27737578749657 50.943023443222046 34.797064542770386 115.34300330281258 139.27823275327682 1116.3786411881447 7640.7712014019489 387.60217526555061 146.57292118668556 187.71557256579399 281.16162416338921 87.558403164148331 176.67174586653709 200.99340867996216 178.36242088675499 143.19837501645088 54.51677018404007 40.718656480312347 35.931055396795273
leaf_count=103 2164 316 138 183 20 64 1363 99 96 78 189 1476 16847 278 284 53 132 170 285 202 381 185 117 98 91
internal_value=0.000978682 0.000293916 0.015354 0.00544849 0.00251476 0.00103753 0.00251426 0.0209818 -0.00109746 -0.0187831 -0.00072543 -0.0014147 -8.1146e-05 -0.0081874 0.00844189 0.0264867 0.014224 0.0066497 -0.000626024 0.017837 0 0.0119251 -0.00373708 0 0.00254937
internal_weight=13791.1 13195.3 595.807 2868.06 2188.81 2109.74 2016.89 477.191 10327.2 186.071 10141.2 9477.64 7973.65 1503.98 663.516 385.529 679.246 398.085 315.95 347.566 265.921 197.814 118.616 91.6617 70.7281
internal_count=25412 24619 793 4477 3611 3591 3527 573 20142 265 19877 18917 17163 1754 960 376 866 734 474 486 551 323 220 197 187
is_linear=0
shrinkage=0.0971646


Tree=49
num_leaves=21
num_cat=0
split_feature=6 27 35 10 4 2 11 21 44 39 33 48 43 4 3 12 16 26 4 30
split_gain=12.6649 10.2188 11.3138 9.33519 8.93278 10.2524 8.3258 9.60494 6.56129 5.96102 4.99191 6.25599 5.64855 4.73283 2.4038 2.29921 2.75784 2.18876 2.13055 3.1959
threshold=-0.97454454254772638 -1.0000000180025095e-35 5.2746493368040781 35.853389217158444 1017.7500000000001 0.99548449742306455 26.908393726466198 23.88237099556169 0.16174535676323634 75.927083333333343 2.6128808986375724 1014.2500000000001 12.553787241800942 1006.8022803277477 1.4306643931217105 27.566466122733868 24.795000000000005 25.88142082658629 921.45000000000016 29.502795187128985
decision_type=2 2 2 2 2 2 2 2 2 2 2 2 2 2 2 2 2 2 2 2
left_child=6 -2 4 10 8 14 7 13 17 -10 12 -12 -4 18 -6 16 -15 -3 -1 -20
right_child=1 2 3 -5 5 -7 -8 -9 9 -11 11 -13 -14 15 -16 -17 -18 -19 19 -21
leaf_value=0.06933176174686384 0.053185235334320367 0.0038465959393118991 0.041083073274396191 0.058301090977137128 -0.032467625880264937 0.033724004254965918 0.019469193138193393 -0.019715200583221133 -0.0063844070594963566 0.0016621015142970846 -0.0016938375857508624 0.035483865251176742 -0.00010272503231035063 0.058802010279581533 -0.11374106338173706 0.034415537099739692 -0.020382808804260508 0.029628729983278753 0.019390903128983662 -0.020353866937751462
leaf_weight=46.119781076908112 201.73911237716675 108.43408691883087 140.52389171719551 235.73781111836433 92.865681886672974 77.272262871265411 342.87865138053894 115.27392137050629 4265.883235514164 5845.8623726665974 1256.2136073112488 125.22340381145477 79.119716256856918 139.73561239242554 150.90407925844193 132.33494725823402 85.673163563013077 114.64265635609627 155.85695797204971 78.790191650390625
leaf_count=67 42 164 167 94 154 135 113 86 6438 14287 2207 235 196 269 113 56 75 27 437 50
internal_value=0.000779787 -5.33354e-05 -0.000439609 0.00654988 -0.00168597 -0.017665 0.0107855 0.00433081 -0.00114333 -0.00154725 0.00355607 0.0010452 0.0172043 0.00946518 -0.0278512 0.0168279 0.00782695 0.0150554 0 -0.00380262
internal_weight=13791.1 12694.4 12492.7 1836.82 10655.9 321.042 1096.66 753.785 10334.8 10111.7 1601.08 1381.44 219.644 638.511 243.77 357.744 225.409 223.077 280.767 234.647
internal_count=25412 24259 24217 2899 21318 402 1153 1040 20916 20725 2805 2442 363 954 267 400 344 191 554 487
is_linear=0
shrinkage=0.0971646


Tree=50
num_leaves=29
num_cat=0
split_feature=39 13 46 47 48 50 1 4 20 39 21 50 3 32 13 31 4 27 35 41 20 12 22 1 9 20 42 13
split_gain=12.0225 9.41083 8.04787 7.39187 6.44216 7.26618 5.62698 7.88355 6.208 5.89401 5.69566 5.2841 7.27491 9.35533 7.24435 7.13057 6.85765 4.49473 3.53232 3.29013 2.96414 2.63711 1.29593 0.888821 0.42015 0.38724 0.367889 0.0639215
threshold=48.354166666666664 36.604374338992542 0.5654276080713404 671.4383333333335 1018.6500000000002 1.4936306194066573 -0.2760944163666606 1007.6053362077467 23.667428647857701 63.085416666666674 23.395331984367768 1.7528977196985442 1.5325238585493219 1.399416545069933 22.175630684453875 5.3822058859598494 1004.8082354374412 0.27074228770292236 5.335460022269344 20.818685436097581 9.5557879502614611 24.903103692993174 13.459736823829049 0.7606130277286095 -1.1552663840033401 7.2008541519241822 1.2524190751490469 23.034065076748806
decision_type=2 2 2 2 2 2 2 2 2 2 2 2 2 2 2 2 2 2 2 2 2 2 2 2 2 2 2 2
left_child=1 18 3 6 11 27 7 10 -9 -8 -2 12 14 -14 -4 16 -13 -11 22 -17 23 26 -1 -20 -23 -25 -22 -6
right_child=2 -3 4 -5 5 -7 9 8 -10 17 -12 15 13 -15 -16 19 -18 -19 20 -21 21 24 -24 25 -26 -27 -28 -29
leaf_value=-0.04788584971287161 0.01044360073828926 0.054386812433533591 0.0057193163710106687 0.033228404785999185 0.049715647380187244 -0.095964735611764926 -0.01095826655632374 0.02587181962208885 -0.011966559776247637 0.059781907536947849 -0.025409994388770785 0.024591388684600403 -0.040415414049162816 -0.00409596313124873 -0.0060313433985816223 -0.00038425932620787324 -0.00058386890119987685 0.0060112665753259791 -0.013862179062370236 -0.05892917047771512 -0.032673803224516657 0.021051184677347977 -0.0034914865762266764 -0.016852387922007831 0.038906282874846529 0.02922520530505417 0.022742454663900295 -0.0058883689390746155
leaf_weight=46.268502742052078 236.79007887840271 277.63615480065346 2822.0915338397026 342.94539046287537 35.210416913032532 115.34300330281258 124.2504146695137 388.73665645718575 243.9125392138958 290.76866367459297 493.42348435521126 632.01873832941055 408.66695702075958 681.36127400398254 4532.217938542366 136.17180213332176 489.14340019226074 743.75937962532043 48.121609449386597 74.968053817749023 65.916174590587616 55.597042858600616 54.420899003744125 53.988141030073166 256.06915527582169 49.619833469390869 56.150203049182892 35.517703026533127
leaf_count=58 458 94 5768 142 87 78 122 696 591 329 787 538 444 1016 10406 281 704 1351 32 117 110 163 150 138 443 121 88 100
internal_value=0.000566173 0.0110229 -0.000188635 0.00430895 -0.00152556 -0.0194341 0.00228328 -0.00169824 0.00582917 0.00732563 -0.00879909 -0.00113522 -0.00206744 -0.00950665 -0.000903391 0.00444508 0.00775935 0.00995416 0.00412071 -0.0110231 0.00746606 0.0117386 -0.0108684 -0.00198022 0.0164429 0 0 0
internal_weight=13791.1 963.788 12827.3 2864.59 9962.71 186.071 2521.64 1362.86 632.649 1158.78 730.214 9776.64 8444.34 1090.03 7354.31 1332.3 1121.16 1034.53 686.152 211.14 585.462 433.733 100.689 151.73 311.666 103.608 122.066 70.7281
internal_count=25412 1397 24015 4476 19539 265 4334 2532 1287 1802 1245 19274 17634 1460 16174 1640 1242 1680 1303 398 1095 804 208 291 606 259 198 187
is_linear=0
shrinkage=0.0971646


Tree=51
num_leaves=20
num_cat=0
split_feature=35 13 27 6 13 4 3 19 26 33 35 47 23 3 18 26 2 31 9
split_gain=10.1384 12.7159 7.83665 7.29299 6.62255 5.9923 11.8644 5.48096 12.8076 4.93106 4.29509 5.83649 6.99759 6.67935 4.02869 3.53309 2.99853 2.36803 0.826852
threshold=5.2746493368040781 36.604374338992542 -1.0000000180025095e-35 -0.99950589832346959 20.428348497900728 1016.85 1.5104926856298182 10.200595370727944 11.531433387294726 2.0878326261520352 2.3680921449994909 341.20083333333343 24.388224864708352 1.260838829028639 80.750000000000014 16.030284116692062 -0.31027330981670553 4.325806866054668 -0.057094222936109766
decision_type=2 2 2 2 2 2 2 2 2 2 2 2 2 2 2 2 2 2 2
left_child=2 4 -1 10 17 7 15 -5 -9 -6 -4 12 -12 -13 16 -7 -11 -2 -8
right_child=1 -3 3 5 9 6 18 8 -10 14 11 13 -14 -15 -16 -17 -18 -19 -20
leaf_value=0.031455109757406105 0.023780054145986645 0.057634460077782064 0.044248984554268095 -0.051871722738450324 0.032753831603581501 0.022962458510941405 -0.036139576744023953 0.026156530009565759 -0.001468102491997724 0.055676986098389107 0.031430801963300989 -0.00023271964528012834 -0.035959419340649473 0.033708675225293493 -0.068477810818122764 -0.030999002988692306 0.00068571302692403116 0.013664678710159514 -0.1734848177639437
leaf_weight=265.0913074016571 89.242520809173584 201.10407474637032 177.70158472657204 369.89137452840805 97.741513460874557 83.533483237028122 98.642107456922531 144.25713276863098 9673.345689445734 114.03746104240417 167.63989180326462 216.48279929161072 142.63169863820076 190.90485456585884 114.55386412143707 194.64508938789368 1228.5044642388821 111.58473441004753 109.5494986474514
leaf_count=55 71 63 192 157 174 74 125 55 20442 177 388 233 110 79 80 408 2321 148 60
internal_value=0.000695739 0.00717928 -0.000341794 -0.000757435 0.00421887 -0.00149816 -0.0120775 -0.000947799 -0.000463267 0.00175428 0.00757347 0.00346037 -0.00566135 0.011438 2.17328e-05 0 0.00181757 0.0208996 -0.0294681
internal_weight=13791.1 1956.77 11834.3 11569.2 1755.66 10673.9 486.37 10187.5 9817.6 1554.84 895.361 717.659 310.272 407.388 1457.1 278.179 1342.54 200.827 208.192
internal_count=25412 3034 22378 22323 2971 21321 667 20654 20497 2752 1002 810 498 312 2578 482 2498 219 185
is_linear=0
shrinkage=0.0971646


Tree=52
num_leaves=22
num_cat=0
split_feature=39 28 5 4 50 50 31 1 50 14 4 29 8 6 46 42 29 3 9 13 13
split_gain=8.62393 8.75599 5.57659 5.27388 11.6459 4.87937 7.37157 9.00587 6.27567 6.14115 5.09854 4.72558 4.71284 2.19395 2.49929 2.28259 4.80461 1.74814 1.64724 2.05693 0.297137
threshold=48.354166666666664 3.1261815442544107 -1.0088374672093419 1017.7500000000001 1.5944366082323551 1.7528977196985442 4.3836798958484522 0.34964421742355262 2.1650000000000005 37.015000000000008 1006.2057533401686 4.7993149943143392 13.835000000000004 -0.86760684711149649 2.2044412169641734 1.2072712464655553 5.3171301385278591 1.2523590948986023 -0.80038147517540803 27.241468544624748 27.386340843486789
decision_type=2 2 2 2 2 2 2 2 2 2 2 2 2 2 2 2 2 2 2 2 2
left_child=1 13 -2 5 12 9 7 -7 -8 10 -4 -3 17 -1 15 16 -15 -5 20 -20 -16
right_child=2 11 3 4 -6 6 8 -9 -10 -11 -12 -13 -14 14 18 -17 -18 -19 19 -21 -22
leaf_value=0.044465554848075371 0.022781004082023024 0.023770479095898994 -0.0038818138066425648 0.0063220133476872267 -0.091106861992677771 -0.00083705367788780864 0.0089815905664917244 0.022268345779277048 -0.03134270797840398 -0.067326356019780625 0.0032219185756136772 0.070560329731426702 0.025158877421151308 -0.01301305953584141 0.01006401247621362 0.006480011301254876 -0.029846822782915373 -0.082103046337791932 0.0043737887485019184 0.028908104594583962 -0.031111317493742973
leaf_weight=49.027226060628891 255.52530646324158 165.72623711824417 6050.4454164803028 63.952995181083679 148.86404046416283 425.87337943911552 556.75361254811287 542.70060992240906 315.50441434979439 43.352978885173798 4286.7840053141117 156.3390781879425 80.778693169355392 178.50974369049072 60.681966990232468 63.789983600378036 51.481922894716263 56.76197624206543 122.71759247779846 72.81847682595253 42.695488423109055
leaf_count=70 56 153 12864 145 115 416 798 544 420 33 8405 40 156 387 200 94 32 63 236 87 98
internal_value=0.000651154 0.00950077 0 -0.000306243 -0.0120101 0 0.00463763 0.0105183 -0.00141851 -0.000785668 -0.000585274 0.0226608 0.00130792 0.00215941 0 -0.00584426 -0.0111337 -0.00843457 0.0066767 0.012088 0
internal_weight=13791.1 963.788 12827.3 12571.8 350.358 12221.4 1840.83 968.574 872.258 10380.6 10337.2 322.065 201.494 641.722 592.695 293.782 229.992 120.715 298.914 195.536 103.377
internal_count=25412 1397 24015 23959 479 23480 2178 960 1218 21302 21269 193 364 1204 1134 513 419 208 621 323 298
is_linear=0
shrinkage=0.0971646


Tree=53
num_leaves=26
num_cat=0
split_feature=39 28 27 34 33 5 17 2 9 21 50 34 46 39 8 46 37 44 44 34 28 50 13 2 19
split_gain=8.47633 7.80578 7.40279 6.67186 4.75402 4.13851 8.96448 7.4965 6.06466 5.73096 5.72478 5.64513 5.83611 5.33972 10.5724 2.56089 1.96419 2.63144 1.26141 1.14863 1.05867 0.939803 0.93053 0.62487 0.455264
threshold=48.354166666666664 2.1933171933296509 -1.0000000180025095e-35 28.620625000000004 5.360394143547123 0.9121239210760721 15.385000000000003 0.91925191855388755 6.1417196175507707 16.785431021738997 1.5550000000000004 16.381875000000004 1.4849928129225871 71.197916666666686 11.175000000000002 1.3430383776742474 47.587500000000013 1.0396815386708205 1.6737104032554131 23.976458333333337 1.2789745082732311 1.1805294303603926 32.341168424277065 0.3896304495307879 14.302172186355337
decision_type=2 2 2 2 2 2 2 2 2 2 2 2 2 2 2 2 2 2 2 2 2 2 2 2 2
left_child=1 16 -2 22 24 6 13 8 10 -9 -7 -8 -13 -4 -15 -11 18 23 20 -20 -1 -21 -3 -18 -5
right_child=2 3 5 4 -6 7 11 9 -10 15 -12 12 -14 14 -16 -17 17 -19 19 21 -22 -23 -24 -25 -26
leaf_value=-0.0065656799743817841 0.026185278513535862 0.022875261877482053 -0.0014597768689790821 0.055027173669406501 0.049221506860103605 0.0042577394541349839 0.050800613103219976 -0.050609573796812156 0.014183789396948915 -0.025314965026702083 -0.022607356931024468 0.00076404025287240445 -0.014081217327593574 -0.0027135593112404752 0.032168765007818269 0.021176945510295954 0.018026943868587084 0.01873831608984796 -0.017733827796500134 -0.0017151463598353328 -0.03419341532817409 0.027848066545250544 -0.050037130967584983 -0.035791702970376323 0.0076709474612248361
leaf_weight=44.336549699306488 265.0913074016571 49.403451919555664 283.852912068367 81.890370190143585 235.71300676465034 843.5151472389698 59.182792901992798 445.46663987636566 118.84713530540466 224.30738085508347 259.29377779364586 8459.1887674927711 1334.1633252799511 187.49387559294701 245.85710543394089 101.03726121783257 51.297402948141098 90.173127114772797 45.738372415304184 62.66458061337471 47.686655968427658 81.840776592493057 43.706156551837921 47.320889383554459 82.016376107931137
leaf_count=112 55 157 143 63 70 2267 99 146 36 206 239 17684 2791 100 172 77 143 164 66 138 69 186 65 48 116
internal_value=0.000698288 0.00947262 3.69919e-06 0.0179903 0.0235472 -0.000303881 0.000425539 -0.00438202 1.37938e-05 -0.0118734 -0.00190242 -0.000297234 -0.000525204 0.010907 0.0176601 -0.000638193 0 0.0080813 -0.00459315 0 -0.0137353 0.00424709 -0.00140985 0 0.00706194
internal_weight=13791.1 963.788 12827.3 492.729 399.62 12562.2 10569.7 1992.47 1221.66 770.811 1102.81 9852.53 9793.35 717.204 433.351 325.345 471.058 188.791 282.267 190.244 92.0232 144.505 93.1096 98.6183 163.907
internal_count=25412 1397 24015 471 249 23960 20989 2971 2542 429 2506 20574 20475 415 272 283 926 355 571 390 181 324 222 191 179
is_linear=0
shrinkage=0.0971646


Tree=54
num_leaves=25
num_cat=0
split_feature=6 24 42 30 2 21 41 23 49 42 20 13 24 11 2 2 9 42 15 24 35 27 1 33
split_gain=9.27476 8.37036 9.64618 9.35506 7.66434 9.48664 6.20157 6.77835 5.80635 5.69304 8.58017 4.81397 13.0643 10.258 6.1447 10.9136 5.20861 6.92848 6.81364 4.32006 4.18207 4.167 3.52954 2.47377
threshold=-0.27841686570654922 25.265340310216761 0.29208687981707332 33.561224437553008 -0.47347488754860562 23.56292883184906 24.293560332091719 26.224224139283443 1019.2500000000001 0.84977946113989644 22.423450009863057 20.851035805666175 13.56135007199034 20.427949729018437 0.92589048012183106 0.98927755889796032 5.2233646409586632 0.60396355575215732 17.655000000000005 25.692468396985991 1.9193187857562417 0.60284393155779759 -0.18754562602806502 2.1570557234098939
decision_type=2 2 2 2 2 2 2 2 2 2 2 2 2 2 2 2 2 2 2 2 2 2 2 2
left_child=1 2 3 6 9 22 7 -1 11 10 -4 12 -2 -13 20 -16 18 -18 -15 -3 -14 -11 -6 -7
right_child=8 19 4 -5 5 23 -8 -9 -10 21 -12 13 14 16 15 -17 17 -19 -20 -21 -22 -23 -24 -25
leaf_value=-0.0032485984495643173 0.019238472197283068 0.039422339031449954 -0.012452786985254849 -0.011281018904528432 -0.0046309348416233255 -0.015508848457460927 -0.031422973555431846 0.039398739364101022 -0.018097925134050993 0.011487907272271065 0.018790234782907506 -0.13994307462290864 -0.027519466694636306 0.0092594314959523871 -0.038040166749205809 0.011274298720823554 -0.03892825521668309 0.0011920792939290699 -0.003529658855487765 0.0097923371591723037 0.011567072470735729 0.04585176711762539 0.013022480816845528 -0.078011684676439361
leaf_weight=1241.0130191445351 129.89644819498062 312.67740368843079 413.64500230550766 176.67762079834938 737.37776187062263 82.327755987644196 59.073865532875061 109.68567818403244 66.217163354158401 139.8875415623188 754.3819263279438 166.55434775352478 117.81823340058327 207.28855681419373 725.38128861784935 467.72266808152199 325.96533733606339 216.13091260194778 3726.4660603404045 284.19820222258568 1356.6181109845638 185.95553302764893 1738.2518684566021 86.575637459754944
leaf_count=2628 34 108 980 94 1871 153 43 31 62 189 569 103 363 75 706 535 148 78 10079 88 3619 78 2823 50
internal_value=0.000826192 0.00358695 0.00235216 -0.00393745 0.00486743 0.00152964 -0.000957187 0.000109401 -0.00144264 0.0104762 0.00673955 -0.00112188 0.00196885 -0.00307624 0.000325128 -0.00467728 -0.00208245 -0.0110444 -0.000731554 0.0146478 0.00466316 0.022389 0.00320806 -0.020215
internal_weight=13827.8 6321.73 5724.85 1586.45 4138.4 2644.53 1409.77 1350.7 7506.06 1493.87 1168.03 7439.84 2797.44 4642.41 2667.54 1193.1 4475.85 542.096 3933.75 596.876 1474.44 325.843 2475.63 168.903
internal_count=25507 9705 9509 2796 6713 4897 2702 2659 15802 1816 1549 15740 5257 10483 5223 1241 10380 226 10154 196 3982 267 4694 203
is_linear=0
shrinkage=0.0971646


Tree=55
num_leaves=26
num_cat=0
split_feature=1 45 32 31 34 42 43 39 26 39 39 29 31 19 44 3 46 11 34 49 37 10 27 8 13
split_gain=6.01251 8.55653 7.89005 14.1681 9.71137 6.6967 5.98086 8.77464 8.26485 7.4846 10.3512 7.48635 7.03749 6.73235 5.15966 4.52056 4.40296 3.57376 5.33665 3.32463 5.41248 5.34746 3.22112 3.19408 3.04604
threshold=0.51236666743397874 23.605308805769944 2.6210433671924194 4.8884456377747894 21.540208333333339 0.070287765057910553 9.8444221330855424 75.927083333333343 15.274836321844072 65.99375000000002 63.085416666666674 1.1241324539783069 3.5668751792607836 14.302172186355337 1.1247149326633874 1.5325238585493219 0.92432050855090864 25.19285108637418 28.931875000000002 1007.500615458897 64.58750000000002 36.232523115102651 0.78518791639902008 17.825000000000003 36.604374338992542
decision_type=2 2 2 2 2 2 2 2 2 2 2 2 2 2 2 2 2 2 2 2 2 2 2 2 2
left_child=5 2 4 19 14 -1 -7 9 12 10 -8 -11 -9 -10 -2 -3 22 24 -19 20 -4 -21 -6 -18 -5
right_child=1 15 3 17 16 6 7 8 13 11 -12 -13 -14 -15 -16 -17 23 18 -20 21 -22 -23 -24 -25 -26
leaf_value=0.02322944972373648 -0.02202345522251049 0.0028612582228988224 -0.00082686636668124428 0.045894856939160816 -0.0029865230613459583 0.017433612235721593 -0.011662210877007258 0.050748658051875714 -0.036531560636390112 0.021535167735815139 0.049815850812609891 -0.022867270792610007 0.0070528861136465743 0.00032412587423281323 0.020704665458968419 0.07828239053745463 -0.017199171356495641 0.0077970525413676344 0.037415532912124953 0.0056795277122187529 0.028820024986670974 -0.022943769374538604 0.029983908482721304 0.014029179978956965 -0.02079725012173677
leaf_weight=236.8564892411232 123.37149527668953 131.42908591032028 526.54019343852997 175.59188452363014 429.49482777714729 154.98278540372849 353.63557031750679 205.6262668967247 183.71728247404099 120.39350056648254 215.98493313789368 1994.7607401311398 347.77674672007561 5611.8027537763119 221.13183861970901 142.31631478667259 1256.3841453492641 96.985786020755768 322.87496730685234 151.01761710643768 136.7471861243248 88.455938577651978 380.55464634299278 158.13905993103981 61.215888291597366
leaf_count=171 140 130 936 328 688 124 428 171 209 110 250 2357 261 13814 170 59 2871 225 158 321 192 48 1022 289 35
internal_value=0.000917734 0.00389107 0.00266113 0.00812396 -0.000494505 -0.000426516 -0.000888601 -0.00126013 0.000649279 -0.00592992 0.00341767 -0.00865001 0.0119858 -0.000365269 0.0144071 0.0206684 -0.0030101 0.0189496 0.0248027 0 0.00375501 -0.00952374 0.00232012 -0.00636203 0.00661181
internal_weight=13827.8 4402.25 4128.51 1559.43 2569.08 9425.54 9188.68 9033.7 6348.92 2684.77 569.621 2115.15 553.403 5795.52 344.503 273.745 2224.57 656.669 419.861 902.761 663.287 239.474 810.049 1414.52 236.808
internal_count=25507 7612 7423 2243 5180 17895 17724 17600 14455 3145 678 2467 432 14023 310 189 4870 746 383 1497 1128 369 1710 3160 363
is_linear=0
shrinkage=0.0971646


Tree=56
num_leaves=26
num_cat=0
split_feature=1 5 2 50 2 3 4 2 39 1 34 8 40 34 4 5 11 47 27 26 3 19 50 12 28
split_gain=6.02513 7.4875 5.6284 4.66456 5.83047 4.69385 5.13807 5.07703 4.47742 6.52291 10.806 9.82678 6.38826 9.77594 6.46786 2.55043 3.17843 2.21526 2.06346 2.30095 1.39485 1.56367 0.603783 0.0902873 0.0898173
threshold=0.97692944606901266 -1.0805993682476485 -0.035799243486829127 1.850828455608126 -0.9993703818063705 2.0450000000000004 1012.0500000000001 -0.84446911001357472 71.197916666666686 0.20088869483109786 18.961458333333336 14.300000000000001 15.317277054000295 19.991875000000004 1005.1004869061809 -0.73478804247852736 25.19285108637418 333.35416666666674 0.63941818880430568 17.588924722199927 0.91323839304739363 17.920092809407119 1.4550000000000003 29.481169894112668 2.0751597372818718
decision_type=2 2 2 2 2 2 2 2 2 2 2 2 2 2 2 2 2 2 2 2 2 2 2 2 2
left_child=1 -1 15 8 -5 6 -6 -7 12 11 -11 -10 14 -14 -3 -2 -17 24 22 23 -21 -22 -4 -20 -18
right_child=2 3 18 4 5 7 -8 -9 9 10 -12 -13 13 -15 -16 16 17 -19 19 20 21 -23 -24 -25 -26
leaf_value=0.019846154483129957 0.0048077284703929111 -0.00038937527906065741 0.058660728938629891 0.033699106478293259 0.022356993170694901 0.02607033762241491 -0.013257965721817302 -0.022540995217148158 -0.0023942004419858858 0.020697238509247685 0.0035341500600689236 0.026419568145508172 -0.030139340710209728 0.0062674282410009486 -0.019672935035343089 0.0092679040454341222 0.00039814064966439444 0.055184692674213498 0.067765777122882939 0.013434019176500842 -0.055483198660866859 -0.0002535406603036991 0.022279563813738582 0.012666040075573126 0.020862530172584708
leaf_weight=180.3354275226593 162.62239590287209 438.10760354995728 47.362541615962982 92.904055237770081 628.04779374599457 231.59058344364166 91.143065929412842 400.69375637173653 6143.7204381525517 225.86920514702797 1231.522565305233 262.25401440262794 472.39391696453094 1842.4073851704597 646.00504738092422 94.190666377544403 36.857728868722916 191.05763295292854 31.132737278938293 51.169322341680527 106.34113481640816 91.222778707742691 47.385972619056702 39.104214996099472 42.3459592461586
leaf_count=38 130 491 79 26 671 176 141 513 13644 178 2823 489 272 3624 866 113 140 68 89 147 229 226 107 111 116
internal_value=0.00102961 0.000445664 0.00854944 0.000130505 0.00534911 0.00333859 0.00882328 -0.00224044 -0.000502143 0.000727117 0.00661072 -0.000547318 -0.0034696 -0.000389422 -0.00963463 0.0151785 0.0199088 0.0253534 0 -0.00369852 -0.00900029 -0.0129356 0.0124192 0.00884946 0.00423863
internal_weight=13827.8 12887 940.793 12706.7 1444.38 1351.48 719.191 632.284 11262.3 7863.37 1457.39 6405.97 3398.91 2314.8 1084.11 527.074 364.452 270.261 413.719 318.97 248.733 197.564 94.7485 70.237 79.2037
internal_count=25507 23952 1555 23914 1527 1501 812 689 22387 17134 3001 14133 5253 3896 1357 567 437 324 988 802 602 455 186 200 256
is_linear=0
shrinkage=0.0971646


Tree=57
num_leaves=24
num_cat=0
split_feature=6 0 15 2 24 44 6 28 14 1 30 8 48 44 49 13 5 13 44 23 46 9 25
split_gain=7.15947 6.43399 5.79179 7.03829 6.11854 6.0708 5.37381 9.29116 8.48431 7.9687 7.58558 6.86323 6.43338 6.56042 5.82672 4.88685 7.01083 4.42983 4.37951 4.35521 4.16341 3.80832 2.77969
threshold=-0.27841686570654922 -0.82220589145490697 17.015000000000004 0.88999460902669758 14.695340654494862 1.2026676889469032 -0.86320597962977363 2.4187479160026144 14.895000000000001 0.46459913687673576 32.043477484237719 9.6650000000000009 1006.8117183248263 0.48748882195009297 1008.7026986939719 39.897073167965765 -1.0003835812842181 39.897073167965765 0.74991877382027516 25.05042962911638 0.5654276080713404 2.2037730451876176 24.410916557192969
decision_type=2 2 2 2 2 2 2 2 2 2 2 2 2 2 2 2 2 2 2 2 2 2 2
left_child=1 -1 3 -2 -4 -5 9 8 -8 10 18 19 20 -14 -13 16 -6 -12 -3 -11 -9 -18 -10
right_child=2 6 4 5 15 -7 7 12 22 11 17 14 13 -15 -16 -17 21 -19 -20 -21 -22 -23 -24
leaf_value=0.03076633874419455 0.0040654748829793974 -0.0069864799516844746 0.0084663516402902136 -0.008766457533250659 0.032983050788352987 -0.051572946209135342 0.035980327431856793 0.033960536874746185 -0.0055917446322696499 0.018695120859729689 -0.027983190201767892 0.018523358014145664 0.055144254515262121 0.028316550359467226 -0.016325853169645969 -0.053833265122516974 0.0010561291775182825 -0.0021433163517469039 0.007043203463961467 0.036179153916648658 -0.0091520108166411041 -0.0097250890243764133 0.035749681081045474
leaf_weight=162.93604350090027 309.11887234449387 1093.9147419631481 239.93136245012283 406.21287271380424 77.223492860794067 376.21906465291977 184.57443690299988 173.30157962441444 1330.4068965017796 82.399781167507172 266.55982008576393 836.32210409641266 199.86491867899895 329.63035079836845 285.07687935233116 63.1328444480896 5088.3430198431015 136.50678208470345 523.37122109532356 150.64895856380463 309.27927130460739 945.87759816646576 256.93503084778786
leaf_count=33 93 2395 142 152 16 94 145 70 2808 186 217 1007 87 410 456 21 13910 42 1031 63 296 1374 459
internal_value=0.00110745 0.00352951 -0.000876208 -0.00741935 0.000173684 -0.0124539 0.00293947 0.00610401 0.00157907 0.000199487 -0.00353254 0.00607621 0.0135776 0.021186 0.00246375 -0.000353837 0 -0.0154347 -0.000279761 0.0213986 0.00427142 -0.000448487 -0.000467932
internal_weight=13827.8 6321.73 7506.06 1091.55 6414.51 782.432 6158.79 2783.99 1771.92 3374.8 2020.35 1354.45 1012.08 529.495 1121.4 6174.58 6111.44 403.067 1617.29 233.049 482.581 6034.22 1587.34
internal_count=25507 9705 15802 339 15463 246 9672 4275 3412 5397 3685 1712 863 497 1463 15321 15300 259 3426 249 366 15284 3267
is_linear=0
shrinkage=0.0971646


Tree=58
num_leaves=21
num_cat=0
split_feature=10 43 5 1 31 7 31 44 39 18 25 5 46 28 28 6 3 40 27 14
split_gain=6.3347 8.25398 6.54689 5.70405 4.99 8.20493 6.41062 6.18249 8.39322 5.82247 5.31439 5.23398 4.6669 4.64583 4.48744 3.98827 2.78806 2.66292 1.50029 0.99064
threshold=38.197406056935115 23.946902918379731 -0.86327902540255697 0.99995369919546417 3.1457522642879745 8.3300000000000018 3.8568919040451779 1.7403685464140495 71.627083333333346 91.750000000000014 13.110873128575745 -1.0805993682476485 2.031304492644511 2.4187479160026144 1.8848072357336279 -0.86320597962977363 1.1620814040781771 16.146636412418673 0.28145110598261208 15.915000000000001
decision_type=2 2 2 2 2 2 2 2 2 2 2 2 2 2 2 2 2 2 2 2
left_child=3 2 13 4 5 9 14 8 -7 10 -1 -8 -13 -2 17 -4 -11 -6 -16 -9
right_child=1 -3 15 -5 6 7 11 19 -10 16 -12 12 -14 -15 18 -17 -18 -19 -20 -21
leaf_value=0.023811809821681604 -0.0069482035332353431 -0.015370632582577893 0.0053440139450233667 0.030939865151953402 -0.037023252240829446 -0.024184064323419116 0.028959869161415398 0.010727978365277231 0.025135882210814066 0.013223599610249126 0.026620322166815168 0.00060029454149352864 -0.029927302008184432 0.021084454387202186 0.027551863596340986 0.038886647408717813 -0.044671449507116635 -0.004586500445382208 -0.0089062572863161053 0.0058137156412138439
leaf_weight=92.280766546726227 220.85130342841148 428.90156358480453 488.14146995544434 114.99809849262238 589.40727132558823 774.35023501515388 70.966165781021118 121.21631580591202 150.33238446712494 188.93032872676849 715.36919650435448 7510.2271751761436 388.11335083842278 239.66858041286469 165.26749274134636 390.48471000790596 101.70889702439308 388.92697066068649 463.64297184348106 224.00269570946693
leaf_count=48 120 168 125 72 1225 911 15 53 217 312 1082 17826 809 87 362 101 104 558 859 453
internal_value=0.00097178 0.0064041 0.01026 0.000138589 -3.57702e-05 0.0039173 -0.0010588 -0.00110407 -0.00554134 0.010098 0.0143631 1.7856e-05 -0.000169387 0 -0.00665233 0.0151776 -0.000326627 -0.0107604 0 0.00950112
internal_weight=13827.8 1768.05 1339.15 12059.7 11944.7 2368.19 9576.55 1269.9 924.683 1098.29 807.65 7969.31 7898.34 460.52 1607.24 878.626 290.639 978.334 628.91 345.219
internal_count=25507 601 433 24906 24834 3180 21654 1634 1128 1546 1130 18650 18635 207 3004 226 416 1783 1221 506
is_linear=0
shrinkage=0.0971646


Tree=59
num_leaves=26
num_cat=0
split_feature=47 36 6 8 6 31 8 1 36 8 41 14 40 9 13 10 8 22 42 0 36 22 9 31 0
split_gain=6.54842 6.77017 5.04891 5.50091 4.81406 3.89951 7.77394 18.2832 7.24969 7.80168 6.98475 6.70083 6.03412 11.2412 4.34193 4.9125 4.59535 3.77152 3.22693 2.975 3.90908 3.03183 2.5598 2.47172 1.89393
threshold=671.4383333333335 6.0009026998268498 -0.50008149503200283 12.005000000000004 -1.4864649586587741 3.1457522642879745 13.155000000000001 0.34964421742355262 0.78591772257497561 11.645000000000001 14.530211644213907 14.175000000000002 18.466268453860085 0.86860577749784629 22.538469547995692 23.629730093082944 13.435 11.609847820690094 0.71205640366038869 -0.57853256444271584 4.5548508940096788 21.909441057321864 1.9680467805662618 4.6855238513459652 -0.70710678118654757
decision_type=2 2 2 2 2 2 2 2 2 2 2 2 2 2 2 2 2 2 2 2 2 2 2 2 2
left_child=4 19 22 -4 -1 6 8 -8 -6 -10 12 -9 13 -7 16 -16 -12 -14 -5 20 21 24 23 -3 -2
right_child=1 2 3 18 5 10 7 11 9 -11 14 -13 17 -15 15 -17 -18 -19 -20 -21 -22 -23 -24 -25 -26
leaf_value=0.014138040650928397 0.028968434319675194 -0.0036168133438278507 0.029236317930723281 -0.05549552120755144 -0.048902417997522471 -0.0040693873732522683 -0.070622770328539641 0.011481700398696563 0.013295566212524134 0.035764655462922811 0.0025510614112401776 -0.0018064763553348262 -0.045855595405331698 -0.060720075427638832 -0.030662630034062117 -0.00070097117317921239 0.025154985419905362 0.0096063200384717048 0.033995012422307083 -0.025132292703241372 0.026953319202682187 -0.032207450383542682 0.035097845351927982 0.049034367371055182 -0.013967060669332799
leaf_weight=101.27990818023682 66.058710038661957 127.45844388008118 249.12669923901558 113.42417857050896 98.331965744495392 296.27089503407478 181.73971515893936 293.81357905268669 735.11584654450417 283.95043522119522 2098.5806454122066 702.4303412437439 138.80015328526497 315.43468680977821 492.7945345044136 5781.3143545389175 502.29520329833031 348.36177539825439 66.498638510704041 126.32511126995087 105.07973960042 64.013639956712723 271.38566696643829 193.50167456269264 74.401402026414871
leaf_count=20 119 159 102 152 140 450 86 110 1256 310 5670 1076 176 195 1699 11669 903 555 97 92 92 42 75 136 126
internal_value=0.000857732 0.00701615 0.011413 0.00217552 9.6241e-05 -4.57616e-05 0.00352499 -0.00167927 0.0093821 0.0120487 -0.00091112 0.0031325 -0.00820748 -0.014609 0 -0.00138896 0.00333046 0 -0.00940495 -0.00232222 0.00163557 -0.0046239 0.0173424 0.00906578 0.000702402
internal_weight=13827.8 1457.27 1021.4 429.05 12370.5 12269.2 2295.38 1177.98 1117.4 1019.07 9973.85 996.244 1098.87 611.706 8874.98 6274.11 2600.88 487.162 179.923 435.879 309.553 204.474 592.346 320.96 140.46
internal_count=25507 1192 721 351 24315 24295 2978 1272 1706 1566 21317 1186 1376 645 19941 13368 6573 731 249 471 379 287 370 295 245
is_linear=0
shrinkage=0.0971646


Tree=60
num_leaves=28
num_cat=0
split_feature=38 48 34 14 2 2 49 34 13 9 34 21 44 50 40 47 1 9 9 46 1 11 50 6 40 47 23
split_gain=8.36128 8.84999 8.9013 8.52562 8.6111 14.4322 12.5061 8.90496 8.24445 7.59921 7.0366 5.37444 5.408 4.9735 4.93492 4.83317 11.9639 4.44991 4.16546 5.7682 3.69085 3.03984 2.87565 2.14202 2.81299 1.52867 1.45097
threshold=13.804444552019008 928.45000000000016 16.381875000000004 32.82500000000001 0.95989713290459411 0.99548449742306455 929.6500000000002 18.961458333333336 37.054356575786763 5.2233646409586632 20.997291666666669 23.5122833411579 0.3165558965396999 1.1805294303603926 13.820382423208667 356.58333333333343 0.90149333598846393 -0.22617366707335404 0.86860577749784629 1.9580980228154696 1.0000000180025095e-35 28.443000018117591 1.1150000000000004 -0.86760684711149649 19.791779785878912 628.20833333333337 16.265488725012087
decision_type=2 2 2 2 2 2 2 2 2 2 2 2 2 2 2 2 2 2 2 2 2 2 2 2 2 2 2
left_child=3 8 -3 4 7 6 13 -1 18 11 -8 12 -4 -6 21 17 -17 -9 23 -20 26 -5 -22 25 -25 -2 -7
right_child=1 2 9 14 5 20 10 15 -10 -11 -12 -13 -14 -15 -16 16 -18 -19 19 -21 22 -23 -24 24 -26 -27 -28
leaf_value=0.029026553335530416 0.0065185151582990188 0.032094306710353439 -0.014729775688288631 -0.015688188497324018 -0.006539673221350583 0.084048361845768166 -0.090837092364171021 0.0036106524985242546 0.029364043879351213 -0.018849553935808318 -0.0015688430123872168 0.031465712352646759 0.013585416819924808 0.033169631878034261 0.00012695944736149811 0.0022358509866383606 0.046769279696072509 -0.0083440205747550376 -0.029106546645653611 0.00050122413196207396 -0.034716032700660177 -0.0079906944298943697 0.031160003635199461 -0.011753207948244401 0.009629946008698426 0.040220207773336611 0.021874967575798973
leaf_weight=187.25817918777466 140.2216919362545 173.81667757034302 195.59907758235931 263.3279022872448 118.06353363394737 77.062767326831818 679.29620000720024 2945.0910872817039 193.06843766570091 102.02052250504494 172.17638623714447 356.1868924498558 1941.8069412708282 80.74509608745575 211.17109474539757 1552.0873382687569 143.17941364645958 2306.0438784062862 212.03881552815437 152.32267132401466 115.613162368536 209.36021208763123 89.759344637393951 884.07240295410156 327.57778015732765 48.786169975996017 49.613659977912903
leaf_count=169 405 116 114 94 170 96 352 8889 65 42 339 158 3027 86 127 1906 144 4898 139 148 177 106 85 2611 876 33 131
internal_value=0.000870286 0.00420473 0.00774937 -0.000797624 0 -0.00696733 -0.0127243 0.001403 -0.000595227 0.00609557 -0.0179961 0.0072902 0.0051538 0.00767114 -0.011212 0.000770893 0.00530427 -0.000613629 -0.00289989 -0.0121412 0.00991941 -0.016717 0 -0.00017104 -0.00197128 0.00899737 0.0228676
internal_weight=13927.4 4727.52 2769.43 9199.85 8515.99 1382.33 1050.28 7133.66 1958.09 2595.61 851.473 2493.59 2137.41 198.809 683.859 6946.4 1695.27 5251.13 1765.02 364.361 332.049 472.688 205.373 1400.66 1211.65 189.008 126.676
internal_count=25503 7734 3457 17769 17442 1436 947 16006 4277 3341 691 3299 3141 256 327 15837 2050 13787 4212 287 489 200 262 3925 3487 438 227
is_linear=0
shrinkage=0.0971646


Tree=61
num_leaves=27
num_cat=0
split_feature=0 23 3 49 42 31 22 30 30 18 0 11 39 50 11 1 46 2 46 1 2 19 13 31 19 1
split_gain=7.03469 9.00159 7.11892 8.37599 7.52992 9.86157 7.21665 8.11092 7.57914 7.09506 5.75169 5.67599 5.57806 5.44849 5.25681 6.91229 7.31529 5.10019 4.74786 7.60298 4.98732 2.76596 3.6478 2.0753 1.80858 0.00104455
threshold=0.49684135704787641 11.531433387294726 1.3822558738610715 927.05000000000007 0.90938621072265047 4.8694381675861527 16.471537688783915 25.678549170064397 20.243896393885247 74.907448778798752 0.36866384143642622 22.345086690074218 70.247916666666683 3.1450000000000005 18.053308867476471 0.53436760985011655 1.5349552494016165 0.73832635400310653 0.51637051830660041 0.49002412863433359 -0.78295110140207591 14.708229563628519 25.595207451175458 4.2981496980602509 14.708229563628519 -0.46936605301880607
decision_type=2 2 2 2 2 2 2 2 2 2 2 2 2 2 2 2 2 2 2 2 2 2 2 2 2 2
left_child=1 -1 4 12 6 11 7 8 -2 -9 13 -6 -4 18 -5 16 -16 -17 19 -3 -20 -8 -23 -14 -7 -25
right_child=2 10 3 14 5 24 21 9 -10 -11 -12 -13 23 -15 15 17 -18 -19 20 -21 -22 22 -24 25 -26 -27
leaf_value=0.015230797367349594 -0.0067910448420050581 0.0032873058080591855 0.039462589513004444 -0.0028759441462466936 -0.12430038683067496 0.018838912579100132 -0.096548245553759585 0.017736310787679132 0.030840857610170375 -0.069335131461230839 0.024225702192824668 -0.012422996116044437 -0.092689426190402643 -0.025892503965932817 -0.024249036026100176 -0.023748196230664924 -0.05765486548501738 0.034837435797800943 0.014796511435823423 0.034776566846167582 -0.00073571612528026162 0.0042841038064373917 -0.017724101817258833 -0.015360130699251873 -0.0010842199210426889 0.051281889373510095
leaf_weight=111.70982432365417 264.5281577706337 1466.5631097555161 131.92986109852791 177.32118389010429 209.27132791280746 51.246175676584244 56.391185313463211 211.5219492316246 705.28470489382744 127.40699446201324 67.181978225708008 102.64992362260818 39.424883455038071 77.766506940126419 428.17050823569298 236.88998064398766 183.7670713365078 76.502679914236069 1458.6979376077652 487.23468643426895 5397.6209576427937 1090.868111550808 653.94608399271965 28.587227195501328 58.414740920066833 26.469585061073303
leaf_count=27 268 1780 147 165 133 30 51 434 789 58 14 157 49 89 566 329 54 61 2654 402 11041 3753 2094 89 180 89
internal_value=0.000832127 0.00245263 -0.00210261 -0.00816007 6.13276e-05 -0.0119475 0.00183628 0.00739014 0.0120333 -0.00463672 0.00205422 -0.0211938 0.0076819 0.00178371 -0.011811 -0.0148056 -0.0208772 -0.00151552 0.00205786 0.00631196 0.000781151 -0.00196817 -0.00100705 -0.00705728 0.0104288 0
internal_weight=13927.4 9066.78 4860.59 1329.06 3531.53 421.582 3109.95 1308.74 969.813 338.929 8955.07 311.921 226.412 8887.88 1102.65 925.33 611.938 313.393 8810.12 1953.8 6856.32 1801.21 1744.81 94.4817 109.661 55.0568
internal_count=25503 16007 9496 1549 7947 500 7447 1549 1057 492 15980 290 374 15966 1175 1010 620 390 15877 2182 13695 5898 5847 227 210 178
is_linear=0
shrinkage=0.0971646


Tree=62
num_leaves=27
num_cat=0
split_feature=38 34 47 2 2 49 34 48 43 26 42 48 34 10 17 48 30 26 24 1 45 29 11 43 22 35
split_gain=6.7118 9.44829 6.7574 7.97727 12.624 10.577 7.71959 6.67095 6.45445 7.20806 6.14129 5.71099 4.92585 4.72484 4.65044 4.09745 5.11725 4.63808 4.09505 3.89855 3.84756 3.13406 2.89401 2.87828 1.36252 0.893629
threshold=13.687247988171466 16.381875000000004 581.07500000000016 0.95989713290459411 0.99548449742306455 930.6500000000002 20.896041666666669 1005.4054949322053 24.04840370991764 26.216029304024026 0.45966842452374274 1007.4393957800499 18.961458333333336 37.622770884326634 17.305000000000003 1011.6265273000655 26.19541161349844 26.216029304024026 25.82096912283092 1.0000000180025095e-35 23.833903603856928 1.0240297948526449 35.215458042528674 23.161230362989361 14.921462737474583 3.8225516697735604
decision_type=2 2 2 2 2 2 2 2 2 2 2 2 2 2 2 2 2 2 2 2 2 2 2 2 2 2
left_child=2 -2 3 12 5 14 -7 10 9 20 18 23 -1 21 -5 17 -17 -14 22 25 -9 -12 -3 -4 -21 -6
right_child=1 7 11 4 19 6 -8 8 -10 -11 13 -13 15 -15 -16 16 -18 -19 -20 24 -22 -23 -24 -25 -26 -27
leaf_value=0.023209559263548955 0.022318977749432607 -0.0086902387537152372 -0.0062332299213295837 0.015807770499609675 0.07147698447540092 -0.089223713965237317 -0.0028969377284497485 0.010129519452280796 -0.024959240635555595 0.033760673953103858 -0.024808899177093845 0.000521207903510456 0.0015096749912140036 0.02501879208861791 -0.058243456505008888 0.00094027060008425561 -0.021578373926296038 0.0063805085024044965 -0.034063691765112383 -0.030397476561434832 0.051363465357719053 0.0032686527785776723 0.060814111289839712 -0.020819790139343004 0.024768703797977628 0.020903819283674407
leaf_weight=185.7451631128788 198.38422900438309 895.84977462887764 141.21991068124771 188.66027221083641 70.984947055578232 563.27174234390259 174.00955882668495 1302.4308266937733 78.013918668031693 160.52424803376198 55.940254420042038 152.76947364211082 5219.8101942241192 328.10937049984932 105.42542538046837 623.09922423958778 466.48497679829597 767.07913452386856 98.921830028295517 104.97136503458023 56.567219614982605 1539.2221057415009 111.59271466732025 189.9821819961071 94.68975955247879 53.60751548409462
leaf_count=166 130 1956 132 126 104 262 345 2199 42 36 74 80 12667 125 196 1523 1126 374 58 98 18 3248 53 94 154 117
internal_value=0.000765036 0.00370848 -0.000749347 -7.01642e-05 -0.00694971 -0.0123781 -0.0186413 0.00270599 0.00778024 0.00937508 0 -0.0118919 0.00115763 0.00334177 0.00191726 0.000681142 -0.004688 0.0017314 -0.0057335 0.00896776 0.00662829 0.000859367 -0.00334882 -0.0191508 0 0.0222424
internal_weight=13927.4 4825.56 9101.81 8617.84 1355.62 1031.37 737.281 4627.17 1597.54 1519.52 3029.64 483.972 7262.22 1923.27 294.086 7076.47 1089.58 5986.89 1106.36 324.254 1359 1595.16 1007.44 331.202 199.661 124.592
internal_count=25503 7939 17564 17258 1402 929 607 7809 2295 2253 5514 306 15856 3447 322 15690 2649 13041 2067 473 2217 3322 2009 226 252 221
is_linear=0
shrinkage=0.0971646


Tree=63
num_leaves=37
num_cat=0
split_feature=38 4 45 42 26 47 46 26 46 41 5 14 31 23 3 42 25 22 14 26 49 8 25 45 8 49 16 35 9 3 30 1 9 2 21 23
split_gain=6.33448 7.02885 8.58494 7.01228 9.11612 5.71771 5.57097 6.53488 4.95938 6.39889 5.96472 4.87254 4.60443 7.19242 4.81705 5.35841 4.42588 5.06607 4.41728 4.13945 4.02612 3.68902 3.59953 3.50544 6.49598 3.41502 3.3504 2.6028 1.79789 1.56654 1.2171 1.14281 0.912846 0.698776 0.336618 0.117586
threshold=13.687247988171466 927.6500000000002 11.258333093564682 1.0075588199136807 13.110873128575745 581.07500000000016 0.52486180846622166 26.216029304024026 1.6233791371294943 24.48002406854944 -0.86327902540255697 14.175000000000002 4.9639726894213041 23.270351804316537 1.6950000000000001 0.73715757932100934 18.502598288007366 17.342432359204661 33.186514886838438 25.88142082658629 1009.1001973138279 18.735000000000003 17.057929321037708 23.784325417845611 11.303980072136349 922.60001496550308 22.355000000000004 3.6923485195192054 2.7508387839120041 1.6509245375857409 25.23467080809554 0.6254047815183511 0.36569703986510588 0.88999460902669758 22.363213413611955 13.110873128575745
decision_type=2 2 2 2 2 2 2 2 2 2 2 2 2 2 2 2 2 2 2 2 2 2 2 2 2 2 2 2 2 2 2 2 2 2 2 2
left_child=3 12 11 5 -5 6 7 19 9 10 -4 -3 14 16 22 -16 -14 -18 21 -1 -7 -8 33 24 28 -24 27 -10 -6 -26 -15 -28 -17 -2 -32 -13
right_child=1 2 8 4 23 20 18 -9 26 -11 -12 35 13 30 15 32 17 -19 -20 -21 -22 -23 25 -25 29 -27 31 -29 -30 -31 34 -33 -34 -35 -36 -37
leaf_value=0.008685331864738877 0.0069187918746776832 0.011924142812787532 0.0014205016154561693 -0.16423488140256343 -0.020050633975681909 -0.015774039367613128 0.00084890956708901216 0.014461848161566879 -0.12862641280428458 -0.022650520068420679 0.021351045540760602 -0.00080743240250603855 -0.012790777947708235 0.00043695833885071451 -0.0039109817251766288 0.0073384631219411542 0.051562622790042548 0.013699238738662052 -0.016713803413965823 -0.016694856229542396 -0.0039573322210165549 -0.053026567065953711 0.0035714808832682473 0.0024160276294267497 0.007952278660905315 -0.024367434236532856 0.028282717620026102 -0.0077373077651951725 -0.070528129507202025 -0.014202520645122362 -0.040046703217283514 -0.058938816575077144 0.025039383736222706 -0.036493852622956353 -0.018558783097274503 0.025499685031892677
leaf_weight=1236.201345205307 235.38830837607384 156.09935247898102 955.17728367447853 116.9864826798439 198.97440856695175 188.01679420471191 5688.1665651798248 378.79454219341278 54.875647634267807 105.25480264425278 1328.6878569424152 59.674833595752716 64.438762545585632 90.041511237621307 71.682717323303223 73.932936042547226 157.74594619870186 277.91150116920471 194.13575613498688 172.19541233778 272.45685911178589 54.699153929948807 120.92279106378555 66.671831756830215 358.77630785107613 512.60532781481743 76.309357315301895 57.21731373667717 84.005840063095093 91.729545891284943 95.683817058801651 57.103418946266174 74.110337823629379 75.753522783517838 30.844439923763275 94.094705671072006
leaf_count=2944 559 44 1392 37 577 151 12196 156 35 45 1622 39 108 333 89 157 114 985 102 156 145 41 388 23 829 852 91 165 32 175 278 120 40 190 80 213
internal_value=0.000836623 0.00369464 0.00667251 -0.000632479 -0.00868747 0.000220869 0.000900389 0.00567086 0.00465292 0.00610762 0.00732304 0.0222705 -0.000743419 0.00509307 -0.00470509 0.00720784 0.0118502 0.0157307 -0.000465944 0.00225556 -0.010189 0 -0.00794035 -0.00430737 -0.00667375 -0.0121349 -0.00768892 -0.0200617 -0.0181424 0 -0.0085155 0 0.0188048 0 -0.0145475 0.00617604
internal_weight=13927.4 4825.56 2944.49 9101.81 917.144 8184.67 7724.19 1787.19 2634.63 2389.12 2283.87 309.869 1881.06 716.666 1164.4 219.726 500.096 435.657 5937 1408.4 460.474 5742.87 944.67 800.158 733.486 633.528 245.506 112.093 282.98 450.506 216.57 133.413 148.043 311.142 126.528 153.77
internal_count=25503 7939 3766 17564 1673 15891 15595 3256 3470 3059 3014 296 4173 1898 2275 286 1207 1099 12339 3100 296 12237 1989 1636 1613 1240 411 200 609 1004 691 211 197 749 358 252
is_linear=0
shrinkage=0.0971646


Tree=64
num_leaves=24
num_cat=0
split_feature=1 34 39 28 9 34 3 14 9 34 39 9 26 3 49 13 45 41 8 31 8 48 1
split_gain=4.74989 8.86228 7.8099 7.48001 6.77002 12.8815 9.57554 5.35036 5.03059 5.73475 5.26564 5.98756 5.48236 4.05345 6.07582 7.06292 5.51143 3.13939 3.26933 3.19465 0.882845 1.54797 1.49057
threshold=0.51236666743397874 20.896041666666669 73.706250000000011 0.72229266543963833 5.2233646409586632 16.381875000000004 1.1705000126030336 29.971236347740607 4.2483625708360515 28.403958333333339 75.927083333333343 0.86860577749784629 16.679778641257666 0.74011711202934205 1008.3007422594915 37.054356575786763 21.614347276216453 9.7163203324356182 18.735000000000003 3.1457522642879745 9.4400000000000013 1012.6500000000002 0.67760851415498091
decision_type=2 2 2 2 2 2 2 2 2 2 2 2 2 2 2 2 2 2 2 2 2 2 2
left_child=4 3 13 -2 5 -1 -6 20 10 -10 11 -7 -12 14 15 -3 -16 18 -15 -19 22 -22 -4
right_child=1 2 7 -5 6 8 -8 -9 9 -11 12 -13 -14 17 16 -17 -18 19 -20 -21 21 -23 -24
leaf_value=0.023191081521282703 -0.0046294484455219045 0.015196262258236963 0.038153399477029212 0.031239151403129051 0.006249548485806629 -0.001091864641015135 -0.051271417865270057 0.060197039500962349 -0.0061765941095340776 0.01403277872207419 0.013320571981804743 -0.016668287520215826 -0.00089339047631276504 -0.0051721506534240505 0.01662238027224348 0.020481243171556657 -0.050631294441680158 0.024863192678995064 -0.03738100540526499 -0.0015357848540662876 0.055386724316989974 -0.043231071846659239 -0.02290530798873271
leaf_weight=215.84812912344933 78.583762317895889 355.68554118275642 83.145589292049408 173.16608616709709 333.38246229290962 1077.2308087050915 354.87767425179482 258.09198167920113 156.8116811811924 171.96158441901207 856.68149974942207 944.85517671704292 5335.5405890643597 168.40908092260361 125.0609847009182 140.28997585177422 45.52883780002594 381.28640988469124 59.611992597579956 2367.663293838501 73.810336828231812 27.780960828065872 142.06289771199226
leaf_count=154 77 850 249 226 156 1870 127 169 162 75 828 1048 13432 301 327 48 30 639 40 3926 247 76 446
internal_value=0.000643504 0.0032623 0.00208793 0.0210549 -0.000553901 0.000128679 -0.00982072 0.0125009 -0.000418442 0.0112151 -0.000939928 -0.00525708 0.00040283 0.000290402 0.00721192 0.0129564 -0.0069665 -0.00112188 -0.0120207 -5.06356e-05 0.00265375 0.0100943 0
internal_weight=13927.4 4480.18 4228.43 251.75 9447.19 8758.93 688.26 584.892 8543.08 328.773 8214.31 2022.09 6192.22 3643.54 666.565 495.976 170.59 2976.97 228.021 2748.95 326.8 101.591 225.208
internal_count=25503 7651 7348 303 17852 17569 283 1187 17415 237 17178 2918 14260 6161 1255 898 357 4906 341 4565 1018 323 695
is_linear=0
shrinkage=0.0971646


Tree=65
num_leaves=30
num_cat=0
split_feature=38 26 2 2 34 47 40 40 26 34 10 50 10 48 46 21 9 30 1 18 3 13 5 36 40 37 32 50 13
split_gain=6.32603 8.91634 6.22757 8.92884 7.15716 9.30897 4.89966 4.22667 4.14419 4.06153 3.69597 3.30923 4.66975 4.22259 4.81228 4.41936 3.04599 5.08393 4.76231 5.19814 4.37924 2.96256 2.49273 2.39524 2.77906 2.2707 1.58468 1.1332 0.645355
threshold=13.804444552019008 11.531433387294726 0.95989713290459411 0.99548449742306455 20.772916666666671 1.7716666666666667 11.736081410871874 14.305647764804862 14.377937509602265 18.622708333333339 20.628207720247719 0.37411099587367364 37.095007650148197 1005.4054949322053 0.75905689029540213 7.2008541519241822 -0.22617366707335404 32.19545695253143 0.90149333598846393 66.250000000000014 1.0715523994459846 35.857839953778331 0.60079734880831859 3.5852707933694785 16.046663723858813 77.495833333333351 0.65562438401820444 1.2602500741036691 26.968890738178121
decision_type=2 2 2 2 2 2 2 2 2 2 2 2 2 2 2 2 2 2 2 2 2 2 2 2 2 2 2 2 2
left_child=2 -2 9 4 5 10 -3 -6 -7 -1 -4 12 28 15 -15 -13 17 21 19 -18 -20 -11 -9 26 27 -19 -5 -25 -8
right_child=1 6 3 23 7 8 11 22 -10 16 -12 13 -14 14 -16 -17 18 25 20 -21 -22 -23 -24 24 -26 -27 -28 -29 -30
leaf_value=0.028158432451856567 0.016361664200203681 0.048135287233225035 -0.036968353150929674 -0.00014108908325590716 -0.063857526159414077 0.034737696285959255 0.016948523501849177 -0.0076798483693155603 -0.023794586717384783 0.0045212330446393161 -0.10182045975362648 0.020856330369644543 0.035310799828769834 0.026904532947500118 0.0050636787523827562 -0.0026802020280495436 -0.011592244756608661 0.03381410496855658 0.025178095550299019 -0.00088933527600913167 -0.0012358717984408871 -0.0089304098896585971 0.03503020794427518 -0.0051023086841208405 -0.02474234709164666 0.029666231505967821 0.036649178894804464 0.069559094543685113 -0.014054031564898116
leaf_weight=119.38362944126129 166.81773421168327 120.14154013991356 325.32533538341522 87.471285581588745 84.274001449346542 76.500835448503494 46.775417685508728 70.497876167297363 130.42311149835587 3124.9673130810261 262.82962787151337 103.80319657921791 68.374457478523254 535.30032825469971 923.67599469423294 2674.3089302182198 1192.50533670187 78.080562084913254 324.27268958091736 2200.6035839915276 368.58623033761978 300.98514318466187 100.43042814731598 59.37318029999733 55.975195795297623 108.13461750745773 82.135019987821579 47.094252645969391 88.320481657981873
leaf_count=111 69 78 135 94 147 50 125 203 221 9626 55 162 14 463 1648 4981 1264 133 564 3717 520 307 136 145 80 91 94 76 194
internal_value=0.000800731 0.00370205 -0.000644518 -0.00666606 -0.0112033 -0.015799 0.00278094 0.00147895 0 0.000367822 -0.0220374 0.00214252 0.0143983 0.00144356 0.00570296 -0.000643637 3.29904e-05 0.00214124 -0.00172663 -0.00330472 0.00536934 0.00115013 0.0116358 0.00638359 0 0.0178126 0.0144952 0.0068669 0.000405936
internal_weight=13927.4 4727.52 9199.85 1382.33 1050.28 795.079 4560.7 255.202 206.924 7817.52 588.155 4440.56 203.47 4237.09 1458.98 2778.11 7698.14 3612.17 4085.97 3393.11 692.859 3425.95 170.928 332.049 162.443 186.215 169.606 106.467 135.096
internal_count=25503 7734 17769 1436 947 461 7665 486 271 16333 190 7587 333 7254 2111 5143 16222 10157 6065 4981 1084 9933 339 489 301 224 188 221 319
is_linear=0
shrinkage=0.0971646


Tree=66
num_leaves=34
num_cat=0
split_feature=32 2 46 40 34 42 21 30 39 37 6 46 6 50 48 16 37 4 48 6 13 45 34 46 40 24 39 22 16 13 31 30 2
split_gain=4.8421 7.8478 5.22392 8.99554 13.6516 7.41889 6.88767 6.11518 6.40837 5.65064 4.20085 7.14019 7.07144 6.39621 6.24997 5.26558 6.1835 4.81742 4.28091 6.21231 4.92174 3.64939 4.50476 3.58526 3.56782 3.77189 3.32322 3.27338 3.17162 2.68388 2.78437 2.23336 0.959924
threshold=3.356791364102913 -0.42714268446624293 1.4634420535844348 18.867642293722916 18.961458333333336 0.81845586801723791 15.541503805188968 24.237257972127896 75.927083333333343 69.297697403140162 -0.86320597962977363 0.25604479268498415 -0.97454454254772638 1.850828455608126 1005.8047236426189 24.795000000000005 63.391666666666673 1006.8022803277477 1007.4393957800499 -0.69846801994877794 23.629730093082944 21.049374810045755 30.043750000000006 1.7745392202814414 15.655772590683727 17.875513934017366 71.197916666666686 16.296057745859741 24.311267529499045 37.592523138694006 5.0046134797683495 29.696663093842556 0.58621793134364741
decision_type=2 2 2 2 2 2 2 2 2 2 2 2 2 2 2 2 2 2 2 2 2 2 2 2 2 2 2 2 2 2 2 2 2
left_child=2 29 10 6 -5 26 7 8 -4 -7 11 -1 17 18 -14 28 -17 -13 20 -20 -12 22 31 -9 25 -8 -6 -26 -15 30 -2 32 -3
right_child=1 21 3 4 5 9 24 23 -10 -11 13 12 14 15 -16 16 -18 -19 19 -21 -22 -23 -24 -25 27 -27 -28 -29 -30 -31 -32 -33 -34
leaf_value=-0.015706042086477363 -0.0071508536330026889 0.025885739369482599 -0.096637572684581036 0.016624388682422792 -0.013293241933009133 0.0017799648315508822 -0.087332589855994153 -0.024729629980239629 -0.012680875139962758 0.033197014091505175 0.0030452536739016471 -0.002346657921882721 0.0076059223046659897 0.0080303866326877586 -0.012119033755092254 0.0053548938905378547 0.038325313835436775 0.011635724191153909 0.045396589078832476 0.0027025488034196281 -0.0067824010859989323 -0.029161456843304366 0.023645733390640775 0.0020317927220883662 0.013557938277444219 -0.0011192496469285178 0.0067348198663323812 -0.037871120498403146 -0.03264317081153742 0.023531313941127577 0.038044910117301677 -0.020356773672763021 -0.0023015311404089326
leaf_weight=130.92718082666397 80.599711954593658 306.39246505498886 254.29531446099281 158.14804670214653 662.87434330582619 246.27777287364006 131.33412829041481 215.85602959990501 126.86706626415253 74.089757114648819 1983.0559323132038 227.7653194963932 521.30891481041908 187.42443212866783 914.59291529655457 212.60016864538193 459.84087878465652 467.35651987791061 379.9145935177803 1966.3169925808907 2381.9917970597744 113.14805433154106 135.00548049807549 279.40938141942024 256.72086519002914 203.83109360933304 67.279189050197601 88.259269952774048 81.473140746355057 179.56944054365158 87.380794644355774 72.60997211933136 339.02004516124725
leaf_count=67 72 667 157 111 927 519 123 256 174 73 5001 368 1464 316 1384 288 322 365 592 4797 4715 57 59 511 252 391 166 252 71 42 120 70 908
internal_value=0.000340463 0.0059605 -0.000209442 -0.00396778 0.00203599 -0.00161706 -0.00889824 -0.0146209 -0.0242745 0.0101079 0.000796638 -0.00280412 -0.00122302 0.00191737 -0.00528131 0.00944823 0.0140806 0.00653552 0.000793767 0.00417247 -0.000926223 0.000966482 0.00356303 -0.00623346 -0.000867518 -0.00848677 -0.00736398 0.00531797 -0.000594278 0.0184992 0.00594017 0 0.00229931
internal_weight=13993.5 1313.73 12679.8 2765.24 1208.67 1050.52 1556.57 876.428 381.162 320.368 9914.57 2261.95 2131.02 7652.62 1435.9 941.339 672.441 695.122 6711.28 2346.23 4365.05 966.176 853.028 495.265 680.145 335.165 730.154 344.98 268.898 347.55 167.981 718.022 645.413
internal_count=25657 1995 23662 3912 1796 1685 2116 1098 331 592 19750 3648 3581 16102 2848 997 610 733 15105 5389 9716 1761 1704 767 1018 514 1093 504 387 234 192 1645 1575
is_linear=0
shrinkage=0.0971646


Tree=67
num_leaves=24
num_cat=0
split_feature=1 1 42 5 36 17 34 36 17 17 18 44 16 30 8 18 44 3 43 17 10 4 40
split_gain=5.68367 6.99405 5.1813 5.09176 4.95472 4.69781 3.72423 3.71429 4.74656 4.09759 2.20531 4.5468 2.99494 2.19223 2.14077 1.50668 1.62767 1.46565 1.24024 1.4884 0.347139 0.389897 0.210446
threshold=0.97692944606901266 0.94970904815366264 1.0000000180025095e-35 -1.0805993682476485 9.7164207827061109 34.025000000000013 30.043750000000006 13.216492211859427 31.205000000000002 33.595000000000006 59.806823943951549 0.75957952640859294 27.262118080375302 29.404029445529385 16.235000000000003 48.45000000000001 0.79913960148041696 1.4750000000000003 13.946283768892323 35.084355954512603 24.142401967844037 1009.4500000000002 17.995103500475629
decision_type=2 2 2 2 2 2 2 2 2 2 2 2 2 2 2 2 2 2 2 2 2 2 2
left_child=1 2 -1 -4 10 14 13 8 -5 -9 11 -2 -12 17 15 -3 -17 -6 -13 -20 22 -22 -14
right_child=4 5 3 7 6 -7 -8 9 -10 -11 12 18 20 -15 -16 16 -18 -19 19 -21 21 -23 -24
leaf_value=0.022295630670570745 -0.021308652580959951 0.052210183717939403 0.018118537801248478 0.00020102366537832328 0.044440440453914723 -0.04869448006145688 0.030295087375669653 0.0027856459233631726 -0.0033375185114024484 0.023370561410680862 0.10513291145381408 -0.0026689147722085745 0.0082417821972668118 -0.0099282050497852513 0.056359275182766559 -0.0053351178317428546 -0.043150960949569453 0.00077057234912211281 0.0081399565991855365 0.017146059990741456 0.02738550926922749 -0.010935138768568891 -0.10136402209778581
leaf_weight=236.56481504440308 142.30361607670784 38.069900304079056 126.64053297042847 9141.1469174921513 86.770846605300903 144.03688609600067 148.98660942912102 881.16775751113892 2014.4541319310665 243.22730430960655 69.231977075338364 80.455461233854294 28.275204688310623 100.40225914120674 48.244949758052826 71.783601194620132 80.033195793628693 45.130677223205566 86.288725256919861 61.600401550531387 62.891633749008179 28.126150697469711 27.703453093767166
leaf_count=49 163 77 28 19521 175 136 62 2130 1407 167 127 157 107 114 140 203 217 98 175 37 200 98 69
internal_value=0.00036595 -0.00013655 0.000223193 -1.5782e-05 0.00754534 -0.0130548 0.016238 -0.000252276 -0.000822186 0.00501065 0.00112042 -0.00256573 0.0093342 0.00594938 -0.00252165 -0.00858489 -0.0135523 0.0146166 0.00451839 0.0103996 0 0.0048057 -0.00433025
internal_weight=13993.5 13025.4 12643.2 12406.6 968.167 382.169 381.29 12280 11155.6 1124.4 586.877 370.648 216.228 232.304 238.132 189.887 151.817 131.902 228.345 147.889 146.996 91.0178 55.9787
internal_count=25657 24075 23302 23253 1582 773 449 23225 20928 2297 1133 532 601 387 637 497 420 273 369 212 474 298 176
is_linear=0
shrinkage=0.0971646


Tree=68
num_leaves=23
num_cat=0
split_feature=5 36 48 14 13 46 40 34 43 4 13 43 19 17 42 23 36 17 20 48 50 39
split_gain=4.54462 3.14048 4.36425 5.05776 4.528 3.864 6.53458 9.5012 9.02041 8.71132 5.92592 4.71637 10.6986 5.41097 3.60198 3.23734 3.0592 2.02681 1.01662 0.721519 0.475759 0.406732
threshold=-1.1314901936117701 13.216492211859427 1008.6011358260334 32.475000000000001 37.054356575786763 1.4396346115634726 18.241229521495523 18.961458333333336 14.986749826576551 932.25000000000011 37.054356575786763 11.323846119052433 12.622978378444969 29.475000000000005 0.84977946113989644 23.074588401689425 3.6664469630447138 16.675000000000004 22.481601044397117 1014.4500000000002 1.093082008998348 69.131250000000023
decision_type=2 2 2 2 2 2 2 2 2 2 2 2 2 2 2 2 2 2 2 2 2 2
left_child=-1 5 4 19 15 11 8 -8 9 -7 -10 -2 16 -14 -9 17 -13 -3 -17 21 -21 -4
right_child=1 2 3 -5 -6 6 7 14 10 -11 -12 12 13 -15 -16 18 -18 -19 -20 20 -22 -23
leaf_value=0.017038410428027156 -0.033488526421673569 0.03668457731307611 -0.00076004942241844533 -0.052002720178638558 0.022274306355231664 -0.0019439295045201688 0.0080120610906933756 -0.0063129061964702846 -0.0098969114069481362 -0.078866484574224571 0.02401325373811326 0.030281920920806157 0.0034587802402666263 -0.0018841240496556499 0.0037087255971224855 -0.041518238538119638 0.053398219082836457 0.0080301406883077266 0.025448375899694922 0.01046091337487022 -0.029065877776555275 0.019399238407256852
leaf_weight=215.87760090827942 171.17766490578651 43.899648517370224 45.462976694107056 72.801034510135651 272.14780655503273 359.17295584082603 191.81059730052948 889.40058243274689 553.46502912044525 404.6200005710125 91.190209478139877 156.47145381569862 5750.7734784781933 3298.3831850588322 392.05573093891144 122.00911402702332 145.92497578263283 593.95282703638077 37.420149266719818 38.880369752645493 62.46334582567215 84.17627140879631
leaf_count=48 91 43 112 56 87 516 116 1363 1120 232 32 105 15745 2853 670 378 141 1482 59 109 139 160
internal_value=0.000222912 0 0.00440596 -0.0050273 0.00749009 -0.000486224 -0.00361765 0.000642504 -0.00836809 -0.0154906 0 0.000417432 0.000755814 0.000104637 -0.00209163 0.0031095 0.0186522 0.00658667 -0.00803952 0.000348784 -0.00340843 0.00651388
internal_weight=13993.5 13777.7 1373.21 303.784 1069.43 12404.4 2881.72 1473.27 1408.45 763.793 644.655 9522.73 9351.55 9049.16 1281.46 797.282 302.396 637.852 159.429 230.983 101.344 129.639
internal_count=25657 25609 2625 576 2049 22984 4049 2149 1900 748 1152 18935 18844 18598 2033 1962 246 1525 437 520 248 272
is_linear=0
shrinkage=0.0971646


Tree=69
num_leaves=35
num_cat=0
split_feature=50 21 4 33 8 35 31 49 29 23 42 46 50 31 50 50 33 40 42 49 21 7 50 30 28 39 9 36 8 28 20 43 13 44
split_gain=3.52449 5.74222 5.63485 5.01722 4.63968 4.42852 3.83613 4.64276 5.74353 11.4148 5.57509 9.07984 5.41144 6.03505 5.2983 4.40771 4.44686 6.36358 6.37828 4.29429 6.46163 4.21304 3.42721 2.84587 3.67675 2.81694 2.76922 4.40057 2.37973 2.30587 1.7744 1.74542 1.47314 1.40144
threshold=1.850828455608126 23.5122833411579 926.45000000000016 2.1347776820825275 15.382952269013868 2.7844680169973208 5.0046134797683495 1011.9052255001153 2.1017812771989171 12.472739066571283 0.479336028734824 1.2770638300615766 1.4550000000000003 4.3836798958484522 1.4550000000000003 1.5705949907928076 3.7923425138568345 13.820382423208667 1.3052771006187662 1008.3007422594915 22.038416888505399 7.6500000000000004 1.6925331042676899 20.987732571565022 5.6109838728935371 65.99375000000002 0.11732312309235306 3.2154833730861445 14.205 1.8053292043691702 22.997188019657546 16.523383906197875 23.034065076748806 0.55530263132219526
decision_type=2 2 2 2 2 2 2 2 2 2 2 2 2 2 2 2 2 2 2 2 2 2 2 2 2 2 2 2 2 2 2 2 2 2
left_child=6 2 4 -3 -2 30 7 8 10 -10 11 -1 13 25 -12 16 23 -18 -19 22 31 -11 -17 32 -25 -9 33 -28 -14 -15 -4 -21 -8 -7
right_child=1 3 5 -5 -6 26 15 12 9 21 14 -13 28 29 -16 19 17 18 -20 20 -22 -23 -24 24 -26 -27 27 -29 -30 -31 -32 -33 -34 -35
leaf_value=-0.0017245435582952597 0.021299431861592066 -0.0014790304572243464 0.050666011450937173 0.020426609329470123 -0.0034314839411549417 -0.018233297744577479 0.023253686823626333 0.0013535931986659114 -0.1012604310925065 -0.0012883319016832647 -0.011323419126967566 0.018903450264888714 -0.067522321779113964 0.027557378889040016 0.01450818194072806 -0.019233715962623348 0.022934454946833292 -0.00010772794847801993 0.042838573998983394 -0.0081747296335941272 -0.053104324558402013 -0.0085007316340736504 0.016613559414719231 -0.0021567124422926607 0.006115900972326946 0.054257377299899684 0.00012990008304558081 -0.029162462057057578 0.0061748360246538601 -0.010781883517001142 -0.0046832535258826569 0.00028417344822244959 -0.0054286155219172832 0.026475550222359673
leaf_weight=619.93199011683464 95.679163664579391 154.35009717941284 104.65907520055771 365.77509289979935 91.72344496846199 70.122979879379272 252.03646549582481 55.422138869762421 147.97561690211296 2607.6248699128628 838.9451530277729 410.3550560772419 113.79750773310661 142.16266530752182 223.42557612061501 90.212252646684647 220.51983922719955 605.33033707737923 115.48171344399452 56.773509830236435 99.380565017461777 2220.3429040014744 105.78309834003448 2172.684442460537 326.90806040167809 219.97110432386398 150.51987162232399 506.66159361600876 96.788934826850891 211.48063439130783 68.461079597473145 155.00837337970734 69.439538389444351 207.80226227641106
leaf_count=1364 101 145 144 167 112 109 530 132 48 6184 1148 487 170 251 220 158 152 1132 122 31 77 3624 149 6047 255 450 84 521 112 375 80 300 235 441
internal_value=0.00040488 0.00440354 0.000583226 0.0130462 0.0162615 -0.00172073 -0.000157241 -0.00145664 -0.00231062 -0.00413298 0.00181868 0.00702535 0.00520896 0.010007 -0.00283576 0.00214901 0.00336966 0.00921912 0.00403186 -0.00603654 -0.013422 -0.00320923 0.00356971 0.00125898 0 0.0207818 -0.00470137 -0.00829499 -0.00706445 0.000315548 0.0117618 -0.00152444 0.00982844 0.00227489
internal_weight=13993.5 1815.75 1295.63 520.125 187.403 1108.23 12177.8 7908.22 7068.6 4975.94 2092.66 1030.29 839.623 629.037 1062.37 4269.56 3762.4 941.332 720.812 507.158 311.162 4827.97 195.995 2821.07 2499.59 275.393 935.107 657.181 210.586 353.643 173.12 211.782 321.476 277.925
internal_count=25657 1904 1592 312 213 1379 23753 14565 13075 9856 3219 1851 1490 1208 1368 9188 8473 1406 1254 715 408 9808 307 7067 6302 582 1155 605 282 626 224 331 765 550
is_linear=0
shrinkage=0.0971646


Tree=70
num_leaves=31
num_cat=0
split_feature=1 1 2 50 3 3 17 18 19 21 40 8 8 49 49 11 46 5 34 1 50 45 17 31 46 31 8 39 43 43
split_gain=5.65503 5.21122 3.9251 3.60271 5.18378 7.67195 3.60103 3.59093 3.33039 4.52421 3.28212 7.05651 9.68488 6.24066 5.45706 4.09386 3.92528 3.1997 2.49328 2.19536 4.81939 2.36849 2.26508 1.47706 1.32642 1.05051 1.01067 1.23934 0.756883 0.155159
threshold=0.97692944606901266 0.94970904815366264 -0.10223319119162254 1.850828455608126 2.0450000000000004 2.1236391638307137 33.165000000000006 73.309924805775481 23.396962798687341 16.629915130093455 19.614160211310057 16.615000000000006 15.23 929.95000000000016 1016.85 21.818338909571192 1.3267046774292277 -0.80685604436945912 25.187083333333337 0.99628894895067466 1.3918767143192572 17.715717291306621 32.465000000000011 4.7575622829639519 0.49650244702976215 5.2269173471234502 16.235000000000003 67.411234567516615 15.880289163754771 20.882117062130799
decision_type=2 2 2 2 2 2 2 2 2 2 2 2 2 2 2 2 2 2 2 2 2 2 2 2 2 2 2 2 2 2
left_child=1 3 17 10 8 -6 26 -7 9 -5 11 12 -1 15 -15 -12 -13 -2 28 21 23 -20 -22 -21 -10 -19 27 -3 -4 -23
right_child=2 6 18 4 5 7 -8 -9 24 -11 13 16 -14 14 -16 -17 -18 25 19 20 22 29 -24 -25 -26 -27 -28 -29 -30 -31
leaf_value=-0.0009282554357652956 -0.00013043804573056208 -0.043998889888055309 0.084037534566035063 0.0059284940975269321 -0.039473326237347041 -0.0004885279201571241 -0.032080185093432419 0.027521998486700203 0.0087857705249436147 -0.010563056715252664 -0.015353896227726234 0.022627202097129932 0.020480925902916117 0.031623306822068965 -0.010243086230159565 0.0039652297665532625 -0.037254197850829125 0.025664968952691609 -0.046004070489446484 0.035759954880815292 0.015429900544532495 0.026267645196874224 -0.044543362487702284 8.2112888299145005e-06 0.030483650946613018 0.020545727807493381 0.054658054137447273 0.044930314558013093 0.032745904932620952 -0.076763274511736618
leaf_weight=9135.4395245015621 128.39243325591087 115.62460896372795 41.875410586595535 222.97809022665024 136.18713107705116 500.91896280646324 179.31867969036102 122.59329077601433 120.14826759696007 287.20527067780495 153.95924562215805 76.117810010910034 543.57938557863235 295.28995496034622 64.997424840927124 565.08450338244438 279.86498153209686 185.78479769825935 93.666817188262939 108.85293987393379 59.83835569024086 63.938769966363907 76.599981635808945 51.333392679691315 138.83761566877365 90.696723818778992 42.897459477186203 44.327785015106201 32.813984930515289 34.373408496379852
leaf_count=18522 80 364 118 212 137 462 182 130 92 375 236 143 757 492 81 1214 354 156 203 216 158 158 90 86 95 121 127 100 83 113
internal_value=0.000404111 -9.68824e-05 0.00756317 0.00020916 0.00464785 -0.000526932 -0.0112523 0.00348033 0.0102938 0.00455316 -0.000364123 -0.000947633 -0.000405919 0.00465431 0.0150571 -8.08313e-06 -0.0143613 0.0149734 0.00143223 -0.000297521 0.00398475 -0.00906213 -0.00732485 0.0161903 0.0197917 0.0208635 -0.000110771 -0.00555345 0.0178149 0
internal_weight=13993.5 13025.4 968.167 12643.2 1528.87 759.699 382.169 623.512 769.169 510.183 11114.3 10035 9679.02 1079.33 360.287 719.044 355.983 404.874 563.293 488.604 296.625 191.979 136.438 160.186 258.986 276.482 202.85 159.952 74.6894 98.3122
internal_count=25657 24075 1582 23302 1503 729 773 592 774 587 21799 19776 19279 2023 573 1450 497 357 1225 1024 550 474 248 302 187 277 591 464 201 271
is_linear=0
shrinkage=0.0971646


Tree=71
num_leaves=21
num_cat=0
split_feature=1 5 42 22 24 19 43 13 36 17 14 19 47 16 3 17 5 22 31 17
split_gain=4.00924 3.89701 3.58182 3.90841 3.21817 2.86815 2.80846 4.74374 2.80745 4.88483 5.90317 5.45094 4.7171 2.39964 2.42967 2.0841 1.22421 1.03797 0.818036 0.221199
threshold=0.97692944606901266 -1.0805993682476485 0.088964642051880524 23.88818242750143 23.459589754349107 21.65816922115059 22.647597747762273 37.592523138694006 13.216492211859427 31.205000000000002 31.445000000000004 24.868813215897305 649.85833333333323 24.311267529499045 1.4750000000000003 17.015000000000004 -0.73478804247852736 20.779386234096204 4.8505577957032342 34.48169223055438
decision_type=2 2 2 2 2 2 2 2 2 2 2 2 2 2 2 2 2 2 2 2
left_child=1 -1 3 4 5 -3 7 13 9 10 -4 -11 15 14 18 -10 -15 -18 -2 -16
right_child=6 2 8 -5 -6 -7 -8 -9 12 11 -12 -13 -14 16 19 -17 17 -19 -20 -21
leaf_value=0.017910596768574847 0.05193344091057342 0.025838253625732777 -0.001158625220446941 -0.0020241509911621668 0.035623942050988497 -0.0052505315375799711 -0.025142723207885055 0.021049966867920922 0.016161605555007574 -0.0023449056143288178 0.026449809872393325 -0.037539647502027207 0.035507598657879676 -0.039752440025463222 0.033233427488145083 0.00047036037086483658 -0.001899911748924509 0.038836562736009501 -0.0023502223887677315 -0.028474317492518414
leaf_weight=176.66821217536926 112.8861588537693 80.744006514549255 8652.5184110999107 127.4457149207592 143.40091770887375 42.804447323083878 83.403501242399216 178.98740234971046 69.600800186395645 1993.9094843864441 502.15354120731354 126.70424762368202 96.823097378015518 40.502454161643982 49.955917179584503 1012.5971118807793 316.77808025479317 66.752757519483566 71.408518552780151 47.492225706577301
leaf_count=39 221 174 19144 69 118 74 54 70 69 1481 490 65 111 35 133 2241 785 160 74 50
internal_value=0.000190297 -0.000227157 -0.000457963 0.00853539 0.015497 0.000183387 0.00622932 0.00810161 -0.000779003 -0.00127915 -0.000256007 -0.00548851 0.00363413 0.003736 0.0106914 0.00134432 0 0.00078995 0.0172118 0
internal_weight=13993.5 13025.4 12848.7 394.395 266.949 123.548 968.167 884.764 12454.3 11275.3 9154.67 2120.61 1179.02 705.776 281.743 1082.2 424.033 383.531 184.295 97.4481
internal_count=25657 24075 24036 435 366 248 1582 1528 23601 21180 19634 1546 2421 1458 478 2310 980 945 295 183
is_linear=0
shrinkage=0.0971646


Tree=72
num_leaves=20
num_cat=0
split_feature=4 50 18 14 4 2 21 34 45 3 22 46 21 34 17 3 48 42 17
split_gain=5.27447 3.53874 6.6088 7.8204 8.15018 7.32928 6.05497 7.39061 6.10891 9.94202 6.45596 7.4909 5.49655 4.96438 3.79367 4.76194 3.61018 2.58644 0.759719
threshold=1019.2500000000001 1.850828455608126 74.907448778798752 33.186514886838438 1005.1004869061809 0.91234096280339505 8.6207324282256277 21.082500000000003 14.142939798123168 0.76500000000000012 16.788738343938206 0.50619845116245288 14.332217722627332 18.622708333333339 32.805000000000007 2.0450000000000004 1007.8030079819106 0.60396355575215732 17.015000000000004
decision_type=2 2 2 2 2 2 2 2 2 2 2 2 2 2 2 2 2 2 2
left_child=1 6 3 14 -5 16 7 -1 9 17 13 -12 -11 -10 15 -3 -4 -8 -9
right_child=-2 2 5 4 -6 -7 8 18 10 12 11 -13 -14 -15 -16 -17 -18 -19 -20
leaf_value=0.02347537018779268 -0.050358105035361256 0.012491974255946017 0.043481726676569445 0.034324415910933749 -0.0099182364728223078 -0.0054691982155359023 0.037641811575133181 -0.030288237314059656 -0.020032255098580365 -0.0056379508044142974 0.0040050898880090065 -0.0046713173132674393 -0.023157678475963481 0.011178741004909874 -0.036695993888219043 -0.01848100239217073 0.023573309085832571 0.0015501370000233019 0.0058807388582969161
leaf_weight=178.37368243932724 140.45571228861809 352.50685599446297 221.47912928462029 351.67039918899536 211.88482886552811 125.41304448246956 156.20627245306969 50.566363513469696 277.17818206548691 1160.7574836313725 1779.9055863320827 5976.6807923316956 422.13180819153786 1668.5006968677044 120.10622444748878 380.09073629975319 74.440319240093231 208.42571467161179 60.20611110329628
leaf_count=118 167 514 217 169 116 90 293 27 264 1451 2927 14926 280 2558 93 556 146 370 152
internal_value=-4.21353e-06 0.000158069 0.00414596 0.000639123 0.00975216 0.0148402 -0.000420884 0.0133143 -0.000801755 -0.00576994 0.000153008 -0.00105719 -0.00922845 0.00519075 -0.0048981 -0.00159745 0.0232942 0.00803558 -0.00314109
internal_weight=13917 13776.5 1837.59 1416.26 563.555 421.332 11938.9 289.146 11649.8 1947.52 9702.27 7756.59 1582.89 1945.68 852.704 732.598 295.919 364.632 110.772
internal_count=25434 25267 1901 1448 285 453 23366 297 23069 2394 20675 17853 1731 2822 1163 1070 363 663 179
is_linear=0
shrinkage=0.0971646


Tree=73
num_leaves=22
num_cat=0
split_feature=28 31 20 18 10 14 50 38 31 22 18 39 37 19 34 45 4 3 37 20 11
split_gain=4.85743 6.00059 14.7446 6.38837 7.25695 4.8226 3.34241 6.45034 4.90343 4.76888 4.51573 6.54285 5.5109 3.88325 3.76923 4.10133 3.10478 2.46184 2.40143 0.250287 0.890933
threshold=0.23978397027394546 1.9407340701424056 10.767659162731105 83.750000000000014 28.095814270412102 15.915000000000001 1.850828455608126 15.967935436971272 2.0978323612231713 21.786347354662144 58.550000000000004 69.693750000000023 70.662500000000023 12.622978378444969 16.381875000000004 14.142939798123168 927.05000000000007 1.1620814040781771 64.58750000000002 12.654192704535244 21.041218366711625
decision_type=2 2 2 2 2 2 2 2 2 2 2 2 2 2 2 2 2 2 2 2 2
left_child=5 2 3 4 17 -1 8 10 -3 13 11 -8 -12 -9 -10 -16 -4 -2 -18 -7 -21
right_child=1 6 16 -5 -6 19 7 9 14 -11 12 -13 -14 -15 15 -17 18 -19 -20 20 -22
leaf_value=-0.084888595324542529 0.026405742949024428 -0.030578885611874853 0.012753527281583714 -0.055132983552597201 0.019294441871217809 0.010435935281601444 0.00075048321576172948 0.057970343143518996 0.006085840166463039 0.07986936241662812 -0.025653136074707025 -0.041383624671225784 0.012727956046454939 -0.0043971956139729493 -0.0094726031488030268 -0.00018571122117376178 0.024906354435246879 -0.016965245151931815 0.029669323700127957 0.014273063553855891 -0.026339948501502029
leaf_weight=151.39658200740814 68.951226800680161 135.49677011370659 122.89624947309494 89.211412668228149 99.605441957712173 48.007382869720459 272.1565668284893 76.310142487287521 193.58657538890839 113.13159012794495 208.50829675793648 152.3444552719593 598.10725727677345 214.82348141074181 1274.5413509011269 9623.0927993953228 86.8262078166008 104.95799869298935 159.31944054365158 52.548467516899109 71.160247385501862
leaf_count=56 175 145 134 19 60 103 292 59 93 56 405 136 497 320 1732 20529 119 124 127 132 121
internal_value=0 0.000295374 0.00884688 -0.00408481 0.00193379 -0.011704 -0.00015993 0.0038969 -0.000789769 0.0145125 3.84101e-05 -0.00767827 0.00464001 0.00592717 -0.000523132 -0.000800361 0.0226347 -0.00828396 0.0294836 0 -0.00277155
internal_weight=13917 13593.9 731.768 362.726 273.515 323.113 12862.1 1635.38 11226.7 404.265 1231.12 424.501 806.616 291.134 11091.2 10897.6 369.042 173.909 246.146 171.716 123.709
internal_count=25434 25022 758 378 359 412 24264 1765 22499 435 1330 428 902 379 22354 22261 380 299 246 356 253
is_linear=0
shrinkage=0.0971646


Tree=74
num_leaves=22
num_cat=0
split_feature=39 45 19 29 4 48 5 3 42 34 39 42 46 23 8 40 49 23 16 17 24
split_gain=3.33079 5.48676 4.16783 4.02568 2.97487 2.92231 2.92982 7.58025 9.41166 6.97328 6.60372 5.61972 4.05884 2.13187 3.18183 2.03126 1.2862 0.736296 0.624505 0.638275 0.131018
threshold=46.060416666666676 14.67393830240337 13.200672797430531 1.6482046015312815 1019.2500000000001 920.55000000000007 0.9121239210760721 1.3217174199281188 0.97960836264090589 16.381875000000004 72.497916666666683 0.8694544046917928 1.4634420535844348 21.500681690444832 16.035000000000007 17.109159075608847 926.6500000000002 23.421760748982425 21.945000000000004 22.645000000000003 22.394324239088146
decision_type=2 2 2 2 2 2 2 2 2 2 2 2 2 2 2 2 2 2 2 2 2
left_child=1 3 -3 -1 5 15 9 8 -8 10 -7 -9 -11 14 -5 18 -16 20 -2 -20 -17
right_child=4 2 -4 13 -6 6 7 11 -10 12 -12 -13 -14 -15 16 17 -18 -19 19 -21 -22
leaf_value=0.0094219316240234732 -0.0050214185917029962 0.020668957662144504 0.0069880749356291943 0.030309624407911673 -0.045447034473010517 -0.0032533455317442085 0.0045130165879539398 -0.025171646307710255 -0.10838740144476532 0.0015339913461678305 0.013316305300825032 -0.0012009711476712232 -0.006578400296696256 -0.015927243117034022 0.0011150454298053147 0.068090487211926662 -0.020742972371692009 -0.068080646188556637 -0.0074473572662221788 -0.032500893572592018 0.006754981191773912
leaf_weight=94.029266178607941 31.282454520463943 104.42439076304436 117.96027478575706 61.837112933397293 140.45571228861809 142.54092067480087 1093.7533806562424 612.09470820426941 110.83639469742775 8747.3094979822636 148.25389850139618 143.99306282401085 1747.4703586697578 93.927838653326035 162.37849459052086 38.110593259334564 82.138585388660431 34.963038980960846 43.126667439937592 132.8427363038063 33.250555396080017
leaf_count=165 114 35 159 102 167 77 2290 490 33 16984 102 69 3229 56 353 87 133 111 168 392 118
internal_value=-2.74028e-06 0.006402 0.0189922 0 -0.000384177 -0.000198097 0 -0.00342035 0.00105017 0.000659166 0.0154448 -0.0110809 0.000204527 -0.00360974 0 -0.00942167 -0.00465477 0 -0.0149955 -0.017237 0.00703063
internal_weight=13917 716.696 222.385 494.311 13200.3 13059.8 12746.3 1960.68 1204.59 10785.6 290.795 756.088 10494.8 400.282 306.354 313.576 244.517 106.324 207.252 175.969 71.3611
internal_count=25434 1003 194 809 24431 24264 23274 2882 2323 20392 179 559 20213 644 588 990 486 316 674 560 205
is_linear=0
shrinkage=0.0971646


Tree=75
num_leaves=26
num_cat=0
split_feature=5 19 32 34 2 39 1 27 45 35 22 1 45 34 39 45 21 2 26 39 44 23 25 28 13
split_gain=3.19471 8.51918 8.4423 6.46116 6.00895 5.98232 3.54538 5.76571 5.47408 5.64707 5.61591 5.66736 4.89184 4.72931 4.06098 4.02331 4.36745 3.35192 3.17619 5.2143 7.32021 4.71823 2.62994 2.4467 0.60476
threshold=0.9121239210760721 8.6207324282256277 1.2530289908284036 16.381875000000004 0.87377473702374975 72.497916666666683 0.51236666743397874 0.33489704646329743 12.471784851734872 3.9092437333406402 15.742696347064612 0.14746159171784554 12.133309681078293 20.772916666666671 61.856250000000003 23.65902954180314 21.854492397008809 -0.84446911001357472 16.679778641257666 61.856250000000003 0.81903180707290579 17.05642324489229 19.855038623486632 1.0664964777370161 25.344442699847914
decision_type=2 2 2 2 2 2 2 2 2 2 2 2 2 2 2 2 2 2 2 2 2 2 2 2 2
left_child=3 -2 18 5 22 -1 8 15 9 -5 11 -10 -11 -9 -12 16 -8 -15 19 -3 -21 -20 -4 -24 -23
right_child=1 2 4 6 -6 -7 7 13 10 12 14 -13 -14 17 -16 -17 -18 -19 21 20 -22 24 23 -25 -26
leaf_value=-0.0029372354582782034 -0.024931583825263868 -0.010642803135397444 0.029455980339053545 -0.061648225293207203 -0.047315609008501104 0.012022431592709508 0.038574779892941502 0.024745996528171017 0.023640805784739406 0.036719238769831582 -0.025753620278627643 -0.0042587508804565284 -0.046918224043535114 0.020976334947663464 -0.0010379914073667049 0.063010077623704294 -0.024976702877739222 -0.00064558327860189831 -0.095617899447268173 -0.018318922794184296 0.010118774365181632 0.0047070683513298073 -0.095246318355095352 0.012487000044167572 -0.020446462877283602
leaf_weight=142.54092067480087 134.08717489242554 212.52000638842583 60.367182940244675 115.39136725664139 280.38438048958778 148.25389850139618 271.34249341487885 138.14213064312935 427.78415244817734 108.46909829974174 104.64559838175774 421.64574813842773 89.693720728158951 153.82069516181946 6402.9235852658749 110.73594433069229 155.18431043624878 3001.3943899273872 106.37917932868004 199.9263636469841 422.00037372112274 482.21612033247948 50.545815765857697 82.546105623245239 94.039186954498291
leaf_count=77 28 174 50 36 121 102 610 188 655 143 125 558 80 120 13783 47 296 5462 93 140 240 1715 26 194 371
internal_value=-0.000110533 -0.00360011 -0.00175393 0.000482895 -0.0131327 0.0147215 8.20442e-05 0.00252897 -0.00108483 -0.013649 -0.000486018 0.00684149 -0.00125768 0.000861314 -0.00151073 0.0119 0.00620313 0 0.00153827 0.00573385 0.0104815 -0.00297061 0 -0.00754653 0
internal_weight=13917 2125.01 1990.92 11792 473.843 290.795 11501.2 3830.62 7670.55 313.554 7357 849.43 198.163 3293.36 6507.57 537.263 426.527 3155.22 1517.08 834.447 621.927 682.634 193.459 133.092 576.255
internal_count=25434 3152 3124 22282 391 179 22103 6723 15380 259 15121 1213 223 5770 13908 953 906 5582 2733 554 380 2179 270 220 2086
is_linear=0
shrinkage=0.0971646


Tree=76
num_leaves=38
num_cat=0
split_feature=2 34 48 2 2 35 17 28 48 48 12 17 18 40 34 8 48 34 24 36 18 39 36 8 43 2 30 1 22 5 1 14 3 18 32 8 28
split_gain=3.4724 12.0122 7.68101 9.57136 6.80609 6.5988 11.2862 6.55133 6.02299 5.81823 4.6106 4.60549 4.682 4.46413 4.37 5.95771 10.2651 5.06198 3.89797 3.79517 4.19969 3.7034 4.92355 3.50932 2.72547 9.72685 6.74585 6.48994 5.9908 5.08407 4.13194 2.30654 1.0479 0.896395 0.43475 0.299314 0.0691702
threshold=0.93834263341299773 20.772916666666671 929.95000000000016 0.85651926849515192 0.98662138620987927 4.9963644021429188 15.915000000000001 0.65030451560858837 929.95000000000016 1017.4500000000002 21.044341903262012 18.815000000000001 79.15000000000002 19.31508712196327 16.381875000000004 11.033659972921438 931.55000000000007 19.472291666666671 15.272773318226742 3.5852707933694785 81.750000000000014 78.42291666666668 4.8557354400760451 11.645000000000001 23.79219294372438 -0.766658819300159 30.236794024491566 -0.63874350706337046 24.457786643241025 -1.1314901936117701 -0.18754562602806502 15.915000000000001 1.4306643931217105 89.137741323514049 0.98418917374685455 13.435 1.3519692434008326
decision_type=2 2 2 2 2 2 2 2 2 2 2 2 2 2 2 2 2 2 2 2 2 2 2 2 2 2 2 2 2 2 2 2 2 2 2 2 2
left_child=1 2 3 11 7 6 -5 8 33 24 34 12 -1 18 -9 16 -16 -17 19 -6 -21 22 -20 -23 28 27 -27 -26 29 -3 -30 -12 -11 -2 -4 -36 -13
right_child=4 9 10 5 13 -7 -8 14 -10 32 31 36 -14 -15 15 17 -18 -19 21 20 -22 23 -24 -25 25 26 -28 -29 30 -31 -32 -33 -34 -35 35 -37 -38
leaf_value=0.0040476625147730831 0.018905145279112617 0.043340756252868047 -0.019656253684321355 -0.071222387118363623 0.0020120126849894303 0.012234464318990806 0.0032748448128245102 0.010831960293342052 -0.086397665734278872 -0.034877447783614492 0.026358560758379793 -0.015499044481968894 0.056769165943929022 0.01899579036593289 0.0052082621636628246 0.054522204814366183 -0.086563558022373518 -0.012321339855171459 0.036964297388357409 -0.002007215384460487 -0.069826173116486367 -0.023031192321225566 0.0054171721246023836 0.025012812689387598 0.039244867328556955 4.1290865311704444e-05 -0.017003882557746999 0.00065176492527456486 0.018010013972736581 -0.00036138503175197614 -0.00038148112266220513 0.024210262229930522 -0.10016051872395994 -0.0061844171866498156 0.053703566825397488 -0.0022165816949880459 0.011843696306399686
leaf_weight=110.86072570085526 77.456701785326004 133.84859251976013 44.06040695309639 163.96491348743439 138.87763500213623 127.51332497596741 111.33814558386803 153.23775979876518 219.79977938532829 51.021634012460709 195.60548433661461 43.036615550518036 117.35582229495049 81.519403636455536 147.38553875684738 83.301934957504272 199.74172857403755 371.36967086791992 107.56641966104507 75.712457209825516 87.104759991168976 253.05689746141434 133.80258318781853 142.90607646107674 108.95233052968979 380.84461787343025 627.24067199230194 826.59841579198837 260.70149877667427 7874.2228000164032 111.59319934248924 93.811577260494232 69.904001653194427 76.62260827422142 44.271935313940048 28.664813965559006 42.106460750102997
leaf_count=63 118 30 68 53 88 75 194 72 121 115 112 123 154 97 299 116 200 579 163 184 24 322 248 280 42 821 745 1237 247 17655 94 182 91 62 134 90 136
internal_value=-6.96336e-05 0.000590864 0.0101427 0.00333393 -0.00349958 -0.00579715 -0.0148876 -0.00814588 -0.0192581 -0.000397519 0.0209863 0.0163643 0.0235467 0.00213987 -0.0033035 -0.00651835 -0.016072 0 0 -0.00882874 -0.0189546 0.0045145 0.014013 -0.000267778 -0.000104691 -0.00341441 -0.0101326 0.0033792 0.000612968 0 0.0126134 0.0276647 -0.0213459 -0.00138343 0.000631027 0.00733758 0
internal_weight=13917 11567.5 1122.59 716.176 2349.46 402.816 275.303 1328.92 373.879 10444.9 406.414 313.36 228.217 1020.55 955.037 801.799 347.127 454.672 939.027 301.695 162.817 637.332 241.369 395.963 10324 1943.64 1008.09 935.551 8380.37 8008.07 372.295 289.417 120.926 154.079 116.997 72.9367 85.1431
internal_count=25434 22461 1384 798 2973 322 247 1567 301 21077 586 476 217 1406 1266 1194 499 695 1309 296 208 1013 411 602 20871 2845 1566 1279 18026 17685 341 294 206 180 292 224 259
is_linear=0
shrinkage=0.0971646


Tree=77
num_leaves=26
num_cat=0
split_feature=34 3 29 47 8 46 30 25 35 32 8 2 45 11 41 46 2 17 20 13 50 17 30 14 38
split_gain=2.7979 4.10105 3.94018 9.47327 3.76794 3.69588 3.27677 7.72251 5.3198 5.41549 5.12939 4.01274 5.20879 6.20896 6.05131 6.16683 5.30371 3.80789 3.37953 2.3147 2.16707 1.28304 1.09564 0.993102 0.366528
threshold=30.300000000000001 2.0833112208203075 3.9480227817486626 379.47333333333353 12.151531867843898 1.4185178011072332 32.577057712730813 24.68302405953186 2.7844680169973208 2.0789248020876756 10.071357811334599 -0.99519835754113484 24.359495824645514 33.484716975112427 23.754524621132969 0.35133415172895022 -0.7553174537463252 31.425000000000004 23.455105438920778 35.857839953778331 0.83198170627369239 33.165000000000006 30.783040334360773 30.455000000000002 8.9933456029392946
decision_type=2 2 2 2 2 2 2 2 2 2 2 2 2 2 2 2 2 2 2 2 2 2 2 2 2
left_child=6 2 3 23 -4 -6 11 10 -9 21 -8 17 14 19 15 -13 -16 18 20 -14 -1 -10 -20 24 -2
right_child=1 -3 4 -5 5 -7 7 8 9 -11 -12 12 13 -15 16 -17 -18 -19 22 -21 -22 -23 -24 -25 -26
leaf_value=0.0077305887995282249 0.057832194014501216 0.033389759159377266 -0.0081758679897742988 0.014841350946372431 0.023343454134595855 -0.011599526804144068 -0.035758618521712575 0.010547650146259727 -0.00040132424688728481 -0.0085081794503138151 -0.01190134411661592 -0.015774867536064382 -0.030723939915637936 0.014012064112123456 0.035842023785594611 -0.00053431130979690307 0.0022082584377262275 -0.0048518690863740312 -0.013449037915781304 -0.03705068036613849 0.061396652915439401 0.00912049527753429 0.01144687611137361 -0.018756262290176622 -0.015555616899838401
leaf_weight=66.638053178787231 42.851491123437881 168.98296031355858 215.84955394268036 132.82366362214088 179.13555961847305 119.7003298997879 207.51257932186127 155.21973133087158 143.17299097776413 143.77013340592384 156.1195904314518 227.32828086614609 102.67495572566986 111.24820205569267 430.88877168297768 9742.9465091526508 828.44010660052299 144.89842700958252 58.854294538497925 127.0077997148037 162.64970108866692 55.904069870710373 63.31422632932663 85.842263996601105 43.205697894096375
leaf_count=237 102 76 78 58 118 101 140 138 343 73 80 415 198 137 684 20259 1264 76 106 66 294 16 104 120 151
internal_value=5.19849e-05 0.00505185 0.00160345 0.0106354 -0.00295032 0.00299977 -0.000298339 -0.00608409 0.000997201 -0.00483219 -0.016876 8.08772e-05 -0.000251343 -0.0120391 7.16633e-05 -0.000692067 0.00644355 0.0086348 0.0142967 -0.0214361 0.0211955 0.00383459 0 -0.00225143 0.00141486
internal_weight=13917 988.392 819.409 304.723 514.685 298.836 12928.6 861.699 498.067 342.847 363.632 12066.9 11570.5 340.931 11229.6 9970.27 1259.33 496.355 351.456 229.683 229.288 199.077 122.169 171.899 86.0572
internal_count=25434 804 728 431 297 219 24630 790 570 432 220 23840 23023 401 22622 20674 1948 817 741 264 531 359 210 373 253
is_linear=0
shrinkage=0.0971646


Tree=78
num_leaves=24
num_cat=0
split_feature=6 9 1 1 9 44 17 2 17 39 8 17 48 19 10 17 5 15 18 2 18 45 2
split_gain=6.2563 6.1565 8.47519 5.82865 6.05747 5.66939 5.76182 7.69662 4.75188 4.54483 5.00769 7.91063 6.37593 10.631 8.89902 3.93994 4.55818 3.98759 3.4891 2.69688 1.02413 0.873944 0.0896166
threshold=-0.27841686570654922 5.2233646409586632 0.46459913687673576 -0.88203985695844955 3.8842792645422066 0.77907450581936255 28.905000000000005 0.021658783909818218 13.385000000000003 87.68125000000002 8.620000000000001 32.805000000000007 1009.2161443111578 24.280177621309274 36.232523115102651 34.025000000000013 -1.0314814034131552 17.015000000000004 70.509793015522021 0.58621793134364741 75.950000000000017 21.383124024664259 0.80898702767051955
decision_type=2 2 2 2 2 2 2 2 2 2 2 2 2 2 2 2 2 2 2 2 2 2 2
left_child=3 8 -3 4 5 6 21 -8 -2 10 11 18 13 -12 -14 16 -10 -18 -5 20 -11 -1 -21
right_child=1 2 -4 9 -6 -7 7 -9 15 19 12 -13 14 -15 -16 -17 17 -19 -20 22 -22 -23 -24
leaf_value=0.032483108949670804 0.0069906371286783987 -0.03473193116294309 0.0060076866205479463 -0.0081745618838806478 -0.00064609170186225224 0.006171410262557693 -0.047214910525193492 0.00090090019627966835 0.0065638962135101311 0.020421575665106089 0.0083704375783270508 -0.043373649986665028 0.0028141417889519173 0.011514020271799002 -0.032671369530410187 -0.029782405087156582 -0.011725767127046543 -8.3976878256596867e-05 0.021544431358164508 -0.042595603129980439 0.060899634058966923 -0.013268605406467631 0.028372526017080665
leaf_weight=68.436054915189743 264.53230792284012 458.78131413459778 264.20085981488228 669.16592657566071 64.887019693851471 201.66983577609062 229.86133629083633 114.03962349891663 70.966165781021118 49.309063792228699 2736.3800892233849 117.92521986365318 947.3001546561718 165.83034706115723 120.06631365418434 121.89449191093445 455.79735887050629 5962.2673926949501 521.81625616550446 32.680001139640808 133.88258403539658 238.33768767118454 40.335190206766129
leaf_count=239 122 169 101 1013 19 175 242 119 15 156 3440 56 1973 62 67 88 169 15185 927 111 217 776 122
internal_value=0.000679116 -0.00117018 -0.0096948 0.00292267 -0.00400912 -0.0066055 -0.0112564 -0.0198885 -0.000207896 0.00415005 0.00342923 -0.00153329 0.00517289 0.0075507 -0.000896846 -0.000782175 -0.000385644 -0.000726292 0.000520914 0.0171427 0.0233637 -0.00010295 0
internal_weight=14050.4 7598.44 722.982 6451.92 917.232 852.345 650.675 343.901 6875.46 5534.69 5278.48 1308.91 3969.58 2902.21 1067.37 6610.93 6489.03 6418.06 1190.98 256.207 183.192 306.774 73.0152
internal_count=25563 15849 270 9714 1570 1551 1376 361 15579 8144 7538 1996 5542 3502 2040 15457 15369 15354 1940 606 373 1015 233
is_linear=0
shrinkage=0.0971646


Tree=79
num_leaves=23
num_cat=0
split_feature=47 50 44 44 10 2 4 2 30 35 43 26 45 1 2 35 34 34 20 45 30 21
split_gain=6.01753 7.97781 6.16459 6.86137 5.08683 4.49882 7.09434 4.36116 5.76456 3.85403 3.75405 4.71525 3.7138 3.31899 3.05009 10.7462 5.41589 1.98973 1.66679 1.4872 1.21235 0.00231865
threshold=671.4383333333335 0.94007163525184423 0.27814222808817185 0.43546155593701946 35.503324281687945 0.99548449742306455 1017.7500000000001 -0.73249407161357893 32.813067325229177 3.3406729203630383 16.818758108710281 17.234870017398482 24.615945353887408 -0.30270175173618613 0.93834263341299773 3.9092437333406402 20.896041666666669 20.997291666666669 24.450501357365621 18.248059958310993 21.102734809265936 17.49162186999132
decision_type=2 2 2 2 2 2 2 2 2 2 2 2 2 2 2 2 2 2 2 2 2 2
left_child=5 4 -3 -4 21 6 12 -5 -9 -7 11 -11 14 -8 16 -16 -1 -15 -14 20 -12 -2
right_child=1 2 3 7 -6 9 13 8 -10 10 19 -13 18 17 15 -17 -18 -19 -20 -21 -22 -23
leaf_value=0.007427394978621259 0.01187236595109376 -0.019177989653879953 0.012401865507519646 0.020126724315310197 0.027359739194030671 -0.051395136268644906 -0.00097468525286941614 0.00052553686503020269 -0.04739041414826433 0.037935604231244223 0.016109985586485555 -0.0058648450530701052 0.02135228127522356 -0.066289303509883324 -0.031115480396293166 0.0040210985771727782 -0.0006221020402809662 -0.03378994014542927 0.00056512168234998915 0.062272408722716208 -0.068342788023975948 -0.027892817074593873
leaf_weight=1099.729015648365 72.738065451383591 132.74526530504227 168.01262286305428 152.79139572381973 267.66241559386253 75.919559359550476 106.79630926251411 557.19372043013573 93.755893528461456 172.78523460030556 56.027959585189819 55.118362694978714 131.41601026058197 106.09100222587585 884.11749118566513 835.54572576284409 8741.1968301236629 77.212125182151794 110.24624842405319 54.434110343456268 61.52061653137207 37.306615263223648
leaf_count=1439 187 44 70 76 96 104 110 572 43 222 94 181 78 45 1016 1049 19555 175 125 100 100 82
internal_value=0.000766397 0.00661778 0.00199315 0.00503038 0.0188979 4.09615e-05 -0.000290567 0.000712198 -0.00220868 0.00930685 0.0135309 0.0217472 4.42464e-05 -0.0152288 -0.000170083 -0.00396816 0.000451273 -0.0230879 0.0119178 1.80125e-05 -0.00348431 0
internal_weight=14050.4 1482.21 1104.5 971.754 377.707 12568.2 12092.4 803.741 650.95 475.806 399.886 227.904 11802.3 290.099 11560.6 1719.66 9840.93 183.303 241.662 171.983 117.549 110.045
internal_count=25563 1170 805 761 365 24393 23592 691 615 801 697 403 23262 330 23059 2065 20994 220 203 294 194 269
is_linear=0
shrinkage=0.0971646


Tree=80
num_leaves=27
num_cat=0
split_feature=9 40 50 47 50 20 18 40 21 28 2 1 26 36 29 2 49 49 49 34 40 2 12 27 39 31
split_gain=4.48079 7.23689 6.55008 6.20098 8.23445 7.67527 5.73581 4.27459 6.47554 5.24714 3.99188 7.10279 7.16476 5.60121 5.74953 4.60279 7.2496 13.3869 5.07834 4.69438 6.53604 4.00099 2.27722 3.66424 0.902373 0.164927
threshold=5.2233646409586632 19.31508712196327 0.92088072788233266 671.4383333333335 1.3501071710947141 22.997188019657546 80.750000000000014 12.392229623723077 23.114394907122854 1.9958557095605916 0.98927755889796032 1.0000000180025095e-35 16.679778641257666 1.8097881918677554 2.5793591363523487 0.95989713290459411 1012.1004987200462 930.6500000000002 1016.2500000000001 20.772916666666671 18.732509468700918 -0.47347488754860562 26.153744522162185 1.2072693116651307 81.677083333333357 4.7384436425492291
decision_type=2 2 2 2 2 2 2 2 2 2 2 2 2 2 2 2 2 2 2 2 2 2 2 2 2 2
left_child=3 2 -2 10 5 22 -4 -6 9 -9 15 12 24 -13 -15 19 17 -17 -18 20 -1 -21 23 -5 -12 -14
right_child=1 -3 6 4 7 -7 -8 8 -10 -11 11 13 25 14 -16 16 18 -19 -20 21 -22 -23 -24 -25 -26 -27
leaf_value=0.018261627184817879 0.0020754107638070477 0.0043029767327677371 -0.0015167331302179002 0.010600863365167145 -0.030156876758856872 0.010612328647979058 -0.045877713284248875 -0.018468711557731166 0.018945642609997263 0.0076797888127659985 0.056357132962718659 0.031189697659594257 0.021662146406502828 -0.034490647563073823 0.0061989280998510704 0.0089167729370994465 0.046723864181836959 -0.064782546162406598 -0.044684847254644548 0.0029315486256735954 -0.002190889532899404 -0.0034614557503149209 -0.0022902007357661416 0.019142104592036469 0.0075323598832966595 -0.032403591860652933
leaf_weight=556.07784441113472 219.49384993314743 270.20764827728271 249.41969293355942 294.82535755634308 157.05690681934357 241.46173280477524 246.79999113082886 130.51474547386169 146.0515359044075 285.18650940060616 130.79583007097244 83.656247526407242 36.276087820529938 164.41474145650864 239.3289470076561 233.96982026100159 173.02256512641907 366.71829840540886 86.389643132686615 4005.6852087080479 435.89851105213165 5008.1033964753151 66.614077657461166 73.750415295362473 80.044928729534149 68.598061978816986
leaf_count=965 108 89 102 496 74 65 85 151 52 227 174 85 116 161 426 326 330 294 106 8376 460 11947 62 19 80 187
internal_value=0.000731266 -0.00549713 -0.0108458 0.00123511 0.00737069 0.0150389 -0.0170978 0 0.00409111 -0.00117763 0.000463105 0.00706094 0.0183439 0 -0.00508957 0 -0.00683386 -0.0129063 0.00558783 0.000560681 0.00690138 -9.1856e-05 0.0059812 0.00952434 0.0285979 0
internal_weight=14050.4 985.921 715.714 13064.4 1395.46 676.652 496.22 718.81 561.753 415.701 11669 803.115 315.715 487.4 403.744 10865.9 860.1 600.688 259.412 10005.8 991.976 9013.79 435.19 368.576 210.841 104.874
internal_count=25563 384 295 25179 1146 642 187 504 430 378 24033 1229 557 672 587 22804 1056 620 436 21748 1425 20323 577 515 254 303
is_linear=0
shrinkage=0.0971646


Tree=81
num_leaves=33
num_cat=0
split_feature=32 35 32 14 34 50 50 30 45 49 30 34 17 1 17 26 45 9 37 17 47 49 24 17 35 1 9 10 32 26 2 38
split_gain=4.47886 6.36008 5.43429 18.4583 8.07912 4.73788 5.93294 4.83243 4.41884 5.8365 8.59079 5.31336 3.94895 5.88398 4.71186 4.32372 5.05155 3.90418 6.09041 3.86153 3.07514 3.40863 3.00613 2.85621 2.35635 2.24353 1.65431 1.60131 1.51193 1.01951 0.985224 0.736268
threshold=1.7186918471752353 2.9028039864104103 0.63793939086786411 13.385000000000003 17.790416666666669 2.3447486976633027 2.2150000000000003 33.561224437553008 24.187295610370938 1007.904731552792 28.951289961835645 25.624375000000004 16.675000000000004 0.22543074652937647 35.084355954512603 21.720790644324044 16.493073225738588 0.86860577749784629 71.895833333333357 29.334296931945598 8.9366666666667633 1005.4500000000002 24.489849289805811 22.255000000000006 2.2835331880508787 0.14746159171784554 5.2233646409586632 35.503324281687945 0.32342179358895801 25.419065898434194 -0.7553174537463252 15.967935436971272
decision_type=2 2 2 2 2 2 2 2 2 2 2 2 2 2 2 2 2 2 2 2 2 2 2 2 2 2 2 2 2 2 2 2
left_child=2 8 3 -1 -4 6 7 -6 9 19 11 -11 13 -3 17 -16 -17 22 -19 25 24 23 -14 -22 30 -2 -26 -21 -23 -7 -5 -15
right_child=1 12 4 20 5 29 -8 -9 -10 10 -12 -13 14 31 15 16 -18 18 -20 27 21 28 -24 -25 26 -27 -28 -29 -30 -31 -32 -33
leaf_value=0.026649470762654805 0.0096281506436033115 0.037729637826327267 -0.02965285569478613 -0.00048276064674491852 -0.0032580515046169061 -0.018592421553221685 0.016131702789625384 0.0041213514293886493 -0.0059610892429365807 0.052778925774692072 0.0098589830487031595 -0.023364571233124489 -0.00034877245890974838 0.013740001496510829 -0.0049903484313004384 0.024334909972001526 0.0017697198628455054 -0.016579570762554442 -0.0004826742673018097 -0.0019694544939145718 0.058778527900076358 0.01539897663799385 0.018722508093976142 -0.014203705473405753 0.003563374192792824 0.071137166939701846 -0.071840149585376337 -0.040832344767739892 0.045396819941201046 -0.024620058000983269 -0.02675487643689763 -0.0094467382028518235
leaf_weight=101.37796485424042 261.73229250311852 123.6557243168354 404.40603268146515 85.856136292219162 4963.7672071754932 95.159601867198944 80.181160300970078 292.03302952647209 243.46051374077797 61.744680106639862 384.78533634543419 122.54629901051521 1921.7418123185635 117.86569836735725 177.43143039941788 274.80122947692871 531.45359164476395 611.53863900899887 915.84751001000404 77.516071826219559 76.354884326457977 59.117596209049225 153.11657324433327 244.0083963572979 825.50270652770996 82.626947790384293 93.636946588754654 70.394389599561691 153.12297070026398 93.671061754226685 223.14166676998138 126.76649370789528
leaf_count=41 864 126 155 341 10276 121 56 265 167 136 182 192 5016 88 118 97 263 989 856 138 216 163 255 875 2121 131 33 47 338 57 742 98
internal_value=0.000358617 0.00231663 -0.00115985 0.00331535 -0.00263823 -0.00157758 -0.000952609 -0.00143613 0.00837247 0.0111533 0.0179717 0 0.000631491 0.0102809 -5.66586e-05 0.00579411 0.0090479 -0.00177622 -0.00553777 0.0023482 0.00071346 0.00702412 0.00079142 0 -0.0016871 0.00864447 0.000351755 -0.00936313 0.016501 -0.0167222 -0.00906464 0
internal_weight=14050.4 6259.03 7791.34 1862.12 5929.22 5524.81 5335.98 5255.8 1304.81 1061.35 569.076 184.291 4954.22 368.288 4585.93 983.686 806.255 3602.24 1527.39 492.27 1760.74 532.604 2074.86 320.363 1228.14 344.359 919.14 147.91 212.241 188.831 308.998 244.632
internal_count=25563 9763 15800 4870 10930 10775 10597 10541 1857 1690 510 328 7906 312 7594 478 360 7116 1845 1180 4829 1592 5271 1091 3237 995 2154 185 501 178 1083 186
is_linear=0
shrinkage=0.0971646


Tree=82
num_leaves=32
num_cat=0
split_feature=32 35 47 50 47 17 2 2 4 8 39 42 17 17 36 38 10 33 18 4 34 3 30 11 17 23 2 50 23 28 44
split_gain=5.05053 5.51951 6.02012 8.84178 5.74168 5.92934 5.23568 8.52727 11.119 9.72001 6.39356 5.58388 4.72846 4.29405 5.02805 6.74327 5.01779 4.52143 3.38699 3.3383 4.65002 3.30674 5.43006 2.81124 2.23787 1.78007 0.749268 0.741248 0.50883 0.378999 0.203988
threshold=1.7186918471752353 2.5974496613769258 684.40166666666676 0.93289089177241968 453.94666666666689 28.625000000000004 0.99370977118463066 0.95989713290459411 930.25000000000011 11.761192136051251 73.322916666666686 0.35396817702068178 34.48169223055438 16.675000000000004 10.55083723782484 8.442826879837396 35.853389217158444 4.0125080470493986 94.350000000000009 1018.1500000000002 18.961458333333336 1.2004268983444495 30.944507234881453 19.824846141463961 30.255000000000006 24.7363780905883 -0.766658819300159 0.68079138183053178 22.282511504397039 2.9488383088236199 0.40488594040377096
decision_type=2 2 2 2 2 2 2 2 2 2 2 2 2 2 2 2 2 2 2 2 2 2 2 2 2 2 2 2 2 2 2
left_child=6 4 13 29 5 25 7 12 11 23 -11 -9 19 17 16 -16 -15 -3 27 20 -1 -5 -23 -10 26 28 -7 -8 -2 -4 -6
right_child=1 2 3 21 30 24 18 8 9 10 -12 -13 -14 14 15 -17 -18 -19 -20 -21 -22 22 -24 -25 -26 -27 -28 -29 -30 -31 -32
leaf_value=0.018999340217670926 0.043449757497254854 0.026050901965354461 0.03135122131222471 -0.0066651626634812054 0.035190946552308339 -0.010738406498178189 0.0030595879850910382 -0.00925117417038754 -0.092489129112920176 -0.050679682553608912 0.016309691476927277 0.042093030573806769 -0.024071122868960289 -0.0018251341411147594 0.030630318186723533 0.00051333774189063182 -0.02567452563776584 -0.0017258106675658491 -0.0027985499029977308 -0.0041843067917480947 -0.0001311962241847776 -0.0057453832234798663 0.02231600593431024 -0.031886587483589558 0.0026418637247662404 0.055043008001332903 -0.05132508627761051 0.033568234882862133 -0.0070872090896815041 0.02489007535679021 0.020306213148709742
leaf_weight=206.71429064869881 42.775506913661957 204.18866828083992 120.33585035800934 140.78904658555984 109.05918571352959 78.01906019449234 50.063151478767395 87.003126710653305 258.46985882520676 127.11556506156921 182.52840286493301 148.87625381350517 151.22764110565186 1343.3823946714401 94.132951140403748 2331.1744321584702 383.18968671560287 167.28913182020187 213.75237002968788 129.51437032222748 5936.1132098734379 222.44636660814285 342.32487967610359 181.32269984483719 154.71493422985077 93.718144953250885 91.576016455888748 118.63642135262489 75.548374086618423 142.89921256899834 121.46139028668404
leaf_count=165 144 177 125 116 83 77 104 84 114 62 177 175 116 3344 110 4058 266 140 159 115 14239 248 117 103 118 108 111 187 264 63 94
internal_value=0.000507875 0.00258332 0.00141198 0.00835217 0.0103796 0.00384082 -0.00110499 -0.00172785 -0.0101477 -0.0161057 -0.00138026 0.00695983 -0.00036578 0 -0.000976802 0.0017465 -0.00504533 0.00988283 0.00977346 0 0.000376447 0.00197904 0.00579929 -0.0254299 -0.00336286 0.0167362 -0.0116348 0.0200167 0.00392192 0.0236165 0.0235211
internal_weight=14050.4 6259.03 5492.15 968.795 766.873 536.352 7791.34 7408.89 985.316 749.437 309.644 235.879 6423.57 4523.36 4151.88 2425.31 1726.57 371.478 382.452 6272.34 6142.83 705.56 564.771 439.793 324.31 212.042 169.595 168.7 118.324 263.235 230.521
internal_count=25563 9763 8764 669 999 822 15800 15350 715 456 239 259 14635 8095 7778 4168 3610 317 450 14519 14404 481 365 217 306 516 188 291 408 188 177
is_linear=0
shrinkage=0.0971646


Tree=83
num_leaves=28
num_cat=0
split_feature=32 35 28 47 47 17 24 10 10 43 43 17 46 2 2 4 28 50 50 50 3 43 43 29 50 36 23
split_gain=4.41636 5.53145 4.1644 3.87896 3.84648 4.90593 7.06358 5.98256 4.78084 4.41102 7.25066 3.89123 3.75561 3.75081 4.73917 7.91972 8.92553 4.5289 3.92703 4.88462 3.1933 2.37978 2.64966 2.15761 1.90743 1.77042 0.584681
threshold=1.7186918471752353 2.4623772496380356 3.9505553112096687 508.39376003627672 649.85833333333323 32.465000000000011 24.296234672659995 38.920567712169436 38.197406056935115 24.169296570886363 23.841915087896883 16.675000000000004 0.45202995456599021 0.99370977118463066 0.95989713290459411 930.25000000000011 0.72229266543963833 0.85067487854112922 2.3447486976633027 2.2150000000000003 1.3905203836454383 23.741730359185556 23.46916558090869 3.6318556121262247 0.82500000000000007 5.7840009117473565 23.124021138786677
decision_type=2 2 2 2 2 2 2 2 2 2 2 2 2 2 2 2 2 2 2 2 2 2 2 2 2 2 2
left_child=2 3 13 12 9 6 26 8 -7 10 11 -3 -2 14 18 17 -17 -16 19 -1 23 22 -14 24 -15 -20 -6
right_child=1 4 -4 -5 5 7 -8 -9 -10 -11 -12 -13 21 20 15 16 -18 -19 25 -21 -22 -23 -24 -25 -26 -27 -28
leaf_value=-0.00022245289590083319 0.032457196375737941 0.0085383638320056521 -0.036332769451734651 0.057207361933841946 0.026588309323099614 0.0071213655991956672 0.051051543888120526 -0.0027792489500815887 0.022885314643835315 0.008793800685069705 -0.035176595593693225 -0.0010744591154655738 -0.0021543447094741174 0.0058462818557832169 -0.018205767927229114 -0.063777029614097064 -0.010226842273741911 0.034252612645180862 -0.022385432344109845 0.019103694387564471 -0.022139950576385455 -0.052615095983121585 0.020006469276808284 0.0015888628792202488 0.031770552655107406 -0.0026852571377749346 -0.0087018002835660222
leaf_weight=6117.9284926354885 156.51489785313606 371.47780010104179 55.008914947509766 117.54930061101913 105.78502681851387 364.58928775787354 156.13238590955734 452.08574908971786 137.90231293439865 205.08956661820412 156.04760640859604 3672.7931796312332 155.97931477427483 89.824576497077942 93.257813930511475 250.37186503410339 470.49995571374893 142.621566593647 110.96975088119507 81.702099025249481 108.29016223549843 80.890314847230911 53.892191678285599 82.762415558099747 101.57478857040405 86.524960309267044 72.296298384666443
leaf_count=14361 140 317 18 63 278 320 44 139 44 160 122 7521 379 137 134 122 329 125 145 61 79 88 43 126 108 55 105
internal_value=0.000561929 0.00250229 -0.000942437 0.0117622 0.00150315 0.00617022 0.0164585 0.00208216 0.00966902 3.77324e-05 -0.000548582 0.000147077 0.00627265 -0.000691009 -0.00123114 -0.00761258 -0.0128698 0.00662741 -0.00020693 0.000157947 0.00851629 0 0.00516269 0.0143912 0.0200015 -0.0136202 0.000604973
internal_weight=14050.4 6259.03 7791.34 564.826 5694.2 1288.79 334.214 954.577 502.492 4405.41 4200.32 4044.27 447.277 7736.33 7353.88 956.751 720.872 235.879 6397.13 6199.63 382.452 290.762 209.872 274.162 191.399 197.495 178.081
internal_count=25563 9763 15800 713 9050 930 427 503 364 8120 7960 7838 650 15782 15332 710 451 259 14622 14422 450 510 422 371 245 200 383
is_linear=0
shrinkage=0.0971646


Tree=84
num_leaves=34
num_cat=0
split_feature=32 25 48 13 49 23 23 27 46 43 41 35 16 37 15 9 34 26 1 30 47 26 7 28 40 12 49 44 4 13 1 43 26
split_gain=4.99285 6.11567 3.4575 5.24651 5.19365 9.19044 5.39407 3.79018 5.02912 4.50155 7.74995 6.37619 6.1497 4.95079 4.47127 4.13191 3.85009 6.39006 3.55827 2.79979 2.76899 2.50388 2.40497 3.93484 3.5492 2.37712 2.34173 3.39068 1.7756 1.50352 0.855073 1.41281 0.796842
threshold=3.2650729950218231 24.232875338832436 927.6500000000002 17.847752086212637 926.6500000000002 13.56135007199034 23.373313495868949 0.15747434628520784 1.0000000180025095e-35 23.79219294372438 23.802626123998078 2.9822766172987936 26.840275784688654 81.862500000000026 13.385000000000003 2.7508387839120041 28.151875000000008 25.756898875788952 0.99762106698677389 25.23467080809554 638.24666666666667 15.5382931157211 8.7650000000000006 3.864150370182577 14.36736785380557 26.381926282691413 924.4096511523818 1.1637359902669226 1006.4149446977686 37.054356575786763 0.098819223632317002 22.334184095789226 16.268856295732832
decision_type=2 2 2 2 2 2 2 2 2 2 2 2 2 2 2 2 2 2 2 2 2 2 2 2 2 2 2 2 2 2 2 2 2
left_child=2 20 3 21 6 -6 18 8 -4 10 14 15 -13 -12 -9 -11 17 -10 -5 -8 22 -1 23 -2 28 -25 -22 -28 -24 -26 31 -23 -7
right_child=1 -3 7 4 5 32 19 9 16 11 13 12 -14 -15 -16 -17 -18 -19 -20 -21 26 30 24 25 29 -27 27 -29 -30 -31 -32 -33 -34
leaf_value=0.028025948425725058 -0.018751352265461083 0.011422698427392896 -0.030660893084803392 -0.0015548064181249159 -0.022953527631247101 0.013381509313440669 -0.0081071180638120164 -0.02355736752054002 0.020343416244852253 -0.0086762985707109948 0.0026524434105517007 -0.03924449117286781 -0.0041438145122441542 0.035812462910611735 0.00045878495206138833 0.011149377041489066 0.021060253586719757 -0.0011997922870590481 0.025873696005630258 -0.057866088605655577 0.030508592768669605 0.022712188760485794 -0.020207418771364564 0.0063647464349763736 -0.0012097358214650943 0.023960928072383404 0.025679972598597122 -0.0079288384408499023 -0.002189086701330572 0.0135734944642198 -0.0093149291114316534 -0.026161354572100441 -0.0061550568327338896
leaf_weight=43.008468002080917 48.911305338144302 108.22415968775749 59.002963066101074 1726.833055973053 261.47474664449692 86.339257299900055 184.22269478440285 134.70983961224556 964.8452160358429 906.69970366358757 121.58522322773933 199.26940223574638 157.24510997533798 189.13084924221039 5999.7676296532154 197.3874543607235 161.07632952928543 255.00545030832291 67.02999022603035 178.51324838399887 85.809260368347168 182.34420862793922 87.067762792110443 55.508556425571442 591.54380771517754 59.03645721077919 111.77860686182976 115.60494056344032 98.088341981172562 97.381951004266739 43.523302555084229 28.039385050535202 347.39185580611229
leaf_count=32 110 27 12 4946 97 146 705 56 2311 1908 180 99 314 115 9426 170 39 181 89 610 30 589 77 157 1369 30 118 162 121 35 91 107 1084
internal_value=8.59945e-05 0.00548432 -0.000511378 -0.00330924 -0.00468823 -0.0121101 -0.00208458 0.000386376 0.00498909 -0.00039956 0.000646113 -0.00529723 -0.016648 0.0155487 -4.64226e-05 -0.00121134 0.00643056 0.00409758 0 -0.0128413 0.0033114 0.0084272 0.00044708 0.0114304 -0.00115238 0.0221154 0.0113563 0.00374249 -0.0132551 0.00152701 0.0026975 0.00638027 -0.00228587
internal_weight=13953.4 1458.96 12494.4 3148.72 2851.8 695.206 2156.6 9345.73 1439.93 7905.8 6445.19 1460.6 356.515 310.716 6134.48 1104.09 1380.93 1219.85 1793.86 362.736 1350.73 296.915 1037.54 163.456 874.082 114.545 313.193 227.384 185.156 688.926 253.907 210.384 433.731
internal_count=25543 2236 23307 8496 7677 1327 6350 14811 2543 12268 9777 2491 413 295 9482 2078 2531 2492 5035 1315 2209 819 1899 297 1602 187 310 280 198 1404 787 696 1230
is_linear=0
shrinkage=0.0971646


Tree=85
num_leaves=20
num_cat=0
split_feature=32 2 42 6 17 10 33 40 3 2 7 13 5 21 15 47 2 31 5
split_gain=4.51966 6.65134 5.26944 3.23878 4.40375 9.76652 5.14067 9.71306 10.6994 4.00317 3.1677 3.29542 2.85079 6.26674 5.72097 2.36112 2.26549 1.51785 1.13184
threshold=3.1808704241514181 -0.42714268446624293 0.56801115498637011 -1.1517344941293184 31.425000000000004 37.622770884326634 1.6419328733373144 10.80331236009353 1.2327306329702694 -0.766658819300159 7.8600000000000012 38.178166544938215 0.9121239210760721 17.198593926977619 16.675000000000004 572.74333333333357 -0.19474861100201926 5.0046134797683495 0.2381304330806697
decision_type=2 2 2 2 2 2 2 2 2 2 2 2 2 2 2 2 2 2 2
left_child=3 2 -2 -1 5 12 -6 -8 -9 -7 -3 15 14 -14 -5 18 -17 -4 -12
right_child=1 10 17 4 6 9 7 8 -10 -11 11 -13 13 -15 -16 16 -18 -19 -20
leaf_value=0.011837892466362658 -0.00054169066516826449 0.020232632495306619 0.0047888843073038189 0.011154106765550816 0.025176836324377651 0.030763307029613822 -0.041961383893054607 -0.0056235072635368016 0.00055700624658553007 0.003489695793249252 -0.0068036006090571779 -0.022986757853068793 -0.0086618582714640489 0.0023772817130293957 -0.00038978654113360471 -0.014617189776867111 0.018760379419489302 0.023041521506695941 0.029823199309212949
leaf_weight=190.7521984577179 156.0479619204998 96.369009554386139 113.53076937794685 572.20240220427513 138.94362282752991 220.68259483575821 166.93069443106651 685.32046476006508 1310.5079787969589 249.83492547273636 484.07798331975937 180.71146187186241 1074.0451284646988 989.93395382165909 6723.2326974570751 62.546195715665817 258.00158497691154 152.82276827096939 126.90613767504692
leaf_count=40 88 169 94 631 134 104 121 624 735 123 1165 55 634 2496 17453 38 410 127 302
internal_value=0.000174394 0.00499757 0.0155258 -0.000430448 -0.000662715 0.000192048 -0.00449383 -0.00579943 -0.00364807 0.0138362 0.000936474 -0.000172093 -0.000452509 -0.00365935 0.000397411 0.00177376 0.00868011 0.023778 -0.00117928
internal_weight=13953.4 1631.01 422.401 12322.4 12131.6 9829.93 2301.7 2162.76 1995.83 470.518 1208.61 1112.24 9359.41 2063.98 7295.44 931.532 320.548 266.354 610.984
internal_count=25543 2448 309 23095 23055 21441 1614 1480 1359 227 2139 1970 21214 3130 18084 1915 448 221 1467
is_linear=0
shrinkage=0.0971646


Tree=86
num_leaves=18
num_cat=0
split_feature=50 45 2 40 2 26 2 44 22 38 3 44 14 47 47 34 42
split_gain=3.08762 3.01922 8.65338 7.53795 6.25625 5.89901 6.18285 8.44435 5.57041 7.28436 3.04133 3.20447 11.1317 3.73167 3.00575 2.97747 1.47748
threshold=1.0000000180025095e-35 24.139986055214081 -0.96288731545773421 12.554919570847671 -0.98561654718406888 26.216029304024026 -0.8038981836306559 0.42032588231841544 23.62238945396356 8.0892909937707405 0.53500000000000014 0.20810382549163306 32.175000000000004 698.39583333333348 671.4383333333335 20.409375000000004 0.41065617212852662
decision_type=2 2 2 2 2 2 2 2 2 2 2 2 2 2 2 2 2
left_child=-1 5 4 8 -3 10 -7 -8 -4 -10 14 12 -12 -13 15 -2 -5
right_child=1 2 3 16 -6 6 7 -9 9 -11 11 13 -14 -15 -16 -17 -18
leaf_value=0.014923135183554068 0.035035908884307104 -0.002130195532291487 0.0067858559522807572 -0.0092419254919107862 0.02846785072693318 0.034040285928171626 0.019652270231050938 -0.0049063160723807767 -0.0087108452717458568 -0.031931462364477199 0.0052178336618584334 -0.00098818663841375421 -0.017993525814016972 0.010191071627597529 0.033899370165380548 1.5704572907761281e-05 0.0016703761924485407
leaf_weight=76.30006742477417 152.45356100797653 132.34728315472603 76.304989665746689 117.08958259224892 159.29969257116318 282.4459216594696 231.44484725594521 261.96446797251701 214.82882803678513 338.00298181176186 208.48985087871552 9633.1540867686272 125.65553644299507 812.49453395605087 96.682626157999039 915.57884839177132 118.86282846331596
leaf_count=14 308 160 105 105 144 95 79 115 443 368 444 19533 46 751 106 2648 79
internal_value=6.74176e-05 -1.1122e-05 -0.00478603 -0.00989814 0.00887564 0.000390575 0.00859167 0.00106352 -0.0155755 -0.0191638 -0.000108434 -0.000653252 -0.0100201 -0.00030998 0.00455729 0.00258201 0.00345952
internal_weight=13953.4 13877.1 1156.74 865.089 291.647 12720.4 775.855 493.409 629.137 552.832 11944.5 10779.8 334.145 10445.6 1164.72 1068.03 235.952
internal_count=25543 25529 1404 1100 304 24125 289 194 916 811 23836 20774 490 20284 3062 2956 184
is_linear=0
shrinkage=0.0971646


Tree=87
num_leaves=25
num_cat=0
split_feature=28 2 46 50 10 9 32 16 42 50 46 9 34 26 23 44 46 36 15 32 23 40 39 47
split_gain=4.74365 11.7599 4.62201 3.1707 8.24749 3.97154 9.06801 10.0069 6.0344 5.13336 6.09061 4.4479 3.04115 7.48059 4.46669 2.88494 4.36954 3.81878 4.17064 1.20579 0.900952 0.919222 0.0866879 0.0450277
threshold=4.9740879631105743 -0.47347488754860562 0.65810447093576607 0.21500000000000002 37.095007650148197 0.55646932894084966 0.62033995761426397 22.252721353783794 1.0000000180025095e-35 2.3447486976633027 1.3267046774292277 5.2233646409586632 28.620625000000004 26.216029304024026 25.641389418276994 0.96625478744321047 1.2186724831049809 14.389741712271739 23.465000000000003 2.6756288979413489 24.266699596947394 14.632089195448783 81.843750000000014 461.4791666666668
decision_type=2 2 2 2 2 2 2 2 2 2 2 2 2 2 2 2 2 2 2 2 2 2 2 2
left_child=3 19 -3 4 20 8 7 -7 -5 10 -8 -9 14 -14 -10 17 -17 18 -4 -2 21 22 -1 -21
right_child=1 2 15 5 -6 6 9 11 12 -11 -12 -13 13 -15 -16 16 -18 -19 -20 23 -22 -23 -24 -25
leaf_value=0.047330166000915497 -0.0045283850564438507 -0.012879527816398294 0.0025985451296982819 0.052681370213137818 0.023004575266608634 0.030362116832252612 -0.00041155693347703725 0.0088216604957678541 0.00073286385607406433 -0.026949535615002157 -0.0048972943392571345 -0.12217775018265602 0.0032480234113534609 0.017499760510473913 -0.019378044888081005 -0.024461446820272837 0.0012033715960944502 -0.026225536385607973 0.016592435016079911 0.031184024567982995 -0.0084240028185471466 -0.0059234539912867059 0.031065685283980612 0.011096253788989404
leaf_weight=34.936127841472626 121.8769579231739 182.50185790657997 102.69334661960602 73.558620691299438 75.887830168008804 211.08385819196701 2821.7976881563663 202.56259790062904 6223.0176223516464 179.7945314347744 1926.9433305263519 49.802521824836731 656.0888509452343 120.35194018483162 278.74219250679016 80.275748401880264 79.225244283676147 65.797315925359726 99.243448585271835 111.23169708251953 43.29996994137764 49.985387861728668 33.073123425245285 129.62872353196144
leaf_count=65 64 140 249 15 15 166 3567 518 16560 166 1626 20 1159 45 284 85 121 128 41 152 66 126 115 50
internal_value=0.000169616 0.00672334 -0.000874086 -0.000289934 0.010689 -0.000530219 -0.00255337 0.0101511 0.000896031 -0.00384001 -0.00311604 -0.00138198 0.000550479 0.00629465 -7.24741e-05 0.00389885 -0.004661 0.0105697 0.0177454 0.0205632 0 0.00237176 0.0113771 0.0256453
internal_weight=13953.4 972.474 609.737 12980.9 237.182 12743.7 5391.98 463.449 7351.76 4928.54 4748.74 252.365 7278.2 776.441 6501.76 427.235 159.501 267.734 201.937 362.737 161.295 117.995 68.0093 240.86
internal_count=25543 1030 764 24513 387 24126 6063 704 18063 5359 5193 538 18048 1204 16844 624 206 418 290 266 372 306 180 202
is_linear=0
shrinkage=0.0971646


Tree=88
num_leaves=28
num_cat=0
split_feature=32 2 13 7 34 35 1 47 46 30 42 34 14 4 20 29 13 24 40 19 44 26 29 46 13 4 32
split_gain=4.39498 9.71788 3.69592 5.44633 5.83919 5.76581 7.24253 4.44827 7.58312 7.40858 4.82573 4.70209 4.66274 4.88031 4.92244 4.19707 3.11435 2.97517 2.12289 5.15829 2.09102 1.64019 1.51675 1.38215 3.78565 2.11005 0.782281
threshold=3.2650729950218231 -0.42714268446624293 21.62438757882742 12.820000000000004 16.381875000000004 1.9193187857562417 0.047320950113892181 6.4833333333332197 1.7745392202814414 27.687391892166428 0.48620607016316325 25.239375000000003 17.935000000000006 1003.2048154731093 24.356897644302979 2.0624578542118526 34.608825630385873 13.56135007199034 12.23068723046541 21.197866919264126 0.57124031764349825 24.047096098280239 4.4998724373909935 2.1174156012761984 35.504880027243125 926.6500000000002 1.0545773241893588
decision_type=2 2 2 2 2 2 2 2 2 2 2 2 2 2 2 2 2 2 2 2 2 2 2 2 2 2 2
left_child=2 22 3 4 -1 20 -7 8 9 15 11 -10 26 16 -15 -4 -14 -12 -3 23 -6 -11 -2 25 -25 -20 -9
right_child=1 18 7 -5 5 6 -8 12 10 21 17 -13 13 14 -16 -17 -18 -19 19 -21 -22 -23 -24 24 -26 -27 -28
leaf_value=0.0089905275481901026 0.0071880846054324177 -0.012962498179311817 -0.0091994870021784025 0.021349534263967632 -0.004284891123959739 0.0062251671904540824 -0.0045601575673678025 0.069468459286063197 0.024786506985409133 0.0067847690072517786 -0.018023921728726792 -0.037749682940382154 -0.0064837009095411596 0.002385294798835343 -0.0029761801368995613 -0.067137401864817495 -0.0062631054379927477 0.0065400715094152606 0.015167913061477325 0.0099351131997062157 -0.078373184368802515 -0.017217966370051178 0.013819293498758028 -0.0030134946509349819 -0.039536654214819299 -0.0026276730761877706 0.024132163392140225
leaf_weight=97.362039089202881 140.23172876238823 73.640932112932205 487.56740114092827 130.91086077690125 79.872014760971069 1750.6685492098331 1200.9307393431664 70.38485187292099 144.93330606818199 373.88912051916122 145.91533923149109 64.311362266540527 1729.9215865135193 4087.1616943776608 652.91918352246284 345.16566386818886 512.72158586978912 253.45494902133942 183.64204323291779 118.89484882354736 109.88226628303528 167.94664803147316 222.46569710969925 191.40475454926491 44.464100897312164 484.21104446053505 88.526222497224808
leaf_count=45 118 53 269 150 273 4031 1693 146 159 1455 36 198 5662 6178 691 544 390 373 233 62 241 660 144 487 37 1102 113
internal_value=0.000173331 0.00523485 -0.000384663 0.00231634 0.00137981 0.000503119 0.00169571 -0.00142928 -0.00550756 -0.0095779 0.00298954 0.0151525 -0.000235201 -0.000671654 0.00102282 -0.0153266 -0.00443972 -0.00238799 0.000259748 0.00180057 -0.015571 0 0.0189796 -0.000268249 -0.00697837 0.0014861 0.0159642
internal_weight=13953.4 1458.96 12494.4 3369.63 3238.72 3141.35 2951.6 9124.82 1983.18 1374.57 608.615 209.245 7141.64 6982.72 4740.08 832.733 2242.64 399.37 1096.26 1022.62 189.754 541.836 362.697 903.722 235.869 667.853 158.911
internal_count=25543 2236 23307 6433 6283 6238 5724 16874 3694 2928 766 357 13180 12921 6869 813 6052 409 1974 1921 514 2115 262 1859 524 1335 259
is_linear=0
shrinkage=0.0971646


Tree=89
num_leaves=17
num_cat=0
split_feature=15 45 32 2 46 10 49 45 4 1 42 43 7 40 17 7
split_gain=4.07087 4.82984 4.32287 10.0442 3.48678 7.38845 6.21052 5.85148 6.23635 4.59298 3.69268 3.33726 3.24159 3.29129 2.92672 0.711652
threshold=13.385000000000003 9.5952451996923092 3.356791364102913 -0.56287810654187398 1.4396346115634726 19.439037936285562 926.6500000000002 14.517265972087424 927.85000000000002 0.90149333598846393 0.51730955534809475 9.2222709566409815 8.0005463750250581 12.23068723046541 14.175000000000002 15.195000000000004
decision_type=2 2 2 2 2 2 2 2 2 2 2 2 2 2 2 2
left_child=14 11 4 -4 7 10 -7 8 -3 -9 -6 15 -5 -14 -1 -2
right_child=1 2 3 12 5 6 -8 9 -10 -11 -12 -13 13 -15 -16 -17
leaf_value=-0.081801017230713036 -0.0023844715666341346 -0.0023202420144792769 0.015276109809891011 0.038433022808813048 -0.0064349358334553691 0.00033471881615135414 -0.015535497626334261 -0.0010317225842620215 0.029225558466335129 0.0084221300381064727 0.017607730345337039 0.014435684341936865 -0.019273767116299027 0.0021727934471742366 -0.0001509978648627396 0.0029135267058738859
leaf_weight=98.496129393577576 95.406646490097046 233.33707317709923 181.32060596346855 59.532681792974472 198.43252038955688 743.73367393016815 1297.0529896616936 8054.6902168095112 380.19850167632103 990.93246251344681 287.15899458527565 196.1236866414547 61.294689297676086 923.12797221541405 88.202020317316055 64.359669357538223
leaf_count=21 109 262 142 94 249 1564 1630 17086 497 1528 343 148 38 1546 173 113
internal_value=0.000134105 0.00035908 2.94341e-05 0.00555274 -0.000492162 -0.00371739 -0.00638807 0.000308132 0.00948782 -0.000270277 0.0066035 0.0114877 0.00142074 0 -0.0139485 0
internal_weight=13953.4 13766.7 13410.8 1225.28 12185.5 2526.38 2040.79 9659.16 613.536 9045.62 485.592 355.89 1043.96 984.423 186.698 159.766
internal_count=25543 25349 24979 1820 23159 3786 3194 19373 759 18614 592 370 1678 1584 194 222
is_linear=0
shrinkage=0.0971646


Tree=90
num_leaves=27
num_cat=0
split_feature=45 41 45 47 18 25 2 8 8 31 18 30 48 50 32 30 13 46 1 28 44 8 31 1 3 13
split_gain=4.12201 7.12319 6.66273 6.47794 6.12808 10.3855 6.46946 3.65318 7.11444 6.71988 6.71468 6.06689 5.65902 5.65481 5.45329 10.153 7.85371 3.39715 3.39279 2.75091 2.6715 2.29092 2.74224 1.22466 0.646391 0.248
threshold=24.139986055214081 23.603119703640655 24.042869262721826 298.00654896017426 69.037753377984771 24.68302405953186 -0.96288731545773421 13.945 12.874654417382951 2.7709879497873131 76.450000000000017 20.987732571565022 1008.0055982046869 1.5136187680742574 1.2530289908284036 24.749413293179114 37.054356575786763 1.6917788852033597 -0.18754562602806502 0.84477457977006398 1.265479033085134 7.8800000000000017 4.0087413770711242 0.021515898191483886 1.5916897636011849 26.466007989431848
decision_type=2 2 2 2 2 2 2 2 2 2 2 2 2 2 2 2 2 2 2 2 2 2 2 2 2 2
left_child=2 -2 7 25 5 -3 18 8 9 13 20 -12 -11 -1 15 23 19 -17 -6 -16 -10 22 -8 -9 -23 -4
right_child=1 4 3 -5 6 -7 21 14 10 12 11 -13 -14 -15 16 17 -18 -19 -20 -21 -22 24 -24 -25 -26 -27
leaf_value=0.0084270362038613034 0.028282742715910306 -0.023907152354923487 0.019168500173377755 0.027373050266365436 0.025229293910665546 -0.0022964265732186183 0.0019267637522324909 0.0096758690273253192 -0.010377509807084359 -0.0021460164659494875 0.023707089974774526 -0.011719710230768314 0.0043682439059462173 0.046363920380227852 -0.0093873059724554342 -0.025424578191038282 0.013480744699913156 0.0064908607771720014 -0.013135988012922579 0.00067329859186083445 0.01364056786149505 -0.02661272164049739 -0.043082152365679388 0.020165729710043878 0.024527095698370381 -0.023830556300523786
leaf_weight=510.4950960278511 128.61826103925705 276.70384404063225 29.061872184276581 191.80685874819756 98.391113311052322 275.83995735645294 82.941250562667847 81.249659806489944 295.37031519412994 5260.8544147610664 99.789840012788773 523.89209395647049 2242.6824638843536 158.60809195041656 421.61320993304253 158.24633312225342 308.98871296644211 417.04986768960953 65.208144456148148 1588.9917180836201 159.16712492704391 105.38037407398224 152.13110876083374 185.09592539072037 42.032924324274063 65.58381125330925
leaf_count=771 93 139 116 108 90 119 196 92 558 11682 101 536 4451 167 464 254 118 599 144 3354 331 266 334 197 40 181
internal_value=0.000158562 -0.0051708 0.000708315 0.0153156 -0.00797044 -0.0151695 0 0.000333206 -0.000602797 0.000326991 -0.00802639 -0.0145706 -0.00045236 0.0096648 0.00320511 0.0099265 0.000572904 0.00181477 0.0153302 -0.00145845 5.71036e-05 -0.00754147 -0.0135254 0.0256476 0 -0.00153309
internal_weight=13925.8 1227.25 12698.5 286.453 1098.63 552.544 546.085 12412.1 9250.86 8172.64 1078.22 623.682 7503.54 669.103 3161.24 841.642 2319.59 575.296 163.599 2010.6 454.537 382.486 235.072 266.346 147.413 94.6457
internal_count=25501 1421 24080 405 1328 258 1070 23675 18597 17071 1526 637 16133 938 5078 1142 3936 853 234 3818 889 836 530 289 306 297
is_linear=0
shrinkage=0.0971646


Tree=91
num_leaves=24
num_cat=0
split_feature=33 31 40 11 13 10 2 21 1 1 14 19 9 2 6 24 31 10 7 11 10 41 2
split_gain=5.29777 7.1807 5.38187 5.69461 4.98446 4.93223 4.31135 3.96673 3.93683 3.54537 3.41343 6.01009 10.4887 8.56961 5.28645 8.87338 7.37824 6.84146 5.60592 5.27576 2.77925 5.05062 1.60473
threshold=3.9570133489148263 5.0046134797683495 13.571510480343873 35.542552692418262 21.62438757882742 21.238491846802408 -0.10223319119162254 8.6207324282256277 0.94970904815366264 0.41787262833948019 32.175000000000004 24.008425793547463 0.24082346388745715 -0.78295110140207591 -0.19755376044264009 12.472739066571283 2.5972881503027376 14.879071274057454 6.7800000000000038 33.750445491743136 38.920567712169436 20.439328469218356 -0.7553174537463252
decision_type=2 2 2 2 2 2 2 2 2 2 2 2 2 2 2 2 2 2 2 2 2 2 2
left_child=7 4 -3 6 9 -6 22 -1 -8 -2 14 12 -12 -14 16 -16 18 -17 -9 -18 21 -7 -4
right_child=1 2 3 -5 5 20 8 10 -10 -11 11 -13 13 -15 15 17 19 -19 -20 -21 -22 -23 -24
leaf_value=0.0088769889485106265 0.0019595092516172239 0.018843519583773515 0.011509295458077422 -0.029855145906311418 -0.059881572520792029 -0.00097411511097881219 0.010381369187008577 0.026703676361535974 -0.036847785289263725 0.0098283457475553965 0.00029036650842881366 0.00030797099324771928 -0.024378807182525046 -0.0024638936577141709 -0.025199654859727749 -0.026805694530381938 0.002386877809678205 -0.00015474125409960704 -0.0045928001623095557 -0.040373212914775553 -0.016720653428809355 0.051447813786448131 0.018893261354015582
leaf_weight=121.00107276439667 148.03651267290115 264.57014098763466 71.8149793446064 111.87570056319237 76.024189054965973 1421.7572307288647 420.66991713643074 267.13221877813339 56.865396678447723 99.12142226099968 239.96215459704399 374.93838432431221 309.92877885699272 511.12508782744408 177.33907341957092 419.68240550160408 4069.6122080683708 4203.6644970476627 105.56516036391258 47.123967170715332 90.536218136548996 70.117295980453491 247.33037555217743
leaf_count=62 115 137 146 103 45 2555 873 275 92 107 151 116 162 235 33 455 8405 10885 164 40 42 46 257
internal_value=0.000345636 0.0039205 0.00989515 0.00566353 8.9926e-06 -0.00169092 0.00888135 -0.000630488 0.00196751 0.0130047 -0.000867855 -0.00528087 -0.00915173 -0.0145491 -0.000138337 -0.00242186 0.00220849 -0.00149731 0.0153198 0.000907608 -0.000233718 0.000508645 0.017787
internal_weight=13925.8 3078.72 1173.13 908.556 1905.59 1658.43 796.681 10847.1 477.535 247.158 10726.1 1435.95 1061.02 821.054 9290.12 4800.69 4489.43 4623.35 372.697 4116.74 1582.41 1491.87 319.145
internal_count=25501 4518 1608 1471 2910 2688 1368 20983 965 222 20921 664 548 397 20257 11373 8884 11340 439 8445 2643 2601 403
is_linear=0
shrinkage=0.0971646


Tree=92
num_leaves=32
num_cat=0
split_feature=26 23 39 46 34 3 6 25 37 31 47 34 29 25 22 5 32 17 29 14 2 2 2 16 10 26 25 40 32 2 2
split_gain=4.46346 7.46401 5.37841 6.08414 7.66849 8.39145 4.68395 6.58362 8.78576 4.6746 5.35987 4.51652 3.94617 5.2673 4.55463 3.97251 3.49679 4.52406 6.49808 5.08129 4.41219 4.4439 3.22985 3.02518 2.37513 1.97988 1.77606 1.3546 0.570672 0.718813 0.205594
threshold=16.679778641257666 17.05642324489229 83.918750000000017 1.8226295199267075 20.997291666666669 1.2523590948986023 -0.27841686570654922 18.040173347245176 76.84583333333336 4.7042847970675181 2.2649999999999433 23.044375000000006 6.0517284454605758 23.065948807980945 23.674226056484645 -0.86327902540255697 3.1808704241514181 29.334296931945598 3.8201289154895224 28.655000000000005 -0.89388548498445497 -0.42714268446624293 0.92589048012183106 23.465000000000003 27.671331876053966 12.472739066571283 20.090339461323577 16.046663723858813 1.7186918471752353 0.72064045540576316 0.85651926849515192
decision_type=2 2 2 2 2 2 2 2 2 2 2 2 2 2 2 2 2 2 2 2 2 2 2 2 2 2 2 2 2 2 2
left_child=2 9 3 6 5 -5 22 8 -8 10 -2 -9 16 14 23 -15 17 19 -19 -3 -18 -22 30 -14 25 -6 -11 -24 -12 -30 -1
right_child=1 12 -4 4 24 -7 7 11 -10 26 28 -13 13 15 -16 -17 20 18 -20 -21 21 -23 27 -25 -26 -27 -28 -29 29 -31 -32
leaf_value=0.034581914007272722 -0.087335938198960725 -0.0017432655514375488 0.046930277037726495 0.0037996828527808728 0.01739876000369496 0.0091731447584878483 0.00089774525769329859 0.0092286634570989106 -0.014650176529016309 0.011726114387990849 0.010665366855809882 -0.073163900346606067 -0.0073527088351791102 0.00080198978517288029 -0.017945605876641176 0.0069433290796053725 -0.0035724609346030204 0.0024544218103036836 -0.0041871146111918172 0.026677435447293986 0.012610711230509197 0.0030452885157278781 0.023093877498386244 0.02616954470223222 -0.0039004957070805342 3.007973278377732e-05 -0.0033840412397277185 0.047418782993514999 0.019002776144248407 -0.039654437558480929 -0.023296698431571911
leaf_weight=66.100843906402588 181.45049193501472 4046.9123556613922 119.74419054389 174.97856432199478 66.515893876552582 219.361726552248 582.26110824942589 808.52253079414368 538.92553320527077 75.809827953577042 62.041812568902969 118.71625140309334 366.96561414003372 243.36684685945511 80.224282145500183 376.20506578683853 106.30936715006828 935.04393699765205 2021.7957206964493 636.60163867473602 298.36587968468666 885.77964979410172 70.562690556049347 108.74141076207161 62.799075275659561 302.7670371234417 91.926882147789001 95.230573803186417 38.056794941425323 78.664221197366714 65.046569108963013
leaf_count=113 142 14178 137 124 72 152 458 691 191 143 161 165 1007 114 81 136 64 1269 1766 1221 230 1471 87 78 34 594 105 140 111 190 76
internal_value=0.000460546 -0.000472137 0.00360107 0.00267392 0.00982957 0.0195932 0 -0.00151433 -0.00666778 -0.0117079 -0.0179411 0.00425971 7.59052e-05 0.00539695 -0.000773757 0.0115963 -0.000578279 -0.00141032 -0.00439672 0.000385629 0.00400989 0.00597581 0.0114781 0.00207661 0 0.00382631 0 0.0203656 -0.0030796 -0.00770712 0
internal_weight=13925.8 10634.3 3291.53 3171.79 826.422 394.34 2345.37 2048.43 1121.19 527.95 360.213 927.239 10106.3 1175.5 555.931 619.572 8930.81 7640.35 2956.84 4683.51 1290.45 1184.15 296.941 475.707 432.082 369.283 167.737 165.793 178.763 116.721 131.147
internal_count=25501 22467 3034 2897 976 276 1921 1505 649 852 604 856 21615 1416 1166 250 20199 18434 3035 15399 1765 1701 416 1085 700 666 248 227 462 301 189
is_linear=0
shrinkage=0.0971646


Tree=93
num_leaves=23
num_cat=0
split_feature=33 46 20 3 10 47 40 18 21 31 21 21 13 36 13 7 10 19 18 8 47 37
split_gain=3.96868 6.98756 4.97557 4.93986 7.60523 6.64932 5.6883 7.3299 6.7841 4.18795 4.20289 3.82487 4.84516 9.44128 4.92749 5.27558 5.12265 3.74721 2.76668 6.20525 5.11404 0.11597
threshold=3.8449153749132621 0.59595720984537015 12.654192704535244 0.89131130605161524 22.868881432121352 17.22833333333347 18.241229521495523 78.65000000000002 11.625104311941231 2.2532588923487049 13.89063860222995 23.395331984367768 37.054356575786763 7.925707117975743 21.427292572260313 12.260000000000005 18.440930405613951 12.331026286163942 70.509793015522021 8.792580999743894 433.14833333333337 71.095833333333346
decision_type=2 2 2 2 2 2 2 2 2 2 2 2 2 2 2 2 2 2 2 2 2 2
left_child=2 -2 3 5 -5 -1 7 -6 -8 10 -4 12 14 -14 15 -3 -16 -11 19 -19 -20 -7
right_child=1 11 9 4 6 21 8 -9 -10 17 -12 -13 13 -15 16 -17 -18 18 20 -21 -22 -23
leaf_value=0.026927005865244647 0.017316074237271519 -0.00095457933710157213 -0.0018742938776339267 0.0019634976168740955 0.021109882620607746 -0.011024510302224061 -0.0040150291189114369 -0.04568172052429223 0.010703660337249236 -0.018642399153837856 0.041167680006436932 -0.008726647613250588 -0.0049127280059616304 0.015920297653063711 -0.076973624814113226 0.01774951441959511 -0.00073593976686115673 -0.0096549814000195053 -0.0013377680149594053 -1.6452535085673847e-05 0.012399290679222864 0.027232865729713368
leaf_weight=132.74336507916451 318.85690486431122 232.39175540208817 61.408185213804245 143.68009024858475 107.53613871335983 73.908237427473068 121.95746436715126 136.29072016477585 236.09221142530441 265.24425491690636 95.686698496341705 71.939750850200653 234.3348862528801 285.97106257081032 61.545406192541122 215.26843318343163 1916.9588905572891 1285.171247959137 4958.9353928267956 2272.9941670000553 662.31841218471527 34.560711920261383
leaf_count=85 167 275 72 72 153 158 87 37 177 138 159 24 97 111 35 238 3952 1955 13242 3111 1050 106
internal_value=0.000393348 0.00333051 -0.000492772 0.00599592 0.00142754 0.0181776 -0.00277474 -0.0145487 0.0041155 -0.00120571 0.0141269 0.00171941 0.0023979 0.0109148 0.000384493 0.00969032 -0.00151719 -0.00151032 -0.00112808 -0.00325331 0.000142299 0
internal_weight=13925.8 3337.27 10588.5 986.769 745.557 241.212 601.877 243.827 358.05 9601.76 157.095 3018.41 2946.47 520.306 2426.16 447.66 1978.5 9444.66 9179.42 3558.17 5621.25 108.469
internal_count=25501 4899 20602 875 526 349 454 190 264 19727 231 4732 4708 208 4500 513 3987 19496 19358 5066 14292 264
is_linear=0
shrinkage=0.0971646


Tree=94
num_leaves=31
num_cat=0
split_feature=26 39 46 23 6 37 46 8 40 39 40 20 47 30 33 35 31 28 0 19 6 30 19 39 3 30 30 44 34 38
split_gain=3.90162 5.0526 4.95899 4.91552 4.62581 6.34584 8.55788 7.38232 4.61333 3.79714 3.46339 3.63027 3.38287 6.0993 6.84726 3.37837 2.93754 6.1619 4.90908 4.20731 2.95412 2.83879 2.43805 2.36269 1.93547 1.27184 1.07041 0.561747 0.530178 0.340787
threshold=16.268856295732832 83.264583333333348 2.3036022952294397 17.05642324489229 -0.27841686570654922 78.645833333333357 1.3609656329098196 11.761192136051251 15.126447707854512 50.593750000000007 13.983364209485176 16.627175546110887 746.01666666666665 32.577057712730813 5.5115205295067398 4.7889513825179888 5.9446326625425074 4.9740879631105743 1.0000000180025095e-35 24.55549490880696 -0.80530615279802309 30.236794024491566 12.622978378444969 79.810007406095181 1.9143679896855039 22.103344986082764 23.901485947376752 1.3418950257505744 24.954583333333336 5.679835358930748
decision_type=2 2 2 2 2 2 2 2 2 2 2 2 2 2 2 2 2 2 2 2 2 2 2 2 2 2 2 2 2 2
left_child=1 2 4 10 8 6 -6 -7 -1 24 29 15 16 14 -14 25 17 20 -19 21 -5 -18 -16 -13 28 -12 -17 -10 -4 -2
right_child=3 -3 9 12 5 7 -8 -9 27 -11 11 23 13 -15 22 26 19 18 -20 -21 -22 -23 -24 -25 -26 -27 -28 -29 -30 -31
leaf_value=-0.023565390099687687 -0.03180057522581007 0.023685093678874947 0.043056078885035494 -0.0029755103456804094 0.02399136960029721 -0.018205036023741298 -0.00058026181988318889 -0.00053134574361971866 0.040195002872800589 0.049911527231248524 -0.052682572179675383 -0.0071721282977737864 0.035283518164700302 -0.012851293408623767 0.016844013453002852 0.035181644841538233 -0.0032809079174184802 0.012658110646161016 0.00066625674588428993 -0.020924144415587445 0.00072034480395190433 0.0034473717088586127 -0.008817962098471202 0.047601876493960096 -0.0055170896142866009 -0.0099201546708344735 -0.0063517443493172612 0.010951943719695535 0.013016221902149915 -0.087198726421592418
leaf_weight=71.861685156822205 78.767487823963165 178.0749477148056 60.150495707988739 2266.9676205515862 397.71869120001793 363.61436867713928 1009.8931559026241 517.08781349658966 162.64202058315277 101.48186787962914 138.81272852420807 65.300690501928329 243.13203111290932 161.74905788898468 130.10319897532463 43.092211902141571 687.67771416902542 232.75519409775734 472.20413157343864 124.40843516588211 5515.680253714323 223.5372349023819 107.65452605485916 64.307565659284592 99.85959455370903 66.652552843093872 130.8088673055172 68.516392707824707 44.559407830238342 96.722443640232086
leaf_count=67 97 157 117 3716 451 191 727 230 261 137 169 103 119 50 132 102 1950 110 627 94 14653 205 116 86 113 103 337 65 121 95
internal_value=0.000468263 0.00353478 0.0023794 -0.00036234 0.000814931 -0.000507116 0.00333486 -0.00712106 0.0121001 0.0141083 -0.00832534 -0.00319298 0.00013414 0.0069683 0.0127946 -0.00858987 -0.000284291 0.000264863 0.0089754 -0.0051836 -0.00047249 -0.00233159 0 0.00922264 0.00382576 -0.0169804 0 0.0192219 0.0138318 -0.0205158
internal_weight=13925.8 3075.46 2897.39 10850.3 2591.33 2288.31 1407.61 880.702 303.02 306.051 684.465 508.975 10165.9 642.639 480.89 379.366 9523.23 8487.61 704.959 1035.62 7782.65 911.215 237.758 129.608 204.569 205.465 173.901 231.158 104.71 175.49
internal_count=25501 2637 2480 22864 1992 1599 1178 421 393 488 1092 900 21772 417 367 711 21355 19106 737 2249 18369 2155 248 189 351 272 439 326 238 192
is_linear=0
shrinkage=0.0971646


Tree=95
num_leaves=25
num_cat=0
split_feature=33 18 46 3 50 41 14 3 9 13 32 12 31 2 1 18 3 50 31 49 2 48 1 40
split_gain=2.72261 6.02036 6.02203 6.34517 4.93505 5.49093 3.87988 7.76304 10.809 8.34732 4.67611 3.99578 3.909 3.97502 4.34126 3.50184 3.45074 3.40674 3.337 3.10971 3.0911 2.78348 1.80723 1.83867
threshold=4.0125080470493986 98.050000000000011 0.76821070723142582 1.6321264066807883 0.30059774194537542 22.123784619074225 32.175000000000004 2.1236391638307137 3.1304512874435635 35.504880027243125 2.7277185085482469 25.794943501784083 1.7630394162649512 -0.99519835754113484 1.0000000180025095e-35 83.250000000000014 1.1513479575584926 0.76500000000000012 1.2870667847323174 1007.904731552792 -0.42714268446624293 1007.2066017247435 0.8217814666189438 11.050463953360461
decision_type=2 2 2 2 2 2 2 2 2 2 2 2 2 2 2 2 2 2 2 2 2 2 2 2
left_child=6 2 3 16 -4 20 10 8 9 -8 12 22 18 14 -14 -15 -2 -13 -1 -19 -6 -11 23 -12
right_child=1 -3 4 -5 5 -7 7 -9 -10 21 11 17 13 15 -16 -17 -18 19 -20 -21 -22 -23 -24 -25
leaf_value=-0.00072713214773291782 0.013251626284335408 0.00062974784911396344 0.024946932817058495 -0.0014757108658316246 0.0071455966041243648 -0.030098364308567174 0.00020312020892287029 0.0012434202624030109 -0.00015799509765545617 -0.018383314571865234 0.044910029492160178 -0.0030081239645580564 0.038843438825879734 -0.004829677869407736 -0.0093710434689120835 0.00078093884790782849 0.021419672537672626 0.0049964282020828598 0.031017619313177439 0.036726811804230097 -0.0019396409670550325 -0.011077480407555013 0.065331665314482729 -0.0054479902960777888
leaf_weight=143.58982807397842 105.44446730613708 94.076844304800034 110.47997903823853 168.37510201334953 359.25612562894821 58.432407289743423 153.80094322562218 331.60135090351105 562.49648821353912 273.60703852772713 58.928995758295059 58.620011329650879 204.28600704669952 3608.0413467884064 139.22527503967285 4270.3848624229431 145.69133397936821 187.55720776319504 156.45346575975418 150.45626485347748 1885.2459365427494 183.7872685790062 66.296544432640076 449.65929299592972
leaf_count=101 118 73 130 110 443 62 164 151 164 144 54 84 373 7498 382 9967 99 353 147 145 3274 77 167 1221
internal_value=0.000227999 0.00287999 0.00189992 0.0126012 0 -0.000947083 -0.000439555 -0.0050316 -0.00890609 -0.0178354 0.000244985 0.00664939 -0.000437153 -0.000884209 0.00914397 -0.00137891 0.0223542 0.0141983 0.0102925 0.0181694 0 -0.0244037 0.000655967 -0.000555978
internal_weight=13925.8 2927 2832.93 419.511 2413.41 2302.93 10998.8 1505.29 1173.69 611.195 9493.5 971.518 8521.98 8221.94 343.511 7878.43 251.136 396.633 300.043 338.013 2244.5 457.394 574.885 508.588
internal_count=25501 4309 4236 327 3909 3779 21192 700 549 385 20492 2024 18468 18220 755 17465 217 582 248 498 3717 221 1442 1275
is_linear=0
shrinkage=0.0971646


Tree=96
num_leaves=36
num_cat=0
split_feature=50 49 42 3 14 39 27 29 31 13 1 28 6 23 50 48 42 23 9 23 2 7 24 25 12 31 39 23 3 2 28 13 12 48 18
split_gain=3.73164 9.67586 7.61268 4.77169 9.70816 6.88557 5.01291 4.63846 7.274 8.44882 4.25323 4.27344 3.93723 7.15743 5.62308 5.81494 5.72887 7.55349 4.87455 3.21365 3.09553 3.08023 3.0346 2.6046 2.55064 2.47249 2.40796 2.33453 2.32454 1.52027 2.36698 1.44825 0.997624 0.652293 0.235324
threshold=1.7130164675117776 1010.3124628521415 0.57691567836296231 2.0450000000000004 33.186514886838438 78.677083333333357 0.47426294235706584 6.4580059671684031 6.8454919639534557 35.203869245268216 -0.2760944163666606 2.6334610542462418 0.78328899007305186 11.531433387294726 1.4732596576235657 928.85000000000002 0.59436225610454285 11.531433387294726 0.55646932894084966 25.225126264195804 0.99370977118463066 10.595000000000002 26.137538277049703 19.605515149255876 25.543676359569307 3.8568919040451779 85.422916666666694 23.324663830460192 2.1236391638307137 -0.12447465306484827 3.0794205286191514 36.604374338992542 25.18663891323985 1014.6500000000002 90.65000000000002
decision_type=2 2 2 2 2 2 2 2 2 2 2 2 2 2 2 2 2 2 2 2 2 2 2 2 2 2 2 2 2 2 2 2 2 2 2
left_child=7 3 29 5 6 10 31 12 9 26 -2 -12 14 -14 16 24 22 -18 -17 32 25 33 -1 -23 -16 -15 27 -9 -8 -3 -31 -5 -7 -4 -22
right_child=1 2 21 4 -6 19 28 8 -10 -11 11 -13 13 20 15 18 17 -19 -20 -21 34 23 -24 -25 -26 -27 -28 -29 -30 30 -32 -33 -34 -35 -36
leaf_value=0.0015276939490396042 -0.010791039513410634 -0.057455857109722779 0.0011884385251776663 -0.019290623984611194 0.012476816109018967 0.071252079023137668 -0.023462828530725805 0.013753388128339802 -0.014805202039205729 0.011428867134917087 0.0024599512617624582 0.018187695352088709 0.0053779760569773946 -0.0076290477155595612 -0.0032393874840303872 -0.0026106038920103254 -0.02413746601242454 -0.0029278018362347532 -0.0074543110384514191 0.045396581679011075 0.01795023281057978 -0.0093467967467934197 -0.0095140002141260015 0.01730403119660184 0.0091633650644705085 0.0056470953803947422 0.018795623154580776 -0.032772441524114099 0.0044261757397489852 -0.039894586979900296 0.034923789586327629 -0.040058365569331199 -0.018476434045619994 -0.043977433112002945 0.035754126974362685
leaf_weight=4614.7199340462685 107.99837219715118 100.21957114338875 74.036001235246658 79.637545257806778 283.6864273250103 53.705969840288162 93.367967069149017 62.502115726470947 94.534653723239899 361.29829078912735 556.983452886343 202.97682377696037 87.541075766086578 569.50955772399902 147.73510792851448 470.65562662482262 194.19186979532242 2776.6786946356297 561.39284509420395 204.04264321923256 52.943749934434891 65.095435112714767 138.46154454350471 97.110326141119003 143.80622437596321 1069.3440854251385 60.74028006196022 93.379528284072876 209.51452633738518 119.83724746108055 60.766585409641266 76.168512970209122 50.270405352115631 68.003051549196243 58.004067003726959
leaf_count=10224 75 82 87 133 128 127 97 186 114 138 646 193 22 1083 307 696 53 5378 374 118 103 142 189 85 150 3427 115 184 274 222 113 53 124 90 89
internal_value=0.000302717 0.00371864 -0.00682869 0.00716317 0.000442236 0.0110321 -0.00768041 -0.000401055 0.00734334 0.0118672 0.00589531 0.00877837 -0.000920577 0.00309313 -0.00178356 -0.00766259 -0.000718324 -0.00409874 -0.0111852 0.0239382 0.00145462 0.00263284 0.00130606 0.0126078 0.00334537 0.00011349 -0.00154391 -0.00953614 0 -0.0185023 -0.00910663 -0.0216681 0.00450002 -0.00584137 0.0169951
internal_weight=14060.9 2503.42 585.068 1918.35 742.375 1175.98 458.689 11557.4 672.455 577.92 867.959 759.96 10885 1837.34 9047.64 1323.59 7724.05 2970.87 1032.05 308.019 1749.8 304.245 4753.18 162.206 291.541 1638.85 216.622 155.882 302.882 280.823 180.604 155.806 103.976 142.039 110.948
internal_count=25621 2789 821 1968 685 1283 557 22832 737 623 914 839 22095 4724 17371 1527 15844 5431 1070 369 4702 404 10413 227 457 4510 485 370 371 417 335 186 251 177 192
is_linear=0
shrinkage=0.0971646


Tree=97
num_leaves=23
num_cat=0
split_feature=31 11 31 18 29 39 48 35 39 50 21 31 21 28 42 45 42 7 18 42 2 50
split_gain=3.40475 14.2566 6.54466 4.85576 7.63054 3.37088 3.34228 3.75276 3.16058 3.02503 3.52648 4.38736 3.1576 3.67678 2.71708 2.50571 2.29673 2.16345 2.06414 1.72968 1.33927 1.12367
threshold=1.9407340701424056 23.880852778506991 2.0978323612231713 84.750000000000014 1.2973512137535734 48.354166666666664 1015.9500000000002 4.8835084424978916 79.377083333333346 1.7736287000713384 8.6207324282256277 4.906682135024842 24.447592846911373 2.5249842357228625 0.93222413910325852 10.82438443684323 0.56801115498637011 10.042968783572329 75.950000000000017 1.0895202786014948 0.90515966073569365 1.4732596576235657
decision_type=2 2 2 2 2 2 2 2 2 2 2 2 2 2 2 2 2 2 2 2 2 2
left_child=1 -1 15 4 16 -6 9 8 21 10 -4 -12 13 -11 -7 -2 -3 -10 -18 20 -9 -8
right_child=2 3 6 -5 5 14 7 19 17 12 11 -13 -14 -15 -16 -17 18 -19 -20 -21 -22 -23
leaf_value=0.034392105098672174 -0.019067842746203247 0.0059612708291940921 0.0050980648986963346 -0.023302618220095318 -0.00072548763391962299 0.01843502669222263 -0.017896987422314062 -0.0024442625686227669 -0.0078004015536875778 0.0021251657805433093 -0.0017973575527815363 0.0019207297040036951 -0.013091035844335684 0.010672904237254567 0.018615570566089069 -0.00072570029506107965 -0.001016300612412163 0.0026812213205148765 -0.027247519596221018 -0.008011164452138923 0.030260524690417449 -0.065724733558239531
leaf_weight=158.15528577566147 115.9102087020874 136.95018380880356 136.5734601020813 109.89191845059395 78.726629078388214 100.86383771896362 80.121101498603821 49.287625223398209 260.95324289798737 920.96572995185852 6123.4038082957268 4251.8932194113731 83.185840427875519 758.27397164702415 63.175376862287521 96.626086860895157 96.612357288599014 89.261220037937164 72.988489389419556 61.215564429759979 88.955169528722763 126.8697883784771
leaf_count=131 81 124 160 44 72 110 161 112 478 1157 11967 9263 58 785 129 132 174 113 35 92 138 105
internal_value=0.000275085 0.00635627 -6.93746e-05 0 0.00377596 0.0169931 0.000175969 -0.0060294 -0.0103465 0.000594646 0 -0.000236778 0.00431694 0.00542026 0.0248068 -0.0168846 -0.00537572 -0.00314888 -0.0132601 0.00389768 0.0111158 -0.0202731
internal_weight=14060.9 817.364 13243.5 659.209 549.317 242.766 13031 756.664 557.205 12274.3 10511.9 10375.3 1762.43 1679.24 164.039 212.536 306.551 350.214 169.601 199.458 138.243 206.991
internal_count=25621 819 24802 688 644 311 24589 1199 857 23390 21390 21230 2000 1942 239 213 333 591 209 342 250 266
is_linear=0
shrinkage=0.0971646


Tree=98
num_leaves=17
num_cat=0
split_feature=42 45 2 41 23 2 2 3 23 27 18 5 1 18 50 10
split_gain=3.52664 3.24952 8.68419 6.42164 5.7423 7.68768 11.1247 6.69094 5.21742 4.7908 4.69126 4.67586 4.14114 3.42255 3.24878 2.78861
threshold=1.0000000180025095e-35 24.139986055214081 -0.96288731545773421 23.603119703640655 26.042620240242147 -0.65778589144866462 -0.30013083027253423 1.8525793195109534 25.883645045974895 0.48925280692556911 73.309924805775481 -1.0314814034131552 -0.22611359161738934 20.104734711767914 0.97174006043864181 34.276509654438293
decision_type=2 2 2 2 2 2 2 2 2 2 2 2 2 2 2 2
left_child=-1 4 12 -4 8 7 -7 -6 11 10 -5 -2 -3 -13 -11 -14
right_child=1 2 3 9 5 6 -8 -9 -10 14 -12 13 15 -15 -16 -17
leaf_value=0.010332399736804351 0.015828215766790766 0.024912432210831427 0.032288094419713281 -0.030802801065402823 0.011107609263595022 -0.008691174757486533 0.010466936496359715 0.0024408623851153136 -0.010827496408986321 0.00063578507586383598 -0.020068093160801152 -0.0074304562036390537 0.044209863798566347 3.9991677325091437e-05 -0.016504282097130393 -0.05702264408068293
leaf_weight=202.56189250946045 79.298950433731079 153.87442290782928 69.260860949754715 335.65609994530678 313.96247556805611 310.73946991562843 277.96767684817314 275.34702342748642 152.21235248446465 129.07306322455406 165.82887700200081 181.72441017627716 58.457621544599533 11147.90967553854 156.55419456958771 50.431048721075058
leaf_count=42 18 108 76 211 123 107 122 91 135 235 279 192 136 23398 295 53
internal_value=0.000111128 -4.56088e-05 -0.00508477 -0.0100681 0.000364685 0.00683238 -0.00033664 0.0146799 -0.000259037 -0.0128797 -0.0186741 0 0.00948083 -0.000185872 -0.00113949 -0.00168905
internal_weight=14060.9 13858.3 1119.14 856.373 12739.2 1178.02 588.707 589.309 11561.1 787.112 501.485 11408.9 262.763 11329.6 285.627 108.889
internal_count=25621 25579 1393 1096 24186 443 229 214 23743 1020 490 23608 297 23590 530 189
is_linear=0
shrinkage=0.0971646


Tree=99
num_leaves=37
num_cat=0
split_feature=29 36 36 43 45 25 32 6 40 25 40 2 10 44 8 30 8 13 50 29 2 17 1 10 37 49 26 30 10 47 38 4 40 17 26 43
split_gain=4.47779 6.17648 6.22745 6.2209 8.82492 5.22847 5.76436 4.68055 8.355 4.64504 4.54087 5.0641 3.92243 8.39044 4.927 6.17081 4.66142 3.88463 3.59525 3.48982 3.40476 5.89264 6.43981 11.83 9.78355 4.00697 3.70916 3.28681 3.09894 2.79286 5.55858 2.7008 2.60856 2.28728 0.922803 0.919296
threshold=5.0246820417398306 8.1673843175623251 7.433348261522787 24.105702140771012 24.139986055214081 23.360921579624041 2.0143046771882829 -0.019390332216831372 13.10723711752347 23.360921579624041 12.06035058193817 -0.31027330981670553 35.503324281687945 0.62198977932929933 7.415 32.813067325229177 9.8500000000000014 37.592523138694006 0.75467993888326212 6.4580059671684031 -0.035799243486829127 17.655000000000005 0.047320950113892181 22.538469547995692 78.370833333333351 1007.1271214549183 21.506378791572786 18.280071670100373 32.974065642857902 143.31749999999997 8.3256790604579933 1006.6096763705899 7.3087617409713319 24.925000000000004 23.128007705956161 22.275688325417896
decision_type=2 2 2 2 2 2 2 2 2 2 2 2 2 2 2 2 2 2 2 2 2 2 2 2 2 2 2 2 2 2 2 2 2 2 2 2
left_child=12 2 5 4 10 7 19 31 -9 34 11 -3 20 14 -14 -16 -17 -15 -12 -7 25 22 23 -22 -24 26 35 -23 -29 33 -31 -2 -28 -27 -4 -1
right_child=1 3 9 -5 -6 6 -8 8 -10 -11 18 -13 13 17 15 16 -18 -19 -20 -21 21 27 24 -25 -26 29 32 28 -30 30 -32 -33 -34 -35 -36 -37
leaf_value=0.02168954522227157 -0.0055125918511737043 0.015445618332875199 -0.014761120355161363 0.0099711095071533685 -0.030872469890891034 -0.00017981095525760368 0.021277088588728336 0.03372762739942825 -0.0076743679933321011 -0.035399835779706637 0.009993051030443411 0.012841199171616788 0.00011007405877366233 -0.0058518413387479073 -0.023647795191885729 -0.024256056395326461 -9.2257173802526971e-05 0.0063723869285921761 -0.00035548507809819035 0.0050290228677129841 0.01167585579305473 -0.061910493465427728 0.0030008309361369617 -0.028810667769406405 -0.0041778827076171879 0.021986672941741871 0.028437907161847291 -0.005964992110452521 -0.01510531864100992 0.048079624507783025 0.011491202390315813 -0.023689959571850352 -0.0061740941568867065 -0.01622879867965624 0.019072655554550476 -0.0097251796346967314
leaf_weight=372.83955007791519 486.31610000133514 113.23296377062798 56.758397370576859 196.37764593958855 81.700072467327118 409.5850125849247 105.25058680772781 101.4477633535862 265.61821883916855 108.05708676576614 279.07777321338654 145.00309702754021 202.17042082548141 219.30304336547852 252.55046251416206 196.17136386036873 265.4734046459198 258.46996274590492 702.00746747851372 111.24612566828728 713.61980655789375 111.19488826394081 1384.9559987485409 109.77842503786087 674.28770598769188 152.42865595221519 148.79459884762764 2999.7845033407211 148.70692697167397 281.44929590821266 281.58568075299263 105.16458156704903 1683.9916403591633 224.8670060634613 73.163135886192322 38.4307461977005
leaf_count=1261 894 46 106 59 32 471 29 134 515 60 436 164 135 167 194 115 96 83 990 43 672 159 939 38 302 605 388 8854 219 278 352 165 5617 739 111 153
internal_value=8.57405e-05 0.0032178 -0.000375748 0.00780705 0.0049681 0.00159272 0.00864231 -0.00258056 0.00533109 -0.0151106 0.00729338 0.0191193 -0.000850864 -0.00565808 -0.0112208 -0.0150413 -0.00699848 0.00412692 0.00369815 0.00343487 -8.49609e-05 -0.00146532 0.00162771 0.00893447 -0.00109575 0.00244258 1.59489e-05 -0.00433036 -0.00357498 0.00776276 0.0121245 -0.00821041 -0.00166593 8.72467e-05 0 0.00849894
internal_weight=14060.9 3340.01 1822.61 1517.4 1321.02 1584.63 626.082 958.547 367.066 237.979 1239.32 258.236 10720.9 1394.14 916.366 714.195 461.645 477.773 981.085 520.831 9326.72 6142.33 2882.64 823.398 2059.24 3184.39 2244.06 3259.69 3148.49 940.331 563.035 591.481 1832.79 377.296 129.922 411.27
internal_count=25621 4255 2528 1727 1668 2251 543 1708 649 277 1636 210 21366 790 540 405 211 250 1426 514 20576 11183 1951 710 1241 9393 7419 9232 9073 1974 630 1059 6005 1344 217 1414
is_linear=0
shrinkage=0.0971646


Tree=100
num_leaves=18
num_cat=0
split_feature=4 14 14 29 5 5 31 37 7 3 4 11 17 46 26 14 47
split_gain=4.02086 4.21403 7.10629 4.43599 5.98839 5.73107 4.62671 4.1058 3.46793 3.93829 2.95444 2.9364 2.69324 4.38677 3.82172 1.0077 0.583464
threshold=1016.85 13.385000000000003 14.175000000000002 4.9658096942892493 -0.46119579996610005 0.14118517844507961 4.2092175557759282 74.512500000000017 10.450000000000003 0.91323839304739363 931.55000000000007 15.354120300595246 23.955000000000002 1.3267046774292277 26.444536322492173 18.815000000000001 0.6666666666665152
decision_type=2 2 2 2 2 2 2 2 2 2 2 2 2 2 2 2 2
left_child=1 10 7 12 6 -6 -5 -3 9 15 -1 -11 13 -4 -14 -2 -13
right_child=8 2 3 4 5 -7 -8 -9 -10 11 -12 16 14 -15 -16 -17 -18
leaf_value=-0.00027486420188663929 0.048852435029837105 0.0055426407348507581 0.0070071419489522611 0.026226762238217446 0.010316518635038808 -0.0023048347576712018 0.00013557518400108274 0.00010371706183751548 0.0053232050153520262 -0.0010266507248082018 -0.0056852753126927676 -0.043471304316101328 -0.0044276214274713314 -0.0026823847270553659 0.0052358265830260197 -0.022580560826615702 -0.033493592293435667
leaf_weight=350.10478979349136 35.197739511728287 215.71948316693306 2290.9428257644176 121.28474327921867 501.50987097620964 241.70851027965546 2521.5416288375854 219.68021428585052 162.6743389070034 102.05426907539368 329.97426316142082 157.55587807297707 4555.1259160637856 1655.3200431466103 480.21717816591263 46.576027482748032 73.672395795583725
leaf_count=87 75 79 6348 66 515 562 3235 105 155 114 99 101 10803 2702 216 151 208
internal_value=0.0003855 0.000755107 0.00117993 0.000712312 0.00371981 0.01149 0.00136282 0.0133934 -0.0074649 -0.0123796 -0.0065878 -0.0173042 -0.000374874 0.00146484 -0.0019014 0.00255949 -0.0234148
internal_weight=14060.9 13483.1 12803.1 12367.7 3386.04 743.218 2642.83 435.4 577.731 415.056 680.079 333.283 8981.61 3946.26 5035.34 81.7738 231.228
internal_count=25621 24817 24631 24447 4378 1077 3301 184 804 649 186 423 20069 9050 11019 226 309
is_linear=0
shrinkage=0.0971646


Tree=101
num_leaves=27
num_cat=0
split_feature=42 6 1 34 46 1 9 26 31 2 16 26 46 5 16 34 28 1 23 46 2 25 31 29 39 11
split_gain=3.21178 7.29526 3.5639 8.20274 6.57484 5.73189 8.65032 15.8302 6.52033 6.3927 5.53146 5.11191 6.23431 5.59995 8.63118 4.06446 3.74251 3.62422 3.505 3.48018 2.99779 4.39479 3.41317 2.08125 2.25523 0.968309
threshold=0.070287765057910553 -0.72498831525796426 0.46459913687673576 20.772916666666671 0.76821070723142582 1.0000000180025095e-35 6.1417196175507707 16.679778641257666 4.7917244402470773 -0.96288731545773421 28.445000000000004 24.460433337127299 0.68475973925617895 0.9121239210760721 19.915000000000003 30.300000000000001 3.5562555178307451 0.27609441636666071 11.531433387294726 1.6917788852033597 -0.035799243486829127 19.974008918606874 4.8884456377747894 1.4531291246384181 72.497916666666683 29.681677411110265
decision_type=2 2 2 2 2 2 2 2 2 2 2 2 2 2 2 2 2 2 2 2 2 2 2 2 2 2
left_child=1 -1 5 18 10 6 7 8 -2 -9 15 13 17 19 -15 -5 -12 -13 -4 -7 22 -22 -6 -20 -25 -3
right_child=2 25 3 4 20 11 -8 9 -10 -11 16 12 -14 14 -16 -17 -18 -19 23 -21 21 -23 -24 24 -26 -27
leaf_value=-0.0023600482728403293 0.023444523792034381 0.00080144079524731445 0.013434464013266334 0.0064076832640777024 -0.0051973531989090395 0.0027359634216900389 -0.026866745147801092 0.011722070358671892 -0.0013512521641936819 -0.001596731437078701 4.7730752332676685e-05 -0.046182100077122978 -0.00061255339788087175 -0.044902155206709149 -0.0030296501357580815 0.0079697509782621617 -0.0077538554819432193 -0.0090520237875086323 -0.00054835303326880537 -0.016985147785784874 -0.00033757486476272182 -0.046739736256152943 0.0063438300097524644 0.017242125158370335 0.0027751508071149388 0.02315115588697526
leaf_weight=137.93707746267319 450.38652059435844 90.658563226461411 127.55675971508026 805.35793399810791 622.78323259949684 1455.135908395052 130.68630027770996 673.75169000029564 199.71385955810547 4778.9595425128937 181.80053821206093 157.80081617832184 139.55559211969376 199.23934429883957 447.45449867844582 255.5898779630661 38.252278566360474 103.69655790925026 75.79830613732338 237.79597297310829 1247.4330623745918 512.74872595071793 734.02833697199821 95.411150127649307 81.210223078727722 80.117445886135101
leaf_count=46 459 159 51 1054 1117 2899 49 1150 193 11306 606 206 170 47 444 67 28 143 92 238 2487 1055 1261 119 140 35
internal_value=0.000295915 0.010057 4.36238e-05 0.00221593 0.00092424 -0.00106576 0.000501295 0.00110329 0.015422 -0.000533197 0.00683362 -0.00478211 -0.0151326 -0.00280857 -0.0104794 0.00989856 -0.00596465 -0.0239237 0.0159277 0 -0.00137182 -0.00409313 0.00184594 0.00682038 0.0131492 0.0237614
internal_weight=14060.9 308.713 13752.1 4777.97 4397.99 8974.18 6233.5 6102.81 650.1 5452.71 1281 2740.68 401.053 2339.63 646.694 1060.95 220.053 261.497 379.976 1692.93 3116.99 1760.18 1356.81 252.42 176.621 170.776
internal_count=25621 240 25381 8077 7675 17304 13157 13108 652 12456 1755 4147 519 3628 491 1121 634 349 402 3137 5920 3542 2378 351 259 194
is_linear=0
shrinkage=0.0971646


Tree=102
num_leaves=11
num_cat=0
split_feature=31 6 13 14 9 0 34 14 35 20
split_gain=4.87178 4.96587 4.05863 4.32273 3.55134 3.85253 3.55477 3.19439 2.4962 0.0845564
threshold=1.7630394162649512 -1.1226035809116242 24.591885228904172 17.015000000000004 6.1417196175507707 -1.0034293416100994 16.381875000000004 37.015000000000008 4.741002490988504 10.204183776197732
decision_type=2 2 2 2 2 2 2 2 2 2
left_child=2 -2 8 -4 5 -3 -7 -8 -1 -5
right_child=1 4 3 9 -6 6 7 -9 -10 -11
leaf_value=0.0053262271983813454 0.0044045434891592621 0.043104545482448402 0.012205686454915042 -0.009152780597270798 -0.0045030716707519314 0.0047124852611729415 2.8769121473458799e-05 -0.0069280339074883745 -0.0080319782390999104 0.024772307932286731
leaf_weight=107.91572883725166 290.77447199821472 139.89860939979553 217.68313157558441 56.282825767993927 436.77349489927292 169.74545830488205 11897.075217574835 396.71468067169189 95.624402552843094 47.516078293323517
leaf_count=105 63 28 116 150 135 116 24431 172 88 132
internal_value=0.00051147 0.000116425 0.00967628 0.0164453 -0.000132645 0.000133528 -1.41746e-05 -0.000242763 0 0
internal_weight=13856 13331 525.022 321.482 13040.2 12603.4 12463.5 12293.8 203.54 103.799
internal_count=25536 24945 591 398 24882 24747 24719 24603 193 282
is_linear=0
shrinkage=0.0971646


Tree=103
num_leaves=19
num_cat=0
split_feature=31 31 20 6 36 12 2 30 13 18 6 6 21 25 1 21 40 36
split_gain=4.35271 5.67682 4.94427 4.51826 3.52034 7.55404 3.57921 7.77012 4.23806 3.32579 8.2858 5.92868 7.33343 7.16587 4.23122 3.79182 1.95507 1.35524
threshold=1.7630394162649512 1.2870667847323174 9.5557879502614611 -1.5594354727669562 12.038943751669697 32.294201957100405 -0.89388548498445497 31.537760972727991 38.863542949614846 73.950000000000017 -0.5 -0.72498831525796426 23.940295738515218 24.824287331468049 -0.61866567420209784 8.6207324282256277 20.219566278818949 3.2154833730861445
decision_type=2 2 2 2 2 2 2 2 2 2 2 2 2 2 2 2 2 2
left_child=1 16 -3 -2 9 6 8 -8 -6 11 14 12 -5 -13 -11 -12 -1 -4
right_child=3 2 17 4 5 -7 7 -9 -10 10 15 13 -14 -15 -16 -17 -18 -19
leaf_value=0.011823038836801669 0.018203914865072113 -0.0082634541735046186 0.044484505328135436 -0.0029613174466429754 0.00053286887761558679 -0.013885378521027917 0.0033622838872138959 0.010105797296683382 -0.0085691754378145607 0.0075581465609190152 0.0062028353624179406 -0.0012370932917198925 -0.009795965556801324 0.038983511561704397 0.041030740106375654 -0.00085542739858704636 -0.01188270222930681 0.010858686655992303
leaf_weight=109.81499201059341 113.62346577644348 83.430811196565628 117.4193557202816 1286.8676489591599 177.36758387088776 75.828132539987564 1340.0581802725792 245.61420863866806 54.095704436302185 401.90904596447945 92.03578644990921 3310.3067146539688 291.27718567848206 214.32247230410576 363.92884251475334 5363.7469607889652 92.940081477165222 121.41692662239075
leaf_count=142 23 137 97 1897 477 85 2761 84 12 1034 36 5310 247 235 759 11985 51 164
internal_value=0.000423637 0.00908164 0.0172195 4.86811e-05 -8.71975e-05 0.00375048 0.00521524 0.00698157 -0.00499966 -0.000767193 0.000686874 -0.00262302 -0.00757921 -0.000278368 0.0101617 -0.000569804 -0.00184154 0.0243274
internal_weight=13856 525.022 322.267 13331 13217.4 1892.96 1817.14 1585.67 231.463 11324.4 6221.62 5102.77 1578.14 3524.63 765.838 5455.78 202.755 238.836
internal_count=25536 591 398 24945 24922 3419 3334 2845 489 21503 13814 7689 2144 5545 1793 12021 193 261
is_linear=0
shrinkage=0.0971646


Tree=104
num_leaves=25
num_cat=0
split_feature=30 9 6 42 48 31 39 1 24 36 15 36 23 25 6 4 26 34 30 1 26 1 34 45
split_gain=5.45145 9.61312 6.33619 5.9078 5.3642 6.18914 8.26658 6.61144 5.0936 6.10178 4.84466 4.48654 4.20317 5.46268 5.02665 3.96272 3.90432 3.0271 2.88324 2.65727 0.988135 0.478413 0.185762 0.184444
threshold=32.577057712730813 0.55646932894084966 -1.0175463537064497 0.14829312973708633 928.25000000000011 2.3914989063508529 72.077083333333348 0.24789700308270748 22.689700761238292 10.213332767998633 30.635000000000002 8.6877019776390938 23.421760748982425 17.871258757472514 -0.019390332216831372 929.95000000000016 25.756898875788952 22.578958333333336 25.23467080809554 -0.99865756837029884 25.225095912414758 -0.034319876048209338 24.593125000000004 22.399331082573383
decision_type=2 2 2 2 2 2 2 2 2 2 2 2 2 2 2 2 2 2 2 2 2 2 2 2
left_child=2 16 -1 -3 12 6 7 -6 -5 10 -10 15 13 14 -4 -7 20 -15 22 -13 -2 -8 -14 -20
right_child=1 3 4 8 5 11 21 -9 9 -11 -12 19 18 17 -16 -17 -18 -19 23 -21 -22 -23 -24 -25
leaf_value=0.0083257204722168889 0.040104411417437931 -0.020162696500092579 0.001998559382567162 0.0085844419587209984 -0.031288493835121764 0.0065269475857102155 0.035081456607163941 0.011353778036638444 0.005363844807012492 -0.0055940655979426013 -0.0084176108447648976 -0.013199720501096093 -0.020200256009033583 0.011505350811752997 -0.0080975648963625101 -0.0011157649169500623 0.014881563149959601 -0.00016812697406946525 -0.064006609367270609 0.0036652611901589354 -0.017224796373609959 0.039071262350020439 0.002937585648070925 -0.018557461755809239
leaf_weight=239.41252255439758 67.167057782411575 154.57710248231888 462.78346192836761 100.32564154267311 170.90343257784843 460.55411565303802 61.517860740423203 285.5674224793911 259.39518246054649 295.1442731320858 308.10932359099388 78.737983465194702 107.74595335125923 391.18833121657372 678.28901493549347 4884.5555610060692 192.99094897508621 2053.3986059725285 152.67892497777939 2127.5986748039722 61.584451705217361 129.27196162939072 96.916755169630051 35.589535742998123
leaf_count=54 141 103 901 52 100 863 154 359 305 118 314 33 417 687 778 9047 93 6130 494 3722 59 125 363 124
internal_value=0.000258747 -0.00535198 0.000944616 -0.0097926 0.000598414 0.00204646 0.0112238 0.00299518 -0.00633269 -0.00904514 -0.00225308 0.0011992 -0.0022777 -0.00109571 -0.00670311 -0.000247583 0.00870607 0.00135234 -0.0118959 0.00489293 -0.00157755 0.0283576 -0.00146141 -0.020807
internal_weight=13856 1439.29 12416.7 1117.55 12177.3 8198.71 647.261 456.471 962.974 862.649 567.505 7551.45 3978.59 3585.66 1141.07 5345.11 321.742 2444.59 392.931 2206.34 128.752 190.79 204.663 188.268
internal_count=25536 1185 24351 892 24297 14403 738 459 789 737 619 13665 9894 8496 1679 9910 293 6817 1398 3755 200 279 780 618
is_linear=0
shrinkage=0.0971646


Tree=105
num_leaves=30
num_cat=0
split_feature=50 0 48 3 48 6 42 16 18 38 33 13 32 48 31 7 39 8 2 23 50 45 6 30 48 44 45 42 27
split_gain=3.73092 3.02777 6.44572 5.06111 10.7104 5.44523 5.334 8.2904 4.32744 5.56094 8.63067 5.8927 5.33627 5.25664 4.20587 4.04569 5.33405 3.95159 6.1966 3.86072 5.32491 5.05492 4.69711 3.23852 2.31802 2.26704 5.09744 2.2524 0.645197
threshold=1.0000000180025095e-35 0.2642820814833815 1007.2066017247435 1.4750000000000003 929.6500000000002 0.036884131766668722 0.49309283902170414 22.855000000000004 65.733227899217525 13.804444552019008 1.5903303906186557 37.592523138694006 1.1715246471306549 927.85000000000002 2.4995908598673151 11.915000000000004 75.927083333333343 11.761192136051251 0.91234096280339505 25.758837843069518 0.88186423931054214 23.881226394031774 0.98296291314453421 30.944507234881453 927.45000000000016 1.0068684460236683 11.727612463068164 1.0075588199136807 1.3847301091199677
decision_type=2 2 2 2 2 2 2 2 2 2 2 2 2 2 2 2 2 2 2 2 2 2 2 2 2 2 2 2 2
left_child=-1 2 8 5 25 17 24 -8 9 10 -2 -11 14 -14 -10 16 -6 27 -19 22 -21 -22 23 -4 -7 -5 -27 -3 -24
right_child=1 3 19 4 15 6 7 -9 12 11 -12 -13 13 -15 -16 -17 -18 18 -20 20 21 -23 28 -25 -26 26 -28 -29 -30
leaf_value=0.020431508927956397 0.055033754909718804 0.0004090680299834458 0.014956472306605961 -0.010724268791740028 -0.044850821992175716 -0.011060683519570961 -0.059490225204585412 -0.0064656050068956751 0.04707596838130982 -0.0031379349855685957 -0.018063491362941921 0.002107803150731257 -0.0020934916582539998 0.0093507312179164272 -0.0074089426291514141 -0.0019173763331316522 -0.0021945845773819897 0.0017577839624680306 0.016789037345260369 -0.0073247513117102462 -0.00090886629848796485 0.0052193823204661587 0.0084839928971167603 0.015512623203718148 0.0048944391188584114 -0.0027169668581126772 0.013639554182228151 -0.0092475282564938623 -0.055609266754403697
leaf_weight=66.14046311378479 75.004851907491684 1366.6370008587837 1697.2676719427109 116.68171989917755 281.57895794510841 297.12980049848557 130.6901473402977 362.46036443114281 107.600521504879 1297.5637168586254 772.51005825400352 632.35640713572502 633.47737061977386 1201.1592192053795 1036.9344360530376 120.05154430866241 252.76972848176956 769.37023392319679 343.85678002238274 257.24287423491478 272.96937012672424 271.62229654192924 33.768089473247528 404.57532408833504 517.75535225868225 205.83626163005829 157.93654406070709 65.557660520076752 107.49933263659477
leaf_count=13 84 3755 4147 172 278 874 38 517 150 2477 1100 239 2017 1757 2866 99 359 1449 383 125 101 117 121 390 1264 120 145 73 306
internal_value=0.000183383 3.94656e-05 0.0011533 -0.00183984 -0.00753884 -4.62434e-05 -0.00524089 -0.0131938 -0.00069501 -0.00350515 -0.0100773 -0.000387074 0.00178263 0.00511911 -0.00319312 -0.0157065 -0.0193104 0.00245874 0.00683228 0.00478487 -0.000522107 0.0043536 0.00687008 0.00813454 0 0.0027317 0.00713702 -0.000650588 -0.0087629
internal_weight=13856 13789.9 8801.55 4988.31 1134.85 3853.46 1308.04 493.151 5756.61 2777.44 847.515 1929.92 2979.17 1834.64 1144.53 654.4 534.349 2545.42 1113.23 3044.94 801.835 544.592 2243.11 2101.84 814.885 480.455 363.773 1432.19 141.267
internal_count=25536 25523 15997 9526 1173 8353 2693 555 10690 3900 1184 2716 6790 3774 3016 736 637 5660 1832 5307 343 218 4964 4537 2138 437 265 3828 427
is_linear=0
shrinkage=0.0971646


Tree=106
num_leaves=26
num_cat=0
split_feature=6 50 8 22 32 9 50 3 32 5 47 18 43 14 1 25 37 50 9 32 28 30 5 30 40
split_gain=4.38514 4.25631 5.44075 7.63702 4.87297 5.22719 4.67189 3.98414 10.9117 4.87778 3.86524 3.77985 11.9724 6.06145 4.95115 3.8486 3.72937 7.23974 5.19295 3.49399 2.75219 2.20713 1.78152 1.42201 0.676529
threshold=-1.5594354727669562 1.7528977196985442 9.1550000000000029 23.88818242750143 1.0727666666128182 -0.85562405177131662 2.0443883314733662 1.6107771375464095 1.9821738904456045 -0.42431990157482108 493.02249999999998 90.65000000000002 13.057729397790597 13.385000000000003 -0.88203985695844955 18.040173347245176 73.762500000000017 1.3736370688083646 2.3383386326175288 1.2926516671689701 1.3519692434008326 32.043477484237719 -0.83128716256332991 30.783040334360773 10.194298540662947
decision_type=2 2 2 2 2 2 2 2 2 2 2 2 2 2 2 2 2 2 2 2 2 2 2 2 2
left_child=-1 7 4 6 22 24 19 11 16 21 -11 13 -13 -2 -15 -14 18 -18 -9 -4 -8 -10 -3 -7 -6
right_child=1 2 3 -5 5 23 20 8 9 10 -12 12 15 14 -16 -17 17 -19 -20 -21 -22 -23 -24 -25 -26
leaf_value=0.017848407580900366 -0.016687360040842841 -0.040181456893290939 0.01807686439367048 -0.024262942115263631 0.00022985356801507434 0.0029738621961794853 -0.0043023165309108635 0.0069204401259823495 0.00097690717727212336 0.0083648410307969653 0.0061818313689170077 0.0088243527168159405 -0.0048317002603171146 -0.0066641405149655527 0.00042682826517106157 0.0049188475743253317 0.015076052207970229 -0.028276307486024367 -0.01273340729269677 0.0036155638429164632 0.00018866642483187707 -0.02774715718439396 0.036149393287956536 0.020700024115124595 -0.017029978993582398
leaf_weight=113.62346577644348 291.95423173904419 66.261834114789963 198.98204004764557 107.59516173601151 70.855342358350754 132.76496550440788 203.67793944478035 141.79266598820686 186.47247034311295 203.93173113465309 97.055542677640915 159.20019561052322 420.65656486153603 885.92116296291351 6153.9193333685398 2370.9523459076881 89.538257986307144 333.03039625287056 143.03692302107811 505.5392282307148 438.83716732263565 79.008734911680222 51.251031786203384 324.09831178188324 86.047055006027222
leaf_count=23 83 100 170 53 78 132 164 273 274 278 29 56 345 1814 12611 6702 98 363 108 670 618 29 122 184 159
internal_value=0.000319822 0.000129282 0.004083 0.000333468 0.0109284 0.0145868 0.00263018 -0.000582513 -0.00570341 0.00375573 0.0125871 1.18815e-05 0.00298695 -0.00112804 -0.000493236 0.00133359 -0.0138626 -0.0199033 -0.00330406 0.00824583 -0.00287603 -0.0046961 -0.00452561 0.0198163 0
internal_weight=13856 13742.4 2185.91 1454.63 731.279 613.766 1347.04 11556.5 1273.87 566.468 300.987 10282.6 2950.81 7331.79 7039.84 2791.61 707.398 422.569 284.83 704.521 642.515 265.481 117.513 456.863 156.902
internal_count=25536 25513 2450 1675 775 553 1622 23063 1452 610 307 21611 7103 14508 14425 7047 842 461 381 840 782 303 222 316 237
is_linear=0
shrinkage=0.0971646


Tree=107
num_leaves=31
num_cat=0
split_feature=47 6 1 45 18 1 27 7 35 15 1 49 50 1 10 45 1 44 25 25 3 42 41 48 44 42 34 16 45 34
split_gain=4.00675 3.5419 3.52638 6.46264 4.61235 4.95608 4.42659 4.75813 7.36221 7.46048 7.0197 5.22812 5.54345 3.55272 3.50033 2.98386 2.94035 2.84288 2.71041 2.67291 2.50044 2.10524 3.94053 2.64188 1.99099 5.36972 1.56481 1.20921 0.991072 0.255962
threshold=746.01666666666665 -0.57099904192546591 -0.88203985695844955 21.338743337094446 70.509793015522021 -0.99699193743116266 0.20899568324592269 7.5700000000000021 4.2611975994876827 17.655000000000005 0.20088869483109786 1014.1475445115481 0.88186423931054214 -0.25501072541086661 33.724990601659563 23.132225023602746 -0.42109697129093543 0.76950026970302099 17.585106729174449 23.408777467978144 0.95006263772028388 0.56801115498637011 22.75278989751293 1009.2161443111578 0.78890066979518392 0.68830161790693489 24.463958333333338 26.335000000000004 22.124645234772657 23.704791666666672
decision_type=2 2 2 2 2 2 2 2 2 2 2 2 2 2 2 2 2 2 2 2 2 2 2 2 2 2 2 2 2 2
left_child=2 -2 3 27 15 14 13 11 9 -9 -10 12 -8 16 -6 28 19 -17 -18 -4 -13 23 -23 -15 -3 -26 -7 29 -5 -1
right_child=1 24 6 4 5 26 7 8 10 -11 -12 20 -14 21 -16 17 18 -19 -20 -21 -22 22 -24 -25 25 -27 -28 -29 -30 -31
leaf_value=0.03412819456670696 0.0081977403447381306 0.0092178264370445344 -0.00091080346671300425 -0.070289482438237516 -0.001882170325963215 -0.034562818278656114 -0.0036342170421228897 -0.037371874930038788 0.01413529861547131 -0.0013478053505926713 -0.00042027893569328864 0.011156983782070522 0.0044803241070884917 0.037252420102794337 0.032666538836898247 -0.03092422203297809 0.067894887915048455 -0.0012890240634752385 -0.022655981033568535 0.021976628587766511 -0.032016570298903889 0.0038633353513018781 -0.0350865329866124 -0.00075194864712352339 -0.038923096868790877 0.033065205409760809 -0.0070309989386249886 -0.0040543886391058133 0.027395202403486332 0.016054259021568606
leaf_weight=124.91067063808441 267.5228875875473 192.68544080853462 570.83970814943314 37.634643077850342 136.10639098286629 179.40388453006744 1357.3561814129353 291.4613960981369 475.11395490169525 1952.4710457026958 2824.0881662070751 73.299401253461838 2410.2938489317894 446.74534019827843 93.950458526611328 234.12871071696281 44.676554948091507 135.26749655604362 181.9838320016861 289.78466412425041 159.29114273190498 412.72320088744164 43.173197537660599 116.87168377637863 76.206211715936661 84.02308863401413 498.4338806271553 38.638062208890915 59.328209847211838 47.59074455499649
leaf_count=456 155 105 1759 129 475 695 3444 169 606 2555 4340 198 4532 902 48 188 114 51 466 250 252 1041 36 301 84 102 1660 139 121 163
internal_value=0.000548322 0.0081754 0.000156783 -0.00409633 -0.00672615 -0.0021133 0.000773087 -7.34554e-05 -0.00195912 -0.00627289 0.000848666 0.00243242 0.00339561 0.00480467 0.0093944 -0.0147261 0.00050948 -0.0186807 -0.00876693 0.0034687 -0.0112029 0.00895308 0.00275064 0.0131758 0.000463032 -0.00608376 -0.00666998 0.010882 0 0.0144753
internal_weight=13856 620.438 13235.6 1585.39 1374.25 907.895 11650.2 9543.38 5543.13 2243.93 3299.2 4000.24 3767.65 2106.8 230.057 466.359 1087.28 369.396 226.66 860.624 232.591 1019.51 455.896 563.617 352.915 160.229 677.838 211.139 96.9629 172.501
internal_count=25536 446 25090 4125 3367 2878 20965 16096 7670 2724 4946 8426 7976 4869 523 489 2589 239 580 2009 450 2280 1077 1203 291 186 2355 758 250 619
is_linear=0
shrinkage=0.0971646


Tree=108
num_leaves=26
num_cat=0
split_feature=32 17 9 26 21 17 31 2 27 40 7 18 2 3 18 17 6 40 31 6 32 17 31 4 22
split_gain=4.01483 9.12102 6.19209 6.19065 6.98348 5.56367 5.88792 7.9639 3.94283 2.89273 2.83861 6.70139 3.8332 5.96771 6.82752 6.05526 3.0561 4.69143 2.76446 7.36245 2.71633 2.69736 2.67178 2.66652 2.39167
threshold=2.0143046771882829 34.025000000000013 1.3934768868162222 26.216029304024026 23.831016679463577 16.305000000000003 4.906682135024842 -0.10223319119162254 0.21889949321946872 9.8511176993544858 10.450000000000003 98.850000000000009 0.80898702767051955 0.74011711202934205 83.250000000000014 15.385000000000003 -0.019390332216831372 15.126447707854512 2.9461941840511483 1.0000000180025095e-35 3.1808704241514181 23.955000000000002 5.454746627394953 927.85000000000002 21.004439969461071
decision_type=2 2 2 2 2 2 2 2 2 2 2 2 2 2 2 2 2 2 2 2 2 2 2 2 2
left_child=1 10 -3 5 -5 -2 8 22 9 -7 12 16 18 15 -15 -14 17 -12 19 -1 -10 -20 -8 -18 -9
right_child=3 2 -4 4 -6 6 7 24 20 -11 11 -13 13 14 -16 -17 23 -19 21 -21 -22 -23 -24 -25 -26
leaf_value=0.053668352169397818 0.012278594184445601 -0.0033910370428211919 -0.044532598112436719 0.0058621700849988386 -5.3912197097226318e-05 0.045106593632293628 0.010550137520129182 0.0032040777659025632 -0.01130310091513905 0.00060747952610182721 -0.027907293521832289 0.01242125419592556 0.032503934544294483 -0.029923333393268144 -0.0023735398697824843 -0.0019490854664298374 -0.0012754748982517809 0.00110283301014361 0.0068116413849528268 -0.0069018936647032309 -0.00069350001963159387 -0.0020324118116059561 0.0043570762408319452 0.0040777471996126437 -0.010209779310259239
leaf_weight=204.87942609190941 192.54483085870743 184.65037900209427 127.2647602558136 468.34091573953629 295.77022233605385 75.869896203279495 569.92700198292732 620.20506727695465 1120.1156917512417 258.56111559271812 91.184914648532867 124.24572259187698 121.68979722261429 407.03093630075455 1397.0881994068623 349.49679914116859 441.47826513648033 214.00806787610054 1393.9078906774521 164.0430870950222 750.39186960458755 3130.4135367870331 266.79697677493095 665.31782701611519 254.35346928238869
leaf_count=356 162 169 58 132 98 62 710 1467 1853 677 74 86 80 429 1319 775 751 403 4883 381 1305 7448 519 886 498
internal_value=0.000500253 -0.00067641 -0.0169264 0.00276413 0.0108471 0.00115032 0.000240582 0.00461196 -0.00296048 0.00617799 -3.9489e-05 0.00369372 -0.00090024 -0.0042156 -0.00685965 0.00498755 0.00144307 -0.006616 0.000555847 0.0086162 -0.00482942 -1.24284e-05 0.0114356 0.00406173 -0.00144695
internal_weight=13889.6 9016.7 311.915 4872.88 764.111 4108.77 3916.22 1711.28 2204.94 334.431 8704.78 1536.23 7168.55 2275.31 1804.12 471.187 1411.99 305.193 4893.24 368.923 1870.51 4524.32 836.724 1106.8 874.559
internal_count=25581 18098 227 7483 230 7253 7091 3194 3897 739 17871 2200 15671 2603 1748 855 2114 477 13068 737 3158 12331 1229 1637 1965
is_linear=0
shrinkage=0.0971646


Tree=109
num_leaves=19
num_cat=0
split_feature=36 26 30 24 39 1 31 34 1 6 23 6 39 22 6 26 15 9
split_gain=2.98623 9.91926 6.90964 4.1287 4.08825 9.39697 5.12787 4.6627 4.46721 3.65937 7.54021 5.38177 3.58287 2.34096 2.36153 1.89697 1.00388 0.965285
threshold=11.62941671348605 25.88142082658629 32.19545695253143 11.531433387294726 74.143750000000011 -0.012910176522261644 2.3914989063508529 29.482708333333338 0.51236666743397874 -0.70936627327345181 24.885259028358014 -0.52378709653180533 72.497916666666683 23.055579340715848 -1.0050840664240488 14.995611235216806 25.415000000000003 -0.5747869436116132
decision_type=2 2 2 2 2 2 2 2 2 2 2 2 2 2 2 2 2 2
left_child=3 2 13 -1 5 12 17 8 -8 10 -7 -11 -5 14 -2 -16 -15 -6
right_child=1 -3 -4 4 6 9 7 -9 -10 11 -12 -13 -14 16 15 -17 -18 -19
leaf_value=0.0083827508071209426 0.010188114462523755 0.0032351695667023456 -0.013414028106806175 -0.0027081127662586793 0.034775644437123714 -0.0006472406334932328 -0.00035120889837978754 0.011508245040798464 0.021643670670335624 0.01030564249349847 -0.014776766252114564 -0.0010502158103471611 -0.033278530311883464 -0.016825228556791697 0.016451733317578154 0.0014128347592511021 -0.00045931998224078407 0.055606918047506858
leaf_weight=171.60170510411263 41.120095729827881 443.6306160390377 142.92164543271065 124.81770589947701 53.655329883098602 380.96819269657135 6130.0833137631416 65.633670061826706 457.34736865758896 492.46542406082153 174.29328790307045 3334.7972154021263 167.61049622297287 51.522101938724518 113.05164611339569 1448.0013098716736 41.16351392865181 54.892027944326401
leaf_count=82 10 122 75 99 138 568 13366 52 988 644 93 5340 145 62 179 3428 144 46
internal_value=0.000279351 0.00350697 0.000114872 -0.000318979 -0.000581134 -0.00281217 0.000898874 0.000486528 0.000158684 -0.00157419 -0.00896308 -0.00038461 -0.0197163 0.00208729 0.00317651 0.00224408 -0.0117902 0.0216534
internal_weight=13889.6 2281.41 1837.78 11608.2 11436.6 4674.95 6761.61 6653.06 6587.43 4382.52 555.261 3827.26 292.428 1694.86 1602.17 1561.05 92.6856 108.547
internal_count=25581 4020 3898 21561 21479 6889 14590 14406 14354 6645 661 5984 244 3823 3617 3607 206 184
is_linear=0
shrinkage=0.0971646


Tree=110
num_leaves=22
num_cat=0
split_feature=2 28 33 45 44 35 31 19 18 17 48 26 40 48 13 4 24 24 34 25 31
split_gain=3.15509 8.08429 6.21176 5.16005 4.90031 4.09251 3.89982 3.63519 3.68802 3.41318 3.30808 3.30525 3.12938 2.89459 2.81501 3.16305 2.96203 2.54968 2.26083 1.82873 1.38614
threshold=-0.47347488754860562 4.9740879631105743 4.2121942373972896 22.339380063377792 1.3136547793557922 2.8258628092161659 2.6835407882581563 24.688853940613061 20.104734711767914 35.855000000000011 1005.4054949322053 26.028245446356525 11.050463953360461 1008.4020514818616 37.592523138694006 1004.8082354374412 11.531433387294726 18.645492080571199 25.556875000000005 24.752535547988618 5.160397432248387
decision_type=2 2 2 2 2 2 2 2 2 2 2 2 2 2 2 2 2 2 2 2 2
left_child=1 2 6 4 20 -3 -1 8 17 10 -8 -9 13 19 16 -16 -14 -2 -15 -10 -4
right_child=7 5 3 -5 -6 -7 9 11 12 -11 -12 -13 14 18 15 -17 -18 -19 -20 -21 -22
leaf_value=0.082723314771857639 -0.0064436333435082616 0.022574685774532782 -0.014668091473265425 0.043654743544478354 0.01662165461204463 0.0019282802596294485 -0.0035340031504408659 -0.0082156469726622997 -0.022326150270417438 -0.010336118725640976 0.0020893907097326338 -0.040447766410167653 0.0075741462174496827 0.033177020048795282 0.005397598919211764 -0.00032573129246126652 -0.00011032288062193146 -0.0077972734304516305 -0.012890786533837056 0.030979952697484169 0.0080292377331666106
leaf_weight=86.084284424781799 84.234096080064774 149.09268456697464 73.673326224088669 110.07048493623734 123.44678103923798 209.28977876901627 1923.8140647411346 91.673858076334 524.40175575017929 100.33477196097374 1769.4743874669075 89.735781788825989 208.51690277457237 156.41729372739792 249.53712633252144 432.48828676342964 7069.6241978704929 69.847849458456039 262.03907537460327 33.943259298801422 71.836619228124619
leaf_count=143 158 90 79 26 137 173 5262 144 1417 49 2644 57 181 478 86 150 13379 38 692 92 106
internal_value=0.000445536 0.00253695 0.00124331 0.0130673 0.00382007 0.0165907 0 -0.000550336 -0.000228498 -0.000392473 0 -0.0140983 0 -0.00514999 0.0006684 0.00663057 4.85791e-05 -0.0149892 0 -0.00974555 -0.00613071
internal_weight=13889.6 4617.12 4258.73 379.027 268.957 358.382 3879.71 9272.46 9091.05 3793.62 3693.29 181.41 8936.97 976.801 7960.17 682.025 7278.14 154.082 418.456 558.345 145.51
internal_count=25581 8709 8446 348 322 263 8098 16872 16671 7955 7906 201 16475 2679 13796 236 13560 196 1170 1509 185
is_linear=0
shrinkage=0.0971646


Tree=111
num_leaves=44
num_cat=0
split_feature=32 31 2 14 50 12 33 12 12 6 13 6 8 40 39 18 6 49 20 1 39 17 26 44 7 42 47 48 28 40 45 12 44 47 6 17 11 13 36 23 38 6 48
split_gain=3.50674 5.10665 4.56192 4.30535 6.03032 5.34406 3.6344 3.48862 3.17063 6.66941 7.42305 5.68199 5.03242 8.1128 4.61748 4.01513 5.79736 3.30547 3.2175 7.73813 6.74079 3.14529 2.95166 5.31008 5.81749 4.53137 4.08462 5.42935 2.63644 2.15434 3.67197 2.01989 2.01244 1.92413 1.65445 1.52358 1.46482 1.30346 1.00536 0.95093 0.94326 0.840311 0.0143903
threshold=2.7277185085482469 5.0046134797683495 0.13252687149502121 33.186514886838438 1.7920543577085102 26.03449373016889 2.8915278542304512 25.299691550786751 24.466394465127188 -0.86320597962977363 39.897073167965765 -0.70936627327345181 7.8800000000000017 15.126447707854512 76.24375000000002 44.402074773623433 -0.5 1008.9012369055591 22.997188019657546 -0.67918218434260924 82.197916666666686 30.793442280553617 16.268856295732832 1.1637359902669226 6.5900000000000025 0.30797261501599654 2.8999999999999813 930.6500000000002 2.3203970065418358 15.031676391814875 20.664079280130657 22.685677807501005 0.6384093172155737 439.53666666666686 -0.50008149503200283 20.545000000000005 24.23206575688441 23.034065076748806 12.94481234054768 22.753312820784029 18.45762345554445 0.87759292857217497 1010.4116271071318
decision_type=2 2 2 2 2 2 2 2 2 2 2 2 2 2 2 2 2 2 2 2 2 2 2 2 2 2 2 2 2 2 2 2 2 2 2 2 2 2 2 2 2 2 2
left_child=8 3 6 21 5 40 32 38 18 10 12 -11 14 -14 -10 17 -17 -13 22 20 -20 35 23 25 -25 -1 27 -24 -22 31 39 42 -3 -23 -21 41 -37 -28 -8 -31 -5 -2 -4
right_child=1 2 29 4 -6 -7 7 -9 9 11 -12 15 13 -15 -16 16 -18 -19 19 34 28 33 26 24 -26 -27 37 -29 -30 30 -32 -33 -34 -35 -36 36 -38 -39 -40 -41 -42 -43 -44
leaf_value=-0.0010503115908874951 0.015346834566481006 -0.004796393751988033 0.0023513576649845753 0.0070005536802784018 0.0057707919433210289 -0.016511147489131014 0.0044976518170399167 0.012113718513544806 0.0037993438087090877 0.0083447317856300655 0.013730081677207082 -0.0037396622204866367 -0.027677158760019582 0.0043079465732042176 -0.014420576976090387 0.014715280799919237 -0.00082905403258668332 -0.036122218676953366 -0.010351958585623922 0.051495899514917634 -0.0067435616502244441 0.01698792705081404 0.00077350104778063124 0.0026715118544443483 -0.0073235804939299175 0.018831053427771843 0.015187909663979995 -0.065491327713097305 0.019869866627335152 0.007175897823118599 0.032962391796572864 -0.037621122325293944 0.004231136775685684 -0.001095392893515214 0.043511329748704898 0.0069008101384934496 -0.022540272576740943 -0.0028229481283450577 -0.002403920227961862 -0.089491837757244425 -0.0063856267123092334 -0.0051443299286474745 -0.003861350513172128
leaf_weight=154.65258860588074 115.24730354547501 87.599716991186142 35.009104251861572 98.576196402311325 157.37503093481064 266.98368760943413 93.926652371883392 316.48797005414963 72.270693480968475 65.825334548950195 140.44845530390739 195.85370317101479 320.53944128751755 94.862843185663223 368.80242937803268 775.83685848116875 5269.2209053039551 115.15625259280205 99.668355584144592 104.74110671877861 115.38719171285629 176.25565788149834 142.79912909865379 153.49983894824982 244.90021800994873 292.8893316090107 486.6619119644165 144.72645217180252 255.50006991624832 180.82764461636543 54.825192123651505 68.196942329406738 94.627835839986801 69.016026139259338 136.94034484028816 248.93471583724022 218.64455127716064 1543.3337261080742 89.161158978939056 36.514076590538025 93.307090848684311 59.226836800575256 34.31609320640564
leaf_count=115 205 77 85 74 75 148 50 176 64 13 39 310 471 178 487 765 11057 68 95 61 261 202 366 97 130 305 1581 95 268 484 42 50 105 153 172 717 608 4770 171 87 110 98 96
internal_value=0.000338249 0.00357296 0.0086228 0 -0.00632335 -0.0123337 0.0134806 0.0177733 -0.000367945 -0.00157569 -0.0089767 -0.000356692 -0.0126004 -0.0205458 -0.00406819 -0.000722527 -9.46115e-05 -0.0114506 0.00183331 0.00775402 0 0.00422413 0.000359437 0.00536397 -0.00189159 0.0127396 -0.00128799 -0.0120817 0.00650628 0 0.0054817 -0.00926801 0 0.0135496 0.0217789 0 -0.00225635 4.64904e-05 0.00397734 0 0 0.00821879 0
internal_weight=13889.6 2595.06 1091.49 1503.57 616.242 458.867 681.803 499.576 11294.5 7418.82 996.924 6421.89 856.475 415.402 441.073 6356.07 6045.06 311.01 3875.7 712.237 470.556 887.325 3163.46 845.942 398.4 447.542 2317.52 287.526 370.887 409.689 272.167 137.522 182.228 245.272 241.681 642.053 467.579 2030 183.088 217.342 191.883 174.474 69.3252
internal_count=25581 3813 1423 2390 407 332 579 397 21768 13452 1239 12213 1200 649 551 12200 11822 378 8316 857 624 1983 7459 647 227 420 6812 461 529 844 613 231 182 355 233 1628 1325 6351 221 571 184 303 181
is_linear=0
shrinkage=0.0971646


Tree=112
num_leaves=25
num_cat=0
split_feature=28 14 48 40 24 8 48 6 6 2 5 5 26 31 24 13 32 27 13 31 31 17 25 17
split_gain=2.26731 7.74211 3.79903 4.7481 3.61099 4.26488 3.26014 6.21918 13.2443 7.95675 6.40468 5.93151 5.64463 5.44867 6.8625 4.21071 3.87978 3.65024 2.73429 2.52312 2.04875 1.9834 0.807045 0.000469835
threshold=0.37309455362558186 13.385000000000003 930.6500000000002 15.126447707854512 11.531433387294726 12.495000000000003 1005.4054949322053 -0.86320597962977363 -0.50008149503200283 -0.766658819300159 0.16561066398424115 -0.1199074839276916 25.526194613454845 4.8505577957032342 25.085399984970675 37.054356575786763 2.0143046771882829 0.27074228770292236 35.857839953778331 2.0978323612231713 4.3836798958484522 20.545000000000005 18.502598288007366 22.055000000000003
decision_type=2 2 2 2 2 2 2 2 2 2 2 2 2 2 2 2 2 2 2 2 2 2 2 2
left_child=1 -1 19 -4 5 -2 12 10 16 -10 11 -8 15 14 -14 18 -9 -15 -6 -3 -12 22 -21 -23
right_child=4 2 3 -5 6 -7 7 8 9 -11 20 -13 13 17 -16 -17 -18 -19 -20 21 -22 23 -24 -25
leaf_value=-0.054606409307817516 0.0071718913644776248 -0.0060888523880599302 -0.062171153455971656 0.0049453292234665526 -1.7077895671525594e-05 -0.0012769394929205539 -0.0015024506930086778 0.023928973791874471 0.018948068254616812 -0.00072500001814238696 -0.013136660716698461 0.0052088301508067588 -0.036330011446102782 -0.0019232738403186624 0.0021059842450422677 0.006037896371205444 0.017689626742714199 -0.036537112559194201 -0.0068061403245508762 0.027963682550889372 -0.029369122447588967 0.0037694997313206854 0.017808952001317904 -0.016807162024333536
leaf_weight=70.757042050361633 96.803161859512329 96.442385643720627 114.92551466822624 105.7685874402523 5401.760559886694 98.122857451438904 1188.7046827971935 450.76459744572639 501.28223162889481 2889.8655368387699 126.25830584764481 531.88117283582687 120.48541417717934 151.784747838974 321.43883538246155 313.86175793409348 368.47903823852539 151.69798761606216 238.86160174012184 111.38691866397858 253.88711875677109 31.684814989566803 108.96126717329025 43.710527747869492
leaf_count=18 57 106 156 102 12842 130 977 624 1113 6192 342 490 116 107 225 135 271 97 170 152 687 114 201 157
internal_value=0.000512358 -0.00484329 -0.000546328 -0.0112442 0.000822951 0.0139471 0.000590367 0.00219399 0.00437986 0.00155531 -0.00198419 0.000304833 -0.000856842 -0.008817 -0.00086406 7.19537e-05 0.0155043 -0.0188836 -0.00046771 0.00443351 -0.0133796 0.00952648 0.0143257 0
internal_weight=13889.6 683.637 612.88 220.694 13205.9 194.926 13011 6311.12 4210.39 3391.15 2100.73 1720.59 6699.89 745.407 441.924 5954.48 819.244 303.483 5640.62 392.186 380.145 295.744 220.348 75.3953
internal_count=25581 1006 988 258 24575 187 24388 10696 8200 7305 2496 1467 13692 545 341 13147 895 204 13012 730 1029 624 353 271
is_linear=0
shrinkage=0.0971646


Tree=113
num_leaves=45
num_cat=0
split_feature=0 49 41 40 23 2 18 46 7 49 18 3 17 14 27 42 22 0 12 29 16 15 35 28 17 13 14 5 13 42 14 48 34 29 31 22 8 28 17 43 25 30 39 8
split_gain=2.6993 5.19154 7.50962 8.14615 7.4083 6.44594 5.80548 5.21702 4.91681 4.38859 6.28376 9.39065 5.76224 5.42594 5.06502 6.71873 4.49318 4.28588 7.33129 4.13872 7.30384 4.91465 3.99041 3.57093 3.23117 3.60218 3.16894 3.11457 2.64847 4.85757 2.62313 2.57659 3.93385 2.21023 1.91168 1.8693 1.18551 0.633405 1.04189 0.512914 0.101021 0.147449 0.09421 0.0410598
threshold=0.31796442756086651 1006.5033595732835 24.220701324907115 13.649757124734139 26.224224139283443 -0.23262321033953018 74.907448778798752 0.5544924503955746 6.7299999999999986 926.85000000000002 83.250000000000014 0.87500000000000011 13.385000000000003 15.915000000000001 2.2547091333824834 0.48620607016316325 19.923952309684829 -0.20617622486861459 29.168824086496773 2.0624578542118526 21.065000000000001 17.015000000000004 3.3678112243745191 0.52631784498069611 22.855000000000004 13.400262109397845 24.045000000000005 0.98296291314453421 32.139576170809008 0.57691567836296231 14.895000000000001 933.35000000000002 17.790416666666669 3.231672478595041 3.9332811032319794 22.615126244201559 7.9950000000000019 1.2522788674416756 21.835000000000004 22.934231287850107 22.746020610136707 24.571316585182817 84.752083333333346 7.8800000000000017
decision_type=2 2 2 2 2 2 2 2 2 2 2 2 2 2 2 2 2 2 2 2 2 2 2 2 2 2 2 2 2 2 2 2 2 2 2 2 2 2 2 2 2 2 2 2
left_child=1 24 3 4 8 6 7 -4 -3 16 11 13 -12 -11 15 -13 27 18 -5 21 -21 -14 -19 -16 25 -1 -26 30 33 -30 -2 32 -27 -28 -32 -15 -8 38 43 -40 42 -42 -39 -18
right_child=9 2 5 17 -6 -7 36 -9 -10 10 12 14 19 35 23 -17 37 22 -20 20 -22 -23 -24 -25 26 31 28 -29 29 -31 34 -33 -34 -35 -36 -37 -38 40 39 -41 41 -43 -44 -45
leaf_value=-0.041393307284118594 0.0103406704742972 0.016741289625101637 -0.041399397925075881 -0.00013567535829648417 0.0088438670948513733 0.0032340100257066046 -0.0020783035277131632 -0.0017594834760655586 0.00015275371738829855 0.055160048156909308 0.0034110782753275456 -0.0074765918988778466 -0.0065059161704083841 0.0034056937337893721 0.012908903547017729 -0.029320261420527113 -0.0064175994181675418 0.0084219410746652415 -0.01724562606769027 0.011808204826399963 -0.00030449784090264036 -0.0015370339356165677 0.0046811670638344776 -0.0031858975093437916 -0.033482862702617987 0.017490096784346747 -0.0081227723216478042 -0.012661656542795854 -0.016383938120836626 0.00028868969343874286 -0.00064069870678174813 -0.030452468039295969 0.0047132539859642188 0.010493415784629506 0.023123283420904892 -0.028815428232018565 0.03072565424442333 -0.037423967116285137 -0.020511013551510939 0.0091978310122919765 -0.012782846459830188 0.018826295254489284 0.013811835696250708 0.013122027046393418
leaf_weight=46.792761713266373 107.4569975733757 782.98828211426735 227.94862535595894 1092.6829902529716 548.29502087831497 159.39036950469017 89.980126589536667 228.15304011106491 964.59665822982788 65.073536425828934 319.23803287744522 353.87599658966064 242.00002664327621 290.70164665579796 87.082847088575363 412.78248763084412 48.887366473674774 73.875397503376007 110.69968476891518 59.74471727013588 1414.6665918529034 355.6929819881916 426.27304098010063 137.01713436841965 214.52282607555389 201.12888494133949 527.9722583591938 87.18716087937355 470.96213591098785 690.92807829380035 157.12621185183525 107.34495535492897 1063.6511801183224 842.30595216155052 277.45147156715393 95.496768921613693 56.987889617681503 31.790787786245346 164.89334592223167 26.327788650989532 33.600704073905945 85.858146190643311 55.451797842979431 52.691960692405701
leaf_count=35 49 1165 118 2053 160 148 163 80 1148 84 117 658 101 831 96 413 190 65 170 43 2967 646 722 212 836 222 1797 101 782 768 349 58 2647 2858 723 229 62 114 651 105 124 314 199 208
internal_value=0.000700887 0.00172906 0.00393364 0.00566676 0.00944936 -0.00458636 -0.00957332 -0.0152289 0.00598111 -0.00106292 -0.00269878 -0.00776749 0.000185429 0.00309053 -0.0131369 -0.0168807 0.00410815 0.000311148 -0.00256724 -0.00150995 0.00100299 -0.00839339 0.00805885 0 -0.000689717 0.00292988 -0.00271592 0.00968743 -0.00155626 -0.00503425 0.0126617 0.00411663 0.00556177 0.00108662 0.00776096 -0.000291946 0.00508623 -0.0020867 -0.00524585 -0.00962063 0.000364391 0.00283115 0 0
internal_weight=13889.6 8927.48 4761.87 3999.41 2295.88 762.46 603.07 456.102 1747.58 4962.1 3833.37 1442.03 2391.34 451.272 990.758 766.658 1128.72 1703.53 1203.38 2072.1 1474.41 597.693 500.148 224.1 4165.61 1418.92 2746.69 629.222 2532.17 1161.89 542.035 1372.13 1264.78 1370.28 434.578 386.198 146.968 499.502 292.8 191.221 206.701 119.459 87.2426 101.579
internal_count=25581 16057 6054 5483 2473 571 423 198 2313 9524 6397 2523 3874 1144 1379 1071 3127 3010 2223 3757 3010 747 787 308 10003 2962 7041 1222 6205 1550 1121 2927 2869 4655 1072 1060 225 1905 1154 756 751 438 313 398
is_linear=0
shrinkage=0.0971646


Tree=114
num_leaves=20
num_cat=0
split_feature=0 46 36 19 19 13 8 4 44 5 46 42 50 11 49 16 13 8 4
split_gain=5.0497 7.74933 6.69446 3.19811 4.21759 4.35934 3.77353 3.01343 3.45347 3.2872 2.85816 5.86509 4.17845 2.38572 2.1916 2.26684 1.95173 1.47017 1.67838
threshold=0.97819815850068503 1.3609656329098196 2.2583548340256914 25.118767796966406 24.688853940613061 35.857839953778331 8.5650000000000031 1014.4500000000002 1.4633420668004289 0.9121239210760721 0.25604479268498415 0.19879477345007054 1.0000000180025095e-35 24.349511381406746 1013.7276119342865 18.255000000000006 33.471554770819942 8.3800000000000026 928.45000000000016
decision_type=2 2 2 2 2 2 2 2 2 2 2 2 2 2 2 2 2 2 2
left_child=3 14 -3 4 7 13 -5 10 9 -9 11 -1 -12 -6 15 -2 -15 -17 -19
right_child=1 2 -4 6 5 -7 -8 8 -10 -11 12 -13 -14 16 -16 17 -18 18 -20
leaf_value=-0.024626239043519918 -0.0092398253435248077 0.017555026869362715 6.2845111779251557e-05 -0.0026882556547440178 0.016769173463017761 -0.014473640280421784 0.0050823352760995784 -0.0082231746482648235 0.0057325784739234607 -0.03771885338023765 0.010505751624494283 -0.00036161440557152603 0.00064896971114643612 0.0069994612380095923 -0.039707694877411416 -0.00058967352004734338 -0.068610499048720117 -0.0017180716486033282 0.032492098780512568
leaf_weight=109.32010444998741 73.893815994262695 166.26953712105751 143.1673292517662 115.55369201302528 52.636153310537338 172.02743679285049 123.51200085878372 720.03866782784462 131.38911089301109 166.71615743637085 45.093642234802246 172.7174386382103 11347.359641939402 81.477902442216873 89.4073506295681 103.69028469920158 41.423050373792648 48.15600523352623 126.25413310527802
leaf_count=118 18 119 123 122 35 100 63 1728 156 153 9 92 21674 217 81 363 66 97 259
internal_value=0.000503694 0.00824294 0.0199524 3.2207e-05 -0.000140913 -0.0106692 0.0111228 0.000116226 -0.00490173 -0.00734798 0.000591539 -0.0088894 0.000865983 0 0 0.00342475 -0.00725814 0.00829967 0.0136887
internal_weight=14030.1 750.838 309.437 13279.3 13040.2 347.565 239.066 12692.6 1018.14 886.755 11674.5 282.038 11392.5 175.537 441.402 351.994 122.901 278.1 174.41
internal_count=25593 1060 242 24533 24348 418 185 23930 2037 1881 21893 210 21683 318 818 737 283 719 356
is_linear=0
shrinkage=0.0971646


Tree=115
num_leaves=29
num_cat=0
split_feature=4 8 23 28 3 3 19 46 33 30 28 46 17 30 46 27 14 46 9 46 8 21 25 29 34 9 35 26
split_gain=3.90235 6.15564 5.1459 8.59636 7.41752 5.7679 7.66355 5.5295 7.98108 3.78928 3.73493 4.63985 11.216 10.075 4.72351 4.46816 4.17051 4.09986 4.54028 3.95439 4.09157 3.79206 2.27693 2.08357 1.61088 1.25238 0.450428 0.428203
threshold=1017.1500000000002 14.545000000000003 14.377937509602265 2.1933171933296509 1.2004268983444495 1.293388673726392 11.252774385037222 1.1805561385715642 3.4234315143321488 20.987732571565022 2.7082165547991575 0.52486180846622166 34.025000000000013 33.561224437553008 0.59595720984537015 0.39025920139166953 32.175000000000004 1.4849928129225871 1.8643443039406569 0.32765725037731064 5.5199999999999987 24.068434437715258 17.871258757472514 2.3052728144374419 21.415416666666673 -0.22617366707335404 5.1146067021026509 18.655196203222577
decision_type=2 2 2 2 2 2 2 2 2 2 2 2 2 2 2 2 2 2 2 2 2 2 2 2 2 2 2 2
left_child=2 9 3 4 7 -6 -7 -1 -9 25 17 12 13 -12 15 -13 -16 19 22 21 -21 -4 -19 -20 -11 -2 -3 -26
right_child=1 26 10 -5 5 6 -8 8 -10 24 11 14 -14 -15 16 -17 -18 18 23 20 -22 -23 -24 -25 27 -27 -28 -29
leaf_value=-0.0021638779537042265 0.023057301339984699 0.014771242849288099 -0.013916843570283735 -0.012076932458721499 -0.014424106567656815 -0.0010084171511369412 0.008509860148697191 0.027862819837725383 0.0039777334221096318 -0.070884443922381093 0.0047861131136867152 0.0011280247910083895 0.014657550092701851 -0.0078615566946026449 0.0045885121141173418 -0.019042219696504485 -0.0013993586937522326 -0.017567062603015583 -0.0073013175021957545 -0.018528082456722758 0.0016726995308039055 0.017270349191385016 -0.00016749239040370073 -0.10284439199390322 -0.072456913186668637 -0.014494612934320826 0.00098531420885590148 -0.0066818062435209206
leaf_weight=144.13749152421951 70.232299387454987 69.972411006689072 222.00987157225609 157.90493905544281 231.03294837474823 619.97208049893379 356.65444946289062 341.51741153001785 129.50837928056717 84.8070929646492 761.45249643921852 169.06819826364517 192.38877907395363 108.35544416308403 2019.9831425845623 159.84138876199722 1131.6048582792282 456.41594231128693 56.587598592042923 377.65726959705353 5119.3850363492966 56.00534999370575 640.44839036464691 90.534006386995316 62.078122228384018 81.490643888711929 72.295309633016586 46.762103676795959
leaf_count=102 124 89 368 70 99 284 250 251 86 38 806 203 48 62 5036 223 710 1119 147 1196 12141 104 1516 107 79 71 113 151
internal_value=0.000428952 -0.00800953 0.000766018 0.00533827 0.00738835 0.00252474 0.00607481 0.0161874 0.0212564 -0.0153981 0 0.0021514 0.00778274 0.00250525 0.000305062 -0.0105598 0.0015832 -0.00142312 -0.00649187 -0.000254614 0.000244203 -0.0115333 -0.00383661 -0.0229729 -0.024526 -0.000740106 0.00693709 -0.0100076
internal_weight=14030.1 487.638 13542.5 1980.73 1822.82 1207.66 976.627 615.163 471.026 345.37 11561.7 4542.69 1062.2 869.808 3480.5 328.91 3151.59 7019.04 1243.99 5775.06 5497.04 278.015 1096.86 147.122 193.647 151.723 142.268 108.84
internal_count=25593 665 24928 1142 1072 633 534 439 337 463 23786 7088 916 868 6172 426 5746 16698 2889 13809 13337 472 2635 254 268 195 202 230
is_linear=0
shrinkage=0.0971646


Tree=116
num_leaves=24
num_cat=0
split_feature=48 23 31 18 31 11 3 34 48 39 3 46 1 39 42 27 34 13 35 13 41 45 31
split_gain=4.82549 4.65547 7.64532 11.1953 10.3452 5.6547 5.59724 4.99167 4.37124 4.07976 3.76162 3.02836 8.31471 5.52548 5.08838 5.53723 4.82847 4.90787 5.28498 4.17382 2.33759 4.20818 1.16585
threshold=1016.85 14.377937509602265 3.6132615806758612 83.750000000000014 4.0433324104554496 22.68319961496271 1.1705000126030336 19.696250000000003 931.05000000000007 79.614583333333357 1.2523590948986023 0.78618504876847561 0.49002412863433359 61.856250000000003 0.088964642051880524 1.1053305588391706 31.185416666666672 38.863542949614846 1.7362254734492617 39.897073167965765 14.530211644213907 16.828440313237184 5.8502891360659524
decision_type=2 2 2 2 2 2 2 2 2 2 2 2 2 2 2 2 2 2 2 2 2 2 2
left_child=1 2 3 6 -4 -5 8 -8 -1 10 -2 12 13 -3 -14 -16 17 18 -13 -15 -11 -22 -23
right_child=9 11 4 5 -6 -7 7 -9 -10 20 -12 16 14 19 15 -17 -18 -19 -20 -21 21 22 -24
leaf_value=0.044270880078114881 0.000889576530853515 -0.031818953528012887 -0.035829745434372194 0.023402562232596794 0.0021909892600511204 0.0024188407575603025 -0.0097823014334594213 0.00093516220199465518 -0.0006875440332508269 -0.0067319698833859017 -0.038414810604274936 -0.04492756367404601 -0.014666261754823268 -0.00039571110185072309 0.013943150455494579 -0.0019069440221130632 0.0085311146492928151 -0.0062688620699459874 -0.00047298573845952268 0.0013751702476700982 0.018661506051982683 -0.037645009226226378 0.0098494698545070133
leaf_weight=119.20261466503143 59.35323965549469 71.172879695892334 201.96563851833344 346.83913627266884 225.500298589468 282.28232505917549 242.71930560469627 457.31327456235886 101.99684172868729 74.967087000608444 137.99248769879341 83.396165072917938 69.551292538642883 3574.4060144722462 921.65350824594498 298.0695393383503 152.93924760818481 316.8425774872303 5734.0868919491768 305.68067660927773 77.129330009222031 104.35591784119606 70.687165021896362
leaf_count=148 152 80 87 166 118 91 105 331 98 45 152 156 56 7170 994 723 140 123 14144 93 89 165 167
internal_value=0.000472652 0.000857332 0.00521261 0.00849567 -0.0056794 0.0185098 0.00115728 -0.00260164 0.0148321 -0.00857242 -0.0196298 7.19265e-05 0.00183102 -0.000277492 0.00860887 0.0102854 -0.00132664 -0.00181735 -0.00109247 0.000115327 -0.000491604 0.00263178 -0.00375799
internal_weight=14030.1 13505.6 1977.82 1550.35 427.466 629.121 921.232 700.033 221.199 524.485 197.346 11527.8 5240.53 3951.26 1289.27 1219.72 6287.26 6134.33 5817.48 3880.09 327.139 252.172 175.043
internal_count=25593 24823 1144 939 205 257 682 436 246 770 304 23679 9116 7343 1773 1717 14563 14423 14300 7263 466 421 332
is_linear=0
shrinkage=0.0971646


Tree=117
num_leaves=14
num_cat=0
split_feature=34 36 31 50 14 4 18 23 24 6 35 1 20
split_gain=4.16809 4.20969 3.33756 6.52552 5.08164 2.86908 2.81363 5.99078 5.62813 4.30166 3.71514 2.49152 1.74471
threshold=31.185416666666672 6.9561603385085764 1.7630394162649512 2.0050000000000003 14.895000000000001 1019.2500000000001 83.250000000000014 11.531433387294726 14.377937509602265 -0.50008149503200283 2.5538943515136769 0.5772862706790628 10.204183776197732
decision_type=2 2 2 2 2 2 2 2 2 2 2 2 2
left_child=2 -2 3 4 -1 6 7 -4 -8 -10 -9 12 -6
right_child=1 -3 5 -5 11 -7 8 10 9 -11 -12 -13 -14
leaf_value=0.0087360394182048294 -0.00046146577555047143 0.011306579335856874 -0.013775233038744204 -0.003508709932580309 -0.035077534062530891 -0.0082825104000810758 0.0027431203224959227 0.0025612547225273832 0.060585058315417523 0.00029971692067787942 -0.0010377003918174913 0.037317502539364861 0.0068836924651808169
leaf_weight=189.93286031484604 118.24672561883926 163.19456708431244 243.97563490271568 109.02408021688461 62.286382436752319 139.58528923988342 405.03681823611259 1525.0397055149078 184.65953528881073 4057.0444945693016 6636.6349232196808 68.402444154024124 127.03999444842339
leaf_count=76 118 88 74 64 119 168 125 2350 503 10182 11368 150 208
internal_value=0.000471452 0.0121406 0.000198948 0.00755758 0.0132066 -8.08852e-05 3.62872e-05 -0.000990735 0.00198532 0.00082826 -0.000485373 0.0023444 -0.00148446
internal_weight=14030.1 281.441 13748.7 556.686 447.662 13192 13052.4 8405.65 4646.74 4241.7 8161.67 257.729 189.326
internal_count=25593 206 25387 617 553 24770 24602 13792 10810 10685 13718 477 327
is_linear=0
shrinkage=0.0971646


Tree=118
num_leaves=19
num_cat=0
split_feature=34 45 32 23 37 33 34 4 24 46 49 15 39 14 9 9 2 17
split_gain=3.9922 3.6919 5.98948 4.07 6.20756 7.49378 11.0004 6.78992 6.48734 5.60598 3.44956 3.25478 2.86311 6.92642 5.38959 5.9443 4.10816 2.762
threshold=31.185416666666672 24.615945353887408 1.6412662771361741 14.377937509602265 74.512500000000017 2.1107953933071015 18.15229166666667 927.25000000000011 15.775845015219744 1.3609656329098196 926.2348957308285 29.655000000000005 81.339583333333351 32.82500000000001 0.94166357714700066 3.6108972423827717 0.85651926849515192 29.475000000000005
decision_type=2 2 2 2 2 2 2 2 2 2 2 2 2 2 2 2 2 2
left_child=1 3 -3 4 7 9 -7 10 -9 -6 -1 -2 14 17 16 -16 -5 -14
right_child=11 2 -4 12 5 6 -8 8 -10 -11 -12 -13 13 -15 15 -17 -18 -19
leaf_value=0.027848265109549485 0.0092088255891034244 -0.0043850556298650747 0.0063881146464887092 0.0020852099593361255 -0.0013043809968033722 -0.011278290377781289 0.00055859232865683537 0.010859901182971379 -0.0018093944360975456 0.0079713456584512114 -0.0098430839692528558 0.00093668410782749912 0.003142679354814451 0.0061309959850122378 -0.006596689349931073 0.00012604215660040694 -0.012525379951287184 -0.0056702822957193973
leaf_weight=124.91538316011429 143.61686816811562 110.6135990023613 126.5359668135643 3433.1636901795864 205.6529079079628 289.90320029854774 442.2853541970253 521.60884270071983 143.8117268383503 204.90750229358673 201.62524324655533 137.82442453503609 3462.5735432803631 118.8103786110878 1936.4902789890766 920.54325395822525 778.49373480677605 726.72755625844002
leaf_count=150 91 153 48 8034 107 96 192 323 130 101 111 115 10107 28 2933 566 1573 735
internal_value=0.000690363 0.00042234 0.0123923 0.000177964 0.00409112 -0.000442321 -0.00667632 0.00972817 0.0153828 0.0096112 -0.000535014 0.0121406 -0.000519675 0.0013998 -0.00174997 -0.00501647 0.000366643 0.000630418
internal_weight=14030.1 13748.7 237.15 13511.5 2134.71 1142.75 732.189 991.961 665.421 410.56 326.541 281.441 11376.8 4308.11 7068.69 2857.03 4211.66 4189.3
internal_count=25593 25387 201 25186 1210 496 288 714 453 208 261 206 23976 10870 13106 3499 9607 10842
is_linear=0
shrinkage=0.0971646


Tree=119
num_leaves=27
num_cat=0
split_feature=47 25 42 13 28 3 25 38 13 22 10 39 37 39 44 1 48 23 34 34 13 10 40 26 26 44
split_gain=2.76574 7.9259 6.57577 6.69441 6.45911 5.62704 4.3802 2.71748 7.21188 5.52395 5.88151 9.20518 6.24633 4.30909 5.38003 6.449 5.75867 4.85518 3.73763 3.39582 2.51142 2.34996 2.07676 1.37614 1.31881 0.53073
threshold=659.61833333333357 24.067817032791165 0.71205640366038869 37.592523138694006 2.6705165521655547 1.5104926856298182 18.77795787472343 8.657898378263992 38.863542949614846 16.788738343938206 21.238491846802408 71.197916666666686 95.012500000000003 81.496057786013068 0.20810382549163306 0.12068463117705984 928.6500000000002 26.740892222701156 27.627291666666668 19.991875000000004 36.231538390822294 35.199380066381146 12.392229623723077 20.938247544801715 19.624319594651691 1.3136547793557922
decision_type=2 2 2 2 2 2 2 2 2 2 2 2 2 2 2 2 2 2 2 2 2 2 2 2 2 2
left_child=7 2 3 4 5 -2 23 8 9 10 12 -12 -1 14 -9 17 -17 -16 20 -11 22 -21 -15 24 -4 -8
right_child=1 -3 6 -5 -6 -7 25 13 -10 19 11 -13 -14 18 15 16 -18 -19 -20 21 -22 -23 -24 -25 -26 -27
leaf_value=0.021263837457703716 0.0023630708619414242 0.0034998887185983623 -0.0030079313295602352 -0.0043002090093852297 0.030435067776096118 -0.018058509668393553 0.0093464347488433405 -0.0082303340328567717 0.0030330392443050388 -0.04948434501137855 0.0050058425970283607 -0.0056816881692423682 -0.0057508781912214155 0.011914281812989102 -0.0072625380983185528 -0.0046185553171153798 0.0025063875333354835 -0.00031051942785053797 0.039796657435560295 5.4782898939737025e-05 -0.0052526479095298525 -0.0062674158311763041 -0.00023992609438194462 -0.0068703502491505569 0.012864724461077833 0.013428639639118153
leaf_weight=400.03248205780983 247.28170356154442 342.15054240822792 73.548881262540817 294.96775317192078 182.07479885220528 106.04369747638702 164.09741574525833 226.74024322628975 185.32200962305069 61.752066433429718 539.49281033873558 166.67850357294083 123.77905270457268 914.01844274997711 1544.2751868069172 1603.2632929980755 2440.6846995055676 140.46097373962402 93.391587913036346 2296.8230368494987 208.65391436219215 197.30651447176933 1180.7406563460827 74.304385334253311 53.859515279531479 168.35928845405579
leaf_count=337 378 101 183 118 155 99 92 151 68 62 604 133 121 2184 2787 3195 3783 53 65 6976 123 190 3408 60 70 97
internal_value=0.00028976 0.00396409 0.000314461 -0.00476088 0.000994389 -0.00579736 0.00898103 -0.000185325 0.00186463 0.000823006 0.00623905 0 0.0140181 -0.0012114 -0.00264394 -0.00197385 2.73166e-05 -0.00702171 0.00216911 -0.00162088 0.00118577 -0.000871155 0.00236322 -0.000379988 0.00337317 0.0158854
internal_weight=14030.1 1706.69 1364.54 830.368 535.4 353.325 534.169 12323.4 3971.19 3785.86 1229.98 706.171 523.812 8352.23 5955.42 5728.68 4043.95 1684.74 2396.8 2555.88 2303.41 2494.13 2094.76 201.713 127.408 332.457
internal_count=25593 1353 1252 750 632 477 502 24240 8491 8423 1195 737 458 15749 9969 9818 6978 2840 5780 7228 5715 7166 5592 313 253 189
is_linear=0
shrinkage=0.0971646


Tree=120
num_leaves=22
num_cat=0
split_feature=23 20 5 9 43 18 15 28 48 32 7 14 7 23 48 4 32 36 44 36 30
split_gain=8.63486 12.1807 7.04673 6.60691 6.15391 5.69426 5.56546 3.76119 6.03427 3.527 2.66354 8.3507 4.79137 5.42276 4.27015 3.41235 2.72293 2.04784 0.834537 1.77599 1.04078
threshold=26.224224139283443 23.940651511289307 -1.0003835812842181 1.9680467805662618 23.40853504443368 63.539963495410326 29.493597266298242 0.37309455362558186 930.25000000000011 0.87474948794854579 10.450000000000003 15.385000000000003 8.7650000000000006 17.407214691330399 928.85000000000002 919.35000000000002 2.77950505133385 0.52694085689861569 1.2885418100989627 1.032795558986721 25.326189747030455
decision_type=2 2 2 2 2 2 2 2 2 2 2 2 2 2 2 2 2 2 2 2 2
left_child=2 4 -1 -3 -2 -6 -5 8 18 17 12 14 16 -14 -12 -13 -9 -10 19 -4 -20
right_child=1 3 7 6 5 -7 -8 10 9 -11 11 15 13 -15 -16 -17 -18 -19 20 -21 -22
leaf_value=0.013901484327909224 0.0095896500517863182 -0.0238255387949876 0.024389467129590548 0.0032218190014908512 -0.0028505231455201521 0.0055471370232881611 -0.011413958415067793 -6.1095371922555305e-05 -0.06650291489789445 -0.047312493623504773 0.00025472949879005064 0.018035211546949675 -0.012227580962307711 -0.0019603434437149279 0.012194730407893295 -0.00098651914983193174 0.0034027385408050745 0.024565627212172102 0.0068920549914566588 -0.0058987175623702584 -0.0030587236884547287
leaf_weight=152.14629030227661 340.29750353097916 184.06529450416565 108.29013288021088 251.83662045001984 275.92599353194237 296.45599627494812 195.47292214632034 6381.2175721526146 58.050147533416748 151.02610540390015 216.63930284976959 157.83634948730469 620.52436953783035 940.82970097661018 298.20945990085602 2456.8679220080376 542.29417684674263 59.630560010671616 67.061165690422058 159.25778418779373 76.367553412914276
leaf_count=36 96 109 263 100 73 136 113 15324 58 87 65 120 520 2176 152 4605 963 144 70 254 122
internal_value=0.000761359 0.00761004 -5.56251e-05 -0.00218436 0.0148366 0.00752444 0.00342278 -0.000349388 -0.00736216 -0.0185972 2.60669e-05 0.00248241 -0.000830212 -0.00569777 0.0137653 8.44976e-05 0.000207878 -0.00169676 0 -0.00313285 0.00597258
internal_weight=13990.3 1544.05 12446.2 631.375 912.679 572.382 447.31 12294.1 679.683 268.707 11614.4 3129.55 8484.87 1561.35 514.849 2614.7 6923.51 117.681 410.977 267.548 143.429
internal_count=25586 627 24959 322 305 209 213 24923 998 289 23925 4942 18983 2696 217 4725 16287 202 709 517 192
is_linear=0
shrinkage=0.0971646


Tree=121
num_leaves=21
num_cat=0
split_feature=5 23 32 2 8 2 42 4 40 4 7 27 23 28 31 49 23 11 37 4
split_gain=9.16179 6.42743 7.63263 4.17567 5.51698 8.21762 8.07917 5.63712 7.27774 5.5696 4.03222 3.93968 3.86968 4.25484 4.2127 3.84587 5.13199 3.5618 3.22117 6.63474
threshold=-1.0003835812842181 26.224224139283443 1.6188849042455133 0.93834263341299773 11.175000000000002 0.97690230611205509 0.84977946113989644 930.6500000000002 15.941334646808167 933.35000000000002 7.9300000000000015 0.58525186913501159 25.758837843069518 3.7020382539762022 1.9407340701424056 1010.1389885162522 26.042620240242147 25.19285108637418 83.620833333333351 1005.8110952939138
decision_type=2 2 2 2 2 2 2 2 2 2 2 2 2 2 2 2 2 2 2 2
left_child=-1 3 10 12 7 6 -6 11 -9 -7 -3 -5 13 14 -2 16 -14 -15 19 -4
right_child=1 2 18 4 5 9 -8 8 -10 -11 -12 -13 15 17 -16 -17 -18 -19 -20 -21
leaf_value=0.010162076348920518 0.0045253881253629535 -0.028871013841162176 0.00031874511293061934 -0.0091379059388761088 -0.011423816114367043 0.05681698231658968 0.012776130954657683 -0.011411571776655001 -0.049444150351853337 0.004023395590625525 -0.00065412324045538862 0.0079036611416297472 -0.0096950882840587463 0.00097404275100347636 -0.00036304708577192545 -0.025784961082166293 0.0028008143831574949 0.0067249820447347636 -2.9522482729827028e-05 0.0089413567573380075
leaf_weight=279.40980911254883 519.0381954908371 145.92768785357475 372.95562106370926 252.56953120231628 440.6094816327095 88.370950609445572 145.38481661677361 354.53191566467285 223.45066165924072 584.14428314566612 186.3533481657505 260.53580212593079 309.32547134160995 1013.438511878252 7138.108090788126 222.9522842168808 228.86864376068115 512.77366274595261 327.29781663417816 384.25633791089058
leaf_count=61 585 126 136 512 435 116 192 443 127 852 107 332 309 2047 18193 158 132 490 130 103
internal_value=0.000771591 0.000382862 0.0065865 -0.000298785 -0.00400209 5.38766e-05 -0.00798694 -0.00905778 -0.0156725 0.00769631 -0.00543561 -0.000731988 0.000534242 0.00112601 0.000134123 -0.00602349 -0.000702634 0.00581333 0.0106672 0.0142218
internal_weight=13990.3 13710.9 1416.79 12294.1 2349.6 1258.51 585.994 1091.09 577.983 672.515 332.281 513.105 9944.5 9183.36 7657.15 761.146 538.194 1526.21 1084.51 757.212
internal_count=25586 25525 602 24923 3009 1595 627 1414 570 968 233 844 21914 21315 18778 599 441 2537 369 239
is_linear=0
shrinkage=0.0971646


Tree=122
num_leaves=21
num_cat=0
split_feature=6 46 28 2 2 31 1 42 3 16 47 13 11 5 31 49 17 30 14 31
split_gain=5.05396 4.22282 5.75138 6.95955 7.01204 6.62341 5.85348 5.05246 4.54908 3.45406 2.61001 2.76633 3.13156 5.68446 2.58221 2.15456 5.66112 2.66797 2.2501 1.60287
threshold=-1.1226035809116242 0.52486180846622166 2.288242741312374 -0.68258025745374251 -0.28378298089121962 4.612625996214474 -0.79877197597864613 0.34336983498134332 1.3605483668104323 24.705000000000002 796.26916666666682 39.897073167965765 38.550613500770815 -0.83128716256332991 1.9407340701424056 1009.7135616048714 30.60225603367369 33.561224437553008 32.82500000000001 4.0087413770711242
decision_type=2 2 2 2 2 2 2 2 2 2 2 2 2 2 2 2 2 2 2 2
left_child=-1 2 15 5 6 8 -5 -7 -4 -6 11 12 14 -14 -3 17 19 18 -2 -17
right_child=1 10 3 4 9 7 -8 -9 -10 -11 -12 -13 13 -15 -16 16 -18 -19 -20 -21
leaf_value=0.0022304535648505039 -0.0048146801038737863 0.0017244024405860185 -0.0037474712736168575 0.012735927831657494 0.029257955843995705 -0.014790816208188092 0.041791333885191025 0.0015046108844183677 0.011047196923022315 -0.012592061859349205 0.029349102008035258 -0.0053528674420188086 0.032758886179966272 -0.017195040388649586 -0.00057004557568671741 -0.035337301723673081 -0.04426448827675989 0.0029519365002093675 0.040297614784548408 0.0095016884456948364
leaf_weight=332.93183398246765 583.35254034399986 755.07904943823814 93.795918405056 127.18303021788597 146.51731717586517 121.84982278943062 215.09772819280624 142.1652909219265 255.97549372911453 122.5221184194088 174.30286720395088 361.43316063284874 147.55892908573151 67.585625350475311 9838.7581942677498 49.906832456588745 78.315279483795166 168.08934453129768 66.889995843172073 140.99255114793777
leaf_count=69 1643 763 177 157 243 107 106 90 205 222 138 118 127 172 20519 174 38 140 31 347
internal_value=0.000621366 0.000299632 0.00409939 0.0086879 0.0160454 0.000625634 0.0253998 -0.0101578 0.00999209 0.00242685 -0.000438233 -0.000659845 -0.000337904 0.0110868 -0.000613269 -0.00068788 -0.00842824 0.00136047 -0.000877594 0
internal_weight=13990.3 13657.4 2312.65 1225.11 611.32 613.787 342.281 264.015 349.771 269.039 11344.7 11170.4 10809 215.145 10593.8 1087.55 269.215 818.332 650.243 190.899
internal_count=25586 25517 3680 1307 728 579 263 197 382 465 21837 21699 21581 299 21282 2373 559 1814 1674 521
is_linear=0
shrinkage=0.0971646


Tree=123
num_leaves=16
num_cat=0
split_feature=45 6 45 27 1 3 42 28 49 27 48 31 32 49 32
split_gain=4.42912 4.04295 3.35143 6.74558 5.97789 8.52402 5.78663 3.70142 6.82744 6.52866 6.2834 2.858 5.96909 4.14177 2.65639
threshold=24.615945353887408 -1.6564183146790932 24.139986055214081 0.10491614846138814 -0.30270175173618613 1.6321264066807883 0.42804045894917259 4.1618995813383393 1008.7026986939719 0.48925280692556911 1007.6155773151835 1.9407340701424056 0.60348708701606835 1006.7020342535271 1.5268404187777502
decision_type=2 2 2 2 2 2 2 2 2 2 2 2 2 2 2
left_child=1 -1 7 -4 6 -6 -5 11 10 -10 -9 12 -3 -13 -2
right_child=14 2 3 4 5 -7 -8 8 9 -11 -12 13 -14 -15 -16
leaf_value=0.012297775289808015 0.0041205363266304876 0.034865724626466615 0.020400333724715107 -0.020452092466407848 -0.0048414333962960533 0.0089932347475368598 -0.0080798687914250371 0.0017448025830043531 0.0041123415092396802 -0.0050620986000577944 0.0097314350911068357 -0.0020723592570508738 0.00082555196706673637 0.0014292590428361866 0.004090657789616454
leaf_weight=87.946755409240723 106.42952641844749 95.421356081962585 113.89479634165764 351.35290724039078 155.71835839748383 113.23677784204483 208.84352293610573 639.22509500384331 449.08317428827286 275.64339020848274 298.33944454789162 5723.0878960192204 677.69019958376884 4546.2314556241035 148.15826767683029
leaf_count=17 146 87 63 600 270 49 265 1058 651 269 125 13410 707 7810 59
internal_value=0.000468899 0.000200539 3.31224e-05 -0.00551119 -0.00889594 0.0016356 -0.0146917 0.000479452 0.00475725 -0.001834 0.0102955 -0.000126997 0.00550664 -0.000594146 0.0131199
internal_weight=13990.3 13735.7 13647.8 943.046 829.152 268.955 560.196 12704.7 1662.29 724.727 937.565 11042.4 773.112 10269.3 254.588
internal_count=25586 25381 25364 1247 1184 319 865 24117 2103 920 1183 22014 794 21220 205
is_linear=0
shrinkage=0.0971646


Tree=124
num_leaves=14
num_cat=0
split_feature=42 6 5 18 21 47 35 26 18 34 48 22 3
split_gain=3.91666 3.80413 3.22336 3.21535 5.24115 4.4773 3.08052 7.30368 6.08072 5.74286 4.00011 3.42116 2.99549
threshold=1.0000000180025095e-35 -0.99950589832346959 -0.70445142022310681 70.509793015522021 23.775929133642887 476.74166666666673 5.2746493368040781 22.161687943801407 27.150000000000002 19.19166666666667 1013.4500000000002 8.6527330750484239 1.4306643931217105
decision_type=2 2 2 2 2 2 2 2 2 2 2 2 2
left_child=-1 2 -2 4 5 -4 8 9 -3 -8 -11 -10 -13
right_child=1 6 3 -5 -6 -7 7 -9 11 10 -12 12 -14
leaf_value=-0.0021819051383660014 0.0098104987197076589 -0.026454893604148905 0.0035896778431471284 0.029633693221330408 -0.013405704364341039 -0.0032782775455329721 0.017107822708552989 0.0097209607115187491 -0.0095492359366958716 -0.0012906502613493575 0.010401926637021089 -0.00083347860380198553 0.00084976407301720234
leaf_weight=224.03918075561523 87.828665733337402 96.339330762624741 510.71092820167542 133.35282805562019 145.05059587955475 149.99242335557938 80.844870209693909 142.23539081215858 136.92399901151657 1393.0423824191093 165.00481790304184 7500.3646904230118 3224.572820097208
leaf_count=48 18 86 783 169 78 63 82 118 58 2382 324 17247 4130
internal_value=0.000432065 0.000191763 0.00588876 0.00364153 0.000741099 0.00491962 -0.000235269 0.00346166 -0.000875878 0.00133139 0 -0.000616522 -0.00037865
internal_weight=13990.3 13766.3 1026.94 939.107 805.754 660.703 12739.3 1781.13 10958.2 1638.89 1558.05 10861.9 10724.9
internal_count=25586 25538 1111 1093 924 846 24427 2906 21521 2788 2706 21435 21377
is_linear=0
shrinkage=0.0971646


Tree=125
num_leaves=18
num_cat=0
split_feature=42 46 28 26 26 30 30 1 47 13 7 40 1 18 23 27 27
split_gain=4.09843 3.21688 7.08209 6.91205 5.05787 4.10314 4.01351 3.95278 3.45746 5.16029 4.31237 3.431 3.40173 3.27699 3.26699 2.81791 2.2051
threshold=1.0000000180025095e-35 0.52486180846622166 2.288242741312374 26.216029304024026 25.313232084998187 34.671234619566512 34.024942093674163 -0.034319876048209338 796.26916666666682 38.863542949614846 9.7850000000000001 13.026171387600622 0.9821165111257959 83.250000000000014 25.758837843069518 0.63941818880430568 0.48925280692556911
decision_type=2 2 2 2 2 2 2 2 2 2 2 2 2 2 2 2 2
left_child=-1 2 5 4 16 6 14 -6 9 12 11 -11 13 -3 -2 -14 -4
right_child=1 8 3 -5 7 -7 -8 -9 -10 10 -12 -13 15 -15 -16 -17 -18
leaf_value=-0.0019699011606592724 0.0017848463090894854 -0.0016916346769519041 0.026212192834953289 0.010062663340437553 -0.0043184963259763802 -0.027252049818125988 0.0023608679484548082 0.0019842931428494665 0.026291521791131481 -0.017157159419370065 -0.00012102424871129238 -0.0027713621394909889 0.046801990342886707 0.00072890699585498862 -0.0065060374083784891 0.0014657496319918958 0.0025833238044923831
leaf_weight=224.03918075561523 704.55782428383827 5554.5626283586025 259.92337834835052 376.40739378333092 269.38072624802589 49.995496451854706 82.632816344499588 179.12668865919113 180.30286720395088 213.79445946216583 251.60153859853745 244.02903804183006 106.97492206096649 4305.1012055575848 247.14867481589317 569.02763983607292 171.6964448094368
leaf_count=48 2069 11192 439 125 232 40 43 98 139 96 84 88 151 9052 220 1053 417
internal_value=0.000167583 -1.50377e-05 0.00323163 0.00826365 0.0029441 -0.00221376 -0.00043922 -0.00358117 -0.00071824 -0.000969016 -0.00900069 -0.0146148 -0.000385296 -0.000881173 -0.0026425 0.00619062 0.0106844
internal_weight=13990.3 13766.3 2340.87 1256.53 880.127 1084.33 1034.34 448.507 11425.4 11245.1 709.425 457.823 10535.7 9859.66 951.706 676.003 431.62
internal_count=25586 25538 3683 1311 1186 2372 2332 330 21855 21716 268 184 21448 20244 2289 1204 856
is_linear=0
shrinkage=0.0971646


Tree=126
num_leaves=24
num_cat=0
split_feature=39 40 46 19 8 18 30 29 23 17 9 23 35 27 23 42 26 13 32 32 49 35 42
split_gain=3.96754 4.62531 4.83514 3.81171 4.92134 3.609 4.57908 7.1555 7.93135 3.61794 4.80822 4.66219 3.39409 2.83227 2.7442 2.63405 2.46396 4.32776 1.72238 1.51309 1.45064 1.31043 1.00176
threshold=46.060416666666676 13.983364209485176 1.4185178011072332 25.118767796966406 8.4250000000000007 98.65000000000002 18.995319773580846 2.0624578542118526 13.977561917069472 14.175000000000002 5.2233646409586632 12.472739066571283 4.5947637868727638 1.5977879696129098 16.888555752704342 0.45317815297735259 21.579261904825788 32.341168424277065 1.3376235135226904 3.356791364102913 929.05000000000007 4.5054282675764119 0.42183813363968753
decision_type=2 2 2 2 2 2 2 2 2 2 2 2 2 2 2 2 2 2 2 2 2 2 2
left_child=1 -1 -3 5 -5 9 14 15 -9 10 21 20 -13 16 -7 -8 17 -4 22 -20 -11 -2 -15
right_child=3 2 13 4 -6 6 7 8 -10 11 -12 12 -14 18 -16 -17 -18 -19 19 -21 -22 -23 -24
leaf_value=-0.022104853894258446 0.00074632425811148925 0.018198880352097938 0.016945432662236321 -0.00023129675005069335 0.00420119786723134 0.032543082227780781 -0.0021878373710433377 0.0066442376758779551 0.0031846219785489553 0.00022098470787928166 -0.022033134277049168 5.7143269658809108e-05 -0.0057954170313644854 0.018315538888081354 0.018762859706866041 -0.031739205502932272 0.0054452168298744011 -0.0074996327390561366 0.033048195854401059 0.0020907462218646439 0.0075090809982602726 -0.0044784622057062835 -0.013697505961123331
leaf_weight=71.250464797019958 240.93328034877777 111.94420877099037 87.0917729139328 131.70899233222008 116.39690965414047 61.663084149360657 93.408157080411911 154.29777979850769 564.62765377759933 175.68050780892372 359.71331548690796 8590.9545061886311 2056.4552473127842 46.656309247016907 66.080673307180405 81.526193588972092 100.60231119394302 115.34478491544724 96.022258251905441 91.730012893676758 183.22534263134003 243.56357929110527 44.421152025461197
leaf_count=96 104 81 227 131 65 45 157 64 1385 91 84 17760 4240 111 152 38 39 98 162 121 86 129 78
internal_value=0.00029218 0.00708668 0.00989075 -7.30309e-05 0.0117381 -0.000336515 0.00513843 0.00211211 0.00681716 -0.000845679 -0.00699108 -0.000333772 -0.000739706 0.00534118 0.0225158 -0.0146146 0 -0.00731244 0.0124129 0.0176888 0.0104359 0 0
internal_weight=13885.3 765.063 693.813 13120.2 248.106 12872.1 1021.6 893.86 718.925 11850.5 844.21 11006.3 10647.4 581.869 127.744 174.934 303.039 202.437 278.83 187.752 358.906 484.497 91.0775
internal_count=25544 1013 917 24531 196 24335 1841 1644 1449 22494 317 22177 22000 836 197 195 364 325 472 283 177 233 189
is_linear=0
shrinkage=0.0971646


Tree=127
num_leaves=24
num_cat=0
split_feature=39 19 8 1 22 35 29 46 31 0 14 1 28 7 40 9 29 2 44 14 4 46 46
split_gain=3.23655 2.73629 3.75939 3.01435 4.44504 4.37693 3.78068 10.2077 3.13123 2.71936 2.64365 5.84819 3.32998 2.34407 5.16683 5.9174 3.36871 2.47672 2.23272 2.34333 1.41285 1.06189 0.226899
threshold=44.991666666666674 25.118767796966406 8.4250000000000007 -0.88203985695844955 23.946667209401962 3.153454090964074 6.4580059671684031 0.58610925889054777 4.2092175557759282 -0.62840710711937775 33.605000000000011 0.94970904815366264 4.6653971650235331 13.710000000000004 15.655772590683727 1.8643443039406569 4.854271657545552 -0.49002866642905923 1.1438676648563795 31.925000000000004 925.45000000000016 1.8824999743544619 2.8146458166507524
decision_type=2 2 2 2 2 2 2 2 2 2 2 2 2 2 2 2 2 2 2 2 2 2 2
left_child=13 3 -3 4 18 8 10 -8 -6 -9 12 -12 -5 17 -15 16 22 -1 19 -2 21 -19 -16
right_child=1 2 -4 6 5 -7 7 9 -10 -11 11 -13 -14 14 15 -17 -18 20 -20 -21 -22 -23 -24
leaf_value=-0.032334440112662254 -0.0013636694139787346 -0.00020882288985422462 0.0037929900843513484 0.00010907185118335064 -0.003234151738557471 1.9908299051816103e-05 0.01147087838577795 -0.017597009671326429 -0.034653331087086778 0.0082871451696817765 -7.9873993610104946e-05 -0.016220578296547546 0.0068062502564011423 0.033276276940715256 0.0074469046213870059 0.0054952353647317702 -0.0037001759658964037 0.0016305770386809096 0.039641501719248538 -0.01430159133700382 -0.0080932673885265125 0.028263042356179505 -0.0023981736451844137
leaf_weight=66.418074816465378 939.5001434981823 131.70899233222008 116.39690965414047 9181.4344127476215 75.241697311401367 109.45970740914345 192.59585961699486 145.82333433628082 263.65285071730614 132.39288577437401 832.39294224977493 414.62542426586151 610.87276396155357 123.3005365729332 54.802672296762466 87.313337117433548 79.638892203569412 51.204865008592606 59.813505619764328 43.056222319602966 76.358345478773117 57.617547184228897 39.676575273275375
leaf_count=110 3183 131 65 18186 189 50 76 331 513 219 417 306 919 51 116 36 43 88 126 23 152 121 93
internal_value=0.00039981 4.14939e-05 0.0101104 -0.000120132 -0.00425108 -0.0123501 0.000378787 0.00887796 -0.0179379 -0.00165743 0 -0.00419378 0.000550961 0.00715754 0.0118975 0.00223501 -0.00627661 0 -0.000333764 -0.00185955 0.00564232 0.0131475 0.00244441
internal_weight=13885.3 13249 248.106 13000.9 1490.72 448.354 11510.1 470.812 338.895 278.216 11039.3 1247.02 9792.31 636.331 384.732 261.431 174.118 251.599 1042.37 982.556 185.181 108.822 94.4792
internal_count=25544 24734 196 24538 4084 752 20454 626 702 550 19828 723 19105 810 339 288 252 471 3332 3206 361 209 209
is_linear=0
shrinkage=0.0971646


Tree=128
num_leaves=16
num_cat=0
split_feature=42 18 7 30 22 29 10 8 30 40 50 0 48 0 22
split_gain=2.94628 2.98152 5.3354 4.77034 3.47844 3.50345 3.47724 4.96919 4.62992 3.09017 2.78128 2.99558 6.43876 4.34377 1.8961
threshold=1.0000000180025095e-35 98.65000000000002 12.260000000000005 18.995319773580846 13.210711380030375 2.3432029068484024 14.879071274057454 7.6700000000000008 20.87480432173545 16.046663723858813 3.1450000000000005 -0.88179982897827569 1002.4500000000002 -0.86484280769030641 17.064195260295246
decision_type=2 2 2 2 2 2 2 2 2 2 2 2 2 2 2
left_child=-1 6 3 14 -5 -6 7 -2 9 -9 11 12 -8 -13 -3
right_child=1 2 -4 4 5 -7 10 8 -10 -11 -12 13 -14 -15 -16
leaf_value=0.0011735669258281169 -0.044181024952405799 0.029370448173386372 0.0145562156013353 0.0050874957715495066 -0.0082099327814474498 0.0014276953267208458 -0.0068145683902377501 0.056455776865871762 -0.031340433385181297 -0.015091964193986391 -0.015109617883041332 -0.016860222899264529 0.022697831275834621 0.00019448648549371379 0.016493758861222462
leaf_weight=225.02646231651306 84.293326646089554 63.462074756622314 57.445720046758652 55.984550535678864 193.53277412056923 586.89673954248428 554.54380711913109 94.601955235004425 147.37863105535507 74.348336935043335 74.623255997896194 721.58952575922012 753.44285300374031 10133.846801996231 64.281682699918747
leaf_count=47 77 52 44 29 255 1316 1664 153 166 55 86 2003 1440 18012 145
internal_value=0.000411814 0.000197089 0.00525311 0.00299771 0 -0.0014159 -0.000178991 -0.00906353 -0.00190021 0.00741112 7.91417e-05 0.000230766 0.00463663 -0.000261937 0.0202715
internal_weight=13885.3 13660.3 1021.6 964.158 836.414 780.43 12638.7 400.622 316.329 168.95 12238 12163.4 1307.99 10855.4 127.744
internal_count=25544 25497 1841 1797 1600 1571 23656 451 374 208 23205 23119 3104 20015 197
is_linear=0
shrinkage=0.0971646


Tree=129
num_leaves=33
num_cat=0
split_feature=38 10 47 17 6 24 24 31 11 42 25 12 26 33 6 47 9 9 9 36 28 49 49 11 3 39 47 38 24 19 7 22
split_gain=3.11943 3.98589 5.03764 4.57171 4.47175 6.13424 4.92539 4.67896 3.2722 3.93244 2.80413 8.26055 4.90938 4.50582 4.24142 4.23042 3.97325 3.6754 3.42626 2.73452 2.40685 2.32102 3.84536 2.03452 1.71214 1.65906 1.51795 1.07697 0.678872 0.224497 0.111531 0.0656461
threshold=9.230446162628839 32.743303679053462 372.1283333333335 28.485000000000003 -0.019390332216831372 12.472739066571283 13.977561917069472 3.7757301228189069 24.90603602460849 0.39304915814481739 24.752535547988618 32.294201957100405 25.756898875788952 3.5087785472066799 -1.0050840664240488 232.90833333333327 1.4754444868424559 3.8842792645422066 2.3383386326175288 10.213332767998633 1.0161732607234086 1008.9012369055591 1007.3032324491741 17.143794246752673 0.7350000000000001 61.231250000000003 8.9366666666667633 6.8933735153644475 25.179121812119192 22.933397145119304 6.2000000000000011 22.035418585600308
decision_type=2 2 2 2 2 2 2 2 2 2 2 2 2 2 2 2 2 2 2 2 2 2 2 2 2 2 2 2 2 2 2 2
left_child=1 4 3 28 8 -6 -7 -8 23 26 12 -12 14 16 -2 29 19 18 -16 -14 -19 22 -5 24 -1 -25 -10 -11 -3 31 -31 -13
right_child=10 2 -4 21 5 6 7 -9 9 27 11 15 13 -15 17 -17 -18 20 -20 -21 -22 -23 -24 25 -26 -27 -28 -29 -30 30 -32 -33
leaf_value=0.032670410548003903 0.0073330406050618512 0.031138011365792726 0.001915465052771488 -0.021427016432067927 -0.028087809432534718 0.0035068449763314973 -0.012420310171246512 0.0004697716241198224 -0.011225438202793873 0.034646974598703362 0.0039052079919398791 0.0023036167541207854 -0.014782126458419344 0.0003289204532547623 0.0015315386787879801 -0.012502977889627762 -0.0093719969562072666 0.00612765764854233 -0.0048392894904776846 0.0083042272985891247 0.00030547173556455125 -0.021361262311400918 -0.0014935125548833196 0.028632331321578393 -0.00083446382306150721 -0.0044686228031695068 0.024046660352906455 0.012758839496441479 -0.020436075549328931 -0.028252871129343184 0.0039706739364508015 0.020805621787584157
leaf_weight=147.83864569664001 175.96668577194214 50.958766847848892 269.52899265289307 186.86540874838829 112.52181458473206 128.16606485843658 615.95764553546906 920.15950626134872 97.498978078365326 112.19274747371674 400.97034382820129 43.096810668706894 252.04871907830238 534.83467996120453 5999.7453376948833 54.1322340965271 313.62783893942833 245.91725224256516 626.65200570225716 134.86003747582436 350.67973336577415 156.86244940757751 120.57390761375427 98.031513094902039 273.51911219954491 957.56799191236496 193.66188251972198 66.430329442024231 39.888991475105286 38.522888034582138 117.8582269847393 48.160955518484116
leaf_count=431 40 94 136 290 21 44 1252 2763 336 120 160 160 216 168 13250 15 146 114 645 60 207 105 96 223 542 2438 445 124 130 151 451 171
internal_value=0.000331155 -0.00171357 -0.00783296 -0.0132193 -0.000238538 -0.00386368 -0.00207622 -0.0038371 0.00285214 0.00993042 0.00137309 0.00734318 0.0008354 -0.00473307 0.00182434 -0.00366167 -0.00993018 0.00139302 0.00066351 -0.00201381 0.00874009 -0.0173005 -0.00990994 0.000296789 0.00621239 -0.00167231 0.00129015 0.0214106 0.00297744 0.000172107 0 0.00475017
internal_weight=13885.3 4548.22 824.679 555.15 3723.55 1776.81 1664.28 1536.12 1946.74 469.784 9337.07 702.741 8634.33 1235.37 7398.96 301.771 700.537 7222.99 6626.4 386.909 596.597 464.302 307.439 1476.96 421.358 1055.6 291.161 178.623 90.8478 247.639 156.381 91.2578
internal_count=25544 9590 851 715 8739 4080 4059 4015 4659 1025 15954 1108 14846 590 14256 948 422 14216 13895 276 321 491 386 3634 973 2661 781 244 224 933 602 331
is_linear=0
shrinkage=0.0971646


Tree=130
num_leaves=21
num_cat=0
split_feature=18 43 7 30 29 36 47 5 30 12 3 9 35 48 45 49 9 4 35 22
split_gain=3.29393 7.07257 3.67173 4.22813 3.44871 3.343 2.90943 4.09559 3.89193 2.9041 2.79405 5.20307 9.17205 4.91027 4.60439 3.14641 2.58454 1.90278 1.68343 1.48458
threshold=98.65000000000002 13.520851115085025 11.205000000000004 18.995319773580846 2.1866303824150166 0.12110601420553917 746.01666666666665 -0.86327902540255697 31.244308377665558 23.4702721808512 0.99104650721836152 5.2233646409586632 4.3134244018682759 1011.85 10.82438443684323 1005.4500000000002 -0.057094222936109766 929.95000000000016 4.0502110226179928 17.064195260295246
decision_type=2 2 2 2 2 2 2 2 2 2 2 2 2 2 2 2 2 2 2 2
left_child=5 -2 3 19 17 -1 10 8 16 -6 14 13 -13 -12 18 -16 -8 -5 -7 -3
right_child=1 2 -4 4 9 6 7 -9 -10 -11 11 12 -14 -15 15 -17 -18 -19 -20 -21
leaf_value=-0.033219910476789384 0.004018139869122723 0.016143132357858372 0.015956477233477168 -0.0011292392055495413 0.0067580211706333724 0.0056456220124216656 0.0073435290967375656 0.010068133086745912 0.0012304984247888948 -0.0017115969302618831 0.00032095749059442394 -0.023333828002211985 0.00059838217650094413 -0.013271239272981242 -0.001839972085511005 0.0026681534335366072 -0.0072474194198077274 -0.035769319204159884 0.017445149805067294 0.014742337724419982
leaf_weight=74.920525014400482 65.856881618499756 54.48870325088501 80.905853509902954 70.902604311704636 121.18850749731064 63.932738274335861 74.269329071044922 289.23992630839348 170.92794945836067 472.63028395175934 5675.9115864038467 257.40345579385757 322.63884073495865 1042.327668607235 2417.5628988444805 2274.3718994557858 86.282635182142258 91.34902486205101 113.90550291538239 64.281682699918747
leaf_count=110 20 48 73 156 154 24 133 155 65 1191 9365 97 105 2090 6691 4521 90 54 257 145
internal_value=0.000526994 0.00583543 0.0031651 0.000788747 -0.00139601 7.09805e-05 0.000226203 0.00670744 0 0.00141315 -7.09301e-05 -0.00130678 -0.0101503 -0.000475555 0.00169331 0.00100926 -0.0114253 -0.0140984 0.0170643 0.0178925
internal_weight=13885.3 1021.6 955.747 874.841 756.07 12863.7 12788.8 620.72 331.48 593.819 12168.1 7298.28 580.042 6718.24 4869.77 4691.93 160.552 162.252 177.838 118.77
internal_count=25544 1841 1821 1748 1555 23703 23593 443 288 1345 23150 11657 202 11455 11493 11212 223 210 281 193
is_linear=0
shrinkage=0.0971646


Tree=131
num_leaves=18
num_cat=0
split_feature=28 4 19 18 45 21 34 14 30 34 29 36 23 14 1 19 4
split_gain=2.99763 6.44695 3.96613 3.26522 7.74011 3.48563 4.8484 3.83472 3.10437 4.52527 3.23699 3.08393 2.79603 2.56853 1.73358 1.55078 0.284846
threshold=5.6109838728935371 1010.047118550213 24.008425793547463 98.65000000000002 14.517265972087424 8.6207324282256277 20.772916666666671 13.385000000000003 18.995319773580846 18.622708333333339 2.0177615004817704 0.12110601420553917 25.527946273233063 14.175000000000002 0.79166549301937017 16.914954451919439 925.85000000000002
decision_type=2 2 2 2 2 2 2 2 2 2 2 2 2 2 2 2 2
left_child=3 2 -2 5 -5 6 -1 -7 15 -10 -11 -9 -3 -13 -8 -6 -16
right_child=1 12 -4 4 8 7 14 11 9 10 -12 13 -14 -15 16 -17 -18
leaf_value=0.0049158589657893291 0.00035157749228617027 0.00012931319226875773 0.0034694441692380267 0.0033944621522901211 0.0071435313481607214 -0.0052077279790785982 -0.0044966855627069733 -0.029992110589292874 -0.093812598030243277 -0.02335448795399752 0.0047914733332353873 0.0022097381441827995 -0.02257191282762068 -0.00012594849886294243 0.00023136865781773913 0.013776364050309367 0.060419435895389326
leaf_weight=200.35302773118019 167.18900585174561 67.186774045228958 173.75806301832199 115.42124751210213 52.339596092700958 526.32257190346718 102.13819435238838 74.920525014400482 59.779169082641602 92.787631779909134 636.82001334428787 339.46927908062935 61.061372458934784 11078.230290710926 35.614284247159958 64.455883890390396 37.451567649841309
leaf_count=115 171 150 46 51 43 145 102 110 15 163 1420 146 35 22495 82 149 106
internal_value=0.000579566 0.00822227 0.0156358 0.0002787 0.00556052 -0.000123467 0.00900554 -0.000446397 0.00199029 0 0.00192316 -3.65876e-05 -0.00814195 5.76418e-05 -0.000595032 0.0165744 0.00770744
internal_weight=13885.3 469.195 340.947 13416.1 1021.6 12394.5 375.557 12018.9 906.182 789.387 729.608 11492.6 128.248 11417.7 175.204 116.795 73.0659
internal_count=25544 402 217 25142 1841 23301 405 22896 1790 1598 1583 22751 185 22641 290 192 188
is_linear=0
shrinkage=0.0971646


Tree=132
num_leaves=21
num_cat=0
split_feature=14 35 39 23 13 28 49 24 24 18 23 9 1 30 35 30 13 15 28 42
split_gain=8.54546 10.1275 5.02925 4.91902 4.19842 2.81052 4.99981 6.22216 4.64276 4.47774 6.21474 4.03848 5.10731 9.86637 5.04092 2.95873 6.81867 4.79183 1.6629 0.831057
threshold=14.175000000000002 4.9963644021429188 73.322916666666686 26.740892222701156 38.863542949614846 4.8185053247649412 1010.3124628521415 22.151790110992877 23.507914806489453 69.037753377984771 25.527946273233063 0.43093601213973726 0.89001933454452098 32.374060118326817 3.7347148139571478 31.537760972727991 35.857839953778331 27.185000000000006 0.82001414848973009 0.69927703014814069
decision_type=2 2 2 2 2 2 2 2 2 2 2 2 2 2 2 2 2 2 2 2
left_child=1 2 -1 5 -5 11 7 19 -9 10 -8 15 13 -13 -14 16 -2 -17 -3 -7
right_child=3 18 -4 4 -6 6 9 8 -10 -11 -12 12 14 -15 -16 17 -18 -19 -20 -21
leaf_value=-0.0035069647077294263 0.0018397654478414039 0.0019309600507999391 0.0019760118999838754 0.012527404512540211 -0.00077700912007531596 0.0011510501270353109 0.0013812413363922917 0.012653149531265685 4.5650633506588908e-05 0.021326585726825584 -0.014413987026260089 -0.00083334164451004757 0.019004396763744012 -0.0094935041773554444 -0.0014088116605052324 0.0085528068654853132 -0.011135070206235179 -0.00011371076117421403 0.013412214054290663 -0.0046116155285514712
leaf_weight=345.91487216949463 5953.4032466709614 220.29519048333168 376.14355465769768 274.41179046034813 286.93933951854706 137.47324654459953 142.63505965471268 204.28390452265739 181.43487706780434 82.103509455919266 100.96130946278572 2725.4487003684044 204.79159384965897 571.44001120328903 693.18086597323418 247.04804906249046 404.92760220170021 331.42641478776932 233.09430608153343 113.80032476782799
leaf_count=92 16461 93 136 105 78 332 298 111 81 109 46 4220 165 664 1025 262 422 476 91 166
internal_value=0.000921411 0.00884224 0.00104276 0.0001501 0.00903704 -0.000229246 0.00474386 0.00994703 0.0177181 -0.00413196 -0.0116921 -0.00069882 -0.00309672 -0.00491693 0.0031066 0.000690471 1.61751e-05 0.00732977 0.0202399 -0.000372031
internal_weight=13831.2 1175.45 722.058 12655.7 561.351 12094.4 962.692 636.992 385.719 325.7 243.596 11131.7 4194.86 3296.89 897.972 6936.81 6358.33 578.474 453.389 251.274
internal_count=25433 412 228 25021 183 24838 1143 690 192 453 344 23695 6074 4884 1190 17621 16883 738 184 498
is_linear=0
shrinkage=0.0971646


Tree=133
num_leaves=31
num_cat=0
split_feature=31 3 3 23 17 15 44 16 1 50 37 1 31 48 50 13 37 23 32 13 15 2 26 22 50 16 50 4 8 50
split_gain=6.18834 3.20879 5.10754 5.79738 7.13985 4.23543 6.8347 4.28923 3.54004 3.14488 6.31371 5.09214 4.21237 3.93386 4.51469 5.7979 3.29318 4.679 3.19443 3.11187 3.00302 3.00041 2.63687 2.34219 1.92503 1.8588 1.2323 1.21614 0.657168 0.654319
threshold=1.5215437778625207 1.7111817045488085 1.973623675966343 26.042620240242147 18.815000000000001 24.705000000000002 0.57124031764349825 26.135000000000002 0.94970904815366264 1.5705949907928076 76.229166666666686 -0.57963529034544103 5.5037818305511097 1006.0018646850926 1.0000000180025095e-35 32.139576170809008 75.595833333333346 15.272773318226742 1.0727666666128182 33.205876421475047 23.665000000000003 0.8977101403255705 13.110873128575745 24.078225751687089 2.1204655664293259 24.895000000000003 2.2726142493667303 1006.013925526553 12.985000000000003 1.7920543577085102
decision_type=2 2 2 2 2 2 2 2 2 2 2 2 2 2 2 2 2 2 2 2 2 2 2 2 2 2 2 2 2 2
left_child=22 9 3 4 29 24 7 -7 -8 13 12 27 18 14 -2 -16 20 -18 -11 -14 -15 -13 -1 -6 25 -4 -26 -12 -24 -3
right_child=1 2 5 -5 23 6 8 -9 -10 10 11 21 19 16 15 -17 17 -19 -20 -21 -22 -23 28 -25 26 -27 -28 -29 -30 -31
leaf_value=0.0056365166202891077 0.014017072424089871 0.003108014354522359 -0.012565470676883144 0.0073181012140942879 -0.0049354100925732827 -0.020339452975584021 0.02006507413486747 0.003368623536251543 -0.0018666468728820297 -0.0047450967215870565 -0.01251405503155054 -0.024815100208784642 0.0041532981013942382 -0.013875093570993311 3.3436623355661896e-06 -0.0025039101042446258 0.011527254880575079 0.0019339630733917624 0.0093287855745677363 -0.074394985202009753 0.00080404333794517439 -0.0024041252614864536 0.035876793394775425 0.021823310359325287 -0.00086956870364099934 -0.012998599900886873 -0.041461390682973581 0.0073804484533158262 -0.005046281250306683 0.0069839742877912626
leaf_weight=254.73267033696175 41.459672212600708 107.70289477705956 75.223850041627884 253.61858347058296 485.45537301898003 339.87342816591263 330.2151962518692 194.72221994400024 168.61765772104263 100.04822936654091 61.394650638103485 237.53124564886093 51.149249166250229 413.57179653644562 4439.6448048651218 1213.9871935546398 269.0735650062561 2451.6923958361149 432.68069034814835 50.585623741149902 1047.2324667274952 137.59797286987305 54.281958162784576 83.368218094110489 79.867364317178726 121.04637831449509 63.509769111871719 94.350737035274506 61.722429007291794 115.19948467612267
leaf_count=121 8 97 103 94 911 252 351 129 200 142 104 226 153 501 11340 1495 211 4797 630 27 2501 111 147 97 78 122 135 123 134 93
internal_value=0.000824337 0.000448939 0.00366284 0.00877411 0.00397036 0 0.0028545 -0.00420184 0.011247 -0.000217138 -0.00500659 -0.0128638 0.000927924 0.000306121 -0.00130581 -0.00161912 0.00260283 0.00462699 0.00502685 -0.0159903 -0.000877417 -0.018994 0.0131991 -0.00113283 -0.00959437 -0.0157951 0 0 0 0.0187242
internal_weight=13831.2 13460.4 2418.42 1045.34 791.726 1373.08 1033.43 534.596 498.833 11042 1165.34 530.875 634.464 9876.66 5695.09 5653.63 4181.57 2720.77 532.729 101.735 1460.8 375.129 370.737 568.824 339.647 196.27 143.377 155.745 116.004 222.902
internal_count=25433 25031 2662 1292 1198 1370 932 381 551 22369 1516 564 952 20853 12843 12835 8010 5008 772 180 3002 337 402 1008 438 225 213 227 281 190
is_linear=0
shrinkage=0.0971646


Tree=134
num_leaves=22
num_cat=0
split_feature=14 46 44 26 38 11 46 31 50 23 18 29 14 3 1 3 11 48 18 10 16
split_gain=6.13037 6.43377 5.74633 3.46709 4.34007 8.36412 8.32112 7.23336 2.86376 3.83949 8.07846 5.47196 4.99516 3.66318 3.49778 3.19241 2.98114 2.78209 4.81642 2.41245 2.34252
threshold=14.175000000000002 1.6917788852033597 1.108005238241369 26.216029304024026 13.804444552019008 28.294126732047584 0.52486180846622166 4.5711909362412895 1.1203805924597869 25.758837843069518 69.037753377984771 5.5243860195748864 19.395000000000003 0.74011711202934205 0.99628894895067466 1.0119966565127723 34.29555675833651 1013.85 83.250000000000014 14.415806789298868 26.633221047400596
decision_type=2 2 2 2 2 2 2 2 2 2 2 2 2 2 2 2 2 2 2 2 2
left_child=1 2 -1 8 5 6 -5 -7 9 12 -11 -12 13 -2 -14 16 20 18 -17 -19 -10
right_child=3 -3 -4 4 -6 7 -8 -9 15 10 11 -13 14 -15 -16 17 -18 19 -20 -21 -22
leaf_value=-0.0047030263449204168 0.0019246540660005208 0.0041426804917428853 0.0014944068805469997 0.0070260751549258921 0.00046030491384079696 -0.0011127254740882588 -0.015205468741199712 -0.010518236624299656 0.023787587089208036 -0.0034400346816095525 -0.016516887395618976 0.027658369147006933 -0.00037068733362439034 -0.025317583462380736 0.012678548098666476 -0.00032161073629180282 -0.0041511350535090334 0.0032280233690235296 0.0084406661422187102 -0.016906954018936996 0.00034134266780686234
leaf_weight=370.03812563419342 331.32524687051773 407.98547247052193 397.42432528734207 228.35504978895187 407.64540967345238 247.88066565990448 291.13360166549683 180.5528529882431 286.4112523496151 232.10149157047272 94.76336795091629 90.30720379948616 4329.8123539984226 645.63506159186363 136.00308242440224 3332.9482979178429 107.70486056804657 145.93604597449303 1021.9564944505692 430.39837801456451 114.83912831544876
leaf_count=139 489 129 144 77 122 117 152 118 534 117 143 66 13189 710 212 5151 164 135 2412 854 259
internal_value=0.000758707 0.0074674 0.0015826 0.000100277 0.00476458 0.000664192 0.00933746 -0.00885507 -0.000422616 -0.00193985 -0.0110151 0.00210886 -0.00116021 -0.00745203 0.000124797 0.00113346 0.00847038 0.00028503 0.00120776 -0.00592087 0.012577
internal_weight=13831.2 1175.45 767.462 12655.7 1355.57 947.922 519.489 428.434 11300.1 5859.95 417.172 185.071 5442.78 976.96 4465.82 5440.19 508.955 4931.24 4354.9 576.334 401.25
internal_count=25433 412 283 25021 586 464 229 235 24435 14926 326 209 14600 1199 13401 9509 957 8552 7563 989 793
is_linear=0
shrinkage=0.0971646


Tree=135
num_leaves=20
num_cat=0
split_feature=14 35 22 28 46 50 44 21 8 23 14 21 21 46 8 37 42 23 46
split_gain=6.85663 6.4422 3.97439 6.11872 4.11043 3.40838 4.14397 3.39053 3.21971 3.19424 3.15316 3.10396 5.25848 3.06038 2.96855 2.85551 2.75416 5.25259 2.00454
threshold=14.175000000000002 4.9963644021429188 24.457786643241025 2.3547692514736758 0.25604479268498415 1.093082008998348 0.18918632374710079 24.068434437715258 8.8804341512853036 11.531433387294726 19.395000000000003 24.447592846911373 23.618307946699762 0.59595720984537015 8.1600000000000037 83.879166666666677 0.51730955534809475 25.641389418276994 1.6917788852033597
decision_type=2 2 2 2 2 2 2 2 2 2 2 2 2 2 2 2 2 2 2
left_child=1 9 4 15 8 6 -6 13 -2 -1 -8 12 -7 -5 -13 16 17 -4 -3
right_child=2 18 3 7 5 11 10 -9 -10 -11 -12 14 -14 -15 -16 -17 -18 -19 -20
leaf_value=-0.00069843257995749015 -0.016728435153892742 0.0024301880043334483 0.021174568461487922 0.011273279160937436 0.026224854324610625 0.00064261566182040948 -0.011302464401250118 -0.0034656213728190919 -0.0020862885257767198 0.0012836947974127501 -0.00061943692065959946 0.0016659641498353419 0.0050592029219649658 0.0020824245365068778 -0.014262337471486126 0.014358386949110465 0.0032541711676652195 -0.060294867963077189 0.0079654714081986711
leaf_weight=373.59141010046005 126.44365841150284 231.69303694367409 81.007519870996475 196.84033447504044 98.905227303504944 4928.2115205824375 908.91352486610413 132.82201519608498 128.98272386193275 348.46701672673225 4594.2923979461193 84.208426803350449 731.54180881381035 247.21778246760368 108.61482346057892 91.791524797677994 77.632675737142563 118.28388097882271 221.69645962119102
leaf_count=83 165 107 166 135 162 8669 1113 130 31 145 12722 187 853 167 109 168 107 137 77
internal_value=0.000982865 0.00808593 0.000287668 0.00634946 -0.000166893 6.94954e-05 -0.00160394 0.0127131 -0.0122968 0.00169638 -0.00203204 0.00174419 0.00222119 0.0167702 -0.00989671 -0.00248105 -0.0082949 -0.0148285 0.0172486
internal_weight=13831.2 1175.45 12655.7 945.596 11710.1 11454.7 5602.11 576.88 255.426 722.058 5503.21 5852.58 5659.75 444.058 192.823 368.716 276.924 199.291 453.389
internal_count=25433 412 25021 1010 24011 23815 13997 432 196 228 13835 9818 9522 302 296 578 410 303 184
is_linear=0
shrinkage=0.0971646


Tree=136
num_leaves=22
num_cat=0
split_feature=14 18 39 7 26 45 38 12 47 26 3 2 2 46 2 14 25 1 22 1 34
split_gain=6.51421 4.96256 8.35851 8.07127 4.19259 6.55594 7.29257 5.67369 5.41312 3.1487 6.16166 4.23445 5.33838 3.99287 3.0491 4.93016 10.338 6.22444 3.34967 9.09477 4.83708
threshold=14.175000000000002 97.250000000000014 67.411234567516615 8.4950000000000028 26.216029304024026 24.139986055214081 12.6517396093752 28.709751892285038 453.94666666666689 25.756898875788952 2.2701211501957572 -0.73249407161357893 -0.97977524092899326 0.66718361097411483 -0.035799243486829127 33.605000000000011 23.115599848977222 0.92263100495486405 16.788738343938206 1.0000000180025095e-35 19.696250000000003
decision_type=2 2 2 2 2 2 2 2 2 2 2 2 2 2 2 2 2 2 2 2 2
left_child=1 2 -1 -4 9 8 7 -7 -6 14 11 12 -11 -13 15 17 -17 -2 19 -16 -20
right_child=4 -3 3 -5 5 6 -8 -9 -10 10 -12 13 -14 -15 18 16 -18 -19 20 -21 -22
leaf_value=0.0075969571515174363 0.0033488289594933653 -0.0001088644519619736 0.0012777250503309132 -0.021545047368775529 0.0040247896958645743 -0.021126243794014309 0.0097574216129209627 -0.00021456457334968228 0.0011543685406810848 -0.0054263049735904564 0.0044203851938241188 -0.011831138482867537 0.0018961725369582396 -0.0015257654861084303 0.014868138856945884 0.00019730539489830952 -0.028772669259279453 0.032792463757084632 -0.037808702913725234 -0.0021910761637487881 -0.0055888570467652133
leaf_weight=307.74069958925247 3319.4282215833664 273.29161250591278 318.34519338607788 276.07041791081429 282.39039754867554 196.36573728919029 202.50537550449371 155.20704001188278 519.09902942180634 119.26150807738304 130.87602818012238 229.75250637531281 196.9137649834156 118.32717606425285 599.1452009677887 733.55541235208511 195.49442762136459 366.12550610303879 129.83009257912636 2388.5101017057896 2772.9223192036152
leaf_count=111 9513 105 116 80 130 139 76 78 163 87 50 183 168 112 899 508 98 863 205 4020 7729
internal_value=0.000891084 0.00781166 0.0037117 -0.00241071 0.000212897 0.00533381 -0.00216053 -0.0112191 0.0110339 -0.000364909 -0.00625364 -0.0103974 -0.000759292 -0.0178552 4.18612e-05 0.00195032 -0.0041567 0.00360759 -0.00138106 0.000786182 -0.00375707
internal_weight=13831.2 1175.45 902.156 594.416 12655.7 1355.57 554.078 351.573 801.489 11300.1 795.131 664.255 316.175 348.08 10505 4614.6 929.05 3685.55 5890.41 2987.66 2902.75
internal_count=25433 412 307 196 25021 586 293 217 293 24435 600 550 255 295 23835 10982 606 10376 12853 4919 7934
is_linear=0
shrinkage=0.0971646


Tree=137
num_leaves=19
num_cat=0
split_feature=14 18 37 47 43 42 3 9 6 2 2 48 14 9 31 35 38 50
split_gain=5.72178 5.20967 5.95311 4.38524 7.28178 3.1511 3.79866 2.96557 2.88437 2.95477 4.60176 3.98566 2.7639 2.6215 4.9427 3.44437 1.47523 0.811388
threshold=14.175000000000002 97.250000000000014 79.22083333333336 684.40166666666676 22.112108371212191 0.71205640366038869 1.8827929795039908 1.1529689568264774 -1.4005795416588087 -0.035799243486829127 -0.080834334404279909 1007.2066017247435 37.015000000000008 1.1529689568264774 1.7630394162649512 1.8650010441308138 15.967935436971272 1.0404262020794539
decision_type=2 2 2 2 2 2 2 2 2 2 2 2 2 2 2 2 2 2
left_child=1 2 -1 8 5 12 7 -7 -2 10 11 -10 16 15 -15 -11 -5 -12
right_child=3 -3 -4 4 -6 6 -8 -9 9 13 17 -13 -14 14 -16 -17 -18 -19
leaf_value=0.0046015916565200193 -0.0051986849993199899 -9.8286679151916753e-05 -0.0010558880220170603 0.01321796240701591 0.0025299188707878996 0.0019405279680632689 0.031652030296746861 -0.0016972901209822821 -0.00065294028168042927 -0.023303857663565738 0.066994615103550523 0.0020554993124783927 -0.019906110445906181 0.007770987618976515 -0.0097758131652732096 0.00053001007942899336 -0.017965543921407281 0.00947168053712686
leaf_weight=476.3387336730957 148.29783248901367 273.29161250591278 425.81757721304893 93.911135882139206 520.18024536967278 204.1435395181179 103.75005799531937 135.26421630382538 3591.429801762104 228.54279744625092 68.278022766113281 1753.5544458925724 80.000971585512161 196.05830749869347 1440.228041946888 3870.6035588979721 179.46367797255516 42.003192245960236
leaf_count=161 32 105 146 75 155 261 73 63 8616 627 127 2675 41 200 2342 9254 379 101
internal_value=0.00107358 0.00757234 0.00340013 0.000434614 0.0057446 0 0.00533629 0 -0.000145727 0 0.00165251 0.00115648 -0.00691573 -0.00150458 -0.0047963 -8.40239e-05 -0.000533101 0.021259
internal_weight=13831.2 1175.45 902.156 12655.7 1316.71 796.534 443.158 339.408 11339 11190.7 5455.27 5344.98 353.376 5735.43 1636.29 4099.15 273.375 110.281
internal_count=25433 412 307 25021 1047 892 397 324 23974 23942 11519 11291 495 12423 2542 9881 454 228
is_linear=0
shrinkage=0.0971646


Tree=138
num_leaves=22
num_cat=0
split_feature=23 23 14 44 50 8 13 46 39 19 5 43 24 1 9 46 19 46 13 36 32
split_gain=6.02857 11.3419 6.13338 7.98564 5.53058 5.3084 6.67625 6.18049 5.04944 4.7758 4.26173 4.19306 4.01904 3.46485 3.30866 4.51457 5.1811 4.75366 3.46522 2.68773 1.95322
threshold=26.042620240242147 25.758837843069518 15.385000000000003 0.78890066979518392 0.9824975984840143 9.7900000000000027 38.863542949614846 0.63902132742073892 80.18958333333336 24.214029325036716 0.98296291314453421 23.40853504443368 24.697003276406555 0.46459913687673576 0.43093601213973726 1.4185178011072332 13.200672797430531 2.4144526585669523 38.863542949614846 7.0732359402660165 3.4746512785040373
decision_type=2 2 2 2 2 2 2 2 2 2 2 2 2 2 2 2 2 2 2 2 2
left_child=1 2 3 -1 -5 6 7 9 13 -2 -6 -7 -10 -3 18 16 -16 -17 20 -11 -4
right_child=5 8 14 4 10 11 -8 -9 12 19 -12 -13 -14 -15 15 17 -18 -19 -20 -21 -22
leaf_value=-0.015336093083426048 -0.007833770457511588 -0.017585811805374586 -0.00037568518902325094 -0.0037102253836605232 0.003661305323575345 0.0062368706690927667 -0.0019521519191076056 0.020541300695220928 -0.03466669823003838 -0.064415426068141837 -0.0013085677727508779 0.00082919237360337423 0.0019811114324009434 -0.0077105465742988676 0.034128717851479737 -0.0077634354377880471 -0.00071985516169165967 0.0046657084648647883 0.019651569624382945 -0.0052792396221338989 0.0081985951306718357
leaf_weight=331.71550181508064 234.72837609052658 118.65291246771812 5911.7499583661556 321.88212391734123 968.01519638299942 313.80632898211479 328.85954594612122 299.22368317842484 90.354665458202362 137.02424931526184 262.8751226067543 326.527776658535 104.08996921777725 120.35407119989395 180.73022511601448 803.74411228299141 2043.5812888741493 198.21549984812737 116.38303723931313 200.48551774024963 498.19329863786697
leaf_count=152 101 137 16734 119 444 93 111 167 93 136 91 100 110 63 208 1069 3978 347 63 105 1141
internal_value=0.000671005 -8.46558e-05 0.000456388 0.00554519 0.00859791 0.00584997 0.00161516 0.00636391 -0.0154913 0 0.011612 0.0130803 -0.00135964 -0.0250653 -0.000484579 -0.00305456 -0.000407868 -0.00848671 0.000721346 0.00778786 0.000347608
internal_weight=13911.2 12070.5 11637.1 1884.49 1552.77 1840.66 1200.32 871.462 433.452 572.238 1230.89 640.334 194.445 239.007 9752.6 3226.27 2224.31 1001.96 6526.33 337.51 6409.94
internal_count=25562 24749 24346 806 654 813 620 509 403 342 535 193 203 200 23540 5602 4186 1416 17938 241 17875
is_linear=0
shrinkage=0.0971646


Tree=139
num_leaves=26
num_cat=0
split_feature=23 37 22 34 1 40 30 11 3 34 27 11 31 30 30 40 23 48 19 18 17 32 47 26 44
split_gain=3.39316 7.01276 4.93334 5.66124 4.95186 6.47423 8.98392 4.7325 4.37523 6.75277 5.70182 3.90582 3.40929 3.38331 4.31255 3.84164 3.22267 3.54853 2.65531 4.58898 3.0984 1.89569 1.39238 1.02918 0.187416
threshold=26.042620240242147 66.312500000000014 16.788738343938206 19.696250000000003 1.0000000180025095e-35 18.108939408761376 23.222056121709695 17.383446993842924 1.312340330845452 27.259375000000006 0.48925280692556911 34.013043876353301 4.7215297131547871 20.112456639047842 20.987732571565022 14.632089195448783 25.758837843069518 1006.8117183248263 24.139374594591505 63.539963495410326 23.955000000000002 2.3311974747438349 37.752500000000047 25.526194613454845 0.90384271876010691
decision_type=2 2 2 2 2 2 2 2 2 2 2 2 2 2 2 2 2 2 2 2 2 2 2 2 2
left_child=2 -2 4 22 5 6 7 -1 9 -3 -11 12 -10 -6 24 -16 18 23 20 -20 -5 -19 -4 -18 -15
right_child=1 8 3 16 13 -7 -8 -9 11 10 -12 -13 -14 14 15 -17 17 21 19 -21 -22 -23 -24 -25 -26
leaf_value=-0.00044481923838206571 0.013830929015259152 0.0029133457622534725 -0.043856327151875971 0.0035207271964788475 -0.019804903506103477 0.0024981205558434125 -0.051320248436645344 0.031048271291092399 0.0036761637419382071 -0.0037476581669981259 0.00013315074938175458 0.010684031279320154 -0.0012617467166371587 0.028502223948265598 -0.013788915428287611 0.0008626795686086776 -0.0096424486406826437 0.0013742316608448806 0.027862696667522033 0.0031024649602524293 -0.0027640062043356277 -0.012245952937227134 -0.016106996425267871 -0.034496391031340119 0.00098243806887238347
leaf_weight=306.21464616060257 195.37834984064102 235.59319689869881 71.058361738920212 2016.9563027918339 162.57694280147552 179.24998879432678 100.5907629430294 320.72539332509041 283.60145452618599 298.63402098417282 196.98902463912964 336.21607664227486 294.24335438013077 72.491521745920181 389.17010924220085 3253.8249354362488 72.344838380813599 128.91742062568665 71.925846010446548 402.77499207854271 4159.1028560101986 128.19951283931732 59.155021876096725 103.98984649777412 71.267684131860733
leaf_count=326 92 131 51 6614 168 130 31 514 98 174 74 132 112 121 503 4235 106 115 33 1043 10358 61 152 121 67
internal_value=0.000658023 0.00454289 2.92849e-05 -0.00154606 0.00245701 0.00897274 0.00413942 0.00896825 0.00216784 -0.00303427 -0.0098907 0.00679099 0.00110549 0.000847324 0.0015414 0.000760112 -0.00110879 -0.00925821 -0.000509593 0.00634139 -0.00110806 -0.000185113 -0.021571 -0.0198837 0.0180116
internal_weight=13911.2 1840.66 12070.5 7214.42 4856.11 906.781 727.531 626.94 1645.28 731.216 495.623 914.061 577.845 3949.33 3786.75 3643 7084.21 433.452 6650.76 474.701 6176.06 257.117 130.213 176.335 143.759
internal_count=25562 813 24749 18654 6095 1001 871 840 721 379 248 342 210 5094 4926 4738 18451 403 18048 1076 16972 176 203 227 188
is_linear=0
shrinkage=0.0971646


Tree=140
num_leaves=16
num_cat=0
split_feature=14 44 11 0 0 0 42 50 6 44 40 48 43 12 42
split_gain=4.28171 7.65135 4.72875 3.41355 2.75822 3.47929 3.44063 3.95778 3.6758 2.99464 2.61163 2.2838 1.72992 0.920879 0.772922
threshold=14.175000000000002 0.84857309183289586 20.011623322617972 -1.1399058548121299 0.31796442756086651 0.51649505769691106 1.0000000180025095e-35 3.1450000000000005 -1.1226035809116242 1.7403685464140495 14.632089195448783 929.35000000000002 15.171783564573735 26.381926282691413 0.63344970573629344
decision_type=2 2 2 2 2 2 2 2 2 2 2 2 2 2 2
left_child=1 -1 -3 -2 6 11 -5 8 -8 10 -7 13 -13 -6 -4
right_child=3 2 14 4 5 9 7 -9 -10 -11 -12 12 -14 -15 -16
leaf_value=-0.0041311910654262219 0.025057719447451301 -0.0010698740658679298 0.0034004982484815236 0.0025843932898380758 0.01698767986316032 -0.0028346737684451593 0.0019967340619600231 -0.022180749640819435 0.00027477124967892498 -0.014844281113840367 0.0046211580553225428 0.010971794189628251 -0.020507960690563296 -0.0073512193567333312 0.0027084892850046272
leaf_weight=258.59799045324326 89.660423517227173 337.65148529410362 302.77846178412437 173.89738845825195 158.91682901978493 1435.62505620718 205.63410830497742 61.761469334363937 8246.0520567297935 149.39369738101959 1461.7535391449928 62.638179540634155 473.387222468853 195.69047114253044 297.75408256053925
leaf_count=97 17 134 94 36 385 3965 43 83 15801 156 2971 152 1094 451 83
internal_value=0.000519191 0.00606782 0.0103431 0 -0.000140746 -0.00230133 0.000789855 0.000459107 0.000691315 -0.000583761 0 -0.00767771 -0.011733 -0.000307296 0.0155178
internal_weight=13911.2 1196.78 938.184 12714.4 12624.8 3937.4 8687.35 8513.45 8451.69 3046.77 2897.38 890.633 536.025 354.607 600.533
internal_count=25562 408 311 25154 25137 9174 15963 15927 15844 7092 6936 2082 1246 836 177
is_linear=0
shrinkage=0.0971646


Tree=141
num_leaves=15
num_cat=0
split_feature=14 47 44 33 1 42 0 13 46 27 13 43 26 49
split_gain=4.23191 7.33754 7.2975 4.58909 4.3514 3.77365 4.07199 3.70384 3.24292 3.37844 4.27473 3.36068 6.4274 3.6586
threshold=15.385000000000003 2.8999999999999813 0.78890066979518392 2.6959593072264538 0.22543074652937647 1.0000000180025095e-35 -1.1399058548121299 22.701050591901865 0.48572039384382165 -1.0000000180025095e-35 38.863542949614846 24.231482382040124 26.216029304024026 1008.9012369055591
decision_type=2 2 2 2 2 2 2 2 2 2 2 2 2 2
left_child=1 2 -1 -4 -5 -2 -7 -6 11 -10 -11 12 -8 -13
right_child=5 -3 3 4 7 6 8 -9 9 10 -12 13 -14 -15
leaf_value=-0.01932536305903498 0.0024702986565101315 0.016999316744247768 -0.00084845297113237631 0.0020501142410650295 -0.0019973656942246236 0.022622995727472638 0.0014736575633955472 0.0034406750029913119 0.0014705087461148161 -0.00060447797062011647 -0.0022597975029949027 5.1235654800176964e-05 0.0031714183494607803 -0.031644816255960564
leaf_weight=283.5086717903614 230.76954388618469 220.59032973647118 535.50408101081848 327.54718270897865 260.97998034954071 77.660423517227173 1215.4267272055149 256.35769912600517 96.492657661437988 9124.6182124912739 721.03420594334602 169.33811429142952 314.72021487355232 76.644416749477386
leaf_count=101 48 188 167 143 106 15 2341 101 20 21549 273 344 105 61
internal_value=0.000611103 0.00489044 0.00237459 0.00550378 0.0100046 -2.50134e-05 -0.000302553 0.00337792 -0.000487823 -0.00120276 -0.00142231 0.00326954 0.00512553 -0.00648441
internal_weight=13911.2 1884.49 1663.9 1380.39 844.885 12026.7 11795.9 517.338 11718.3 9942.15 9845.65 1776.13 1530.15 245.983
internal_count=25562 806 618 517 350 24756 24708 207 24693 21842 21822 2851 2446 405
is_linear=0
shrinkage=0.0971646


Tree=142
num_leaves=21
num_cat=0
split_feature=42 14 50 42 48 35 40 46 6 43 21 43 27 7 17 50 41 27 40 12
split_gain=3.36264 3.16643 6.25731 4.53339 8.25387 4.80534 4.11667 3.14922 5.17619 6.02105 4.60734 6.26699 5.36886 4.29371 3.93258 3.89281 3.64721 2.67214 2.54051 2.30413
threshold=1.0000000180025095e-35 15.385000000000003 1.7528977196985442 0.61351499982227353 928.25000000000011 4.9344309192199622 17.109159075608847 0.48572039384382165 -0.55666255846072532 22.934231287850107 24.068434437715258 24.231482382040124 -1.0000000180025095e-35 11.045000000000003 31.005000000000006 3.1450000000000005 24.381455515080486 0.76584722451991516 11.655176665596839 26.266015886474111
decision_type=2 2 2 2 2 2 2 2 2 2 2 2 2 2 2 2 2 2 2 2
left_child=-1 2 3 4 -2 -5 -6 8 9 19 12 14 -9 17 -12 -14 -11 -10 -13 -3
right_child=1 7 -4 5 6 -7 -8 10 13 16 11 18 15 -15 -16 -17 -18 -19 -20 -21
leaf_value=0.0022302730329870845 -0.0037422867287947715 0.022892066587723792 0.0025774534147684582 -0.0036590943690096426 0.0017221520247562277 0.004182148870683966 0.0079228466232857606 0.0052919165823834182 -0.003799436474812986 0.010971370012808852 -0.01278490917030355 -0.0035773923790984679 -0.00025349612936566957 0.025845322159094498 -0.012315606892902673 -0.020171973495326009 -0.00063952358403945387 0.0031849030695757226 0.0076863038300908322 -0.0082918987511599977
leaf_weight=230.76954388618469 242.39398396015167 70.270798444747925 321.85295689105988 487.97998061776161 286.64676448702812 263.76187393069267 281.85238483548164 96.749984741210938 526.80959191918373 594.57300442457199 199.62417104840279 141.63101863861084 9196.5699243545532 71.134652018547058 196.14535868167877 50.521831423044205 128.20480388402939 311.16782051324844 102.5632107257843 109.9688019156456
leaf_count=48 95 131 121 165 147 132 146 20 989 558 659 306 20492 40 102 78 84 962 194 93
internal_value=0.000550515 0.000320904 0.00402935 0.00117894 0.00641278 -0.00390435 0.0130793 -0.000236255 0.00343704 0.00870607 -0.000946546 -0.00893163 -0.000351295 -0.00134024 -0.0165832 -0.00063785 0.0128533 -0.0037455 0.00179382 -0.0055341
internal_weight=13911.2 13680.4 1884.49 1562.63 810.893 751.742 568.499 11795.9 1812.13 903.017 9983.81 639.964 9343.84 909.112 395.77 9247.09 722.778 837.977 244.194 180.24
internal_count=25562 25514 806 685 388 297 293 24708 2857 866 21851 1261 20590 1991 761 20570 642 1951 500 224
is_linear=0
shrinkage=0.0971646


Tree=143
num_leaves=24
num_cat=0
split_feature=42 29 14 46 35 40 9 22 1 30 34 9 26 31 46 34 32 4 49 2 14 44 36
split_gain=3.4692 2.8016 4.54795 3.55094 8.73476 6.33529 6.01554 4.49276 5.52376 4.1277 3.05633 4.53789 3.0149 6.35261 3.46942 1.87479 1.64199 1.23775 2.40847 4.97945 2.39992 1.76384 0.854948
threshold=1.0000000180025095e-35 1.4531291246384181 14.175000000000002 1.5349552494016165 4.3134244018682759 14.36736785380557 -0.63467164398529075 15.742696347064612 0.021515898191483886 20.112456639047842 19.19166666666667 0.86860577749784629 26.216029304024026 4.9639726894213041 0.32765725037731064 20.649791666666673 1.2143173665065776 927.6500000000002 927.25000000000011 0.93834263341299773 17.015000000000004 1.265479033085134 3.1179587339578059
decision_type=2 2 2 2 2 2 2 2 2 2 2 2 2 2 2 2 2 2 2 2 2 2 2
left_child=-1 2 -2 7 5 15 -7 8 16 -10 -6 -12 14 -14 -9 -5 -3 18 19 -4 21 -19 -22
right_child=1 3 17 4 10 6 -8 12 9 -11 11 -13 13 -15 -16 -17 -18 20 -20 -21 22 -23 -24
leaf_value=0.0020135694073109452 0.0023120440978228914 0.0072462148356198094 -0.017260352457204652 0.054947795993624385 0.013190683050913411 -0.01202185162651182 -0.040320504274424171 -0.0029667053662922453 -0.024686918658184176 0.0023705255803036277 0.003377670237130803 -0.0016622959434873057 0.011520183926523547 -0.00025621487536505892 -0.00062267418321797414 -0.00793574062916335 0.032879727559138178 0.00426621063753944 -0.0078676551898432881 0.05899747436814564 0.0097834568180577078 0.0069081141854787746 -0.016563508385781758
leaf_weight=230.76954388618469 454.31624609231949 187.16888380050659 201.64041358232498 56.511222243309021 120.63854742050171 168.95995360612869 194.49894747138023 315.52751043438911 94.753870904445648 1034.619854092598 932.86577236652374 693.26706826686859 534.3626763522625 729.5938393175602 7039.7612756490707 77.997430175542831 152.11041155457497 153.14118722081184 99.345755100250244 43.687713593244553 136.08395555615425 108.14974421262741 151.42063844203949
leaf_count=48 159 180 448 101 93 364 114 522 88 1268 2107 624 276 291 17276 163 255 138 120 56 389 74 408
internal_value=0.000393979 0.000161728 0.00438185 -0.000265832 -0.00378027 -0.0151144 -0.0218061 0.000474796 0.005454 0.00174256 -0.000284883 -0.00163889 -0.000325732 0.00397978 -0.00112492 0 0.016438 0 -0.00417941 0 0.00318925 0.010181 -0.00173563
internal_weight=13911.2 13680.4 1347.79 12332.6 2244.74 497.968 363.459 10087.9 1468.65 1129.37 1746.77 1626.13 8619.25 1263.96 7355.29 134.509 339.279 893.469 344.674 245.328 548.796 261.291 287.505
internal_count=25562 25514 1792 23722 3566 742 478 20156 1791 1356 2824 2731 18365 567 17798 264 435 1633 624 504 1009 212 797
is_linear=0
shrinkage=0.0971646


Tree=144
num_leaves=21
num_cat=0
split_feature=26 48 31 13 46 8 3 45 4 4 50 9 50 23 20 10 35 22 42 50
split_gain=5.39927 6.48522 11.8547 7.10323 5.47502 5.19598 5.00414 4.85132 4.49374 3.72127 3.61826 5.01991 3.08281 2.7804 2.76882 2.73422 2.34808 1.94986 1.77386 1.07372
threshold=14.695340654494862 928.85000000000002 4.612625996214474 22.538469547995692 1.7276190612491804 12.874654417382951 2.0050000000000003 24.615945353887408 933.35000000000002 1020.0500000000001 0.21500000000000002 1.6607190440882376 3.1450000000000005 24.15561191073969 23.940651511289307 25.116462902817016 5.8282299814405389 24.694262238614282 0.48620607016316325 1.4550000000000003
decision_type=2 2 2 2 2 2 2 2 2 2 2 2 2 2 2 2 2 2 2 2
left_child=1 4 3 19 5 -1 16 9 15 10 11 13 14 -2 -12 -5 -6 -9 -18 -3
right_child=7 2 -4 8 6 -7 -8 17 -10 -11 12 -13 -14 -15 -16 -17 18 -19 -20 -21
leaf_value=8.6864454165889553e-07 0.027730702775120825 0.017675262267873845 -0.010053971687869439 0.019135499666038332 0.015162330811282158 -0.018579627287133225 -0.0043720913062115256 0.00841816316184049 -0.0010350953456506448 -0.040890379683199807 0.00054576915908192405 0.014613675078527696 -0.017246051073761717 -0.0202527572196417 -0.0022407650659543015 -0.00011950530247174192 0.0080429461595073245 9.0241757431965139e-06 -0.0010601363813091649 0.0026606407603534952
leaf_weight=212.5826108455658 102.00245320796967 368.19903883337975 179.97693094611168 153.82807800173759 136.80131432414055 196.04298624396324 137.99316561222076 142.28983116149902 249.0113485455513 56.855729013681412 9793.3591125607491 100.40686747431755 70.983058989048004 55.372490614652634 1273.0471203029156 147.90240186452866 71.257198244333267 111.83533743023872 80.248737663030624 141.78332796692848
leaf_count=148 267 250 129 117 101 76 103 121 144 79 21139 77 81 64 2205 67 84 91 104 80
internal_value=0.00140834 0.00599379 0.0104527 0.0145434 -0.000136654 -0.00862446 0.00700861 0.000557513 0.00577234 0.000223171 0.000386878 0.0117147 8.32957e-05 0 0.000253495 0.013951 0.0147247 0.0137863 0.00280581 0.0230943
internal_weight=13781.8 2075.63 1240.7 1060.72 834.926 408.626 426.3 11706.2 550.742 11452 11395.2 257.782 11137.4 157.375 11066.4 301.73 288.307 254.125 151.506 509.982
internal_count=25527 1403 787 658 616 224 392 24124 328 23912 23833 408 23425 331 23344 184 289 212 188 330
is_linear=0
shrinkage=0.0971646


Tree=145
num_leaves=25
num_cat=0
split_feature=14 50 9 48 49 37 27 8 34 46 1 1 31 30 23 28 2 46 13 30 49 30 39 32
split_gain=4.02772 4.66509 4.48619 4.12427 8.35876 8.00624 6.43236 6.03016 5.03056 2.94992 4.91304 7.49283 5.52018 9.65703 7.8264 4.30418 2.75316 2.89748 2.96519 2.66923 5.24162 4.41593 2.50506 0.482763
threshold=15.385000000000003 0.15500000000000003 0.94166357714700066 928.85000000000002 927.25000000000011 75.237500000000026 0.30732900137869801 12.255000000000001 20.649791666666673 0.69442938651754338 0.90149333598846393 0.94970904815366264 4.5711909362412895 34.024942093674163 26.444536322492173 2.3547692514736758 -0.99519835754113484 0.89691172880443337 36.604374338992542 32.577057712730813 1008.9012369055591 31.244308377665558 64.160416666666691 1.5268404187777502
decision_type=2 2 2 2 2 2 2 2 2 2 2 2 2 2 2 2 2 2 2 2 2 2 2 2
left_child=3 2 -2 4 -1 -5 -7 -8 -9 10 12 22 14 -14 -3 -13 17 23 -19 21 -21 -18 -12 -11
right_child=1 9 -4 5 -6 6 7 8 -10 16 11 15 13 -15 -16 -17 19 18 -20 20 -22 -23 -24 -25
leaf_value=0.0037174872049222018 0.0023577094328105174 0.0027576734518472692 0.013193742932493084 0.014100078708482004 -0.0057078449439056014 0.0088627968434329442 -0.016638634612294187 -0.00084280652747385689 -0.0025654466556000507 0.02613439157679712 0.0017030594680916232 0.03204382483032004 -0.00027985143845050947 -0.010721969968175891 0.0056382603132587418 -0.0083667607025934426 -0.0012409560122608983 0.0064018082559511606 0.0016846216150095878 -0.0011114284746056918 -0.090365095145998275 0.010725893203005968 0.032488814744979444 -0.027534743160742156
leaf_weight=251.19440320134163 76.559853196144104 1757.7817151546478 73.342060148715973 322.40473213791847 321.63907051086426 226.064587444067 280.98024970293045 259.26410001516342 173.86669117212296 47.21039155125618 135.79767754673958 106.53043812513351 1531.4636287689209 196.99818557500839 131.54714813828468 136.98937579989433 6498.2669099569321 106.63608157634735 76.951250821352005 341.42732730507851 101.08958098292351 407.61285462975502 167.3506772518158 52.810149133205414
leaf_count=111 160 3553 54 151 117 104 97 115 111 110 78 192 2753 136 51 166 15922 365 22 371 69 528 124 67
internal_value=0.0012205 0.000529109 0.0174396 0.0054803 -0.000691342 0.00861256 0.00350471 -0.000464747 0.00607845 0.000273671 0.00237965 0.0110178 0.000948463 -0.00286641 0.00466304 -1.77737e-05 -0.000820063 0.00833652 0.0158817 -0.00123477 -0.00861369 -0.000696633 0.0211899 -0.00142961
internal_weight=13781.8 11946.4 149.902 1835.41 572.833 1262.58 940.176 714.111 433.131 11796.5 4164.46 546.668 3617.79 1728.46 1889.33 243.52 7632 283.608 183.587 7348.4 442.517 6905.88 303.148 100.021
internal_count=25527 24721 214 806 228 578 427 323 226 24507 7053 560 6493 2889 3604 358 17454 564 387 16890 440 16450 202 177
is_linear=0
shrinkage=0.0971646


Tree=146
num_leaves=16
num_cat=0
split_feature=14 13 10 42 16 34 31 47 48 45 4 44 45 25 19
split_gain=4.09059 4.22427 6.62366 5.45079 5.3885 6.85218 5.2067 3.91977 3.6676 3.49414 3.16114 2.25613 1.89564 3.54973 3.01242
threshold=15.385000000000003 28.09938481094078 26.965567929007097 0.58575698666097187 22.545000000000005 20.649791666666673 3.653126425064888 796.26916666666682 928.85000000000002 24.615945353887408 1006.2057533401686 1.0000000180025095e-35 24.359495824645514 24.174280723701525 24.139374594591505
decision_type=2 2 2 2 2 2 2 2 2 2 2 2 2 2 2
left_child=1 2 3 6 -5 -6 8 9 -1 11 -11 -2 14 -14 -13
right_child=7 -3 -4 4 5 -7 -8 -9 -10 10 -12 12 13 -15 -16
leaf_value=0.0018779517331957516 0.0010874260675492822 -0.0011251953900284397 0.0089362486746052162 -0.0040074815471632698 0.0072099457440841837 -0.0056936928297239191 -0.0025427253624356228 0.015752963844508468 0.022230576458901113 -0.0024815086859973864 0.0087264353558320074 -0.00038119067018046451 0.00033373660943515079 -0.0093069520938648918 0.0021815499080578178
leaf_weight=210.79334351420403 189.28844618797302 201.08592957258224 190.34830442070961 380.06149193644524 223.70245784521103 196.28999480605125 175.28130701184273 248.38653865456581 257.85100507736206 113.2289100587368 140.89625853300095 9857.8684503138065 78.356642544269562 223.94217458367348 1094.397884786129
leaf_count=108 40 55 55 122 103 116 108 156 139 68 144 22545 56 349 1363
internal_value=0.00121267 0.00550458 0.00727058 0.00463015 -0.000219857 0.0067809 0.0112888 0.000516341 0.0166964 0.000221114 0.0114245 0 -0.000208806 -0.00776063 0
internal_weight=13781.8 1835.41 1634.33 1443.98 800.054 419.992 643.926 11946.4 468.644 11698 254.125 11443.9 11254.6 302.299 10952.3
internal_count=25527 806 751 696 341 219 355 24721 247 24565 212 24353 24313 405 23908
is_linear=0
shrinkage=0.0971646


Tree=147
num_leaves=15
num_cat=0
split_feature=50 0 46 46 49 19 35 19 46 29 39 34 50 28
split_gain=4.04349 3.3366 4.13602 3.2132 2.63967 2.39706 3.23306 2.94153 2.58283 2.15439 1.71243 1.65963 1.24649 0.675233
threshold=1.0000000180025095e-35 0.97819815850068503 1.2186724831049809 1.0230648092531933 1019.2500000000001 25.118767796966406 2.5974496613769258 24.868813215897305 0.48572039384382165 2.703679965837201 82.581250000000011 22.360833333333336 1.3333707771617493 2.0234344218754825
decision_type=2 2 2 2 2 2 2 2 2 2 2 2 2 2
left_child=-1 4 3 11 5 7 -7 8 -2 12 -9 -3 -4 -13
right_child=1 2 9 -5 -6 6 -8 10 -10 -11 -12 13 -14 -15
leaf_value=0.0040306716159185232 0.0027390398077263233 0.010534025416623754 0.013632415410496769 -0.0076426720725478806 -0.0092712405333557173 -0.001212769154032408 0.0006257504794482849 -0.020385413934928993 -1.7821448626270438e-05 0.0073783663803031405 -0.0055563339473396712 -0.0085620199682971965 0.0025962551727915805 0.023287414503889148
leaf_weight=68.506493091583252 1782.4565869867802 54.848194241523743 129.13370051980019 127.23444509506226 104.3172921538353 104.13149604201317 146.96117064356804 93.579060167074203 10707.598199039698 99.730218678712845 75.38458377122879 133.27461138367653 127.45424327254295 27.168844759464264
leaf_count=13 2669 62 135 140 173 108 97 109 21207 121 98 480 76 39
internal_value=0.000900743 0.000748265 0.00730745 0 0.000361666 0.000519663 0.00991893 0.000297217 0.000503734 0.0145936 -0.0122295 0.00687144 0.019317 0
internal_weight=13781.8 13713.3 698.844 342.526 13014.4 12910.1 251.093 12659 12490.1 356.318 168.964 215.292 256.588 160.443
internal_count=25527 25514 1053 721 24461 24288 205 24083 23876 332 207 581 211 519
is_linear=0
shrinkage=0.0971646


Tree=148
num_leaves=29
num_cat=0
split_feature=18 43 10 9 10 34 15 40 38 20 10 36 32 8 49 32 43 34 39 18 30 40 40 36 38 46 34 30
split_gain=3.24961 9.2652 5.64795 4.86191 2.84222 2.61908 2.57981 2.35812 6.83424 3.76093 6.09538 4.51919 2.87795 5.25676 5.44976 4.08376 4.80512 3.58201 2.28879 1.82491 4.0021 1.58739 0.999574 0.962207 0.900938 0.637549 0.479041 0.437625
threshold=98.65000000000002 14.154946110391311 15.808010056646935 -3.401451734271292 14.879071274057454 19.19166666666667 20.365000000000006 9.6749330492883789 10.118657759224435 23.510738374267984 34.916499860308157 8.0480846573083564 1.0371893108849248 9.2150000000000016 929.95000000000016 1.4207961372743043 24.303388519909721 17.790416666666669 79.810007406095181 94.950000000000017 20.87480432173545 17.109159075608847 14.305647764804862 6.7284222998094254 5.8473640784969865 0.89691172880443337 23.852916666666669 19.315319142496772
decision_type=2 2 2 2 2 2 2 2 2 2 2 2 2 2 2 2 2 2 2 2 2 2 2 2 2 2 2 2
left_child=4 -2 3 27 5 -1 -4 8 9 10 -6 -11 13 18 -15 17 -17 -14 -9 22 -21 -5 -7 -10 26 -26 -8 -3
right_child=1 2 6 21 7 19 24 12 23 11 -12 -13 15 14 -16 16 -18 -19 -20 20 -22 -23 -24 -25 25 -27 -28 -29
leaf_value=-0.022706901555858493 -0.00011941439498811316 0.011372409485106386 -0.011078146408339618 0.024754426156917531 0.0022538787789505108 -0.010060575664562452 -0.034710360363059009 -0.026656389735511751 0.026429020818392056 0.00025156687805606205 0.030874510519624695 -0.018331359542916294 -0.0044525487423875089 0.0018128239010375407 0.011099919371666132 -3.9523983670689378e-05 0.0058839463645117412 -0.0022566632952118969 0.0011193594263918332 0.0030568608548281495 -0.045777878076054254 0.0023191309903685896 0.039908513921010462 0.065988879813625376 0.021239132343162714 -0.0034716136882373895 0.0016885256040528609 -0.040062394853306614
leaf_weight=133.9779794216156 120.19623792171478 55.246746480464935 143.37104934453964 131.27486631274223 398.55166205763817 45.692650616168976 55.737487316131592 268.21354046463966 99.506230562925339 474.26406648755074 90.751457214355469 97.20083212852478 208.75242674350739 866.84375649690628 777.1422626376152 6482.6115397512913 304.03360962867737 1419.6590037941933 795.53964537382126 79.863081485033035 74.712672144174576 116.1846829354763 63.545952945947647 111.81754496693611 109.35257393121719 132.34234288334846 39.827313929796219 85.565923869609833
leaf_count=70 40 112 94 187 1185 90 181 751 123 1260 34 92 71 1516 1155 11218 242 2915 2626 119 67 82 112 89 405 404 157 130
internal_value=0.000828042 0.00621439 0.00213888 0.0111332 0.000376871 -0.00759257 -0.00426874 0.000668834 0.00464134 0.00101298 0.00755124 -0.00385261 0.00017502 0.00295843 0.00646404 -0.000670649 0.000319673 -0.00505254 -0.00206224 -0.000213501 -0.0083673 0.0194095 0.0074375 0.020594 0 0.00355352 -0.00741252 -0.000545476
internal_weight=13781.8 989.099 868.903 388.272 12792.7 397.792 480.631 12394.9 1272.09 1060.77 489.303 571.465 11122.8 2707.74 1643.99 8415.06 6786.65 1628.41 1063.75 263.814 154.576 247.46 109.239 211.324 337.26 241.695 95.5648 140.813
internal_count=25527 1792 1752 511 23735 458 1241 23277 2783 2571 1219 1352 20494 6048 2671 14446 11460 2986 3377 388 186 269 202 212 1147 809 338 242
is_linear=0
shrinkage=0.0971646


Tree=149
num_leaves=29
num_cat=0
split_feature=14 13 1 39 3 7 3 22 49 34 38 10 11 44 19 35 32 1 44 26 24 2 35 26 40 11 40 1
split_gain=3.69352 5.38299 4.23665 8.87546 9.06324 4.69274 2.97294 6.43857 6.55399 6.35536 6.19352 5.45291 7.75858 5.31901 5.04275 9.11161 4.87646 4.55933 4.0034 4.41779 3.87483 2.95715 2.82114 2.6742 2.56943 2.23776 2.21975 1.64203
threshold=15.385000000000003 28.09938481094078 0.021515898191483886 72.918750000000017 1.1850000000000003 9.9036100307231205 1.5750000000000004 24.457786643241025 1008.9012369055591 28.931875000000002 15.179225981883766 36.615661799306324 33.226998869494629 0.25379150053091931 24.073491339387903 4.3669170466583322 1.8454005885327252 -0.7851528467417368 0.45088830995414292 25.756898875788952 25.571332808597635 -0.53253866550971873 1.8650010441308138 26.216029304024026 13.40152151466315 16.537412164188869 17.570792113700382 0.87795195455888941
decision_type=2 2 2 2 2 2 2 2 2 2 2 2 2 2 2 2 2 2 2 2 2 2 2 2 2 2 2 2
left_child=1 2 25 4 -4 -6 11 8 9 13 -11 18 14 -8 15 -13 -9 -10 23 22 -14 -21 -20 27 -19 -1 -5 -2
right_child=6 -3 3 26 5 -7 7 16 17 10 -12 12 20 -15 -16 -17 -18 24 19 21 -22 -23 -24 -25 -26 -27 -28 -29
leaf_value=0.0001268315612546786 0.0020953593775142154 -0.0013095379269542724 0.029840319366909243 -0.0016739512708764984 -0.0018221796485056053 0.0017840925530905577 -0.011754878495709132 0.0019231231847529238 -0.013491945844684917 0.00068389465084679215 0.009726326087528471 -0.0087939339530437154 0.0093321838754389739 0.0030836458432727354 -0.0004479573473596183 -0.00079271615107076034 0.012289982259002552 0.0044825055482596212 -0.02178724760685696 8.9535187681998661e-06 -0.002663878353236347 -0.016903803543310773 -2.2602310350918414e-05 0.019068706084348835 -0.010289797295092303 0.012788566824979346 -0.0096464293519350122 0.026297053105059132
leaf_weight=206.2503947019577 1430.360575735569 201.08592957258224 192.7475857436657 211.2029384970665 237.8823350071907 327.17608428001404 113.95737132430077 171.31280416250229 111.22738978266716 417.00698146224022 222.1424440741539 322.7932060956955 178.32416006922722 814.63522478938103 365.38116377592087 238.26857650279999 136.75323355197906 377.68767759203911 254.8644138276577 74.859777599573135 310.18905952572823 129.58886164426804 5359.0143235623837 172.12960222363472 549.47404915094376 242.246975928545 216.82159045338631 196.39440920948982
leaf_count=94 4244 55 132 88 82 125 135 150 150 314 97 164 80 1535 157 85 55 346 780 83 165 159 14595 115 954 139 91 358
internal_value=0.000627214 0.0046816 0.00668555 0.00315974 0.00971417 0.00260971 0 0.00270015 0.000946849 0.00504397 0.0124767 -0.000867453 -0.00640615 0 -0.0117157 -0.0175824 0.0160083 -0.00482585 0.000107521 -0.00107346 0.00280493 -0.0150715 -0.000479914 0.00415955 -0.00205134 0.0149796 -0.00744147 0.00260805
internal_weight=13781.8 1835.41 1634.33 1185.83 757.806 565.058 11946.4 2914.2 2606.13 1567.74 639.149 9032.17 1414.96 928.593 926.443 561.062 308.066 1038.39 7617.21 5818.33 488.513 204.449 5613.88 1798.88 927.162 448.497 428.025 1626.75
internal_count=25527 806 751 518 339 207 24721 3736 3531 2081 411 20985 651 1670 406 249 205 1450 20334 15617 245 242 15375 4717 1300 233 179 4602
is_linear=0
shrinkage=0.0971646


end of trees

feature_importances:
doy_cos=196
doy_sin=190
temp_c_lag1h=186
local_hour_cos=161
temp_c_lag24h=146
dewpoint_c_roll24h_std=130
solar_wm2_roll6h_mean=119
heat_index_c_roll24h_std=106
pressure_hpa_lag1h=99
temp_c_roll24h_mean=98
rh_roll24h_mean=93
heat_index_c_lag1h=92
wind_ms=91
rh_roll24h_std=91
wind_ms_lag1h=88
heat_index_c_lag24h=87
pressure_hpa_lag6h=87
temp_c_roll24h_std=85
wbgt_stull_c_lag1h=84
dewpoint_c_roll6h_std=83
temp_range_24h=82
pressure_hpa=81
rh_lag24h=81
heat_index_c_roll24h_mean=81
hi_residual_lag1h=80
dewpoint_c_roll12h_std=68
dewpoint_c_roll24h_mean=68
heat_index_c_roll6h_std=66
temp_c_roll6h_std=66
wbgt_stull_c_lag24h=65
local_hour_sin=55
dewpoint_c_lag1h=52
vpd_kpa_lag12h=51
rh_roll6h_std=51
hour_cos=48
heat_index_c_lag6h=48
dewpoint_c_roll12h_mean=46
dewpoint_c_lag24h=45
wbgt_stull_c_lag6h=42
heat_index_c_roll12h_std=42
dewpoint_c_lag12h=40
wbgt_stull_c_lag12h=39
heat_index_c_lag12h=38
diurnal_amplitude_12h=35
rh_roll12h_mean=35
temp_c_lag6h=34
temp_c_lag12h=33
rh_roll12h_std=33
temp_c_roll12h_std=29
dewpoint_c_lag6h=25
dewpoint_c_roll6h_mean=22

parameters:
[boosting: gbdt]
[objective: quantile]
[metric: quantile]
[tree_learner: serial]
[device_type: cpu]
[data_sample_strategy: bagging]
[data: ]
[valid: ]
[num_iterations: 150]
[learning_rate: 0.0971646]
[num_leaves: 222]
[num_threads: 2]
[seed: 7]
[deterministic: 0]
[force_col_wise: 0]
[force_row_wise: 0]
[histogram_pool_size: -1]
[max_depth: 6]
[min_data_in_leaf: 88]
[min_sum_hessian_in_leaf: 0.0100401]
[bagging_fraction: 0.751669]
[pos_bagging_fraction: 1]
[neg_bagging_fraction: 1]
[bagging_freq: 6]
[bagging_seed: 17422]
[bagging_by_query: 0]
[feature_fraction: 0.798887]
[feature_fraction_bynode: 1]
[feature_fraction_seed: 7040]
[extra_trees: 0]
[extra_seed: 6516]
[early_stopping_round: 0]
[early_stopping_min_delta: 0]
[first_metric_only: 0]
[max_delta_step: 0]
[lambda_l1: 4.39198]
[lambda_l2: 3.00231]
[linear_lambda: 0]
[min_gain_to_split: 0]
[drop_rate: 0.1]
[max_drop: 50]
[skip_drop: 0.5]
[xgboost_dart_mode: 0]
[uniform_drop: 0]
[drop_seed: 15215]
[top_rate: 0.2]
[other_rate: 0.1]
[min_data_per_group: 100]
[max_cat_threshold: 32]
[cat_l2: 10]
[cat_smooth: 10]
[max_cat_to_onehot: 4]
[top_k: 20]
[monotone_constraints: ]
[monotone_constraints_method: basic]
[monotone_penalty: 0]
[feature_contri: ]
[forcedsplits_filename: ]
[refit_decay_rate: 0.9]
[cegb_tradeoff: 1]
[cegb_penalty_split: 0]
[cegb_penalty_feature_lazy: ]
[cegb_penalty_feature_coupled: ]
[path_smooth: 0]
[interaction_constraints: ]
[verbosity: -1]
[saved_feature_importance_type: 0]
[use_quantized_grad: 0]
[num_grad_quant_bins: 4]
[quant_train_renew_leaf: 0]
[stochastic_rounding: 1]
[linear_tree: 0]
[max_bin: 127]
[max_bin_by_feature: ]
[min_data_in_bin: 3]
[bin_construct_sample_cnt: 200000]
[data_random_seed: 61]
[is_enable_sparse: 1]
[enable_bundle: 1]
[use_missing: 1]
[zero_as_missing: 0]
[feature_pre_filter: 1]
[pre_partition: 0]
[two_round: 0]
[header: 0]
[label_column: ]
[weight_column: ]
[group_column: ]
[ignore_column: ]
[categorical_feature: ]
[forcedbins_filename: ]
[precise_float_parser: 0]
[parser_config_file: ]
[objective_seed: 15521]
[num_class: 1]
[is_unbalance: 0]
[scale_pos_weight: 1]
[sigmoid: 1]
[boost_from_average: 1]
[reg_sqrt: 0]
[alpha: 0.5]
[fair_c: 1]
[poisson_max_delta_step: 0.7]
[tweedie_variance_power: 1.5]
[lambdarank_truncation_level: 30]
[lambdarank_norm: 1]
[label_gain: ]
[lambdarank_position_bias_regularization: 0]
[eval_at: ]
[multi_error_top_k: 1]
[auc_mu_weights: ]
[num_machines: 1]
[local_listen_port: 12400]
[time_out: 120]
[machine_list_filename: ]
[machines: ]
[gpu_platform_id: -1]
[gpu_device_id: -1]
[gpu_use_dp: 0]
[num_gpu: 1]

end of parameters

pandas_categorical:[]
